,t,x,y
0,0.0,8.620693408551073,12.653492829988705
1,0.01,9.020944581601121,12.155304501407173
2,0.02,9.175398942077873,13.48404055294628
3,0.03,9.320066232379117,11.948688279870138
4,0.04,9.306096543167442,12.06333475392086
5,0.05,9.091622529684653,14.375473012417322
6,0.06,9.739255375491435,12.031006497362725
7,0.07,9.88859036110032,15.222006062553385
8,0.08,9.428482478389286,13.012964636256703
9,0.09,9.359897763923712,13.388186587642052
10,0.1,10.170295774586465,15.588889363760417
11,0.11,9.877237354228479,11.45220386861789
12,0.12,9.980156272979338,12.70262319464812
13,0.13,9.604763938162673,14.515357678191348
14,0.14,9.91715690220524,13.33457655644871
15,0.15,10.403928560636745,13.594968452012857
16,0.16,10.62864671530634,14.646123772013413
17,0.17,10.231326841712386,13.085756715889659
18,0.18,10.484409805188223,13.966681703130561
19,0.19,10.552378276591735,15.197785521558503
20,0.2,10.260949818391502,13.305224646436837
21,0.21,10.330801864324336,15.266272206998913
22,0.22,10.44983586500137,14.027053547179223
23,0.23,10.153529936811415,13.009959885109366
24,0.24,10.630062365840827,14.891334479443097
25,0.25,10.863850012657728,14.981000023203233
26,0.26,10.721869570252723,13.804650262571661
27,0.27,11.080848680293593,15.399641873378123
28,0.28,11.647239774121246,15.113955862226021
29,0.29,11.31019011862202,14.551378209835333
30,0.3,10.868784460702582,14.326221571600856
31,0.31,11.579941701964142,15.669764048480719
32,0.32,11.226281326328744,16.51259036975908
33,0.33,11.410194065798628,14.91218315515134
34,0.34,11.523873241686008,15.059664264581569
35,0.35000000000000003,11.308482752523734,16.06038678177609
36,0.36,11.284141105297977,16.72488064178591
37,0.37,11.525989437751278,16.50365561607979
38,0.38,11.83592110833789,16.86911955789625
39,0.39,11.645702870948151,16.801650024084992
40,0.4,11.800499295598566,16.944925149593484
41,0.41000000000000003,11.763532499703963,13.199873783934029
42,0.42,11.966220014709481,17.1765167547912
43,0.43,11.537478822989309,15.000264086206881
44,0.44,11.816690194189489,17.46749638011522
45,0.45,12.23432563887524,17.39088688647019
46,0.46,12.047084677088511,17.038358340801285
47,0.47000000000000003,12.17184784088542,16.20879454132968
48,0.48,11.888796602399806,17.84768867638178
49,0.49,12.12718549563176,17.76054090904963
50,0.5,12.010400237232657,16.87390936120054
51,0.51,12.058854956523557,17.548845701784092
52,0.52,12.606438650830633,16.72063719633561
53,0.53,12.498695537915742,15.769669558465141
54,0.54,12.430536920688521,17.984781106915825
55,0.55,12.64998682282267,17.470083775658455
56,0.56,12.46038619950993,18.12522798236889
57,0.5700000000000001,12.464041404072848,17.691803969392982
58,0.58,12.690418663975056,16.29056894407869
59,0.59,13.057442578613099,16.508284713031017
60,0.6,12.664152104009773,16.86203269269089
61,0.61,12.983455392552038,16.552099273334907
62,0.62,12.955492457272296,16.672565694790663
63,0.63,12.922032774790624,18.06700623821248
64,0.64,12.932994581790565,19.54518276084268
65,0.65,12.885808385172794,17.685375022780114
66,0.66,13.06965356790343,17.07445083946498
67,0.67,13.33642244103024,18.705680245994632
68,0.68,12.97040234243478,18.95475298955411
69,0.6900000000000001,13.231505097766837,19.443620922975608
70,0.7000000000000001,13.4290108315644,19.684218249208886
71,0.71,13.399847735958698,19.656038792802786
72,0.72,13.653519859168664,17.66240318419677
73,0.73,13.34688166412678,16.752937411617232
74,0.74,13.691894782211937,18.364346557856855
75,0.75,13.812611285225296,18.34115861257203
76,0.76,13.1989608073539,18.85132961990007
77,0.77,13.684059763951696,17.395802436809447
78,0.78,13.985296085276099,17.774795552698574
79,0.79,13.422253334766589,19.490591571229334
80,0.8,13.404178320945553,17.94054146610083
81,0.81,13.691232748235256,18.860573754617
82,0.8200000000000001,13.935090728230346,18.442308677566608
83,0.8300000000000001,13.939742689235347,19.4147711351321
84,0.84,14.06449456844012,16.832797946796784
85,0.85,13.896298710574875,18.010300485723
86,0.86,13.981590653513276,18.5258504341066
87,0.87,14.08598431085276,20.763472509876845
88,0.88,13.595843348123438,20.411328822658522
89,0.89,13.578604976356733,19.397953670401417
90,0.9,13.927747129222295,19.199552289291738
91,0.91,14.119948022133045,18.43964706484313
92,0.92,13.965439152749873,20.163586435840767
93,0.93,14.111752313493955,19.7932013350025
94,0.9400000000000001,14.449675463691673,20.46390764214496
95,0.9500000000000001,13.719444354086853,20.83135205036822
96,0.96,13.934184029491703,19.88001355137256
97,0.97,14.143303695792891,20.825569410528395
98,0.98,14.198313383243935,19.97081112795039
99,0.99,14.02866597563904,19.93486611326995
100,1.0,14.34635449483333,19.910139402041974
101,1.01,13.849142999152106,20.331459186251138
102,1.02,14.000012081217868,19.445591061379556
103,1.03,14.53815649881066,20.256120880250236
104,1.04,14.318552985865825,19.66813069269415
105,1.05,14.498875121989661,22.886014642437967
106,1.06,14.44283026523215,20.230247486092285
107,1.07,14.320951405863036,20.977093273109414
108,1.08,14.412548841231922,21.503700769644013
109,1.09,14.422906466677567,20.68374389272824
110,1.1,14.576690894932096,21.991382997544836
111,1.11,14.70507826765431,22.14566094858088
112,1.12,14.54534197947851,20.568384710842658
113,1.1300000000000001,14.597478454909016,20.33560076713528
114,1.1400000000000001,14.535050982917207,20.94248936688477
115,1.1500000000000001,14.872428093496252,21.26044650142227
116,1.16,14.572640792998767,21.399008520462395
117,1.17,14.825928768325383,19.289383267000495
118,1.18,14.788840513355435,22.285620638783502
119,1.19,14.624347397796994,21.275540301449176
120,1.2,14.632773279773836,21.96475312531242
121,1.21,14.745695819333351,21.173334634857806
122,1.22,14.675747470975184,22.56567046847416
123,1.23,14.978954627717046,20.898919057397507
124,1.24,15.006490324554825,20.994486944753966
125,1.25,14.918137004871857,21.003649702701434
126,1.26,15.132129265741924,22.58207771972637
127,1.27,14.91541725187696,23.7663415585981
128,1.28,15.358265087037054,21.89560886388997
129,1.29,15.080653383806654,21.53053193908317
130,1.3,14.916670668146716,21.919663248323793
131,1.31,15.280014565106878,21.426012874923433
132,1.32,15.00957605641511,20.91419938225444
133,1.33,14.889351578681968,22.268193279526784
134,1.34,15.15885957294117,20.983730872175055
135,1.35,14.822164823218621,20.75708609085927
136,1.36,14.876473449992908,23.21693057591688
137,1.37,15.523761851985599,23.11937714830046
138,1.3800000000000001,15.433798408935244,23.727431220900467
139,1.3900000000000001,15.276153113303417,24.24807178588206
140,1.4000000000000001,15.514105192100514,23.342027939156768
141,1.41,15.394649443628797,22.58473773946609
142,1.42,15.626337845557046,24.967186389736966
143,1.43,15.17113646565408,23.221642030737847
144,1.44,15.264046857660114,25.06640309081016
145,1.45,14.968893812474496,23.90962927227351
146,1.46,15.147509380636853,23.239065792401778
147,1.47,15.400672571113049,20.99766373866029
148,1.48,15.226140247082636,24.817470550582716
149,1.49,15.7146751266782,24.02198212846557
150,1.5,15.4467087397246,24.660328680792272
151,1.51,15.523939885092217,23.08629294046235
152,1.52,15.358646321614026,23.51528448563106
153,1.53,15.399954696747145,25.797322701279956
154,1.54,15.535442223104225,23.21794823332679
155,1.55,15.704002463522,23.369056608002033
156,1.56,15.574637315716272,23.718438431847346
157,1.57,15.49985378682973,24.544958209307175
158,1.58,15.331426796142479,23.382900287815943
159,1.59,15.44059164569206,25.522987805037822
160,1.6,15.471422014080792,24.52557312766867
161,1.61,15.586485499587774,25.11117876682943
162,1.62,15.318361796687133,25.421724026098083
163,1.6300000000000001,15.671552619092294,23.883952072435513
164,1.6400000000000001,15.657306514027141,24.23606849980253
165,1.6500000000000001,15.620119947495967,23.77770882623218
166,1.6600000000000001,15.800706448729157,24.267619390737885
167,1.67,15.237604632473,24.477101892694186
168,1.68,15.555778923314213,26.33466336397237
169,1.69,15.583568704415043,24.551681368594522
170,1.7,15.79098108931198,26.524399794573796
171,1.71,15.669654850044264,25.44433972199766
172,1.72,15.602258758038412,26.067265033416078
173,1.73,15.695111905144671,24.03479177076322
174,1.74,15.47110513624961,27.215255707376024
175,1.75,15.755780442398333,26.522220596984514
176,1.76,15.676846319067337,26.30443494565539
177,1.77,16.035458171262423,26.636879277052238
178,1.78,15.764431338515049,25.160246172712384
179,1.79,15.526294082808048,25.028423251880287
180,1.8,15.854504166985986,28.80385839786761
181,1.81,15.885742181909755,25.14117612010318
182,1.82,16.05167427347159,25.94306715954455
183,1.83,15.995179686017675,25.07259704374291
184,1.84,15.239872537293781,24.14880934894039
185,1.85,15.754702627678464,26.43724739833472
186,1.86,15.631791834483824,26.23210840842935
187,1.87,15.935036910035736,26.37985244789385
188,1.8800000000000001,15.638224873361875,26.626994385227853
189,1.8900000000000001,15.799570967204103,25.358574354821993
190,1.9000000000000001,15.519120838330625,25.711225537781505
191,1.9100000000000001,15.397379264067043,25.767772102504583
192,1.92,15.760344527778798,27.983265333214188
193,1.93,15.46308051816508,26.672503300682894
194,1.94,15.711787587042279,26.822968826901572
195,1.95,16.033990189206918,26.868706967020916
196,1.96,15.674141230473488,25.505026275031494
197,1.97,15.991440353485391,26.614164292044016
198,1.98,15.910286813147312,26.38322492316059
199,1.99,15.936172229376377,26.22338478278693
200,2.0,16.019444945037787,28.198878834457158
201,2.0100000000000002,15.786206451042649,28.821652778623505
202,2.02,15.963693171919724,26.71566663710785
203,2.0300000000000002,15.704211432995498,25.155730193815952
204,2.04,16.038769228296175,26.939703647183073
205,2.05,15.862196960857178,26.44732528985176
206,2.06,15.8826500602526,27.02745030166858
207,2.07,15.832145706629598,27.888575963005717
208,2.08,16.296117904304477,27.05005085185725
209,2.09,15.774730690847484,26.26694836673808
210,2.1,15.868405244667585,27.356778857818252
211,2.11,16.11408988962778,27.30661818339388
212,2.12,15.807103966296939,28.470947631253164
213,2.13,15.776386284856038,27.93532074589445
214,2.14,16.175553438770002,29.040849901079714
215,2.15,16.201041205480422,29.520470698973085
216,2.16,15.7385472073177,28.80941164181041
217,2.17,15.892412351224067,28.58949340640156
218,2.18,16.016795611812945,27.73866025165006
219,2.19,15.823803757827553,28.926384226573763
220,2.2,16.09748466850907,28.522864732076165
221,2.21,16.629491174361945,27.104401841983965
222,2.22,16.138765683977564,29.137024178493707
223,2.23,16.202356567213442,27.694792321355745
224,2.24,15.696621577105413,27.926949286592727
225,2.25,16.27926143415649,28.869865218141527
226,2.2600000000000002,16.06125991150761,28.996417419000746
227,2.27,16.006306795009735,30.13386281890882
228,2.2800000000000002,16.357699338115914,28.72030883416244
229,2.29,15.805863313817223,28.939194873197405
230,2.3000000000000003,15.968384359187361,28.3566880422
231,2.31,15.934985577388426,29.955625380230778
232,2.32,16.28997532526603,28.77357657104199
233,2.33,15.917054905709717,29.118285787628373
234,2.34,16.240926435107607,28.339114014375784
235,2.35,16.255344335726306,30.071107386306558
236,2.36,16.554195154033202,29.34695190037947
237,2.37,16.050580069270563,29.524778365311526
238,2.38,16.22756182217572,28.801594914226413
239,2.39,16.050534678893698,29.358279256359058
240,2.4,16.04678459575318,29.133135559837815
241,2.41,16.080175836161025,27.955331979549218
242,2.42,16.2018966071903,29.731027802183462
243,2.43,16.332824868634212,29.601930294837256
244,2.44,16.153575969587354,30.8438038492412
245,2.45,15.879842901288578,30.430658402138725
246,2.46,16.42548189593505,29.366856044441302
247,2.47,16.79493398790121,30.659269117924254
248,2.48,15.943353272970294,30.95844956453767
249,2.49,15.683172023273986,30.001904765570615
250,2.5,16.06946719291814,29.942769571550674
251,2.5100000000000002,16.009162960241685,30.478493451595593
252,2.52,16.253800329394107,30.26068270864081
253,2.5300000000000002,15.914556622896868,30.994698072574828
254,2.54,16.353320593696264,29.145044159656752
255,2.5500000000000003,16.07110494959194,30.45975569897411
256,2.56,16.25281768999006,31.998916502294477
257,2.57,16.003805819109807,30.483695453896807
258,2.58,16.01911325873264,31.368187655641517
259,2.59,16.075643524174907,31.6009794372184
260,2.6,16.08814575556346,30.15076564934277
261,2.61,15.91042740602235,32.186622923335804
262,2.62,16.411450219612885,31.638966950965763
263,2.63,16.167856319478204,30.939412243127016
264,2.64,16.436007238996936,31.003468699693563
265,2.65,16.401600583179313,31.92230935103125
266,2.66,16.242130451718808,32.34113376660123
267,2.67,16.138362153674496,30.815881120847173
268,2.68,16.015561996633313,31.511246443034775
269,2.69,15.985716646237979,31.18193910867091
270,2.7,15.973670561498569,32.489176067737844
271,2.71,16.138508044108654,31.77484952437598
272,2.72,16.236788622064847,32.16459607532795
273,2.73,16.262482685799796,31.716802407123943
274,2.74,16.086007141633857,34.50141297778184
275,2.75,15.89235982451982,32.21204554912007
276,2.7600000000000002,15.961171226004085,32.19201177875522
277,2.77,16.383268814401493,32.00522788751288
278,2.7800000000000002,16.111821373197525,31.36605494916942
279,2.79,16.13860787956589,30.76543336089105
280,2.8000000000000003,16.530255429125948,32.42327610593724
281,2.81,16.39440394067255,31.035477727051283
282,2.82,16.020290306592067,33.04895847779427
283,2.83,16.392529104970134,32.20128754434022
284,2.84,16.181174470666214,32.17293440956661
285,2.85,16.087100390368125,32.77208656066125
286,2.86,16.19060181599878,31.28873078727479
287,2.87,16.646915838756623,30.899782113701452
288,2.88,16.244532524384443,31.359024275964853
289,2.89,16.063274481548902,32.050881642783175
290,2.9,16.177275547365493,31.415914760795367
291,2.91,16.34632535820398,31.947452899840997
292,2.92,16.053662235496063,33.583048478561885
293,2.93,16.148555308243967,30.350852762267735
294,2.94,16.094845706196782,32.84517278605802
295,2.95,16.168197968407057,32.96673154277527
296,2.96,16.252859095208255,32.15407960359727
297,2.97,16.204210916857164,31.807291984300043
298,2.98,15.918455511575882,33.28275792113723
299,2.99,16.377965937032002,32.35706680634497
300,3.0,16.02064508005077,32.0561862216244
301,3.0100000000000002,15.699120158902858,32.50968285309957
302,3.02,16.308291806710418,33.68236082839935
303,3.0300000000000002,15.966496522214257,31.647346977767572
304,3.04,16.156862960511884,33.13019066171052
305,3.0500000000000003,16.192307197575854,32.751632877293424
306,3.06,15.797092518355095,34.74953358651115
307,3.0700000000000003,16.054007967143853,33.206000258113946
308,3.08,16.328937492305432,33.67194930128208
309,3.09,16.07105526441171,33.710727914500815
310,3.1,15.678182795543357,32.9790160381242
311,3.11,16.07071511024425,33.6922837304104
312,3.12,15.766147011415875,33.22900056707427
313,3.13,15.847794640981888,34.18143724765646
314,3.14,15.945008895339472,35.43901949957328
315,3.15,16.024161888379204,33.968323955199516
316,3.16,16.113492714321698,32.588103082172246
317,3.17,16.081205461422506,34.40129462361485
318,3.18,15.86418717696129,33.86375076184289
319,3.19,16.268513105336027,33.840720956146626
320,3.2,16.163419313545152,35.63294970273397
321,3.21,16.039543582197457,35.761227138521235
322,3.22,16.03922370262344,33.54403778415128
323,3.23,15.788401721888135,34.988398343833595
324,3.24,16.16030351270534,34.86694467473584
325,3.25,16.160505240471487,35.21036822490809
326,3.2600000000000002,16.088750375663167,35.12451036811101
327,3.27,16.258698584614876,34.52862320215305
328,3.2800000000000002,16.40293851874962,35.49432267961424
329,3.29,15.999280052697783,34.05796897636662
330,3.3000000000000003,15.57558673639925,35.57975850045662
331,3.31,16.30264537664365,34.90506362137727
332,3.3200000000000003,15.999471953083795,34.580961258935325
333,3.33,16.000589825692636,34.55059846605661
334,3.34,16.22138704198518,34.555932367673
335,3.35,16.273338806621922,35.62743750008332
336,3.36,16.253209552025265,35.09818713345533
337,3.37,15.890536272323452,35.72411329394919
338,3.38,16.24212470774406,36.582060323068966
339,3.39,15.89096244686356,34.95348952269963
340,3.4,15.482826081280558,35.21252393456069
341,3.41,15.924534137573733,34.18262535187667
342,3.42,16.508809308364793,37.41594088623536
343,3.43,15.79864630267072,36.038708908103594
344,3.44,15.904950937661633,34.23967089151237
345,3.45,16.210083946113368,35.56943519731858
346,3.46,16.30993803025607,35.90399507798293
347,3.47,15.7333363266266,36.64188445512933
348,3.48,15.869723963252047,35.7757285118274
349,3.49,16.000694913149154,36.98089829323728
350,3.5,15.673535578403714,34.925679970833215
351,3.5100000000000002,16.020384778107463,36.74797166342717
352,3.52,15.594723939250885,36.213631006249024
353,3.5300000000000002,15.903155218424892,37.485264029986205
354,3.54,15.724058142143482,37.24516811626549
355,3.5500000000000003,16.27755989943366,37.478839866738085
356,3.56,15.812969277888161,36.806798729982276
357,3.5700000000000003,15.690634609399929,35.937111631677205
358,3.58,15.940558858590522,35.75984809548228
359,3.59,15.572283997851745,35.86295427971277
360,3.6,15.91325885752076,37.1376790705989
361,3.61,15.693682418316254,35.73884825856792
362,3.62,15.618056123941432,38.16831773828545
363,3.63,15.97974531897695,36.48665588577299
364,3.64,15.376781174541357,36.16143555469639
365,3.65,15.791674657842183,36.401857893568014
366,3.66,15.94427877437417,37.83867935564555
367,3.67,15.620361565416523,37.867477274285285
368,3.68,15.809628457859944,36.55455246226967
369,3.69,15.988120919417037,37.647510253477
370,3.7,15.83233699363432,37.42541778161577
371,3.71,15.713247815757565,38.1795079657857
372,3.72,15.598345938506556,37.84297462115023
373,3.73,16.379842846138498,37.31883175593674
374,3.74,15.473822895231228,37.90813354899381
375,3.75,15.63665177318673,38.03093026606743
376,3.7600000000000002,15.890395117159342,36.463618604839866
377,3.77,15.566981376998443,39.1597653703037
378,3.7800000000000002,16.11365149936728,39.64952763531027
379,3.79,15.937139312689709,37.59741015164656
380,3.8000000000000003,15.791235751070403,38.47566313772898
381,3.81,15.682421466518118,37.12329993010523
382,3.8200000000000003,16.075205330168938,37.06521729007127
383,3.83,15.757955479082701,38.168564473443475
384,3.84,15.63713748305452,37.19526604768187
385,3.85,15.77372960314206,38.721043262412095
386,3.86,15.746387866889746,37.74404636140173
387,3.87,15.829214941957298,37.90924718221111
388,3.88,15.8954818744736,38.63491478977154
389,3.89,15.588349178963712,38.455831788833514
390,3.9,15.930968737096547,38.558644811498695
391,3.91,15.884110749602598,38.85284125860514
392,3.92,15.32726671590656,37.592096304821226
393,3.93,15.436211447884206,37.490459143990996
394,3.94,15.391013620568609,39.23307995526543
395,3.95,15.877822385757707,38.68667103367688
396,3.96,15.088297966056164,37.03749642224171
397,3.97,15.890901254579198,37.973004615965756
398,3.98,15.56172109094055,39.40157739846643
399,3.99,15.798846701737153,39.361624726808394
400,4.0,15.555134462894404,38.939920445188086
401,4.01,15.745660687026746,37.43588976609804
402,4.0200000000000005,15.56588928026146,40.16596910565638
403,4.03,15.898086193892818,37.57892461478866
404,4.04,15.921419807736656,37.729748155189114
405,4.05,15.145648147766307,38.59392320289145
406,4.0600000000000005,15.923764435499915,39.66362406214364
407,4.07,15.664059545968636,40.05240645460149
408,4.08,15.346587038525762,40.256885698825805
409,4.09,15.433569076175626,40.252144164468184
410,4.1,15.648314636904388,38.89050680776966
411,4.11,15.650489240094185,37.966260824539944
412,4.12,15.713078893745168,39.773762145360756
413,4.13,15.37403960259272,39.41895481727885
414,4.14,15.668581076956436,39.612487831318774
415,4.15,15.678180461579831,40.73639609264318
416,4.16,15.156918449680989,39.29173420733563
417,4.17,15.606207763960137,41.47648511365617
418,4.18,15.610542812623926,40.07266670520769
419,4.19,15.40946611272769,39.02338934713136
420,4.2,15.416126899170715,39.55280947355996
421,4.21,15.56890646170436,39.467696197118755
422,4.22,15.24989983424133,42.710812858216286
423,4.23,15.533454535647119,41.14814538125247
424,4.24,15.878324101640796,41.306052579855304
425,4.25,15.531658996457743,40.16509076907686
426,4.26,15.671788799525284,41.22358043874074
427,4.2700000000000005,15.383607017847456,39.9924652000835
428,4.28,15.274501292268743,41.78131088491826
429,4.29,15.245179391775702,39.134856940976654
430,4.3,15.372108199024485,41.5018331760037
431,4.3100000000000005,15.370152609160769,40.52768635253408
432,4.32,15.597972684408571,41.592257149493946
433,4.33,15.668380895291158,41.176952412319864
434,4.34,15.453558682381388,40.02192004992949
435,4.3500000000000005,15.315424516515934,39.62567894213011
436,4.36,15.686125919767825,41.36027786909217
437,4.37,15.554166175644347,41.30100392831677
438,4.38,15.652373618659002,40.75157548667088
439,4.39,15.228206008381719,39.86196729050748
440,4.4,15.66372871237208,39.68137769221657
441,4.41,15.225615282328015,41.3680235729339
442,4.42,15.021694886627904,39.647881524438425
443,4.43,15.291818597587488,40.569385959449846
444,4.44,15.58089268368321,40.0922569807641
445,4.45,15.24358783019399,41.9809068805784
446,4.46,15.770445470035154,41.662875179185626
447,4.47,14.87672445773047,42.01960029926324
448,4.48,15.247269423004452,42.96332403724268
449,4.49,15.181972256364936,41.470794804173416
450,4.5,15.412950286736642,42.080670986129924
451,4.51,15.557901734026567,40.10230958529712
452,4.5200000000000005,15.231040282664106,40.785899129627
453,4.53,15.653717850744213,42.063313133217626
454,4.54,15.475201281023905,41.55366464969189
455,4.55,15.340293454744533,40.52718049453592
456,4.5600000000000005,15.26436205754013,42.52042146010726
457,4.57,15.179877363134892,41.37189229604423
458,4.58,15.015383081753376,40.891632233041776
459,4.59,14.986405310504985,41.4694744232868
460,4.6000000000000005,15.214622839597261,42.67806156785283
461,4.61,15.538667138433366,40.55396162449093
462,4.62,15.430571029675157,39.474288204245525
463,4.63,15.596075179429464,43.58168681400378
464,4.64,15.425541550888674,41.810384204862025
465,4.65,15.454757048000396,41.70709704317747
466,4.66,15.544796894157917,42.780883492605575
467,4.67,14.902883546614992,41.129268046877876
468,4.68,15.255497000284551,41.58436345008575
469,4.69,15.273439208412205,42.05371023645451
470,4.7,15.515068297447282,40.97212933684444
471,4.71,15.250283170504218,42.43895443460209
472,4.72,15.378411309085765,41.082916019105134
473,4.73,15.234750962767693,43.45407656650484
474,4.74,14.693875897784292,43.010085076103415
475,4.75,14.955369558303536,41.702062962888235
476,4.76,14.835819615707438,42.08642146002536
477,4.7700000000000005,15.584843084430625,43.321652274934344
478,4.78,15.345104562392843,43.8231901783968
479,4.79,14.866778786198541,41.58072479586849
480,4.8,15.351503412774658,40.64710371856018
481,4.8100000000000005,14.955093823687553,42.83248885499402
482,4.82,15.107953958884044,45.34494752450519
483,4.83,14.880593107010116,43.232860680418995
484,4.84,15.422089636010096,42.49956983729534
485,4.8500000000000005,15.375609442990733,43.29400949170676
486,4.86,14.93761315450811,43.454615054473834
487,4.87,15.059860308155717,43.187126917393954
488,4.88,15.354679561635841,42.71301437698511
489,4.89,15.02725447522335,41.49126933156188
490,4.9,14.931751711446674,42.700989291673224
491,4.91,14.692445160875916,42.17214017949277
492,4.92,14.838954430313192,43.01606141176185
493,4.93,15.277068814852212,44.50114299339161
494,4.94,15.099525253272267,43.14340742361063
495,4.95,14.83813542675351,41.853550392290074
496,4.96,15.000419714734237,41.842791955974064
497,4.97,14.971519310630958,45.37648592972211
498,4.98,15.119695249605188,43.38612575788463
499,4.99,14.785662351203177,44.44343862177198
500,5.0,15.022206609319115,44.880563655382225
501,5.01,15.177133919015434,43.37600414185649
502,5.0200000000000005,14.656226042906207,41.11940429760595
503,5.03,15.022337372996583,44.055259702349844
504,5.04,15.202143681612577,43.69126321557187
505,5.05,15.067471540958879,43.884762168156975
506,5.0600000000000005,15.115613642018445,42.84693563920566
507,5.07,14.837073128338707,44.80653305243112
508,5.08,15.262823766948216,44.634657992325096
509,5.09,15.197313574151751,44.0950444480145
510,5.1000000000000005,14.874380286427083,43.86964084855579
511,5.11,14.962241239104628,45.639730285976704
512,5.12,14.929446567358793,43.48026320061186
513,5.13,14.763322500062035,45.37266516735585
514,5.14,14.776662470587098,43.83197380534871
515,5.15,14.797722654200442,45.186097054047046
516,5.16,14.551256668311087,42.742307913728816
517,5.17,14.960463905879193,45.278183848776834
518,5.18,14.478815527668278,43.009403584228224
519,5.19,15.058289618853,44.608991792120115
520,5.2,15.071748906110667,45.90798149071625
521,5.21,14.682851135385208,43.34295907603955
522,5.22,14.921835928245208,43.989401516550515
523,5.23,14.696565253739887,43.53568755111539
524,5.24,14.865380105646022,45.89284967855853
525,5.25,14.651482407772264,44.18571966072097
526,5.26,14.951368000586827,43.82061897142548
527,5.2700000000000005,14.687288565468503,44.776026892772435
528,5.28,14.946429756740542,45.49461530095727
529,5.29,14.765391614731781,45.81214112769762
530,5.3,14.617522454277145,45.71611195882318
531,5.3100000000000005,14.834438975676825,44.316334293734016
532,5.32,14.727063748755457,44.843899742154655
533,5.33,14.655190915579933,45.17559231935915
534,5.34,15.030772594993397,45.386699483935764
535,5.3500000000000005,14.516744445337876,44.23547897761892
536,5.36,14.8664431594939,43.161255130935814
537,5.37,13.95930611639774,44.595701348772
538,5.38,14.777039100964947,44.47673867889813
539,5.39,14.78926561812052,44.88041398156046
540,5.4,14.931669192943197,45.40087231047403
541,5.41,14.544465978885082,46.42108968829658
542,5.42,14.628839322000845,46.8024061758762
543,5.43,14.948306555666889,44.586610973334054
544,5.44,14.721719146903396,45.279787154317276
545,5.45,14.851803245881168,44.762787286595156
546,5.46,14.284468229267432,45.61612815256131
547,5.47,14.755620543178779,44.66397660473461
548,5.48,14.564307807392044,45.960492585417526
549,5.49,14.903510988832403,46.60765815157729
550,5.5,14.549302853077942,45.685202719409226
551,5.51,14.482040750720524,45.80527569487343
552,5.5200000000000005,14.418072638126848,45.71695964022587
553,5.53,14.601159675691642,45.72970010752209
554,5.54,14.843151299981347,45.58109275947043
555,5.55,14.483623947891386,45.97638967156185
556,5.5600000000000005,14.638155117808186,44.83483857836486
557,5.57,14.278687441008891,44.893568937847
558,5.58,14.336826808896467,46.71944092522839
559,5.59,14.64737267643074,46.469190320580104
560,5.6000000000000005,14.432609732280165,46.68331419556796
561,5.61,13.99858053471253,46.818904194089654
562,5.62,14.602911484017891,45.6496168195662
563,5.63,14.739018003452307,47.28412870100424
564,5.64,14.53762668376575,45.95192302881113
565,5.65,14.53098309417746,45.13164916765297
566,5.66,14.455398872012106,46.322185973412665
567,5.67,14.361056575217109,45.520524578402714
568,5.68,14.855256347640458,45.89294876596116
569,5.69,14.499377617162514,45.832865033763376
570,5.7,14.627668362851779,45.891193015599576
571,5.71,14.337412223873589,46.718253234955675
572,5.72,14.576486056552884,45.87841249297679
573,5.73,14.165503534941791,46.96512839157088
574,5.74,14.635389996391362,45.93850383047341
575,5.75,14.27377586391833,46.987806384249055
576,5.76,14.125990078200651,45.01708499308783
577,5.7700000000000005,14.78861173705812,45.43887394148439
578,5.78,14.290596129217919,48.00762112188353
579,5.79,13.749672845586328,46.61071513893808
580,5.8,14.318372632760807,47.75220589532769
581,5.8100000000000005,14.444635359572906,46.99022081549527
582,5.82,14.377785646269782,47.364694986630255
583,5.83,14.20197012044111,46.48395158342923
584,5.84,14.426867096208822,47.5337252173957
585,5.8500000000000005,14.285441929333626,47.15151788890436
586,5.86,14.730247246723145,45.82360751668487
587,5.87,13.354253310028618,46.81840369916874
588,5.88,14.835849023060492,47.30188151289659
589,5.89,14.600068267095425,47.56243438456624
590,5.9,14.273859670234566,47.64530213486097
591,5.91,14.32018491428518,46.19542015526426
592,5.92,14.062020839091527,45.85046416916165
593,5.93,14.503202566840143,46.98544445443593
594,5.94,14.562124614595138,48.13296322786652
595,5.95,13.974707127246772,47.99615547335803
596,5.96,14.299157571474781,47.9969255198139
597,5.97,14.156223879417373,47.06965126175623
598,5.98,14.191204466599695,47.17728861614416
599,5.99,14.237636322808092,46.86313252067591
600,6.0,14.246921568447442,47.90621875408871
601,6.01,14.06014984709987,47.400485550412384
602,6.0200000000000005,14.479061877213017,48.83115412196058
603,6.03,14.24807639844769,45.27379858271357
604,6.04,14.30370007560403,45.641877365904726
605,6.05,14.055237053624223,48.7001003413724
606,6.0600000000000005,14.045337219099851,48.14906633331975
607,6.07,14.358527043816865,47.83842215748106
608,6.08,14.263529869446064,47.77621259240192
609,6.09,13.737349578046032,47.678125079948096
610,6.1000000000000005,14.447963418245928,48.36553671347265
611,6.11,13.682493515539148,47.64459652570657
612,6.12,14.244499473611086,48.28012973485187
613,6.13,14.37018254360002,46.799698875949765
614,6.140000000000001,14.153077222367145,46.94453919588623
615,6.15,14.05402564142511,48.101022657554566
616,6.16,14.354800341489444,48.21936252354148
617,6.17,13.902720319097412,46.58705993681642
618,6.18,13.963187182293552,46.74718797975429
619,6.19,13.69977557709995,47.54373014615876
620,6.2,13.635105739742837,46.84925145663957
621,6.21,14.091783039693535,47.09096942962453
622,6.22,14.194938332472208,49.03827798692673
623,6.23,14.007977686886516,48.440887935293006
624,6.24,13.966809986071617,47.20854322281714
625,6.25,14.14021198108452,48.110338271054886
626,6.26,14.16212672131771,46.84275387899839
627,6.2700000000000005,13.667699244657971,47.79940206110728
628,6.28,14.160970162743038,49.371523506720926
629,6.29,14.150031315814518,46.00900869015794
630,6.3,13.780408268076023,49.19161781230871
631,6.3100000000000005,13.953126906820154,47.895008864823254
632,6.32,14.144025432767272,48.33916992904612
633,6.33,14.27601004203176,47.52375777116656
634,6.34,13.50572558596728,49.22871789609909
635,6.3500000000000005,13.963041901422846,49.33412042611015
636,6.36,13.751276288982023,49.70252292931146
637,6.37,13.872121103407387,46.492699222785276
638,6.38,14.073030890964294,49.054148985649896
639,6.390000000000001,13.834168593119035,48.590524780315164
640,6.4,13.749521274373569,48.31756084712128
641,6.41,13.967815672401075,48.548846805896645
642,6.42,13.991300541161355,47.31122464885164
643,6.43,13.445791077673908,47.93476146767927
644,6.44,13.614898009065644,48.805943148233794
645,6.45,13.511995290058728,50.20113672407655
646,6.46,13.70625199692633,47.277574791961875
647,6.47,13.73900420778876,47.073521467960255
648,6.48,13.648461462134774,47.03201492234465
649,6.49,13.917182788964707,49.14402070702986
650,6.5,13.973805899387157,47.58794071026379
651,6.51,13.984497184047012,48.75895438752091
652,6.5200000000000005,13.68889466756924,50.44585180327213
653,6.53,13.766598423623117,49.83574000235661
654,6.54,13.513523437799018,48.9849670193312
655,6.55,13.532823191237656,48.9130530910742
656,6.5600000000000005,14.09254456183266,48.26416973379989
657,6.57,13.905192389830878,49.81619026688452
658,6.58,13.479148008820978,49.37506514212562
659,6.59,14.01673586940273,48.75803060290345
660,6.6000000000000005,13.68895192503322,49.509426378368275
661,6.61,14.042094776794062,49.26843010389036
662,6.62,13.161090191217207,49.35876985185498
663,6.63,13.398446705320826,48.94121898195053
664,6.640000000000001,13.659305987958442,48.379296249713846
665,6.65,13.491893852888476,50.00680727418132
666,6.66,13.982954690033585,50.88979885375371
667,6.67,13.769277221982904,48.7055787540152
668,6.68,13.920909941483497,48.855989008957756
669,6.69,13.547393787056674,51.065472478482846
670,6.7,13.948503239428945,50.57832135083653
671,6.71,13.720037851680027,50.09922283931989
672,6.72,13.89944995763726,49.10614641994082
673,6.73,13.652821947035106,48.46952416671842
674,6.74,13.267949608510657,49.413514752009064
675,6.75,13.424722157211038,49.8600241973746
676,6.76,13.338521366260064,49.68478117651845
677,6.7700000000000005,13.340895669274664,49.102311663854664
678,6.78,13.822373274244972,48.13625390318303
679,6.79,13.721699066234702,49.480381618251556
680,6.8,13.709634425898455,48.29636808228048
681,6.8100000000000005,13.245525251858519,50.93232752214881
682,6.82,13.278770016059287,51.07223549152629
683,6.83,13.34568637014011,49.22595657415888
684,6.84,13.694724584082707,49.78051344215141
685,6.8500000000000005,13.435132912570765,48.8804475030225
686,6.86,13.538434099894793,51.40322245517704
687,6.87,13.740197430861713,49.38013932408139
688,6.88,13.490930293804603,50.95564530208119
689,6.890000000000001,13.307933132654588,50.26755331689368
690,6.9,13.155482071401341,49.680434617081815
691,6.91,13.729570967462152,50.40093891660686
692,6.92,13.667684682386362,48.95575647481269
693,6.93,13.800763500480494,49.805142152609015
694,6.94,13.228602392043697,48.609469536884234
695,6.95,13.466458095166102,52.05333127313225
696,6.96,13.3045973061601,48.55408165039666
697,6.97,13.132797515320615,50.34544960194779
698,6.98,13.436611503693545,51.48099315355618
699,6.99,13.08609162845806,49.560389462010335
700,7.0,13.470629826877976,49.10571359525538
701,7.01,13.468494238248482,50.14354565733456
702,7.0200000000000005,13.566099263398364,51.286830617421394
703,7.03,13.650962230816575,50.3223390073796
704,7.04,13.495035873957491,49.13295508040164
705,7.05,13.252683418736899,49.673470324768864
706,7.0600000000000005,13.198356958939037,49.61448521184882
707,7.07,13.553295963283675,50.710248627504676
708,7.08,13.12129908964818,51.07533777883875
709,7.09,13.292841933627923,50.96674864571663
710,7.1000000000000005,13.488987173865354,49.81941158019272
711,7.11,13.574066988820901,50.628660527936184
712,7.12,13.168436552100857,51.50319580593466
713,7.13,13.041218214122257,50.376158113407925
714,7.140000000000001,13.28968360325827,51.058995730146556
715,7.15,13.631162931287772,49.79213219397159
716,7.16,13.354269908638308,50.66780307981078
717,7.17,13.352882087801355,51.886580648396574
718,7.18,13.309211035650415,51.019762954720115
719,7.19,13.296797074171366,51.04523361475367
720,7.2,12.869555538899311,50.28314367048674
721,7.21,13.017632780682504,51.185686460284884
722,7.22,13.04116605369924,50.599769923261604
723,7.23,13.107506739305686,49.84211107035531
724,7.24,13.157581860042363,51.62934972405839
725,7.25,13.202685152104397,49.496709023862195
726,7.26,13.506618941007606,51.27422219312427
727,7.2700000000000005,13.120547754780887,52.09422208739662
728,7.28,13.253490809842953,51.934092928640375
729,7.29,13.050742045759703,49.54211612247212
730,7.3,13.409773519595142,51.55694964501464
731,7.3100000000000005,12.999978502561294,51.584016808592295
732,7.32,13.295887194818174,52.037420135532805
733,7.33,13.410089411549754,52.439880169331055
734,7.34,13.691796830329178,51.36475013912067
735,7.3500000000000005,12.828011715432952,52.47224256229879
736,7.36,13.407931052801182,52.23540873061532
737,7.37,12.923890630630028,50.34793176111118
738,7.38,13.297317252006097,52.25893295434089
739,7.390000000000001,12.931168118702598,52.51870956508285
740,7.4,13.167240442753666,49.60326209415439
741,7.41,12.794774140853773,50.971617050724646
742,7.42,13.043528737513691,51.053106524434355
743,7.43,13.152945494894198,51.63910433109593
744,7.44,12.921078888548328,51.515714549390694
745,7.45,12.84591949611674,51.30819240515661
746,7.46,12.958457405145149,52.80861464501205
747,7.47,12.871477523807968,51.54166043316382
748,7.48,13.235730596456008,52.16584954365682
749,7.49,13.007773106709928,50.63959147845221
750,7.5,13.135684734708219,51.847243380500736
751,7.51,12.965234604239232,52.191389334496876
752,7.5200000000000005,13.335521013907934,53.2053661044081
753,7.53,12.821797610703713,50.992535611640086
754,7.54,12.870983129609044,52.368981658996184
755,7.55,13.00058373994129,53.6720550108983
756,7.5600000000000005,13.184001107355584,52.96665637292779
757,7.57,13.005083475521685,52.80358595882162
758,7.58,13.097483825618806,51.94531045843412
759,7.59,12.970136545692707,50.82203125233611
760,7.6000000000000005,12.97209955150378,51.13833320451457
761,7.61,13.015138985549866,50.630419301083194
762,7.62,12.719362306982392,51.98500173856151
763,7.63,12.757072795356647,52.45350410733285
764,7.640000000000001,12.699771995964374,51.606464748823456
765,7.65,12.46377114794814,52.20001928663971
766,7.66,13.158366816512949,53.58928451751252
767,7.67,12.89320019060484,51.480822765584
768,7.68,12.792730598704502,51.48357591746856
769,7.69,12.571649483901925,51.66285736577076
770,7.7,13.077691439794142,52.74029142208914
771,7.71,12.375184184106297,51.87412589087013
772,7.72,12.782223925701473,51.36181786775818
773,7.73,12.916840264029538,52.532268323238014
774,7.74,12.619969787235373,50.98167577547932
775,7.75,12.740932606669436,52.94727554357666
776,7.76,12.594820718778651,52.30408707043501
777,7.7700000000000005,12.698578013609092,52.76149138402167
778,7.78,12.997589402920326,52.24471903045158
779,7.79,12.785430987638234,52.956495277499194
780,7.8,12.915428209979108,51.720389244849216
781,7.8100000000000005,13.192790171040372,51.981934210716
782,7.82,12.67422157540883,52.39629185319744
783,7.83,12.736275611530765,51.54861481286929
784,7.84,12.548535179248166,52.1855427802778
785,7.8500000000000005,12.7277207698405,52.44013541422478
786,7.86,12.460545511650054,52.70491688251262
787,7.87,12.666799406470997,50.32764336697997
788,7.88,12.837937131998974,52.63231035879905
789,7.890000000000001,12.963607568399226,51.85543346009103
790,7.9,12.85635242873504,52.55985155912984
791,7.91,12.471145288471183,51.08994230492299
792,7.92,12.815817623399427,50.610215379650725
793,7.930000000000001,12.626096980777517,52.28829309411337
794,7.94,12.584937967077073,51.59007039749373
795,7.95,12.614144541546628,53.06155044705352
796,7.96,12.460009960419667,52.68118336539411
797,7.97,12.630288829822362,53.34599940368875
798,7.98,12.551552773003582,52.1578180282691
799,7.99,12.914952432453571,53.558270856756565
800,8.0,12.545743650242185,51.908853504304886
801,8.01,12.604448231811473,51.023443604954295
802,8.02,12.372567184194075,52.988479752180446
803,8.03,12.109628128475228,53.194532485151804
804,8.040000000000001,12.478475449725533,51.53300760434801
805,8.05,12.395492367469686,52.77334516144934
806,8.06,12.783404868914573,52.51961329660433
807,8.07,12.425224728435264,52.63235882497495
808,8.08,12.538051170742808,52.095866974597534
809,8.09,12.478102736789738,52.22339912718296
810,8.1,12.451264762801497,54.129499614343246
811,8.11,12.707139513567153,52.89358772508646
812,8.120000000000001,12.547189595277747,54.44636220294556
813,8.13,12.84378779354939,54.721101292970566
814,8.14,12.343283584265116,51.96470435843676
815,8.15,12.483427212114618,53.036491331791936
816,8.16,12.10563126838145,52.91619301097707
817,8.17,12.18891843886637,51.95004406663296
818,8.18,12.497520306366408,53.566257963748455
819,8.19,12.288834207407524,53.7342357196971
820,8.2,12.292287442929524,52.91754819063622
821,8.21,12.381367337740615,52.812845401722285
822,8.22,12.399216090978078,52.02133422406777
823,8.23,12.745965045807763,50.46965364551554
824,8.24,12.530910212891486,53.499086033552594
825,8.25,12.320435290902603,52.38143255253526
826,8.26,12.429160857144764,54.4268021671436
827,8.27,12.5687429615803,53.758379778634044
828,8.28,12.45193094846607,52.28299457875524
829,8.290000000000001,12.684796720223598,50.852706157793484
830,8.3,12.424862947860179,53.93100057567592
831,8.31,12.458855790175035,52.38334636901253
832,8.32,12.331649830636666,53.42705475926837
833,8.33,12.508715112476779,52.34068661692033
834,8.34,12.15432521622207,53.70927782027757
835,8.35,11.946581204902374,53.49438919654569
836,8.36,12.444822809099586,54.40959911808575
837,8.370000000000001,12.113697890915242,53.80972746192748
838,8.38,12.491217763278595,53.34546708377595
839,8.39,12.680968265098489,54.3424325117509
840,8.4,12.216396089425523,51.721614815867675
841,8.41,12.402990454248588,53.02126967403407
842,8.42,12.160055590157382,52.40758170623658
843,8.43,12.184930193146123,53.4483577345943
844,8.44,12.517879558042255,55.01218500630233
845,8.45,12.31996078319294,54.45201908735993
846,8.46,12.206745884488354,54.45655761981404
847,8.47,12.290477947834548,54.17305046770054
848,8.48,12.374922240833305,51.96745864974133
849,8.49,12.284113718206045,53.813156814847886
850,8.5,11.93731320983906,53.034699837263105
851,8.51,12.418043506098927,54.74429450295644
852,8.52,12.001350424659712,53.416805822494325
853,8.53,12.367579762796444,52.99519357474118
854,8.540000000000001,12.158236233138394,54.42645167436216
855,8.55,11.981122367475166,51.47153558796859
856,8.56,12.142377851441061,52.74782225857622
857,8.57,12.299177624605928,52.94421214212209
858,8.58,12.044853451885427,52.45357672722468
859,8.59,12.427973828096109,51.96191426011227
860,8.6,12.180506924043861,52.903899659730406
861,8.61,11.864907893594323,52.26377449266455
862,8.620000000000001,11.681683191377124,53.14955601109324
863,8.63,11.883585936188545,53.59991686168961
864,8.64,11.852349024329921,55.805265495814375
865,8.65,12.318849592616731,53.38470001993814
866,8.66,11.835879727197769,53.90593841235591
867,8.67,12.127410614628335,54.153547400796654
868,8.68,11.920210506115644,52.443702263758496
869,8.69,12.422273626284372,54.782299828478756
870,8.700000000000001,12.205394889149169,52.37415694575221
871,8.71,11.683759977394402,53.5360783208323
872,8.72,11.845040823200085,52.55335135642903
873,8.73,11.941527172285854,53.00113514572279
874,8.74,12.062666467723625,53.004094519641676
875,8.75,11.721421768600983,53.4516595626631
876,8.76,11.961252991548665,55.531907591840294
877,8.77,12.029366888627086,53.94493978578149
878,8.78,11.68406717816765,53.38941046827418
879,8.790000000000001,11.898682128840614,53.208582681543724
880,8.8,11.570154552164444,53.84283220809837
881,8.81,12.096122275032362,52.96888370612245
882,8.82,12.354726530910572,54.044620765229965
883,8.83,11.933310050066686,54.773400887867105
884,8.84,11.88865983030513,53.07743011964268
885,8.85,11.92889302722371,54.26393925020399
886,8.86,11.838116468223369,52.86875864400296
887,8.870000000000001,12.2977504828289,53.058641240970175
888,8.88,11.835735334733013,53.62538811830637
889,8.89,12.027441261204523,55.24794106335123
890,8.9,11.669837111457541,53.95924095507556
891,8.91,11.935961554535757,53.32935002146602
892,8.92,11.8147627999762,53.39825611504081
893,8.93,12.047927465119976,53.027484090338476
894,8.94,11.662305845578388,54.20963882785744
895,8.950000000000001,11.84951574404868,53.13082530920491
896,8.96,11.588195746867122,53.42183439339398
897,8.97,11.662393708362508,52.89592841626993
898,8.98,11.475729923472873,53.53287037850237
899,8.99,11.702126828183584,54.98061337292869
900,9.0,11.885990436271104,52.80642598906884
901,9.01,11.813479044466007,54.61048709784434
902,9.02,11.603693037217075,54.26275195037586
903,9.03,11.888807140301893,54.14051010335527
904,9.040000000000001,11.42794910533513,55.22521794810197
905,9.05,11.689370617583078,54.69444420837711
906,9.06,11.631047912654225,53.850147747808286
907,9.07,12.076242744418897,54.07552491812738
908,9.08,11.662006843883304,54.53339392512442
909,9.09,11.908438818682775,55.21768680296548
910,9.1,12.03040733730319,54.66044680287184
911,9.11,11.72284325661023,53.83044438606847
912,9.120000000000001,11.672795087117704,55.047561330551034
913,9.13,11.746390728303275,54.303870898699586
914,9.14,11.65363760269496,54.43927267142449
915,9.15,11.49724050149499,54.15382210303032
916,9.16,11.477336492563696,53.991099256938234
917,9.17,11.650534022581699,53.94837371251174
918,9.18,11.672376298969821,53.787692873253064
919,9.19,11.7483499960433,52.97978740318517
920,9.200000000000001,11.283954665619198,54.75650822784314
921,9.21,11.582668032804229,52.74835390320409
922,9.22,11.67649433613706,52.984947355418626
923,9.23,11.56239569044898,54.09674481110892
924,9.24,11.421289694078126,54.39629415668899
925,9.25,11.461068442655693,54.06989669818175
926,9.26,11.777808052389773,53.30003544495368
927,9.27,11.915541657079494,53.74622122751824
928,9.28,11.30458261969567,55.16452366027354
929,9.290000000000001,11.764495221095423,54.32663961598039
930,9.3,11.345658796515666,53.05279137084705
931,9.31,11.77090532368293,53.515857993884275
932,9.32,11.597560858997536,54.315509148159045
933,9.33,11.70830267162671,54.66290065082122
934,9.34,11.431019702665836,53.36971602715641
935,9.35,11.194011788851686,53.38260631623741
936,9.36,11.648320645508058,55.17482974773321
937,9.370000000000001,11.602880399761608,51.611826484649654
938,9.38,11.249463193291747,54.453616780043596
939,9.39,11.301112396351382,53.90588167927095
940,9.4,11.409394480417026,53.814462872205574
941,9.41,11.429661777442027,54.30091883602741
942,9.42,11.629109476119522,55.023335221791946
943,9.43,11.069064006754193,54.22758892557429
944,9.44,11.76500602096256,54.96681022293564
945,9.450000000000001,11.377342861630584,55.38431613396849
946,9.46,11.488210016338131,54.06723913990117
947,9.47,11.322012746789909,54.19982409227506
948,9.48,11.361342146412927,55.713983294441306
949,9.49,11.394680131879902,53.28166421847518
950,9.5,11.157383477075992,55.164104829290906
951,9.51,11.524440994710469,53.685820285289104
952,9.52,11.242777748297485,55.351744531879135
953,9.53,11.136617604727006,54.65325960035377
954,9.540000000000001,11.287615183331727,54.64516570504606
955,9.55,11.266444379164062,54.38856265352793
956,9.56,11.24966973633364,54.69613712412556
957,9.57,11.623012562467665,52.39519211761544
958,9.58,11.423579400182529,55.24881532595003
959,9.59,11.045634985429746,53.47497681318047
960,9.6,11.280924514708069,53.41484197163446
961,9.61,11.24830008605696,54.033548346316955
962,9.620000000000001,11.501945544790091,53.62945817788987
963,9.63,11.050659950967393,53.70700711973976
964,9.64,11.47596434536744,52.45584789289297
965,9.65,11.275252341927779,53.53347294938383
966,9.66,11.43219949083407,55.121644928840354
967,9.67,11.295684163372586,53.93887847669289
968,9.68,11.271008358032237,53.472745232136354
969,9.69,11.271306716527878,52.74494456558354
970,9.700000000000001,11.120341590067824,54.05367187445096
971,9.71,11.137995894332697,54.846709100790044
972,9.72,11.366158649320983,54.45677940536277
973,9.73,11.133225481128664,54.75161693509708
974,9.74,11.658456012808804,54.22918452730425
975,9.75,10.690131299987273,53.203146809986436
976,9.76,11.278463298245436,55.56907767853935
977,9.77,11.851042812667263,55.137832179655476
978,9.78,11.004259098870001,55.90802269133187
979,9.790000000000001,11.167882111633448,54.856544780461945
980,9.8,11.27513695883806,54.45340907662144
981,9.81,11.277084664567536,52.57114947796988
982,9.82,11.311502045597008,54.93094440809917
983,9.83,11.02139207503578,55.651629699080935
984,9.84,11.145937821107538,54.93225008880183
985,9.85,10.98122637402892,51.64495019338754
986,9.86,11.33903106660036,54.800314535895474
987,9.870000000000001,10.818800001605148,53.9528873811948
988,9.88,10.761158911620967,56.91009352101306
989,9.89,10.95199266697482,55.831818189596696
990,9.9,11.178351952355618,52.705077593977286
991,9.91,10.923038894929926,52.846517813730486
992,9.92,11.40252415414266,53.573598963212945
993,9.93,11.256925546237323,54.6350736528738
994,9.94,11.44367949244775,54.60594311664182
995,9.950000000000001,10.586741667603647,54.60028274110463
996,9.96,11.026333375954074,54.19441284474536
997,9.97,11.160592014675785,54.031624156957484
998,9.98,10.85691314580842,53.438849426475905
999,9.99,11.159387198230478,53.230914912999935
1000,10.0,10.854482599712336,54.33510150807767
1001,10.01,10.846799333911216,55.46691789194232
1002,10.02,11.076820806229373,55.21506875387588
1003,10.03,10.564986945257294,54.651041333468974
1004,10.040000000000001,11.079045035137279,55.24306157563843
1005,10.05,11.040247858415041,54.33523655159466
1006,10.06,11.065863113307103,53.60147549470811
1007,10.07,10.852747952957577,55.31177852608017
1008,10.08,11.45646786599843,55.28857769681052
1009,10.09,10.936360664094963,55.657519836146484
1010,10.1,10.696446040630608,55.62134787561257
1011,10.11,11.262176972095617,54.514071698908204
1012,10.120000000000001,11.05983544605812,53.375859321572484
1013,10.13,10.881877084492963,56.49382687031054
1014,10.14,10.717576590246107,52.124693189536714
1015,10.15,11.142115826039728,53.98618641821979
1016,10.16,10.893195870101426,54.737136485163994
1017,10.17,11.033950055004905,53.80058954718382
1018,10.18,10.755005368333467,54.35916280573303
1019,10.19,10.987852579459771,55.45731434203518
1020,10.200000000000001,10.890951617171865,54.6829326267703
1021,10.21,11.16229234349338,55.171859012171
1022,10.22,10.58025470132288,53.521507311363735
1023,10.23,11.108146124935615,55.493658937769666
1024,10.24,10.7430519378141,54.40966893308991
1025,10.25,10.616511288484103,53.175602321124735
1026,10.26,10.969873309910305,54.201466727827544
1027,10.27,10.61282083786972,55.925230159001494
1028,10.28,11.045944652553544,55.35455002184078
1029,10.290000000000001,10.989253271790194,55.30725478975973
1030,10.3,11.245002248012224,56.086947153137096
1031,10.31,11.2757775904229,55.19443542484245
1032,10.32,10.767503024189123,53.70578854737394
1033,10.33,10.975237560820633,55.28720251553435
1034,10.34,10.870878845786107,55.38450569297963
1035,10.35,10.906008460162381,52.5484296437675
1036,10.36,10.730131471661364,54.076738775758095
1037,10.370000000000001,10.485032146798137,56.13607213747641
1038,10.38,10.893853712839476,54.76696605787897
1039,10.39,11.127659561192187,57.08565495055428
1040,10.4,10.553776753732848,55.792211761496375
1041,10.41,10.729004426097383,54.65109502985869
1042,10.42,10.66710218617344,56.61888582708627
1043,10.43,10.547334285507166,54.78047007483847
1044,10.44,10.643088337692822,55.986531599166135
1045,10.450000000000001,10.49813880358111,54.6373223775051
1046,10.46,10.725489841868127,53.94668575836283
1047,10.47,10.6299176728819,54.60306321812131
1048,10.48,10.863801014439446,52.89613155236192
1049,10.49,10.529797648557143,52.82473451697249
1050,10.5,10.596796716238474,54.11257902962657
1051,10.51,10.28315258852693,54.09526694893291
1052,10.52,10.505019903139377,54.79627996732167
1053,10.53,10.464318998640143,55.48868431399893
1054,10.540000000000001,10.751245429916885,54.62228785385664
1055,10.55,10.324520980471997,53.951130320947115
1056,10.56,10.583382749482125,53.70585042621842
1057,10.57,10.323168975445087,55.336974705683296
1058,10.58,10.213325891137849,54.494000089390504
1059,10.59,10.200704310731595,54.21860024603503
1060,10.6,10.675842265115794,53.178840020994194
1061,10.61,10.677054675085785,56.56723303006348
1062,10.620000000000001,10.386971319736107,56.277625689661654
1063,10.63,10.588825253772837,55.036458992441275
1064,10.64,10.652087533003519,54.277280220569075
1065,10.65,10.601819961583859,56.663473104125224
1066,10.66,10.795953930724618,54.77338331627368
1067,10.67,10.488199518890733,55.66850029568336
1068,10.68,10.780616087957743,55.18482988137088
1069,10.69,10.466823844723006,53.22895637478152
1070,10.700000000000001,10.473889415690124,54.976550601069725
1071,10.71,10.71379495994992,54.5261956725532
1072,10.72,10.449784000327227,53.91726196079241
1073,10.73,10.27930928123379,53.737025725564294
1074,10.74,10.278398689974608,54.07181641295451
1075,10.75,10.347925055470846,52.998932232609214
1076,10.76,10.493362878097049,55.30285774532186
1077,10.77,10.65363036572105,55.52173447887326
1078,10.78,10.13246442229045,54.572799072024644
1079,10.790000000000001,10.094307917122897,55.139249277840854
1080,10.8,10.30367878624234,54.38862012762623
1081,10.81,10.79556659484181,54.29809470285333
1082,10.82,10.38902681379568,55.60466701588915
1083,10.83,10.28375255633157,56.13380904898996
1084,10.84,10.29460661130644,54.3953744180753
1085,10.85,10.006393543532422,53.3128228766774
1086,10.86,10.615773089205483,54.49392946258297
1087,10.870000000000001,10.45683429427557,55.34095037792567
1088,10.88,10.3298416036479,53.515611561861924
1089,10.89,10.38979551479596,54.9996426485282
1090,10.9,10.29310652545286,53.39560109116002
1091,10.91,10.472182741389508,53.955172231457865
1092,10.92,10.634022631253082,53.016417698442105
1093,10.93,9.927379043577423,56.36441391747461
1094,10.94,10.296167667530925,54.6318117700135
1095,10.950000000000001,10.19392893335679,53.73162751807307
1096,10.96,10.450312548998586,54.33591805146941
1097,10.97,10.336735115257813,54.09433319061106
1098,10.98,10.327740958200295,55.82405936897595
1099,10.99,10.231959085366551,55.401120080914524
1100,11.0,10.013123141840042,53.441261498905604
1101,11.01,10.723400351443319,55.45786987664541
1102,11.02,9.993611427516186,53.94164582401293
1103,11.03,10.215739784691266,53.60685125840363
1104,11.040000000000001,10.091997715184398,55.32187894448828
1105,11.05,10.192089212648199,56.051949375249436
1106,11.06,10.02007834289796,55.333246891915095
1107,11.07,10.184601718767462,56.31006971124594
1108,11.08,10.063711068352536,54.90562183367882
1109,11.09,9.98439583787556,55.92351806448866
1110,11.1,10.198448000692602,53.88015359538325
1111,11.11,10.34871190257389,54.465719861596185
1112,11.120000000000001,10.611107476266525,54.15988120524712
1113,11.13,10.03188784755753,54.63246013839438
1114,11.14,10.249495741709367,56.39991765916485
1115,11.15,9.890409832325707,53.723594139357964
1116,11.16,10.424782995057942,55.92066660465223
1117,11.17,10.41286256812483,54.513416764801455
1118,11.18,10.154454260276875,54.38314504463723
1119,11.19,10.181769780317282,54.36773808454573
1120,11.200000000000001,9.684726391395323,53.22777716159487
1121,11.21,10.171797681809954,54.58179220508468
1122,11.22,9.871517282130617,53.173528585602675
1123,11.23,10.10298666121895,54.976994792878
1124,11.24,10.269237609069028,55.28156969375215
1125,11.25,10.119173122216653,53.70490628745093
1126,11.26,9.871294959002277,54.15662595562366
1127,11.27,10.095563526070768,53.04237184471568
1128,11.28,9.917759185441671,53.39872596148099
1129,11.290000000000001,10.033175314242666,53.45449172467967
1130,11.3,10.269660936158436,54.68773403506759
1131,11.31,10.257226545160663,54.122130824798546
1132,11.32,10.652758283217892,54.341589558262484
1133,11.33,10.082593706771014,56.91067814373684
1134,11.34,9.937386694165628,54.863057998769925
1135,11.35,10.153556592634624,53.81388222398329
1136,11.36,9.842254514638068,54.39699059925206
1137,11.370000000000001,10.105653489455781,54.41283915243318
1138,11.38,10.518662992228785,54.18697902101509
1139,11.39,10.002457290232314,54.74004705383732
1140,11.4,9.54395174066174,54.35731500707328
1141,11.41,9.954525528851827,55.448366280079895
1142,11.42,10.22407289213755,54.967842057048834
1143,11.43,9.958796907411452,53.637861065281854
1144,11.44,10.17426369416158,55.125716004861104
1145,11.450000000000001,9.995790178182471,53.67181785840007
1146,11.46,9.772031234741979,54.71280178863305
1147,11.47,10.193287108715815,55.00636375948623
1148,11.48,9.614528910186941,55.36815283093072
1149,11.49,10.074267016326978,53.72159458647199
1150,11.5,9.967744781367344,54.915406585578026
1151,11.51,10.129350973104382,53.83044410023421
1152,11.52,10.201421437161718,54.35601718779677
1153,11.53,9.79461647486241,55.55046619881627
1154,11.540000000000001,10.022874461349916,55.519077445869684
1155,11.55,9.772706349678147,56.30957339882935
1156,11.56,9.802254561420842,53.56470458146532
1157,11.57,10.248318151480632,54.77156451075553
1158,11.58,10.087800246706866,53.12623618265046
1159,11.59,10.049509279196144,54.798997403037326
1160,11.6,9.822662893625546,54.552287417897055
1161,11.61,10.218102461267364,54.925218653205114
1162,11.620000000000001,9.864393529268352,53.92160930157094
1163,11.63,10.169004996518206,53.428554068047596
1164,11.64,10.027445578198142,51.913044041277
1165,11.65,9.872449070063624,55.399901994041976
1166,11.66,9.70199322140672,54.12320524588507
1167,11.67,10.271536106768135,54.10671934949239
1168,11.68,9.644980109692636,53.99064131219329
1169,11.69,9.974753539000563,54.50205987423682
1170,11.700000000000001,9.603221476147828,55.97781489646182
1171,11.71,9.764912679369122,56.075656586415825
1172,11.72,10.161952906829457,55.13313925530887
1173,11.73,9.777918648022094,52.86581147202672
1174,11.74,9.960837079356276,54.3126608714239
1175,11.75,9.856795641010283,55.52406656508562
1176,11.76,9.623229136635441,55.491306398523605
1177,11.77,9.914792285025522,52.55485325395276
1178,11.78,9.749209480877575,53.63600897369834
1179,11.790000000000001,9.505866450826282,54.88136232212539
1180,11.8,10.089597000141817,52.891614478805245
1181,11.81,9.72816167120546,53.87915591441394
1182,11.82,9.714146655571822,52.79628937728971
1183,11.83,9.690561791886358,53.64032459206959
1184,11.84,9.702136958888367,53.711487425600936
1185,11.85,9.608891175472092,53.55696389129062
1186,11.86,9.962716043216446,52.94203189158668
1187,11.870000000000001,9.791025102185834,53.820229954640254
1188,11.88,9.674485217652128,54.86217326717825
1189,11.89,9.750006580582124,54.122560371680684
1190,11.9,10.048993775091363,55.184345608608425
1191,11.91,9.514584755219625,53.48958339418315
1192,11.92,9.671027213014682,54.443308854610784
1193,11.93,9.678478963618062,53.199250540031485
1194,11.94,9.507135015991684,54.68090644211037
1195,11.950000000000001,9.465388062497782,54.10395674184992
1196,11.96,9.741041577117533,54.60626588472056
1197,11.97,9.449864873808249,53.85482882647844
1198,11.98,9.292853457646773,54.881601961465186
1199,11.99,10.001203503143188,53.42176182252459
1200,12.0,9.452720521968304,51.77746916200307
1201,12.01,9.688807977015307,54.64055294849226
1202,12.02,9.676632576119028,54.49180369416494
1203,12.030000000000001,9.442742117370198,54.255738217589396
1204,12.040000000000001,9.716685409903507,53.13639981535715
1205,12.05,9.849093012190359,54.040573011781284
1206,12.06,9.658948165685182,51.650127597772034
1207,12.07,9.321798341809368,53.6380595131654
1208,12.08,9.798531109495991,53.672635913638636
1209,12.09,9.732512264678583,54.38092258154301
1210,12.1,9.597666664107896,53.492650619353824
1211,12.11,9.561594074916691,53.19364295117096
1212,12.120000000000001,9.293957040239818,53.468630241900975
1213,12.13,9.940925557436,54.84819692181724
1214,12.14,9.719623004589714,53.529183227309574
1215,12.15,9.391805624199135,54.31724392613656
1216,12.16,9.53050947039393,51.80116953465148
1217,12.17,9.744594757488283,54.63943893624756
1218,12.18,9.311849563310961,53.847321031146585
1219,12.19,9.517458835868194,53.51683376188816
1220,12.200000000000001,9.45791699449337,54.098133932094456
1221,12.21,9.854404918423601,53.5437234835153
1222,12.22,9.818745611668529,53.65286292294243
1223,12.23,9.553503054814968,54.0155879425651
1224,12.24,9.215232554799242,53.16753745030977
1225,12.25,9.509354742029352,52.94176390195003
1226,12.26,9.540134797329742,53.65581031143142
1227,12.27,9.77079397195858,54.63994312009426
1228,12.280000000000001,9.517150758420037,52.24937787326584
1229,12.290000000000001,9.307389667944632,53.82138234478114
1230,12.3,9.574598218811058,54.60110902763957
1231,12.31,9.284796915522872,54.936585350317515
1232,12.32,9.576007268235426,53.722575310059895
1233,12.33,9.633657755605713,53.094082870608844
1234,12.34,9.549493502589353,54.597069760538375
1235,12.35,9.747586602799029,53.657413002597714
1236,12.36,9.53450158969697,53.86484051333963
1237,12.370000000000001,9.393691637168248,52.344331334369066
1238,12.38,9.154214160882988,53.50334574980453
1239,12.39,9.497536867422133,53.514572382608385
1240,12.4,9.352570244326857,54.25661167214871
1241,12.41,9.504422503987552,54.40732904402239
1242,12.42,9.883413706147929,54.64616171966229
1243,12.43,9.78393844204511,52.895930567635425
1244,12.44,9.216658218660195,53.94979955122344
1245,12.450000000000001,9.497629078005932,54.648133143409616
1246,12.46,9.254688922005228,54.33042119916231
1247,12.47,9.58875013323402,54.23583892936056
1248,12.48,9.587218184779037,53.88194289642363
1249,12.49,9.171834594126603,54.850773602491905
1250,12.5,9.54650962289613,53.24223670011337
1251,12.51,9.439567030794613,52.11588965071561
1252,12.52,9.199515830842948,52.65068189661844
1253,12.530000000000001,9.624982170597306,53.54151559071968
1254,12.540000000000001,9.10070779546533,54.29085433859036
1255,12.55,9.4385128980445,54.74733156872361
1256,12.56,9.117584338473835,54.3856340631141
1257,12.57,9.465936687748558,52.802860940106676
1258,12.58,8.839794886884471,52.31763947520322
1259,12.59,9.652821765187626,52.137190420148336
1260,12.6,9.460421770927342,54.09334413144748
1261,12.61,8.895468028371933,53.117396506483075
1262,12.620000000000001,9.340790016859954,52.40866707644444
1263,12.63,9.739349417375358,51.860669877350425
1264,12.64,9.346377392061067,54.13060356564541
1265,12.65,9.220954641286841,53.34363417412733
1266,12.66,9.63244795164875,53.40540820653244
1267,12.67,9.04522450665612,54.10783050637461
1268,12.68,9.257216445356528,53.55549158242883
1269,12.69,9.24098121519267,54.32760816456111
1270,12.700000000000001,9.605892353414038,52.20424952532012
1271,12.71,9.288105024041045,53.46513282596489
1272,12.72,9.312994376453979,53.31768452712078
1273,12.73,9.20197941919588,52.85637092148917
1274,12.74,9.056578731837048,51.90008096017382
1275,12.75,9.108326872281621,51.913842325409426
1276,12.76,9.12670691940789,53.408871149482835
1277,12.77,9.24556183320123,52.645372497372094
1278,12.780000000000001,9.448763319417925,53.742991677832926
1279,12.790000000000001,9.51843061485693,51.673515111944624
1280,12.8,9.629720242555088,53.52512855369816
1281,12.81,9.410818328899603,53.390970055473176
1282,12.82,9.229309883408298,52.96218623352486
1283,12.83,9.39730445725579,52.02922194428559
1284,12.84,8.899976917964187,53.789485761628065
1285,12.85,9.545576258960327,52.675739481561045
1286,12.86,9.567760161193576,53.35930631774721
1287,12.870000000000001,9.326853898127405,50.67451511232219
1288,12.88,9.164048137989404,52.142962287048704
1289,12.89,9.023145034434554,53.15654709936825
1290,12.9,9.18838893970929,53.999722979744554
1291,12.91,9.26848606940419,53.81625562595474
1292,12.92,9.167989690845689,51.781934174176946
1293,12.93,9.710318145212716,53.061369345723215
1294,12.94,9.265923555936233,52.8346458362297
1295,12.950000000000001,9.183859583543779,54.134336563231905
1296,12.96,9.348484973653855,53.75921653846374
1297,12.97,9.131970748348625,51.22048381122761
1298,12.98,9.163224545396492,53.84185635773858
1299,12.99,9.14557057092295,53.07187933477304
1300,13.0,9.265432218670494,52.854807405230794
1301,13.01,9.271367439507774,52.87396600657596
1302,13.02,9.582225505100585,52.5757401585559
1303,13.030000000000001,9.000255787776432,51.363784348716756
1304,13.040000000000001,8.95104656465115,52.25313617265434
1305,13.05,9.423610182056544,52.454224232989745
1306,13.06,9.49706245721742,53.80311862399109
1307,13.07,9.165883348398868,51.25749402311761
1308,13.08,8.949224583183359,52.132987637909594
1309,13.09,9.410966680821584,52.16266249792571
1310,13.1,9.357678003030717,52.47997954245154
1311,13.11,9.329537307851151,53.11344810005656
1312,13.120000000000001,9.15011489702847,54.48615281096033
1313,13.13,9.239557922344629,53.613971485897125
1314,13.14,9.475397892979196,52.51461447402064
1315,13.15,9.060743653634306,54.81981534183098
1316,13.16,9.042829513499386,52.346555633577815
1317,13.17,9.178264355315992,52.716711168855404
1318,13.18,9.071865272782796,51.67117374341847
1319,13.19,9.355391368310636,52.538374496529606
1320,13.200000000000001,9.57087786782649,52.252730945646064
1321,13.21,9.003063928620767,52.40900370499307
1322,13.22,9.10218497193353,52.193053374716385
1323,13.23,9.405060372209675,52.38878006978644
1324,13.24,8.978472201351606,52.030652655604165
1325,13.25,9.132671437740608,53.6278183757667
1326,13.26,8.875716660989829,51.39914761777723
1327,13.27,9.084038377071161,53.41947700581461
1328,13.280000000000001,9.156558031340088,51.26892206229726
1329,13.290000000000001,9.162539207036245,51.885092590673416
1330,13.3,9.722959404338823,53.3366596632559
1331,13.31,9.077175291555196,52.037959503927354
1332,13.32,9.490984480152232,52.45424920360832
1333,13.33,8.993586687325255,52.92184075822564
1334,13.34,8.873549585567272,52.801245375398
1335,13.35,9.188829692866092,52.4491100069621
1336,13.36,9.191877503755967,51.9008774492022
1337,13.370000000000001,9.11043578326142,52.677959330948944
1338,13.38,8.852218724310895,53.078014802770575
1339,13.39,9.215492584686091,52.23093853736919
1340,13.4,9.145789943128413,52.424021506972174
1341,13.41,8.95099985804406,51.981872657916604
1342,13.42,8.861138531659027,49.8837192694318
1343,13.43,8.940619056813352,52.61909667525293
1344,13.44,9.11918074794061,50.941607521866
1345,13.450000000000001,8.888247807943207,52.20435400826263
1346,13.46,8.660476936493959,50.48574328237749
1347,13.47,8.552847128863963,52.30862953486388
1348,13.48,8.90883225064927,52.02538424813825
1349,13.49,8.998308824864512,54.13912727224619
1350,13.5,8.920769940753523,53.117112542328144
1351,13.51,9.296187275238392,52.137980626134926
1352,13.52,8.866257834939828,51.875962311945806
1353,13.530000000000001,9.236336641530697,51.11704310565478
1354,13.540000000000001,9.24112573656111,52.61613883111763
1355,13.55,9.00372751183091,54.44002954544794
1356,13.56,9.20558012934753,52.38581640143922
1357,13.57,9.250463276752324,51.315401592080406
1358,13.58,9.146284378322237,50.4663258894725
1359,13.59,8.884132378952124,50.64830239641995
1360,13.6,8.856644044993498,51.94625282622168
1361,13.61,8.631671381108607,51.72856410757347
1362,13.620000000000001,8.94831217902955,51.93680943717227
1363,13.63,8.902368151250647,53.86745077258501
1364,13.64,9.17691190906417,49.66541722717502
1365,13.65,8.9672335753975,51.54575785820174
1366,13.66,8.922914880850604,52.849616232910165
1367,13.67,8.942157094533172,52.540678716690906
1368,13.68,9.192666491314037,53.846177574727584
1369,13.69,8.619395198677603,52.371448226271156
1370,13.700000000000001,8.88973003528507,51.7341819217604
1371,13.71,8.940020109290849,51.54137243582451
1372,13.72,9.312294799408246,51.8433593080196
1373,13.73,9.163648197443104,52.74922764827664
1374,13.74,9.018005738289576,51.86298357996293
1375,13.75,9.282467690570897,51.73606456928859
1376,13.76,9.056100475945318,53.534688046768046
1377,13.77,9.191548412305448,50.4785501450258
1378,13.780000000000001,8.990319818800439,52.257133837422344
1379,13.790000000000001,8.993548922291447,51.7649105289515
1380,13.8,8.936246096431214,50.65675400758704
1381,13.81,8.580547224577394,51.343285291653736
1382,13.82,9.31908072428252,50.89046036587278
1383,13.83,9.215326320847371,50.295586297989615
1384,13.84,9.102852878610697,52.286164292301116
1385,13.85,8.90971748178208,52.8764217093475
1386,13.86,8.972104665478824,50.78542909702778
1387,13.870000000000001,8.959148116515184,53.43723851901936
1388,13.88,8.914616563581028,50.45743591071258
1389,13.89,9.042219043603975,50.48865044393122
1390,13.9,8.791598301179931,50.41402191585913
1391,13.91,8.709148920823493,51.19643407279258
1392,13.92,8.91344962390725,53.1502696503148
1393,13.93,9.34540852142152,51.46451418644344
1394,13.94,9.090141746816302,50.67028191660201
1395,13.950000000000001,9.07616604137527,52.46793905506871
1396,13.96,8.518556437201946,53.07502218886211
1397,13.97,8.92018840113102,52.35688831839367
1398,13.98,8.814146890431523,53.02661975305399
1399,13.99,8.82195690587732,50.79535589601905
1400,14.0,8.797909459684309,51.96366268812514
1401,14.01,8.84402008705048,50.43410777402622
1402,14.02,8.848307348276876,49.829247375749254
1403,14.030000000000001,8.906791612418631,54.11930221624477
1404,14.040000000000001,8.9156260768228,53.11760463771452
1405,14.05,8.97693946932591,51.699696216613894
1406,14.06,9.268088217952297,52.130342151513794
1407,14.07,8.864805681128956,50.66733508159312
1408,14.08,8.836391711001806,52.62873447869869
1409,14.09,8.69311437190538,49.72893725744895
1410,14.1,9.124792377127342,51.90782587105815
1411,14.11,8.930616150365674,52.04541934634353
1412,14.120000000000001,9.009671186231182,51.31595922101858
1413,14.13,8.799959616515608,52.40834806648635
1414,14.14,9.035760845096535,51.64510713539217
1415,14.15,8.907284491162136,52.99259791631615
1416,14.16,8.703311030922338,50.9844871540992
1417,14.17,8.836591506227848,51.87137744271562
1418,14.18,9.206528017891983,52.7118293581084
1419,14.19,8.573249807741822,51.47357565562295
1420,14.200000000000001,8.834966503368477,50.22183443564583
1421,14.21,8.748944327379107,50.523478098091914
1422,14.22,8.711466126211306,49.886812830796146
1423,14.23,9.602798742735157,51.335681984633155
1424,14.24,8.360444128247844,52.35177278969225
1425,14.25,9.185999597070428,51.125865789898796
1426,14.26,8.58603345990856,52.23667923264531
1427,14.27,9.096380425561044,51.47966862644833
1428,14.280000000000001,9.03913059515681,52.49798598159502
1429,14.290000000000001,9.327994842874073,50.125514005467295
1430,14.3,8.75989185961585,51.28750371897175
1431,14.31,8.88660911928632,50.351790146263795
1432,14.32,8.4096700183822,51.34772860713851
1433,14.33,9.175425015241755,52.18919632594977
1434,14.34,8.765993146129238,51.363493172084766
1435,14.35,8.432556106462966,50.70989836029566
1436,14.36,8.995253031727742,49.72378888364427
1437,14.370000000000001,8.911104311403834,50.897828225600854
1438,14.38,8.841342294419698,50.459299330485536
1439,14.39,9.069940925889885,51.54023480666057
1440,14.4,8.952483902960276,49.70788702710655
1441,14.41,8.85454547105441,50.81751390195323
1442,14.42,8.474250982698486,50.07247659145784
1443,14.43,8.812599040424736,50.12197388742971
1444,14.44,8.891313571152882,50.62727158224964
1445,14.450000000000001,8.965784236593375,51.47631113549779
1446,14.46,8.762121225346464,51.07808409180092
1447,14.47,8.782214443578908,50.290099636006026
1448,14.48,9.220831253495328,50.63592322579378
1449,14.49,9.201374264238169,50.03613936605796
1450,14.5,8.722551831769104,52.325880221908854
1451,14.51,8.75665184984,51.22438868784896
1452,14.52,9.089848185360418,50.638771366506866
1453,14.530000000000001,8.942558692849415,50.699984274447544
1454,14.540000000000001,8.970486735842009,51.0492486982078
1455,14.55,8.474802354569759,51.23042643121763
1456,14.56,8.764471060778423,50.76693859051481
1457,14.57,9.063853214336445,51.142385746054934
1458,14.58,8.738503523382436,49.784794476269965
1459,14.59,8.885441226847528,50.71768763434667
1460,14.6,8.957239594150694,50.57797069872592
1461,14.61,9.547824043584978,49.48792478547041
1462,14.620000000000001,8.739500404162115,50.595625819836705
1463,14.63,8.873791928486405,51.387372034828495
1464,14.64,8.700451723171604,50.84358736767816
1465,14.65,8.818640108411593,50.38919531721258
1466,14.66,8.876050813967373,50.674253785534695
1467,14.67,8.929392705069088,52.2735130844314
1468,14.68,8.761765338448097,52.151996270026196
1469,14.69,9.110302273178386,49.72057445445694
1470,14.700000000000001,8.691760503979063,48.41330455548812
1471,14.71,8.713953309498796,49.10278005756018
1472,14.72,8.669986320173479,51.3696678349142
1473,14.73,9.047334138787603,52.49323592564641
1474,14.74,9.054010859212463,50.53040209104826
1475,14.75,9.009639854410505,49.68152465385535
1476,14.76,8.59208699635068,51.20429574412352
1477,14.77,8.70585433758301,50.122388666485314
1478,14.780000000000001,8.26981590808767,50.47728100865992
1479,14.790000000000001,8.970542877483986,51.32345831427057
1480,14.8,8.84953303503726,50.87997181036681
1481,14.81,8.722015375482892,51.041388137576014
1482,14.82,8.763027489811119,52.38833799432839
1483,14.83,9.088070842295034,50.72832700893991
1484,14.84,8.97936488486774,49.264739881680086
1485,14.85,8.977972899237512,51.813217375139004
1486,14.86,8.354131741261474,50.16997906845641
1487,14.870000000000001,8.763018837452016,49.89274385540054
1488,14.88,8.876150389501694,50.40011015383038
1489,14.89,8.86135221665241,50.50270697336293
1490,14.9,8.840266183007024,50.266372949073144
1491,14.91,8.643383102753338,49.651182432064466
1492,14.92,8.79286027947375,51.41514569850764
1493,14.93,9.140171670269687,49.726049109174085
1494,14.94,8.835980303064352,51.072746734823596
1495,14.950000000000001,8.967928673041126,49.76734786457394
1496,14.96,8.726292276068806,50.29564393876241
1497,14.97,8.217095191006509,48.43629114362408
1498,14.98,9.077554369220813,53.50669326073998
1499,14.99,8.689600414049664,51.663517306967165
1500,15.0,8.810307739869307,49.08172652340869
1501,15.01,8.584661150760805,49.753786803127475
1502,15.02,9.110733551321065,50.78788688546771
1503,15.030000000000001,9.382691536591535,50.02049459140782
1504,15.040000000000001,8.866594543315843,50.284726006734104
1505,15.05,8.810989592965669,52.0676755799868
1506,15.06,8.530938802711463,51.828685114179564
1507,15.07,9.157264311110104,50.146891258686644
1508,15.08,9.063099802904015,50.54479802688043
1509,15.09,8.937168916467549,49.1006329548517
1510,15.1,9.217597792873836,50.339042818334775
1511,15.11,8.598232422740612,49.61584343919415
1512,15.120000000000001,9.278781054077163,49.42861391131816
1513,15.13,8.809179629402594,50.43269061079382
1514,15.14,8.828970485478155,50.40984159234105
1515,15.15,8.820251917792833,48.67533062060237
1516,15.16,8.772745985613662,50.757441995340244
1517,15.17,8.790926946758278,50.9721499789296
1518,15.18,8.95562709964067,49.14776116062752
1519,15.19,9.034255634304081,51.050766512814725
1520,15.200000000000001,9.103994323703267,50.13042743097916
1521,15.21,8.84542353924126,49.16342965635898
1522,15.22,9.155470915668365,50.81484038279855
1523,15.23,9.058724310392046,49.834700300410745
1524,15.24,8.905437549753666,49.942630526066964
1525,15.25,8.807255155858261,48.352329171438534
1526,15.26,8.994762604080327,51.32161239438443
1527,15.27,9.190871409707196,50.17480936841086
1528,15.280000000000001,9.226424732383865,50.36523156893356
1529,15.290000000000001,8.575218050835279,49.47266852530725
1530,15.3,8.843240741172588,49.8376762656749
1531,15.31,8.677832529186109,49.34723723945655
1532,15.32,9.013307336525688,50.10333442395171
1533,15.33,8.992300423377591,50.11758568188223
1534,15.34,9.110156250785463,49.2864481006621
1535,15.35,8.804028474780397,49.01738469237435
1536,15.36,8.900502173615775,51.07798676619343
1537,15.370000000000001,8.839653386276499,49.78830028765279
1538,15.38,9.01122701951777,49.937881692238804
1539,15.39,8.969918854459618,49.96326344460611
1540,15.4,9.097765954708724,49.598141629190195
1541,15.41,8.95384670037712,51.773189319050545
1542,15.42,8.463424369511554,49.49321542305862
1543,15.43,8.635441812412154,51.15408809565487
1544,15.44,8.894409201775346,50.13314408446109
1545,15.450000000000001,8.769238053701415,49.98707052339431
1546,15.46,8.552924404140564,50.086077312028515
1547,15.47,8.657409393344857,49.84518041066155
1548,15.48,8.843230961234747,50.122090757502285
1549,15.49,9.121416877411079,49.13602538264295
1550,15.5,9.006648118556383,49.34676682130174
1551,15.51,8.642413880777418,52.310202375889524
1552,15.52,8.733758330897752,49.34585095524299
1553,15.530000000000001,9.226444228419698,48.65605623819394
1554,15.540000000000001,8.83838286105623,51.18651449596866
1555,15.55,9.036049839571989,49.71717144625143
1556,15.56,8.741114958561898,50.53713776899346
1557,15.57,8.997812820983542,49.67848324770532
1558,15.58,9.298783248289388,50.53596155648523
1559,15.59,8.749066889032212,49.623366677744386
1560,15.6,8.711597976787186,49.87147556990634
1561,15.610000000000001,8.903931722039658,49.27899283546809
1562,15.620000000000001,8.832228742265434,50.46905788871032
1563,15.63,9.26902807305797,49.540091235730586
1564,15.64,9.018277519422043,50.37991167232653
1565,15.65,9.178915718770588,50.010550520671856
1566,15.66,9.172865859067157,51.09996078707775
1567,15.67,8.825534350504494,49.53499555450468
1568,15.68,8.87421643211138,49.59982523350526
1569,15.69,8.579860739006888,48.861679942911024
1570,15.700000000000001,8.912920855985693,50.3445150186434
1571,15.71,8.95158782010634,49.01922394845488
1572,15.72,8.817651944768198,50.790319594015095
1573,15.73,9.011657492597749,49.67010293328141
1574,15.74,9.08525362687764,47.74643034848238
1575,15.75,8.749761174361137,49.93834511840786
1576,15.76,8.992482582045758,50.47200724354789
1577,15.77,8.907589127873132,50.02132774646374
1578,15.780000000000001,8.96316455115263,47.41445092181455
1579,15.790000000000001,9.109300164181859,49.6299094932582
1580,15.8,8.838873349310223,49.113525910200465
1581,15.81,8.929961393740035,51.06704885770684
1582,15.82,9.112364764808488,49.67088542335848
1583,15.83,9.005859824858778,51.2913821453213
1584,15.84,9.115610060647962,50.103198632343535
1585,15.85,9.355406659019062,49.57542164360644
1586,15.860000000000001,9.045467928803937,49.78423221803112
1587,15.870000000000001,9.052352867973676,49.03899038227187
1588,15.88,8.87679311383386,49.98675124332541
1589,15.89,8.80464171533372,49.66784554800625
1590,15.9,9.266371437294312,51.828374821026216
1591,15.91,9.21329227006839,49.03424057279431
1592,15.92,9.260463936882937,49.03503095999028
1593,15.93,9.044962756601311,51.18158702921032
1594,15.94,8.9638736058825,49.94368969763088
1595,15.950000000000001,9.126469410540073,49.84979129064957
1596,15.96,9.038097441151768,49.11039352092779
1597,15.97,8.81515273757282,48.59649646925016
1598,15.98,8.656810939679227,50.14071794459963
1599,15.99,9.27485941078408,49.25879288980033
1600,16.0,9.122288717483956,48.66483587063046
1601,16.01,9.16194923716495,50.167124431703776
1602,16.02,9.031448050863835,49.66843851128198
1603,16.03,9.502095620885875,48.19838828600862
1604,16.04,9.349435532355926,50.450677368403724
1605,16.05,9.039532085904465,50.18278746272268
1606,16.06,8.980566757839531,48.43539827948175
1607,16.07,8.892990902025653,49.768301897610115
1608,16.080000000000002,9.241196528840737,49.84660847772186
1609,16.09,8.989321776706074,51.823669301682436
1610,16.1,8.946157673543686,48.2710619445824
1611,16.11,8.93731480650426,49.99452064247042
1612,16.12,9.343799050201538,49.144635473046065
1613,16.13,9.016677826214947,49.97735402522488
1614,16.14,9.03820510268562,49.34123639284238
1615,16.15,9.33361594958361,48.26424601356722
1616,16.16,9.289778539784301,48.39477010231987
1617,16.17,9.077539972074396,50.05855344767146
1618,16.18,9.024680799339668,49.29387842878151
1619,16.19,8.995585483089622,49.46588372369158
1620,16.2,9.039409818054748,50.16404316559843
1621,16.21,9.009877761911875,48.756783236808644
1622,16.22,9.114978956355236,48.30337252532372
1623,16.23,9.05967485938476,48.668980617031195
1624,16.240000000000002,9.318101225121262,49.63278601245329
1625,16.25,9.066280582130121,50.226255121199976
1626,16.26,9.007658538079358,50.27426600579205
1627,16.27,8.97380526188287,48.67973934136691
1628,16.28,9.460675720266853,49.00871247829339
1629,16.29,9.204681962523317,48.027873747688986
1630,16.3,8.945963886032878,51.21965793279399
1631,16.31,9.267567419254927,49.8971716817597
1632,16.32,9.210054187103344,49.42595257482982
1633,16.330000000000002,8.989084736145937,50.87100518720082
1634,16.34,8.908016379102822,49.12120345015208
1635,16.35,9.016095695246891,48.517167807104805
1636,16.36,9.56045420938837,48.248128054985386
1637,16.37,9.101911108307824,48.81346321388953
1638,16.38,9.19007330941004,50.0302458760212
1639,16.39,9.279336664715364,48.800971421880185
1640,16.4,9.090248291520192,49.41258341140136
1641,16.41,9.066432479925806,48.30040383159163
1642,16.42,9.403869130883542,48.731347311966864
1643,16.43,9.222360895866805,48.894417296044416
1644,16.44,8.9814910041225,47.69323544294549
1645,16.45,9.18871206036819,49.37192496519822
1646,16.46,9.311457969860497,49.64923966940295
1647,16.47,9.075000994565674,50.14391960587727
1648,16.48,9.671366184708848,48.46284593493405
1649,16.490000000000002,9.437496203978005,49.379213463840884
1650,16.5,8.956381411453654,46.800561465843394
1651,16.51,9.375926383776118,50.0519483521455
1652,16.52,8.928725913317859,48.05410468343035
1653,16.53,8.875127168849403,49.308360581841285
1654,16.54,9.353212274065877,49.69455910168831
1655,16.55,9.172689929101832,48.90987179811246
1656,16.56,9.063544952229211,49.16289958252065
1657,16.57,9.170530346545519,49.05466403405422
1658,16.580000000000002,9.3203949994576,50.548230030947785
1659,16.59,9.177419678373072,48.330926817513365
1660,16.6,8.920022246908932,49.09143341981161
1661,16.61,9.261268139811,49.47061749863094
1662,16.62,8.99326858848612,49.487078021567505
1663,16.63,9.784474838785453,48.368031812453914
1664,16.64,9.246773928191978,49.285166838388065
1665,16.65,9.087348261935487,49.060909331746416
1666,16.66,9.399756227885762,50.433855197480085
1667,16.67,9.600828954408449,49.30800335522065
1668,16.68,9.290838171344669,49.36935044970292
1669,16.69,8.91616398180046,49.42551673966535
1670,16.7,9.190603422476896,48.50802349861235
1671,16.71,9.568159817880868,49.21368041088558
1672,16.72,9.128514491060509,50.18005829368282
1673,16.73,9.039595158907686,49.49936778772164
1674,16.740000000000002,9.220226793516002,48.66362629345295
1675,16.75,8.778714809599613,48.71632928585712
1676,16.76,9.489057249556932,47.24627012273724
1677,16.77,9.013489049429865,50.34041417444494
1678,16.78,9.237333303699272,49.35789605851326
1679,16.79,9.376218754375843,47.08570650721222
1680,16.8,9.708629799724081,49.75275693220833
1681,16.81,9.0953811005552,49.75132688832282
1682,16.82,9.452980420590604,49.158606321063296
1683,16.830000000000002,9.256379946835667,49.14496925785395
1684,16.84,9.381176740078855,49.68164341189581
1685,16.85,9.167207302357145,49.48674517180994
1686,16.86,9.220628741923308,49.20769196412658
1687,16.87,9.210833164817474,48.59457368694122
1688,16.88,9.048613185238958,47.990396554785455
1689,16.89,9.635993307050711,49.10419990028053
1690,16.9,9.061104037624439,48.9465830010869
1691,16.91,9.313368778821232,48.85509449314001
1692,16.92,9.365717836606454,49.33762480666221
1693,16.93,9.531479047040717,48.529071878020424
1694,16.94,9.53354391227897,50.09459982041985
1695,16.95,9.425143946762221,49.09694578359872
1696,16.96,8.988757375252519,49.18113642128081
1697,16.97,9.80974233832732,49.75340678140935
1698,16.98,9.060766725038825,49.42073909299862
1699,16.990000000000002,9.024793574593645,49.316695190424774
1700,17.0,9.881669585142816,48.26799436883913
1701,17.01,9.516364088726943,48.40200056042811
1702,17.02,9.436648742918715,49.03015263321196
1703,17.03,9.783143048238692,49.496622300943365
1704,17.04,9.536746531846989,48.691520815970726
1705,17.05,9.477309208471755,49.21134274723175
1706,17.06,9.409798629424582,48.20325306656941
1707,17.07,9.236340351897246,48.847967963305045
1708,17.080000000000002,9.46763263713559,49.24203494146811
1709,17.09,9.513279386070662,48.73306266462993
1710,17.1,9.32191756220314,49.590639453315205
1711,17.11,9.66718013963066,49.22420630952793
1712,17.12,9.35057790863604,48.651226311366806
1713,17.13,9.588984258051207,49.21433963184789
1714,17.14,9.216544825077216,48.78473010178566
1715,17.150000000000002,9.784665100067098,49.69789217043552
1716,17.16,9.763263253562627,49.61929645091977
1717,17.17,9.376365731085116,49.39808493990205
1718,17.18,9.29927934260648,48.862819220862605
1719,17.19,9.536895019655153,48.73301160413867
1720,17.2,9.558539107105952,51.79235760472839
1721,17.21,9.512886516120274,48.644781061847105
1722,17.22,9.437869384249892,50.78162001481367
1723,17.23,9.463224387183935,48.489296417128315
1724,17.240000000000002,9.604618782657994,49.41628893550096
1725,17.25,9.388222862387561,48.5932231933813
1726,17.26,9.274668167100131,47.753047997334484
1727,17.27,9.724861431591842,47.93049495942599
1728,17.28,9.784649025608237,50.52911731233323
1729,17.29,9.74994120065524,48.66749049482359
1730,17.3,9.399779473720734,49.036948022486534
1731,17.31,9.510287310634617,47.78848014621032
1732,17.32,9.46670158312257,47.97385520343518
1733,17.330000000000002,9.47256155382574,49.1831662465827
1734,17.34,9.808612767474244,49.16252408211119
1735,17.35,9.537941285067255,49.723167318759025
1736,17.36,10.115343234499074,48.41895954861742
1737,17.37,9.259007310221273,48.64580698063192
1738,17.38,9.259454327254888,48.1452159000934
1739,17.39,9.329151498246318,50.14233673249261
1740,17.400000000000002,9.840130803135306,48.35478620470112
1741,17.41,9.520727073170676,49.665753629699644
1742,17.42,9.710409353332007,49.21014265440659
1743,17.43,9.507999216409548,49.39816058298128
1744,17.44,9.773703975267651,49.307145160492084
1745,17.45,9.429906056455442,48.55980784382126
1746,17.46,9.408550188967673,48.896301433954456
1747,17.47,9.637952942039377,48.5048538266739
1748,17.48,9.571535277848893,49.175510247179886
1749,17.490000000000002,9.298546140203166,48.46354007661646
1750,17.5,9.356153468495462,49.12800773578478
1751,17.51,9.512962981864284,48.935277006019724
1752,17.52,9.588899052020867,48.25721835929823
1753,17.53,9.921932022303121,48.132010541182176
1754,17.54,9.61205468555281,50.00577226197084
1755,17.55,9.815926350030363,49.77620689718775
1756,17.56,9.503300393321412,49.459026470222874
1757,17.57,9.673678403745756,48.82913013076203
1758,17.580000000000002,9.756912096416082,48.777370600086556
1759,17.59,9.496828719218307,48.02842072136909
1760,17.6,9.589085800040928,49.676879865741796
1761,17.61,9.720895060661274,48.84646403236776
1762,17.62,9.403652780068706,50.144914467202646
1763,17.63,9.71052729220343,48.43227701979024
1764,17.64,9.426023306908194,49.35621723461064
1765,17.650000000000002,9.566156805770081,48.50164180549065
1766,17.66,9.462197932558597,49.78303262426954
1767,17.67,9.565668018001958,49.520997024264275
1768,17.68,9.55075019297231,48.6726807189523
1769,17.69,9.477390354407916,49.34934933380749
1770,17.7,10.189563621591716,48.90527469495658
1771,17.71,10.169761969543234,49.157972224270665
1772,17.72,9.422552341684561,50.26622927243203
1773,17.73,9.923423420146781,49.569198936223096
1774,17.740000000000002,9.958974334528472,48.638885461888975
1775,17.75,9.73166937593842,48.60564344994857
1776,17.76,9.802240690510333,49.55196027091422
1777,17.77,9.419687721461555,48.533504538825525
1778,17.78,9.268192301207918,49.94985975893715
1779,17.79,9.928158067178252,50.64594556129108
1780,17.8,9.712889126856146,50.59279114701006
1781,17.81,9.550854852004587,48.93155085756391
1782,17.82,9.973245618769706,49.73621491181664
1783,17.830000000000002,10.063541864873788,47.66454686768822
1784,17.84,9.699198682665877,49.324311473891946
1785,17.85,10.237615996594466,49.54206586709238
1786,17.86,9.89875792765341,48.664686807645836
1787,17.87,9.377543293282919,48.76730678689345
1788,17.88,9.572048260625929,48.63877551844256
1789,17.89,9.495072009602554,48.71945906257612
1790,17.900000000000002,10.082147815724248,48.69102510152755
1791,17.91,9.474949095528231,50.167327772810566
1792,17.92,10.053084758788549,49.130221546650006
1793,17.93,9.86351330037772,49.84798004502989
1794,17.94,9.841618659393003,47.76268334530134
1795,17.95,9.585657796636285,48.52186105472954
1796,17.96,10.12265774479929,48.04395040215922
1797,17.97,10.12327763598779,47.48597844550786
1798,17.98,9.678426312311267,48.18018215512333
1799,17.990000000000002,9.376167533004532,48.661104172934294
1800,18.0,10.178181918812855,49.20950522060934
1801,18.01,9.744347059987922,47.74935615808253
1802,18.02,9.97473530632452,49.43525187174201
1803,18.03,9.642762551211545,48.648704098885645
1804,18.04,9.979851406432974,49.03190680643253
1805,18.05,9.76615386410443,48.704699184932196
1806,18.06,9.692964369872115,50.15747008635638
1807,18.07,9.945081733846537,47.423762025235284
1808,18.080000000000002,9.517724299725067,47.61992200230719
1809,18.09,9.99877155001636,49.38546630351401
1810,18.1,10.039181981914203,50.604931411229416
1811,18.11,9.877439644012274,50.182807872584156
1812,18.12,10.070565747442462,48.215697401215444
1813,18.13,9.53750169986751,49.00306333455788
1814,18.14,9.978735549459909,49.194398070920144
1815,18.150000000000002,9.627061972907178,48.62857877149233
1816,18.16,9.817634160901607,50.00232218534088
1817,18.17,10.127339226719027,48.777506476435036
1818,18.18,9.818855891648994,48.33176609550044
1819,18.19,10.065638446707641,48.53753994454579
1820,18.2,10.170068421425858,48.778344205129265
1821,18.21,9.441878224427281,50.57760875509983
1822,18.22,9.906972154592784,49.55515123460122
1823,18.23,9.703594172181921,48.0138211751556
1824,18.240000000000002,9.744583856074165,51.16814684912923
1825,18.25,9.981128182913555,49.98175866437229
1826,18.26,10.154826345325977,50.070982715377795
1827,18.27,9.944534184876083,46.85345672210919
1828,18.28,9.937095543003737,48.189534304350985
1829,18.29,9.854002038291899,50.16764014421841
1830,18.3,10.13434858148064,47.722685418013874
1831,18.31,10.233595048645986,50.01363325703597
1832,18.32,9.699899406721695,47.3835041472504
1833,18.330000000000002,9.503513049088943,48.240384592583794
1834,18.34,10.171806731100174,49.265657261539374
1835,18.35,10.038714879682347,50.56152195795983
1836,18.36,9.717177341208645,48.8728039238789
1837,18.37,10.127685517095458,48.89650339346478
1838,18.38,9.972656934018982,49.66503861426268
1839,18.39,9.993756995220144,48.001650714301704
1840,18.400000000000002,9.871875735178019,49.97425328956475
1841,18.41,9.452647768151783,49.463267977421964
1842,18.42,9.803369713569444,49.52610878149473
1843,18.43,10.067173269344085,49.176420520548824
1844,18.44,10.237045107733309,48.91291710218111
1845,18.45,10.20970162562514,48.25188142594554
1846,18.46,9.843776873187517,49.52526534964569
1847,18.47,10.012808545760013,49.287740746927895
1848,18.48,10.031161273578249,48.529385018097436
1849,18.490000000000002,9.988784374674472,48.3050887083177
1850,18.5,10.048392782441868,48.05132690786544
1851,18.51,10.19908391939532,49.137922420386715
1852,18.52,10.196558049527232,48.15249354577864
1853,18.53,9.784678145415986,49.0084958124628
1854,18.54,10.151618046831713,49.340208676302474
1855,18.55,9.925141090953705,49.09946187441986
1856,18.56,10.263489887576743,46.487277694962785
1857,18.57,10.404130181196276,49.605358062541974
1858,18.580000000000002,10.09538827336304,48.29370580498945
1859,18.59,10.39179645840745,49.217155383868885
1860,18.6,10.163694023904362,49.669370379974815
1861,18.61,10.165388837157687,48.9173823205863
1862,18.62,9.911560947478987,48.01115057739774
1863,18.63,9.861304420977445,50.316286673240356
1864,18.64,10.061838884387933,49.16593675070597
1865,18.650000000000002,10.017244899099321,49.07895903639907
1866,18.66,10.489018176634238,49.869210229852435
1867,18.67,10.133012063172027,50.25589253891444
1868,18.68,9.875372037962912,51.097883810859656
1869,18.69,9.801263756024499,49.50355346195793
1870,18.7,9.900824029384227,50.04488032276073
1871,18.71,9.800135053836389,48.58733484628002
1872,18.72,10.190559359439696,50.060683927364394
1873,18.73,9.852496169070482,49.43961028202758
1874,18.740000000000002,10.053850137174257,48.49263233804697
1875,18.75,10.009914716127085,51.25114743955312
1876,18.76,10.226772826825474,49.516019801167424
1877,18.77,9.575634330694493,50.58479828366646
1878,18.78,9.992060892224849,49.728116641973195
1879,18.79,10.217876038609035,48.76527868246383
1880,18.8,10.550452619488805,50.677973142615706
1881,18.81,9.810446893911484,49.50931777950863
1882,18.82,9.954983402521165,49.11826819278207
1883,18.830000000000002,10.311842696391826,49.89564573172698
1884,18.84,9.80308661301435,48.417877304110654
1885,18.85,10.045314524280165,49.13041561186354
1886,18.86,10.094773826562225,50.24515745066085
1887,18.87,9.909272008708747,49.29345195749357
1888,18.88,10.011583098482413,49.23560134911074
1889,18.89,10.499570944848085,48.99233829324241
1890,18.900000000000002,10.438428139063047,48.517555106855205
1891,18.91,10.105550835208673,49.078619867438704
1892,18.92,10.099618894555807,48.723735955824004
1893,18.93,10.21998721544282,50.55211450564065
1894,18.94,10.016221870249217,48.22347249812424
1895,18.95,10.034237879430266,48.22188540467649
1896,18.96,10.416354125577184,48.899335185431056
1897,18.97,10.326568775349525,49.231477465179346
1898,18.98,10.381742194308796,48.30761658921084
1899,18.990000000000002,10.491172162823728,48.52868557782038
1900,19.0,9.999488448852075,49.845022205970515
1901,19.01,9.873170632495686,49.36929995573988
1902,19.02,10.44632898463472,49.80143521500477
1903,19.03,9.90179645676826,50.00845892356425
1904,19.04,10.098065911602347,49.53074757409153
1905,19.05,10.207355202198166,50.68297185630193
1906,19.06,10.432064786213388,48.421997838064506
1907,19.07,10.359528679060032,50.179510907448226
1908,19.080000000000002,10.102644566955938,47.8500842835154
1909,19.09,10.066450637613249,50.0276099729132
1910,19.1,10.319094124290588,49.66270160832275
1911,19.11,9.904309487095853,48.120068804660896
1912,19.12,10.311922604011325,48.16952260839554
1913,19.13,10.316017331828332,49.75954215993854
1914,19.14,10.000730266062845,49.39715472877593
1915,19.150000000000002,10.266097713531746,48.738853674377225
1916,19.16,9.933128447925126,48.18768626200483
1917,19.17,10.11773366873832,48.492496407058454
1918,19.18,10.386844899976502,47.726200299724546
1919,19.19,10.422590684951368,48.41141257470038
1920,19.2,10.30073771202535,49.67012361540458
1921,19.21,10.24922539247333,48.691428932761404
1922,19.22,10.150620280004164,49.76203169022907
1923,19.23,10.279943440958533,47.31957698327415
1924,19.240000000000002,10.110247134284716,48.70750104044392
1925,19.25,9.977039013974007,49.79501277013338
1926,19.26,10.045049026407595,49.833821075679914
1927,19.27,10.166813169022019,47.7132928247001
1928,19.28,10.24355128624485,48.61925428852111
1929,19.29,10.050831706676089,51.86214989348323
1930,19.3,10.135959985219698,51.152217848546535
1931,19.31,10.12325717547338,49.85024637540777
1932,19.32,9.951621184749953,51.56515185669657
1933,19.330000000000002,10.169711396772913,51.28944251129151
1934,19.34,10.678454416853294,48.85808995433456
1935,19.35,10.169298256254834,47.59593250568559
1936,19.36,10.393594776883324,49.605570235311355
1937,19.37,9.938853112414654,48.09358078865591
1938,19.38,10.084300985117459,48.47252344536113
1939,19.39,10.543689968610389,49.52875612101837
1940,19.400000000000002,10.313386391492834,50.81618459432201
1941,19.41,10.091273451191936,49.44243783031919
1942,19.42,10.571421084718521,50.581498648941555
1943,19.43,10.482311619838477,49.27913668444704
1944,19.44,10.188231681504059,49.690285904743945
1945,19.45,9.93955790841952,50.171804615796205
1946,19.46,9.976421730268811,49.93919503425846
1947,19.47,10.259981209624257,49.29061601586989
1948,19.48,10.330380245765557,48.93366875435318
1949,19.490000000000002,10.338926728765129,48.082477646102575
1950,19.5,10.637380572971347,49.16474086395343
1951,19.51,10.65684657205476,50.49987350834572
1952,19.52,10.6336126541898,50.25484434771755
1953,19.53,10.251102973828505,49.35452407220875
1954,19.54,10.280705678812451,49.90380598911788
1955,19.55,10.601754057325149,50.36073834673874
1956,19.56,9.688712411961445,49.15194360540176
1957,19.57,10.555831686848812,49.822227293990956
1958,19.580000000000002,10.234913252235565,50.35851083268706
1959,19.59,10.188587659559346,48.2063607408449
1960,19.6,10.22683559828225,51.235366859746954
1961,19.61,10.405768233539508,49.836959820209515
1962,19.62,10.364803590516988,47.94548573001352
1963,19.63,10.138339964292163,50.28501113128806
1964,19.64,10.426687626916667,51.29891777194178
1965,19.650000000000002,10.404947284271831,50.34282677101605
1966,19.66,10.233242617596693,48.506426550371756
1967,19.67,10.461328521221088,49.63741613472256
1968,19.68,10.44181567991828,49.144710201254384
1969,19.69,10.396959621041502,48.52381572252704
1970,19.7,10.733866413749995,50.898790020624325
1971,19.71,10.332116560542977,48.918476005189525
1972,19.72,10.353781433476222,51.09656815722449
1973,19.73,10.137674552112554,51.65234576757683
1974,19.740000000000002,10.313196208667051,47.98130915841811
1975,19.75,10.326631009385478,47.983859169645484
1976,19.76,10.027760569731731,50.95962311281296
1977,19.77,10.531135337711872,50.16810347460498
1978,19.78,10.442178474495023,48.73826809098632
1979,19.79,10.406647518402975,49.39978653885892
1980,19.8,10.257961313635866,50.27235915376302
1981,19.81,10.205427711717556,50.579080385007956
1982,19.82,10.06468768533139,51.04670334734061
1983,19.830000000000002,10.681303271151878,51.319509522313545
1984,19.84,10.166585844383619,50.11574742870149
1985,19.85,10.809025962965952,47.867063785279456
1986,19.86,10.704152528463677,50.32780546537964
1987,19.87,10.267134687205743,50.70675323281723
1988,19.88,10.634849617226035,50.63870396860106
1989,19.89,10.131218138897482,50.278325004872656
1990,19.900000000000002,10.28210386818559,50.815077101952
1991,19.91,10.085525422495712,50.675525235308264
1992,19.92,10.564352841313458,50.67858139650417
1993,19.93,10.563345731440377,50.82605329919295
1994,19.94,10.359373036494334,49.71371642049194
1995,19.95,10.461876089169353,50.694974478783855
1996,19.96,10.160967320339832,50.70098168829817
1997,19.97,10.620633293505609,50.68889435695478
1998,19.98,10.13154060271537,49.89905424191034
1999,19.990000000000002,10.630811155828201,49.490980052953105
2000,20.0,10.787137289646596,48.939180362470914
2001,20.01,10.562279226549984,51.1150646155035
2002,20.02,10.577651542016913,48.63715638976961
2003,20.03,9.95268206960395,49.386220911144115
2004,20.04,10.577641408031589,51.501063864982186
2005,20.05,10.507009019466249,48.55141031981925
2006,20.06,10.249601045234536,50.98663756897292
2007,20.07,10.583258933360026,49.086701086747304
2008,20.080000000000002,10.601059875324097,50.395912703468454
2009,20.09,11.059622480114044,50.08500945210594
2010,20.1,10.530370617378924,50.28730336206314
2011,20.11,10.543087129908931,48.861824220305714
2012,20.12,10.426716575692172,50.25785653318575
2013,20.13,10.412890940882566,48.81539979249343
2014,20.14,10.728011478875027,49.8536369366545
2015,20.150000000000002,10.277340155914999,49.76888922045704
2016,20.16,10.46848613931163,50.11854587138228
2017,20.17,10.450315578094338,50.7844318578626
2018,20.18,10.522738704132646,50.48619479834274
2019,20.19,10.525259990198462,49.77989076109342
2020,20.2,10.301119171594943,50.64854701413864
2021,20.21,10.616469537841986,50.33007488841659
2022,20.22,10.59880945872179,50.0407873235999
2023,20.23,10.011466035848322,51.789510579543396
2024,20.240000000000002,11.018245602826184,50.54754540307383
2025,20.25,10.515070831725321,49.937739098787006
2026,20.26,10.308155280951004,49.380123726004825
2027,20.27,10.571115732768883,49.80001480823688
2028,20.28,10.425570044235895,52.19436120747825
2029,20.29,10.326302870438106,49.89169842569064
2030,20.3,10.417373515519508,50.4717903897087
2031,20.31,10.45431172325744,50.24706629415547
2032,20.32,10.569702934189378,48.32350231650535
2033,20.330000000000002,10.436880271626986,50.266931824573085
2034,20.34,10.345179643896998,50.91655028698766
2035,20.35,10.401700962226094,49.09637296307032
2036,20.36,10.34939054458786,49.36887832469128
2037,20.37,10.227972798228475,50.09967556134178
2038,20.38,10.292106603274082,50.66675555297197
2039,20.39,10.204246409639095,50.367310497359746
2040,20.400000000000002,10.787480322570673,48.95135516213104
2041,20.41,10.261022582162624,50.25868189188202
2042,20.42,10.517941278410847,51.19184918149467
2043,20.43,10.861061279906114,50.94304551482456
2044,20.44,10.413747148492396,49.82199619544593
2045,20.45,10.711264168073816,51.01340948462752
2046,20.46,10.30945525273752,48.811406830190585
2047,20.47,10.73565494677156,49.7330596447771
2048,20.48,10.568962276400294,49.06693758501017
2049,20.490000000000002,10.547037044589448,49.72060386278386
2050,20.5,10.617720413673489,48.54099923760842
2051,20.51,10.605446056043617,52.06558369910005
2052,20.52,10.485824829528704,50.97435056647188
2053,20.53,10.871112715033998,50.475985424069414
2054,20.54,10.369413156847244,51.0551919564122
2055,20.55,10.57254252918948,50.692889824190516
2056,20.56,10.266060254671022,49.12086777587517
2057,20.57,10.712418613623331,50.83297990087501
2058,20.580000000000002,10.788932476445616,51.424782412235075
2059,20.59,10.16111673452661,52.09887804134573
2060,20.6,10.45628742033494,50.60128130299791
2061,20.61,10.099748307847188,48.089362009006955
2062,20.62,10.607537744915264,49.59022125138826
2063,20.63,10.754649074325979,50.34191144843306
2064,20.64,10.396876706272575,51.3943356957741
2065,20.650000000000002,10.69069630306981,48.18345179301792
2066,20.66,10.282752096317319,49.6095376579379
2067,20.67,10.271470896845472,48.545897242294025
2068,20.68,10.466279359723076,49.839281684532445
2069,20.69,10.198911787699428,50.63904213855707
2070,20.7,10.365886941361646,50.864448633363736
2071,20.71,10.418369350923395,50.72368578896532
2072,20.72,10.5259131448907,50.053411016919156
2073,20.73,10.263409729427652,50.84381053691532
2074,20.740000000000002,10.59981160129168,51.24225198585926
2075,20.75,10.064993195118735,50.720130052450536
2076,20.76,10.72926620809818,49.75986642938754
2077,20.77,10.84956406836277,50.79465052248581
2078,20.78,10.625777290159139,52.52317988005079
2079,20.79,10.605871543168764,49.62526060984468
2080,20.8,10.313185817135922,48.97094614426262
2081,20.81,10.679366473032085,51.008182529542886
2082,20.82,10.179012466789622,49.53257546304539
2083,20.830000000000002,10.425397865835057,51.525437924272424
2084,20.84,10.480946980500159,52.33137819023496
2085,20.85,10.572193642423619,50.03369671678424
2086,20.86,10.274378381367436,49.60020691372084
2087,20.87,10.595815972431321,49.76776395301853
2088,20.88,10.352895264326834,49.54977316713911
2089,20.89,10.571558730935024,50.64665016155006
2090,20.900000000000002,10.483572004110972,47.94117976552767
2091,20.91,10.337156125197792,50.2092954226554
2092,20.92,10.80326577382551,52.014348897166485
2093,20.93,10.584552713755945,50.30974785802619
2094,20.94,10.800626166066667,52.13158215172064
2095,20.95,10.926323624634756,48.803529935218634
2096,20.96,10.22806444705407,49.688584543315336
2097,20.97,10.081966087984338,50.5674154615305
2098,20.98,10.460482228797725,50.008558936248704
2099,20.990000000000002,10.661314468153407,49.87045166905191
2100,21.0,10.586275361860189,49.47647988145795
2101,21.01,10.630607130923616,50.05459329426441
2102,21.02,10.403216999329544,49.8459227039892
2103,21.03,10.084709961569684,51.22620732090736
2104,21.04,10.884668474570814,50.49774226224262
2105,21.05,10.428906825191188,52.231277947612185
2106,21.06,10.923221000935959,49.77226342782298
2107,21.07,10.358149698888115,51.23853463023078
2108,21.080000000000002,10.606666867613786,51.4192545219791
2109,21.09,10.413716475593862,50.34253412499586
2110,21.1,10.76326982651883,51.978815583273985
2111,21.11,10.130614067941371,49.82774208999991
2112,21.12,10.734869377858042,50.08816862798435
2113,21.13,10.306920808794516,50.85341100155473
2114,21.14,10.68421993543003,50.332008038283206
2115,21.150000000000002,10.294369709936964,51.464329877881674
2116,21.16,10.783769669153921,51.53888027147368
2117,21.17,10.81399541790561,52.35718516289162
2118,21.18,10.517629983178608,51.32657270744707
2119,21.19,10.595534528364004,50.73802095363625
2120,21.2,10.565141428191824,50.80881211098288
2121,21.21,10.588278397877044,47.70203742608234
2122,21.22,10.317460317701752,49.94514697083778
2123,21.23,10.74161858746399,50.83499596879092
2124,21.240000000000002,10.392456599910831,51.347404180243736
2125,21.25,10.485896063002517,51.72140315518011
2126,21.26,10.571346187532058,51.75832154998765
2127,21.27,10.572517452487247,50.23238522640359
2128,21.28,10.568823243449653,50.39377129201546
2129,21.29,10.872532408647471,50.992837764075624
2130,21.3,10.448958143320526,51.28819888868288
2131,21.31,10.46040847718398,50.07927883017527
2132,21.32,10.67625356640049,50.9732771944968
2133,21.330000000000002,9.968651308914778,50.75554393997302
2134,21.34,10.284336284643667,50.57521240854246
2135,21.35,11.05455128144386,52.153877311766344
2136,21.36,10.749955739089323,50.780667476301126
2137,21.37,10.495706470496906,50.49236815501355
2138,21.38,10.66079526647659,51.37280617554497
2139,21.39,10.637012721386943,49.8579141167792
2140,21.400000000000002,10.255782670451808,51.513177589893374
2141,21.41,10.363332880879343,50.5345686684713
2142,21.42,10.691163876547563,50.66377395196701
2143,21.43,10.562414244067353,50.11249631812532
2144,21.44,10.412985778941145,50.83309679878461
2145,21.45,10.52875299257253,49.627469945199095
2146,21.46,10.371962825165115,50.59855436723998
2147,21.47,10.255463900146651,49.246370628374734
2148,21.48,10.723206044114171,52.23823324793447
2149,21.490000000000002,10.72408361240576,52.20792455077429
2150,21.5,10.860497349687302,49.945962839440135
2151,21.51,10.550182805620139,51.173312547486915
2152,21.52,10.814530488977752,51.43202263786391
2153,21.53,10.61533480778574,49.90458076982688
2154,21.54,10.366268660004994,49.81762184236723
2155,21.55,10.836393716886683,50.939057968309946
2156,21.56,10.217742406656587,49.73236327674213
2157,21.57,10.882771708926388,50.665631345821005
2158,21.580000000000002,10.818790210945743,50.0155170985129
2159,21.59,10.39764048121995,49.9649163047343
2160,21.6,11.173877099551227,52.26002711477983
2161,21.61,10.507907277183703,50.69089180608566
2162,21.62,10.504122408324427,50.46254128649087
2163,21.63,10.917916950182894,50.73111599872236
2164,21.64,10.58080144429195,50.36868619129247
2165,21.650000000000002,10.085185503886432,51.01401232342774
2166,21.66,10.66592704240765,50.8803289827861
2167,21.67,10.478292897938989,50.28812712466291
2168,21.68,10.39116321700458,51.54372870369965
2169,21.69,10.669990901194051,51.54435939060606
2170,21.7,10.584704534766058,52.00380140177601
2171,21.71,10.507168033188588,51.729714935557084
2172,21.72,10.397614916797103,52.060303749261685
2173,21.73,10.584936493429808,52.04089127230595
2174,21.740000000000002,10.3633905480478,49.992658386653
2175,21.75,10.61646848830888,49.62531970275497
2176,21.76,10.167600088206685,49.44539338829358
2177,21.77,10.381311044444452,52.413628415536536
2178,21.78,10.542529067154474,49.93257690431358
2179,21.79,10.506101713381932,53.232254291371575
2180,21.8,10.54627342324438,50.80625497906866
2181,21.81,10.519976784719626,50.36357352522191
2182,21.82,10.508786265463158,51.48361020609725
2183,21.830000000000002,10.739247321713458,52.13202647005399
2184,21.84,10.513408848433436,50.25509195116367
2185,21.85,10.4869303525177,50.47784151863597
2186,21.86,10.652346575349414,51.60112863792597
2187,21.87,10.411349252095798,49.46151118954002
2188,21.88,10.350722117036103,51.17874822558658
2189,21.89,10.568200958700578,51.077688354214395
2190,21.900000000000002,10.478758258557342,51.51870844562761
2191,21.91,10.107579047541481,52.18477528980195
2192,21.92,10.320618600132244,50.599114800373826
2193,21.93,11.034596384783056,49.409741138525504
2194,21.94,10.85936424486526,52.453563621636654
2195,21.95,10.347805170313375,50.17869882896366
2196,21.96,10.555917368985126,51.3227692304088
2197,21.97,10.48425270451708,50.81304414595169
2198,21.98,10.583008269091287,50.851770179399466
2199,21.990000000000002,10.284073097336545,51.90000489173497
2200,22.0,10.548636717513915,51.976122873794694
2201,22.01,10.95944914253447,51.140008745613244
2202,22.02,10.68399722457968,51.22626599323028
2203,22.03,10.303871315005592,50.53345762420604
2204,22.04,10.665514415023441,50.69474774794577
2205,22.05,10.40411297581268,49.83093331356667
2206,22.06,10.525809102584695,50.99732633794875
2207,22.07,10.314041132854957,49.33572049146463
2208,22.080000000000002,10.58818742743906,52.04441727954839
2209,22.09,10.616463005613655,50.02944341783775
2210,22.1,10.532533163432566,51.856378893957014
2211,22.11,10.413362991162678,49.69956597770467
2212,22.12,10.415467980506348,50.89687624183097
2213,22.13,10.769829371363816,50.0200000277279
2214,22.14,10.803575276781839,51.30446913059444
2215,22.150000000000002,10.329643540633334,51.06717535023991
2216,22.16,10.802382927136943,50.860559981763544
2217,22.17,10.757288572007887,51.35214005768187
2218,22.18,10.343023973797347,52.959795458309216
2219,22.19,10.33861876673784,50.78716616006539
2220,22.2,10.32258957740575,52.32356181407084
2221,22.21,10.38599597936133,51.977762887315286
2222,22.22,10.476395380201126,51.83463967592363
2223,22.23,10.64056943952871,51.95794101113318
2224,22.240000000000002,10.363274653104684,50.305090625531385
2225,22.25,10.785021754564026,50.79252194720548
2226,22.26,10.43115747511553,53.75776848776324
2227,22.27,10.724483919043742,51.68347830276491
2228,22.28,10.471370460800756,50.401501241467834
2229,22.29,10.626596933549965,51.18573290276936
2230,22.3,10.382505936171762,51.54196467171927
2231,22.31,10.713412425695223,51.18090000705062
2232,22.32,10.377915322464075,50.930830037428656
2233,22.330000000000002,10.617348391098169,50.3775603504887
2234,22.34,10.533165718583927,50.497708019259946
2235,22.35,10.546616750509084,50.96789537253191
2236,22.36,10.469640890180397,51.96718978426835
2237,22.37,10.767883611115783,52.92007305111158
2238,22.38,10.687178942136077,51.99331063177349
2239,22.39,10.17252719674726,54.21397206507394
2240,22.400000000000002,10.400741480150456,51.07390271529128
2241,22.41,10.094873103374846,51.65746156599563
2242,22.42,10.23892406348926,51.23017104491093
2243,22.43,10.878873819414125,51.73187583108684
2244,22.44,10.382520184621528,50.77723538025246
2245,22.45,10.785368099237779,50.86286760849891
2246,22.46,10.177932351692595,50.11549985376071
2247,22.47,10.378518128207261,50.8870980780176
2248,22.48,10.80514248928747,52.071250771758066
2249,22.490000000000002,10.377117620299193,50.4822463921255
2250,22.5,10.520598388160026,51.10067992575935
2251,22.51,10.462262828103981,49.9486485972611
2252,22.52,10.657801234020134,52.32942335332888
2253,22.53,10.448370063993405,51.27885918855595
2254,22.54,10.456666228129343,51.87701920238904
2255,22.55,10.426923482019353,52.76562988619821
2256,22.56,10.642983177520016,52.61869793307733
2257,22.57,10.332994086297957,52.1109916514809
2258,22.580000000000002,10.07635077920814,52.23030991302333
2259,22.59,10.58117018557917,52.49611320615217
2260,22.6,10.720442938250835,52.492728473213845
2261,22.61,10.225828696233142,50.456908746112205
2262,22.62,10.331564405296351,51.26041675216736
2263,22.63,10.524456001415844,50.33967212257378
2264,22.64,10.768007877842775,51.90786623455586
2265,22.650000000000002,10.587947530647595,48.38456520818931
2266,22.66,10.745602360424797,50.504501424755546
2267,22.67,10.1871253790766,53.27416298477122
2268,22.68,10.356923687413218,50.64786601987935
2269,22.69,10.297746635617493,50.8244051927947
2270,22.7,10.811414215554304,50.66174094346799
2271,22.71,10.515463478408964,52.42714810645059
2272,22.72,10.73001941817741,51.8866150737848
2273,22.73,10.47828271606768,50.30978535293051
2274,22.740000000000002,10.23232975061238,50.866527031814115
2275,22.75,10.545431347835486,52.93622617972651
2276,22.76,10.214412598725803,51.51962994146546
2277,22.77,10.364435322507697,51.449024698048234
2278,22.78,10.5483402651434,49.8946581156093
2279,22.79,10.30937904510924,51.178497451653755
2280,22.8,10.282262972125512,50.36657266844156
2281,22.81,10.425503097650271,51.35431841155782
2282,22.82,10.466162592058772,51.73520030075181
2283,22.830000000000002,10.35755601953458,51.02064826836002
2284,22.84,10.386966089167377,53.273806667613705
2285,22.85,10.274318523552722,52.149011208081305
2286,22.86,10.463623703466826,51.83953698176462
2287,22.87,10.520326928210299,51.03055894201181
2288,22.88,10.708990882189736,51.147546435916304
2289,22.89,10.077085234818796,51.16955629844579
2290,22.900000000000002,10.554087417664025,51.59624097246606
2291,22.91,10.580647394496282,51.475634632928646
2292,22.92,10.42386851798267,52.87028507899746
2293,22.93,10.23446558001107,50.20755905655853
2294,22.94,10.56568701225218,51.23932156556425
2295,22.95,10.18594665884898,52.749642335577335
2296,22.96,10.481376964436807,50.13456286025052
2297,22.97,10.42020131055864,52.181932995919084
2298,22.98,10.719662570264578,51.30447427790101
2299,22.990000000000002,10.266230527012434,51.93261171944492
2300,23.0,10.424634622073201,51.09682999503964
2301,23.01,10.566054569897862,51.85871122966548
2302,23.02,10.57559721728543,51.356546070246324
2303,23.03,10.327778088031346,51.66239648198107
2304,23.04,10.196031780732914,51.497227045030954
2305,23.05,10.512315197691267,52.19763804531286
2306,23.06,10.399519572614006,51.69748819470794
2307,23.07,10.556137916272412,50.56410786734422
2308,23.080000000000002,10.631708471832496,50.38321990966376
2309,23.09,10.283217349158376,49.92599152340134
2310,23.1,10.282761714370892,51.616812407979836
2311,23.11,10.53549250093674,52.09270800748205
2312,23.12,10.179135249810967,49.24225308106254
2313,23.13,10.740263847729336,50.38047307950608
2314,23.14,10.290799674170959,50.91475358286786
2315,23.150000000000002,10.137376812423627,51.81074630168894
2316,23.16,10.059671296476766,52.274456559778706
2317,23.17,10.389501061374935,51.7177928970192
2318,23.18,10.703400482144344,50.977544828068986
2319,23.19,10.56934324576309,50.216191095764
2320,23.2,10.184172077957454,51.00625034269796
2321,23.21,10.29374390149966,51.79578059356795
2322,23.22,10.441882032239286,51.39716836456408
2323,23.23,10.39766907332255,53.46402572934079
2324,23.240000000000002,10.284769940771934,52.80864923180191
2325,23.25,10.543171962743283,52.61113988448838
2326,23.26,10.567537934106715,52.1384030285156
2327,23.27,10.376016436009177,51.6581430478354
2328,23.28,10.466990085896727,51.57523782101624
2329,23.29,10.201783464695087,52.00048381035887
2330,23.3,10.568315483633171,51.831511022645884
2331,23.31,10.38892000796922,51.810360351917254
2332,23.32,10.459189917006904,51.62908802299853
2333,23.330000000000002,10.526842494354833,52.601578102035894
2334,23.34,10.334748869879311,52.791964007329696
2335,23.35,10.62971497271741,50.85611180205232
2336,23.36,10.346224091984407,51.21527005522431
2337,23.37,10.184460426321994,50.878440669455024
2338,23.38,10.404534768708462,51.22421623176297
2339,23.39,10.306112775410643,50.62501466911746
2340,23.400000000000002,10.469858180690984,52.77649722465595
2341,23.41,9.971498613455697,52.13632979704661
2342,23.42,10.386655559126323,51.6936297400685
2343,23.43,10.341975712964768,52.849235459560006
2344,23.44,10.628946244772644,51.96838058672384
2345,23.45,10.730112008864088,49.99958312033433
2346,23.46,10.470665281066553,52.47531732901313
2347,23.47,10.438887335784093,51.27546420723875
2348,23.48,10.491015574629044,50.04677885724216
2349,23.490000000000002,10.65663111224173,51.78624654719642
2350,23.5,10.33053498902922,51.40156364149083
2351,23.51,10.394675436639044,52.75734868025521
2352,23.52,10.144975580175435,51.66542019082853
2353,23.53,10.36403182060696,51.27118081839562
2354,23.54,10.061627370650022,51.84944407211087
2355,23.55,10.632320794352353,51.65793511363866
2356,23.56,10.370577646065291,50.729530842298765
2357,23.57,10.42410921061494,52.34402021865281
2358,23.580000000000002,10.262867957927332,51.98714444229941
2359,23.59,10.559487049704256,50.85443690336438
2360,23.6,10.241963792721224,52.93590265213873
2361,23.61,10.286345891773,53.573354190363865
2362,23.62,10.351208517317726,52.11390329018836
2363,23.63,9.998214327180419,49.46942315081138
2364,23.64,10.233790818377313,51.25203221308941
2365,23.650000000000002,10.237092218283344,52.30251493312127
2366,23.66,10.187229194085127,50.727293897118685
2367,23.67,10.7501618568822,51.0209034851329
2368,23.68,9.771566963007102,51.043386782864786
2369,23.69,10.21115756413535,52.204758816638694
2370,23.7,10.286623552294728,51.64743481722317
2371,23.71,10.235520020471895,51.09162546506389
2372,23.72,10.140007034427988,53.177066802142015
2373,23.73,10.65414912047139,52.42380848522145
2374,23.740000000000002,10.373986308143323,52.896960421680014
2375,23.75,10.501205416364684,50.87574426338705
2376,23.76,10.640361178520626,51.4497567681162
2377,23.77,10.33119881113785,53.09383808615943
2378,23.78,10.35505993554775,51.8173948342829
2379,23.79,10.071538342223048,52.29039384715502
2380,23.8,10.364058712578121,51.80622946484533
2381,23.81,10.539280679626021,50.33947446383352
2382,23.82,10.131895098878847,52.0402626327166
2383,23.830000000000002,10.723255947076309,52.2459555726581
2384,23.84,10.6267938748696,49.43060739868605
2385,23.85,10.256647216191865,51.83333304632909
2386,23.86,10.466904603580414,51.98355585956606
2387,23.87,10.376986024953348,51.84421587632326
2388,23.88,9.976956091585656,51.81260354336019
2389,23.89,10.566179553524453,49.655458528496226
2390,23.900000000000002,10.421149333248714,52.8819833867053
2391,23.91,10.378059202408078,51.580519620951904
2392,23.92,10.206509069029709,52.565670514827545
2393,23.93,10.281344928071926,49.95031657247434
2394,23.94,10.516949068005797,51.324423727047694
2395,23.95,10.49862707568074,52.47995220085557
2396,23.96,10.321661155054969,51.18113527136869
2397,23.97,10.15741770548832,52.51800269764335
2398,23.98,10.659472129398637,50.79715550738727
2399,23.990000000000002,10.474666209008772,51.57419544206196
2400,24.0,10.115705612339013,52.11623611048296
2401,24.01,10.07515263167607,53.3490385681677
2402,24.02,10.334679030023214,51.278041575201826
2403,24.03,10.065199702247162,51.06417653546839
2404,24.04,10.579274751667155,51.010274484442434
2405,24.05,10.081215752248115,50.2995733627147
2406,24.060000000000002,10.321580944614956,51.472875508525306
2407,24.07,10.206275155370585,53.56928857779571
2408,24.080000000000002,10.221715779346761,52.456687932045575
2409,24.09,10.301773719968857,50.45983129449463
2410,24.1,9.875402384256445,51.967659737287676
2411,24.11,9.932097604030048,50.714660052218676
2412,24.12,10.073963750891295,50.59724197206856
2413,24.13,10.237257973793048,52.31969354175991
2414,24.14,10.433258646497952,52.6686202871723
2415,24.150000000000002,10.38298734462542,49.99282299999958
2416,24.16,10.500625220259344,51.94423219423486
2417,24.17,10.291231082564199,52.32922022094214
2418,24.18,10.21827748698246,51.80139463445503
2419,24.19,10.362890041040268,51.07262273803933
2420,24.2,10.306308596689483,49.485836135181856
2421,24.21,10.40189352556382,52.193938546652895
2422,24.22,9.962215437503556,52.93279067219019
2423,24.23,11.028754443113296,52.612975385516584
2424,24.240000000000002,10.103319930570406,52.25087207111467
2425,24.25,10.390504882248996,51.890511158047076
2426,24.26,10.358041695281594,52.354060055544366
2427,24.27,10.418336973629689,52.44150793316648
2428,24.28,10.404000079605048,49.84340465856658
2429,24.29,10.369706706337517,50.05739487507205
2430,24.3,9.899926432202992,52.77069696532695
2431,24.310000000000002,10.224721522861465,52.44718217387783
2432,24.32,9.921829794760166,52.37294055995107
2433,24.330000000000002,9.914124880081399,51.97426039147417
2434,24.34,10.312985776497667,52.64858957122336
2435,24.35,10.296653554777249,52.53498161443246
2436,24.36,10.226771721860798,51.766526866815155
2437,24.37,10.15333134404488,52.87767290072333
2438,24.38,10.221182536274084,49.69218510891273
2439,24.39,9.857652849225708,52.52048155848156
2440,24.400000000000002,10.157478025147663,52.000048348927784
2441,24.41,10.274537854848267,53.304902028472014
2442,24.42,9.981162976352516,51.41720736976483
2443,24.43,10.500529223490979,52.240012417413205
2444,24.44,10.466935470405536,53.26977797628392
2445,24.45,10.099217713934916,50.79890738136486
2446,24.46,9.947304406939924,52.36623559576985
2447,24.47,10.246639072878926,52.389212745719675
2448,24.48,10.73849525615273,49.60814899591083
2449,24.490000000000002,9.874441081493957,51.94454166661942
2450,24.5,10.00841568946173,52.30082093937665
2451,24.51,10.535074187642328,51.347184942910985
2452,24.52,10.425305789088746,51.102724105558515
2453,24.53,9.934547700253079,52.08796967877824
2454,24.54,9.973768506306037,51.830660936364296
2455,24.55,10.214433934937222,51.17781692496925
2456,24.560000000000002,10.338653233523646,50.39498733967535
2457,24.57,10.070576196082696,52.56675440956304
2458,24.580000000000002,10.034142083313698,51.65072170085187
2459,24.59,10.383755804868903,52.542409672097484
2460,24.6,9.985409213233865,51.32211337333389
2461,24.61,9.87094218785927,51.096898342066496
2462,24.62,10.363365555850434,52.7087890184705
2463,24.63,10.164335396861842,52.18451556134063
2464,24.64,10.28942670945661,52.400076832440064
2465,24.650000000000002,10.474964990468505,51.65102210374713
2466,24.66,10.091326727647923,51.031403112278326
2467,24.67,9.879075717641893,53.35761992117447
2468,24.68,10.080151580614778,51.639905876745686
2469,24.69,9.913226248368828,52.23365852382237
2470,24.7,10.136143532111173,50.65367068766505
2471,24.71,10.454417232005076,51.85759636661665
2472,24.72,10.004748296071284,52.17490184830928
2473,24.73,10.599557959364091,51.0663032215936
2474,24.740000000000002,10.06803961970676,52.48614096822607
2475,24.75,10.27193438436982,52.43980038738413
2476,24.76,10.345093939976696,51.156157719034276
2477,24.77,10.24623075089507,49.92173894854009
2478,24.78,10.089927341896736,53.52669675498066
2479,24.79,9.916061202707494,52.26802269615821
2480,24.8,9.816761725286167,52.33344752030529
2481,24.810000000000002,10.597657763391583,50.9770081252793
2482,24.82,10.009404763761497,50.45501190512499
2483,24.830000000000002,10.260045073374583,52.919959993066485
2484,24.84,9.824485002049078,51.09536589627566
2485,24.85,9.974553159608508,52.73336370805652
2486,24.86,9.912528935633564,49.978641792584
2487,24.87,10.165575930617612,51.730035890141274
2488,24.88,10.228866233006583,52.25546360186003
2489,24.89,10.320903859590983,51.27297942344784
2490,24.900000000000002,10.408742553988128,53.04480005892105
2491,24.91,10.036001823450926,51.3567118974781
2492,24.92,10.331146597018737,51.89361579694043
2493,24.93,9.696768892969658,50.8531348206205
2494,24.94,10.463784017562903,50.98539954064487
2495,24.95,10.371887887000478,51.94410330435009
2496,24.96,10.315190159020169,52.3547538097879
2497,24.97,9.845949023075534,52.25651350804147
2498,24.98,10.280842208735223,53.057575456107585
2499,24.990000000000002,9.893861937233325,51.98146033389249
2500,25.0,10.409575739816166,50.66303030398821
2501,25.01,10.292533848752893,50.09974498174075
2502,25.02,10.16749017696211,52.36489206558173
2503,25.03,10.004244707099287,51.4022242986563
2504,25.04,10.123582395897412,52.30805458651572
2505,25.05,10.11497001778686,51.00391280429963
2506,25.060000000000002,10.22522084378937,52.22989072318578
2507,25.07,10.13357774793618,50.07001682919504
2508,25.080000000000002,9.803394891422089,51.75379204376841
2509,25.09,9.974657699506619,50.920788722782646
2510,25.1,10.20895396084192,52.38077717499575
2511,25.11,10.019499803130937,51.40033413356492
2512,25.12,10.100629507415652,50.51141139885881
2513,25.13,9.893549024844148,52.64535144715393
2514,25.14,10.16468085607242,52.538816763310216
2515,25.150000000000002,10.19513815386288,52.75332814952799
2516,25.16,9.762176678491919,51.59590036916784
2517,25.17,9.889661337004242,50.34058759726508
2518,25.18,10.168900133188064,50.64013052099734
2519,25.19,10.02918637422596,53.21299962078109
2520,25.2,9.719843758564155,53.268542977387234
2521,25.21,10.28505249049515,50.44945487880798
2522,25.22,10.227931226016873,51.72009994412183
2523,25.23,10.145197651581832,52.57651518080721
2524,25.240000000000002,10.16610259803781,51.48786995977547
2525,25.25,9.93603123913,50.57843142748469
2526,25.26,10.050888460420344,52.05741966316797
2527,25.27,9.790402651329657,51.89114992594966
2528,25.28,10.19874909080893,52.25259694413014
2529,25.29,10.011377062112082,51.20881322191083
2530,25.3,9.930034241799074,51.7926095313488
2531,25.310000000000002,10.254598518503302,51.85272353381591
2532,25.32,10.056541902240658,52.36660205964119
2533,25.330000000000002,10.218739609281359,52.193580039478995
2534,25.34,10.324182468109303,51.145066713722535
2535,25.35,10.102052867302937,50.70152404789789
2536,25.36,10.1700479617596,52.556309599085445
2537,25.37,10.001161484283802,52.51431639618849
2538,25.38,10.096420854652086,52.40601327259956
2539,25.39,9.887825796649985,52.19748907902533
2540,25.400000000000002,9.95543396592368,50.887444328723454
2541,25.41,9.796141438043229,51.35703775972772
2542,25.42,10.115755520641272,52.31600091324515
2543,25.43,10.058088800095923,50.510392631541194
2544,25.44,10.508840594683925,51.19290163771622
2545,25.45,10.068972379456522,52.225707243236556
2546,25.46,9.85793624335451,51.51111308725093
2547,25.47,10.366687766003057,52.69783478127047
2548,25.48,10.103606726322141,51.13630122134842
2549,25.490000000000002,10.339845377375717,50.91364152221045
2550,25.5,10.137651793240378,53.17798150265425
2551,25.51,9.95451481537568,53.45085422427442
2552,25.52,10.158509782164604,52.580111165222604
2553,25.53,10.045281252954616,52.718183048124786
2554,25.54,10.057565415514945,52.18759017481021
2555,25.55,10.072517138070838,53.18244995110259
2556,25.560000000000002,9.844045824399876,53.828448923639286
2557,25.57,10.275643361003635,50.85382968299193
2558,25.580000000000002,9.890537773634748,52.77832464059429
2559,25.59,10.186246137968793,52.025974492812054
2560,25.6,10.069736176206309,51.17581673784864
2561,25.61,9.768683076722677,50.68741207671898
2562,25.62,10.328256977251899,52.48948148076179
2563,25.63,10.002173024476017,50.246579001382706
2564,25.64,9.704279944635505,51.77428695789245
2565,25.650000000000002,10.318459259604758,53.00981898496061
2566,25.66,10.312870637705526,51.32872432721671
2567,25.67,10.098998011828018,52.66104442238141
2568,25.68,10.355051047473115,51.133479309299894
2569,25.69,10.099613176110347,51.18210587646965
2570,25.7,9.886581149715047,50.9723460576209
2571,25.71,10.289005221963173,50.64351264405981
2572,25.72,9.95104300557224,50.718564617983716
2573,25.73,9.844098803392972,52.26666271149904
2574,25.740000000000002,10.196360307265477,50.57716280833686
2575,25.75,10.183839690208778,50.26798069181686
2576,25.76,9.834255017837117,51.42091886458026
2577,25.77,9.958787678301663,50.0034504736737
2578,25.78,9.776148811088792,50.18154139588195
2579,25.79,9.774699246787913,51.794748783887165
2580,25.8,10.05599662343426,50.93634554960122
2581,25.810000000000002,9.897884604045174,50.93116368276967
2582,25.82,9.844201094983244,53.68988571391218
2583,25.830000000000002,9.670931752896276,51.38228078063801
2584,25.84,10.192001371751802,52.16909835143586
2585,25.85,9.69213143965157,51.3451545626861
2586,25.86,10.091241526923609,52.881074729066285
2587,25.87,10.05160598125555,51.27843395457663
2588,25.88,9.89966599328683,52.49895798678119
2589,25.89,10.338411835726731,52.44474338864708
2590,25.900000000000002,10.023522549226865,52.542314569737584
2591,25.91,10.451872681650684,50.0829555376261
2592,25.92,10.240846349090328,50.75898159428799
2593,25.93,9.965833137020132,50.039463051926006
2594,25.94,10.207741327109408,53.669117927059325
2595,25.95,9.955125514901667,51.85934087080108
2596,25.96,10.1517204205963,50.30898223368471
2597,25.97,10.226546745068452,50.854046567551755
2598,25.98,9.907523109385854,52.149157433699486
2599,25.990000000000002,9.85473839824374,52.13768364746467
2600,26.0,10.160161790354962,52.60150245827719
2601,26.01,10.23027478650603,52.48743925302501
2602,26.02,9.851241537783748,51.54500156270135
2603,26.03,9.732983844457054,51.72223959977379
2604,26.04,9.792331289689372,51.522286567654234
2605,26.05,9.659677092574341,52.4909147122617
2606,26.060000000000002,9.933281462142883,51.125354630107594
2607,26.07,9.854105262866614,51.6007874937523
2608,26.080000000000002,10.194515270949692,51.56833467273285
2609,26.09,10.210697505027758,50.56526248326388
2610,26.1,10.022163768528507,51.881412770846474
2611,26.11,9.860418125453618,52.78424717732575
2612,26.12,9.979342422897224,53.34029796963315
2613,26.13,10.112025592268818,53.77028607227788
2614,26.14,9.855441690047448,50.93812440214962
2615,26.150000000000002,9.589965712386453,51.161566752661884
2616,26.16,10.418689954006442,52.37058885312975
2617,26.17,9.765810306572085,52.177663848566915
2618,26.18,10.374874067531987,52.742054764922685
2619,26.19,10.164397775284254,53.08555914784644
2620,26.2,9.969700156715003,52.47704502740106
2621,26.21,9.882106775285585,52.57618311737801
2622,26.22,9.967861111781536,50.5423460997234
2623,26.23,9.73499376817592,51.294999537079676
2624,26.240000000000002,9.960898280927763,51.206066438655945
2625,26.25,10.288071992539225,52.17810261541036
2626,26.26,10.026440528947404,52.04451424961402
2627,26.27,10.116678649557425,50.36199922434218
2628,26.28,10.145566160603495,51.39163685007277
2629,26.29,9.748590421831112,51.66533171593523
2630,26.3,9.876630174160729,53.189208085265925
2631,26.310000000000002,9.801988432069109,52.42712339445061
2632,26.32,9.954569626744423,50.908375491406794
2633,26.330000000000002,9.882171533275459,51.610480347417486
2634,26.34,9.849230652446705,51.23669644028444
2635,26.35,10.102781811940893,51.96271352394994
2636,26.36,9.937230951143716,50.91712990520232
2637,26.37,9.944874789090427,51.107335039582495
2638,26.38,10.018267906353643,50.6371722560429
2639,26.39,10.366055552747543,52.134861895158025
2640,26.400000000000002,10.073033888041776,50.46870943471821
2641,26.41,9.598281834496161,53.008179487868944
2642,26.42,10.028347861083356,53.91964095136718
2643,26.43,9.947643532338137,53.01046331853834
2644,26.44,9.36356340365016,51.13064838851819
2645,26.45,10.407500429854263,50.72295049927
2646,26.46,9.878651216833767,50.55398662434199
2647,26.47,9.966160888337303,51.311108654517916
2648,26.48,10.062063443356346,50.875758069515854
2649,26.490000000000002,10.13957920593546,52.48410951666711
2650,26.5,10.151582419240055,51.911803762882776
2651,26.51,10.229476451782023,51.864469079616896
2652,26.52,9.825361211435125,50.38046376977077
2653,26.53,10.21948651891634,51.35899245463213
2654,26.54,9.996453495542056,51.42696474279017
2655,26.55,10.037818842295007,50.85098003242128
2656,26.560000000000002,9.951982148462786,50.32070521402669
2657,26.57,9.78456646360626,51.5430038146843
2658,26.580000000000002,10.172953696231609,51.27934571104344
2659,26.59,9.747787884602385,51.593780617948745
2660,26.6,9.899470419771635,49.99277682774978
2661,26.61,10.166360688523154,52.18531635886705
2662,26.62,10.133992728165785,51.1876430570441
2663,26.63,9.83827380832537,51.395902876195144
2664,26.64,9.624741187521996,51.44453389290673
2665,26.650000000000002,10.023227854333971,50.49572681008309
2666,26.66,10.05310889397385,51.52763927812165
2667,26.67,9.695907847742175,52.275435102326135
2668,26.68,10.017592179533386,50.82249812302088
2669,26.69,9.513275384391775,50.270944205361694
2670,26.7,10.084636317055912,53.54286762698558
2671,26.71,9.92835301860795,50.3405374683055
2672,26.72,9.376915250789915,52.47126773703106
2673,26.73,9.579145067593604,51.91715102738604
2674,26.740000000000002,9.869345180140522,52.325984265309664
2675,26.75,10.194917426755099,51.56926453958875
2676,26.76,10.233007180102547,52.23380487618416
2677,26.77,9.638697846442236,50.954548889941016
2678,26.78,9.893139930323976,52.182848840209736
2679,26.79,9.931561135267549,50.4361152861411
2680,26.8,9.681421086665347,51.46251735480607
2681,26.810000000000002,9.583570776320112,49.86513338598717
2682,26.82,10.107736017758437,50.189957298446565
2683,26.830000000000002,10.234065023794546,50.149640243876334
2684,26.84,9.960626111093793,51.97516468317083
2685,26.85,9.538582345991024,51.94027821326429
2686,26.86,10.262755156818718,52.129478134585966
2687,26.87,9.838501696449713,51.4505872775189
2688,26.88,10.408640502145222,50.577622144028965
2689,26.89,9.688460570737329,51.60668239881364
2690,26.900000000000002,10.152888142118183,51.523996335753004
2691,26.91,9.778343756589797,50.42100843470174
2692,26.92,9.82430811677113,51.985389726675734
2693,26.93,9.755684401296126,51.710236756199976
2694,26.94,9.60930992422356,51.78940732773369
2695,26.95,9.88300175746368,51.22865712645995
2696,26.96,9.716422137376917,51.65892337270289
2697,26.97,9.927501311624834,50.03512258752561
2698,26.98,9.892743778814124,51.99128679382539
2699,26.990000000000002,9.823873156518001,53.58688884053156
2700,27.0,9.99975074805112,51.142925945155255
2701,27.01,9.864821886295482,52.54486264359876
2702,27.02,9.594759503906138,50.696228981155976
2703,27.03,9.921372812988233,51.07013501148538
2704,27.04,9.811077741694842,51.58016315885146
2705,27.05,9.834206036023504,51.50873772479583
2706,27.060000000000002,9.53285843221105,51.65458827784879
2707,27.07,9.96579476113051,51.26350878451772
2708,27.080000000000002,9.812524714319444,51.77995691158894
2709,27.09,10.01853300154892,51.000792788768116
2710,27.1,9.47929332269954,50.271943347426145
2711,27.11,10.040299042854453,51.470159321718235
2712,27.12,10.131666291229662,51.42174366556534
2713,27.13,10.152496037913481,52.22023701342247
2714,27.14,10.01675250478441,50.96550267162112
2715,27.150000000000002,10.124225745651227,50.0632850523485
2716,27.16,9.484655257940359,50.69054957396585
2717,27.17,10.104132637731293,50.46181492616869
2718,27.18,10.21934730141101,52.999588707082296
2719,27.19,10.023636914481113,50.98745750336379
2720,27.2,9.876801221774752,50.348045555872666
2721,27.21,9.595531074920375,52.11209022400577
2722,27.22,10.074143682568435,51.10628839265027
2723,27.23,9.67713057152594,50.4233812055082
2724,27.240000000000002,9.7858501595372,51.322650214404675
2725,27.25,10.006176689056861,51.554535058873746
2726,27.26,9.907540478425702,50.92497587710249
2727,27.27,10.288389952293683,51.390680121262534
2728,27.28,9.82862894376765,51.52786598636732
2729,27.29,10.024028914751224,51.69858827445927
2730,27.3,10.08581987249922,52.13685619367582
2731,27.310000000000002,10.06170094393045,52.03077046952365
2732,27.32,9.718988646262181,51.25930755678015
2733,27.330000000000002,9.688871867043982,50.94144295799173
2734,27.34,9.966241367684741,51.68879081070454
2735,27.35,10.123786550520188,50.21792747664386
2736,27.36,10.056073847097728,52.40212550439708
2737,27.37,9.846328544449902,51.44964227118228
2738,27.38,9.702941309071747,52.840203878780144
2739,27.39,9.80077190390194,50.87540471040883
2740,27.400000000000002,9.844686829491156,51.69880141388913
2741,27.41,9.657284613581496,49.62942230593387
2742,27.42,9.96137031762617,50.12243666525423
2743,27.43,9.576348322560532,52.161847171346984
2744,27.44,10.04012926094806,51.462398198886056
2745,27.45,9.800956684838283,51.563682899634784
2746,27.46,9.562470215981772,50.580318479970444
2747,27.47,9.963108691056329,51.693557339898305
2748,27.48,9.770026035369655,52.427339957066856
2749,27.490000000000002,9.985907280459742,50.79050260486441
2750,27.5,10.434594512895435,52.64243538461713
2751,27.51,9.894015109459406,51.20640908895668
2752,27.52,10.151599686381651,50.711682746490865
2753,27.53,9.883443391971149,51.73862626434946
2754,27.54,9.974900286437803,50.06353711666549
2755,27.55,9.7246195788049,51.06470922710727
2756,27.560000000000002,9.72226439121614,51.41694266540802
2757,27.57,9.529845161620806,51.18666545936365
2758,27.580000000000002,9.871271431339556,51.02091178252451
2759,27.59,9.780631997437734,51.23271325983115
2760,27.6,9.924837429879512,49.80865399182173
2761,27.61,9.997136975476439,51.25265302879716
2762,27.62,9.94640596284097,51.578672231491325
2763,27.63,9.635317681752108,51.42457625647158
2764,27.64,9.472385912722608,51.021602767278544
2765,27.650000000000002,9.9860574161738,49.47625995443277
2766,27.66,10.220050186136222,51.098949677279016
2767,27.67,9.958037483976947,49.38499010620952
2768,27.68,9.820389939797744,51.8884778586381
2769,27.69,9.762221021192897,50.84280298808458
2770,27.7,9.970802826525956,51.45262726830995
2771,27.71,9.71675780420832,50.15570819617473
2772,27.72,9.785924864514108,52.35017188545898
2773,27.73,9.420658827111781,50.34622954554768
2774,27.740000000000002,9.74719668102435,51.37111913509663
2775,27.75,9.7117310710955,51.747742610424304
2776,27.76,9.814814814340945,51.78843843966055
2777,27.77,9.587162280062753,51.525007046719
2778,27.78,9.726821423041486,50.793404843157134
2779,27.79,10.001419522420884,52.706784001616086
2780,27.8,9.507378515881474,52.99492006098376
2781,27.810000000000002,9.720757205605729,50.920823998179806
2782,27.82,9.61795622303677,50.963181395442334
2783,27.830000000000002,9.628874230129762,51.15217544994091
2784,27.84,9.993224264088942,51.76849150144135
2785,27.85,9.505828050831868,49.77568492521836
2786,27.86,9.403988582997101,51.006753668890966
2787,27.87,9.488725927326762,52.14294350797126
2788,27.88,10.213320257244234,51.051735824141616
2789,27.89,9.809256308146999,51.08376228679892
2790,27.900000000000002,9.93182138276396,51.84855274941378
2791,27.91,9.46100675217247,52.26199555363451
2792,27.92,9.637273112685586,51.37877872276485
2793,27.93,9.71151684396413,51.245073285884054
2794,27.94,9.441249739705007,52.472125533326796
2795,27.95,9.892050271343448,52.57885753257052
2796,27.96,9.593240795478067,50.09146395856165
2797,27.97,10.324297176792118,51.13187495315912
2798,27.98,9.820408914644256,52.332318145634375
2799,27.990000000000002,9.887953271735569,50.79263918999985
2800,28.0,9.68285627762122,50.7906479394748
2801,28.01,9.586847515095647,51.329593217790425
2802,28.02,9.794421473129233,50.67664309091731
2803,28.03,10.020945770012395,50.644903785790596
2804,28.04,9.81940643024588,51.78233348552961
2805,28.05,9.74010559122825,50.4387495504857
2806,28.060000000000002,9.574530073550761,51.72734567523169
2807,28.07,9.946232521899844,53.986215257767505
2808,28.080000000000002,9.601245770137352,51.86533847527348
2809,28.09,9.434171467721928,51.61907835793606
2810,28.1,10.0821230665664,50.36440766287928
2811,28.11,9.488541721314704,50.82277626088777
2812,28.12,9.72734384668499,49.86921504666489
2813,28.13,9.818435509222496,51.42947314907841
2814,28.14,9.852542585421334,50.91026176791323
2815,28.150000000000002,9.703292450304822,48.806357441793466
2816,28.16,9.64410508462268,53.12501658766335
2817,28.17,10.024450888571929,51.57915682803982
2818,28.18,9.324815651780364,52.8527022325084
2819,28.19,9.670771398043698,51.7647849248002
2820,28.2,9.980946332459377,51.819765695066984
2821,28.21,9.814044178125174,51.200584168250145
2822,28.22,9.486396250611337,49.72475024357498
2823,28.23,9.510890841329267,52.0834118770801
2824,28.240000000000002,9.7143597431827,50.95479245895202
2825,28.25,10.020359050203949,49.839960239201716
2826,28.26,10.061735869327709,50.44212930593543
2827,28.27,10.140795670905867,53.043712107927426
2828,28.28,9.919638364443651,51.10340984828179
2829,28.29,9.841115532637488,51.721871224183
2830,28.3,10.329497268802067,50.72428466231307
2831,28.310000000000002,9.718518192540063,51.34448631047193
2832,28.32,9.719155271258266,50.272528042077035
2833,28.330000000000002,10.157313900467194,50.64723257712767
2834,28.34,10.284381368781595,52.3992919250912
2835,28.35,10.21590664743639,51.72799573638889
2836,28.36,9.911620911280595,49.96222768295986
2837,28.37,9.393468921903215,51.15160838025819
2838,28.38,9.765281394717952,53.25272974165239
2839,28.39,9.460589335530626,49.78588618433788
2840,28.400000000000002,9.889939158285674,50.235739836874394
2841,28.41,9.759159250191658,50.829131945667086
2842,28.42,9.483294330881611,52.883458556215054
2843,28.43,9.983253948636328,50.829842038708136
2844,28.44,9.6905447540876,51.97665535345547
2845,28.45,9.764439505962923,51.781592091892016
2846,28.46,9.638802149259083,51.16550310981942
2847,28.47,9.341083863549175,51.42416440272821
2848,28.48,10.106699855996558,53.03910640895759
2849,28.490000000000002,9.76371230368068,49.81715302022218
2850,28.5,9.616459912366476,52.349455883934766
2851,28.51,9.82668433305856,51.60753980770563
2852,28.52,9.784604462864298,50.44702427702347
2853,28.53,10.224488017256453,51.2470647504503
2854,28.54,9.920026413928214,50.2744565471259
2855,28.55,10.085828850421317,51.51029722156161
2856,28.560000000000002,9.571252122259702,52.58585754042177
2857,28.57,9.824551458784082,51.65950549587602
2858,28.580000000000002,9.709419414391492,51.80577462984696
2859,28.59,9.708873889170459,52.69772779351663
2860,28.6,9.856916333701752,53.0182424937478
2861,28.61,9.507268464979688,49.93948465451622
2862,28.62,9.611888134026822,50.157454872402866
2863,28.63,10.000725980506012,52.21497160644082
2864,28.64,9.626342660187753,50.10509452976285
2865,28.650000000000002,9.830245803977643,51.68602192698545
2866,28.66,9.690763616050196,51.05887639573517
2867,28.67,9.893155258827061,52.533537366300415
2868,28.68,9.958502646721167,51.27767997231396
2869,28.69,9.649574333233792,50.55932455545902
2870,28.7,9.641635939510847,50.925031950465154
2871,28.71,9.587203827368915,50.434354844302625
2872,28.72,9.620702858148853,50.23903182674165
2873,28.73,9.418898646865898,52.35008830180466
2874,28.740000000000002,10.073787823924288,52.174203479729876
2875,28.75,9.718498356119268,51.195218408418725
2876,28.76,10.109169615687168,50.47862254757655
2877,28.77,9.963400511169052,50.593904007335226
2878,28.78,10.011199870800917,51.32431154759873
2879,28.79,9.598416605482297,50.50952887262425
2880,28.8,10.011594596661787,53.6018271977906
2881,28.810000000000002,9.372385026380531,50.56023278624243
2882,28.82,9.624696702735548,50.16145243742634
2883,28.830000000000002,9.723025457926907,51.07476317465586
2884,28.84,9.854530623828198,52.15806216647092
2885,28.85,9.973197438365482,50.175060679165576
2886,28.86,9.923328214333889,50.94037834060885
2887,28.87,10.031806153666794,52.188024858429124
2888,28.88,9.500555341870339,51.146676840966784
2889,28.89,9.594388238852531,49.34216681945966
2890,28.900000000000002,9.551141135670491,49.90863726660319
2891,28.91,9.864453695347615,52.90168651977591
2892,28.92,9.898252174236859,51.11331133619744
2893,28.93,9.336670005104018,49.73477943844999
2894,28.94,9.841665319854256,49.828767666091736
2895,28.95,10.02450274444002,50.96241665023416
2896,28.96,9.431037526964344,53.23958294260701
2897,28.97,9.512045150327976,51.2675096478428
2898,28.98,10.029371877904344,52.438942939267676
2899,28.990000000000002,9.775337594582595,50.49705073079388
2900,29.0,9.73955048693884,52.05155855437438
2901,29.01,9.730523148568938,51.99906730845958
2902,29.02,9.485883749798582,51.17697165547324
2903,29.03,9.41761682743913,51.47813352966143
2904,29.04,9.918908553362863,50.87618647800281
2905,29.05,9.847283087877324,51.44148500796695
2906,29.060000000000002,10.288296593800757,50.55381161667936
2907,29.07,9.740910953845718,52.183905084517804
2908,29.080000000000002,10.191735660118873,50.76449272328262
2909,29.09,9.95356064146524,50.26912945949181
2910,29.1,9.754418315152561,50.762163759442856
2911,29.11,9.990055894300044,51.27719113054199
2912,29.12,9.83612771168278,50.23563514744844
2913,29.13,9.792094729356249,51.36478487050829
2914,29.14,9.722831300210697,51.71066654889623
2915,29.150000000000002,9.888585139733333,48.82526479339173
2916,29.16,9.522377818990874,50.73611813766977
2917,29.17,10.00638135913485,51.11064084493973
2918,29.18,9.8442259951713,51.372992326215005
2919,29.19,9.72108075818043,50.12777783769882
2920,29.2,9.635029315647955,50.5613839770612
2921,29.21,9.630117831001039,49.228212073462274
2922,29.22,9.744990854218223,51.16842038412612
2923,29.23,10.140226028252213,51.06455691090076
2924,29.240000000000002,10.016845024405661,50.15365993108333
2925,29.25,10.224084924803885,51.51956318911109
2926,29.26,10.060243120348398,50.26151217544689
2927,29.27,9.832878313776822,51.07851547299763
2928,29.28,9.268651734144782,51.05761182725919
2929,29.29,9.965421706493483,51.69343025733329
2930,29.3,9.877592094887033,51.26401398122296
2931,29.310000000000002,9.879663804018136,49.36229441361375
2932,29.32,9.70641192108303,51.325924753679296
2933,29.330000000000002,9.978329996165792,51.64222171900394
2934,29.34,9.66923259784724,50.99438140710014
2935,29.35,9.874172968207356,50.15777013032563
2936,29.36,9.60169520185871,50.8972503441978
2937,29.37,9.618264062211411,52.76804171858075
2938,29.38,10.082649227250899,51.78123970308441
2939,29.39,10.020522811247723,51.62401132381606
2940,29.400000000000002,9.463040272414194,50.84320465957253
2941,29.41,9.722588527373551,51.309307370231366
2942,29.42,9.922946813906098,51.00917415244633
2943,29.43,9.518506648305369,50.75493783988456
2944,29.44,9.952992064811756,51.23605260293451
2945,29.45,9.64350398244413,53.0231307607671
2946,29.46,9.863898850483219,49.5506944896717
2947,29.47,9.779624648560175,50.41995281359237
2948,29.48,9.770999708521925,50.36901401460181
2949,29.490000000000002,9.67092080376018,50.70298752467613
2950,29.5,9.70983411409312,50.06487766413589
2951,29.51,9.733077015445632,49.4639376569733
2952,29.52,10.080742222305469,50.278773521161774
2953,29.53,9.463669767105014,51.281309233940526
2954,29.54,9.890526717605429,50.75930165011762
2955,29.55,9.789878559612296,50.707623045866704
2956,29.560000000000002,9.731504713992905,51.63177716568788
2957,29.57,9.836259516861126,50.32677420287245
2958,29.580000000000002,9.743619865293443,50.4892056334954
2959,29.59,10.258458474935058,51.43605539883706
2960,29.6,9.769942075735907,53.6978892083879
2961,29.61,9.745970042997415,51.04136636943607
2962,29.62,10.074192251228112,51.26894710965772
2963,29.63,10.13836431344577,49.14626721304046
2964,29.64,9.914215976756072,52.35138848244004
2965,29.650000000000002,9.27065448896517,51.79331191872988
2966,29.66,9.888696096989774,49.33207647809541
2967,29.67,9.458593203520852,51.05725978617026
2968,29.68,10.0508421544878,51.21728677146964
2969,29.69,9.88572202788581,52.483165624650525
2970,29.7,9.716399274457006,50.093454816535775
2971,29.71,9.644399057954512,52.728953992719525
2972,29.72,9.67438442732573,49.722458950338115
2973,29.73,10.033191883898471,50.957877590128874
2974,29.740000000000002,9.993367863789084,51.34166786548825
2975,29.75,9.993534980077547,51.112511961311704
2976,29.76,9.739915970824095,50.698117093954586
2977,29.77,9.744721556056446,51.20530070943571
2978,29.78,9.859193664871398,51.13837315341979
2979,29.79,10.11080724029654,51.298834776648405
2980,29.8,9.33723899807292,52.532708361238406
2981,29.810000000000002,9.79478221381318,49.46533726123588
2982,29.82,9.82234401023376,50.865226843347514
2983,29.830000000000002,9.964196822259261,50.89058837781825
2984,29.84,9.829603769277693,50.94547406247675
2985,29.85,9.770183123900024,51.34418268131384
2986,29.86,9.549884913794315,50.637798529956655
2987,29.87,9.424602380119198,50.17273331121407
2988,29.88,9.482945949952615,50.57359567908649
2989,29.89,9.999112563177633,50.606562536631394
2990,29.900000000000002,10.418707704514215,51.2653616782753
2991,29.91,9.644265065638436,51.69662490710434
2992,29.92,9.96386497038168,50.349774911157866
2993,29.93,9.803642955442912,52.3125554953978
2994,29.94,10.214436469134702,51.64071226029817
2995,29.95,10.265813380911954,52.1182337752748
2996,29.96,9.92784647275885,50.67074205248132
2997,29.97,9.937155611221305,50.100700330993654
2998,29.98,9.742237095319703,49.34896606802228
2999,29.990000000000002,10.133495937080706,50.517771803118
