,t,x,y
0,0.0,9.022679973088296,12.820337837132008
1,0.01,9.091742248738873,12.896410351566937
2,0.02,9.179155843953309,12.943655839792749
3,0.03,9.266592942662813,13.06169398034772
4,0.04,9.31685933436261,13.058556650066912
5,0.05,9.42945465895774,13.176585470222877
6,0.06,9.507232751982645,13.270168090084557
7,0.07,9.576575328197867,13.284714235928686
8,0.08,9.65317317462226,13.365640605504302
9,0.09,9.721877311599803,13.446721992982264
10,0.1,9.80139135774769,13.560035630978842
11,0.11,9.878182473698901,13.578891200098315
12,0.12,9.948082894273158,13.630332436645265
13,0.13,10.025455310049304,13.739977117704344
14,0.14,10.088263782601379,13.816022344475897
15,0.15,10.167325208879788,13.915603397951301
16,0.16,10.241398064452133,13.947248170520544
17,0.17,10.308944579014133,14.077452725733577
18,0.18,10.37479764884295,14.067243487180844
19,0.19,10.43979981070214,14.218406031086229
20,0.2,10.520831153813472,14.283824200997042
21,0.21,10.590867196877944,14.348747051963148
22,0.22,10.646971349671613,14.471709404509937
23,0.23,10.712203798023118,14.502668322816298
24,0.24,10.780396246809307,14.518254716180449
25,0.25,10.85626139485672,14.655958348018842
26,0.26,10.912156822217934,14.688363919930117
27,0.27,10.99762414446441,14.773227863255018
28,0.28,11.045059005460217,14.837109530091007
29,0.29,11.106189687844699,14.924025914985661
30,0.3,11.166365951837806,14.90295025080808
31,0.31,11.23166605279113,15.02837094440548
32,0.32,11.30698455712261,15.152957987100669
33,0.33,11.362918115493606,15.219396665077623
34,0.34,11.414791621146417,15.28437393742051
35,0.35000000000000003,11.466824115401115,15.423727522306818
36,0.36,11.531838823090686,15.411439649739254
37,0.37,11.593491921772955,15.540841881385113
38,0.38,11.64646690935245,15.548484200316079
39,0.39,11.695994721855904,15.659604127085373
40,0.4,11.749442581187107,15.709055958244797
41,0.41000000000000003,11.818308310954432,15.806281518366484
42,0.42,11.874855847562934,15.874808789161264
43,0.43,11.920522133376096,15.92244204480515
44,0.44,11.974679607996151,15.98115488947414
45,0.45,12.029247996953515,16.099761387822745
46,0.46,12.075510712540295,16.124881718947307
47,0.47000000000000003,12.127072567507408,16.257141976219177
48,0.48,12.187081998408653,16.265631253144647
49,0.49,12.232063210267793,16.3662545031961
50,0.5,12.284408406561484,16.50394941641808
51,0.51,12.352803890604749,16.535591377482884
52,0.52,12.38831847140082,16.614948928716817
53,0.53,12.430452675621748,16.66935143439056
54,0.54,12.490117965869729,16.785120430085744
55,0.55,12.535579990787285,16.81496570719488
56,0.56,12.582729407955481,16.943820463630257
57,0.5700000000000001,12.639469149814651,16.979721057962845
58,0.58,12.69145799219206,17.0721972613816
59,0.59,12.726081824758282,17.16844632880023
60,0.6,12.778655462634715,17.217828780793248
61,0.61,12.819064035862167,17.316620447304285
62,0.62,12.85728139712866,17.351954714592306
63,0.63,12.900722997497699,17.41467166259133
64,0.64,12.950248017489924,17.45406949445832
65,0.65,12.984620456414028,17.59696490460051
66,0.66,13.03836662546462,17.599289711580976
67,0.67,13.079665719728776,17.73090327741059
68,0.68,13.129484779889136,17.78340708447302
69,0.6900000000000001,13.171093282373478,17.84947827474643
70,0.7000000000000001,13.203531533220707,17.92326691593015
71,0.71,13.241787553625528,17.987595690847527
72,0.72,13.286061874719266,18.03418763483725
73,0.73,13.325540339520009,18.173003066123627
74,0.74,13.373310626837316,18.238003086064488
75,0.75,13.404049538838125,18.277708532312847
76,0.76,13.439343350262392,18.34916037714072
77,0.77,13.484042231112765,18.453990236625295
78,0.78,13.534885574297684,18.504374793275314
79,0.79,13.551335152716428,18.585990829017263
80,0.8,13.594049515819577,18.66124161225874
81,0.81,13.62723565808774,18.76236987696408
82,0.8200000000000001,13.666950613024515,18.81972550960358
83,0.8300000000000001,13.6990335257052,18.90558493291741
84,0.84,13.741005786797043,18.93825520201021
85,0.85,13.781297293017744,19.03536974026179
86,0.86,13.810919632582614,19.054504584450598
87,0.87,13.847884541748188,19.188428543288936
88,0.88,13.88090351956917,19.277972616673694
89,0.89,13.919028087219894,19.312714673659777
90,0.9,13.951845202692194,19.417787243557072
91,0.91,13.970260511649585,19.438807189127747
92,0.92,14.0157071049556,19.57019593783597
93,0.93,14.03590886025942,19.605026753560004
94,0.9400000000000001,14.063534288304185,19.623793130901486
95,0.9500000000000001,14.100685714929883,19.778971069926012
96,0.96,14.133154195252104,19.82042115672865
97,0.97,14.167801898005923,19.92992518613884
98,0.98,14.201282737932244,19.94552633191547
99,0.99,14.225941907515178,20.052539714271536
100,1.0,14.250560398138818,20.116311948842213
101,1.01,14.272643182272738,20.194922796850264
102,1.02,14.323732115928163,20.22641153943429
103,1.03,14.34497390271365,20.345407278417508
104,1.04,14.380109573328236,20.395621087340256
105,1.05,14.404122613125812,20.436416523208855
106,1.06,14.423913587310022,20.576569490263807
107,1.07,14.45716274182853,20.66850782569532
108,1.08,14.484288935729117,20.644177084368525
109,1.09,14.511935077124926,20.76810893930509
110,1.1,14.526095535644991,20.823781870136784
111,1.11,14.572857243309498,20.901455088503337
112,1.12,14.586497641573947,20.943775168045743
113,1.1300000000000001,14.603230900313138,21.08729178551258
114,1.1400000000000001,14.62423034610682,21.088132082204567
115,1.1500000000000001,14.656952046300374,21.212551311297073
116,1.16,14.695363081231834,21.290423820293093
117,1.17,14.707487764458389,21.407428886012347
118,1.18,14.73501447604544,21.401307192460976
119,1.19,14.757180262503491,21.441539679360424
120,1.2,14.77566185391386,21.539278903341128
121,1.21,14.810992907163874,21.630212516863804
122,1.22,14.829015558807138,21.687135684311556
123,1.23,14.851286400642813,21.74591274175523
124,1.24,14.860971508693899,21.817968953979936
125,1.25,14.902065860227323,21.922164215276496
126,1.26,14.922058185019775,21.977407816808856
127,1.27,14.938519707132784,22.007401943019698
128,1.28,14.957843407824923,22.103765511743617
129,1.29,14.980202645784262,22.241602620204116
130,1.3,14.998047177420412,22.273738071547182
131,1.31,15.011870100850919,22.33201712674922
132,1.32,15.047868926972816,22.386447234979887
133,1.33,15.060628473003778,22.507750167185655
134,1.34,15.091946729342665,22.551654274034142
135,1.35,15.099915816386186,22.546018807074272
136,1.36,15.122084091059723,22.673682274156022
137,1.37,15.148004125594378,22.75923978821393
138,1.3800000000000001,15.16254044657617,22.796971566283958
139,1.3900000000000001,15.189880604635619,22.91169555082481
140,1.4000000000000001,15.208045932652004,22.968603823322866
141,1.41,15.217008892044838,23.026138396585015
142,1.42,15.233121483292619,23.10706151488775
143,1.43,15.252671530998827,23.15360554740264
144,1.44,15.262392636714473,23.2081699736902
145,1.45,15.285608192832097,23.310107110393716
146,1.46,15.298614568272363,23.429870369438458
147,1.47,15.317760807699475,23.465454203211657
148,1.48,15.345118886571166,23.51061851601621
149,1.49,15.356541204262061,23.54505920335159
150,1.5,15.367174673463882,23.70279020689908
151,1.51,15.384852682864889,23.6941034962309
152,1.52,15.390712853182215,23.873090572825166
153,1.53,15.414732771645628,23.89462104878137
154,1.54,15.435416796969964,23.88988431894264
155,1.55,15.438563446615404,23.995278452471048
156,1.56,15.451054851212083,24.092372335352067
157,1.57,15.477766987033691,24.12844417321478
158,1.58,15.487283330276215,24.241485555727863
159,1.59,15.491589672939764,24.25453538175779
160,1.6,15.528183654320493,24.34213106229212
161,1.61,15.532372938924699,24.430658091173367
162,1.62,15.53249203788859,24.488233430697733
163,1.6300000000000001,15.558533375451786,24.554728080527205
164,1.6400000000000001,15.563752889547521,24.606999334316377
165,1.6500000000000001,15.581115429159262,24.718137840616368
166,1.6600000000000001,15.58798215955982,24.82247140204586
167,1.67,15.602330281920704,24.84581498650564
168,1.68,15.618923034388889,24.866728294757017
169,1.69,15.620250119575573,25.00772997183363
170,1.7,15.642914795446533,25.026773237580887
171,1.71,15.64437278668852,25.104669096294604
172,1.72,15.664542761323299,25.156413461094917
173,1.73,15.6841867014542,25.252944425799747
174,1.74,15.691944886852072,25.34213056213244
175,1.75,15.707592633830007,25.38408507315295
176,1.76,15.71357101166275,25.415275889729962
177,1.77,15.708594680618182,25.54158222788995
178,1.78,15.740256429325006,25.565790203458885
179,1.79,15.737458182225984,25.67732869261223
180,1.8,15.756498666172753,25.726896154296146
181,1.81,15.775419809254057,25.817630766770677
182,1.82,15.773108335701389,25.8083564964635
183,1.83,15.789221222857869,25.940435290527834
184,1.84,15.795427343343148,25.999736532500904
185,1.85,15.798427373759981,26.07923064447624
186,1.86,15.817875659137512,26.1486066672854
187,1.87,15.808243678830902,26.16091924404336
188,1.8800000000000001,15.82279108112248,26.249740279592725
189,1.8900000000000001,15.83439422061385,26.330771139836674
190,1.9000000000000001,15.848733302019289,26.453767535742042
191,1.9100000000000001,15.869713535533187,26.486520009381092
192,1.92,15.859591344518,26.560076913517182
193,1.93,15.885533177879731,26.628645122601945
194,1.94,15.879295679520789,26.65627932286173
195,1.95,15.888472175515108,26.75985412015127
196,1.96,15.893342103116447,26.807436199982877
197,1.97,15.898489295169425,26.836242860330096
198,1.98,15.906672625191087,26.92072932200065
199,1.99,15.922022096164051,26.973804994258142
200,2.0,15.92929171076694,27.055531850491267
201,2.0100000000000002,15.930608235198234,27.150801866592285
202,2.02,15.927089433162879,27.23621038728025
203,2.0300000000000002,15.939810330147209,27.227348503519774
204,2.04,15.953003450606982,27.258477451027808
205,2.05,15.965838920412924,27.45275514819274
206,2.06,15.972966001121423,27.435656578916138
207,2.07,15.964776791668548,27.453787511385574
208,2.08,15.974674058938746,27.576500508904857
209,2.09,15.97652184230448,27.653483655735194
210,2.1,16.00138239802374,27.73070126403722
211,2.11,15.989205280221569,27.773304492349368
212,2.12,16.016457419978074,27.832898365423382
213,2.13,16.00296303772946,27.87744312476418
214,2.14,16.007980384904524,27.94375849873884
215,2.15,16.020625785724082,27.9995497822574
216,2.16,16.022898391163583,28.133426775654613
217,2.17,16.020077974553217,28.132930748610736
218,2.18,16.039283475101346,28.240432905512357
219,2.19,16.05053819367537,28.293465757163055
220,2.2,16.053854249699864,28.39129975507731
221,2.21,16.049520708223373,28.426302853076063
222,2.22,16.047744737961267,28.53632823971006
223,2.23,16.048118883338145,28.593721065783992
224,2.24,16.05959214362178,28.657844939106425
225,2.25,16.060721626098832,28.628744776183943
226,2.2600000000000002,16.064782840042145,28.697032540456558
227,2.27,16.07570854131479,28.8652365356401
228,2.2800000000000002,16.072346642906748,28.964979355789975
229,2.29,16.072320534278788,28.956318608263025
230,2.3000000000000003,16.08619499880142,28.98099137971885
231,2.31,16.084454510024244,29.06321333877269
232,2.32,16.100365402741307,29.151096367361667
233,2.33,16.09813000613237,29.209865580684998
234,2.34,16.09552442743392,29.24453523112535
235,2.35,16.083087008602416,29.34552433571766
236,2.36,16.094965141431064,29.429176904292195
237,2.37,16.101751806688167,29.464843051861266
238,2.38,16.09842491703709,29.437956304336463
239,2.39,16.11147015522359,29.60017921940109
240,2.4,16.10799196120599,29.63230654484013
241,2.41,16.11485833019576,29.694921169769035
242,2.42,16.11127976801853,29.80241095490194
243,2.43,16.135411369745373,29.808511543403522
244,2.44,16.098278248166483,29.918434704471593
245,2.45,16.109695467820234,29.93709603738668
246,2.46,16.13851152566505,30.029875164196085
247,2.47,16.119039574591284,30.116181682881326
248,2.48,16.135677256350625,30.162520721755907
249,2.49,16.124605149819455,30.255977458879002
250,2.5,16.129931948774225,30.334258062070944
251,2.5100000000000002,16.141340999244463,30.28244243182711
252,2.52,16.131673395079698,30.421635076909354
253,2.5300000000000002,16.138541445379154,30.412119003504007
254,2.54,16.129967448340423,30.517985492859378
255,2.5500000000000003,16.133217562691165,30.62124174377061
256,2.56,16.13912397121014,30.637922896677917
257,2.57,16.13509320605313,30.686830733529405
258,2.58,16.13634014910658,30.7925120005221
259,2.59,16.14135074019216,30.89547274463131
260,2.6,16.13739806723017,30.872599341303456
261,2.61,16.123515874311867,30.967096284867097
262,2.62,16.148680956083115,31.029122084485973
263,2.63,16.14609723597489,31.050919392054013
264,2.64,16.12706328691114,31.127299930334
265,2.65,16.132982109555172,31.224304450052156
266,2.66,16.133917790823535,31.24807697871015
267,2.67,16.146648708031115,31.37375914735037
268,2.68,16.135837613518888,31.395817151636265
269,2.69,16.1313901715201,31.43471088124593
270,2.7,16.137747935223533,31.52158654359567
271,2.71,16.1380824482316,31.53795594925693
272,2.72,16.13403121919442,31.63975171859871
273,2.73,16.132542135631788,31.672605385824074
274,2.74,16.134773165317334,31.792247464159864
275,2.75,16.12610118728921,31.789041133496173
276,2.7600000000000002,16.127224592538944,31.918040856690638
277,2.77,16.139627252516444,31.956897929325013
278,2.7800000000000002,16.138255916373534,31.96181082088956
279,2.79,16.130935164524416,32.061484951209216
280,2.8000000000000003,16.134248061369814,32.144758126015326
281,2.81,16.132168190442847,32.215359161185646
282,2.82,16.128180244106172,32.24384645690289
283,2.83,16.127438227949042,32.28183806639781
284,2.84,16.14040704733277,32.34940432569205
285,2.85,16.11909570660286,32.38789798902448
286,2.86,16.13805863688287,32.47245966947446
287,2.87,16.121396608490784,32.578487481360206
288,2.88,16.113304590403267,32.59341358072788
289,2.89,16.12395724131022,32.70105302790773
290,2.9,16.111497383476788,32.703742242686424
291,2.91,16.131321787495697,32.76642592562631
292,2.92,16.115471611306276,32.83406384304874
293,2.93,16.110395441610272,32.89582216777224
294,2.94,16.122208768117094,32.983384982131945
295,2.95,16.12697330157497,32.999881718788416
296,2.96,16.117519784222438,33.12730820711165
297,2.97,16.10516762934873,33.152584044674136
298,2.98,16.09797960851965,33.192987537726694
299,2.99,16.116256165647446,33.270108020145614
300,3.0,16.106195545180718,33.329384666025355
301,3.0100000000000002,16.10072481624363,33.41495068389813
302,3.02,16.100496323832196,33.42355105191432
303,3.0300000000000002,16.095901400118503,33.51713585043533
304,3.04,16.101027922812285,33.55980372832441
305,3.0500000000000003,16.097570336200796,33.64834375415485
306,3.06,16.090057811652542,33.71351677444899
307,3.0700000000000003,16.101888863797022,33.716015904899166
308,3.08,16.09087081795165,33.71925648020616
309,3.09,16.08055082002758,33.80675344591299
310,3.1,16.083417575798475,33.89151170013651
311,3.11,16.074418624369184,33.9718226234744
312,3.12,16.08513519516712,34.02806366877447
313,3.13,16.070776202354107,34.085256409575884
314,3.14,16.06822715345279,34.1403189717671
315,3.15,16.060035452843486,34.217117848433666
316,3.16,16.063542674482964,34.2664649982711
317,3.17,16.05183441111069,34.307710059304775
318,3.18,16.06040200314533,34.352307567645425
319,3.19,16.054692480647763,34.461864025869005
320,3.2,16.045129981590478,34.51286096993385
321,3.21,16.059245250770893,34.59269976412174
322,3.22,16.04012744998024,34.5803122123354
323,3.23,16.036037849234557,34.684433988090575
324,3.24,16.03625298159609,34.74891553267972
325,3.25,16.041855027066152,34.7484123177199
326,3.2600000000000002,16.038592917574295,34.81844318225784
327,3.27,16.02952168181924,34.9402207312795
328,3.2800000000000002,16.00826348249844,34.93126792547328
329,3.29,16.01610282493036,35.009271403239445
330,3.3000000000000003,16.017079289326894,35.00640323246135
331,3.31,16.006366358676043,35.104012914330006
332,3.3200000000000003,16.01315817724328,35.13049026058417
333,3.33,16.017424484719104,35.23237049285667
334,3.34,16.006095673530844,35.33381231316339
335,3.35,16.003875218061474,35.340296463587144
336,3.36,15.985135361972187,35.40891919154046
337,3.37,15.995251831221626,35.49419832653895
338,3.38,15.989334017240132,35.49366842907794
339,3.39,15.993361243766804,35.551419764526614
340,3.4,15.987797499343763,35.585044573921095
341,3.41,15.975079836713439,35.690213103699634
342,3.42,15.962201510377108,35.72608593058222
343,3.43,15.963210346561606,35.774333018121915
344,3.44,15.961555073392297,35.85231617728852
345,3.45,15.968769291921898,35.900816394451695
346,3.46,15.954732372039647,35.900782280550565
347,3.47,15.950759352846305,36.00451615195825
348,3.48,15.945201115686123,36.12579065389128
349,3.49,15.947311264430198,36.143126890751226
350,3.5,15.93902526686868,36.21634941882329
351,3.5100000000000002,15.931737983647743,36.250009364190774
352,3.52,15.937873620520225,36.31405188537743
353,3.5300000000000002,15.916115087506956,36.34609240733938
354,3.54,15.93283332908898,36.35013700201599
355,3.5500000000000003,15.911665705377608,36.410187340941405
356,3.56,15.900215268708033,36.45782480495223
357,3.5700000000000003,15.911324823076537,36.5289105099913
358,3.58,15.90739692399605,36.601010644161185
359,3.59,15.898147140377178,36.65451720558475
360,3.6,15.894077256708496,36.749558811161855
361,3.61,15.886805986048268,36.79671951311014
362,3.62,15.881546510999538,36.836244549653294
363,3.63,15.864452991207191,36.93008810361973
364,3.64,15.865187164248873,36.896905648062834
365,3.65,15.881002978719915,37.03908343336463
366,3.66,15.854788376945956,37.0325453665481
367,3.67,15.863929409099532,37.18303920330571
368,3.68,15.841712397186082,37.188976600070205
369,3.69,15.843436025858237,37.180172444233655
370,3.7,15.841316460246643,37.20707475374845
371,3.71,15.838236763525972,37.32783750654114
372,3.72,15.830733591327508,37.362075175188
373,3.73,15.820880443795778,37.43043978027278
374,3.74,15.839340930211694,37.449674976430195
375,3.75,15.828486927933922,37.553336835396756
376,3.7600000000000002,15.819880197150178,37.53800605964402
377,3.77,15.818477740779395,37.628719294178424
378,3.7800000000000002,15.800597872898667,37.67731111963655
379,3.79,15.788606793630587,37.77276853665568
380,3.8000000000000003,15.784328783784547,37.80331187931989
381,3.81,15.790770706656643,37.83704889658481
382,3.8200000000000003,15.781737728262952,37.89144198012616
383,3.83,15.779151854558283,37.973749492318206
384,3.84,15.782656893131938,38.0067917088164
385,3.85,15.764973391808915,38.08298859181766
386,3.86,15.75680734797933,38.20467798920577
387,3.87,15.76070528999671,38.19983671310148
388,3.88,15.750245776308422,38.235423930804025
389,3.89,15.730310728897354,38.24828649940342
390,3.9,15.743626592511205,38.31682222687712
391,3.91,15.73399377550418,38.37060757636714
392,3.92,15.729095656100032,38.48526286183261
393,3.93,15.707715660379568,38.46829980901856
394,3.94,15.706826034275384,38.492986690902484
395,3.95,15.69399063878174,38.58612265837775
396,3.96,15.693771480256572,38.61591627350679
397,3.97,15.677382349030626,38.67658205751326
398,3.98,15.687477002980328,38.696288844300945
399,3.99,15.686482714426907,38.78871254537903
400,4.0,15.674197449324305,38.82826657787006
401,4.01,15.664694575921676,38.83892461230691
402,4.0200000000000005,15.665865149328667,38.93898735599448
403,4.03,15.665763404719382,38.956045783684175
404,4.04,15.654410791097586,39.07147146049395
405,4.05,15.642773536531486,39.08392100328642
406,4.0600000000000005,15.640413965607202,39.143784973447794
407,4.07,15.638735115593517,39.19784454139038
408,4.08,15.626564170950454,39.156834141053906
409,4.09,15.625128876801758,39.26948730845039
410,4.1,15.612574618464812,39.335242884775155
411,4.11,15.616353016938534,39.37841692113042
412,4.12,15.605588541762486,39.40654710139416
413,4.13,15.6023581546053,39.54976677602377
414,4.14,15.58246667939616,39.51722811603598
415,4.15,15.577172835188302,39.55346151317068
416,4.16,15.566028422572067,39.61980705540252
417,4.17,15.587340974270086,39.65011488754094
418,4.18,15.561020545832664,39.72242027843489
419,4.19,15.554799999784109,39.76942266320426
420,4.2,15.560781213837048,39.84614190075011
421,4.21,15.557747216755615,39.90108051568746
422,4.22,15.5455296501538,39.90564332240963
423,4.23,15.531498885095118,39.970367698526815
424,4.24,15.52921720886404,40.06348459074658
425,4.25,15.527305835605825,40.115109169852836
426,4.26,15.52486290908876,40.06886748168088
427,4.2700000000000005,15.527598127104566,40.155679430658566
428,4.28,15.501740972862917,40.22822828361315
429,4.29,15.485956500977998,40.26362674814489
430,4.3,15.48684310128034,40.31947353792122
431,4.3100000000000005,15.470395836337573,40.40804052372003
432,4.32,15.477511526294952,40.42094458637494
433,4.33,15.470172479390998,40.470298072568596
434,4.34,15.467221136178411,40.497666142142165
435,4.3500000000000005,15.451633383186453,40.55912595697914
436,4.36,15.462262973247222,40.613818544303555
437,4.37,15.446737989173931,40.644112533691185
438,4.38,15.436504886048361,40.718743020455186
439,4.39,15.420763654865933,40.7399309239448
440,4.4,15.421085197571388,40.75389477182709
441,4.41,15.415713933684849,40.854655475906746
442,4.42,15.402508590730312,40.82813037396888
443,4.43,15.414435163289832,40.910952543154075
444,4.44,15.388661949335077,40.97784293782966
445,4.45,15.395664738567106,41.05868946743113
446,4.46,15.374648986498528,41.083916655809524
447,4.47,15.376480850115676,41.15730384671836
448,4.48,15.371743707438188,41.132370085564276
449,4.49,15.377556790978037,41.22848753056864
450,4.5,15.359652285248412,41.29061895974258
451,4.51,15.342509473854717,41.31687724642968
452,4.5200000000000005,15.34068720028276,41.356035463389546
453,4.53,15.333004277541056,41.44369470367488
454,4.54,15.326505940129143,41.47106813588368
455,4.55,15.318244360910482,41.46785840736176
456,4.5600000000000005,15.316723474424137,41.5567347938253
457,4.57,15.307169211777007,41.56232653172082
458,4.58,15.295962736929527,41.64798498954025
459,4.59,15.303502617782755,41.745393968337545
460,4.6000000000000005,15.282059829428816,41.74456548334254
461,4.61,15.27949217134402,41.77537937946302
462,4.62,15.276933949794671,41.79794326014793
463,4.63,15.271104098530424,41.864700384885815
464,4.64,15.266726160799333,41.9103532448859
465,4.65,15.259388366405005,41.93246413627248
466,4.66,15.240150418238649,41.99018221732922
467,4.67,15.235549437736745,42.05160217933724
468,4.68,15.218895777094533,42.08226514673439
469,4.69,15.222106880605494,42.1424434518385
470,4.7,15.221801278153446,42.20922027509817
471,4.71,15.213315918127302,42.22738334268076
472,4.72,15.198287707704997,42.272485433003204
473,4.73,15.196965502558763,42.25410246237508
474,4.74,15.185279032015389,42.415234951386076
475,4.75,15.172781143901135,42.39801520522788
476,4.76,15.177280061403867,42.41107935858104
477,4.7700000000000005,15.169819337720044,42.48942958651965
478,4.78,15.152305048909927,42.54374276651731
479,4.79,15.162579558278315,42.57267318977944
480,4.8,15.158497968132275,42.64725827422926
481,4.8100000000000005,15.137942305024866,42.65533577083864
482,4.82,15.127396117500616,42.72135921505541
483,4.83,15.120895135044261,42.7640290448099
484,4.84,15.106047956127169,42.795718223399
485,4.8500000000000005,15.106396255728125,42.86198634241464
486,4.86,15.101923315365308,42.939840281987884
487,4.87,15.090343822249203,42.92941338674532
488,4.88,15.08907459567752,42.973335551608365
489,4.89,15.092596028389396,42.971691605179785
490,4.9,15.070524841826627,43.01343272635453
491,4.91,15.067426270412414,43.15841546864343
492,4.92,15.05376454857484,43.16005426482596
493,4.93,15.044255299303185,43.227842167447776
494,4.94,15.02945270598902,43.270250191570476
495,4.95,15.031804552936643,43.25201723265343
496,4.96,15.032481607008242,43.36100125818926
497,4.97,15.018273118994946,43.34482381204342
498,4.98,15.012011290322201,43.409775205911735
499,4.99,15.022977203940615,43.43699590614589
500,5.0,15.004880618896893,43.49018712327349
501,5.01,14.984698532001628,43.570760231014795
502,5.0200000000000005,14.978216319802103,43.62749283028171
503,5.03,14.98421742846406,43.62490810898873
504,5.04,14.963306477432972,43.67512241060666
505,5.05,14.968550275007619,43.672847647297154
506,5.0600000000000005,14.95941973550786,43.75709807866663
507,5.07,14.93826001596389,43.805052027496394
508,5.08,14.931580570080428,43.81063579572505
509,5.09,14.922470990505403,43.87591002314018
510,5.1000000000000005,14.91179706715258,43.924416250314096
511,5.11,14.920859015849537,43.94946413104541
512,5.12,14.910582073129108,43.997640981368995
513,5.13,14.901119026960531,44.04020964456253
514,5.14,14.901065538605724,44.12144899960854
515,5.15,14.882568125984077,44.146092480399666
516,5.16,14.883119058857496,44.13410583231806
517,5.17,14.854045187986532,44.22325561031908
518,5.18,14.85397275448375,44.22783787184115
519,5.19,14.844756308381397,44.298454350996046
520,5.2,14.84853584175186,44.3701474016697
521,5.21,14.832356464127363,44.350034907494454
522,5.22,14.844201491218852,44.39103544136613
523,5.23,14.818026308930476,44.42019672287178
524,5.24,14.810089202977206,44.52568001186836
525,5.25,14.805110217890142,44.54246919719671
526,5.26,14.797416497319617,44.58817972040184
527,5.2700000000000005,14.794901478977366,44.6490940088469
528,5.28,14.799919107670561,44.651264527110065
529,5.29,14.782040438102001,44.70229058579617
530,5.3,14.772004408392359,44.72803728806954
531,5.3100000000000005,14.765637810837081,44.74974678780175
532,5.32,14.75106359576268,44.796418630145354
533,5.33,14.741674639399244,44.852769529037566
534,5.34,14.740693363694497,44.8980532484481
535,5.3500000000000005,14.72661515128996,44.89490620686292
536,5.36,14.715764225913803,44.94162393887583
537,5.37,14.716377161096396,45.00612438629905
538,5.38,14.700858017282115,45.03432567876173
539,5.39,14.696401550677466,45.11021329317491
540,5.4,14.68299147303058,45.11018018076554
541,5.41,14.689711229611278,45.15250282698625
542,5.42,14.681872007481632,45.19651475699309
543,5.43,14.687249096788449,45.25144282381327
544,5.44,14.662035594549431,45.290090353885
545,5.45,14.647638983880439,45.33814268122325
546,5.46,14.645425959425971,45.40352352008784
547,5.47,14.637238645900343,45.360731977160086
548,5.48,14.633495085178803,45.45643255196026
549,5.49,14.627249417620458,45.4683102191099
550,5.5,14.612953962474396,45.512178051265366
551,5.51,14.608223684862741,45.57322206001632
552,5.5200000000000005,14.593536988432637,45.556402671962196
553,5.53,14.597153456761399,45.64282820454058
554,5.54,14.584903352018232,45.61265187439233
555,5.55,14.585231397222383,45.71391321191601
556,5.5600000000000005,14.556512788725511,45.729868692358785
557,5.57,14.552980606563315,45.741232378949846
558,5.58,14.55108650495591,45.829156890613774
559,5.59,14.538403734966051,45.895657871821875
560,5.6000000000000005,14.545835593439755,45.89959046375851
561,5.61,14.519060400017114,45.96056216723629
562,5.62,14.517256693321256,45.943924270658435
563,5.63,14.510485726229643,46.05089419703819
564,5.64,14.512268973674972,46.073708994386486
565,5.65,14.492375974536168,46.101426710974586
566,5.66,14.493611913488905,46.14280338290767
567,5.67,14.467053385048844,46.099283003191346
568,5.68,14.462059040146974,46.187303790838705
569,5.69,14.474289795355768,46.22788244177141
570,5.7,14.447475557835086,46.23042775002201
571,5.71,14.449163118513358,46.30697155554691
572,5.72,14.432966197672991,46.356980452335726
573,5.73,14.441739419939484,46.403915296937356
574,5.74,14.428150284300264,46.41536854764991
575,5.75,14.417609700244729,46.50234807621257
576,5.76,14.410459466613869,46.46313864030913
577,5.7700000000000005,14.40288366052202,46.504586571454126
578,5.78,14.398450668898658,46.55701642223205
579,5.79,14.37614346723399,46.56209099810962
580,5.8,14.3748149915069,46.671865591692494
581,5.8100000000000005,14.36824179936031,46.69678488925921
582,5.82,14.364684019854787,46.68316473023625
583,5.83,14.357306073366745,46.73481534002793
584,5.84,14.351319890642046,46.81275372566251
585,5.8500000000000005,14.332597584009264,46.87079167236874
586,5.86,14.330286264257168,46.87490858828586
587,5.87,14.322761563090014,46.86181112926907
588,5.88,14.31255615501666,46.91464410716818
589,5.89,14.291890172691675,46.9543895302085
590,5.9,14.293499058551426,46.94184507686936
591,5.91,14.2952198152495,47.025488892835554
592,5.92,14.2856354371641,47.087071915872464
593,5.93,14.265478524049891,47.12070379107076
594,5.94,14.279070960062674,47.124141029675826
595,5.95,14.257691423908778,47.18144687021545
596,5.96,14.245029442753188,47.25105392361259
597,5.97,14.245489501714326,47.22391570812126
598,5.98,14.232295598068614,47.305620511436885
599,5.99,14.226344844201948,47.300856997785885
600,6.0,14.218823767596193,47.309444103264795
601,6.01,14.212822312121236,47.40314264001786
602,6.0200000000000005,14.205484373024346,47.39772177774216
603,6.03,14.185729736122289,47.365242017003055
604,6.04,14.181482422358815,47.41038608287862
605,6.05,14.165138257472382,47.52110883216049
606,6.0600000000000005,14.169233804272565,47.54532122012861
607,6.07,14.154943034589195,47.56683459367331
608,6.08,14.14322796039301,47.557349057903394
609,6.09,14.131756522651724,47.67450532972396
610,6.1000000000000005,14.133554514755954,47.67353884412079
611,6.11,14.129561546261371,47.765992782201465
612,6.12,14.119264008461085,47.72965362166148
613,6.13,14.096214674109197,47.75175632588941
614,6.140000000000001,14.092467855859418,47.790349064902266
615,6.15,14.081656099868866,47.81638680730561
616,6.16,14.089772816277513,47.85228249014091
617,6.17,14.087703236366288,47.899925730016285
618,6.18,14.067703889120722,47.9695172097802
619,6.19,14.058544714353893,47.95576876574644
620,6.2,14.05602867196046,48.00779097895598
621,6.21,14.043396454603737,47.99287119229779
622,6.22,14.04393984712988,48.07140704381626
623,6.23,14.029220243627245,48.07996297662214
624,6.24,14.023669702636875,48.145749870723854
625,6.25,14.022041314256935,48.15836966523946
626,6.26,14.003821504484918,48.17493759548087
627,6.2700000000000005,13.995460091630727,48.2072536670528
628,6.28,13.978750355101878,48.23017591677487
629,6.29,13.972505763182143,48.240262049669916
630,6.3,13.982206312163568,48.350487214371306
631,6.3100000000000005,13.961802591553246,48.34786341968276
632,6.32,13.958437480289614,48.37302349732941
633,6.33,13.95985807838811,48.43342628869095
634,6.34,13.931643031786246,48.440819442006784
635,6.3500000000000005,13.929905051016364,48.47209051036114
636,6.36,13.917921455208488,48.50874855743782
637,6.37,13.918906935828378,48.57283863095662
638,6.38,13.907745073785234,48.56325104914999
639,6.390000000000001,13.888679131500181,48.57828527829207
640,6.4,13.89558792657402,48.660903493243865
641,6.41,13.877394875156899,48.66967297863076
642,6.42,13.871373597821728,48.66090435315608
643,6.43,13.85456936370318,48.74182147687158
644,6.44,13.847876375585848,48.704611752017684
645,6.45,13.85323764698049,48.76843716183867
646,6.46,13.850944613415022,48.728924255328955
647,6.47,13.832898200958748,48.83139051661518
648,6.48,13.814426722871348,48.8829287921242
649,6.49,13.812099356951572,48.90208872960606
650,6.5,13.793095675918092,48.92254605282364
651,6.51,13.79941951006085,48.96489402121714
652,6.5200000000000005,13.786061796920409,48.98864831523396
653,6.53,13.78534845890169,49.0339069612733
654,6.54,13.774412252390295,49.03032146547354
655,6.55,13.7750155559578,49.04403691151702
656,6.5600000000000005,13.746182756900572,49.111377299361365
657,6.57,13.742658845180637,49.17524798686467
658,6.58,13.742384746160255,49.20753315328038
659,6.59,13.724856105996867,49.199355350859136
660,6.6000000000000005,13.731400460627748,49.19503665597719
661,6.61,13.701437976880614,49.23239500964565
662,6.62,13.689806275436199,49.329667609890755
663,6.63,13.69545814857317,49.339729416586806
664,6.640000000000001,13.690430061615254,49.29559582411478
665,6.65,13.670194978822547,49.403299123794376
666,6.66,13.66995165895715,49.35929770213726
667,6.67,13.658553728717628,49.41847460815777
668,6.68,13.652621069267353,49.434284923170694
669,6.69,13.648011859849806,49.50104945447437
670,6.7,13.63267923684712,49.499114319537064
671,6.71,13.639598714275177,49.54308132794309
672,6.72,13.617211998846345,49.558849967155425
673,6.73,13.620038449393471,49.55510301098161
674,6.74,13.597704276274788,49.628961307361855
675,6.75,13.600809594664304,49.635650788633484
676,6.76,13.583454673835334,49.71411993359788
677,6.7700000000000005,13.570951094088286,49.716871018902125
678,6.78,13.578555734375866,49.724722529026295
679,6.79,13.555243690830025,49.769856290962785
680,6.8,13.555159288235286,49.755994439217346
681,6.8100000000000005,13.55599423136842,49.84049325686754
682,6.82,13.535600223601536,49.81131813539273
683,6.83,13.534405380358544,49.83854921696755
684,6.84,13.523556677812218,49.88042137867597
685,6.8500000000000005,13.514239556981801,49.92806453152739
686,6.86,13.507877944188909,49.8817361549853
687,6.87,13.490923446535923,49.94282287667656
688,6.88,13.487146948412153,49.971893485861294
689,6.890000000000001,13.489255296075873,50.05724016544479
690,6.9,13.474969919122827,50.07376604360224
691,6.91,13.459884536188955,50.10191349977208
692,6.92,13.445879986795415,50.077251713606884
693,6.93,13.45512056041761,50.09221136818332
694,6.94,13.440926341037528,50.15352928400339
695,6.95,13.424488870488542,50.21296075829983
696,6.96,13.405741689748748,50.256731516693804
697,6.97,13.418162117889555,50.23020903289295
698,6.98,13.407486331361357,50.278991405498786
699,6.99,13.396080169030341,50.313147195133126
700,7.0,13.401406972861725,50.32850347037372
701,7.01,13.377881839109033,50.29388142700487
702,7.0200000000000005,13.379105703606527,50.38612206900049
703,7.03,13.368920463924296,50.400245816865024
704,7.04,13.362816919778979,50.38177773627995
705,7.05,13.34961873176498,50.42176135778745
706,7.0600000000000005,13.333669178716699,50.46376648410536
707,7.07,13.323947141084009,50.4645473339425
708,7.08,13.330679501419262,50.5347311114464
709,7.09,13.321441183936802,50.5488343309937
710,7.1000000000000005,13.312233122647656,50.576847873078876
711,7.11,13.305752877629013,50.561015123853636
712,7.12,13.29759408699449,50.612700052687536
713,7.13,13.296571811200812,50.63855718349563
714,7.140000000000001,13.283200840406266,50.65334318162113
715,7.15,13.266531768853092,50.707920918290085
716,7.16,13.256593589443936,50.67922345819135
717,7.17,13.24985813639415,50.76632900071518
718,7.18,13.240033442260723,50.74665377554253
719,7.19,13.234361525729001,50.737290069773174
720,7.2,13.230271929243942,50.788452679205285
721,7.21,13.223024441510645,50.852739323686976
722,7.22,13.214192630114542,50.8810702857372
723,7.23,13.208582884457023,50.8776364246432
724,7.24,13.186391743765736,50.9290890320559
725,7.25,13.180157221231335,50.92131117785385
726,7.26,13.181285913778513,50.96500475928458
727,7.2700000000000005,13.171061320298875,50.89410776724554
728,7.28,13.156229220276835,51.04356687119373
729,7.29,13.155318763568271,51.06911966023267
730,7.3,13.144382820527913,51.03079336675315
731,7.3100000000000005,13.132705362724234,51.06873472045338
732,7.32,13.12805130774514,51.16249274716949
733,7.33,13.121382734096581,51.09428563092923
734,7.34,13.114065655788366,51.12180644661352
735,7.3500000000000005,13.10442944126479,51.18759045827178
736,7.36,13.10766027717497,51.16003763905217
737,7.37,13.094847887242459,51.1905099833165
738,7.38,13.086267961381767,51.22929986845482
739,7.390000000000001,13.079579559758695,51.24542238258418
740,7.4,13.070130996776863,51.27388001552605
741,7.41,13.062337557184035,51.277754727099854
742,7.42,13.038701280497243,51.32438510511047
743,7.43,13.046151854120899,51.30527069132259
744,7.44,13.028606291426598,51.4188520306717
745,7.45,13.02177456081775,51.39644703643527
746,7.46,13.00459377277574,51.37922082414829
747,7.47,13.009064497793013,51.40550710951428
748,7.48,12.990970659067864,51.47906751337251
749,7.49,12.986316781319552,51.465949367274035
750,7.5,12.968115191304852,51.40769867294265
751,7.51,12.969743061873038,51.492747235080884
752,7.5200000000000005,12.954761261194276,51.51874337941869
753,7.53,12.964991126642868,51.526288795799914
754,7.54,12.955241086364937,51.60099727050154
755,7.55,12.947351599640356,51.60069839994296
756,7.5600000000000005,12.91912199145207,51.64321146464539
757,7.57,12.926527882360942,51.61009617977259
758,7.58,12.916389013923167,51.677573319137245
759,7.59,12.907317513149746,51.674245365444065
760,7.6000000000000005,12.901038527269959,51.71111260631605
761,7.61,12.888057932447113,51.673867422864426
762,7.62,12.885165991883838,51.78556697387724
763,7.63,12.88561023647953,51.74931680184025
764,7.640000000000001,12.870901131992591,51.815228160175614
765,7.65,12.86296316279426,51.785842160930095
766,7.66,12.848874451510204,51.88984775760933
767,7.67,12.858115187220422,51.84805499007416
768,7.68,12.84883248922847,51.89365087959186
769,7.69,12.821927724813206,51.88979110411837
770,7.7,12.827774115996625,51.898992832611434
771,7.71,12.802867612767885,51.90622896651852
772,7.72,12.78794672506785,51.94952367850388
773,7.73,12.788575018929022,52.012579517269415
774,7.74,12.779650108392142,51.99471156333721
775,7.75,12.781635929826734,51.98551936651874
776,7.76,12.766724632258352,52.08684629763867
777,7.7700000000000005,12.75984776822361,52.0170296381664
778,7.78,12.754047144062591,52.074546270764
779,7.79,12.744462140282906,52.11585421080134
780,7.8,12.736781820872782,52.066327956571996
781,7.8100000000000005,12.737311600000952,52.13623598744059
782,7.82,12.721845921575886,52.15126806740769
783,7.83,12.71370385340976,52.15747953126148
784,7.84,12.702258742093443,52.20869283833925
785,7.8500000000000005,12.684622643471474,52.23639106836912
786,7.86,12.69445156020939,52.24024956041177
787,7.87,12.685596185263817,52.2216203749211
788,7.88,12.672632613697974,52.271642094018915
789,7.890000000000001,12.667681102719312,52.234295450780344
790,7.9,12.656083535801914,52.28064393011019
791,7.91,12.65171464089865,52.35865394321977
792,7.92,12.651117350802778,52.37307446182351
793,7.930000000000001,12.64271826340559,52.38706706963363
794,7.94,12.622644489446754,52.29834832474547
795,7.95,12.613758101469752,52.43301595805344
796,7.96,12.611836460236473,52.429090999971045
797,7.97,12.605003269620788,52.489583772199204
798,7.98,12.597071188325042,52.41081693935058
799,7.99,12.583098536743057,52.470154285467785
800,8.0,12.584872131617434,52.43896879626155
801,8.01,12.570897983391383,52.51711422703264
802,8.02,12.569913036849107,52.55285561451011
803,8.03,12.543404252036936,52.53746196759718
804,8.040000000000001,12.549313643022536,52.56328674089511
805,8.05,12.53783321326353,52.569620773645354
806,8.06,12.534261686793391,52.602552207004095
807,8.07,12.529113675065497,52.63140906356455
808,8.08,12.519654016551867,52.603073189316504
809,8.09,12.503733425719888,52.68657453779315
810,8.1,12.506044505403576,52.66991575818754
811,8.11,12.493001456087068,52.62368733264948
812,8.120000000000001,12.466011798189847,52.75405196719803
813,8.13,12.477152380150777,52.69688824811063
814,8.14,12.466437990964842,52.72308054643749
815,8.15,12.463673879715719,52.765278769455975
816,8.16,12.454622552775994,52.78777469267996
817,8.17,12.437002552038107,52.772595610446615
818,8.18,12.43521050808871,52.80553758691316
819,8.19,12.422086650481567,52.82131328216109
820,8.2,12.412562996215945,52.78902126866093
821,8.21,12.421771580208874,52.84540574581207
822,8.22,12.399999093777792,52.883245419329505
823,8.23,12.395746009561622,52.85092868284217
824,8.24,12.389147077455002,52.83978352756057
825,8.25,12.377429323967567,52.86011093958481
826,8.26,12.3722539678535,52.91796064477422
827,8.27,12.354354216206922,52.882822938735465
828,8.28,12.34942340330596,52.90673719686824
829,8.290000000000001,12.355226676109208,52.95418132329586
830,8.3,12.35355501066584,52.966603614485344
831,8.31,12.328985417478691,52.99301944269875
832,8.32,12.327292131598,53.023244140519914
833,8.33,12.323427369832457,52.99916546367567
834,8.34,12.308082150514071,53.007837961687386
835,8.35,12.307323108566822,53.03153685812507
836,8.36,12.292989697767966,53.05022146635522
837,8.370000000000001,12.281974183280049,53.07394266281324
838,8.38,12.279841433894388,53.10849896346123
839,8.39,12.26808297675251,53.11276973042679
840,8.4,12.25748729803952,53.152356598301246
841,8.41,12.257843417831559,53.11915188256291
842,8.42,12.256851451876553,53.18003539916638
843,8.43,12.23374328515823,53.16566417875262
844,8.44,12.217058193981764,53.168721186980655
845,8.45,12.214714240545565,53.25671805044401
846,8.46,12.214007501349657,53.157470862239954
847,8.47,12.214601377883472,53.23771614663905
848,8.48,12.193278861537316,53.238069034498615
849,8.49,12.183119316335272,53.22150694488844
850,8.5,12.18470160851895,53.27255231287158
851,8.51,12.184235128334526,53.312258158437956
852,8.52,12.169974879501293,53.2768476153073
853,8.53,12.164375117070017,53.310371090167315
854,8.540000000000001,12.145241494314247,53.32707454647518
855,8.55,12.137593362326509,53.37768531362635
856,8.56,12.136953777426598,53.36729727965931
857,8.57,12.11727935311166,53.35210881895195
858,8.58,12.113630266625913,53.41315897478897
859,8.59,12.106886173486073,53.367738508610174
860,8.6,12.101258462430167,53.441997409877274
861,8.61,12.113125302322024,53.357667171730206
862,8.620000000000001,12.08573584842563,53.470469467804755
863,8.63,12.08665107685427,53.42745039935156
864,8.64,12.076788528702643,53.446729397959174
865,8.65,12.066046019018861,53.43224616566837
866,8.66,12.04399470388071,53.4537342271679
867,8.67,12.045411582277238,53.53173278179346
868,8.68,12.038144875080777,53.49021562490379
869,8.69,12.043743026513129,53.54152405357402
870,8.700000000000001,12.026969286137271,53.55599644284657
871,8.71,12.012159708359968,53.571250067364716
872,8.72,12.003705619210507,53.608421329434535
873,8.73,11.994786019937065,53.55389781196626
874,8.74,11.998700550025788,53.57550443223779
875,8.75,11.98418345772169,53.57868310497428
876,8.76,11.98441243787709,53.587814620211844
877,8.77,11.97004782388249,53.64661063785119
878,8.78,11.964369038816281,53.62507155516491
879,8.790000000000001,11.952091399545518,53.63881393192276
880,8.8,11.940324072344959,53.69526146445509
881,8.81,11.932185680873731,53.637421012196654
882,8.82,11.93275071945866,53.70263532399756
883,8.83,11.920180666794288,53.635968804803696
884,8.84,11.919375016193348,53.672343468824735
885,8.85,11.917939285818036,53.6207038311012
886,8.86,11.903512422052529,53.750086031787966
887,8.870000000000001,11.890019641813952,53.67616195563527
888,8.88,11.885070752485216,53.71852200811872
889,8.89,11.874273710405015,53.77177102520653
890,8.9,11.855957993354034,53.75761514035368
891,8.91,11.845305893693773,53.78845675497612
892,8.92,11.849030946921813,53.810046628948584
893,8.93,11.847472587375727,53.787918784705894
894,8.94,11.836303857707065,53.814666919330676
895,8.950000000000001,11.833610625966529,53.81950605441909
896,8.96,11.824620449988897,53.854210305771765
897,8.97,11.824765501080837,53.83580851522312
898,8.98,11.79374736093961,53.85412565716408
899,8.99,11.781771487275984,53.880674603621394
900,9.0,11.771344336556904,53.86150474978708
901,9.01,11.785083687096536,53.8717091439373
902,9.02,11.765902995727318,53.84038797821694
903,9.03,11.76064374568702,53.89183307459785
904,9.040000000000001,11.754740226939669,53.89683493066794
905,9.05,11.74195958788417,53.95182013549407
906,9.06,11.739621332574321,53.88490179432834
907,9.07,11.727685147273682,53.94351636230246
908,9.08,11.730024233302432,53.94842491417338
909,9.09,11.714663879130827,53.96095661485066
910,9.1,11.710002944502882,53.983882000678555
911,9.11,11.691313140554051,54.04037556578282
912,9.120000000000001,11.679797961851719,53.970692352509275
913,9.13,11.686358605730197,53.996044009748566
914,9.14,11.660099150921136,53.994661073804366
915,9.15,11.67225283542423,54.00627947888344
916,9.16,11.66463466525642,54.06446999223007
917,9.17,11.65625973831309,54.064892174399866
918,9.18,11.640661403452201,54.03972990949738
919,9.19,11.621949126509001,54.07185918415397
920,9.200000000000001,11.624203070368035,54.066818349089566
921,9.21,11.608136740340237,54.065712192460445
922,9.22,11.611625727471493,54.069773514796125
923,9.23,11.596557403496474,54.059759288223304
924,9.24,11.59003323905931,54.034251101181155
925,9.25,11.587453648713568,54.0753338141331
926,9.26,11.57984365851221,54.08888016304288
927,9.27,11.572198510611454,54.12029646955725
928,9.28,11.554029402136381,54.14829587430812
929,9.290000000000001,11.556655020840687,54.149464665294566
930,9.3,11.548665335116597,54.13157158875115
931,9.31,11.545911826111574,54.10072574246438
932,9.32,11.525862113057519,54.114686879616315
933,9.33,11.519831349112241,54.15550610363695
934,9.34,11.5182991940548,54.1666749272327
935,9.35,11.50143609533051,54.171062389951096
936,9.36,11.507286273783862,54.204591703313355
937,9.370000000000001,11.485724645611446,54.168767027626565
938,9.38,11.478799027168279,54.13819969247815
939,9.39,11.472216005153337,54.22128830987335
940,9.4,11.465497095354609,54.19586354806453
941,9.41,11.469305388397066,54.212345574688854
942,9.42,11.459503071032287,54.21510103327592
943,9.43,11.443641791304287,54.208372110310194
944,9.44,11.427280766551903,54.22352885815022
945,9.450000000000001,11.436064926438439,54.27825408103529
946,9.46,11.42078851854361,54.198961595103995
947,9.47,11.416664696685672,54.23431122558466
948,9.48,11.400360113442948,54.23871997172358
949,9.49,11.389238851594811,54.23470692698182
950,9.5,11.39432652310466,54.28281980255617
951,9.51,11.379405375974127,54.26674893551124
952,9.52,11.374289025504153,54.273970320399094
953,9.53,11.358653535654991,54.25040802204234
954,9.540000000000001,11.358966237649772,54.291605471614524
955,9.55,11.342923240936726,54.2680814511691
956,9.56,11.347005320334075,54.29896446639954
957,9.57,11.326717152878452,54.271091532664435
958,9.58,11.304777513018939,54.35898031861032
959,9.59,11.310860403792201,54.36129007224489
960,9.6,11.30388787893029,54.34491063365311
961,9.61,11.297815833651638,54.29311313921556
962,9.620000000000001,11.302996775126847,54.33410860064389
963,9.63,11.286045345442602,54.302248141434156
964,9.64,11.268015526940289,54.302076055340954
965,9.65,11.27343062871385,54.317417527890065
966,9.66,11.264960713148712,54.30905844799702
967,9.67,11.249696050065193,54.36154968354062
968,9.68,11.239852349201886,54.40598017192261
969,9.69,11.234664491395643,54.34703965397637
970,9.700000000000001,11.231360559281713,54.35655155255032
971,9.71,11.223055532961169,54.338196826141996
972,9.72,11.218659178707691,54.363752358276216
973,9.73,11.211066569309542,54.38747554501645
974,9.74,11.179082810412094,54.365566883183305
975,9.75,11.184359347560704,54.34835732000991
976,9.76,11.188994136255848,54.39496047049521
977,9.77,11.179698489634834,54.366188315114115
978,9.78,11.172025262005928,54.39693278130445
979,9.790000000000001,11.16306665576963,54.40014083996075
980,9.8,11.159495689731099,54.38632975295914
981,9.81,11.145361667530645,54.4282854247608
982,9.82,11.12968616267167,54.45808977692598
983,9.83,11.128369153103172,54.40032875691594
984,9.84,11.111843385742434,54.43793704627976
985,9.85,11.112005516547757,54.372727278209524
986,9.86,11.114387963246358,54.459260948746966
987,9.870000000000001,11.094145979846813,54.45426759642038
988,9.88,11.099126124545872,54.44490592407444
989,9.89,11.08701726882447,54.413463155692256
990,9.9,11.0646150986249,54.45114165974256
991,9.91,11.059964305635189,54.46421554393079
992,9.92,11.053507748730244,54.46960462687975
993,9.93,11.067109813840933,54.48147873194139
994,9.94,11.043920869940097,54.4549386746911
995,9.950000000000001,11.048854464352704,54.49364834544621
996,9.96,11.029599078936895,54.48838467383148
997,9.97,11.032582562930942,54.473397805698994
998,9.98,11.01117666715521,54.52514684490512
999,9.99,11.000625382497102,54.49417114554015
1000,10.0,10.99621354293683,54.52734019059275
1001,10.01,10.99064920622495,54.488363863782475
1002,10.02,10.97326199385036,54.45271962261621
1003,10.03,10.983189182737359,54.49781128820339
1004,10.040000000000001,10.972007443839582,54.46426163627036
1005,10.05,10.968553773714476,54.518477766013575
1006,10.06,10.96345226230781,54.50202023163936
1007,10.07,10.94317763603601,54.51836986653512
1008,10.08,10.942813873412145,54.514977167168894
1009,10.09,10.93520661666915,54.47899471998684
1010,10.1,10.937817885543467,54.47513714107659
1011,10.11,10.915977996592972,54.50446244345786
1012,10.120000000000001,10.922666458909005,54.53961484501463
1013,10.13,10.903789472650075,54.536761402990685
1014,10.14,10.903778023506465,54.53583050176593
1015,10.15,10.888620312359604,54.51962581004017
1016,10.16,10.881529625895071,54.5411108687759
1017,10.17,10.877833384392362,54.564957090798735
1018,10.18,10.871333257839815,54.46966323649852
1019,10.19,10.870149205396427,54.54212795003596
1020,10.200000000000001,10.860007084249824,54.598296989761806
1021,10.21,10.839241525307475,54.496170222754124
1022,10.22,10.84914514633662,54.50630522946728
1023,10.23,10.82980322426465,54.54780742935069
1024,10.24,10.82473870806918,54.56976742121277
1025,10.25,10.829413103075725,54.528156632645086
1026,10.26,10.816711477230948,54.507000513853825
1027,10.27,10.81138007117899,54.56229998130922
1028,10.28,10.80787073369246,54.51408319051978
1029,10.290000000000001,10.786620732119651,54.53831518659811
1030,10.3,10.783131642777764,54.59117822927656
1031,10.31,10.77287932361926,54.57453453552825
1032,10.32,10.766093190055127,54.51057150858675
1033,10.33,10.7655611178451,54.548447226006346
1034,10.34,10.765670056919259,54.56599426196986
1035,10.35,10.748671654875515,54.505479222739055
1036,10.36,10.734130469764148,54.55286177479248
1037,10.370000000000001,10.737910847071042,54.52055374772993
1038,10.38,10.726941134764424,54.53221407146525
1039,10.39,10.726745496626243,54.467617253751655
1040,10.4,10.70765522861948,54.48923301620273
1041,10.41,10.700529238784908,54.56500064055746
1042,10.42,10.706985119634535,54.47515878763279
1043,10.43,10.691025604548278,54.57932488001813
1044,10.44,10.687762979229195,54.55267349240344
1045,10.450000000000001,10.676401496957897,54.55316849232147
1046,10.46,10.669113028543274,54.5061831268639
1047,10.47,10.658197866584073,54.5321779721543
1048,10.48,10.648922642720356,54.58099072401587
1049,10.49,10.654127951499566,54.506817786912244
1050,10.5,10.647908024472235,54.50743447932343
1051,10.51,10.63042711346105,54.53567179864384
1052,10.52,10.623795226281102,54.55157186280439
1053,10.53,10.621040869934584,54.5247345738404
1054,10.540000000000001,10.606166790329459,54.53657945589734
1055,10.55,10.605096211720644,54.60047021870102
1056,10.56,10.604901586257395,54.535646873982344
1057,10.57,10.60013558410748,54.55568472079787
1058,10.58,10.591943613722151,54.52151288379956
1059,10.59,10.580928995382543,54.48802634154482
1060,10.6,10.570931680313533,54.57304966736841
1061,10.61,10.569176148263537,54.505359944431476
1062,10.620000000000001,10.556653484707738,54.540829768099215
1063,10.63,10.552341448965493,54.50904980156369
1064,10.64,10.552024000356328,54.52546804379403
1065,10.65,10.547419770218186,54.53497818047706
1066,10.66,10.538376765207039,54.515559370640425
1067,10.67,10.512920519920417,54.51986089686921
1068,10.68,10.528314893118738,54.50272613385715
1069,10.69,10.515160734332214,54.524195769479164
1070,10.700000000000001,10.49516122568285,54.500048487916665
1071,10.71,10.494823641844244,54.55359067705876
1072,10.72,10.487757153111462,54.58830182627134
1073,10.73,10.502639254249935,54.51303029106057
1074,10.74,10.47873205207884,54.48995263697071
1075,10.75,10.469642577899398,54.50755877123736
1076,10.76,10.464343789625826,54.498257299755615
1077,10.77,10.455017745887018,54.52235372998716
1078,10.78,10.451307357318862,54.47746853741122
1079,10.790000000000001,10.447504287781927,54.495724894483125
1080,10.8,10.433086749222435,54.467051973530076
1081,10.81,10.441104212983156,54.50912709630027
1082,10.82,10.435496956299065,54.47548548886273
1083,10.83,10.416585783236417,54.45986861607445
1084,10.84,10.408923352795522,54.4371981083902
1085,10.85,10.408577247106322,54.428901508646625
1086,10.86,10.401131496530011,54.50168229422069
1087,10.870000000000001,10.392289376019969,54.50364770348726
1088,10.88,10.385078925259663,54.45556106360168
1089,10.89,10.367815912773041,54.45223679641105
1090,10.9,10.369263027532922,54.481414284150574
1091,10.91,10.35420373054037,54.41644635661483
1092,10.92,10.363634268314128,54.46130721876115
1093,10.93,10.34871748814523,54.404435857430705
1094,10.94,10.339514886343501,54.44684875235383
1095,10.950000000000001,10.333726294624816,54.469095337407644
1096,10.96,10.321639421363361,54.4348541915724
1097,10.97,10.31726792505035,54.436619956085515
1098,10.98,10.313024973064866,54.41879710560723
1099,10.99,10.315346779321015,54.411914208820825
1100,11.0,10.306323594049177,54.41507075854422
1101,11.01,10.295483867922504,54.41934397822209
1102,11.02,10.298687753104067,54.401495395662906
1103,11.03,10.29122820448795,54.40081811532506
1104,11.040000000000001,10.277451973071434,54.39663015961624
1105,11.05,10.281342961350308,54.38309167568433
1106,11.06,10.265653010388874,54.43218874366729
1107,11.07,10.258027680896712,54.373571875405254
1108,11.08,10.268339301502825,54.41014045601485
1109,11.09,10.24867416242536,54.388985463933835
1110,11.1,10.246056304181693,54.39184828295728
1111,11.11,10.219537231896721,54.40295282777489
1112,11.120000000000001,10.22938796369922,54.38073300005409
1113,11.13,10.224164363228326,54.42219883728468
1114,11.14,10.220010463095571,54.37234457087644
1115,11.15,10.211373621378762,54.36376010011589
1116,11.16,10.2159867053395,54.38329212699458
1117,11.17,10.197458897630955,54.35017762536039
1118,11.18,10.191555736299982,54.3603519156618
1119,11.19,10.197832671057363,54.33867131531151
1120,11.200000000000001,10.172397278851356,54.3759836497708
1121,11.21,10.168714985390604,54.35123750053281
1122,11.22,10.174681409477351,54.411080491943764
1123,11.23,10.178819148532126,54.31205942857931
1124,11.24,10.156891353385154,54.31973157713452
1125,11.25,10.140286236166945,54.31474323359305
1126,11.26,10.140355109474049,54.327666342600715
1127,11.27,10.138280340315985,54.28186007834488
1128,11.28,10.122330972467918,54.30670460868864
1129,11.290000000000001,10.131365648641891,54.270813438050006
1130,11.3,10.114953421223303,54.24893355307166
1131,11.31,10.115741354219526,54.28806734567286
1132,11.32,10.10537417409131,54.29464779196984
1133,11.33,10.103614871456038,54.309909204023946
1134,11.34,10.09851238382471,54.29937752140321
1135,11.35,10.082847471425334,54.27975406401992
1136,11.36,10.084777227845446,54.247424982687846
1137,11.370000000000001,10.08707221069145,54.263656795005154
1138,11.38,10.074467412468177,54.26027753753478
1139,11.39,10.056047351626585,54.25378245726464
1140,11.4,10.05858487263127,54.314956730659404
1141,11.41,10.049863147640085,54.265981095005145
1142,11.42,10.049299769454784,54.23481312521219
1143,11.43,10.03021885621828,54.231558709164034
1144,11.44,10.041864641808766,54.24852848160572
1145,11.450000000000001,10.022102241706746,54.188954737365734
1146,11.46,10.039095717334046,54.20365558334504
1147,11.47,10.00645341207362,54.20634449844639
1148,11.48,10.018291384421039,54.24123351100418
1149,11.49,9.993200299536635,54.19934902522913
1150,11.5,10.009631224938225,54.18077676656444
1151,11.51,9.995247327591095,54.18569001657493
1152,11.52,9.992017469198116,54.18785258797641
1153,11.53,9.973381624446654,54.191104553309856
1154,11.540000000000001,9.978369102029871,54.12093967735299
1155,11.55,9.968494138028944,54.19768028187445
1156,11.56,9.963086440616959,54.12715753666671
1157,11.57,9.956099223051044,54.15039348133025
1158,11.58,9.95203839837209,54.141580476927544
1159,11.59,9.956892292697864,54.121820215760906
1160,11.6,9.93678453444428,54.158503686580296
1161,11.61,9.936860632786649,54.157621500411516
1162,11.620000000000001,9.923498392531105,54.12404255427383
1163,11.63,9.912895267166324,54.15625585959211
1164,11.64,9.922830466308197,54.07057499906917
1165,11.65,9.908339341304641,54.080244312565945
1166,11.66,9.893548176738628,54.10717448376297
1167,11.67,9.887532543223392,54.12333735496264
1168,11.68,9.890867052227458,54.06902457261213
1169,11.69,9.886543193662433,54.102923735641696
1170,11.700000000000001,9.8796001454352,54.072192000125725
1171,11.71,9.871191433759943,54.03493915871983
1172,11.72,9.87473886035282,54.01523809913792
1173,11.73,9.865860600187697,54.0326781405973
1174,11.74,9.855171009066781,54.02195370453364
1175,11.75,9.839571200130539,54.05246096631837
1176,11.76,9.855466463813993,54.042815237480745
1177,11.77,9.845542200246543,53.99204496539819
1178,11.78,9.842938984698321,53.99070933833479
1179,11.790000000000001,9.836329535575436,54.03376501312763
1180,11.8,9.827170880281935,54.014499830206134
1181,11.81,9.810788515384475,53.986126908450096
1182,11.82,9.804404130665192,53.93163839565158
1183,11.83,9.786835391993018,53.9605628702457
1184,11.84,9.807129644419705,53.888129334281246
1185,11.85,9.794515458021909,53.937170265403616
1186,11.86,9.785488253350197,53.93879917584839
1187,11.870000000000001,9.785458222465273,53.92181804033058
1188,11.88,9.764912228316776,53.961155616170515
1189,11.89,9.769419927442147,53.97480128828922
1190,11.9,9.75161644222589,53.91340270737067
1191,11.91,9.755925158497464,53.898928656326596
1192,11.92,9.739539700118012,53.857953593108576
1193,11.93,9.746309809066252,53.86054926920292
1194,11.94,9.752224185401362,53.86397819333268
1195,11.950000000000001,9.740985988062455,53.902227736075766
1196,11.96,9.724365313515165,53.82785280578421
1197,11.97,9.713856403497113,53.859053536127256
1198,11.98,9.714324607073847,53.83145857782783
1199,11.99,9.706051383031731,53.82142504436555
1200,12.0,9.71875976037303,53.846386257898565
1201,12.01,9.690849971620036,53.749730805548616
1202,12.02,9.70230353919879,53.79391341161272
1203,12.030000000000001,9.694189764200882,53.765071122726404
1204,12.040000000000001,9.674980669834643,53.784373967180905
1205,12.05,9.69292750706801,53.80975881844645
1206,12.06,9.659132101652732,53.706013403257124
1207,12.07,9.67708152955617,53.74024189844322
1208,12.08,9.668858085576153,53.763143992993705
1209,12.09,9.649082677448583,53.69601809971875
1210,12.1,9.644050436240311,53.74495419453995
1211,12.11,9.633747541980624,53.74814024468862
1212,12.120000000000001,9.63369842849941,53.72582765506991
1213,12.13,9.628228719465026,53.71755260071717
1214,12.14,9.628026698615955,53.67621119469307
1215,12.15,9.618813609316888,53.679371462976555
1216,12.16,9.609542189220289,53.68048517421941
1217,12.17,9.597143001217928,53.665269505286794
1218,12.18,9.592652202159133,53.68832827531999
1219,12.19,9.60085884009628,53.699888639307055
1220,12.200000000000001,9.588855698615664,53.664321475548896
1221,12.21,9.58872566120608,53.665029339675115
1222,12.22,9.585137302507821,53.564087563850215
1223,12.23,9.575465570685767,53.62052700846306
1224,12.24,9.580473260757087,53.57335915539901
1225,12.25,9.5697718499776,53.61768734164449
1226,12.26,9.555404817358092,53.57124057604937
1227,12.27,9.564782439700522,53.55312914890797
1228,12.280000000000001,9.54811495173123,53.52576516327222
1229,12.290000000000001,9.538588775684941,53.50597592656002
1230,12.3,9.535745370171863,53.53418359523394
1231,12.31,9.540794072359205,53.49845577211983
1232,12.32,9.527149957706627,53.49275026313216
1233,12.33,9.511969246382904,53.54230176519654
1234,12.34,9.517119760565642,53.55055741976772
1235,12.35,9.50792644436439,53.484943299342405
1236,12.36,9.500672908046244,53.484042584337544
1237,12.370000000000001,9.496464251789593,53.49239242011656
1238,12.38,9.507093473036695,53.42224805693391
1239,12.39,9.478606698428656,53.45217523508397
1240,12.4,9.49327118097806,53.45620943548384
1241,12.41,9.478065700730895,53.49507428960912
1242,12.42,9.466558956949081,53.46136590738898
1243,12.43,9.45525595133411,53.387633766467346
1244,12.44,9.46263308354736,53.38249388688529
1245,12.450000000000001,9.464876715232087,53.41639420722963
1246,12.46,9.447577664368108,53.360219437516136
1247,12.47,9.457646547672704,53.30460695155043
1248,12.48,9.437254140395279,53.36288666946664
1249,12.49,9.432666751507082,53.33640124358934
1250,12.5,9.433351811037952,53.349050713322555
1251,12.51,9.434428310339223,53.36369692732038
1252,12.52,9.437154191594693,53.30973025781332
1253,12.530000000000001,9.421407753518798,53.288687802671326
1254,12.540000000000001,9.41885116871812,53.2858367353455
1255,12.55,9.400324750952812,53.291138748667976
1256,12.56,9.401105535192375,53.31754530057241
1257,12.57,9.401745742397736,53.261905950011425
1258,12.58,9.405968528405456,53.207513103888736
1259,12.59,9.383879472927514,53.267663697516305
1260,12.6,9.404945775730575,53.20153123125797
1261,12.61,9.379014277319246,53.21645744568064
1262,12.620000000000001,9.378486626106215,53.21706527343089
1263,12.63,9.35681057816994,53.16108611151412
1264,12.64,9.364051665182176,53.19209618725097
1265,12.65,9.373673586040587,53.189963117307045
1266,12.66,9.354589412851386,53.16833705475528
1267,12.67,9.35107175324961,53.15012819499228
1268,12.68,9.346536536220931,53.129139525993715
1269,12.69,9.3492044028707,53.16332409958421
1270,12.700000000000001,9.345008993657979,53.11982108418183
1271,12.71,9.334737325399882,53.113004028947024
1272,12.72,9.320680368553653,53.11792416325564
1273,12.73,9.322479960787708,53.0774976381093
1274,12.74,9.323923260733455,53.08471238297358
1275,12.75,9.309615094376477,53.02462610929371
1276,12.76,9.310557321626147,53.019693023796705
1277,12.77,9.308430243380595,53.04624714500219
1278,12.780000000000001,9.300114397369404,53.02067043312263
1279,12.790000000000001,9.3042429907503,52.97781258715441
1280,12.8,9.304597486171126,52.969418146387966
1281,12.81,9.283969532077789,53.0214377033584
1282,12.82,9.280274209249244,52.96222261580304
1283,12.83,9.277353213052944,53.02761885292844
1284,12.84,9.268042461746662,52.95265316045405
1285,12.85,9.262870645684968,53.033508847141604
1286,12.86,9.266112003094209,52.931376497027074
1287,12.870000000000001,9.254255041972272,52.92727093589094
1288,12.88,9.271445402167593,52.917658311105164
1289,12.89,9.251236270984514,52.91861390126975
1290,12.9,9.25610210062818,52.89787402338336
1291,12.91,9.2514339934728,52.85588368683905
1292,12.92,9.238246009572475,52.88218607422644
1293,12.93,9.233080139703056,52.826762468484375
1294,12.94,9.230812174952785,52.84648711098509
1295,12.950000000000001,9.243234765601077,52.841052063976285
1296,12.96,9.22224170885145,52.82471826184268
1297,12.97,9.209843931298582,52.76630778140986
1298,12.98,9.204983717320774,52.758448252088336
1299,12.99,9.205120783056547,52.74244854600974
1300,13.0,9.206174781938245,52.80563426202414
1301,13.01,9.20565881825108,52.74633284252309
1302,13.02,9.201100318489322,52.73104221223724
1303,13.030000000000001,9.198931982801486,52.66827843708874
1304,13.040000000000001,9.194234929705534,52.72737924998288
1305,13.05,9.188946936310357,52.71640382977698
1306,13.06,9.188642149817456,52.705921149299286
1307,13.07,9.187731387400625,52.72767321127149
1308,13.08,9.173776488770358,52.692475440185056
1309,13.09,9.161706597907479,52.671104029842496
1310,13.1,9.168335853705377,52.70939904086915
1311,13.11,9.172355829954562,52.66030677333346
1312,13.120000000000001,9.161442582476877,52.677548311617734
1313,13.13,9.161322786112965,52.696073603347784
1314,13.14,9.157985370342477,52.6372400540337
1315,13.15,9.150133161341719,52.640965541214165
1316,13.16,9.148025859596205,52.56540445481838
1317,13.17,9.14229328143338,52.60140189296067
1318,13.18,9.13764692427089,52.589288295655784
1319,13.19,9.136588148509203,52.58383943339673
1320,13.200000000000001,9.141810347060376,52.4782062300494
1321,13.21,9.125582198613204,52.47284118905852
1322,13.22,9.112360929467473,52.53189984857851
1323,13.23,9.120251043739874,52.468756577989666
1324,13.24,9.122945777842835,52.51153750046268
1325,13.25,9.119797992962624,52.44417283852427
1326,13.26,9.123024119305224,52.46343589899902
1327,13.27,9.1150384822519,52.397385479320235
1328,13.280000000000001,9.10325959427011,52.385361118945895
1329,13.290000000000001,9.10326795847723,52.420599910877044
1330,13.3,9.099800931978567,52.387121226762
1331,13.31,9.113030949044733,52.34821090117703
1332,13.32,9.09487003556651,52.32634307534943
1333,13.33,9.085107881125257,52.414278389687226
1334,13.34,9.080021096787975,52.31409926084276
1335,13.35,9.090541231526695,52.361528260288516
1336,13.36,9.08510928870765,52.28823999378658
1337,13.370000000000001,9.073199053515367,52.30563572565061
1338,13.38,9.071793996536305,52.27643022234059
1339,13.39,9.071488256087335,52.27826227842225
1340,13.4,9.059234573771876,52.33007543810308
1341,13.41,9.064241156923336,52.316204596213105
1342,13.42,9.066054353180192,52.24376369716421
1343,13.43,9.037007256925255,52.22825436074986
1344,13.44,9.059623556848864,52.23562779119391
1345,13.450000000000001,9.051337757655794,52.19096980234651
1346,13.46,9.051781292933333,52.24587751399101
1347,13.47,9.048924412100586,52.17585865612664
1348,13.48,9.037346414693182,52.18967607253153
1349,13.49,9.031162572301142,52.188730239677945
1350,13.5,9.037456518009101,52.10519682801791
1351,13.51,9.034407334082397,52.18779597186379
1352,13.52,9.032944348457189,52.14218369391847
1353,13.530000000000001,9.022623563295719,52.1702545363125
1354,13.540000000000001,9.03787358426622,52.08317329155192
1355,13.55,9.008304980753394,52.11403413542335
1356,13.56,9.01525344899749,52.12671932212777
1357,13.57,9.022767833553338,52.07171174195345
1358,13.58,9.006796743045681,52.05158070819981
1359,13.59,9.008956392455927,51.99318677465023
1360,13.6,9.012945024964418,52.03972592024485
1361,13.61,9.004894643080865,52.06332173594663
1362,13.620000000000001,9.00109214027954,51.93647027521126
1363,13.63,9.007959697567014,51.95201452983155
1364,13.64,9.004016856744862,51.98714532737578
1365,13.65,8.997633056124961,51.964456194602576
1366,13.66,8.993905824765907,51.915961638137674
1367,13.67,9.001129401918066,51.91107883303599
1368,13.68,8.987733125153623,51.940298892260046
1369,13.69,8.992780311319086,51.93046882089725
1370,13.700000000000001,8.981622414595314,51.915193934202634
1371,13.71,8.99248042686289,51.90563977137857
1372,13.72,8.97928071058005,51.82774501441431
1373,13.73,8.971662448550966,51.84610387389442
1374,13.74,8.955744039755915,51.890662989204365
1375,13.75,8.975079529213227,51.81877913467643
1376,13.76,8.972102004486564,51.85174926034394
1377,13.77,8.957077918462586,51.7937665586214
1378,13.780000000000001,8.959670453722186,51.80795916972662
1379,13.790000000000001,8.95920208878945,51.79947198404652
1380,13.8,8.949241213652574,51.75617958370625
1381,13.81,8.94938205783138,51.787603567460245
1382,13.82,8.960876806108498,51.786455061350786
1383,13.83,8.948539950118544,51.706472067026866
1384,13.84,8.955161834091623,51.6713252241391
1385,13.85,8.96174378300022,51.66902828350512
1386,13.86,8.951992205265539,51.6917427956129
1387,13.870000000000001,8.937628718819019,51.64193277324996
1388,13.88,8.945168467973334,51.69770438960758
1389,13.89,8.939903516748458,51.7022908929399
1390,13.9,8.941763775785475,51.674774634413595
1391,13.91,8.945068726653727,51.637874234989795
1392,13.92,8.938186252730976,51.62063330568595
1393,13.93,8.932080637045487,51.583821365268946
1394,13.94,8.93151800246257,51.624394218940594
1395,13.950000000000001,8.929875426733712,51.60709139099388
1396,13.96,8.929283607711993,51.58703170890259
1397,13.97,8.91159154063902,51.55392226656992
1398,13.98,8.921356605017642,51.52159407306513
1399,13.99,8.918184344606205,51.50064197819333
1400,14.0,8.931689536752765,51.55574422096875
1401,14.01,8.935627196357284,51.58001409524053
1402,14.02,8.937818736609612,51.489995435274665
1403,14.030000000000001,8.920688893287899,51.45221369605705
1404,14.040000000000001,8.907366451967786,51.43470026905015
1405,14.05,8.912949229983155,51.41880806097262
1406,14.06,8.908611106854915,51.48557520571817
1407,14.07,8.90417025439584,51.44158536760034
1408,14.08,8.915417657362564,51.43550708758442
1409,14.09,8.902661536582364,51.39989211677833
1410,14.1,8.90750925353081,51.40662314946767
1411,14.11,8.904405328631094,51.379804497699375
1412,14.120000000000001,8.910402645823734,51.371403667142346
1413,14.13,8.905529008036993,51.31910725569553
1414,14.14,8.901378748342655,51.34240583072222
1415,14.15,8.906521378421335,51.317145197970014
1416,14.16,8.88605874916205,51.35099441652215
1417,14.17,8.890062198643411,51.311621849307336
1418,14.18,8.906815833313999,51.292078135428085
1419,14.19,8.890533574112508,51.33043972387402
1420,14.200000000000001,8.900979648028871,51.32176543491539
1421,14.21,8.900294743442958,51.28060239678137
1422,14.22,8.892862733769633,51.24344725319381
1423,14.23,8.894245415356638,51.22516227744346
1424,14.24,8.888440611708921,51.2085834312121
1425,14.25,8.887336842804556,51.27994686679444
1426,14.26,8.891945678506241,51.1575011330866
1427,14.27,8.895606503554255,51.14990315374756
1428,14.280000000000001,8.895817444856409,51.17667563763415
1429,14.290000000000001,8.877931572025144,51.186527584110756
1430,14.3,8.882998874961714,51.1592237981474
1431,14.31,8.88374005312986,51.14874843215152
1432,14.32,8.877663231469578,51.12819791924583
1433,14.33,8.878399334433736,51.111026978900114
1434,14.34,8.872644958605294,51.06556160562606
1435,14.35,8.883097620651307,51.094307664376565
1436,14.36,8.882375195052322,51.076474543826855
1437,14.370000000000001,8.885620116114785,51.01272376899804
1438,14.38,8.868228900833357,51.05856562453514
1439,14.39,8.871529619386914,50.99168243213398
1440,14.4,8.859979535101887,51.06473472818563
1441,14.41,8.86734308087811,51.02581875420229
1442,14.42,8.881998486433769,50.978035491386876
1443,14.43,8.871534922538956,50.939999575353994
1444,14.44,8.878040859455052,50.96001877078946
1445,14.450000000000001,8.879505987821902,50.947617736200556
1446,14.46,8.874017852776378,50.930290961696684
1447,14.47,8.861942702022795,50.943325896756456
1448,14.48,8.864699418268193,50.92794981040087
1449,14.49,8.864626489912824,50.929297594072956
1450,14.5,8.875280628870154,50.88233021617245
1451,14.51,8.889624048808539,50.92975625287542
1452,14.52,8.861149911122643,50.88079162207548
1453,14.530000000000001,8.850934744722284,50.92658927753436
1454,14.540000000000001,8.872120049035683,50.86321664273257
1455,14.55,8.863269187302391,50.87641125471475
1456,14.56,8.858627003091609,50.8403822725895
1457,14.57,8.879171111767995,50.817703713876014
1458,14.58,8.859890398543572,50.830351962190576
1459,14.59,8.865147794521437,50.789908286799864
1460,14.6,8.865882554714121,50.80149619859044
1461,14.61,8.863327820605585,50.796226072594074
1462,14.620000000000001,8.860760941943948,50.76672066779578
1463,14.63,8.861607202200798,50.76179936103962
1464,14.64,8.87254031804105,50.74686296220298
1465,14.65,8.865184144145347,50.74256600133713
1466,14.66,8.857410033661985,50.694038649503405
1467,14.67,8.855266381437215,50.71613403334893
1468,14.68,8.853411300522499,50.69098117035028
1469,14.69,8.854428159391388,50.67871591773315
1470,14.700000000000001,8.857290714357523,50.70277030757806
1471,14.71,8.850124276092151,50.65869027009099
1472,14.72,8.857791494795997,50.59176009264046
1473,14.73,8.856255098502379,50.62565458956031
1474,14.74,8.862991306731402,50.63308045600325
1475,14.75,8.85465978338385,50.63263167102864
1476,14.76,8.86168427551123,50.56749527264849
1477,14.77,8.859027640222235,50.57459495355526
1478,14.780000000000001,8.862713639121093,50.55991488398654
1479,14.790000000000001,8.87125084402939,50.56382974308501
1480,14.8,8.850599641752586,50.550239748114706
1481,14.81,8.862918399293036,50.54887590563861
1482,14.82,8.862205818936323,50.56523133520917
1483,14.83,8.858659042358706,50.499513040503444
1484,14.84,8.870282769331496,50.499569489018995
1485,14.85,8.865034522939897,50.52132483816729
1486,14.86,8.85809268345175,50.51366578165529
1487,14.870000000000001,8.854169390838484,50.4929088764677
1488,14.88,8.859986335782748,50.481864636408815
1489,14.89,8.86370172541288,50.46994313940137
1490,14.9,8.877643773710197,50.48093047715428
1491,14.91,8.86504126591904,50.48561788549265
1492,14.92,8.867485009925433,50.40903274355462
1493,14.93,8.869422396839207,50.47544993097544
1494,14.94,8.87143142454265,50.4209312036634
1495,14.950000000000001,8.86725370800581,50.40094614212428
1496,14.96,8.866064605670738,50.36379594862107
1497,14.97,8.857029829783174,50.35226704338961
1498,14.98,8.865607112369238,50.36469856514603
1499,14.99,8.87578957259192,50.35653737314766
1500,15.0,8.866763966116894,50.35083171482816
1501,15.01,8.867511692855983,50.31394329335247
1502,15.02,8.875452576252036,50.30966675750051
1503,15.030000000000001,8.878766169594453,50.28600176869918
1504,15.040000000000001,8.874921220291144,50.31086719102221
1505,15.05,8.875561825733598,50.30975836813851
1506,15.06,8.855372163534852,50.282101335606875
1507,15.07,8.879161964643188,50.255125277600946
1508,15.08,8.87688975792275,50.29692735760458
1509,15.09,8.884390510992858,50.23567440464026
1510,15.1,8.890774245101248,50.2480236591787
1511,15.11,8.871442363800357,50.20463843824143
1512,15.120000000000001,8.878287685181219,50.25958771170636
1513,15.13,8.87876516215526,50.230197414689776
1514,15.14,8.878159100743908,50.20653570954087
1515,15.15,8.877889409443672,50.206918600618636
1516,15.16,8.878922656872778,50.19032232196029
1517,15.17,8.879826184103147,50.12806752534466
1518,15.18,8.872482588272522,50.151220353148545
1519,15.19,8.883424787031966,50.14496378134899
1520,15.200000000000001,8.879624809337606,50.088025647241466
1521,15.21,8.895049503159358,50.16622348047255
1522,15.22,8.895532591563768,50.09762107910428
1523,15.23,8.898310258323864,50.070219264742924
1524,15.24,8.89734480965047,50.13556191443996
1525,15.25,8.885909423690473,50.11347763892967
1526,15.26,8.876500855712123,50.095315398262066
1527,15.27,8.891169972460572,50.093061873110216
1528,15.280000000000001,8.88645600105521,50.04193844360869
1529,15.290000000000001,8.904774522911293,50.06553506034014
1530,15.3,8.888816742580751,50.065715846328665
1531,15.31,8.923230877581483,50.04432057378156
1532,15.32,8.895656997235431,49.99678633451832
1533,15.33,8.904285729034994,49.9837924920821
1534,15.34,8.907942063966392,49.99815000575877
1535,15.35,8.906202657871892,49.96442924897476
1536,15.36,8.896312657233219,49.96544467484266
1537,15.370000000000001,8.905289368542743,49.98482632330531
1538,15.38,8.90680108396516,49.97385686794721
1539,15.39,8.916218102260936,49.981569433778326
1540,15.4,8.907398609826812,49.95998917670057
1541,15.41,8.90889671234197,49.93931669829831
1542,15.42,8.909770957866966,49.93137659558747
1543,15.43,8.91598880104411,49.92375053331045
1544,15.44,8.922108441557231,49.900502199004535
1545,15.450000000000001,8.931932315992329,49.93651350439641
1546,15.46,8.91283053292783,49.867197767072774
1547,15.47,8.913284955728178,49.87241608459551
1548,15.48,8.934440821026145,49.87580224503712
1549,15.49,8.92255254474689,49.85145479608543
1550,15.5,8.926916777776038,49.84132892740695
1551,15.51,8.931272478509383,49.84966812781218
1552,15.52,8.937671753825313,49.82509633223666
1553,15.530000000000001,8.935881721684376,49.828857974725565
1554,15.540000000000001,8.93562283265496,49.81314361315921
1555,15.55,8.93579620062673,49.8397443467321
1556,15.56,8.949151743038746,49.81471493235085
1557,15.57,8.940759744948158,49.78572768827974
1558,15.58,8.945950320325691,49.775715026208225
1559,15.59,8.936042716635448,49.771423755248804
1560,15.6,8.949657615759598,49.743556569211236
1561,15.610000000000001,8.943264824944924,49.75322040490975
1562,15.620000000000001,8.961588494224491,49.73262221996028
1563,15.63,8.954747462549232,49.76921987027381
1564,15.64,8.942885024791584,49.75360320639105
1565,15.65,8.958374895673748,49.69677341501335
1566,15.66,8.960066945697585,49.71902428434744
1567,15.67,8.97794953215645,49.706438821990325
1568,15.68,8.967914949901713,49.65232247339259
1569,15.69,8.960338682549107,49.69789524343616
1570,15.700000000000001,8.946888131319431,49.65322732057293
1571,15.71,8.991345897781986,49.69029233684259
1572,15.72,8.964756947105558,49.630970464848936
1573,15.73,8.987874761538146,49.577721807156685
1574,15.74,8.975511953315891,49.65703830309688
1575,15.75,8.980966859212948,49.63335209251904
1576,15.76,8.98022961180254,49.64070333023528
1577,15.77,8.975282402835283,49.566153211703316
1578,15.780000000000001,8.98720083212997,49.60010750533944
1579,15.790000000000001,8.98301649089716,49.51427074059653
1580,15.8,8.992637143075035,49.62429042749673
1581,15.81,8.997551458283354,49.56273410189707
1582,15.82,8.997357437639401,49.58454378724653
1583,15.83,8.997755945049896,49.54230070324144
1584,15.84,9.009867647938584,49.62866041949254
1585,15.85,9.0131179578258,49.58042619912434
1586,15.860000000000001,9.00096231066354,49.55684522636487
1587,15.870000000000001,9.00614955923147,49.554941376073714
1588,15.88,9.01562392171803,49.588029473879715
1589,15.89,9.004594839661308,49.533131684480836
1590,15.9,9.006719908641289,49.544816835460814
1591,15.91,9.007148222057447,49.49252706732184
1592,15.92,9.026548749426274,49.4841569816125
1593,15.93,9.028926063304583,49.45470010141319
1594,15.94,9.027567909078126,49.47652270860255
1595,15.950000000000001,9.02831931061572,49.488300798064095
1596,15.96,9.042480112310178,49.50992124827679
1597,15.97,9.048538842320818,49.51326793546713
1598,15.98,9.031744037773079,49.45693179748163
1599,15.99,9.039090378212082,49.46641129399589
1600,16.0,9.059848320303464,49.428939996745484
1601,16.01,9.051297301849077,49.422796245265644
1602,16.02,9.05017920771151,49.46420712406858
1603,16.03,9.05759627326097,49.44504009336482
1604,16.04,9.060896947168525,49.41647244019457
1605,16.05,9.065613066637033,49.411313633974544
1606,16.06,9.054019839909047,49.37113421384174
1607,16.07,9.068207759541282,49.331512039784144
1608,16.080000000000002,9.069626731112177,49.35531582289366
1609,16.09,9.073528725440566,49.42893119169838
1610,16.1,9.084090102317125,49.34696361051105
1611,16.11,9.080688164905329,49.409884947696035
1612,16.12,9.079831538449927,49.32128721623795
1613,16.13,9.083070799395351,49.408406812066055
1614,16.14,9.098157082323453,49.36376629874473
1615,16.15,9.069617936444228,49.33413840168335
1616,16.16,9.098039439605826,49.34844354360683
1617,16.17,9.100771328290051,49.348974664024524
1618,16.18,9.123445202636715,49.31161049506024
1619,16.19,9.095463813601839,49.354260200020626
1620,16.2,9.118425411854524,49.33634463102841
1621,16.21,9.110568503840478,49.278295207949206
1622,16.22,9.091761007098482,49.284049417546825
1623,16.23,9.120091951570151,49.295697347632185
1624,16.240000000000002,9.121328824329092,49.28619410048392
1625,16.25,9.119146293679218,49.266301654056655
1626,16.26,9.124725608000112,49.22748231031481
1627,16.27,9.11973839651167,49.26862454066399
1628,16.28,9.130286553707478,49.20797816397759
1629,16.29,9.137614443142017,49.273963895073486
1630,16.3,9.13902575441691,49.32107665960359
1631,16.31,9.146484525696025,49.28186456054185
1632,16.32,9.131302263603455,49.21746068107163
1633,16.330000000000002,9.135798283536909,49.21024829816321
1634,16.34,9.148885975956201,49.234066541658585
1635,16.35,9.159899290707202,49.246329897897915
1636,16.36,9.156254398550063,49.22766252962956
1637,16.37,9.146297474977962,49.23404817380793
1638,16.38,9.168326692525504,49.19700293905545
1639,16.39,9.154031770535141,49.219279403090454
1640,16.4,9.17171566606106,49.18355423961425
1641,16.41,9.171445082979764,49.189038597124956
1642,16.42,9.178861718987344,49.16940123757638
1643,16.43,9.19183187273282,49.18279627989384
1644,16.44,9.18877536677449,49.17831094037642
1645,16.45,9.194755290434413,49.20039329234907
1646,16.46,9.193034443506935,49.175589433559566
1647,16.47,9.209872065522381,49.176164980692775
1648,16.48,9.212818343689108,49.183384449955895
1649,16.490000000000002,9.20688330165387,49.19163997048572
1650,16.5,9.216861664101916,49.167101143372825
1651,16.51,9.215952071090099,49.15442822595881
1652,16.52,9.205055568866882,49.13762942867343
1653,16.53,9.204803185946947,49.1155979267985
1654,16.54,9.221685326133038,49.1442495353154
1655,16.55,9.219624668611026,49.15822010033373
1656,16.56,9.220698489904768,49.13610328194655
1657,16.57,9.222779096578094,49.16962989735534
1658,16.580000000000002,9.230850224342397,49.13853828738374
1659,16.59,9.231903997821409,49.11303913034383
1660,16.6,9.245848019819002,49.10525990887878
1661,16.61,9.23943221212207,49.14808260585809
1662,16.62,9.237008977932264,49.100402191440374
1663,16.63,9.253260668891757,49.10848983560432
1664,16.64,9.26491265019532,49.12505753016058
1665,16.65,9.263990085284354,49.108467288273594
1666,16.66,9.26276178893771,49.10211134643539
1667,16.67,9.276611107618564,49.12872247512398
1668,16.68,9.270534127527144,49.11198140188655
1669,16.69,9.272740925166087,49.10053860102001
1670,16.7,9.275433354638412,49.1099208944124
1671,16.71,9.288149546960625,49.10387540758735
1672,16.72,9.275820575134514,49.124753290636065
1673,16.73,9.293521108570681,49.101631086014045
1674,16.740000000000002,9.28991289953151,49.026961678413
1675,16.75,9.287166073917186,49.081787241706586
1676,16.76,9.312340628734558,49.103136606936495
1677,16.77,9.30606533758254,49.07997300529309
1678,16.78,9.302513648171663,49.05504106174233
1679,16.79,9.307373417322625,49.05462324572412
1680,16.8,9.306177982128773,49.066180217141785
1681,16.81,9.320758504978672,49.011140242062325
1682,16.82,9.321158190579801,49.068473827224395
1683,16.830000000000002,9.333757836848061,49.03201130412196
1684,16.84,9.337457931214342,49.10457320062793
1685,16.85,9.331626036064666,49.037034453805134
1686,16.86,9.33854174141784,49.03489276585168
1687,16.87,9.346818552060702,49.078109830878894
1688,16.88,9.347747849285689,49.016417807782986
1689,16.89,9.348478310024504,48.98291790882163
1690,16.9,9.357371182191692,49.02477504300571
1691,16.91,9.366092593000378,49.02409770765933
1692,16.92,9.359917005449553,49.03036422755067
1693,16.93,9.36344813933519,48.9889362260091
1694,16.94,9.356752850535639,49.068602849030825
1695,16.95,9.365429589437955,48.997760039728625
1696,16.96,9.37718984525661,49.01129039111409
1697,16.97,9.366231098582952,49.01219782178926
1698,16.98,9.393044442965206,48.97888612044834
1699,16.990000000000002,9.389116928519131,49.02266609205588
1700,17.0,9.385196217872057,49.01719242261627
1701,17.01,9.378997485041387,48.99294552723255
1702,17.02,9.396196311577985,49.002675744245145
1703,17.03,9.40913461565861,48.97047150603162
1704,17.04,9.40733207433123,49.00746343891746
1705,17.05,9.407746645972745,48.96530933668777
1706,17.06,9.41632273533829,48.987347155849065
1707,17.07,9.426106026041147,49.02814365179379
1708,17.080000000000002,9.420585496119436,48.99875324801419
1709,17.09,9.4243447116911,49.008058209625595
1710,17.1,9.424828031087806,48.965579936834594
1711,17.11,9.439347003860572,49.02284094743564
1712,17.12,9.436668141890525,48.98058067211552
1713,17.13,9.446758922066746,48.94277984133492
1714,17.14,9.462096257931167,49.004570018487165
1715,17.150000000000002,9.453458619709433,48.98427108679945
1716,17.16,9.453480017715439,48.97621414938164
1717,17.17,9.45750413299159,48.94800618791128
1718,17.18,9.474474280546207,48.996120393877355
1719,17.19,9.47542184308075,49.01177320045873
1720,17.2,9.477883810662712,49.04828428680646
1721,17.21,9.481822647009034,48.9353001483126
1722,17.22,9.486788700219897,48.93553122052399
1723,17.23,9.487136316465591,48.93994622970881
1724,17.240000000000002,9.494364872612488,48.98336089589581
1725,17.25,9.495374567878711,48.977062779198995
1726,17.26,9.494368094152215,48.97853243993025
1727,17.27,9.493083910936166,48.92821233242388
1728,17.28,9.516639058871595,48.971466614368005
1729,17.29,9.502065784602074,48.98100388704989
1730,17.3,9.514375962734972,49.01489232845722
1731,17.31,9.525215579506485,48.94589408235997
1732,17.32,9.524653506532148,48.924945104455276
1733,17.330000000000002,9.524228546053665,48.9313717191817
1734,17.34,9.527859187309561,49.013949748780334
1735,17.35,9.539670671225583,48.97877614287389
1736,17.36,9.552336618270322,48.962722731075644
1737,17.37,9.54598135456105,48.98517842096833
1738,17.38,9.544734291229059,48.88036725907619
1739,17.39,9.545049580542166,48.93496987636795
1740,17.400000000000002,9.56201567216876,48.96466510996755
1741,17.41,9.572722243744282,48.95073597234843
1742,17.42,9.56117209411524,48.980108717326964
1743,17.43,9.566704892454705,48.95868253898312
1744,17.44,9.575334276072148,48.96628558186936
1745,17.45,9.58329141306504,48.95746783910414
1746,17.46,9.583675084800177,48.92949486190484
1747,17.47,9.597885484707916,48.9751652055647
1748,17.48,9.589510248221403,48.981114765442726
1749,17.490000000000002,9.586149026574887,48.9412443134609
1750,17.5,9.600084639343347,48.945015515717394
1751,17.51,9.592608915147332,48.988460664793294
1752,17.52,9.619422679858625,48.945550523651015
1753,17.53,9.616484757717743,48.97188285345598
1754,17.54,9.619448303268234,49.014650113890674
1755,17.55,9.623123384440838,48.993154091188664
1756,17.56,9.615629553688878,48.935512459844965
1757,17.57,9.635373996784823,49.01818540529115
1758,17.580000000000002,9.635223127262165,48.96706819100113
1759,17.59,9.625922624939307,48.92852413515255
1760,17.6,9.643234127689853,48.94772618689073
1761,17.61,9.648130530955038,48.97622877606713
1762,17.62,9.64889714745009,48.97329312526363
1763,17.63,9.657735835011051,48.955459820501815
1764,17.64,9.654009292182696,49.00698172555077
1765,17.650000000000002,9.661996186199023,48.96227937529407
1766,17.66,9.667724674837558,48.97715747113451
1767,17.67,9.672916671547023,48.94859659945242
1768,17.68,9.668877586720068,48.965231831752845
1769,17.69,9.678589224080616,48.943282141514494
1770,17.7,9.691977799081124,48.96262417172515
1771,17.71,9.687399877401955,48.98797066636916
1772,17.72,9.681303380907076,48.998659347814005
1773,17.73,9.686911601782947,48.94706110328611
1774,17.740000000000002,9.689726401100987,49.021415378441304
1775,17.75,9.70375787925206,48.982219472674224
1776,17.76,9.70645501637637,48.94371075041337
1777,17.77,9.708117970736081,48.97397963541513
1778,17.78,9.712521999062213,49.03976846730576
1779,17.79,9.723209084467394,48.99406677253263
1780,17.8,9.72801539584646,49.006161583281376
1781,17.81,9.724861275233168,49.08029847522726
1782,17.82,9.729502722050244,48.94969851372244
1783,17.830000000000002,9.734529125677527,48.96007837688291
1784,17.84,9.745933703910543,48.95571491563628
1785,17.85,9.747408361659874,48.974985846778345
1786,17.86,9.75727361540464,49.02418148851568
1787,17.87,9.750731802566964,48.97243443428867
1788,17.88,9.750330531823742,49.0109554910801
1789,17.89,9.763178061264242,49.04211636391413
1790,17.900000000000002,9.761120017202936,48.99080659973339
1791,17.91,9.776005036179747,49.00415669909149
1792,17.92,9.767870770258465,49.03789703359863
1793,17.93,9.781285125599403,49.00274328167073
1794,17.94,9.77132896208269,49.02412665535443
1795,17.95,9.793355522556258,49.04584954259527
1796,17.96,9.792056455580369,49.024002632076346
1797,17.97,9.789340835375697,49.03286137712627
1798,17.98,9.797928741320282,49.04458464737566
1799,17.990000000000002,9.806079651213434,49.006299939221826
1800,18.0,9.816682619352619,49.003890886393854
1801,18.01,9.813735835599866,49.05153529287893
1802,18.02,9.817548460465412,49.021977551247495
1803,18.03,9.810145504030485,48.99293985093996
1804,18.04,9.812378621442207,48.9940556716917
1805,18.05,9.826419706378749,49.046161159183214
1806,18.06,9.822133894442523,49.042661649067135
1807,18.07,9.837611155915447,49.03026176993187
1808,18.080000000000002,9.83927087885088,49.07178935432749
1809,18.09,9.835039483628783,48.9818484114381
1810,18.1,9.847747144020147,48.99582141673283
1811,18.11,9.840245860390292,49.02767517298292
1812,18.12,9.852500140860812,49.0278334640758
1813,18.13,9.855065400182262,49.043715785310994
1814,18.14,9.855382927220978,49.04017094609086
1815,18.150000000000002,9.862133441367234,49.046617055648746
1816,18.16,9.874019403096119,49.07940034513149
1817,18.17,9.873452770798153,49.05297162497731
1818,18.18,9.869215363575622,49.06968932960194
1819,18.19,9.871106820615594,49.02396009879011
1820,18.2,9.876458908323674,49.062467601913625
1821,18.21,9.881964835962929,49.06256251155201
1822,18.22,9.896958324453257,49.089348008009104
1823,18.23,9.890927312947227,49.09469934209239
1824,18.240000000000002,9.903497961202625,49.1024627568921
1825,18.25,9.893060176289515,49.09359191539343
1826,18.26,9.894171114426445,49.09543268244546
1827,18.27,9.912391566393678,49.11434089943001
1828,18.28,9.913839799330654,49.15301893507749
1829,18.29,9.902518195294444,49.08522998761774
1830,18.3,9.921196304079125,49.10988325258104
1831,18.31,9.926867326986043,49.091754623316575
1832,18.32,9.933693318786107,49.098209336939796
1833,18.330000000000002,9.92307184201214,49.011016937483
1834,18.34,9.942743105159993,49.11422557212932
1835,18.35,9.930461580441072,49.1222413177353
1836,18.36,9.931926337839808,49.07403501804884
1837,18.37,9.933911094578386,49.125812433933866
1838,18.38,9.946537212121543,49.112902763744536
1839,18.39,9.95379605823763,49.173206463283215
1840,18.400000000000002,9.950901680233835,49.11029440684716
1841,18.41,9.95582563037074,49.12206930863552
1842,18.42,9.973970198413923,49.12282654184995
1843,18.43,9.961930399032983,49.15995723381959
1844,18.44,9.96944267934709,49.16431815868701
1845,18.45,9.98075486172386,49.16428304255383
1846,18.46,9.96994868730003,49.17948463762805
1847,18.47,9.986980613511156,49.148879928989324
1848,18.48,9.989618591416976,49.19015595859099
1849,18.490000000000002,9.977450014805314,49.14323535172502
1850,18.5,9.997350476750885,49.189183127423654
1851,18.51,9.988324599976968,49.22804851524358
1852,18.52,10.008878096512221,49.16671530962849
1853,18.53,10.007806929233897,49.168397895304544
1854,18.54,10.002612339728188,49.19414590247239
1855,18.55,10.004010870899535,49.224742818640344
1856,18.56,10.013799811443763,49.20847126774272
1857,18.57,10.020170812809555,49.18822250033121
1858,18.580000000000002,10.022784634169495,49.147641782159646
1859,18.59,10.012650511624468,49.21687618951842
1860,18.6,10.029410254874902,49.223246711072285
1861,18.61,10.032840655177706,49.275385598279094
1862,18.62,10.046788772771206,49.18458096503446
1863,18.63,10.036087220466552,49.19793399559354
1864,18.64,10.055894357766853,49.22444771531263
1865,18.650000000000002,10.049255763967993,49.24355644527623
1866,18.66,10.052332220707033,49.20433521131236
1867,18.67,10.057973084746552,49.21688513870044
1868,18.68,10.059400521549183,49.22796596484391
1869,18.69,10.064461701065808,49.2432136213196
1870,18.7,10.058149501516324,49.234141279386165
1871,18.71,10.068420512221254,49.21648757792426
1872,18.72,10.064314561586846,49.2237883743782
1873,18.73,10.079581597138658,49.2180631859154
1874,18.740000000000002,10.074717494692875,49.30085410690771
1875,18.75,10.089214924662695,49.303755690699724
1876,18.76,10.08358548400883,49.257732064837036
1877,18.77,10.074761599380086,49.26975047516243
1878,18.78,10.09333725847377,49.27470773738255
1879,18.79,10.095821784649186,49.26258196704422
1880,18.8,10.085342697757122,49.28990712505374
1881,18.81,10.080223696264667,49.21155699978643
1882,18.82,10.113217050586991,49.293094621615175
1883,18.830000000000002,10.115163740151667,49.23221676511614
1884,18.84,10.1243907662251,49.24658755070883
1885,18.85,10.12353871194877,49.24159367816968
1886,18.86,10.110189424160367,49.28458506552284
1887,18.87,10.110281849874957,49.293309032323975
1888,18.88,10.126320280051537,49.34572062971082
1889,18.89,10.123749154674263,49.26260764323845
1890,18.900000000000002,10.128820310085029,49.35198377572494
1891,18.91,10.136522891417323,49.36261872040355
1892,18.92,10.128342562802764,49.29048493528741
1893,18.93,10.138349006580162,49.361752854923225
1894,18.94,10.138531080606304,49.32691728564647
1895,18.95,10.150978568597269,49.33811303687575
1896,18.96,10.15365334847393,49.35625356771416
1897,18.97,10.150291238599127,49.306869505868804
1898,18.98,10.140857584448383,49.39195407105194
1899,18.990000000000002,10.157416954181642,49.34671301346673
1900,19.0,10.158600636541756,49.347348519096116
1901,19.01,10.147748653786005,49.39698140365187
1902,19.02,10.160999832477822,49.364178641124774
1903,19.03,10.160894775774063,49.38446310852047
1904,19.04,10.166379423841146,49.387971619274005
1905,19.05,10.180529786482838,49.353909071662095
1906,19.06,10.17584961289649,49.425336147450054
1907,19.07,10.172491283372095,49.4066627443599
1908,19.080000000000002,10.19295635679615,49.39829468268459
1909,19.09,10.178135476542199,49.393490191112626
1910,19.1,10.185911719935733,49.416948351728074
1911,19.11,10.190220830732926,49.43259456010632
1912,19.12,10.200394929990985,49.44632772971902
1913,19.13,10.193031224318043,49.41606349210026
1914,19.14,10.19765826888078,49.404897989701674
1915,19.150000000000002,10.221200278243023,49.46744552418023
1916,19.16,10.20284400501279,49.43778740496959
1917,19.17,10.212562711383285,49.44965877158948
1918,19.18,10.231969989211864,49.462814417801596
1919,19.19,10.214355319244275,49.500671352101236
1920,19.2,10.230666329757925,49.41596580286994
1921,19.21,10.216605340445748,49.421081514259164
1922,19.22,10.213970956097011,49.4531684110933
1923,19.23,10.23689340630949,49.476304161521796
1924,19.240000000000002,10.229622832497476,49.478065429298425
1925,19.25,10.237867667513573,49.48482046291341
1926,19.26,10.227524201652528,49.52904064916176
1927,19.27,10.246626299508794,49.486227724507465
1928,19.28,10.222839104791031,49.47576073591915
1929,19.29,10.246577177797093,49.495383706665
1930,19.3,10.253600207795236,49.51525734044602
1931,19.31,10.241279735351874,49.43833384011354
1932,19.32,10.25174914932594,49.54959439062487
1933,19.330000000000002,10.253670003334909,49.556574328885496
1934,19.34,10.25677591416472,49.49001685621507
1935,19.35,10.259709107420859,49.52223887134997
1936,19.36,10.255114891538064,49.53977121179993
1937,19.37,10.264988160138182,49.56078622594333
1938,19.38,10.265900026257832,49.540429792946995
1939,19.39,10.273505406738245,49.54839277326658
1940,19.400000000000002,10.28524377816317,49.560216891559044
1941,19.41,10.274641791640036,49.58750356577618
1942,19.42,10.275842475080058,49.54943518835131
1943,19.43,10.275428500800338,49.55821528477072
1944,19.44,10.280720723473959,49.607711568071416
1945,19.45,10.294937378157172,49.57566313343966
1946,19.46,10.292824558749215,49.6276217093947
1947,19.47,10.292750524377556,49.62695525085537
1948,19.48,10.311484978443188,49.610316822771644
1949,19.490000000000002,10.305881493311954,49.61030599899171
1950,19.5,10.29873481077457,49.582989151922426
1951,19.51,10.306920482182866,49.60935992686566
1952,19.52,10.297343475540398,49.614098766527434
1953,19.53,10.312195271499627,49.56536664117789
1954,19.54,10.315666950552087,49.642385769577004
1955,19.55,10.32252215198956,49.67482297151711
1956,19.56,10.316500938593208,49.593531078389745
1957,19.57,10.315120932666634,49.63905194254578
1958,19.580000000000002,10.31613264017725,49.632293569781176
1959,19.59,10.313170586388752,49.673727177458765
1960,19.6,10.31867728006293,49.67092684878934
1961,19.61,10.333325685751413,49.74263938951273
1962,19.62,10.328928680846676,49.65039788562107
1963,19.63,10.347900899198759,49.71771079089266
1964,19.64,10.331837151630575,49.6913633736626
1965,19.650000000000002,10.351700844605904,49.71638956140621
1966,19.66,10.340791194573892,49.731310753180935
1967,19.67,10.338647001212218,49.71821635397616
1968,19.68,10.339538507498231,49.73584721934753
1969,19.69,10.352068036637029,49.714896471203446
1970,19.7,10.346670772772995,49.68976244782379
1971,19.71,10.359731464448885,49.75378384239403
1972,19.72,10.352475186904236,49.7376372278438
1973,19.73,10.357600656843976,49.69561057075784
1974,19.740000000000002,10.369880768054074,49.75391216322483
1975,19.75,10.361027719458622,49.72199971955026
1976,19.76,10.355960298687123,49.816008797797
1977,19.77,10.365192665383193,49.79871643279798
1978,19.78,10.35905765806299,49.78819610629079
1979,19.79,10.370072073223136,49.79094187749507
1980,19.8,10.3646021565481,49.81956743202702
1981,19.81,10.360901905888003,49.76502971799442
1982,19.82,10.372335017061157,49.808956040621595
1983,19.830000000000002,10.371611221557062,49.785225387838835
1984,19.84,10.380776739357552,49.80242357489289
1985,19.85,10.386258837161225,49.72663662930386
1986,19.86,10.391590989574754,49.84551820752438
1987,19.87,10.384935245170281,49.834124743993634
1988,19.88,10.384406718492563,49.90256736554371
1989,19.89,10.371748792078474,49.83557739688227
1990,19.900000000000002,10.395719652531623,49.870143908226225
1991,19.91,10.392602620586588,49.89059481646189
1992,19.92,10.398863007539251,49.810746313100594
1993,19.93,10.390325774247835,49.84675157131792
1994,19.94,10.400128705960352,49.85717675432593
1995,19.95,10.411029717941028,49.877234729304575
1996,19.96,10.402707762801729,49.86293806296901
1997,19.97,10.402464713870046,49.87859797868573
1998,19.98,10.412707141558647,49.88587946430003
1999,19.990000000000002,10.4085229847717,49.91466845299944
2000,20.0,10.41986442780537,49.865971900110964
2001,20.01,10.40668581723635,49.90266283782563
2002,20.02,10.42349472968118,49.89437552378131
2003,20.03,10.399960730726178,49.914048790265426
2004,20.04,10.417213356902787,49.96317857945809
2005,20.05,10.426991543588334,49.8858058234552
2006,20.06,10.430348070611167,49.9581388439513
2007,20.07,10.435787741190524,49.98104362612611
2008,20.080000000000002,10.430659466037108,49.962604843787275
2009,20.09,10.430698072842732,49.911419808627286
2010,20.1,10.417409239305403,49.966475189272586
2011,20.11,10.435387491993225,49.960380284175365
2012,20.12,10.436096729063499,49.949292621410336
2013,20.13,10.451534577728452,50.017852655989515
2014,20.14,10.444869006110775,50.05221376414238
2015,20.150000000000002,10.447700997368983,49.97050545977089
2016,20.16,10.439862606480155,50.026890599586594
2017,20.17,10.442934717441084,50.005992324730045
2018,20.18,10.450716688870742,50.026518991658435
2019,20.19,10.446586747360836,50.00679599236061
2020,20.2,10.450954914795428,50.07835035187971
2021,20.21,10.442312518442572,50.00248003223386
2022,20.22,10.454487376991803,49.97626560524758
2023,20.23,10.45528909548722,50.075189259294106
2024,20.240000000000002,10.447217581879942,50.04316073950119
2025,20.25,10.466105271607189,50.063496063427316
2026,20.26,10.469867820354544,50.097948984019716
2027,20.27,10.477688101460444,50.09512378595621
2028,20.28,10.472237640174702,50.08138098005229
2029,20.29,10.45251012833738,50.0835045949719
2030,20.3,10.46056000007667,50.05477939724491
2031,20.31,10.459788134449395,50.12161867219594
2032,20.32,10.480851570716416,50.08456966543067
2033,20.330000000000002,10.465675089670295,50.08522042146734
2034,20.34,10.459970706103023,50.06017410534639
2035,20.35,10.468665023545555,50.16894400587512
2036,20.36,10.46832739370982,50.14988278166581
2037,20.37,10.48355553529102,50.16025428178472
2038,20.38,10.46721291813936,50.128217963925565
2039,20.39,10.476519963694349,50.11704892178928
2040,20.400000000000002,10.477950376361816,50.134367015953075
2041,20.41,10.476376300589179,50.17310822104374
2042,20.42,10.490629294909404,50.23207290633819
2043,20.43,10.49717002150409,50.16069365761139
2044,20.44,10.487747895134302,50.14388397205428
2045,20.45,10.479098526143277,50.12796147474298
2046,20.46,10.488356316504607,50.20856973002281
2047,20.47,10.500789669652697,50.19800487368121
2048,20.48,10.497563269264313,50.20861732696719
2049,20.490000000000002,10.493457859361248,50.22341723593312
2050,20.5,10.496838883566028,50.19016889467948
2051,20.51,10.500589653263248,50.23292600198907
2052,20.52,10.50291659149174,50.20879996872494
2053,20.53,10.49819283503049,50.261208862774225
2054,20.54,10.494466474931682,50.17110493273771
2055,20.55,10.491256161186401,50.225926392943755
2056,20.56,10.496811392522915,50.30838273506274
2057,20.57,10.497501730157238,50.28457152036618
2058,20.580000000000002,10.507418108725478,50.24800032026555
2059,20.59,10.495645704996107,50.264636960793176
2060,20.6,10.503703959885744,50.32354414572665
2061,20.61,10.510145998069126,50.262936237541105
2062,20.62,10.496946845469825,50.33672292077709
2063,20.63,10.505725560593085,50.27282904415852
2064,20.64,10.501503743490536,50.28121984121105
2065,20.650000000000002,10.502657975135204,50.315690566200814
2066,20.66,10.517993522680177,50.28862884937428
2067,20.67,10.510561846002133,50.302870211447136
2068,20.68,10.51582352331896,50.34369391991258
2069,20.69,10.520587223563561,50.34143545938806
2070,20.7,10.529382263008314,50.34436873771634
2071,20.71,10.517741893138744,50.42526223173114
2072,20.72,10.519198730928435,50.354745960191345
2073,20.73,10.516604209037672,50.41809562386671
2074,20.740000000000002,10.524119395050985,50.35123019419362
2075,20.75,10.518793454644456,50.3798614961744
2076,20.76,10.525575011062182,50.383349548963935
2077,20.77,10.534760399044957,50.450266067513034
2078,20.78,10.53430958314143,50.36884929541447
2079,20.79,10.539028830232736,50.392026566793376
2080,20.8,10.524236333833525,50.407962096143635
2081,20.81,10.530384338319495,50.4487067040242
2082,20.82,10.526505926184443,50.460294941929476
2083,20.830000000000002,10.538492388457081,50.47961988606028
2084,20.84,10.533952060787144,50.48453312872133
2085,20.85,10.540383224823277,50.4612037111048
2086,20.86,10.531231043551369,50.46598214790344
2087,20.87,10.536273671970918,50.47452640078169
2088,20.88,10.533471587843628,50.46648561281176
2089,20.89,10.534294425853622,50.46876458985493
2090,20.900000000000002,10.548714382958513,50.47088693881832
2091,20.91,10.539446046392719,50.49332512428494
2092,20.92,10.5456962316647,50.468894181041726
2093,20.93,10.537427379896577,50.513986197650965
2094,20.94,10.544351542314052,50.481387213712026
2095,20.95,10.549126465030422,50.511134514061276
2096,20.96,10.534968151984797,50.49778625964345
2097,20.97,10.538871180291668,50.54753903914604
2098,20.98,10.54246459606229,50.49933012368265
2099,20.990000000000002,10.547115072954071,50.50947605576742
2100,21.0,10.550428986250772,50.502527135237756
2101,21.01,10.544195005005637,50.510420707042
2102,21.02,10.539640314427801,50.56638141471489
2103,21.03,10.53936865454583,50.53879827046063
2104,21.04,10.552439122512991,50.48744976480911
2105,21.05,10.540199475340136,50.55042939910532
2106,21.06,10.538731225246279,50.549247384385055
2107,21.07,10.545332423432386,50.55374768296314
2108,21.080000000000002,10.53992957534217,50.6097574877098
2109,21.09,10.55539839894922,50.60458695128336
2110,21.1,10.546906585466553,50.5644039409732
2111,21.11,10.544861232692137,50.592601587111034
2112,21.12,10.55310925274213,50.61997783398471
2113,21.13,10.549132777385685,50.61401622410818
2114,21.14,10.553762428690625,50.61185565635922
2115,21.150000000000002,10.545553032357953,50.62416885667682
2116,21.16,10.562781974349791,50.592262005154346
2117,21.17,10.54159870224233,50.60771096035079
2118,21.18,10.551950715503613,50.66380263955449
2119,21.19,10.55273523864754,50.67055782326972
2120,21.2,10.549673172147223,50.67879531851968
2121,21.21,10.552361925296623,50.65651779889285
2122,21.22,10.545999983124583,50.66615033306256
2123,21.23,10.552401468264012,50.64969511872715
2124,21.240000000000002,10.558488021097311,50.7042643522378
2125,21.25,10.552457979999808,50.69592979101215
2126,21.26,10.55604062434458,50.677131161401874
2127,21.27,10.559096150533655,50.66249061988592
2128,21.28,10.55005957892433,50.67925658172015
2129,21.29,10.55251391861999,50.68910285400855
2130,21.3,10.55309687873963,50.72064141770196
2131,21.31,10.56462727610444,50.73423835314498
2132,21.32,10.563978264658187,50.72919011086926
2133,21.330000000000002,10.54974628979263,50.75228582665568
2134,21.34,10.567242862847166,50.732445488802206
2135,21.35,10.551071407656947,50.71198640178502
2136,21.36,10.553885429946043,50.751867739428555
2137,21.37,10.553243796165122,50.74715568314754
2138,21.38,10.557497075687088,50.79269662600616
2139,21.39,10.568687671021946,50.807268147519515
2140,21.400000000000002,10.556034431816675,50.84974966110182
2141,21.41,10.562268759846456,50.7779195737628
2142,21.42,10.563395827380518,50.794910795780815
2143,21.43,10.559500196556664,50.79306575630739
2144,21.44,10.554553318368793,50.81522837858863
2145,21.45,10.54990866092103,50.78696526397539
2146,21.46,10.557529455133833,50.79897065676368
2147,21.47,10.559391717571408,50.82867471810739
2148,21.48,10.55811874044585,50.83607045625597
2149,21.490000000000002,10.561877865016033,50.82804706591847
2150,21.5,10.562198971660694,50.82506109776253
2151,21.51,10.55772520515759,50.84555009948694
2152,21.52,10.556833522783684,50.837194632432215
2153,21.53,10.557298357755382,50.88649892934481
2154,21.54,10.554093186509709,50.84713370183463
2155,21.55,10.558999145149546,50.84411449338772
2156,21.56,10.554439374671485,50.89439716074852
2157,21.57,10.574035427291332,50.86520406640825
2158,21.580000000000002,10.554763215324801,50.87633230538164
2159,21.59,10.557432684928736,50.89720833540119
2160,21.6,10.553211728198084,50.9203674335211
2161,21.61,10.56260327484278,50.907455931238495
2162,21.62,10.54921014191361,50.966447104636174
2163,21.63,10.555273986623233,50.94298486734261
2164,21.64,10.551763263204592,50.937731790412606
2165,21.650000000000002,10.542965900283553,50.98728047425829
2166,21.66,10.55177847218474,50.91770341519498
2167,21.67,10.554927769318343,50.93452585848936
2168,21.68,10.559975047695518,50.92474601075268
2169,21.69,10.554151048291342,50.91062843477325
2170,21.7,10.545944111390314,50.97670118968825
2171,21.71,10.56578182781758,50.95307144372825
2172,21.72,10.554604143323944,50.942156809422514
2173,21.73,10.570714474635093,50.99161811449226
2174,21.740000000000002,10.546567385143595,50.976975341602696
2175,21.75,10.55081644641607,50.99671187918525
2176,21.76,10.55710426837144,50.99293977333586
2177,21.77,10.544619283041673,50.98942892982512
2178,21.78,10.561246442682183,51.0045168316001
2179,21.79,10.564661285348949,51.004362171818336
2180,21.8,10.55970005664548,51.007303205803844
2181,21.81,10.54215137606129,51.0615047914545
2182,21.82,10.54638200508864,50.98728539376583
2183,21.830000000000002,10.54414969972702,51.01771394811735
2184,21.84,10.556599735425932,51.05507410862548
2185,21.85,10.554601535544005,51.000679605755316
2186,21.86,10.544126021809763,51.02414789810441
2187,21.87,10.548435015818733,51.035902114172636
2188,21.88,10.549038521528287,51.03922386999692
2189,21.89,10.553326984960801,51.04711031419131
2190,21.900000000000002,10.550902482174969,51.02825347004944
2191,21.91,10.543704782026937,51.03716445876289
2192,21.92,10.545692597736597,51.0224658492311
2193,21.93,10.54398207678292,51.04947864486133
2194,21.94,10.536571412282557,51.120016480745576
2195,21.95,10.538042249742606,51.08522685758534
2196,21.96,10.555156832178112,51.057939017723264
2197,21.97,10.546038761269294,51.087407351234326
2198,21.98,10.544619475105725,51.087408214364075
2199,21.990000000000002,10.537514488848664,51.10289493473665
2200,22.0,10.531198017832066,51.07748141613368
2201,22.01,10.528649759818538,51.081606118759225
2202,22.02,10.540514783335496,51.14718792817411
2203,22.03,10.5413808832802,51.16663963217928
2204,22.04,10.541449021863913,51.10653802601985
2205,22.05,10.531402162727096,51.086804945974784
2206,22.06,10.53084078009761,51.082161561662424
2207,22.07,10.529432279715842,51.17855695688637
2208,22.080000000000002,10.541578769329483,51.13893225584516
2209,22.09,10.528682249698956,51.15962312797509
2210,22.1,10.534669211825756,51.15141870018337
2211,22.11,10.533271059659821,51.16687734431596
2212,22.12,10.535260828116487,51.142514943223794
2213,22.13,10.536132195353197,51.13826335859129
2214,22.14,10.54650912643927,51.198078449319866
2215,22.150000000000002,10.524564316036361,51.19568282284055
2216,22.16,10.533858112580848,51.1638521795175
2217,22.17,10.517725332114756,51.18950971386616
2218,22.18,10.52354415555574,51.175165952091234
2219,22.19,10.529529686716499,51.169855540305996
2220,22.2,10.526061341415515,51.14366654066966
2221,22.21,10.530784315774765,51.163843604360174
2222,22.22,10.514455132162176,51.150554915167135
2223,22.23,10.513920469524267,51.182614315525484
2224,22.240000000000002,10.536985542943283,51.161483598397794
2225,22.25,10.517625826346444,51.232920286213826
2226,22.26,10.51658657769314,51.24723381370456
2227,22.27,10.501930463168364,51.188592809431434
2228,22.28,10.521369610014123,51.16739291992757
2229,22.29,10.509379980378416,51.17632503344332
2230,22.3,10.514220610660868,51.23441128854384
2231,22.31,10.510713992348029,51.23486499125828
2232,22.32,10.522016921398832,51.24708693623032
2233,22.330000000000002,10.525966870099133,51.22285433148189
2234,22.34,10.516206394947103,51.295329382336014
2235,22.35,10.509208962875578,51.26194250642711
2236,22.36,10.507753343002994,51.28542680288923
2237,22.37,10.513106000765314,51.29139382785867
2238,22.38,10.512969717970812,51.28392563465728
2239,22.39,10.502155493963365,51.314396283311005
2240,22.400000000000002,10.513345069594143,51.27027226798275
2241,22.41,10.503805986360561,51.27187419240554
2242,22.42,10.508627490422823,51.24678313479112
2243,22.43,10.486484892715874,51.26823799696653
2244,22.44,10.499106478205983,51.26079035063135
2245,22.45,10.508519042150665,51.29473747022303
2246,22.46,10.50689070200223,51.32607470150843
2247,22.47,10.50376941515438,51.28321413059638
2248,22.48,10.488073157452343,51.332198467185414
2249,22.490000000000002,10.501074614736236,51.31133251596985
2250,22.5,10.49957134052127,51.319830357150984
2251,22.51,10.486743782124504,51.29468747323577
2252,22.52,10.51425246631111,51.37539841512542
2253,22.53,10.490791790905192,51.38306613510413
2254,22.54,10.50334856550173,51.381087152326856
2255,22.55,10.496866637569592,51.35299191568201
2256,22.56,10.490118842471755,51.38591867450964
2257,22.57,10.500915151823909,51.39731201028846
2258,22.580000000000002,10.477851106825709,51.369269467905355
2259,22.59,10.484327399298687,51.343196046921676
2260,22.6,10.487759679656886,51.384092029961046
2261,22.61,10.484260800935566,51.329298792714035
2262,22.62,10.482975943320957,51.35700209728961
2263,22.63,10.495148807570317,51.37030610140855
2264,22.64,10.49251566595585,51.39406088204686
2265,22.650000000000002,10.483065789433958,51.35942792959744
2266,22.66,10.487235269313402,51.3871069572977
2267,22.67,10.475670111283252,51.3845346395322
2268,22.68,10.481623626750968,51.44938468157001
2269,22.69,10.471574253596293,51.41839210831112
2270,22.7,10.474512423357979,51.46847516034438
2271,22.71,10.47704624095443,51.37525705601942
2272,22.72,10.469921216700262,51.394775747362544
2273,22.73,10.478084671394678,51.43310231965554
2274,22.740000000000002,10.487982592074959,51.44178351611418
2275,22.75,10.463553120419968,51.40780304654658
2276,22.76,10.470604540782507,51.407203741664475
2277,22.77,10.480563361383279,51.40449056543817
2278,22.78,10.466453226097311,51.4167456908359
2279,22.79,10.455691604555039,51.42760829471116
2280,22.8,10.454905278839531,51.3825927263235
2281,22.81,10.463452738230089,51.417841911028084
2282,22.82,10.469527746174345,51.4349766241526
2283,22.830000000000002,10.475104373949915,51.435689508729176
2284,22.84,10.452511598056631,51.506860570113695
2285,22.85,10.44391368719057,51.398250830774565
2286,22.86,10.457273459926549,51.482557566905996
2287,22.87,10.45434622336475,51.47815584095416
2288,22.88,10.455521113481689,51.50578829099101
2289,22.89,10.452371079335734,51.4647807320106
2290,22.900000000000002,10.443885305467159,51.51682235138525
2291,22.91,10.443711951126302,51.42168573678457
2292,22.92,10.446640205267096,51.493900634156844
2293,22.93,10.427989546692794,51.48053781689592
2294,22.94,10.439527590134512,51.46359431069074
2295,22.95,10.439073074101566,51.47948956453856
2296,22.96,10.438701998541038,51.50891094498024
2297,22.97,10.432191440821425,51.464248759434426
2298,22.98,10.434395847606346,51.48421197253713
2299,22.990000000000002,10.450613395916143,51.52832846273063
2300,23.0,10.440702744843565,51.442526391503534
2301,23.01,10.440288273019432,51.52984724259502
2302,23.02,10.448119248229677,51.470277492646524
2303,23.03,10.428141901003185,51.50354104716523
2304,23.04,10.441413652408235,51.523928604057986
2305,23.05,10.438058671774831,51.53470035927329
2306,23.06,10.435527062592472,51.48664841269588
2307,23.07,10.436412037246134,51.46426103301906
2308,23.080000000000002,10.426556569313464,51.53411229957629
2309,23.09,10.427898701750921,51.521563048018145
2310,23.1,10.421195626109897,51.51374179065677
2311,23.11,10.42044133676816,51.582279377025
2312,23.12,10.421335516200122,51.544748710511854
2313,23.13,10.422647735270653,51.568142241445194
2314,23.14,10.427617793974227,51.51298021075281
2315,23.150000000000002,10.427115494968337,51.502868594761594
2316,23.16,10.417722618788684,51.585686592362954
2317,23.17,10.416454954300024,51.51165792034306
2318,23.18,10.40845590035126,51.555911751478654
2319,23.19,10.40754010543064,51.561814403824556
2320,23.2,10.412019550966699,51.506252448073525
2321,23.21,10.416079356739454,51.59299114252407
2322,23.22,10.422792331750035,51.55131467628512
2323,23.23,10.401741943472368,51.61815873504753
2324,23.240000000000002,10.4052983519566,51.560051039667584
2325,23.25,10.422347678813562,51.57377058362732
2326,23.26,10.41003959179858,51.55304130663891
2327,23.27,10.411506979262784,51.56715076982896
2328,23.28,10.398852820517096,51.59650931660021
2329,23.29,10.395313325252568,51.57392715825979
2330,23.3,10.41563732206075,51.55858727628498
2331,23.31,10.396528446610944,51.602182949699724
2332,23.32,10.393169797001615,51.56950184146536
2333,23.330000000000002,10.40040789470692,51.58606321163038
2334,23.34,10.390713242156496,51.582013818580144
2335,23.35,10.376536634249792,51.58183543605049
2336,23.36,10.388063204474076,51.61628880631749
2337,23.37,10.38350276473885,51.652723277375976
2338,23.38,10.387080779396197,51.602282818943095
2339,23.39,10.386970694632657,51.57461680219327
2340,23.400000000000002,10.371508018440885,51.62141453915877
2341,23.41,10.36356353818635,51.62934697771354
2342,23.42,10.387721643640935,51.61182060799095
2343,23.43,10.390690126727593,51.633535600750506
2344,23.44,10.380503568532358,51.61021781832547
2345,23.45,10.380215004837057,51.632208102222634
2346,23.46,10.362012883712454,51.61404819449823
2347,23.47,10.36214898698137,51.62347977939598
2348,23.48,10.379619687048493,51.62201540001376
2349,23.490000000000002,10.37390155418632,51.62910303681821
2350,23.5,10.36929061168485,51.64015683335004
2351,23.51,10.360671412570493,51.6351235061278
2352,23.52,10.365963317285678,51.605211271664615
2353,23.53,10.38049965934846,51.60777656448905
2354,23.54,10.365581198835127,51.59305627979964
2355,23.55,10.371291782976684,51.69119687332317
2356,23.56,10.355416934826408,51.705948677776526
2357,23.57,10.356787865178568,51.66739171249936
2358,23.580000000000002,10.367606079784583,51.656214838521755
2359,23.59,10.356572809238722,51.624398679889474
2360,23.6,10.356184009061572,51.6686710119605
2361,23.61,10.34636202001687,51.65864065938176
2362,23.62,10.346676514685985,51.656679866488275
2363,23.63,10.360028973374984,51.63997395492547
2364,23.64,10.349455369423659,51.69659887345954
2365,23.650000000000002,10.351225120032977,51.67080629714987
2366,23.66,10.348593224313616,51.63890152662019
2367,23.67,10.353318884367589,51.641109929414924
2368,23.68,10.346914787439987,51.68914758954376
2369,23.69,10.334985048447576,51.72861094909717
2370,23.7,10.34817131150098,51.643377280539426
2371,23.71,10.347282752687034,51.700016914115544
2372,23.72,10.334163757378837,51.692971044662166
2373,23.73,10.336196583124456,51.704573107976486
2374,23.740000000000002,10.336217613044305,51.70221924464221
2375,23.75,10.336608068358649,51.6749833288802
2376,23.76,10.329774704084048,51.674751479573445
2377,23.77,10.319126431733157,51.68223057957518
2378,23.78,10.333954208498026,51.70484003442521
2379,23.79,10.319707883184934,51.68587693713347
2380,23.8,10.321636262173572,51.608656555751814
2381,23.81,10.325342147573439,51.68570226998069
2382,23.82,10.321983946426561,51.694845000408044
2383,23.830000000000002,10.31248676993587,51.672852018463814
2384,23.84,10.323249725680425,51.72315287656052
2385,23.85,10.325231307662618,51.6884568058195
2386,23.86,10.319449217840456,51.74192602792269
2387,23.87,10.307783706475401,51.68842109920895
2388,23.88,10.317473265525205,51.744867833689604
2389,23.89,10.303875344945368,51.68275714529895
2390,23.900000000000002,10.319816807946525,51.6882936368192
2391,23.91,10.33061906432984,51.734160640674595
2392,23.92,10.305309860893326,51.697214628360676
2393,23.93,10.311641541416073,51.728656947713404
2394,23.94,10.298507673407688,51.73083597407104
2395,23.95,10.307895476401606,51.68150268127808
2396,23.96,10.305430542064105,51.72047245211833
2397,23.97,10.296791209959887,51.751303810016346
2398,23.98,10.299011357321087,51.736619245933724
2399,23.990000000000002,10.29263607012757,51.73236454742858
2400,24.0,10.295910495109478,51.7255205072304
2401,24.01,10.301650912572256,51.73295382349505
2402,24.02,10.288940181785797,51.724862182738256
2403,24.03,10.293656171056204,51.70870409486952
2404,24.04,10.290733024085064,51.71093784442159
2405,24.05,10.286069611649705,51.75176591168991
2406,24.060000000000002,10.297088430255998,51.77223280028997
2407,24.07,10.282341119245576,51.80938280416548
2408,24.080000000000002,10.28406080464628,51.78707110252705
2409,24.09,10.272364441062923,51.722822683216435
2410,24.1,10.281194877969275,51.733008729660526
2411,24.11,10.281902927771409,51.74324259526428
2412,24.12,10.269453589622758,51.73242990412843
2413,24.13,10.287076677942608,51.73869877208168
2414,24.14,10.273840865634464,51.69936041221781
2415,24.150000000000002,10.266904186607873,51.75994757094756
2416,24.16,10.263677103136295,51.79194839557043
2417,24.17,10.272055229260205,51.74615388196297
2418,24.18,10.264944962036912,51.7513968665137
2419,24.19,10.261201779933572,51.747993823863126
2420,24.2,10.265682141020061,51.76622079882469
2421,24.21,10.27053780395557,51.69272368686335
2422,24.22,10.275760640855326,51.70242619235173
2423,24.23,10.254850438368319,51.700400607385326
2424,24.240000000000002,10.268972564495282,51.75934093722841
2425,24.25,10.26685269822673,51.738642616110255
2426,24.26,10.242549735412185,51.84280951805956
2427,24.27,10.250699585591654,51.79224203869359
2428,24.28,10.262165810540656,51.77513717442023
2429,24.29,10.252947094143847,51.7737755791377
2430,24.3,10.246342977037862,51.79273475214765
2431,24.310000000000002,10.24785558179778,51.758217787527215
2432,24.32,10.258261350448349,51.797571138203196
2433,24.330000000000002,10.240898309403276,51.7614602239432
2434,24.34,10.254642252522588,51.78913064073288
2435,24.35,10.237692146217325,51.76414916244769
2436,24.36,10.232914091540797,51.79957909192671
2437,24.37,10.229610323257575,51.790802871201194
2438,24.38,10.248325178470777,51.795173897386874
2439,24.39,10.238595183438294,51.83624761890124
2440,24.400000000000002,10.2207850456644,51.79833876929516
2441,24.41,10.229876526527837,51.75213198936473
2442,24.42,10.22549039221945,51.777823063166224
2443,24.43,10.227086492939039,51.804298892769744
2444,24.44,10.229467569128174,51.80337261699906
2445,24.45,10.229229155419986,51.775839388069194
2446,24.46,10.21752216523792,51.72313415041928
2447,24.47,10.229339591743521,51.82346980791961
2448,24.48,10.216101393421372,51.74123919229148
2449,24.490000000000002,10.2311783357204,51.76797175876721
2450,24.5,10.216192607016316,51.7809792031525
2451,24.51,10.221136395673005,51.83773372697353
2452,24.52,10.207504698597171,51.789409368708846
2453,24.53,10.222676807636718,51.795713237992636
2454,24.54,10.203063060138524,51.78523851191454
2455,24.55,10.209553700845198,51.71407698850008
2456,24.560000000000002,10.217303505103848,51.73724176539178
2457,24.57,10.201445975678944,51.722083141134924
2458,24.580000000000002,10.211357232780244,51.78590227402242
2459,24.59,10.203703562715125,51.759370825210695
2460,24.6,10.20326422131571,51.75469787613378
2461,24.61,10.19581831228516,51.812009942311406
2462,24.62,10.20495855897299,51.741221642201324
2463,24.63,10.191509435667662,51.727282314482686
2464,24.64,10.19893763548427,51.801091533237404
2465,24.650000000000002,10.190645718000443,51.77990274268281
2466,24.66,10.192985348870591,51.824970270511734
2467,24.67,10.186223447267576,51.816294332169065
2468,24.68,10.175413998899193,51.73883301661742
2469,24.69,10.19757250553714,51.800604627021166
2470,24.7,10.197669317775638,51.73188055199766
2471,24.71,10.19565959946208,51.75498622254605
2472,24.72,10.184512390764828,51.783415133246585
2473,24.73,10.181514874698918,51.73050293026089
2474,24.740000000000002,10.182574459406593,51.76779328496743
2475,24.75,10.184672738719028,51.79071595338485
2476,24.76,10.17889158893496,51.7559988135
2477,24.77,10.170001721397709,51.77055195139028
2478,24.78,10.182167756878314,51.749424399701994
2479,24.79,10.174885861307867,51.791242221381616
2480,24.8,10.177953268344512,51.779702110719846
2481,24.810000000000002,10.171257351941462,51.7937471464899
2482,24.82,10.180717759394083,51.83445224424243
2483,24.830000000000002,10.174909294964745,51.801760202302766
2484,24.84,10.15668218244467,51.769726220679445
2485,24.85,10.171639161499154,51.756435559995815
2486,24.86,10.16011387468122,51.7752493371263
2487,24.87,10.160945729861444,51.77170837345753
2488,24.88,10.152040237492779,51.823709583316344
2489,24.89,10.160482132544157,51.773882989540255
2490,24.900000000000002,10.156491183609843,51.76562925513649
2491,24.91,10.157960240404588,51.78024484283708
2492,24.92,10.1707667501165,51.73444712918134
2493,24.93,10.155474353152144,51.84030229344278
2494,24.94,10.140378233794676,51.78772875398084
2495,24.95,10.137602675364274,51.81801833869139
2496,24.96,10.145019660236375,51.7909570741407
2497,24.97,10.150877684063394,51.795955416148885
2498,24.98,10.15231940617384,51.83122700973186
2499,24.990000000000002,10.151075435560216,51.805409080722825
2500,25.0,10.142770170635975,51.76389106413993
2501,25.01,10.137080395377206,51.77787130834149
2502,25.02,10.130164142437065,51.775484297389994
2503,25.03,10.138315070132347,51.784238499906984
2504,25.04,10.140889731308157,51.78870044617915
2505,25.05,10.148240506779391,51.757262943837446
2506,25.060000000000002,10.12175566153386,51.77908620779205
2507,25.07,10.127782219710278,51.809624115527875
2508,25.080000000000002,10.12725333494094,51.83796914582725
2509,25.09,10.120594625237688,51.80170604379097
2510,25.1,10.136090182936824,51.758576907361515
2511,25.11,10.125600352463112,51.73507481776625
2512,25.12,10.119601426410426,51.78195947620647
2513,25.13,10.11578216957736,51.797438570214176
2514,25.14,10.127373639027981,51.80820332239872
2515,25.150000000000002,10.11489897107443,51.72049266293829
2516,25.16,10.116380700410003,51.767479611715125
2517,25.17,10.114503094234895,51.777637995867764
2518,25.18,10.108136795044986,51.81647696048231
2519,25.19,10.117696498083605,51.79755327345366
2520,25.2,10.111667021592368,51.74628590568733
2521,25.21,10.111028044694653,51.743626778246316
2522,25.22,10.107464526403731,51.75772117380829
2523,25.23,10.111169466736264,51.79970948245218
2524,25.240000000000002,10.094009688696797,51.81172146049724
2525,25.25,10.10639527018908,51.71937318092741
2526,25.26,10.08772242072462,51.77018124535379
2527,25.27,10.102952408323114,51.79222785273057
2528,25.28,10.096206796215967,51.78871838317867
2529,25.29,10.10265996822198,51.77030230044376
2530,25.3,10.097480730138852,51.75067851963703
2531,25.310000000000002,10.109198458560648,51.79550689028485
2532,25.32,10.091684371022744,51.7527865868596
2533,25.330000000000002,10.087135930889751,51.79234591876256
2534,25.34,10.085917271840591,51.790072904037146
2535,25.35,10.101127835357449,51.81892175507857
2536,25.36,10.090707623977556,51.7483668134469
2537,25.37,10.07193753333282,51.78300235217213
2538,25.38,10.09125793680547,51.82156326993639
2539,25.39,10.073696419056596,51.778716191789236
2540,25.400000000000002,10.088839804924346,51.75390564052612
2541,25.41,10.080619630684968,51.73250990431944
2542,25.42,10.076613033104561,51.76116106591543
2543,25.43,10.074610019264147,51.768852832877435
2544,25.44,10.07804346826958,51.752234831233565
2545,25.45,10.087532315777718,51.77906920235788
2546,25.46,10.07375688901851,51.768141129732605
2547,25.47,10.073390020684204,51.820379038564155
2548,25.48,10.07406140635679,51.76267110987525
2549,25.490000000000002,10.060103790222405,51.78399315916771
2550,25.5,10.07599677871999,51.771124292354536
2551,25.51,10.066419285284487,51.71046551840799
2552,25.52,10.06416906333156,51.75246476960171
2553,25.53,10.060391327977285,51.76240195870766
2554,25.54,10.06455750602285,51.779487251800816
2555,25.55,10.063577198134931,51.74307002608734
2556,25.560000000000002,10.047861322666657,51.73111869392293
2557,25.57,10.05400500193331,51.708993450377264
2558,25.580000000000002,10.058218931436002,51.70788958122174
2559,25.59,10.043699042648791,51.77177041954379
2560,25.6,10.051107875271803,51.706995654135646
2561,25.61,10.048711535362898,51.77338988404117
2562,25.62,10.048306175758894,51.78559177912933
2563,25.63,10.05464378225598,51.75696391141987
2564,25.64,10.043734793376515,51.735667616117546
2565,25.650000000000002,10.049141396002,51.731011154349204
2566,25.66,10.046472600862995,51.74981295436248
2567,25.67,10.048292028813808,51.78147837274886
2568,25.68,10.05618574203892,51.73576159158285
2569,25.69,10.026180564047595,51.76841985965921
2570,25.7,10.034229516641249,51.77368582975078
2571,25.71,10.036678514539107,51.72311244056203
2572,25.72,10.034823568200915,51.73352283633356
2573,25.73,10.034368711017311,51.765869808813534
2574,25.740000000000002,10.043509483445993,51.7374908446603
2575,25.75,10.03382491095391,51.67514430025823
2576,25.76,10.027887199153385,51.743708056551974
2577,25.77,10.034599657517306,51.73855535036658
2578,25.78,10.021226482440069,51.76036033646646
2579,25.79,10.018981477901237,51.73560340024228
2580,25.8,10.023148134533221,51.721063620723086
2581,25.810000000000002,10.029259083041605,51.717801290196796
2582,25.82,10.032417587373486,51.77666815375469
2583,25.830000000000002,10.020152208798503,51.746338282626134
2584,25.84,10.014550918083417,51.735147324805894
2585,25.85,9.997956602058522,51.68224414037206
2586,25.86,10.005230889254891,51.71701806788773
2587,25.87,10.016386435059616,51.6952821253167
2588,25.88,10.016742635737485,51.69971941650798
2589,25.89,10.017852756783247,51.745050554926095
2590,25.900000000000002,10.016105206749168,51.691439444232
2591,25.91,10.011663065775936,51.69798046096233
2592,25.92,9.990471502524821,51.729643088392464
2593,25.93,10.00488388647145,51.67533850941152
2594,25.94,10.010287846542916,51.71231412278575
2595,25.95,9.997275802972574,51.69499104935648
2596,25.96,10.002966121925452,51.70569291800934
2597,25.97,10.00168778464635,51.72943229125887
2598,25.98,9.992510665299081,51.699556824146676
2599,25.990000000000002,9.98942621172887,51.68248712287648
2600,26.0,9.997192582422764,51.68393536852385
2601,26.01,9.997091820394964,51.68557431126945
2602,26.02,9.97583485154542,51.71446491159493
2603,26.03,9.996556122833661,51.684635765248636
2604,26.04,10.003892595454067,51.74833421761434
2605,26.05,9.985018027782935,51.67378388076744
2606,26.060000000000002,9.990045430447916,51.699057603650374
2607,26.07,9.9903148520395,51.66381931382486
2608,26.080000000000002,9.981344314350286,51.69433144325964
2609,26.09,9.987472070363145,51.626988453943625
2610,26.1,9.980430720892308,51.6358709625392
2611,26.11,9.985498158918828,51.63911830105023
2612,26.12,9.972271537451675,51.69854217748185
2613,26.13,9.976949202426798,51.67991468828427
2614,26.14,9.965851368388567,51.7009111485482
2615,26.150000000000002,9.984802277701746,51.67579859941239
2616,26.16,9.97975329667364,51.718674376776356
2617,26.17,9.975715722305885,51.68051195215505
2618,26.18,9.9743344974331,51.65380917862603
2619,26.19,9.974638790433858,51.66850115503959
2620,26.2,9.966782439834141,51.646561352905486
2621,26.21,9.970792122671629,51.61861296551587
2622,26.22,9.965261376815121,51.637623521161586
2623,26.23,9.967151496522305,51.6392666629146
2624,26.240000000000002,9.952674432215263,51.637079243484536
2625,26.25,9.963628822990863,51.67815403331503
2626,26.26,9.963587601004061,51.62995521109474
2627,26.27,9.953065801707519,51.712635792525106
2628,26.28,9.961038500380003,51.65912528805454
2629,26.29,9.950012152766515,51.68056815156479
2630,26.3,9.952640477336718,51.60333221292115
2631,26.310000000000002,9.937422722895981,51.665902796058205
2632,26.32,9.950719441392014,51.63235284743172
2633,26.330000000000002,9.949374473265378,51.6269947524856
2634,26.34,9.932753247217915,51.653122151314925
2635,26.35,9.9464140687838,51.64768419223289
2636,26.36,9.94504997181895,51.61649426888942
2637,26.37,9.948748526939397,51.62530215278161
2638,26.38,9.939744833287442,51.71504714590615
2639,26.39,9.94826129159691,51.637973457245714
2640,26.400000000000002,9.933966285287518,51.61908725697561
2641,26.41,9.93721627931663,51.63715692101987
2642,26.42,9.939971084747718,51.65361620115608
2643,26.43,9.928776874554353,51.62712078589954
2644,26.44,9.937308644083885,51.672227556568295
2645,26.45,9.935960271502193,51.61993655227335
2646,26.46,9.922929361600819,51.56218801096123
2647,26.47,9.93311086815585,51.67494854651948
2648,26.48,9.920964256378296,51.548135184499955
2649,26.490000000000002,9.926952280049656,51.62788645506302
2650,26.5,9.933118809074656,51.609668583300554
2651,26.51,9.928390378046911,51.59447613615884
2652,26.52,9.923164786664213,51.654449683483854
2653,26.53,9.919153333257789,51.622558134648855
2654,26.54,9.921558533320823,51.57599176707845
2655,26.55,9.929425498728577,51.6270584576202
2656,26.560000000000002,9.9215116236102,51.602847841893805
2657,26.57,9.922984186167424,51.58892328791339
2658,26.580000000000002,9.905531606508164,51.56551350576228
2659,26.59,9.914474359514713,51.599717428256966
2660,26.6,9.919884659890336,51.544895923278986
2661,26.61,9.914155829136902,51.56077678136516
2662,26.62,9.910223707438664,51.565216206031366
2663,26.63,9.900210342448398,51.614624952533745
2664,26.64,9.90560056469507,51.5715367040136
2665,26.650000000000002,9.908946722940781,51.60473051924656
2666,26.66,9.903314948417798,51.60826117455816
2667,26.67,9.906016054662267,51.58253914362722
2668,26.68,9.915755759499094,51.55787654193122
2669,26.69,9.896035747263507,51.58646012280134
2670,26.7,9.907817571689275,51.558067533360315
2671,26.71,9.893462927765016,51.571707328714716
2672,26.72,9.902310060953349,51.50581513453419
2673,26.73,9.90870878949808,51.61086562345941
2674,26.740000000000002,9.89534702556805,51.56465076256445
2675,26.75,9.893915648923885,51.55810537884063
2676,26.76,9.895608786217784,51.58035643170156
2677,26.77,9.888407324302868,51.530060071577076
2678,26.78,9.904834103958473,51.56832733255557
2679,26.79,9.895815478945213,51.55011010724723
2680,26.8,9.888706319810554,51.54867462081029
2681,26.810000000000002,9.880729613723805,51.533248468243116
2682,26.82,9.884708218752793,51.5492781692904
2683,26.830000000000002,9.885101334891093,51.51688194908192
2684,26.84,9.883003331703053,51.53130194214026
2685,26.85,9.879759046699098,51.51626471364246
2686,26.86,9.886828588421164,51.50880339109283
2687,26.87,9.888116956329188,51.53169527683402
2688,26.88,9.888525549218862,51.53841761385783
2689,26.89,9.866038771990814,51.491042236933346
2690,26.900000000000002,9.866955926424241,51.583778022098336
2691,26.91,9.888054750576929,51.54197791102123
2692,26.92,9.877516274112851,51.545027541896296
2693,26.93,9.85445201767593,51.551140329821656
2694,26.94,9.871173628705314,51.53998688130481
2695,26.95,9.88277115010174,51.53607731564156
2696,26.96,9.873838695936419,51.4683816512484
2697,26.97,9.864176964775288,51.54158201009441
2698,26.98,9.868564830080004,51.513022674209445
2699,26.990000000000002,9.865931752225377,51.49426833202585
2700,27.0,9.869587990601058,51.53371295873803
2701,27.01,9.874291889489333,51.54204430740625
2702,27.02,9.876834103913405,51.4559529380234
2703,27.03,9.87211636606332,51.49729280719876
2704,27.04,9.86173913756261,51.4891187560689
2705,27.05,9.864089542958554,51.47666666853842
2706,27.060000000000002,9.871171494264724,51.47524406319063
2707,27.07,9.857093090214235,51.486891874459516
2708,27.080000000000002,9.861564119889241,51.528628486371986
2709,27.09,9.868094636281207,51.54772437891505
2710,27.1,9.846510148841972,51.5280495937495
2711,27.11,9.859507211520295,51.435245981732095
2712,27.12,9.851230803363256,51.47717604698776
2713,27.13,9.866506547045255,51.48415554316563
2714,27.14,9.856038013603124,51.47702969445888
2715,27.150000000000002,9.860624485231588,51.471754876380025
2716,27.16,9.850789724826386,51.47022527003212
2717,27.17,9.857924973403131,51.45245502794357
2718,27.18,9.852511669644516,51.4449789821402
2719,27.19,9.853917256909568,51.484155325089894
2720,27.2,9.851060839177126,51.42089744500025
2721,27.21,9.855305327955763,51.50523343769151
2722,27.22,9.84831448735954,51.44745563630957
2723,27.23,9.853926202195522,51.47993104178386
2724,27.240000000000002,9.870221689119406,51.47557611894252
2725,27.25,9.848236362744993,51.46941417974895
2726,27.26,9.854731489993474,51.39407297373758
2727,27.27,9.86640849463433,51.461038417015985
2728,27.28,9.851098961986802,51.415232827052876
2729,27.29,9.863152656954984,51.42666479179646
2730,27.3,9.853619462674981,51.43430780747803
2731,27.310000000000002,9.846660541669378,51.46472997912955
2732,27.32,9.844775393979281,51.41849241712586
2733,27.330000000000002,9.833463280958009,51.37618709931647
2734,27.34,9.828591837088295,51.41677423482787
2735,27.35,9.852150904468086,51.397199772904216
2736,27.36,9.846646891984925,51.47645344894912
2737,27.37,9.83126924071662,51.447502532780994
2738,27.38,9.839179596505632,51.367178086029945
2739,27.39,9.83688568720328,51.45353805811463
2740,27.400000000000002,9.834272843751393,51.39157017723045
2741,27.41,9.846494116578299,51.45303426080382
2742,27.42,9.823392640628262,51.43536339613764
2743,27.43,9.833588915567642,51.4327023291259
2744,27.44,9.854773115772511,51.42147768120461
2745,27.45,9.832798599305734,51.36506586738
2746,27.46,9.839643136978033,51.372124936056956
2747,27.47,9.827393577137675,51.40828864471556
2748,27.48,9.829696216513351,51.407096568832536
2749,27.490000000000002,9.845372850823626,51.41138624100476
2750,27.5,9.836990142268034,51.35490206026993
2751,27.51,9.837834419174118,51.40398137255131
2752,27.52,9.825246293981733,51.3852308668877
2753,27.53,9.825686667798498,51.419040392839
2754,27.54,9.82127194355164,51.37797255494468
2755,27.55,9.835032671442914,51.39374029249729
2756,27.560000000000002,9.820400783658235,51.390957601382894
2757,27.57,9.817872196637706,51.395803272807655
2758,27.580000000000002,9.813384634864487,51.40972726602821
2759,27.59,9.816534423274911,51.31685622545713
2760,27.6,9.821235410968221,51.34513664047028
2761,27.61,9.812651848345197,51.371649210802985
2762,27.62,9.823074181258313,51.40565533260167
2763,27.63,9.826704584007288,51.38426542925408
2764,27.64,9.817426368480792,51.406549802352004
2765,27.650000000000002,9.818748862451127,51.338492736615365
2766,27.66,9.808666146019561,51.344906382885306
2767,27.67,9.80922032630791,51.33715198057136
2768,27.68,9.81498518447032,51.38064486901039
2769,27.69,9.813635244764994,51.34093779160728
2770,27.7,9.818278525444907,51.30207670655646
2771,27.71,9.814850872800385,51.30122048494258
2772,27.72,9.80658614929009,51.30770128546416
2773,27.73,9.806176249616303,51.31255287594282
2774,27.740000000000002,9.81705123585192,51.31738154210583
2775,27.75,9.811713889004098,51.34648119739739
2776,27.76,9.81092683143898,51.2927477331991
2777,27.77,9.810918397789784,51.35189879276961
2778,27.78,9.796322636126337,51.2980427341528
2779,27.79,9.800932260904819,51.35376178207771
2780,27.8,9.806792608370852,51.286799203598974
2781,27.810000000000002,9.810951706192984,51.32770113808081
2782,27.82,9.802660521796039,51.29424152676151
2783,27.830000000000002,9.811533098354268,51.32419600054571
2784,27.84,9.799029802868679,51.289129143310845
2785,27.85,9.803356856224852,51.31828574097991
2786,27.86,9.802690194064304,51.337048439054044
2787,27.87,9.812489127940252,51.29359803062487
2788,27.88,9.804661672618625,51.2199231971398
2789,27.89,9.797232452956713,51.28182712065433
2790,27.900000000000002,9.809879774475993,51.29561356397961
2791,27.91,9.801330562046582,51.31871965749369
2792,27.92,9.791318225165618,51.330003555204804
2793,27.93,9.792706993737099,51.31728762367255
2794,27.94,9.811925069465188,51.329923657912694
2795,27.95,9.802508094009978,51.26777792828994
2796,27.96,9.80777771153907,51.283571704414804
2797,27.97,9.812280157407107,51.289590168234916
2798,27.98,9.811854472749621,51.27264037754069
2799,27.990000000000002,9.79856350022739,51.251633341865194
2800,28.0,9.790846409515085,51.2783402155378
2801,28.01,9.795274057056739,51.32085043655097
2802,28.02,9.804530036831887,51.31181577873195
2803,28.03,9.803401598132671,51.2130905996752
2804,28.04,9.806338969188465,51.24224002131412
2805,28.05,9.809149804043182,51.26951525196453
2806,28.060000000000002,9.79973750880982,51.20613657821861
2807,28.07,9.796755691042703,51.33425071703453
2808,28.080000000000002,9.806279943495115,51.26023722873038
2809,28.09,9.792309880739989,51.257756288398824
2810,28.1,9.799002521028367,51.246436516789814
2811,28.11,9.793747049348207,51.24576455971879
2812,28.12,9.794857395575612,51.25549214200601
2813,28.13,9.79655684390569,51.21679358964721
2814,28.14,9.789664091058787,51.188402504688725
2815,28.150000000000002,9.786569993013025,51.244259083475626
2816,28.16,9.794625579749772,51.27013565403065
2817,28.17,9.786972579762105,51.21574838394052
2818,28.18,9.799839904383857,51.211778001828186
2819,28.19,9.78757274319708,51.21853056237825
2820,28.2,9.783435407744843,51.21500524042377
2821,28.21,9.79050561868508,51.197214434680525
2822,28.22,9.802551332742063,51.202076424146846
2823,28.23,9.791574483458975,51.23324249406045
2824,28.240000000000002,9.799272529617879,51.22091325245778
2825,28.25,9.804721500770885,51.19637503523391
2826,28.26,9.787793371216457,51.22580994893992
2827,28.27,9.793039964389253,51.20241770756554
2828,28.28,9.786135941416369,51.201730287997336
2829,28.29,9.790556176144104,51.23948172064929
2830,28.3,9.77495776820249,51.18339885784236
2831,28.310000000000002,9.784693201965245,51.227131047891305
2832,28.32,9.78941738586631,51.23635650613988
2833,28.330000000000002,9.78183577022567,51.16652033267948
2834,28.34,9.785979292200725,51.21816671344008
2835,28.35,9.79051538448661,51.12451480343898
2836,28.36,9.783059211789414,51.19138951065553
2837,28.37,9.78420079630357,51.18014369680604
2838,28.38,9.788853115396302,51.188450634004674
2839,28.39,9.79520540418752,51.16441222998203
2840,28.400000000000002,9.784692042500648,51.171366115635486
2841,28.41,9.797810351191078,51.16714326133115
2842,28.42,9.788330565155158,51.11731345810548
2843,28.43,9.78683152362842,51.158518205429594
2844,28.44,9.793281001273387,51.19335844023002
2845,28.45,9.781969539982855,51.15084235083317
2846,28.46,9.79764191058731,51.12937497601349
2847,28.47,9.785489316764787,51.15573736030803
2848,28.48,9.798503315212262,51.1580006742038
2849,28.490000000000002,9.782558215262533,51.15435127407446
2850,28.5,9.77893908438063,51.1381642066891
2851,28.51,9.797482946799118,51.14558593621712
2852,28.52,9.793354576140102,51.140525748242666
2853,28.53,9.798328238799353,51.11497802663308
2854,28.54,9.78535702100819,51.156039348039585
2855,28.55,9.787788110849904,51.14978149331619
2856,28.560000000000002,9.790261608765055,51.10508067239329
2857,28.57,9.76651423272799,51.067185921433314
2858,28.580000000000002,9.776214293714638,51.15381782857383
2859,28.59,9.789738880442293,51.161653490010586
2860,28.6,9.783034553125116,51.150285953909496
2861,28.61,9.775697345365435,51.1165433922347
2862,28.62,9.784291581659478,51.12607513966521
2863,28.63,9.784137618186074,51.20044073861539
2864,28.64,9.786124023454505,51.129789193780276
2865,28.650000000000002,9.780721169760245,51.124174499421244
2866,28.66,9.779082587511635,51.10795995976193
2867,28.67,9.78486231417312,51.11324781920314
2868,28.68,9.7828625997588,51.06472667682964
2869,28.69,9.784325304569366,51.1355385556812
2870,28.7,9.788275321878661,51.12172416378879
2871,28.71,9.778520754528593,51.09274931066625
2872,28.72,9.773602247785593,51.12607352131567
2873,28.73,9.775085228715147,51.069312421146705
2874,28.740000000000002,9.796936771140121,51.08669149778155
2875,28.75,9.781777438771405,51.13059378552468
2876,28.76,9.780768109979055,51.09442523241868
2877,28.77,9.79189647978182,51.15679245215967
2878,28.78,9.787537925180404,51.08910351720222
2879,28.79,9.791699957883813,51.09714066060838
2880,28.8,9.78487362162878,51.0991466704518
2881,28.810000000000002,9.787286881182293,51.08721052316762
2882,28.82,9.78387052543181,51.08233298206815
2883,28.830000000000002,9.794962893001761,51.08285152611978
2884,28.84,9.78195707088388,51.063893655331526
2885,28.85,9.787907343629625,51.069681019222564
2886,28.86,9.779609378079623,51.08368761495753
2887,28.87,9.787673373146989,51.065426600947205
2888,28.88,9.781769212842587,51.08971750086187
2889,28.89,9.782595756199258,51.04781228706255
2890,28.900000000000002,9.778613324901396,51.02133406766363
2891,28.91,9.768987772208064,51.07355263647177
2892,28.92,9.78581968114897,51.06350100993754
2893,28.93,9.779686107201494,51.047265016335004
2894,28.94,9.78880209051044,51.03617030294685
2895,28.95,9.772634630804955,51.04467143045354
2896,28.96,9.781135359010635,51.05581433191583
2897,28.97,9.783070012381009,51.02700373242543
2898,28.98,9.796111203345353,51.01670209605922
2899,28.990000000000002,9.786047449135458,51.05548493274657
2900,29.0,9.785895095848884,50.98125653587719
2901,29.01,9.775508329321351,51.08031960617097
2902,29.02,9.778177269518501,51.052135563236135
2903,29.03,9.787733154451974,51.084330613620665
2904,29.04,9.794990150061745,50.965779143550094
2905,29.05,9.785058797153445,51.0082329851972
2906,29.060000000000002,9.782009306238201,50.9931111936287
2907,29.07,9.792699624340067,51.00566558481706
2908,29.080000000000002,9.783884909805002,51.0118855105537
2909,29.09,9.78149071840059,51.02966193056873
2910,29.1,9.780828783054952,51.00567977472892
2911,29.11,9.796354198435353,51.02235371879311
2912,29.12,9.778378329930923,51.078928915659695
2913,29.13,9.782978627800325,50.990763157614445
2914,29.14,9.804338376557666,51.01162267144317
2915,29.150000000000002,9.788555432506625,50.98700631791014
2916,29.16,9.800870459157732,50.95594737702
2917,29.17,9.788199351414436,50.980005997957655
2918,29.18,9.792759044653286,50.96203406607849
2919,29.19,9.791887385038482,50.93342365429975
2920,29.2,9.786724894990506,51.04354772390294
2921,29.21,9.790199300393324,50.93932385245396
2922,29.22,9.790261585700422,50.975483155643694
2923,29.23,9.78311560404993,50.995330410995564
2924,29.240000000000002,9.79715985595791,50.94009025472001
2925,29.25,9.795725683240091,50.96946362079321
2926,29.26,9.783561758695003,51.00791836039458
2927,29.27,9.782125500033159,50.98663305962484
2928,29.28,9.786210735375052,50.970207077500554
2929,29.29,9.791235874164181,50.957101753477026
2930,29.3,9.782318497571978,50.94757908779336
2931,29.310000000000002,9.783445429571662,50.97630163479073
2932,29.32,9.78267458672963,50.98371974105063
2933,29.330000000000002,9.779997672443832,50.93139255544434
2934,29.34,9.790068965696664,50.93234503616105
2935,29.35,9.793889672778157,50.969389354082395
2936,29.36,9.783884717268045,50.92622998052705
2937,29.37,9.790718075081665,50.99512593677574
2938,29.38,9.780702299098321,50.96695495388393
2939,29.39,9.773826208341085,50.982969827629205
2940,29.400000000000002,9.786449510667378,50.94593806221877
2941,29.41,9.79536463942953,50.92228276182282
2942,29.42,9.79532154190865,50.85782973955154
2943,29.43,9.803785049430175,50.900302076101994
2944,29.44,9.80644242004301,50.92894343643988
2945,29.45,9.775584573481972,50.95493777259884
2946,29.46,9.792889991072288,50.97407287397381
2947,29.47,9.801319071513074,50.942807754374144
2948,29.48,9.791697787588735,50.95548211044937
2949,29.490000000000002,9.779238343512413,50.94238499790438
2950,29.5,9.775421715396185,50.98111445588581
2951,29.51,9.784972668422187,50.90659582123098
2952,29.52,9.7936457473963,50.94260109408984
2953,29.53,9.791356843507993,50.936116187704464
2954,29.54,9.8045742025194,50.93349264974567
2955,29.55,9.788209112996427,50.95988253642598
2956,29.560000000000002,9.79587826781112,50.907116232499405
2957,29.57,9.796453444337008,50.92042901601867
2958,29.580000000000002,9.792567239833094,50.95411938715572
2959,29.59,9.792550156526321,50.9010369724393
2960,29.6,9.79270763352625,50.87718017235021
2961,29.61,9.784113409121579,50.91797974565557
2962,29.62,9.791511714765864,50.923020529770135
2963,29.63,9.790096253844156,50.88962198070005
2964,29.64,9.784070231139875,50.8835720069429
2965,29.650000000000002,9.794216202905949,50.881413270086085
2966,29.66,9.798437662735973,50.8825593898627
2967,29.67,9.801364887177876,50.88090066911622
2968,29.68,9.794639597423908,50.863996292385515
2969,29.69,9.810225451999045,50.95959828728365
2970,29.7,9.801539776678302,50.81990768057753
2971,29.71,9.79120913694435,50.89579105647134
2972,29.72,9.789650090211902,50.85609967953775
2973,29.73,9.791302785976404,50.85136082555716
2974,29.740000000000002,9.787466992031375,50.84114578250834
2975,29.75,9.79908778233522,50.88645762826446
2976,29.76,9.797399687257192,50.88482074727447
2977,29.77,9.795936669915195,50.933137718853246
2978,29.78,9.787680950250811,50.834150883267206
2979,29.79,9.792317669400859,50.96618584718372
2980,29.8,9.792751996110765,50.882088803424445
2981,29.810000000000002,9.788305664742964,50.904094774442285
2982,29.82,9.789214841334108,50.814530542143316
2983,29.830000000000002,9.814975701476287,50.850689168513036
2984,29.84,9.801443476432901,50.876774291367155
2985,29.85,9.809455843963871,50.85717251802019
2986,29.86,9.806524588395975,50.82742311743087
2987,29.87,9.8034840185426,50.88070443192614
2988,29.88,9.7971788701585,50.91744741024828
2989,29.89,9.785506118186786,50.819829911866094
2990,29.900000000000002,9.79816404241864,50.79670181045453
2991,29.91,9.800181654950435,50.895044161113645
2992,29.92,9.81146194207193,50.82401895819012
2993,29.93,9.797766990557207,50.826566774960156
2994,29.94,9.812117297712751,50.81489436694969
2995,29.95,9.80015612963084,50.88264952263535
2996,29.96,9.809692472607296,50.823563771456314
2997,29.97,9.805205563676575,50.842772033165055
2998,29.98,9.817913798404723,50.824102876972944
2999,29.990000000000002,9.802865771165866,50.856770725476295
