,t,x,y
0,0.0,4.261964540491834,4.761191268278315
1,0.01,4.2701188468613696,4.773822603431334
2,0.02,4.2791764101129175,4.7857991999272596
3,0.03,4.2850322234092575,4.7981411792539514
4,0.04,4.2897516342901865,4.81061945094501
5,0.05,4.298606392723677,4.8236571614401615
6,0.06,4.304339856768425,4.8359071513278895
7,0.07,4.311379358576499,4.8482105167172955
8,0.08,4.319488137953594,4.8593098817552285
9,0.09,4.323860884697105,4.872939252689801
10,0.1,4.330335513480196,4.884519811500901
11,0.11,4.337313640197982,4.898640753200676
12,0.12,4.342710320156497,4.910238568178126
13,0.13,4.351420034254968,4.924123876335126
14,0.14,4.3570195105161975,4.935668380677044
15,0.15,4.365195300321186,4.948754819472753
16,0.16,4.370698984163883,4.958917250443189
17,0.17,4.376523950109497,4.973108254096371
18,0.18,4.384544569497548,4.9841641938822026
19,0.19,4.39192289056396,4.99780803460794
20,0.2,4.399340909925355,5.010094265910786
21,0.21,4.402708712780873,5.02340732007431
22,0.22,4.410618053983921,5.035804370863009
23,0.23,4.415314937936462,5.04810424585859
24,0.24,4.425210296900407,5.060198104535234
25,0.25,4.429659303737354,5.073430594499903
26,0.26,4.4372689661060525,5.083390906168364
27,0.27,4.443222820866683,5.096179144655637
28,0.28,4.449990501289998,5.108169503986366
29,0.29,4.457663982545873,5.120680146910687
30,0.3,4.462775277237845,5.133843063320326
31,0.31,4.469678551358784,5.145735108970633
32,0.32,4.4777157859354055,5.157118430091692
33,0.33,4.484886337966193,5.171033876496472
34,0.34,4.491519349508207,5.180849711579113
35,0.35000000000000003,4.496727055942245,5.193239069194087
36,0.36,4.502027276423005,5.2060374368061035
37,0.37,4.510310538620994,5.217968072043488
38,0.38,4.516959053567678,5.229636784809756
39,0.39,4.523464025465644,5.240839543797474
40,0.4,4.528793685142579,5.253661979924791
41,0.41000000000000003,4.535154305062142,5.2645814211587885
42,0.42,4.541015133381106,5.276830071161742
43,0.43,4.548123692679647,5.289075076759552
44,0.44,4.554186656047431,5.3002194824237305
45,0.45,4.56109467887197,5.311044518657172
46,0.46,4.568783570030168,5.324347515775278
47,0.47000000000000003,4.572638989890915,5.335325309801209
48,0.48,4.581037996451525,5.346106346833092
49,0.49,4.588642942168569,5.357760268135485
50,0.5,4.594815747433574,5.369936002966967
51,0.51,4.601638481757302,5.380163366891211
52,0.52,4.6058481755174805,5.392050286664565
53,0.53,4.613909937076433,5.403220974763895
54,0.54,4.620599938173554,5.4154446641998275
55,0.55,4.624515096489571,5.424591001433928
56,0.56,4.631701518969219,5.437924769342395
57,0.5700000000000001,4.6374930810798825,5.447792327656756
58,0.58,4.644453305318946,5.459031624373461
59,0.59,4.652954244813195,5.4695004374736795
60,0.6,4.6546760401678515,5.480298760433946
61,0.61,4.663105650947245,5.492235501840582
62,0.62,4.672343325483003,5.502587596259656
63,0.63,4.6774007451037205,5.514077120383668
64,0.64,4.681986719498546,5.524269632125716
65,0.65,4.688188179661115,5.533313808079836
66,0.66,4.696809673669471,5.544782518534254
67,0.67,4.699219183192979,5.55511387491825
68,0.68,4.708886603861831,5.566034749054818
69,0.6900000000000001,4.713505971617317,5.576332819554131
70,0.7000000000000001,4.718788240515449,5.586071963044363
71,0.71,4.725707924025937,5.597426212520452
72,0.72,4.731734879447389,5.60731291038285
73,0.73,4.737554397925967,5.6180435580451125
74,0.74,4.743891096296821,5.6265106043641335
75,0.75,4.748539777528441,5.637656737275236
76,0.76,4.756337720038646,5.646643834079949
77,0.77,4.764323315200601,5.655407923402069
78,0.78,4.769270325291123,5.666451410876823
79,0.79,4.775185762253454,5.677945491837341
80,0.8,4.779456287044916,5.68668399618798
81,0.81,4.787677309076716,5.696226809483068
82,0.8200000000000001,4.793646411907558,5.704944300520246
83,0.8300000000000001,4.799110516742401,5.713976256164337
84,0.84,4.803400669870299,5.723401638333618
85,0.85,4.810829654428,5.733363964784993
86,0.86,4.818028827840147,5.741990954632026
87,0.87,4.820805776132325,5.7519630433881925
88,0.88,4.830738238994518,5.762129924361421
89,0.89,4.833475556533063,5.769396179217001
90,0.9,4.839257757810745,5.780048747935021
91,0.91,4.847070707647568,5.787099319659569
92,0.92,4.8513382528756495,5.796231399479353
93,0.93,4.856071459803383,5.806004137980585
94,0.9400000000000001,4.862858395933882,5.813919716592792
95,0.9500000000000001,4.869273112769048,5.823455481173085
96,0.96,4.876178940525289,5.83154516424752
97,0.97,4.880189695242351,5.840540194071411
98,0.98,4.886090367422105,5.848779115336455
99,0.99,4.89265846234095,5.856349434596826
100,1.0,4.897863876709973,5.865629289686858
101,1.01,4.905751974681791,5.873615886830406
102,1.02,4.909900339105424,5.880891433747885
103,1.03,4.914374510413851,5.89012766684539
104,1.04,4.9213684278853895,5.89714007585713
105,1.05,4.928034967978279,5.905475529094991
106,1.06,4.932343798841866,5.91175253918218
107,1.07,4.937546545634998,5.921176523984273
108,1.08,4.944517504113993,5.929734247791107
109,1.09,4.94999699355305,5.936893231645389
110,1.1,4.956485568296413,5.942897695509853
111,1.11,4.958579138322694,5.952449316995973
112,1.12,4.965163397145977,5.9586573036671355
113,1.1300000000000001,4.96990365206466,5.96739649783738
114,1.1400000000000001,4.9752764470786,5.973055323434703
115,1.1500000000000001,4.98089482214697,5.981352032424851
116,1.16,4.988060910084071,5.98920140732078
117,1.17,4.993493548255607,5.996266119076919
118,1.18,4.999217413713945,6.004414479888989
119,1.19,5.00248678369049,6.009010330158907
120,1.2,5.008170738595544,6.017601141187903
121,1.21,5.014364112092131,6.024381672191362
122,1.22,5.020615578809609,6.029074139899183
123,1.23,5.0257175870182955,6.03728624025477
124,1.24,5.030676435710541,6.043368637549168
125,1.25,5.036131893447808,6.050218363028548
126,1.26,5.040934347432655,6.057703940937215
127,1.27,5.045781022853732,6.062493087918745
128,1.28,5.050995205130578,6.069476787329878
129,1.29,5.057450745843599,6.07541686106928
130,1.3,5.061795334255635,6.0823770188003525
131,1.31,5.067744013081713,6.087305952971249
132,1.32,5.071788944549023,6.095112323748439
133,1.33,5.07664168475383,6.1000173373115185
134,1.34,5.082828676345263,6.106959053589716
135,1.35,5.088572400989418,6.112545606373747
136,1.36,5.09196234543511,6.118245180712437
137,1.37,5.096455868421488,6.12393136890561
138,1.3800000000000001,5.101943750784997,6.130554834143545
139,1.3900000000000001,5.1049377909896885,6.1350129010564505
140,1.4000000000000001,5.110104841162845,6.141188388110978
141,1.41,5.115887433451003,6.148765551240417
142,1.42,5.119993381377776,6.153639260313253
143,1.43,5.126825952055738,6.159497837099528
144,1.44,5.13269767618209,6.164525084582783
145,1.45,5.13456344166989,6.170339545167886
146,1.46,5.140798670361729,6.174571702680249
147,1.47,5.144465806696219,6.180439397863137
148,1.48,5.15018888791904,6.185400268764485
149,1.49,5.155646992772616,6.18995764018176
150,1.5,5.160595704835588,6.196578510861517
151,1.51,5.165821116614341,6.201101796099161
152,1.52,5.169056035414345,6.20618447200376
153,1.53,5.1761713815364185,6.210539683288639
154,1.54,5.176935829562692,6.216135708804197
155,1.55,5.183474949193441,6.222092121536801
156,1.56,5.187070146735724,6.226347954807626
157,1.57,5.191322262859074,6.230743708748072
158,1.58,5.197027241498526,6.236539164283613
159,1.59,5.2017631784995,6.240790272112158
160,1.6,5.20615318934261,6.245106921316945
161,1.61,5.210955569404845,6.250749306572602
162,1.62,5.214313305962012,6.25428613529388
163,1.6300000000000001,5.218996975887892,6.259318073734131
164,1.6400000000000001,5.2235174348973015,6.26394475088899
165,1.6500000000000001,5.228935957840546,6.269113743084164
166,1.6600000000000001,5.233026239780547,6.273827083981023
167,1.67,5.238706358742841,6.27822028431269
168,1.68,5.242547035157206,6.283320515399188
169,1.69,5.247639149223957,6.288302217010868
170,1.7,5.252220486408328,6.291220352731337
171,1.71,5.253951365454001,6.295287273136553
172,1.72,5.260119828258143,6.3005771404023445
173,1.73,5.263600100559431,6.30486688470107
174,1.74,5.267654816563289,6.3092685883652315
175,1.75,5.2732767277146655,6.311948487738099
176,1.76,5.2754460122910665,6.316066751032838
177,1.77,5.280793578039059,6.322281958543956
178,1.78,5.282569621557641,6.3252391408172945
179,1.79,5.287985893750358,6.328693859614077
180,1.8,5.295450726358565,6.333191139396092
181,1.81,5.297844438292217,6.338347490614791
182,1.82,5.301323209791351,6.342380086970498
183,1.83,5.304930980922791,6.34504187253321
184,1.84,5.309280020975189,6.348043664766515
185,1.85,5.3140162919121545,6.35096842297738
186,1.86,5.316474015960812,6.3558753866250415
187,1.87,5.321561366640444,6.36001191325532
188,1.8800000000000001,5.326298745003773,6.363828075641007
189,1.8900000000000001,5.328318192661131,6.368065378267919
190,1.9000000000000001,5.330390019044594,6.3711633251176245
191,1.9100000000000001,5.33882889133442,6.373819668643388
192,1.92,5.340837543515468,6.377036035211849
193,1.93,5.345021723836319,6.3818929665905415
194,1.94,5.349194779680634,6.385352331974126
195,1.95,5.351445752109096,6.388688728078317
196,1.96,5.35542596179594,6.39193605667191
197,1.97,5.359197510191594,6.394207949775694
198,1.98,5.3636000685170115,6.398796537958646
199,1.99,5.368331434826284,6.401500813002057
200,2.0,5.371371824054001,6.406561901411799
201,2.0100000000000002,5.375077700089916,6.407964789296403
202,2.02,5.37764923133296,6.411750386928075
203,2.0300000000000002,5.383072951998016,6.4121253732826915
204,2.04,5.385054213998789,6.4169357264538815
205,2.05,5.390138702798821,6.4195822286466235
206,2.06,5.392588681438019,6.423894664304663
207,2.07,5.397208726462278,6.427273473896825
208,2.08,5.4013638864491345,6.429263562300229
209,2.09,5.403200519562669,6.43301593490611
210,2.1,5.4062578955744875,6.436152298303536
211,2.11,5.410326442724523,6.437232779768793
212,2.12,5.413109057615341,6.440401571356948
213,2.13,5.415910105568429,6.442044144908247
214,2.14,5.42184316233184,6.445194590704457
215,2.15,5.425693942435361,6.4482775340431475
216,2.16,5.427870486029414,6.450839698358556
217,2.17,5.4311161959737255,6.452381060302135
218,2.18,5.433550528163651,6.456189556199474
219,2.19,5.4385105891838,6.459316618354879
220,2.2,5.442273946751635,6.461186812036597
221,2.21,5.443738933311149,6.462322488958239
222,2.22,5.444550242220826,6.465836489867753
223,2.23,5.450763642070075,6.46833763787032
224,2.24,5.453125869123228,6.471917631016455
225,2.25,5.458603368183038,6.471600905709394
226,2.2600000000000002,5.457784148607582,6.4763860405676414
227,2.27,5.461932916110702,6.4769173393621875
228,2.2800000000000002,5.465472398623455,6.480327556034332
229,2.29,5.4696757251656125,6.481183455499507
230,2.3000000000000003,5.472244287696109,6.483434714014695
231,2.31,5.474104398896033,6.486021977009027
232,2.32,5.4780357700530935,6.488422245302015
233,2.33,5.4821995722925525,6.490439542280475
234,2.34,5.483328991020274,6.491820699302046
235,2.35,5.4868213702292605,6.49480870758027
236,2.36,5.487583615695675,6.49494832094788
237,2.37,5.491947844983117,6.497593016544943
238,2.38,5.494519236683181,6.499725088364387
239,2.39,5.497347791884682,6.50063349713654
240,2.4,5.498760963068408,6.502834580405312
241,2.41,5.502352080146754,6.505267645294806
242,2.42,5.507318676651771,6.5066264393834174
243,2.43,5.5066427442781904,6.509114006269475
244,2.44,5.512493182677403,6.510323019185457
245,2.45,5.5146999025375845,6.511467579954912
246,2.46,5.516314587920885,6.5139476861898045
247,2.47,5.518735232178502,6.514060211169927
248,2.48,5.522533254841135,6.516926512640528
249,2.49,5.524004037287742,6.518920664699144
250,2.5,5.525452688265903,6.520611943010042
251,2.5100000000000002,5.529134564040056,6.521422728372043
252,2.52,5.533530170302107,6.522555306093775
253,2.5300000000000002,5.537431451850057,6.52509358520842
254,2.54,5.536580191006167,6.526253624391952
255,2.5500000000000003,5.539700104162056,6.528237066425243
256,2.56,5.54250738369314,6.527506568575609
257,2.57,5.544708119912195,6.5299563258129165
258,2.58,5.546630378836838,6.531364976472688
259,2.59,5.549159740199251,6.533463454798285
260,2.6,5.552082534610267,6.535770471480961
261,2.61,5.554972645848512,6.535152270912047
262,2.62,5.558156936431613,6.537232820723334
263,2.63,5.558614055132536,6.538754838681084
264,2.64,5.560700433896191,6.53946643946137
265,2.65,5.564128617688324,6.541445390365857
266,2.66,5.565965758319412,6.542243350879115
267,2.67,5.566599999048266,6.542131189086922
268,2.68,5.569531027584762,6.545047919261572
269,2.69,5.574074498339857,6.54579760372935
270,2.7,5.575752585076033,6.545369238018609
271,2.71,5.578490561905184,6.5473923813243715
272,2.72,5.580038873628761,6.549775663188227
273,2.73,5.581764325940636,6.550715553547896
274,2.74,5.583614447427846,6.5506293970326315
275,2.75,5.5855734580517185,6.552741046122481
276,2.7600000000000002,5.585560542859606,6.551785899135113
277,2.77,5.589543009592315,6.552612769697189
278,2.7800000000000002,5.591469198938681,6.55512674608261
279,2.79,5.593338529060974,6.555858726383851
280,2.8000000000000003,5.594765311761582,6.556687498272045
281,2.81,5.597284151629451,6.5578488529413335
282,2.82,5.6004830439056645,6.55786303475766
283,2.83,5.602108093034755,6.560505322010436
284,2.84,5.605984618763449,6.560520550961882
285,2.85,5.60444133320137,6.562199271925915
286,2.86,5.606107182707533,6.5630370108843
287,2.87,5.609465261445543,6.562179228107727
288,2.88,5.6120478970652,6.563638532295116
289,2.89,5.6134930768512366,6.565855288338999
290,2.9,5.616516680297001,6.566317104915869
291,2.91,5.618081524955,6.566388950723392
292,2.92,5.618805042802171,6.5679704941778265
293,2.93,5.621409972353153,6.568888671487208
294,2.94,5.62408583844226,6.569995799604858
295,2.95,5.625680540250048,6.570881887067792
296,2.96,5.627354635636511,6.57163625947669
297,2.97,5.628722483583935,6.572115876488417
298,2.98,5.631134427513051,6.572621115144409
299,2.99,5.634504445270211,6.573805512383583
300,3.0,5.634346546541983,6.572754842814997
301,3.0100000000000002,5.636293977282111,6.574246448241012
302,3.02,5.638443151583222,6.575951954285871
303,3.0300000000000002,5.641758421856931,6.577786580076959
304,3.04,5.641031019625431,6.578751849449935
305,3.0500000000000003,5.644831583056654,6.5781271731345585
306,3.06,5.645766765610894,6.578944627190952
307,3.0700000000000003,5.648329579107611,6.580531192937757
308,3.08,5.651146930962799,6.580895862525309
309,3.09,5.649801490569445,6.582646298125334
310,3.1,5.650812087557187,6.58265728347088
311,3.11,5.6564541398696875,6.584064021415887
312,3.12,5.656321386547146,6.58463630083231
313,3.13,5.660423315792164,6.584809298428018
314,3.14,5.660399500943073,6.586047984727884
315,3.15,5.660679547562048,6.588201916281047
316,3.16,5.6633858090090525,6.588309489562469
317,3.17,5.664815719778684,6.588901749693893
318,3.18,5.666920012068542,6.591851074252683
319,3.19,5.669154758826501,6.591955055255414
320,3.2,5.671218676961567,6.591018350453261
321,3.21,5.672094835970677,6.593200302662901
322,3.22,5.674664998805217,6.593986613981789
323,3.23,5.674824134031973,6.594344500046496
324,3.24,5.676569966049299,6.5960276027588725
325,3.25,5.678802077791013,6.595650298620596
326,3.2600000000000002,5.681205908843609,6.598026108748122
327,3.27,5.684419820375914,6.599278659985605
328,3.2800000000000002,5.685150098345989,6.5992619457250505
329,3.29,5.687364858020913,6.600018174128341
330,3.3000000000000003,5.688067905706196,6.599360994752578
331,3.31,5.690040740387369,6.601780086546659
332,3.3200000000000003,5.691684699028116,6.602058733671274
333,3.33,5.691457281756201,6.602395175725629
334,3.34,5.696465024666382,6.603735539236978
335,3.35,5.695876255903582,6.60451658329155
336,3.36,5.696716393820137,6.605920690301043
337,3.37,5.698471142734475,6.608077936578159
338,3.38,5.702507458356107,6.607366494719657
339,3.39,5.703101441080702,6.6097990773412665
340,3.4,5.703903452601758,6.608984316948633
341,3.41,5.706792267035504,6.609881328754457
342,3.42,5.705975579360497,6.609966491607417
343,3.43,5.7067964571138345,6.611169286488637
344,3.44,5.710587053878231,6.61156170225328
345,3.45,5.7129752801762015,6.61313661322372
346,3.46,5.714362200422477,6.613022394389761
347,3.47,5.714451633700588,6.613707452059328
348,3.48,5.714513556303095,6.614475831137913
349,3.49,5.716533132464778,6.615768082258457
350,3.5,5.719282307280967,6.615674183369024
351,3.5100000000000002,5.72052970386009,6.616766303915368
352,3.52,5.723564853157595,6.616343123496747
353,3.5300000000000002,5.723930825132289,6.617026183345568
354,3.54,5.726295818164402,6.6194328984272
355,3.5500000000000003,5.726500088636115,6.619495573785046
356,3.56,5.729089099865133,6.619485777679883
357,3.5700000000000003,5.729183926595978,6.62009170080603
358,3.58,5.730249052844367,6.621165015431312
359,3.59,5.732508954498037,6.6213867222255995
360,3.6,5.73247214509922,6.62196137615992
361,3.61,5.735752634030815,6.623564541225498
362,3.62,5.735299028855995,6.623411244934717
363,3.63,5.736764824047007,6.623859888047318
364,3.64,5.739017327307722,6.624337594089323
365,3.65,5.739629352988031,6.625467605232174
366,3.66,5.741380503108059,6.625350374295628
367,3.67,5.740922006125628,6.626897650612968
368,3.68,5.744071322408779,6.6278191620681515
369,3.69,5.7446628369624815,6.626594757722197
370,3.7,5.745348316556708,6.627582449880586
371,3.71,5.747500106737656,6.62743426575699
372,3.72,5.7496727330968405,6.629524673227183
373,3.73,5.750292591704269,6.629046241027152
374,3.74,5.750667251985315,6.631215558723656
375,3.75,5.750324720930027,6.629170102899098
376,3.7600000000000002,5.755301559165513,6.632205218332678
377,3.77,5.75471641015311,6.630979524017342
378,3.7800000000000002,5.757987139892115,6.632585075564795
379,3.79,5.756490456816992,6.631578321060596
380,3.8000000000000003,5.760049480808316,6.631779654896024
381,3.81,5.760308624206942,6.633049016806143
382,3.8200000000000003,5.76261084748274,6.632919642538513
383,3.83,5.7618115937902905,6.632619340337361
384,3.84,5.765678287501499,6.635748214893737
385,3.85,5.7640382344075975,6.635095592908483
386,3.86,5.766043199376275,6.635770162056202
387,3.87,5.7673787679945345,6.635192249943547
388,3.88,5.766834048504753,6.634853318252375
389,3.89,5.7698485436336515,6.636305375027798
390,3.9,5.770333359809069,6.637201767499953
391,3.91,5.771142501177609,6.636570509530797
392,3.92,5.771458624870684,6.63707192355509
393,3.93,5.775522856199873,6.636750380951246
394,3.94,5.772888907718358,6.638547926826295
395,3.95,5.7757007469422,6.63765692777325
396,3.96,5.778911238351912,6.638477457822902
397,3.97,5.778751357858352,6.63949560263536
398,3.98,5.778508571867901,6.639642636530218
399,3.99,5.780213690966847,6.638615283655521
400,4.0,5.780162558248881,6.6396441098023
401,4.01,5.781634693601866,6.639881062248968
402,4.0200000000000005,5.783173772281327,6.639642002379779
403,4.03,5.783535556675367,6.640724114576475
404,4.04,5.786015828462566,6.63993255834508
405,4.05,5.7854160031037605,6.641769089908684
406,4.0600000000000005,5.7875975530207455,6.640006053929616
407,4.07,5.787952165215399,6.642003883553757
408,4.08,5.788224227119182,6.641837052980801
409,4.09,5.789424370513315,6.642125736986242
410,4.1,5.790260583464254,6.64172682278405
411,4.11,5.791213022883602,6.642789319556081
412,4.12,5.791783388987601,6.642917576774109
413,4.13,5.793384557154663,6.642483524292323
414,4.14,5.795571181836811,6.64237752444144
415,4.15,5.7962507808265595,6.642794190265492
416,4.16,5.797862374588901,6.643285902118289
417,4.17,5.798342971748028,6.643432418874699
418,4.18,5.79905415325001,6.643053634721966
419,4.19,5.799187624392608,6.6432410760150935
420,4.2,5.801703683960143,6.644766851841644
421,4.21,5.801459413523127,6.645031509612536
422,4.22,5.8014741823091915,6.644712833100657
423,4.23,5.804281577009188,6.645079055340331
424,4.24,5.8028543460284165,6.64540787202773
425,4.25,5.8038221229838305,6.6446087815438775
426,4.26,5.805234815996375,6.643713994990663
427,4.2700000000000005,5.806449165337666,6.645976997616883
428,4.28,5.810181393007518,6.64492318483207
429,4.29,5.808983548279813,6.645449696992713
430,4.3,5.809140545176393,6.645481280469448
431,4.3100000000000005,5.8108986453709415,6.645691830230492
432,4.32,5.809977180758994,6.647310656119703
433,4.33,5.81146525837287,6.645716280946073
434,4.34,5.81252526353405,6.644044079511916
435,4.3500000000000005,5.813505105902159,6.647020610866299
436,4.36,5.813781563444287,6.647445930053534
437,4.37,5.813378155988394,6.646158268009759
438,4.38,5.8147715325420455,6.6464478158349865
439,4.39,5.8158020388888545,6.646262991166802
440,4.4,5.818237362827877,6.647758192290056
441,4.41,5.816896841490026,6.64741381261461
442,4.42,5.818864608216295,6.647129814866366
443,4.43,5.820835656923701,6.64628917849442
444,4.44,5.820642776811794,6.646806953826543
445,4.45,5.822981090838003,6.64696901886893
446,4.46,5.822655094104924,6.646636161015185
447,4.47,5.821951636663449,6.647264304068804
448,4.48,5.821610185024789,6.647693033450276
449,4.49,5.824242786383727,6.647316532603972
450,4.5,5.8253099913994175,6.646838521541582
451,4.51,5.825571556768106,6.6475815740813795
452,4.5200000000000005,5.825144177445714,6.647453433708615
453,4.53,5.826252415681118,6.647427325373154
454,4.54,5.828585697797336,6.646464476990192
455,4.55,5.828549500847151,6.64747554328208
456,4.5600000000000005,5.827535273052204,6.647610393178178
457,4.57,5.829301594258679,6.6470535186644994
458,4.58,5.831446040251428,6.646488453131285
459,4.59,5.832081028110533,6.648973744343547
460,4.6000000000000005,5.83234270600888,6.646288979965945
461,4.61,5.831846775375735,6.648404288592831
462,4.62,5.833368613434163,6.648005732576284
463,4.63,5.8334560074514945,6.647628762037215
464,4.64,5.835594451007564,6.647516994161403
465,4.65,5.833607149748376,6.647722515115558
466,4.66,5.834802617553338,6.647744908715715
467,4.67,5.835021601635242,6.647485768874791
468,4.68,5.835361920203211,6.647857117565282
469,4.69,5.837370566020805,6.647578503570181
470,4.7,5.83966496175774,6.648225432962762
471,4.71,5.837946041369685,6.648048671584442
472,4.72,5.840500696624182,6.64708887739585
473,4.73,5.840761190324669,6.647478055696843
474,4.74,5.8425992845395145,6.647465696093572
475,4.75,5.841590136598251,6.647315835845421
476,4.76,5.843068349242462,6.6477067029001535
477,4.7700000000000005,5.842052382388139,6.64769336454955
478,4.78,5.842603509109009,6.649263109449761
479,4.79,5.844796332981493,6.648847447771946
480,4.8,5.845545456209997,6.646958477007317
481,4.8100000000000005,5.846400032461618,6.6475065037039425
482,4.82,5.845917609716146,6.647876456510671
483,4.83,5.84723527816561,6.648212879837736
484,4.84,5.847579522095656,6.648040799933145
485,4.8500000000000005,5.848130150854252,6.649455703339198
486,4.86,5.84763467641502,6.649513760860875
487,4.87,5.849302788016667,6.6476566336752345
488,4.88,5.849223838973052,6.6500356492722
489,4.89,5.852768485508809,6.648094530974346
490,4.9,5.851416428914118,6.647656735384975
491,4.91,5.85098714841893,6.64794163118965
492,4.92,5.854383986398288,6.6496112415744495
493,4.93,5.852556127574346,6.647967577592486
494,4.94,5.853976550333101,6.648123219569501
495,4.95,5.8536164750486925,6.647914016113299
496,4.96,5.854846166320794,6.648164688530534
497,4.97,5.8550174281450005,6.64937668252187
498,4.98,5.857294067217058,6.648143315392717
499,4.99,5.8580839390165345,6.649324239727781
500,5.0,5.857885901704163,6.6485767694420925
501,5.01,5.857992552421779,6.647933650512367
502,5.0200000000000005,5.858320574780939,6.648818160263251
503,5.03,5.861314634120382,6.648213803934791
504,5.04,5.861345592169326,6.649310608827642
505,5.05,5.862124867580639,6.647193125194176
506,5.0600000000000005,5.862082827884938,6.649230717067924
507,5.07,5.86105709826873,6.649509079386333
508,5.08,5.863421534044901,6.648682088930836
509,5.09,5.861949463379303,6.648311485772685
510,5.1000000000000005,5.862790734142974,6.647197026432733
511,5.11,5.8630926510491035,6.647968630143568
512,5.12,5.863813729991271,6.647289493936801
513,5.13,5.866020349645476,6.648187165156595
514,5.14,5.865302864110454,6.6479763198944175
515,5.15,5.865728638347086,6.647761118560731
516,5.16,5.867507089020207,6.649379204108282
517,5.17,5.867310232335481,6.648292571987393
518,5.18,5.8660768962813234,6.6481272869561865
519,5.19,5.868722025250403,6.648254323402863
520,5.2,5.8689002901442,6.649310112948514
521,5.21,5.868815709368681,6.646846479264676
522,5.22,5.869812255212068,6.648030536651682
523,5.23,5.871417594064707,6.647933908891492
524,5.24,5.86961020968294,6.647440809713751
525,5.25,5.87134540354254,6.64774102253395
526,5.26,5.8717288935028416,6.646674894999422
527,5.2700000000000005,5.872116647369325,6.646452631707545
528,5.28,5.873647961215231,6.6478503409459995
529,5.29,5.87507245390677,6.648374755469801
530,5.3,5.87392757298825,6.646963811071696
531,5.3100000000000005,5.874877792209284,6.64686425881087
532,5.32,5.8745840469846815,6.64642593894045
533,5.33,5.874788147119476,6.647103695594313
534,5.34,5.877177687979275,6.646797514323346
535,5.3500000000000005,5.87898733949851,6.648045293258447
536,5.36,5.876214646340773,6.647008396979661
537,5.37,5.877612004865274,6.64817304665141
538,5.38,5.878295180640526,6.64663389393443
539,5.39,5.87943721318653,6.647184414975994
540,5.4,5.878228722139774,6.645404816314851
541,5.41,5.878046159218723,6.645917839096054
542,5.42,5.8801208617695195,6.6457113135071095
543,5.43,5.880961165765655,6.64767462079548
544,5.44,5.882329122358633,6.647203287778103
545,5.45,5.880706690419541,6.647771345261226
546,5.46,5.882651718637885,6.646351264233079
547,5.47,5.882805048695418,6.646775396199954
548,5.48,5.884465088220975,6.645197226714511
549,5.49,5.88129780051251,6.64600689903249
550,5.5,5.8838059543907155,6.645862772373907
551,5.51,5.885237260057607,6.645888018263101
552,5.5200000000000005,5.883190136973493,6.646886580366677
553,5.53,5.885818879472168,6.646679439712649
554,5.54,5.886629665720403,6.646411366035955
555,5.55,5.885703317313039,6.644351318541352
556,5.5600000000000005,5.886974105499513,6.644948617289484
557,5.57,5.885697645109851,6.6464643064713265
558,5.58,5.886510615298319,6.6453698157035985
559,5.59,5.888232487568642,6.645470521357544
560,5.6000000000000005,5.8882353204871505,6.645251197892374
561,5.61,5.889518122607197,6.645309369282067
562,5.62,5.888912372670805,6.6450394267883475
563,5.63,5.888394220104116,6.6436056648048405
564,5.64,5.888689027540275,6.645913064710428
565,5.65,5.8915787503007175,6.643867872967414
566,5.66,5.890646312054369,6.644885288016559
567,5.67,5.888124328195511,6.64446127185995
568,5.68,5.8891431915162045,6.645106131660231
569,5.69,5.8927957184956945,6.643511506784043
570,5.7,5.892554118538529,6.644426380235989
571,5.71,5.8934768084053974,6.644058190584402
572,5.72,5.892619429085809,6.644605399793598
573,5.73,5.89287624257714,6.643960310826955
574,5.74,5.894656204031794,6.643036905859031
575,5.75,5.894785037153484,6.6432873805349315
576,5.76,5.892590768520839,6.6438398792898585
577,5.7700000000000005,5.894580599152187,6.643495621479457
578,5.78,5.89642340305498,6.643749849539844
579,5.79,5.89423679093926,6.642793095215212
580,5.8,5.897042194554761,6.643912824267661
581,5.8100000000000005,5.89508933386672,6.642664006862832
582,5.82,5.897274242966532,6.643660674296958
583,5.83,5.897832709721801,6.643991481269645
584,5.84,5.8973605178202755,6.642724063876452
585,5.8500000000000005,5.897402116767259,6.6444277602020465
586,5.86,5.898373929464115,6.64298953391297
587,5.87,5.898375613070699,6.642336310710077
588,5.88,5.8972690611496645,6.641458735221538
589,5.89,5.900758133786074,6.64321390181495
590,5.9,5.898893345002817,6.642183035224577
591,5.91,5.900538847875868,6.641563723519413
592,5.92,5.902251544852015,6.641304638930905
593,5.93,5.900664378406645,6.641225174885826
594,5.94,5.9001535555394975,6.641663906045433
595,5.95,5.9005788629341165,6.640831675702298
596,5.96,5.902219500912968,6.640104316582934
597,5.97,5.901572717341283,6.640952766955868
598,5.98,5.902994202551968,6.641596784841377
599,5.99,5.902327341473904,6.640469062439765
600,6.0,5.9036989729348495,6.641072616116488
601,6.01,5.903700409239711,6.640020186542873
602,6.0200000000000005,5.903153950527099,6.64039832389153
603,6.03,5.904037052954005,6.6394713466120265
604,6.04,5.904172870481272,6.63941276831609
605,6.05,5.905981421880315,6.639913603714554
606,6.0600000000000005,5.905723129060504,6.63952020827254
607,6.07,5.9039337826513325,6.640670652835684
608,6.08,5.9077282362929235,6.638476658968541
609,6.09,5.905576199999684,6.6384830868870335
610,6.1000000000000005,5.910029706573684,6.637363231707992
611,6.11,5.906583661903841,6.639472725247542
612,6.12,5.90457452479295,6.637731389845793
613,6.13,5.907155040867249,6.638196649984649
614,6.140000000000001,5.908296305890796,6.636859054223256
615,6.15,5.9082001816799545,6.638884205226575
616,6.16,5.908754333498626,6.638624823304032
617,6.17,5.908417055925104,6.637301037029736
618,6.18,5.909224086881422,6.637201279323049
619,6.19,5.9095697094935105,6.637636117293358
620,6.2,5.9088781641662225,6.637207758413165
621,6.21,5.910369194996019,6.63670882989113
622,6.22,5.913008577612584,6.636344798905143
623,6.23,5.908153383447713,6.6370643965533755
624,6.24,5.9096799753974905,6.637605185928129
625,6.25,5.909620182417982,6.636341965957223
626,6.26,5.911779361226556,6.634499939755972
627,6.2700000000000005,5.912386262466706,6.635441250150262
628,6.28,5.911873106206425,6.636059172854683
629,6.29,5.912884399607637,6.63686503679228
630,6.3,5.911790047187627,6.635390886078683
631,6.3100000000000005,5.91219750785089,6.635740630059138
632,6.32,5.911473596742649,6.6354999670177515
633,6.33,5.912912247321203,6.6347389693216625
634,6.34,5.9132457309546895,6.634465951997234
635,6.3500000000000005,5.914066784787829,6.633369657857238
636,6.36,5.914955571095743,6.635140227477928
637,6.37,5.915022315631202,6.6340936961505355
638,6.38,5.9149096901172395,6.634986662237801
639,6.390000000000001,5.915815839724248,6.6334233162501395
640,6.4,5.917016496990431,6.634424918043381
641,6.41,5.915767961682284,6.63410684198375
642,6.42,5.916787820212144,6.632339384543862
643,6.43,5.914881185679366,6.633548976317932
644,6.44,5.915595409349175,6.633098545559398
645,6.45,5.9163601623223965,6.632719603252533
646,6.46,5.917189731924983,6.633029347267787
647,6.47,5.917423138072227,6.63349731999688
648,6.48,5.917016773845799,6.63334808541208
649,6.49,5.917155986095703,6.632150004976069
650,6.5,5.919518443344336,6.63301454755641
651,6.51,5.9166229552182035,6.6315247374509925
652,6.5200000000000005,5.919074514804071,6.631692348006917
653,6.53,5.918532224768051,6.631558517304755
654,6.54,5.9190286750118215,6.632018870916006
655,6.55,5.919755281264778,6.631966708834587
656,6.5600000000000005,5.92097679992747,6.631330291493445
657,6.57,5.9203397423722945,6.631204308137492
658,6.58,5.921157262074249,6.63295597493949
659,6.59,5.918998256222576,6.6316377123783
660,6.6000000000000005,5.922699484277522,6.629322791289784
661,6.61,5.922579941999931,6.6306821611861375
662,6.62,5.922492729863844,6.629773269027893
663,6.63,5.920692512447026,6.629676226032359
664,6.640000000000001,5.922804117882475,6.63140843107506
665,6.65,5.921588390593976,6.628967126718161
666,6.66,5.922959113394797,6.629113872860785
667,6.67,5.9225521768764455,6.628920583851598
668,6.68,5.922383535384056,6.628140536300147
669,6.69,5.922573275385855,6.629640037718229
670,6.7,5.924169135873599,6.628809037613527
671,6.71,5.923229805509029,6.628345273689919
672,6.72,5.924472866449537,6.629589889511398
673,6.73,5.9264110438161985,6.628118883168733
674,6.74,5.923853107498427,6.628778246296162
675,6.75,5.926122302304604,6.628879045822246
676,6.76,5.923320901153017,6.627610317065827
677,6.7700000000000005,5.926258121319221,6.628313299955909
678,6.78,5.926287139461448,6.626618898029018
679,6.79,5.927001232653043,6.628045600635715
680,6.8,5.9249863061879315,6.626888222724257
681,6.8100000000000005,5.925978850460993,6.626799148077406
682,6.82,5.928248789567666,6.62796060874877
683,6.83,5.926501481145328,6.627383626516414
684,6.84,5.928779643048551,6.626118929725107
685,6.8500000000000005,5.928904440552363,6.627310948265975
686,6.86,5.92961654449282,6.626391462101126
687,6.87,5.926729645306128,6.625717312638465
688,6.88,5.927780246616623,6.626037354936897
689,6.890000000000001,5.926129940130627,6.625603848552178
690,6.9,5.928664707373667,6.625260399959466
691,6.91,5.929789839285841,6.625277135970002
692,6.92,5.929786145208608,6.625625046573913
693,6.93,5.928231668971572,6.624581062259107
694,6.94,5.930978260311477,6.624675526945397
695,6.95,5.928248023978146,6.625401237101941
696,6.96,5.932494907377723,6.62373655305075
697,6.97,5.931290628154826,6.623739985367415
698,6.98,5.929495928744787,6.6240646015685645
699,6.99,5.933699051788068,6.6240570598667565
700,7.0,5.932689376187844,6.6239270529086545
701,7.01,5.928331635559262,6.62498374420273
702,7.0200000000000005,5.931331530987286,6.623992597313587
703,7.03,5.931593027163644,6.624090002147728
704,7.04,5.931666393037523,6.62527594354726
705,7.05,5.935532630258905,6.6231818937235545
706,7.0600000000000005,5.934337981465263,6.623048841551345
707,7.07,5.933077841216808,6.624088280302904
708,7.08,5.932919231031874,6.6242234261337956
709,7.09,5.9336916630560665,6.623603753612445
710,7.1000000000000005,5.934021595711538,6.622357495732808
711,7.11,5.935272861566398,6.621505474009815
712,7.12,5.935776759411247,6.622706000939992
713,7.13,5.934369592523731,6.622563865550369
714,7.140000000000001,5.93401604442391,6.621774555509717
715,7.15,5.937605411336773,6.622132871929767
716,7.16,5.936063449980849,6.6217026970135295
717,7.17,5.936732415901437,6.621772913497092
718,7.18,5.935478392137465,6.621959242416009
719,7.19,5.935679765749066,6.619969447060795
720,7.2,5.937862586183828,6.621795930501999
721,7.21,5.938661730747547,6.622160929609554
722,7.22,5.936742612526505,6.621172322837919
723,7.23,5.936589675989526,6.62087932997746
724,7.24,5.935079908853017,6.62191534417369
725,7.25,5.9364397817597965,6.620417430970021
726,7.26,5.936048182764862,6.618280741973934
727,7.2700000000000005,5.9389448021328395,6.620728749313133
728,7.28,5.938344724874137,6.621369504063088
729,7.29,5.938197113311426,6.619680831997326
730,7.3,5.9409110694670515,6.620246174837593
731,7.3100000000000005,5.939401611030953,6.619532129554803
732,7.32,5.940278655915395,6.6190254682910385
733,7.33,5.939374527286373,6.619687531520932
734,7.34,5.938833117343901,6.6181961342144255
735,7.3500000000000005,5.939607317574336,6.618371692937675
736,7.36,5.940668711859571,6.619976774742949
737,7.37,5.942166329824287,6.6191335954005766
738,7.38,5.9390270359292385,6.61932414179655
739,7.390000000000001,5.941522365791368,6.619643004320102
740,7.4,5.941707120518739,6.61789083888137
741,7.41,5.942826133253463,6.617801227832648
742,7.42,5.942279893966044,6.6188080890912975
743,7.43,5.94208041708532,6.617342941566784
744,7.44,5.942528718545127,6.618657988622654
745,7.45,5.942875123849831,6.617418368732702
746,7.46,5.941385404722621,6.616464278412958
747,7.47,5.943144417975184,6.617615662125732
748,7.48,5.94346747141554,6.6177392740653
749,7.49,5.944715640362961,6.616104702863412
750,7.5,5.941691407193116,6.616225876556608
751,7.51,5.94314682369271,6.616246299965109
752,7.5200000000000005,5.945646076687227,6.615412546608929
753,7.53,5.943823339267073,6.61637195117998
754,7.54,5.944112213455837,6.615688130248599
755,7.55,5.943616281121841,6.616191752556219
756,7.5600000000000005,5.944137457092981,6.616653088920118
757,7.57,5.9444325445405655,6.615642483849263
758,7.58,5.9449278693778105,6.616650825212218
759,7.59,5.945901463339709,6.616601547170352
760,7.6000000000000005,5.944319326174408,6.614924022471332
761,7.61,5.946823335494135,6.614548755677352
762,7.62,5.947029563251169,6.614711684360528
763,7.63,5.947728737770059,6.616893652046963
764,7.640000000000001,5.948536213242645,6.614840048340387
765,7.65,5.947351832116161,6.616208757272139
766,7.66,5.9468450579202,6.615096358412406
767,7.67,5.946859360773122,6.614479963134404
768,7.68,5.947660401388015,6.615728419945416
769,7.69,5.950110127997302,6.615161018438118
770,7.7,5.948044484652124,6.61449760150384
771,7.71,5.951167045590731,6.613723773584789
772,7.72,5.947686359639999,6.614559599948118
773,7.73,5.947993243551131,6.614120216111607
774,7.74,5.948963278038814,6.613104472066327
775,7.75,5.9498581047676815,6.61439148863106
776,7.76,5.9500485791963476,6.612866278078795
777,7.7700000000000005,5.9507005109192095,6.6123729224694
778,7.78,5.950661972988459,6.613518237972932
779,7.79,5.949533023107212,6.61223085484106
780,7.8,5.948663041331623,6.612092757340449
781,7.8100000000000005,5.949452786461305,6.613229323434093
782,7.82,5.951787707669091,6.61373496289386
783,7.83,5.950505738249035,6.612829142691942
784,7.84,5.95016636032881,6.611627427842693
785,7.8500000000000005,5.950742287526173,6.612338122564236
786,7.86,5.951190328718545,6.612291634978876
787,7.87,5.9524161529536155,6.610584077975186
788,7.88,5.952693176106151,6.611049469108742
789,7.890000000000001,5.954516028985333,6.610585336791578
790,7.9,5.95203281140685,6.612661040038939
791,7.91,5.951215321470603,6.611232778520463
792,7.92,5.952593107857878,6.611800948064345
793,7.930000000000001,5.953067857979257,6.610552116176816
794,7.94,5.954436609274326,6.610573882516191
795,7.95,5.953207761766232,6.61101226489743
796,7.96,5.952636778501245,6.610167482334601
797,7.97,5.954792918952149,6.6100209213587515
798,7.98,5.952993807904134,6.610360023678666
799,7.99,5.954528982228937,6.610531312377331
800,8.0,5.952776829789102,6.610689317105299
801,8.01,5.954654979868272,6.60826158138532
802,8.02,5.955067343881543,6.6089304098343735
803,8.03,5.9547386113651815,6.608843738875455
804,8.040000000000001,5.956732503904554,6.608971113118386
805,8.05,5.954349194445423,6.609566504850056
806,8.06,5.953834990044033,6.608409729854383
807,8.07,5.955711442502654,6.608392688725966
808,8.08,5.95775872401767,6.607863543809787
809,8.09,5.955291796287872,6.607025882510096
810,8.1,5.957453172747684,6.608356995009105
811,8.11,5.955940365695844,6.608776724877801
812,8.120000000000001,5.955798805329017,6.607498092561261
813,8.13,5.955168983751219,6.60736199454777
814,8.14,5.956265551187562,6.607077097975377
815,8.15,5.958465677380843,6.607925401196335
816,8.16,5.956318120912414,6.605487496641387
817,8.17,5.958042904314827,6.606969160285982
818,8.18,5.955907933808151,6.605938268110627
819,8.19,5.956543844111771,6.606785286798077
820,8.2,5.9577501608038395,6.607228410270076
821,8.21,5.958679878540275,6.606189027864777
822,8.22,5.958615054331731,6.6069854836212025
823,8.23,5.955991350775426,6.606131671321604
824,8.24,5.959017577642314,6.605914236587354
825,8.25,5.957245700063209,6.605875624627969
826,8.26,5.957074080734186,6.605691129381836
827,8.27,5.959401072547634,6.605791241612953
828,8.28,5.961226793029051,6.605524993154503
829,8.290000000000001,5.958279124205033,6.604388336501218
830,8.3,5.95865010254469,6.6053192219237955
831,8.31,5.960625851186358,6.604800067291767
832,8.32,5.958942609873017,6.604498220408801
833,8.33,5.960200967000283,6.603590304249654
834,8.34,5.957807041471994,6.604157782564666
835,8.35,5.961320435341577,6.603480529091592
836,8.36,5.961449852594102,6.603278890157491
837,8.370000000000001,5.959445532470635,6.603452815058308
838,8.38,5.960321432177983,6.602896211095341
839,8.39,5.960688909138773,6.603562600807518
840,8.4,5.959808808822493,6.604035077960317
841,8.41,5.961186221379603,6.6032311924210205
842,8.42,5.96204542223606,6.602779305119441
843,8.43,5.960669112289616,6.601045220818062
844,8.44,5.961697603216996,6.602666712700905
845,8.45,5.960953037987554,6.603216268646644
846,8.46,5.9625581219494865,6.601375438944058
847,8.47,5.9609997423927235,6.603188759647903
848,8.48,5.961213617124837,6.601973153438983
849,8.49,5.962224682805567,6.602991638347204
850,8.5,5.9625760348736225,6.600537502170609
851,8.51,5.9612582804602186,6.601037561136926
852,8.52,5.962594091859198,6.6008755781353265
853,8.53,5.962949174054728,6.600642334106002
854,8.540000000000001,5.963385599732536,6.601363589963049
855,8.55,5.963419355844165,6.601538795590715
856,8.56,5.9651480495024485,6.599288313390397
857,8.57,5.96408761568259,6.601073372504133
858,8.58,5.963683111591709,6.6000858657374435
859,8.59,5.962939247525582,6.600044517251369
860,8.6,5.964119659392676,6.599338035133103
861,8.61,5.964014938697064,6.599636176130183
862,8.620000000000001,5.964551916637211,6.599893724401101
863,8.63,5.965423492375456,6.599826483249504
864,8.64,5.9663393630021355,6.598859921885163
865,8.65,5.965304135156269,6.599295778251766
866,8.66,5.965566040336728,6.599605467274328
867,8.67,5.964911665466113,6.599155717841633
868,8.68,5.965416361891586,6.598269611736333
869,8.69,5.965540087718218,6.598530020301772
870,8.700000000000001,5.96612430122371,6.598564151031739
871,8.71,5.966466334152421,6.597434301013928
872,8.72,5.96456994090023,6.5981698742445065
873,8.73,5.9672681934427905,6.597276540652002
874,8.74,5.965744105839286,6.597877214031726
875,8.75,5.96605987724745,6.59861430987966
876,8.76,5.966807788433921,6.59795371852014
877,8.77,5.966717694199681,6.598266849160229
878,8.78,5.967012076033051,6.596449739231947
879,8.790000000000001,5.967791997403326,6.597429422638867
880,8.8,5.967990227325175,6.597348627389399
881,8.81,5.9668513647078205,6.598523145114999
882,8.82,5.966754217946353,6.597222606084134
883,8.83,5.965395209983447,6.59618664281941
884,8.84,5.967087266407804,6.597058315912147
885,8.85,5.969596746616344,6.5956699367582905
886,8.86,5.96840912843628,6.596148531647615
887,8.870000000000001,5.968123419183188,6.595393409431832
888,8.88,5.969117516362207,6.595326890757795
889,8.89,5.9679847471667795,6.5950703683701555
890,8.9,5.968018652458581,6.596069205119015
891,8.91,5.967092869353942,6.593987200795038
892,8.92,5.966979243988676,6.595956095527308
893,8.93,5.968723978795832,6.594347600332228
894,8.94,5.9696373579622035,6.594313806463683
895,8.950000000000001,5.9697929592933425,6.594029580160428
896,8.96,5.969621542941265,6.595005437021434
897,8.97,5.970016210774709,6.5948745180202195
898,8.98,5.969077042388721,6.594096782527972
899,8.99,5.96742204485387,6.594305449626248
900,9.0,5.969035357628346,6.594741005468108
901,9.01,5.969387708666588,6.593547181182944
902,9.02,5.970322504075481,6.5932311092228115
903,9.03,5.969878754202982,6.5926359071827365
904,9.040000000000001,5.970838623966286,6.593176795169649
905,9.05,5.96843777122131,6.591909388407695
906,9.06,5.969153591589983,6.592140028211661
907,9.07,5.972035080373418,6.5934895563929645
908,9.08,5.9714756927907855,6.5910502673857545
909,9.09,5.969642214966629,6.5918808529669155
910,9.1,5.972281667863171,6.59228110756291
911,9.11,5.971465550641412,6.592024064576572
912,9.120000000000001,5.972376469870554,6.5926670117149815
913,9.13,5.972061881718946,6.592373752407605
914,9.14,5.970751846298696,6.59240215275032
915,9.15,5.972331695424011,6.590612296137534
916,9.16,5.969821048005623,6.5915720303685825
917,9.17,5.972238469181686,6.5910401813311905
918,9.18,5.973275092154688,6.5897205078802275
919,9.19,5.9729719612912096,6.590036988598387
920,9.200000000000001,5.973342484190572,6.591499516269995
921,9.21,5.972177632115309,6.591325901043818
922,9.22,5.972621932056464,6.588074839567395
923,9.23,5.974003465391241,6.592008021916481
924,9.24,5.974984892565294,6.589843272992345
925,9.25,5.975237212301136,6.589431739001961
926,9.26,5.973451824337174,6.590548655067933
927,9.27,5.974164604903363,6.5903468437804475
928,9.28,5.974854040594555,6.589860137571193
929,9.290000000000001,5.9735104858677,6.5893436924054685
930,9.3,5.974021006544586,6.590202852568167
931,9.31,5.975496793021441,6.589451368271537
932,9.32,5.973309742343611,6.590462544209125
933,9.33,5.974113178283901,6.589397509320685
934,9.34,5.974256298364,6.58810460649661
935,9.35,5.975025128483715,6.588752878742189
936,9.36,5.975037180961814,6.589705297276188
937,9.370000000000001,5.975805156030562,6.58858138543361
938,9.38,5.975486194377823,6.5876562086456785
939,9.39,5.9755729074746435,6.5872081516620975
940,9.4,5.976481797526713,6.588879447510438
941,9.41,5.975126013409025,6.5885897499286745
942,9.42,5.9769581734957145,6.587952595329229
943,9.43,5.975532675048398,6.587175437759873
944,9.44,5.977481184338722,6.58602411389084
945,9.450000000000001,5.974085285219151,6.587434829478911
946,9.46,5.977436047147858,6.588264889814119
947,9.47,5.979092392251302,6.5869844081819116
948,9.48,5.978026616484227,6.587762990186274
949,9.49,5.9756885807652385,6.587040534803789
950,9.5,5.979238788217828,6.586697043484089
951,9.51,5.977987223066821,6.586490335956271
952,9.52,5.9779711602648975,6.586353803711895
953,9.53,5.977603220644507,6.587381305872912
954,9.540000000000001,5.977556613635076,6.586780372396268
955,9.55,5.97766776590286,6.587291596466514
956,9.56,5.976481930918834,6.586262513184301
957,9.57,5.976797345540498,6.585881816723241
958,9.58,5.980148618614645,6.58635059680941
959,9.59,5.9775361245934135,6.586668112349252
960,9.6,5.978430112004258,6.586829066684472
961,9.61,5.979014314821679,6.58463741803034
962,9.620000000000001,5.980656355916437,6.585999085795809
963,9.63,5.979974275150246,6.585301662866151
964,9.64,5.980160888312883,6.584525634705542
965,9.65,5.978845519378634,6.585549760848896
966,9.66,5.97919699613288,6.585311855095174
967,9.67,5.981450939634659,6.585135198233877
968,9.68,5.980729106020102,6.584607185224147
969,9.69,5.981205567815389,6.583192146565414
970,9.700000000000001,5.980983656982517,6.584735395227846
971,9.71,5.980384893057113,6.584468521892383
972,9.72,5.979895917942279,6.584560162444099
973,9.73,5.981538354574494,6.583430424777217
974,9.74,5.980537377604478,6.58530694794627
975,9.75,5.9802043113541625,6.5848866164282995
976,9.76,5.980489401263625,6.583487299826483
977,9.77,5.981320187441908,6.582661392211267
978,9.78,5.981784357260932,6.583154731188496
979,9.790000000000001,5.982422939123316,6.583272459009756
980,9.8,5.981685719572918,6.5839004749156285
981,9.81,5.98271989499754,6.582639389815513
982,9.82,5.983213317416473,6.583383529803384
983,9.83,5.983542515636969,6.583459138547214
984,9.84,5.982950468692944,6.582657735963412
985,9.85,5.983190541993472,6.58244652328675
986,9.86,5.9821401508601575,6.581903769372424
987,9.870000000000001,5.9825475990318004,6.582321654632011
988,9.88,5.983214850136274,6.583258274456343
989,9.89,5.984047347223301,6.582616447742843
990,9.9,5.983393127850726,6.5821467275045755
991,9.91,5.982644670462995,6.581385179387506
992,9.92,5.984743610408546,6.5810437019543775
993,9.93,5.9843083089054465,6.582089840096988
994,9.94,5.985448455853637,6.58183955906815
995,9.950000000000001,5.982998166971921,6.580015945554872
996,9.96,5.982685457574343,6.581182671937101
997,9.97,5.985511098524711,6.580048713240267
998,9.98,5.983765522660743,6.581816700395869
999,9.99,5.985324177497576,6.581604898455414
1000,10.0,5.987370411512346,6.579872734757398
1001,10.01,5.985163749049347,6.581076534348015
1002,10.02,5.985259668126232,6.581491997459655
1003,10.03,5.987433319881367,6.580978773789514
1004,10.040000000000001,5.985898068910607,6.580627125875249
1005,10.05,5.984803692491285,6.580218632964635
1006,10.06,5.985659180179285,6.580408129856579
1007,10.07,5.986779469675936,6.579902052938996
1008,10.08,5.985560804061513,6.579759151117352
1009,10.09,5.986455326297502,6.578924216842528
1010,10.1,5.989133160818892,6.578843339950392
1011,10.11,5.98605717749287,6.577926848608607
1012,10.120000000000001,5.9864370064964305,6.58008592679224
1013,10.13,5.986396662040258,6.580209627549565
1014,10.14,5.987584254955891,6.579335411547312
1015,10.15,5.986807515013118,6.5789781323608505
1016,10.16,5.988433895275474,6.578509867917242
1017,10.17,5.988359030522402,6.577746071708801
1018,10.18,5.987487783766756,6.580006853081054
1019,10.19,5.988271534437497,6.578654338360919
1020,10.200000000000001,5.988349155131204,6.579662562236487
1021,10.21,5.988271565187803,6.577818983275124
1022,10.22,5.987316575379973,6.578962094169713
1023,10.23,5.98924784269744,6.577618834488432
1024,10.24,5.9888767024609475,6.578579610439622
1025,10.25,5.989027023376182,6.578675895228805
1026,10.26,5.987988872496592,6.578230210925491
1027,10.27,5.988680276655782,6.577885818666116
1028,10.28,5.988516438857564,6.577174147505751
1029,10.290000000000001,5.9881532175816155,6.579607966812908
1030,10.3,5.989884803315614,6.577226969517334
1031,10.31,5.989696798630097,6.577345703886735
1032,10.32,5.988251475554963,6.577862202819501
1033,10.33,5.991112978626227,6.576278820985894
1034,10.34,5.98912720014198,6.57778865455456
1035,10.35,5.98881372688698,6.577785889640705
1036,10.36,5.989493370274521,6.576708896679573
1037,10.370000000000001,5.989221310585074,6.576996443364473
1038,10.38,5.990214337300796,6.5764367074047545
1039,10.39,5.989387526845798,6.575790272085502
1040,10.4,5.992920753241074,6.576947881429624
1041,10.41,5.991708632908189,6.576526546865558
1042,10.42,5.989667620150444,6.575794713609225
1043,10.43,5.9909775708240645,6.576007519028782
1044,10.44,5.989425363065366,6.576125413122252
1045,10.450000000000001,5.99038732166843,6.576650801078927
1046,10.46,5.993133981725221,6.575756171074749
1047,10.47,5.991780014089722,6.575486365427601
1048,10.48,5.993207928031231,6.57482042622887
1049,10.49,5.991290613410209,6.576009844857116
1050,10.5,5.9919328529563245,6.575283413653306
1051,10.51,5.9931430913122865,6.575743002162338
1052,10.52,5.992987476701239,6.575659557163611
1053,10.53,5.99096743738307,6.575533033585959
1054,10.540000000000001,5.992826694068546,6.574713373437317
1055,10.55,5.994399352696267,6.575446490818014
1056,10.56,5.991420224113739,6.574579954060038
1057,10.57,5.991358748333619,6.573691806745108
1058,10.58,5.992577643539396,6.574026782890309
1059,10.59,5.992105243234646,6.574568981224221
1060,10.6,5.992631757878366,6.575300830746021
1061,10.61,5.994199613083018,6.574911243846938
1062,10.620000000000001,5.994965461337143,6.573903773037946
1063,10.63,5.993033215665582,6.574096534458148
1064,10.64,5.994956461681778,6.573358433747141
1065,10.65,5.995969006536639,6.572272889599604
1066,10.66,5.995525736624786,6.572940956025044
1067,10.67,5.993176831475575,6.573750431887131
1068,10.68,5.995028281434144,6.5734546720651235
1069,10.69,5.992414974002658,6.572759653904742
1070,10.700000000000001,5.993207957368273,6.572767996496511
1071,10.71,5.993564222860964,6.573475329408589
1072,10.72,5.994490456628983,6.574127300669881
1073,10.73,5.994630361152662,6.571976894520969
1074,10.74,5.9954875677652115,6.572973563230632
1075,10.75,5.995360743549467,6.573267255024882
1076,10.76,5.995995337991383,6.572160494699957
1077,10.77,5.9945573701784305,6.572507188380023
1078,10.78,5.996079241699717,6.570745540820301
1079,10.790000000000001,5.995410143233209,6.572318650333225
1080,10.8,5.996400037430275,6.57123300233962
1081,10.81,5.996390104140077,6.571546582244625
1082,10.82,5.995356455611772,6.571284148210784
1083,10.83,5.996602455331577,6.573056215647843
1084,10.84,5.995553934071411,6.572372182929235
1085,10.85,5.995375305566722,6.571768008003354
1086,10.86,5.998014417378966,6.571129398151724
1087,10.870000000000001,5.99578854209291,6.572610814073768
1088,10.88,5.995992112751068,6.569417467505697
1089,10.89,5.997176937335757,6.570354000693697
1090,10.9,5.998298704344325,6.570937343229154
1091,10.91,5.995941905328533,6.571996467359791
1092,10.92,5.996702531959756,6.5706797099329535
1093,10.93,5.997047305270547,6.569667030970973
1094,10.94,5.998113984503929,6.570384051027701
1095,10.950000000000001,5.997504430066486,6.570278963115551
1096,10.96,5.995346894970524,6.570275992594565
1097,10.97,5.998977973491843,6.570311692813387
1098,10.98,5.997186695586226,6.571221007099877
1099,10.99,5.999754648291426,6.5700154751508135
1100,11.0,5.998938982904942,6.569037496193716
1101,11.01,5.999114920122716,6.5706887650091605
1102,11.02,5.997190036223051,6.571139371439416
1103,11.03,5.99971592543676,6.56916054795135
1104,11.040000000000001,5.999170254002097,6.569878407725792
1105,11.05,5.996756094528884,6.569081567558192
1106,11.06,5.997013760332877,6.569585600546443
1107,11.07,6.001133294492874,6.56967323910864
1108,11.08,5.998892111583775,6.569212027089657
1109,11.09,5.999731046506235,6.570352293578935
1110,11.1,6.00029059866672,6.566988887228248
1111,11.11,5.99898654325983,6.569536560744377
1112,11.120000000000001,5.998611545178923,6.568334603697033
1113,11.13,6.0002574310847,6.568096461748115
1114,11.14,5.998434209701395,6.5674472843302825
1115,11.15,5.9994765004293615,6.569023776592664
1116,11.16,6.000982143374949,6.5680325205156915
1117,11.17,5.999963344324795,6.5669231771348
1118,11.18,5.999801202406148,6.566715487689476
1119,11.19,5.998138964562763,6.568003466880297
1120,11.200000000000001,6.000868249299596,6.567459213381097
1121,11.21,5.99854909271854,6.567936176945765
1122,11.22,5.9998135642002035,6.566369277351384
1123,11.23,6.001542054523184,6.565234924990151
1124,11.24,5.999211158221423,6.566870559313007
1125,11.25,6.00024180509842,6.5670564509949765
1126,11.26,6.001066381582005,6.566653065840013
1127,11.27,6.001380374706588,6.566371641941551
1128,11.28,6.001927402490722,6.563992501668421
1129,11.290000000000001,5.999403546229617,6.567545494651772
1130,11.3,6.002078294981818,6.566569852862317
1131,11.31,6.0007860741398495,6.564397162079169
1132,11.32,6.000863019768689,6.565398788224418
1133,11.33,6.002791927029631,6.5653141408505125
1134,11.34,6.001204382290289,6.565027300189434
1135,11.35,6.000272488400504,6.565039242413193
1136,11.36,6.0049087645721775,6.565127952474528
1137,11.370000000000001,6.001591696967586,6.5651066546799015
1138,11.38,6.001283486555695,6.565207842045393
1139,11.39,6.001154983646473,6.566458612369373
1140,11.4,6.0033675614264785,6.564634647374155
1141,11.41,6.001739177742167,6.564732665952174
1142,11.42,6.001106103814622,6.564589501852431
1143,11.43,6.002665207704545,6.5640491057154895
1144,11.44,6.001465574182373,6.564600533727085
1145,11.450000000000001,6.001292621813613,6.564386870304525
1146,11.46,6.002169341059957,6.564298972445845
1147,11.47,6.0032001944574525,6.563912412714625
1148,11.48,6.003535443040273,6.563598075222902
1149,11.49,6.003147153255524,6.564590988180513
1150,11.5,6.003669672501548,6.56276799095007
1151,11.51,6.004244613297883,6.563081546768947
1152,11.52,6.003072724112479,6.5624584668683585
1153,11.53,6.005114007049209,6.564562768892257
1154,11.540000000000001,6.00294444891213,6.5621802908965
1155,11.55,6.0025678804924665,6.562186883025395
1156,11.56,6.002397250472416,6.563014005346823
1157,11.57,6.003735197635904,6.5637198530053125
1158,11.58,6.002796896276654,6.562250689461815
1159,11.59,6.0029380839143345,6.562247662035323
1160,11.6,6.003854493997674,6.562873392542567
1161,11.61,6.003913175663459,6.562352302541466
1162,11.620000000000001,6.003948644589814,6.561544508586531
1163,11.63,6.004983137119042,6.560881958892538
1164,11.64,6.005781748503743,6.562257855248288
1165,11.65,6.005145806961686,6.560954448494993
1166,11.66,6.004350924416871,6.561677333194071
1167,11.67,6.003889229384458,6.560576400514026
1168,11.68,6.005356830070658,6.561706082121458
1169,11.69,6.003043816903735,6.560744017783005
1170,11.700000000000001,6.004247641207776,6.55978626157879
1171,11.71,6.00401252169806,6.560535863657217
1172,11.72,6.004898692636441,6.561106636976522
1173,11.73,6.005138744336672,6.560385665624579
1174,11.74,6.005803640967878,6.561302610724365
1175,11.75,6.0039037200150736,6.561392413247772
1176,11.76,6.00512693146821,6.560856505939459
1177,11.77,6.004755551862088,6.561557744142014
1178,11.78,6.005088828119282,6.56132875879148
1179,11.790000000000001,6.005689182103044,6.560221747774099
1180,11.8,6.006391239921453,6.559294374134152
1181,11.81,6.004719940989056,6.559407222871349
1182,11.82,6.005529826193472,6.559949300008102
1183,11.83,6.005438419565448,6.559219082483667
1184,11.84,6.007046204054944,6.559667926380918
1185,11.85,6.005711105267076,6.559377865830074
1186,11.86,6.006338433583432,6.558763857479977
1187,11.870000000000001,6.006503437903205,6.55925967615163
1188,11.88,6.006913781185976,6.559899291610333
1189,11.89,6.005514008564261,6.558469977886759
1190,11.9,6.00741941799443,6.558322856660724
1191,11.91,6.006291414472087,6.557734539037041
1192,11.92,6.005668143992638,6.560686754978011
1193,11.93,6.006093260486606,6.557218041903636
1194,11.94,6.004997147596397,6.558407796048636
1195,11.950000000000001,6.006992493200316,6.559174604816704
1196,11.96,6.0061326102973815,6.558516141639618
1197,11.97,6.007818590858533,6.557173475807333
1198,11.98,6.006617609257084,6.556356386230376
1199,11.99,6.006616127746872,6.557809786449197
1200,12.0,6.00637617502836,6.557572429747353
1201,12.01,6.009451753432247,6.558604805379122
1202,12.02,6.006952561403218,6.557207849588405
1203,12.030000000000001,6.008919666210941,6.557775120083566
1204,12.040000000000001,6.009325612609332,6.55557121542645
1205,12.05,6.007128465322889,6.556633433027407
1206,12.06,6.0074514192354895,6.55698988854927
1207,12.07,6.008203530234605,6.55690602985615
1208,12.08,6.008833908738886,6.556977285855674
1209,12.09,6.008828744760825,6.556102581355428
1210,12.1,6.00846660151257,6.555745580066154
1211,12.11,6.007320601475841,6.555828346416403
1212,12.120000000000001,6.006528843454495,6.556576281054873
1213,12.13,6.009807448419077,6.5565282475220314
1214,12.14,6.008294284095822,6.554581184168177
1215,12.15,6.00904491224269,6.555853632494894
1216,12.16,6.007554951640563,6.555949848907907
1217,12.17,6.008873726713749,6.55724700237079
1218,12.18,6.008049973567507,6.556166523120846
1219,12.19,6.007988107211277,6.555418538694737
1220,12.200000000000001,6.0087204156215295,6.556566909440087
1221,12.21,6.008317089927289,6.55461293244382
1222,12.22,6.009389440426286,6.554551741246762
1223,12.23,6.009576272879284,6.555282628002383
1224,12.24,6.009714870092694,6.5547782725599
1225,12.25,6.009421242277208,6.553321606992942
1226,12.26,6.009066265944427,6.553958075554876
1227,12.27,6.0091786938891465,6.554324938006521
1228,12.280000000000001,6.011910366832948,6.553749405744889
1229,12.290000000000001,6.010678883449739,6.553415752580077
1230,12.3,6.010921275102547,6.553328607589995
1231,12.31,6.009590470168934,6.553659900284259
1232,12.32,6.009848707581586,6.554691720133966
1233,12.33,6.009244346091538,6.552945204908247
1234,12.34,6.011869624620954,6.5536843473140145
1235,12.35,6.010982704192133,6.553308630999592
1236,12.36,6.01004641423014,6.553186387979952
1237,12.370000000000001,6.013114179265578,6.552768744878978
1238,12.38,6.010993252535239,6.552649684005388
1239,12.39,6.011639543227254,6.5543178236926405
1240,12.4,6.0108237270855485,6.552040160900742
1241,12.41,6.008637986637886,6.552705189899117
1242,12.42,6.011071680562091,6.5534338433424635
1243,12.43,6.0087653729685995,6.551996123956048
1244,12.44,6.011928485590185,6.552203966659056
1245,12.450000000000001,6.011108007405515,6.551326530228271
1246,12.46,6.011927520901005,6.552443725107467
1247,12.47,6.0120266873903985,6.553050272210083
1248,12.48,6.011532484392068,6.553492208276262
1249,12.49,6.013348239601568,6.551632555801714
1250,12.5,6.011332567129445,6.552056763320218
1251,12.51,6.012076600244796,6.552489555374636
1252,12.52,6.014422902254104,6.551560729782004
1253,12.530000000000001,6.011069292915017,6.551657043018234
1254,12.540000000000001,6.012317831463976,6.550439014942101
1255,12.55,6.012695283514262,6.551641730365042
1256,12.56,6.012107171281218,6.550083776249182
1257,12.57,6.015238485731513,6.550269686990419
1258,12.58,6.01140569758321,6.551126258396657
1259,12.59,6.0142823844196345,6.552270243028128
1260,12.6,6.0141272666209264,6.551151186707455
1261,12.61,6.012840512164735,6.550560208866259
1262,12.620000000000001,6.011926031360205,6.550611823381011
1263,12.63,6.0127722793597975,6.551598316862065
1264,12.64,6.014410020372433,6.550845152774324
1265,12.65,6.013871962729369,6.549579766715842
1266,12.66,6.013694687356692,6.550373063450356
1267,12.67,6.013153734920902,6.55094442362429
1268,12.68,6.015319506846693,6.551164188274981
1269,12.69,6.012412426918958,6.550657154527769
1270,12.700000000000001,6.013421676349317,6.549345108518729
1271,12.71,6.014786828541427,6.550465197860173
1272,12.72,6.0148343963913975,6.549672760300628
1273,12.73,6.016841253844897,6.54873701017814
1274,12.74,6.013663491015701,6.548500112238016
1275,12.75,6.01290463685151,6.549627359802224
1276,12.76,6.015254391161954,6.549746024502431
1277,12.77,6.014231040303545,6.55001875390976
1278,12.780000000000001,6.015244550502542,6.549076640717507
1279,12.790000000000001,6.014526078135791,6.549864425223562
1280,12.8,6.015520492732555,6.550411473159636
1281,12.81,6.013901510025048,6.549055357328951
1282,12.82,6.0157828816775805,6.551944391919529
1283,12.83,6.01525284485237,6.548994906324841
1284,12.84,6.015480543155406,6.5490159274990924
1285,12.85,6.0167428890850605,6.549100601175317
1286,12.86,6.014992487861941,6.547855889226982
1287,12.870000000000001,6.015602302390297,6.5487408284956965
1288,12.88,6.017612024441217,6.5490426845469365
1289,12.89,6.0178362507650665,6.549243725465617
1290,12.9,6.015509047413552,6.548932226468833
1291,12.91,6.017415226586716,6.549684223405898
1292,12.92,6.017134819001365,6.54726560979163
1293,12.93,6.017074617457077,6.550009619394975
1294,12.94,6.016253727241765,6.548431880702415
1295,12.950000000000001,6.017506910149067,6.5484846171784925
1296,12.96,6.01598140383928,6.548302935088627
1297,12.97,6.015233780905951,6.548286095357809
1298,12.98,6.0174666734943685,6.54860799428262
1299,12.99,6.017285008233671,6.548434552620404
1300,13.0,6.0182779802652515,6.547160671684667
1301,13.01,6.019572639390708,6.54653380071751
1302,13.02,6.016254188958362,6.548725107407312
1303,13.030000000000001,6.016032101046302,6.5483952423879925
1304,13.040000000000001,6.017588131745647,6.546950611353242
1305,13.05,6.017838138408842,6.548295358166494
1306,13.06,6.01809465518311,6.548443728422486
1307,13.07,6.019538345601415,6.5475978802691275
1308,13.08,6.019289544984253,6.547103588999361
1309,13.09,6.018548546735141,6.5480275658002345
1310,13.1,6.017570940727612,6.547834166108798
1311,13.11,6.018413316759942,6.547532375347222
1312,13.120000000000001,6.020269872027061,6.5458221074330725
1313,13.13,6.019722814180069,6.547176718184198
1314,13.14,6.018930034782064,6.546083902169424
1315,13.15,6.021078088818735,6.547218164709723
1316,13.16,6.019665954721673,6.546237497624541
1317,13.17,6.019707131284691,6.54687113947108
1318,13.18,6.020003602361672,6.546760055698202
1319,13.19,6.020494198809465,6.546834827336887
1320,13.200000000000001,6.020532172052614,6.546885278863218
1321,13.21,6.020044008517264,6.546947244181852
1322,13.22,6.021285710898136,6.54892468571846
1323,13.23,6.020840072482838,6.546492781036313
1324,13.24,6.019894723565831,6.54622567781361
1325,13.25,6.021762319176594,6.546937066089486
1326,13.26,6.021435232119565,6.547412692576907
1327,13.27,6.020714948087794,6.547989204385715
1328,13.280000000000001,6.021073991108847,6.547013037462328
1329,13.290000000000001,6.02111769041953,6.54699110676095
1330,13.3,6.022200811325852,6.545923375774184
1331,13.31,6.020361481808429,6.545743860402831
1332,13.32,6.020823404766663,6.546369404679949
1333,13.33,6.022551373438931,6.548093207950525
1334,13.34,6.023134468747334,6.545812193332417
1335,13.35,6.0230774657568675,6.547460915827957
1336,13.36,6.022987689495171,6.5455396866708275
1337,13.370000000000001,6.022564611224649,6.546338091436731
1338,13.38,6.022988477943714,6.54634360656181
1339,13.39,6.022974274682406,6.545888180910425
1340,13.4,6.0221571121134865,6.546610328853437
1341,13.41,6.024812249035587,6.546488039720906
1342,13.42,6.0240557897261,6.545555087583364
1343,13.43,6.022126444170868,6.546507781283193
1344,13.44,6.023018880441236,6.546248755269087
1345,13.450000000000001,6.02411024749949,6.546484709339128
1346,13.46,6.02513769571471,6.546514391981794
1347,13.47,6.0235372994552785,6.546614024676037
1348,13.48,6.024254030135045,6.546975239942561
1349,13.49,6.024309230421046,6.54582696273546
1350,13.5,6.0236052763712395,6.546591033446455
1351,13.51,6.025070773862258,6.545434551593458
1352,13.52,6.02302569638912,6.545612910357642
1353,13.530000000000001,6.0237331802885,6.546057376644476
1354,13.540000000000001,6.02437549774032,6.545113363625264
1355,13.55,6.023887763717625,6.546361441033716
1356,13.56,6.023678263601451,6.544158038441891
1357,13.57,6.023416726225686,6.545328416507678
1358,13.58,6.024669905355412,6.545490179050493
1359,13.59,6.025675362293558,6.546651274895139
1360,13.6,6.02771336024991,6.544357035382141
1361,13.61,6.023720974077647,6.545360958370866
1362,13.620000000000001,6.027171780692459,6.544512201701658
1363,13.63,6.0259927879310595,6.546264791787205
1364,13.64,6.025489982790407,6.545358744146355
1365,13.65,6.026946005914983,6.5457563155089655
1366,13.66,6.0247433509133685,6.545594676564832
1367,13.67,6.0262295244493025,6.545927591619368
1368,13.68,6.024899958305059,6.543607428640876
1369,13.69,6.027277381178338,6.544677819289085
1370,13.700000000000001,6.0245199033929175,6.544237699552394
1371,13.71,6.027064864698323,6.543879928338491
1372,13.72,6.026964471583348,6.5444222412340824
1373,13.73,6.0262811291368985,6.544566297211723
1374,13.74,6.027852448175228,6.543566304430544
1375,13.75,6.028406403544086,6.543729314398089
1376,13.76,6.027556810376367,6.545354586391658
1377,13.77,6.027469549196935,6.54465683214531
1378,13.780000000000001,6.029110706796923,6.544990179742223
1379,13.790000000000001,6.028183747663443,6.545055748983026
1380,13.8,6.027729009737429,6.547153893613294
1381,13.81,6.027048599470104,6.544311904134798
1382,13.82,6.028039769402117,6.543896900638627
1383,13.83,6.027928138973964,6.5442554846214005
1384,13.84,6.027936419591193,6.545031209887753
1385,13.85,6.027988807310629,6.544939528995107
1386,13.86,6.0267488345453,6.542086010645897
1387,13.870000000000001,6.028952068661485,6.544129172884396
1388,13.88,6.028536166105687,6.54507297545507
1389,13.89,6.02864327556203,6.544726757932786
1390,13.9,6.029235885592887,6.544884553193511
1391,13.91,6.028264216530042,6.544072428986941
1392,13.92,6.029354193759044,6.544091238775921
1393,13.93,6.029807578169273,6.544618295982755
1394,13.94,6.0295859065249955,6.543776330140369
1395,13.950000000000001,6.02930068945477,6.543834171029656
1396,13.96,6.02820880170609,6.543773577979703
1397,13.97,6.02881546428191,6.544336422680507
1398,13.98,6.031260918992866,6.545114377427489
1399,13.99,6.029666203346992,6.542855286414431
1400,14.0,6.031060313406286,6.5415631856091
1401,14.01,6.0308240221614025,6.5430067769002624
1402,14.02,6.031617590345034,6.542721061146519
1403,14.030000000000001,6.028556458602291,6.543099592703133
1404,14.040000000000001,6.031109593018548,6.544946881047886
1405,14.05,6.02985821887988,6.542853212504662
1406,14.06,6.030624214408187,6.543773019973352
1407,14.07,6.031117115766765,6.543504430791073
1408,14.08,6.031432420381559,6.542313617853168
1409,14.09,6.03056061517603,6.541900177606485
1410,14.1,6.030749666065262,6.541300647512103
1411,14.11,6.030300202878475,6.543315821985791
1412,14.120000000000001,6.032222331510301,6.543806136543433
1413,14.13,6.030884566950059,6.543367120120088
1414,14.14,6.032414660145425,6.541139598363538
1415,14.15,6.031326909871768,6.542529100288471
1416,14.16,6.032079240416545,6.54204453351683
1417,14.17,6.031236050312864,6.542760385427064
1418,14.18,6.034640167451552,6.541865732720965
1419,14.19,6.033277978996506,6.542584677296163
1420,14.200000000000001,6.0328645696039676,6.542396068123244
1421,14.21,6.032441616385214,6.542973137172861
1422,14.22,6.033044225412758,6.5427489046286995
1423,14.23,6.031680214858728,6.542837351140764
1424,14.24,6.033589027691524,6.542530275923088
1425,14.25,6.032682699109618,6.540871886914478
1426,14.26,6.034222786638358,6.5406103093631405
1427,14.27,6.03210013080788,6.541484000463335
1428,14.280000000000001,6.033266205028059,6.542399434441768
1429,14.290000000000001,6.031000927714978,6.541331195208377
1430,14.3,6.033688839404714,6.542359493281995
1431,14.31,6.032335281090339,6.541846478095657
1432,14.32,6.031870437186172,6.541953413798534
1433,14.33,6.032030109583282,6.540136351642501
1434,14.34,6.035000092443084,6.540039625030382
1435,14.35,6.033156449076775,6.541395075743008
1436,14.36,6.032128976235923,6.540805151885637
1437,14.370000000000001,6.033558580052949,6.541332506099543
1438,14.38,6.034813854948058,6.5415831075622775
1439,14.39,6.03375687188627,6.542304005666623
1440,14.4,6.03452209066025,6.540018729649725
1441,14.41,6.032519620007628,6.540536705386183
1442,14.42,6.033715365354728,6.541183029787176
1443,14.43,6.032925606887163,6.54113620347983
1444,14.44,6.034250798497077,6.540110639272383
1445,14.450000000000001,6.035465802961735,6.540152257696742
1446,14.46,6.034644632786845,6.540144534223738
1447,14.47,6.034342755045702,6.540146544669124
1448,14.48,6.035167930834542,6.540574633955744
1449,14.49,6.035727365676642,6.538971823911299
1450,14.5,6.034114653096624,6.539636258694651
1451,14.51,6.035043273703566,6.540247328769108
1452,14.52,6.03744351940073,6.539543539636062
1453,14.530000000000001,6.03517639329441,6.540845004995804
1454,14.540000000000001,6.03587195240542,6.539712223462125
1455,14.55,6.035207034407936,6.538638930022537
1456,14.56,6.035923021231905,6.538999604177591
1457,14.57,6.036831833088148,6.538779281470703
1458,14.58,6.034921016751717,6.538548048439569
1459,14.59,6.035813434062438,6.539661634650778
1460,14.6,6.0353598980972585,6.538082894771662
1461,14.61,6.035801569201084,6.539580644709466
1462,14.620000000000001,6.036330654222004,6.539823859641868
1463,14.63,6.037592609910892,6.538160458186413
1464,14.64,6.036575330572729,6.54006371661224
1465,14.65,6.0369315344168015,6.537898879033942
1466,14.66,6.032850587451779,6.537938270955569
1467,14.67,6.034651074353113,6.536805083516368
1468,14.68,6.035101006421032,6.538232042729955
1469,14.69,6.035665857790783,6.5391749711568705
1470,14.700000000000001,6.035302641107417,6.538395828901163
1471,14.71,6.0347919690293335,6.539640762942938
1472,14.72,6.035020861702697,6.53825318784049
1473,14.73,6.035561626719171,6.536753779690587
1474,14.74,6.036421486244991,6.537904640134728
1475,14.75,6.0381021023223775,6.538406757499461
1476,14.76,6.037114363348977,6.536775446155638
1477,14.77,6.0376291340383785,6.5374963987440315
1478,14.780000000000001,6.035038576390184,6.536945820552129
1479,14.790000000000001,6.0377325325695566,6.536998758730245
1480,14.8,6.03657357049089,6.535967619721922
1481,14.81,6.034784500825567,6.5374485466309675
1482,14.82,6.035745691990367,6.535952774901154
1483,14.83,6.036218299807296,6.536956722200156
1484,14.84,6.036271510961159,6.5369174099212675
1485,14.85,6.036760078248975,6.535477662049853
1486,14.86,6.037410023303742,6.536101065987843
1487,14.870000000000001,6.036641818931587,6.536362707120916
1488,14.88,6.038625271727096,6.5356286031818644
1489,14.89,6.035510382862933,6.53505334007496
1490,14.9,6.03642440538766,6.534506406395264
1491,14.91,6.035864160110148,6.535140937814284
1492,14.92,6.037012273491055,6.534575561110811
1493,14.93,6.037963879907547,6.535627972417966
1494,14.94,6.035714578513921,6.53572040305078
1495,14.950000000000001,6.037471264578114,6.5362917167499885
1496,14.96,6.037366479390923,6.534808719027741
1497,14.97,6.036991774913998,6.536679626109419
1498,14.98,6.036071444897792,6.534639816683111
1499,14.99,6.039203832068003,6.535687146402121
1500,15.0,6.038373522245954,6.5359224009349095
1501,15.01,6.037653514482134,6.534604660177695
1502,15.02,6.0371681867681835,6.535393956693617
1503,15.030000000000001,6.038262868308613,6.534077493651374
1504,15.040000000000001,6.038028727752139,6.533422326647516
1505,15.05,6.037392292918875,6.533794967871052
1506,15.06,6.038017707629655,6.53423352898658
1507,15.07,6.037027564789517,6.533606378271922
1508,15.08,6.038118058147203,6.534334297506091
1509,15.09,6.037755011299512,6.534162388829699
1510,15.1,6.039384438257084,6.533912653683969
1511,15.11,6.037725500298913,6.533535674617461
1512,15.120000000000001,6.038181247806461,6.532718734965038
1513,15.13,6.037610361197497,6.534556837101754
1514,15.14,6.039725565616188,6.534752373344368
1515,15.15,6.038009375065974,6.531353550963435
1516,15.16,6.037785361321535,6.533245339389563
1517,15.17,6.0370863755561,6.53257155450542
1518,15.18,6.0372761043883125,6.532841141608518
1519,15.19,6.036317774127258,6.532892624188416
1520,15.200000000000001,6.036767277521033,6.5327503732400265
1521,15.21,6.036932489079368,6.532764078389377
1522,15.22,6.039369840163386,6.5319737158913815
1523,15.23,6.037267875769109,6.532236966638163
1524,15.24,6.037405780369543,6.53098692508769
1525,15.25,6.038994019802462,6.532165116827744
1526,15.26,6.036569699371561,6.532870937989578
1527,15.27,6.0381183569156,6.531726868489302
1528,15.280000000000001,6.037685397590221,6.533080011653191
1529,15.290000000000001,6.039919865503022,6.531309170253823
1530,15.3,6.0390069506349935,6.531033338602901
1531,15.31,6.039727207149558,6.53142034382946
1532,15.32,6.0382535051457165,6.5312152336490055
1533,15.33,6.03833251875106,6.5311117777413035
1534,15.34,6.039129297254847,6.531240922717901
1535,15.35,6.037422613300749,6.529835500355167
1536,15.36,6.038423912274302,6.530483230459148
1537,15.370000000000001,6.037695536686982,6.530950296259328
1538,15.38,6.036767705974007,6.529785708690858
1539,15.39,6.038080458689021,6.529562783418664
1540,15.4,6.040193229699281,6.529586455429185
1541,15.41,6.038200273715024,6.53070670633665
1542,15.42,6.037865395631452,6.530369912558416
1543,15.43,6.040886897674717,6.52984416106142
1544,15.44,6.037131091737237,6.530044452221571
1545,15.450000000000001,6.040601636817073,6.530185964164552
1546,15.46,6.038220727942957,6.529488262416377
1547,15.47,6.039111074391019,6.528528222392031
1548,15.48,6.037907300654943,6.529034693533539
1549,15.49,6.037272199522513,6.527169841224098
1550,15.5,6.040029735229545,6.528582816507037
1551,15.51,6.038172290345762,6.528396974767987
1552,15.52,6.039716165145944,6.527965963312407
1553,15.530000000000001,6.039553848914386,6.52635030104506
1554,15.540000000000001,6.039232187628825,6.527476557283489
1555,15.55,6.036790273412105,6.528978257008124
1556,15.56,6.039240804451836,6.528147306900016
1557,15.57,6.037183557246891,6.528259994920485
1558,15.58,6.036791460345894,6.5281982535423655
1559,15.59,6.040511363130324,6.527048749573008
1560,15.6,6.038087033788311,6.527902322935412
1561,15.610000000000001,6.036797158819808,6.526454858831557
1562,15.620000000000001,6.039546403300796,6.525679001500681
1563,15.63,6.038008676010037,6.527090907943894
1564,15.64,6.039018844532441,6.526977274472509
1565,15.65,6.038485131919765,6.526030648923529
1566,15.66,6.039111615029922,6.52616979586053
1567,15.67,6.039130378428798,6.526084263574939
1568,15.68,6.039757805174913,6.526237293372452
1569,15.69,6.03812041156272,6.525782553750747
1570,15.700000000000001,6.038326369794753,6.525568820609092
1571,15.71,6.038651954472552,6.525515543561434
1572,15.72,6.038656650020281,6.5260531772305255
1573,15.73,6.038495762138892,6.525067465271252
1574,15.74,6.039523670142266,6.5236769238593135
1575,15.75,6.038951857437822,6.5233922576118735
1576,15.76,6.038993992239619,6.525737795324377
1577,15.77,6.037427756836751,6.52397158406739
1578,15.780000000000001,6.039471214877344,6.525858388873881
1579,15.790000000000001,6.039859347256507,6.525145457771949
1580,15.8,6.039301610003485,6.524568624022467
1581,15.81,6.041126107216934,6.524234180357139
1582,15.82,6.039065672011689,6.524661774868836
1583,15.83,6.036162690813837,6.5233030829151515
1584,15.84,6.0379979897193286,6.523834509774011
1585,15.85,6.03792916048462,6.523549150681565
1586,15.860000000000001,6.039432205919609,6.524342068576665
1587,15.870000000000001,6.039719990900472,6.523828717916398
1588,15.88,6.037319389145305,6.523096816274367
1589,15.89,6.039018279079356,6.523569803034956
1590,15.9,6.038966102540864,6.5222561204401055
1591,15.91,6.038680948164255,6.521198829099817
1592,15.92,6.040222943842259,6.52312793070695
1593,15.93,6.040524950224749,6.522534697028009
1594,15.94,6.039131355601644,6.52249912136213
1595,15.950000000000001,6.038392175000465,6.522393220059671
1596,15.96,6.037326172066699,6.521440034011397
1597,15.97,6.041356945325041,6.523510355432348
1598,15.98,6.039232288245861,6.522007002745148
1599,15.99,6.037831759883938,6.522461844124849
1600,16.0,6.039061013073794,6.5217644999683175
1601,16.01,6.038240352230699,6.522740969163479
1602,16.02,6.037785709465396,6.521362691688578
1603,16.03,6.038913052074227,6.521956461534377
1604,16.04,6.039663885554254,6.520588626171686
1605,16.05,6.040315661076304,6.520423355342192
1606,16.06,6.038903672730647,6.520944439562544
1607,16.07,6.037985601874024,6.520792303806181
1608,16.080000000000002,6.038656949906442,6.521780130159234
1609,16.09,6.037759748703143,6.5204855081582505
1610,16.1,6.039077950124593,6.520162723106971
1611,16.11,6.03874994373426,6.519634450688796
1612,16.12,6.03826262778799,6.519146751937561
1613,16.13,6.038544661266509,6.519656465126966
1614,16.14,6.0402056641578,6.519602129555051
1615,16.15,6.036513902091015,6.520595353618861
1616,16.16,6.036997661946124,6.519253542013086
1617,16.17,6.038371579216482,6.519272948078817
1618,16.18,6.038045055184479,6.5182331475099575
1619,16.19,6.038864123573827,6.519554335446855
1620,16.2,6.037647926152006,6.518700269278978
1621,16.21,6.041147969853226,6.520771188042253
1622,16.22,6.038698828121422,6.519376300371032
1623,16.23,6.038138109675881,6.518277022080026
1624,16.240000000000002,6.039320477850651,6.518204123354647
1625,16.25,6.038694130806415,6.519526841030044
1626,16.26,6.040197994434214,6.519327505190392
1627,16.27,6.041105110059138,6.518474877293548
1628,16.28,6.038499864294477,6.518630613817439
1629,16.29,6.038690794376373,6.5173579971991185
1630,16.3,6.038482897626685,6.518307745956587
1631,16.31,6.038899735404203,6.5183330914594615
1632,16.32,6.041634114566428,6.517898452546736
1633,16.330000000000002,6.041442441357106,6.517863880727504
1634,16.34,6.039102667448112,6.517601488136991
1635,16.35,6.039129159214415,6.516082106950731
1636,16.36,6.039127751664558,6.516805609159868
1637,16.37,6.041261400490396,6.516149404299451
1638,16.38,6.039202710905865,6.517023383800077
1639,16.39,6.040876966870442,6.5178691549933765
1640,16.4,6.040505668948332,6.51567812031537
1641,16.41,6.040066634975219,6.5171090200600466
1642,16.42,6.039431566726885,6.517147283300955
1643,16.43,6.041294160960756,6.515877800213254
1644,16.44,6.040570038574713,6.516449700699929
1645,16.45,6.040396803138484,6.516300556703529
1646,16.46,6.04014279547041,6.517607470425218
1647,16.47,6.038878364067457,6.51678657059212
1648,16.48,6.039887106169304,6.51688377630508
1649,16.490000000000002,6.039522151295689,6.516132395259807
1650,16.5,6.040509998870874,6.516375881809238
1651,16.51,6.040593230370601,6.516288938608465
1652,16.52,6.041560161910634,6.517068288179489
1653,16.53,6.040499023438786,6.51605179072902
1654,16.54,6.040103578450138,6.514944923396063
1655,16.55,6.041367993843038,6.515910721557819
1656,16.56,6.040785236013691,6.513507054540902
1657,16.57,6.041214448938986,6.514504185297823
1658,16.580000000000002,6.0438761388649604,6.515666756487127
1659,16.59,6.038464693330443,6.516451486757281
1660,16.6,6.04286675006495,6.514524536968285
1661,16.61,6.039572232367985,6.515268906319631
1662,16.62,6.041329458903716,6.514449974498017
1663,16.63,6.041438856947769,6.514903613637572
1664,16.64,6.042487095288336,6.51501895943134
1665,16.65,6.041449349876884,6.513825365820182
1666,16.66,6.041606512822653,6.513177912563239
1667,16.67,6.040851674841459,6.5151380252442515
1668,16.68,6.041530094341731,6.5142673180114965
1669,16.69,6.041211553954943,6.51466964701887
1670,16.7,6.0403320879898,6.5135581526898685
1671,16.71,6.04238347612673,6.514630811520174
1672,16.72,6.042990891830406,6.513550276713331
1673,16.73,6.041492568248325,6.514640271861382
1674,16.740000000000002,6.042622567792037,6.514631120645395
1675,16.75,6.041188248905622,6.514598019002067
1676,16.76,6.041725941605076,6.513905184051964
1677,16.77,6.042557494954419,6.514451687768034
1678,16.78,6.041498033864671,6.515417753608916
1679,16.79,6.040512426260648,6.515662475130137
1680,16.8,6.0415803304816365,6.5140123495480085
1681,16.81,6.04152209879766,6.512888160656553
1682,16.82,6.0408523718258,6.512698598166311
1683,16.830000000000002,6.041352073968635,6.513833164868178
1684,16.84,6.043661356127505,6.513270403537221
1685,16.85,6.042184780329275,6.514366747208155
1686,16.86,6.041061288495805,6.516043222078471
1687,16.87,6.044668164976451,6.512711139932354
1688,16.88,6.043461298550687,6.51349141328791
1689,16.89,6.040490824916933,6.513437573205665
1690,16.9,6.043172706535746,6.514192570783615
1691,16.91,6.043952411440919,6.512397125813698
1692,16.92,6.040600077111131,6.514262307819737
1693,16.93,6.041635558774898,6.512527321322192
1694,16.94,6.044292499922548,6.513046749795303
1695,16.95,6.043291333766461,6.513037066028281
1696,16.96,6.044333498030664,6.512451855086162
1697,16.97,6.044076059429825,6.513427028973971
1698,16.98,6.043322279151054,6.513735004976322
1699,16.990000000000002,6.0416584538604114,6.512950694728703
1700,17.0,6.042569702841009,6.513016271482922
1701,17.01,6.040900841880108,6.513534166571143
1702,17.02,6.043401205535878,6.512074865635969
1703,17.03,6.042915501857719,6.514073538969252
1704,17.04,6.043548324659702,6.512282680947688
1705,17.05,6.04450415402341,6.513453982018581
1706,17.06,6.04287635828254,6.512680022937367
1707,17.07,6.045763682156875,6.5121599621081705
1708,17.080000000000002,6.0466114379322455,6.512876640695239
1709,17.09,6.044562620036828,6.512983152369659
1710,17.1,6.045368161490256,6.513326911783808
1711,17.11,6.045293670881048,6.512759030270837
1712,17.12,6.043286526552446,6.512141680546779
1713,17.13,6.0439564929272915,6.51265034081829
1714,17.14,6.046361708482799,6.513248112099582
1715,17.150000000000002,6.044569224759059,6.513063122076349
1716,17.16,6.044257491834241,6.512334233071137
1717,17.17,6.045552834627922,6.511149264601196
1718,17.18,6.045884076529178,6.513441002208106
1719,17.19,6.046197249701373,6.5121068841948375
1720,17.2,6.044911997452299,6.512910080793951
1721,17.21,6.045635896238911,6.5125700661509365
1722,17.22,6.046261014538503,6.511409178593642
1723,17.23,6.0468078292059335,6.51307288914861
1724,17.240000000000002,6.0470560246612575,6.51142580262796
1725,17.25,6.046015018583655,6.51315993317524
1726,17.26,6.047631977541296,6.512794415246774
1727,17.27,6.047481123050475,6.51251322227319
1728,17.28,6.047488979561168,6.511153791297334
1729,17.29,6.045601620799027,6.513280729210529
1730,17.3,6.045730351246446,6.5126861665832685
1731,17.31,6.046486332327937,6.513209047819996
1732,17.32,6.047751670598069,6.513503794178474
1733,17.330000000000002,6.0469702142869215,6.512277750483812
1734,17.34,6.0461115613820535,6.513162127398864
1735,17.35,6.047654941599006,6.512213131084358
1736,17.36,6.048174568815451,6.513253534239636
1737,17.37,6.0478132332965036,6.51307559958363
1738,17.38,6.0514588471376545,6.5141602685167825
1739,17.39,6.047462212613826,6.512627922401254
1740,17.400000000000002,6.049672568573871,6.513353823447229
1741,17.41,6.049031886203625,6.512813894974465
1742,17.42,6.047626546022748,6.511846933899926
1743,17.43,6.047640112464978,6.513671633879784
1744,17.44,6.0493351061307115,6.512575757188939
1745,17.45,6.047464288158732,6.512367810321235
1746,17.46,6.051080220731646,6.51304026099413
1747,17.47,6.049485358988338,6.513284242945362
1748,17.48,6.04892167935948,6.511638791478264
1749,17.490000000000002,6.04992297245927,6.513806260386915
1750,17.5,6.049919313276031,6.512952643865258
1751,17.51,6.049159674477243,6.513237138418564
1752,17.52,6.05095874603164,6.512368002607249
1753,17.53,6.05081877394953,6.51253626057481
1754,17.54,6.051364636428158,6.511550941713468
1755,17.55,6.05043865700511,6.5121542028627815
1756,17.56,6.050416266882447,6.511244360505836
1757,17.57,6.051493292546485,6.51363912307719
1758,17.580000000000002,6.051079429032495,6.513057351048592
1759,17.59,6.051583874755518,6.512476814549798
1760,17.6,6.049851072671793,6.513538111778257
1761,17.61,6.0505791964199815,6.513418653871004
1762,17.62,6.050977162017374,6.51414623014533
1763,17.63,6.050368732456266,6.512787590399033
1764,17.64,6.050841413121395,6.512353792900915
1765,17.650000000000002,6.050229874686667,6.5119932663962805
1766,17.66,6.0501627847766235,6.5121320952603075
1767,17.67,6.052105217354125,6.511778788099222
1768,17.68,6.050729451779228,6.512988404710779
1769,17.69,6.05288811629147,6.513204986410979
1770,17.7,6.052792518625755,6.513442852767574
1771,17.71,6.052766513727476,6.511944495532537
1772,17.72,6.053074555054483,6.512120890545502
1773,17.73,6.052545925241208,6.511486830304677
1774,17.740000000000002,6.051931970556427,6.513512425307509
1775,17.75,6.052336118123673,6.513437428505427
1776,17.76,6.052684166155745,6.5120145882983635
1777,17.77,6.051054380745508,6.511710041553208
1778,17.78,6.054064512662542,6.511731532211516
1779,17.79,6.052641165702272,6.511252213097218
1780,17.8,6.052701618319367,6.513591438863633
1781,17.81,6.053156586900711,6.512233167797119
1782,17.82,6.050880192489141,6.512617344652302
1783,17.830000000000002,6.054820691219977,6.512461977302736
1784,17.84,6.052884272005688,6.512547227601833
1785,17.85,6.0541768427747895,6.511369281304383
1786,17.86,6.0517281470208,6.512601595360506
1787,17.87,6.053463891820688,6.512559984223166
1788,17.88,6.051694180923426,6.512914995432224
1789,17.89,6.054595560391552,6.513063955420834
1790,17.900000000000002,6.055654982706588,6.511672631720447
1791,17.91,6.055358249676941,6.51305974689774
1792,17.92,6.055271005508029,6.510701196567086
1793,17.93,6.055756382987006,6.511602151670241
1794,17.94,6.053143446488588,6.513667060316921
1795,17.95,6.0537759259235795,6.51362121349119
1796,17.96,6.055448756224974,6.5128574662033705
1797,17.97,6.053982263590159,6.511965864652822
1798,17.98,6.05434892605536,6.511573038100273
1799,17.990000000000002,6.053173371867424,6.513261201440814
1800,18.0,6.05444159850652,6.513087067419982
1801,18.01,6.055169123938886,6.513622038751055
1802,18.02,6.054755200404972,6.5128229190193965
1803,18.03,6.05483249082622,6.512144747697322
1804,18.04,6.056553937921704,6.512438707265563
1805,18.05,6.0568184071525035,6.512436771873788
1806,18.06,6.054789192153058,6.511225991878303
1807,18.07,6.056714840579799,6.510945011170277
1808,18.080000000000002,6.056869029780578,6.5118899049237795
1809,18.09,6.055317105591491,6.51270677432172
1810,18.1,6.057327728850487,6.512965379100061
1811,18.11,6.055759227361757,6.512700874306423
1812,18.12,6.056776458133525,6.512447658030597
1813,18.13,6.055500073851653,6.512433338996028
1814,18.14,6.055361256384167,6.512834326015315
1815,18.150000000000002,6.054706554446322,6.512022473547413
1816,18.16,6.057966358919896,6.510912471170931
1817,18.17,6.056511844152961,6.512487275041428
1818,18.18,6.0552671982210935,6.5117619619251315
1819,18.19,6.057667051962486,6.51201296121093
1820,18.2,6.05791484334388,6.510943234570166
1821,18.21,6.057718502073393,6.5114556767715035
1822,18.22,6.0581703857903255,6.511964860505755
1823,18.23,6.056633856348369,6.510633773003637
1824,18.240000000000002,6.056244169665195,6.511901052623921
1825,18.25,6.056790274562329,6.512199822134305
1826,18.26,6.058768892564204,6.511700544860514
1827,18.27,6.058799378015011,6.512136815246787
1828,18.28,6.058503537734964,6.51082339532239
1829,18.29,6.057185499843231,6.512190736836909
1830,18.3,6.05648944144871,6.51130848198296
1831,18.31,6.0565650148455115,6.512677918074779
1832,18.32,6.0572036129860685,6.51076715775649
1833,18.330000000000002,6.059109141191826,6.511598629221821
1834,18.34,6.057755519483128,6.5116019771126075
1835,18.35,6.057608444998257,6.510209318569025
1836,18.36,6.057923001174748,6.510384071173492
1837,18.37,6.058703797188496,6.5106604616961326
1838,18.38,6.057586501365915,6.51018154516084
1839,18.39,6.0584592812043345,6.511490441329934
1840,18.400000000000002,6.05788644693728,6.511471750469753
1841,18.41,6.057550189190843,6.5108941714545
1842,18.42,6.057489138560023,6.511244729711158
1843,18.43,6.058940369633097,6.511468004781935
1844,18.44,6.0584115324854455,6.510207979791795
1845,18.45,6.0577979937702615,6.510720078198031
1846,18.46,6.058853431632013,6.510872858233763
1847,18.47,6.0588617132352764,6.511519852652382
1848,18.48,6.058618061468629,6.509991035061646
1849,18.490000000000002,6.05959492585071,6.510536528935342
1850,18.5,6.057193147802634,6.509281952305133
1851,18.51,6.058906746304405,6.510584144058825
1852,18.52,6.058392139228994,6.509237233829904
1853,18.53,6.059805206172476,6.510187673571691
1854,18.54,6.059858272051532,6.5090714289249
1855,18.55,6.059882927516744,6.509144806546048
1856,18.56,6.059414833027527,6.50989529009345
1857,18.57,6.058460800862394,6.509128598464833
1858,18.580000000000002,6.060017756481252,6.509226559640438
1859,18.59,6.060024107914213,6.510097516823053
1860,18.6,6.060478316894119,6.510282548572177
1861,18.61,6.057862468777475,6.509192117530114
1862,18.62,6.055346746850941,6.509469360526382
1863,18.63,6.058069795712549,6.508879973282024
1864,18.64,6.0596672033182495,6.509130481536693
1865,18.650000000000002,6.058188768671736,6.508758484823448
1866,18.66,6.060370482664381,6.510383486737837
1867,18.67,6.059409460722079,6.509928909679923
1868,18.68,6.058370295076382,6.508286216601055
1869,18.69,6.060269454621589,6.508769614589358
1870,18.7,6.059998310512852,6.5090128482806415
1871,18.71,6.060267435475399,6.508840746190205
1872,18.72,6.059223986911088,6.5088149087338705
1873,18.73,6.060764945030209,6.507822129221565
1874,18.740000000000002,6.05837812530374,6.508923850115461
1875,18.75,6.06019711887988,6.508482488942975
1876,18.76,6.061859367014256,6.510449776577798
1877,18.77,6.060717213739986,6.508425477326296
1878,18.78,6.060809383677058,6.507919959879815
1879,18.79,6.0596734442851465,6.506852486153107
1880,18.8,6.059732406154901,6.509470727091232
1881,18.81,6.060296289037579,6.508590974734164
1882,18.82,6.062784119650175,6.507145218368227
1883,18.830000000000002,6.060660344339534,6.507626931655545
1884,18.84,6.060926684735642,6.5056583341523675
1885,18.85,6.060349112896522,6.50877979712724
1886,18.86,6.061064974600921,6.507291094699128
1887,18.87,6.060992651650767,6.508318947954845
1888,18.88,6.059962522975584,6.508128328754676
1889,18.89,6.058701106619962,6.506923939979014
1890,18.900000000000002,6.061648033870028,6.507785652530205
1891,18.91,6.060861586297007,6.507377296968209
1892,18.92,6.060146980782942,6.507335225790477
1893,18.93,6.058890082513867,6.506957212443762
1894,18.94,6.06042819370459,6.506221717915875
1895,18.95,6.059467214348949,6.50639574662097
1896,18.96,6.060802519161136,6.5060211340843495
1897,18.97,6.0616210705702045,6.506662453666011
1898,18.98,6.058957164710456,6.506472565077099
1899,18.990000000000002,6.061752622903626,6.506454316639296
1900,19.0,6.0623490917381915,6.5064868456808655
1901,19.01,6.060524349976001,6.50552867531734
1902,19.02,6.059803249391091,6.5047534744569075
1903,19.03,6.060471044950047,6.506555001022172
1904,19.04,6.0605852818618065,6.505799722351286
1905,19.05,6.062266347024857,6.505876592804443
1906,19.06,6.062908477167233,6.505590153254339
1907,19.07,6.0613313475148365,6.506321005534803
1908,19.080000000000002,6.061915673314043,6.505624650418922
1909,19.09,6.060429146739788,6.504671548596712
1910,19.1,6.059713973827423,6.504665111317014
1911,19.11,6.061431890719947,6.505232236769627
1912,19.12,6.061795607191769,6.504336761645747
1913,19.13,6.059716098025864,6.505213798028747
1914,19.14,6.059716987952446,6.505233795823055
1915,19.150000000000002,6.060475685859734,6.505395364069168
1916,19.16,6.060134728492993,6.5060362802682015
1917,19.17,6.061802620289986,6.503991109520878
1918,19.18,6.059598760397917,6.504275762214692
1919,19.19,6.062388286911265,6.506015438122099
1920,19.2,6.062343779760236,6.504848582253241
1921,19.21,6.060122453850086,6.50417072642278
1922,19.22,6.059667923382208,6.50403650881805
1923,19.23,6.0612910587403865,6.504576988339057
1924,19.240000000000002,6.061167621619271,6.505076691247395
1925,19.25,6.059400299153631,6.503752508999848
1926,19.26,6.059520667091526,6.5050697115209815
1927,19.27,6.0605450141146635,6.503959409721262
1928,19.28,6.0601040985264545,6.503138897846558
1929,19.29,6.059814151826649,6.503065559722595
1930,19.3,6.061932541930502,6.503983718920337
1931,19.31,6.061204696016999,6.503076077737907
1932,19.32,6.060460189920809,6.503641004011567
1933,19.330000000000002,6.061168069999079,6.501474122750037
1934,19.34,6.062463011995884,6.504014947777872
1935,19.35,6.057543868952853,6.503396898086389
1936,19.36,6.061375210311388,6.501270392437687
1937,19.37,6.0617921353390605,6.502300965727989
1938,19.38,6.061210469993537,6.503158894362168
1939,19.39,6.0606366653211765,6.502649180040956
1940,19.400000000000002,6.0618182785668075,6.5015102925142445
1941,19.41,6.059712941031709,6.50188640762326
1942,19.42,6.059883608529147,6.503055227373497
1943,19.43,6.061286981908842,6.502838602866208
1944,19.44,6.060639450949182,6.50026262229026
1945,19.45,6.063118097095924,6.502651322638922
1946,19.46,6.060865142281848,6.501351974391352
1947,19.47,6.0601184852063925,6.501904567989103
1948,19.48,6.061620808251913,6.50162975222694
1949,19.490000000000002,6.06072785847207,6.500945525636426
1950,19.5,6.060808260998069,6.501120767271535
1951,19.51,6.062742504400988,6.501379720420954
1952,19.52,6.061743303245146,6.500278541568639
1953,19.53,6.060690133327171,6.500753774517857
1954,19.54,6.059842046089197,6.50158641072098
1955,19.55,6.06121321699626,6.500615592698926
1956,19.56,6.0604024065703515,6.5016029522168965
1957,19.57,6.062076661574469,6.501093918518753
1958,19.580000000000002,6.060249603344373,6.501095310137758
1959,19.59,6.060081507801153,6.501385713482012
1960,19.6,6.062023831414289,6.5006697907789155
1961,19.61,6.06253253035154,6.502092763800376
1962,19.62,6.06163498093244,6.500390598775187
1963,19.63,6.060943611185754,6.500312125241694
1964,19.64,6.060947526494104,6.499947738335806
1965,19.650000000000002,6.062276331953776,6.498608228545332
1966,19.66,6.0607768727659455,6.499609472739693
1967,19.67,6.060122542416634,6.499254323933912
1968,19.68,6.0613047211262225,6.501608653428149
1969,19.69,6.06161505935966,6.4999621185470735
1970,19.7,6.061041392961425,6.499602093549385
1971,19.71,6.061539923917871,6.498861004492798
1972,19.72,6.0591497207221146,6.498342029179364
1973,19.73,6.060366063728668,6.4987232752107875
1974,19.740000000000002,6.062077612428937,6.497925491171959
1975,19.75,6.060087268730734,6.49953938857893
1976,19.76,6.061368983695034,6.498394673473105
1977,19.77,6.061806524999538,6.497453029235615
1978,19.78,6.061954189116747,6.499238012290277
1979,19.79,6.062455627374849,6.499114698737949
1980,19.8,6.0621280983938775,6.499676359847197
1981,19.81,6.062491760131137,6.498651018175103
1982,19.82,6.061744803432802,6.498764414996256
1983,19.830000000000002,6.060460205196008,6.499608936577951
1984,19.84,6.0627104831913785,6.4980808445266405
1985,19.85,6.060996502133825,6.498149780663424
1986,19.86,6.062375145724909,6.499128720348695
1987,19.87,6.060672769218874,6.4983400335488914
1988,19.88,6.062298338954231,6.498336888095083
1989,19.89,6.060953027661954,6.498354556828333
1990,19.900000000000002,6.060590833957688,6.498296665146557
1991,19.91,6.061964079464521,6.4979740254100085
1992,19.92,6.061905823647822,6.4976413192618425
1993,19.93,6.061925533773138,6.498629395129339
1994,19.94,6.0610014606331575,6.4978512018886345
1995,19.95,6.060075747244466,6.498025973785044
1996,19.96,6.061441385469839,6.49706224493475
1997,19.97,6.062186260068295,6.498859315097046
1998,19.98,6.060304331681257,6.497788594862727
1999,19.990000000000002,6.060773417857015,6.497975373578764
2000,20.0,6.062826515031426,6.496928795506305
2001,20.01,6.061282627392614,6.49634782567187
2002,20.02,6.062351805063147,6.498554485800177
2003,20.03,6.062970797464194,6.4974841479747045
2004,20.04,6.061820689182319,6.496583659469897
2005,20.05,6.061181479865085,6.496267283172017
2006,20.06,6.061439600783177,6.4979596498185765
2007,20.07,6.062657950862452,6.4977203357205235
2008,20.080000000000002,6.061686094339366,6.496572049705451
2009,20.09,6.063276995616833,6.496918791696452
2010,20.1,6.0625503419940046,6.495477272933678
2011,20.11,6.062256786389419,6.495884425208862
2012,20.12,6.062635481983677,6.495732295342042
2013,20.13,6.063156536787865,6.497189540159488
2014,20.14,6.061848014733624,6.496489032535922
2015,20.150000000000002,6.062951083249225,6.496648118993871
2016,20.16,6.062548578065369,6.497611369054226
2017,20.17,6.063413676707963,6.496395252602023
2018,20.18,6.063750000682654,6.497141176755022
2019,20.19,6.063625913516937,6.49685912432822
2020,20.2,6.064932047780722,6.496609865242603
2021,20.21,6.062617953268866,6.498044420807614
2022,20.22,6.065773561484762,6.49690733455125
2023,20.23,6.064573679816715,6.4970933000519775
2024,20.240000000000002,6.063923294172756,6.496874174170851
2025,20.25,6.065108517125011,6.49753073408809
2026,20.26,6.064619299179689,6.496848545614936
2027,20.27,6.065297110936753,6.495531503476049
2028,20.28,6.063100796745208,6.496174328137051
2029,20.29,6.0637589965951255,6.496516159893999
2030,20.3,6.063811596013381,6.496048395202065
2031,20.31,6.066263489259399,6.49553433527635
2032,20.32,6.063079668927758,6.4963853371882
2033,20.330000000000002,6.064186680389204,6.496513965484408
2034,20.34,6.064772608261842,6.496459837902105
2035,20.35,6.065632887077917,6.497427926309906
2036,20.36,6.063705128786281,6.49690417044139
2037,20.37,6.06512159579242,6.4958461482441745
2038,20.38,6.064690719200362,6.4962487760718854
2039,20.39,6.064703188049916,6.496990317280793
2040,20.400000000000002,6.065781177796578,6.496032284958034
2041,20.41,6.065673928958367,6.497099846868296
2042,20.42,6.066319757251427,6.495798636547163
2043,20.43,6.065617570254249,6.496140368420443
2044,20.44,6.066618910958833,6.495182336310751
2045,20.45,6.0672666406816935,6.496535436636228
2046,20.46,6.0685712029120085,6.498031657831699
2047,20.47,6.065482073604264,6.49622406750916
2048,20.48,6.065639144494119,6.496599458563224
2049,20.490000000000002,6.065747742874356,6.495672883667171
2050,20.5,6.065625963406456,6.495855680043679
2051,20.51,6.065684928822322,6.496030345658576
2052,20.52,6.0657578529016725,6.496594043684012
2053,20.53,6.067630196750362,6.497833275976163
2054,20.54,6.0635472424160035,6.496479168631294
2055,20.55,6.067322240902275,6.494739478702971
2056,20.56,6.067148277345772,6.496135622483611
2057,20.57,6.065512696493589,6.496582879872524
2058,20.580000000000002,6.0680344883231125,6.496266155444289
2059,20.59,6.0657542363035635,6.496163107145394
2060,20.6,6.0676740189738485,6.495763305656418
2061,20.61,6.067505701610748,6.495596924035879
2062,20.62,6.068094415947582,6.496060053907246
2063,20.63,6.068155054850147,6.496514101615696
2064,20.64,6.0682770624255715,6.497474260340739
2065,20.650000000000002,6.067147427515497,6.496005477252146
2066,20.66,6.067703389796172,6.49565091629148
2067,20.67,6.069020776180815,6.496422004353707
2068,20.68,6.0670528274506434,6.496709809980493
2069,20.69,6.068090235893884,6.496037280317067
2070,20.7,6.068975560179522,6.49726910493068
2071,20.71,6.068691086856579,6.496680344330402
2072,20.72,6.065868344163091,6.497235130960625
2073,20.73,6.068516006120654,6.495835294828892
2074,20.740000000000002,6.068919455639092,6.495978128461782
2075,20.75,6.068522483447664,6.496800321775328
2076,20.76,6.069439520797678,6.496761591940198
2077,20.77,6.068614904542726,6.496144711291635
2078,20.78,6.070001583720117,6.496797392797069
2079,20.79,6.068454690007363,6.496616195592284
2080,20.8,6.071842751361673,6.495458581549236
2081,20.81,6.067548212530083,6.496351532559135
2082,20.82,6.070302320098685,6.495390493758868
2083,20.830000000000002,6.069525253520535,6.495593520803233
2084,20.84,6.07030361947371,6.495893096196927
2085,20.85,6.068151417528888,6.495893524179999
2086,20.86,6.070399580501283,6.495832388218201
2087,20.87,6.069241681419573,6.496645279719933
2088,20.88,6.071467921331211,6.49531863639892
2089,20.89,6.069198324488418,6.495505855804357
2090,20.900000000000002,6.072020719544621,6.49606359594573
2091,20.91,6.068521771256432,6.4944347646060505
2092,20.92,6.068410059885482,6.495502637250505
2093,20.93,6.068489111676934,6.4957982778962675
2094,20.94,6.07070752666958,6.497401228347896
2095,20.95,6.071480316677443,6.496784168446085
2096,20.96,6.068807926741463,6.4962506459176055
2097,20.97,6.070324022685517,6.496832023099427
2098,20.98,6.070520030747481,6.495653864011544
2099,20.990000000000002,6.070645160977568,6.496107493069197
2100,21.0,6.069989863229463,6.496088516042267
2101,21.01,6.071216522555695,6.49529141449982
2102,21.02,6.070394616057395,6.496672996853058
2103,21.03,6.0701894405370025,6.496086883848247
2104,21.04,6.070574586210643,6.495969486561965
2105,21.05,6.073804443643927,6.496907894089319
2106,21.06,6.071043527934778,6.4952148561801835
2107,21.07,6.071006374733886,6.495247430587514
2108,21.080000000000002,6.071404039705054,6.49666072918113
2109,21.09,6.0701728668849615,6.494886371471847
2110,21.1,6.072543751599777,6.496940202452612
2111,21.11,6.071403768939858,6.496430254839351
2112,21.12,6.071926489673291,6.497292834099506
2113,21.13,6.072153824545447,6.49566912967928
2114,21.14,6.073655644014493,6.497009215236046
2115,21.150000000000002,6.070151491926698,6.495358562412582
2116,21.16,6.06907211134664,6.4953895976467315
2117,21.17,6.072365436886157,6.495072759795601
2118,21.18,6.073829291623948,6.496730045038119
2119,21.19,6.072063611855351,6.495859687180963
2120,21.2,6.0695310625471866,6.493370199934529
2121,21.21,6.072090733294401,6.494678570851196
2122,21.22,6.071855380217022,6.495668535922865
2123,21.23,6.072129826828916,6.494358952222883
2124,21.240000000000002,6.0733798390395055,6.496199330875461
2125,21.25,6.072047579169709,6.4945379463615325
2126,21.26,6.072623114014667,6.496263542140829
2127,21.27,6.072752902569835,6.494911135696535
2128,21.28,6.072787265761516,6.496523716613838
2129,21.29,6.073103773170501,6.495927474254522
2130,21.3,6.0724102094156125,6.496145383452304
2131,21.31,6.0735116851815,6.496087660703088
2132,21.32,6.07267950684381,6.495629003720618
2133,21.330000000000002,6.073814142062914,6.494738694563316
2134,21.34,6.070563661949668,6.494230000859773
2135,21.35,6.071841207325159,6.494357574358786
2136,21.36,6.074153170367717,6.49479668174809
2137,21.37,6.07344830359766,6.494131128994932
2138,21.38,6.074933393929809,6.4955862427854925
2139,21.39,6.075386951490884,6.494781515223693
2140,21.400000000000002,6.074337707375168,6.493397518972382
2141,21.41,6.0718464548721105,6.495133243328976
2142,21.42,6.07240677989988,6.495453265331856
2143,21.43,6.074108367589572,6.495136597051924
2144,21.44,6.072423848727829,6.495437534525511
2145,21.45,6.07456196559221,6.49341166809017
2146,21.46,6.0738272473606445,6.494133059680544
2147,21.47,6.0729383699255175,6.49499486326616
2148,21.48,6.074023870002859,6.49304658506693
2149,21.490000000000002,6.07261937212551,6.494637118357607
2150,21.5,6.073125539177156,6.494202516341784
2151,21.51,6.074575408032516,6.4939121911641084
2152,21.52,6.072398262643574,6.493962065525899
2153,21.53,6.075383674407381,6.493993250522381
2154,21.54,6.074728732337466,6.493850060569263
2155,21.55,6.072902160461162,6.493596356124595
2156,21.56,6.072275495539712,6.4934002414016
2157,21.57,6.071863253472234,6.493958846314766
2158,21.580000000000002,6.07461762677145,6.494990068593373
2159,21.59,6.076690772845047,6.493251320349123
2160,21.6,6.076763635325322,6.493038540061507
2161,21.61,6.074775090700328,6.494442159927715
2162,21.62,6.073845380936026,6.493244691330972
2163,21.63,6.075246280976505,6.493708774226469
2164,21.64,6.074251016830663,6.492908078451032
2165,21.650000000000002,6.074195103677683,6.4931639555831655
2166,21.66,6.074610522911456,6.49347303759926
2167,21.67,6.072849655741363,6.492804672469571
2168,21.68,6.073078654649479,6.493905966625049
2169,21.69,6.073344850183307,6.494265055147049
2170,21.7,6.076782509321995,6.494171925566653
2171,21.71,6.0766053882335616,6.493081410607301
2172,21.72,6.0748707408195015,6.493460518684171
2173,21.73,6.074447836201626,6.492714964849587
2174,21.740000000000002,6.074843159190436,6.492267634214279
2175,21.75,6.076340763547864,6.493296758539019
2176,21.76,6.074320964051931,6.493854723463083
2177,21.77,6.075312074769989,6.493511056240116
2178,21.78,6.074377995397963,6.493570193417747
2179,21.79,6.076516514781155,6.493375732282965
2180,21.8,6.074465235996606,6.492965477737125
2181,21.81,6.0747629562335925,6.492991011482093
2182,21.82,6.073177945345137,6.493160196809788
2183,21.830000000000002,6.077012115197664,6.493000892447659
2184,21.84,6.075947866192295,6.4923208746000185
2185,21.85,6.0746397694470735,6.492912200357631
2186,21.86,6.07356430731205,6.493730302005932
2187,21.87,6.074971834654325,6.492177167839687
2188,21.88,6.073721689081924,6.491701120206999
2189,21.89,6.074508013002546,6.492189156918481
2190,21.900000000000002,6.076360907746782,6.4915675405531985
2191,21.91,6.075202373070287,6.49307172197884
2192,21.92,6.074878304604732,6.493103746542105
2193,21.93,6.074283532956882,6.492709417023019
2194,21.94,6.077006944124467,6.491951393322125
2195,21.95,6.076756780810208,6.492256594557856
2196,21.96,6.075542888642905,6.49148335582951
2197,21.97,6.075450776138778,6.493474068998345
2198,21.98,6.07547183454171,6.4906948619978735
2199,21.990000000000002,6.075896712767202,6.491659506136006
2200,22.0,6.0763048576057646,6.4913903031731195
2201,22.01,6.074260314675202,6.49258713374528
2202,22.02,6.075708733918037,6.4912312820251
2203,22.03,6.076117339122229,6.49058246816044
2204,22.04,6.0759248898691345,6.492301849533654
2205,22.05,6.0746559941021445,6.491653975151167
2206,22.06,6.075895184369027,6.491337938560827
2207,22.07,6.076791891903839,6.491439100985046
2208,22.080000000000002,6.076590022657223,6.491577268250929
2209,22.09,6.076962350142892,6.491583038393167
2210,22.1,6.074185087468715,6.491144433324497
2211,22.11,6.076652947814525,6.489895038556744
2212,22.12,6.07373809220155,6.49055353449595
2213,22.13,6.076993237493694,6.489796643892519
2214,22.14,6.076261394389151,6.4901027724909275
2215,22.150000000000002,6.076039918620485,6.490857101823005
2216,22.16,6.0776602537219055,6.49034626095821
2217,22.17,6.076780331103237,6.4914342933781946
2218,22.18,6.077631471044141,6.490759212298688
2219,22.19,6.076099072573409,6.4902774349227474
2220,22.2,6.076821023155372,6.491324623551536
2221,22.21,6.077266111122955,6.489292913059272
2222,22.22,6.07470001228924,6.489749496030019
2223,22.23,6.077269885947127,6.491841928688314
2224,22.240000000000002,6.077204976796849,6.491691672013147
2225,22.25,6.076727593874617,6.489702446144655
2226,22.26,6.076973444049607,6.489951174984875
2227,22.27,6.076006241157473,6.489452013453765
2228,22.28,6.074943748707724,6.4893778446182795
2229,22.29,6.076296369026102,6.489740858595771
2230,22.3,6.07671932773133,6.490064800903737
2231,22.31,6.076194053951274,6.490090188689622
2232,22.32,6.076896863657228,6.489147933882424
2233,22.330000000000002,6.0765209255193025,6.489524918637274
2234,22.34,6.076575101448026,6.489919837628588
2235,22.35,6.075209495374258,6.4895412998721556
2236,22.36,6.0766103848881174,6.489995040368864
2237,22.37,6.076124715676671,6.487009532716051
2238,22.38,6.0774200263362115,6.487866056931412
2239,22.39,6.077537512019392,6.487812827821886
2240,22.400000000000002,6.074864633364781,6.488715244157849
2241,22.41,6.0771235424275565,6.4879127544613535
2242,22.42,6.076359083052654,6.48946348824977
2243,22.43,6.076674930636197,6.489377021866501
2244,22.44,6.0773524638208585,6.486850521427035
2245,22.45,6.077978692777155,6.4883412428949665
2246,22.46,6.077122888949204,6.488627008985876
2247,22.47,6.076656590806058,6.488490995835984
2248,22.48,6.076658564502882,6.487718569594914
2249,22.490000000000002,6.0768547924102565,6.488306654303437
2250,22.5,6.0770860643548215,6.488961032386803
2251,22.51,6.077003821011096,6.486744502558099
2252,22.52,6.074627368788646,6.487655054683855
2253,22.53,6.076510707990059,6.486511304039285
2254,22.54,6.07649622605558,6.488066762799579
2255,22.55,6.07616426350067,6.486762605847292
2256,22.56,6.074978912570491,6.488222614415593
2257,22.57,6.075678868079792,6.485867242346658
2258,22.580000000000002,6.074395796696799,6.486951686444952
2259,22.59,6.075825573626598,6.487655266932041
2260,22.6,6.077158399420341,6.487360495535168
2261,22.61,6.077458096525663,6.487541457678556
2262,22.62,6.076725671113544,6.487401022643523
2263,22.63,6.076120040407978,6.486961990777576
2264,22.64,6.076222200722594,6.487925286647446
2265,22.650000000000002,6.074794598435012,6.486711468725848
2266,22.66,6.077341740794222,6.486209263386261
2267,22.67,6.07565118220601,6.486169856479225
2268,22.68,6.076544580270258,6.486894589344158
2269,22.69,6.075872016877412,6.487313158631783
2270,22.7,6.0761304005626915,6.486275844263059
2271,22.71,6.076590364057181,6.48615891033845
2272,22.72,6.076704583699821,6.485947912092683
2273,22.73,6.077340085292209,6.485609080604756
2274,22.740000000000002,6.074098904181162,6.486990917453262
2275,22.75,6.07644057929457,6.486281134763023
2276,22.76,6.076089508322409,6.485402300858481
2277,22.77,6.076739441296978,6.485347031402925
2278,22.78,6.075978446826093,6.486249612489394
2279,22.79,6.076499398469237,6.485129449823413
2280,22.8,6.077417904214991,6.486837036312582
2281,22.81,6.077948441072357,6.485563799594554
2282,22.82,6.075713419652148,6.485916333213178
2283,22.830000000000002,6.077940010239764,6.486638538049384
2284,22.84,6.078264561966827,6.485094230627952
2285,22.85,6.076882264343858,6.485955472658763
2286,22.86,6.077530502474121,6.485697287971883
2287,22.87,6.07662751740074,6.485593667603613
2288,22.88,6.07739018683098,6.484979063852333
2289,22.89,6.077247748406615,6.484674046117611
2290,22.900000000000002,6.078696080454571,6.485121474864684
2291,22.91,6.077462401363625,6.483621636412324
2292,22.92,6.077295620203857,6.4852758888525175
2293,22.93,6.0781760893381325,6.485285135921151
2294,22.94,6.077146666680669,6.485236513476009
2295,22.95,6.079076332713409,6.484824426604375
2296,22.96,6.077369346920571,6.484475844936646
2297,22.97,6.076159746034336,6.485067061588968
2298,22.98,6.0767825383283025,6.486312848747111
2299,22.990000000000002,6.07872380854121,6.485172674339302
2300,23.0,6.078779000188096,6.484913029711199
2301,23.01,6.07876179218419,6.485793767048127
2302,23.02,6.07827282928929,6.48471984008867
2303,23.03,6.076928388426439,6.48541673830127
2304,23.04,6.077343527227821,6.485421736016164
2305,23.05,6.079312018673737,6.483896043895698
2306,23.06,6.079638758801872,6.48397897957895
2307,23.07,6.07815144910197,6.485028692416801
2308,23.080000000000002,6.076187354641397,6.484185511345988
2309,23.09,6.0793528270723,6.4843983293932315
2310,23.1,6.077357721488729,6.483980064490268
2311,23.11,6.076478219074048,6.485121198247206
2312,23.12,6.079171356127445,6.484421228175076
2313,23.13,6.076792316325221,6.485205716153782
2314,23.14,6.078666900755413,6.485798121178488
2315,23.150000000000002,6.077126194274098,6.4838469931789255
2316,23.16,6.078751068714467,6.484501335564708
2317,23.17,6.078823864995931,6.484479818593846
2318,23.18,6.078913144845428,6.4844648589228715
2319,23.19,6.076225542375548,6.483690779618973
2320,23.2,6.078619647316872,6.484220937386749
2321,23.21,6.078540058542651,6.48441631212116
2322,23.22,6.077501077244409,6.484508384979319
2323,23.23,6.077158805618127,6.483290576399158
2324,23.240000000000002,6.0779200788426655,6.4840470319156625
2325,23.25,6.078191470095225,6.484606765627605
2326,23.26,6.07808763952883,6.483784905389792
2327,23.27,6.077967001754682,6.483680969489608
2328,23.28,6.078623147416458,6.483097848902821
2329,23.29,6.079211494930111,6.483210642896218
2330,23.3,6.079246323352191,6.483458377546836
2331,23.31,6.077873147492177,6.4827658458827315
2332,23.32,6.078499713452325,6.483781872704219
2333,23.330000000000002,6.078019567243168,6.482763540078614
2334,23.34,6.079352840046111,6.48346809126473
2335,23.35,6.078312350582102,6.484201821504695
2336,23.36,6.078828615956096,6.484001659101553
2337,23.37,6.07825679615011,6.483685038756955
2338,23.38,6.079308419886892,6.484586110189036
2339,23.39,6.079733000731007,6.482934717454486
2340,23.400000000000002,6.077142967947447,6.483941914551169
2341,23.41,6.080569509676949,6.484809107458999
2342,23.42,6.081101576696911,6.484179316345675
2343,23.43,6.079032794996741,6.482812542019409
2344,23.44,6.081379615205619,6.483931595192373
2345,23.45,6.080449343953501,6.483832651806401
2346,23.46,6.080893364442071,6.484188460293028
2347,23.47,6.080105504808116,6.482355285884329
2348,23.48,6.079031103282726,6.483317625194632
2349,23.490000000000002,6.080548027215675,6.482022332628336
2350,23.5,6.080985273866548,6.483510051218254
2351,23.51,6.079995385811328,6.484273173618969
2352,23.52,6.080843022469909,6.483284158022031
2353,23.53,6.08063668706169,6.482759907556282
2354,23.54,6.079305439278269,6.484004885106167
2355,23.55,6.080012307770595,6.482942737029013
2356,23.56,6.081046808709879,6.483835105389404
2357,23.57,6.081546064172129,6.48331871761475
2358,23.580000000000002,6.0792605974927625,6.483835680677429
2359,23.59,6.082622471901888,6.483901558210037
2360,23.6,6.080677173580837,6.483404766810788
2361,23.61,6.081098184312246,6.484247973488815
2362,23.62,6.080468133085998,6.483633016130656
2363,23.63,6.080504267515299,6.48379019969349
2364,23.64,6.082465296462602,6.483117478219407
2365,23.650000000000002,6.08238636897987,6.484750372406532
2366,23.66,6.082447243441035,6.4840209987471145
2367,23.67,6.08006692577296,6.483962086409293
2368,23.68,6.08099151917683,6.48368184150994
2369,23.69,6.080444290604114,6.4834486146103885
2370,23.7,6.081434853024412,6.482994327476815
2371,23.71,6.079984481584435,6.483395292925472
2372,23.72,6.080795508637025,6.48292561314278
2373,23.73,6.080284138122097,6.482607805226901
2374,23.740000000000002,6.08013568002784,6.483612943264084
2375,23.75,6.081012926182,6.48270153948434
2376,23.76,6.08270892157245,6.484265935727195
2377,23.77,6.081925602303455,6.482051351501361
2378,23.78,6.0822193171177785,6.484198320001232
2379,23.79,6.083145154840978,6.4827423210207975
2380,23.8,6.083303304559715,6.483315064038382
2381,23.81,6.0820314425240785,6.483237254998481
2382,23.82,6.081467372969741,6.484037753850296
2383,23.830000000000002,6.082780552552391,6.484084288932412
2384,23.84,6.081672984649967,6.483163430002207
2385,23.85,6.081244614128593,6.483292232947019
2386,23.86,6.0830499483627385,6.483228599969924
2387,23.87,6.0830881589898524,6.483385039611928
2388,23.88,6.084295512690562,6.4841592833354795
2389,23.89,6.081751866169832,6.483789933912897
2390,23.900000000000002,6.082642349197865,6.482646821849364
2391,23.91,6.082805509175767,6.483175574913067
2392,23.92,6.083829927423955,6.484078068001896
2393,23.93,6.085694054786127,6.482454272765378
2394,23.94,6.083440533354987,6.48597935284279
2395,23.95,6.082513021653618,6.484106857102684
2396,23.96,6.08400267387214,6.48294975697628
2397,23.97,6.083386058823385,6.484443546839025
2398,23.98,6.0829063066101385,6.484494236791215
2399,23.990000000000002,6.084538105326149,6.482633896168274
2400,24.0,6.082429630821203,6.4839339758668535
2401,24.01,6.083076576468181,6.484630098483507
2402,24.02,6.083030519631417,6.482547628396595
2403,24.03,6.08463352886889,6.482851289891968
2404,24.04,6.084918078701612,6.48340739092374
2405,24.05,6.084747872966477,6.482532557237543
2406,24.060000000000002,6.085414172154247,6.484548990464561
2407,24.07,6.084430493473953,6.48226571871407
2408,24.080000000000002,6.084935923398107,6.483050058040597
2409,24.09,6.085751142776224,6.484039382076513
2410,24.1,6.08597701639428,6.482937243564593
2411,24.11,6.08469334802872,6.482754091781113
2412,24.12,6.084039951232509,6.484904532775636
2413,24.13,6.0849017323965,6.483056676882509
2414,24.14,6.085466400329259,6.482630066543856
2415,24.150000000000002,6.084838124175338,6.481593866636087
2416,24.16,6.083415752326373,6.484750094875692
2417,24.17,6.084086346485215,6.482963451054568
2418,24.18,6.084854118858847,6.484210304784742
2419,24.19,6.084405804186458,6.481609585909086
2420,24.2,6.085866929726958,6.483408516175313
2421,24.21,6.084688801468423,6.482029229805426
2422,24.22,6.086257167102334,6.482503175615771
2423,24.23,6.085104143285756,6.482663426512831
2424,24.240000000000002,6.084437179452217,6.482345290225176
2425,24.25,6.083740420017401,6.483926875717706
2426,24.26,6.086079969785625,6.483253160165176
2427,24.27,6.085526481717674,6.484909696127483
2428,24.28,6.086728685636999,6.48277828722745
2429,24.29,6.086734415557272,6.48243015418995
2430,24.3,6.084956079238912,6.4836155877684725
2431,24.310000000000002,6.085162810601543,6.48391045635265
2432,24.32,6.087155655923054,6.482453857987524
2433,24.330000000000002,6.086155050268945,6.4850410348615295
2434,24.34,6.086593466648177,6.4817729977498635
2435,24.35,6.087434917459927,6.483548920892328
2436,24.36,6.087000333159424,6.483019261645419
2437,24.37,6.086768884142081,6.483084513784405
2438,24.38,6.088112520620637,6.483491878491128
2439,24.39,6.0874067420707325,6.483473677385422
2440,24.400000000000002,6.085931396384916,6.483498730046282
2441,24.41,6.086374623049347,6.48214445268323
2442,24.42,6.086981285765367,6.483614028393514
2443,24.43,6.088341231602346,6.482347163136574
2444,24.44,6.0860362109287,6.481968311447215
2445,24.45,6.086596503922064,6.482944829615522
2446,24.46,6.086636205804061,6.483823166065527
2447,24.47,6.0876398233919495,6.480891436447896
2448,24.48,6.087732490502503,6.483343624358592
2449,24.490000000000002,6.087068677699774,6.482920690354505
2450,24.5,6.088209852478195,6.483898529016138
2451,24.51,6.087679603064433,6.482080084857947
2452,24.52,6.088601804360102,6.4822267309319495
2453,24.53,6.0889039718450135,6.482641195246254
2454,24.54,6.08731059933941,6.481300972598859
2455,24.55,6.086899283039199,6.483360691891913
2456,24.560000000000002,6.087685637061749,6.4827794494761255
2457,24.57,6.087573291578599,6.481888726213791
2458,24.580000000000002,6.085837050147213,6.4840417153573435
2459,24.59,6.086481834908303,6.481732635007664
2460,24.6,6.0873354401237725,6.482251539219503
2461,24.61,6.088041150346736,6.482482294404332
2462,24.62,6.088755196936461,6.482893159952273
2463,24.63,6.087249725910623,6.48285887495357
2464,24.64,6.0869661510536055,6.482931561858541
2465,24.650000000000002,6.087267982691093,6.482247840991807
2466,24.66,6.087268271161261,6.4826315103757866
2467,24.67,6.088467705925037,6.48202947821197
2468,24.68,6.0880761554919856,6.482112971456457
2469,24.69,6.087423534834579,6.481364816313043
2470,24.7,6.089403425781079,6.482251774476163
2471,24.71,6.0898334920115955,6.480570707120507
2472,24.72,6.088336219455703,6.482656965796131
2473,24.73,6.088592144276204,6.481808167132329
2474,24.740000000000002,6.087752877922771,6.482816334653313
2475,24.75,6.0879136068252,6.482324330733622
2476,24.76,6.088194806790569,6.481651269231065
2477,24.77,6.089382577569089,6.48183298029317
2478,24.78,6.088247680304774,6.482721177490256
2479,24.79,6.088220108164366,6.482729430385233
2480,24.8,6.088399928593416,6.482384477628525
2481,24.810000000000002,6.091066281349457,6.4807686139375
2482,24.82,6.08831646105015,6.481356175375833
2483,24.830000000000002,6.089185347765692,6.482432753390835
2484,24.84,6.08977913982182,6.482493659245121
2485,24.85,6.088286684288691,6.483087956380916
2486,24.86,6.087681968270504,6.481683592839019
2487,24.87,6.088803759902405,6.481831982142251
2488,24.88,6.089474902288947,6.482680910350466
2489,24.89,6.088704469533414,6.481928167193596
2490,24.900000000000002,6.089845537268472,6.482886006389358
2491,24.91,6.08921955043998,6.4798058824863825
2492,24.92,6.089985317011733,6.4817710300514015
2493,24.93,6.088631636961475,6.481766407032118
2494,24.94,6.089961857098047,6.481848846202537
2495,24.95,6.089561315098677,6.482394128070054
2496,24.96,6.0895546516204675,6.482711581819317
2497,24.97,6.0896586474076875,6.481993945308528
2498,24.98,6.089677541178426,6.481180303052314
2499,24.990000000000002,6.089018322190771,6.48165504623729
2500,25.0,6.089923385640397,6.480833073087644
2501,25.01,6.088632542384442,6.481401598331468
2502,25.02,6.088153576688647,6.480889725641252
2503,25.03,6.088784770852181,6.4805627995898565
2504,25.04,6.089081448786196,6.480072932226957
2505,25.05,6.091395084453463,6.480504056122082
2506,25.060000000000002,6.090457049587824,6.480621230666645
2507,25.07,6.090623486600965,6.480722398733793
2508,25.080000000000002,6.090101853985897,6.481365125444184
2509,25.09,6.09096963239461,6.479805579790887
2510,25.1,6.089898567516557,6.481486967309785
2511,25.11,6.089467295049369,6.4803650039216185
2512,25.12,6.089988200143824,6.482003439113237
2513,25.13,6.0908717325643345,6.479961207780902
2514,25.14,6.090055969607898,6.480954432298971
2515,25.150000000000002,6.08981023749784,6.481466285160138
2516,25.16,6.088525756540684,6.479994780555229
2517,25.17,6.090979808928919,6.479327103450041
2518,25.18,6.091292598185604,6.480541108362981
2519,25.19,6.089405256043618,6.480542227369017
2520,25.2,6.089588545238371,6.480684766082265
2521,25.21,6.090672873764554,6.47899896832085
2522,25.22,6.090575435989547,6.479832321696677
2523,25.23,6.088126774180135,6.480912151065003
2524,25.240000000000002,6.0893036543617685,6.478966726333158
2525,25.25,6.089622891406112,6.47989468570235
2526,25.26,6.089037957788437,6.479898993894549
2527,25.27,6.089144800544961,6.4804255849904
2528,25.28,6.088955748737667,6.478636867808765
2529,25.29,6.09035371560873,6.479374931823704
2530,25.3,6.091090738987393,6.4791652712601975
2531,25.310000000000002,6.091576344085262,6.479588059923966
2532,25.32,6.089435171147135,6.480418444481498
2533,25.330000000000002,6.089569009877313,6.480072968200241
2534,25.34,6.090862626228019,6.47688059799097
2535,25.35,6.0901092942530415,6.479412692955215
2536,25.36,6.089656620889764,6.479990601453594
2537,25.37,6.092386233702087,6.479195364692357
2538,25.38,6.090306748856766,6.4786381844074175
2539,25.39,6.089938209345077,6.478713061459106
2540,25.400000000000002,6.089838005926302,6.478305799009694
2541,25.41,6.091072066422103,6.477624440892206
2542,25.42,6.091292931133763,6.478762225914737
2543,25.43,6.088423981012871,6.480204808056509
2544,25.44,6.090430789028767,6.478594304677584
2545,25.45,6.089970663386797,6.477972543342105
2546,25.46,6.09119898078713,6.478661317786675
2547,25.47,6.0879972583603825,6.477027162660398
2548,25.48,6.089151330438036,6.478265442184235
2549,25.490000000000002,6.089436233662014,6.4783112121369095
2550,25.5,6.090783479236739,6.479146470152622
2551,25.51,6.090346416124819,6.478413935934299
2552,25.52,6.088966017569586,6.478466146301155
2553,25.53,6.090572893009387,6.4772226263751005
2554,25.54,6.089383593768242,6.4779753656299395
2555,25.55,6.088838581710641,6.477614767146923
2556,25.560000000000002,6.09108892347791,6.476966455654557
2557,25.57,6.089235609329429,6.477528892535132
2558,25.580000000000002,6.089836990436069,6.477447999356189
2559,25.59,6.088705889870404,6.47792720709205
2560,25.6,6.091444976583767,6.478673017620588
2561,25.61,6.09160722988547,6.477650388494538
2562,25.62,6.089943401352042,6.47667673879522
2563,25.63,6.09197825539346,6.475118395279116
2564,25.64,6.0899616157156204,6.476473321566002
2565,25.650000000000002,6.090512406233821,6.476664700850226
2566,25.66,6.090610593479498,6.47642862413133
2567,25.67,6.089295566686254,6.476982883435301
2568,25.68,6.0896326771607745,6.476444560929104
2569,25.69,6.088594849198059,6.4773216032286
2570,25.7,6.090412971497052,6.47819405207645
2571,25.71,6.089441887333422,6.478347955376357
2572,25.72,6.088804993384382,6.477440016032397
2573,25.73,6.090252942636216,6.476444874010595
2574,25.740000000000002,6.089043586398323,6.476873473053308
2575,25.75,6.089309242526155,6.475071208047234
2576,25.76,6.089624278690806,6.474448367572985
2577,25.77,6.089230835581973,6.475915567561066
2578,25.78,6.090748849880422,6.475591034512304
2579,25.79,6.090523419570795,6.475839533052948
2580,25.8,6.089920975896583,6.477272322887664
2581,25.810000000000002,6.0887799161634995,6.475607828933275
2582,25.82,6.089201743574557,6.4759750069933135
2583,25.830000000000002,6.090299683650318,6.475499411450032
2584,25.84,6.090610127985158,6.474830573376746
2585,25.85,6.0897412809549305,6.476874167006247
2586,25.86,6.088909878644674,6.4754814356044905
2587,25.87,6.090044632988414,6.476132417816609
2588,25.88,6.090389495419192,6.474461043900111
2589,25.89,6.089363809715938,6.47557628579965
2590,25.900000000000002,6.09097060088513,6.475385238750115
2591,25.91,6.089905715830137,6.474646133433932
2592,25.92,6.087166674205972,6.474417767071463
2593,25.93,6.088927371251123,6.474256316676533
2594,25.94,6.090710657748855,6.475269248671739
2595,25.95,6.090306900280477,6.474775470670359
2596,25.96,6.089828982970196,6.473443502484778
2597,25.97,6.088246468300962,6.473587967971688
2598,25.98,6.09101767800154,6.47463671410275
2599,25.990000000000002,6.089461819621452,6.473551090331113
2600,26.0,6.088001583463628,6.475523973081135
2601,26.01,6.087905831707827,6.474449545662246
2602,26.02,6.0887767626660025,6.473481279838344
2603,26.03,6.090171441994555,6.474870158527928
2604,26.04,6.088060950403928,6.4740618877080855
2605,26.05,6.091097824150096,6.473264420855544
2606,26.060000000000002,6.088765839004859,6.472331678301569
2607,26.07,6.088447022761127,6.473090375122781
2608,26.080000000000002,6.087844200738854,6.47198917344307
2609,26.09,6.0909280724870065,6.475066313584862
2610,26.1,6.088999594637434,6.472444815355764
2611,26.11,6.088994170838685,6.474692222925304
2612,26.12,6.090477824418134,6.473747969238919
2613,26.13,6.09011657392819,6.472390862479883
2614,26.14,6.089846394980034,6.472542627892493
2615,26.150000000000002,6.087998606222741,6.473249532568204
2616,26.16,6.0897011004879165,6.4717544598006365
2617,26.17,6.088786574195978,6.471039129865514
2618,26.18,6.087230411795893,6.473956007905994
2619,26.19,6.089806794146919,6.472874438343843
2620,26.2,6.090159876974504,6.471623681353229
2621,26.21,6.090703642032689,6.472959986331788
2622,26.22,6.089650216478699,6.473893755918706
2623,26.23,6.0901232138408865,6.471403757646366
2624,26.240000000000002,6.089155867305828,6.471949144954371
2625,26.25,6.089636249351345,6.471927834767046
2626,26.26,6.090031327495799,6.471902853884311
2627,26.27,6.088811297521565,6.471614523919385
2628,26.28,6.0911454761911585,6.471319362204781
2629,26.29,6.088559252613718,6.470598290746324
2630,26.3,6.089062014443494,6.473135237910936
2631,26.310000000000002,6.087731281725612,6.4715779055412295
2632,26.32,6.0895772088643305,6.471380819896695
2633,26.330000000000002,6.0892327947537686,6.4725729487204395
2634,26.34,6.0883928760496095,6.4714328932979015
2635,26.35,6.089015168651217,6.47071589216047
2636,26.36,6.091036001228869,6.471449827301487
2637,26.37,6.089475830533939,6.4701198096645625
2638,26.38,6.091195469815555,6.4716011033347645
2639,26.39,6.0897664401020535,6.471107598447873
2640,26.400000000000002,6.088956319070696,6.470033442074733
2641,26.41,6.088552338726226,6.470056611711542
2642,26.42,6.08970339373656,6.472271101209205
2643,26.43,6.089576169750725,6.471070822395828
2644,26.44,6.090479220424101,6.470576452101942
2645,26.45,6.090370594894623,6.471262847049836
2646,26.46,6.0896563773612735,6.469795533491447
2647,26.47,6.087395395789807,6.472253491605871
2648,26.48,6.088767771335134,6.471368328972891
2649,26.490000000000002,6.089277242600549,6.470023090101372
2650,26.5,6.089945207984926,6.471516960572457
2651,26.51,6.0909080237165965,6.469453203676854
2652,26.52,6.088980135266347,6.4707317842208045
2653,26.53,6.089346796487202,6.470696930892785
2654,26.54,6.0885220585088975,6.4714318461798195
2655,26.55,6.089901250959042,6.470611167779785
2656,26.560000000000002,6.090869445630999,6.47113591746507
2657,26.57,6.090806449726224,6.471228021639135
2658,26.580000000000002,6.088418723832365,6.47091926863842
2659,26.59,6.090010364908061,6.470107146418988
2660,26.6,6.089449115086519,6.469110916931413
2661,26.61,6.089052828025907,6.470256790835654
2662,26.62,6.088197623948237,6.47059111641076
2663,26.63,6.088142576116006,6.469468138557983
2664,26.64,6.0889849063046135,6.4696401995013
2665,26.650000000000002,6.08969520107289,6.470121385223811
2666,26.66,6.089599450943718,6.469408151794055
2667,26.67,6.089558004842416,6.470997451186084
2668,26.68,6.090262643147244,6.469184854554274
2669,26.69,6.089945500904018,6.469240479168126
2670,26.7,6.088905171692578,6.470822799357816
2671,26.71,6.089876314794991,6.469281478057855
2672,26.72,6.089726017216776,6.469056438296792
2673,26.73,6.090186769713438,6.468436154077048
2674,26.740000000000002,6.0917249911745435,6.46910648450453
2675,26.75,6.089915187664779,6.46937579922283
2676,26.76,6.089120997967174,6.470873485080621
2677,26.77,6.090090986267402,6.4704421969391905
2678,26.78,6.089813432926154,6.46975836646838
2679,26.79,6.09071991347512,6.47029002158716
2680,26.8,6.091188053542145,6.469879809460029
2681,26.810000000000002,6.091642291000507,6.469971256029858
2682,26.82,6.090098823031976,6.469359215944948
2683,26.830000000000002,6.091736717936313,6.471594086080217
2684,26.84,6.090924361807254,6.470116870961324
2685,26.85,6.091087451964486,6.469134408616043
2686,26.86,6.089592831744698,6.469317113307355
2687,26.87,6.091718132022383,6.468514336343667
2688,26.88,6.091289001978309,6.468555913802183
2689,26.89,6.091992704259487,6.471510329358899
2690,26.900000000000002,6.090932220732424,6.47000602952067
2691,26.91,6.089405575674962,6.470348723744148
2692,26.92,6.091983372911345,6.469681994413111
2693,26.93,6.091059617735153,6.470632143712833
2694,26.94,6.090336509804727,6.470193526631798
2695,26.95,6.091029544043138,6.469160322526929
2696,26.96,6.091277747809522,6.469317477367641
2697,26.97,6.090479070904183,6.469556325397643
2698,26.98,6.092240608226743,6.46948476224205
2699,26.990000000000002,6.091488051067983,6.469952477128566
2700,27.0,6.0903983939570985,6.46886010832542
2701,27.01,6.0923260190402475,6.469840996925674
2702,27.02,6.093700240136989,6.468471524302502
2703,27.03,6.091819943209852,6.467849654728963
2704,27.04,6.0907058535168845,6.46872354269631
2705,27.05,6.093614133318069,6.469989656027667
2706,27.060000000000002,6.092066375232411,6.46890596384168
2707,27.07,6.0913560071450386,6.47027490612884
2708,27.080000000000002,6.090720466239318,6.4694354356113335
2709,27.09,6.093370089661756,6.471360129032485
2710,27.1,6.092331514194547,6.469426241140976
2711,27.11,6.092198646970811,6.46883009274793
2712,27.12,6.0921408795353,6.469107592842156
2713,27.13,6.092993689942612,6.467587545363544
2714,27.14,6.092679269027985,6.468797362366413
2715,27.150000000000002,6.092950562031453,6.468938828761677
2716,27.16,6.092259985189239,6.470073955927751
2717,27.17,6.092303165763155,6.47010187044371
2718,27.18,6.092324568432824,6.46872707684658
2719,27.19,6.093841672053913,6.470195628280002
2720,27.2,6.092331296166481,6.471046950086691
2721,27.21,6.0938848704924995,6.469556826537068
2722,27.22,6.093287747988703,6.468290010745243
2723,27.23,6.092334194332477,6.469867089555726
2724,27.240000000000002,6.093685031099069,6.469932349546548
2725,27.25,6.093666058528734,6.469336663655151
2726,27.26,6.094248678100819,6.467900645741423
2727,27.27,6.092149388361562,6.469587633216679
2728,27.28,6.093839776567697,6.4686741202399185
2729,27.29,6.094409683869421,6.470377000481257
2730,27.3,6.09452562731916,6.4698163744447825
2731,27.310000000000002,6.093963347298339,6.469024805458332
2732,27.32,6.0939271231627865,6.469569061274976
2733,27.330000000000002,6.095235472949938,6.470588141256389
2734,27.34,6.096020584503958,6.470271969976132
2735,27.35,6.0949981266310935,6.469306258783222
2736,27.36,6.094260454866984,6.468632708435736
2737,27.37,6.093405211546438,6.470521405779285
2738,27.38,6.093403297424147,6.471194971423403
2739,27.39,6.094640763985127,6.469527445075616
2740,27.400000000000002,6.094121973806156,6.4696570335404004
2741,27.41,6.095406731808081,6.469449841535262
2742,27.42,6.094896743055464,6.469934694415806
2743,27.43,6.094210006635933,6.469309733262536
2744,27.44,6.0953297450646025,6.468682116014466
2745,27.45,6.095494827560469,6.469501807917336
2746,27.46,6.095511775284063,6.468249409953822
2747,27.47,6.093643908980597,6.469707539117567
2748,27.48,6.095380942663435,6.470881378088933
2749,27.490000000000002,6.0929702222002105,6.4697797140564415
2750,27.5,6.095065268494619,6.469793891359298
2751,27.51,6.094806200764968,6.469816250482878
2752,27.52,6.092911291000029,6.4697711955794155
2753,27.53,6.096927327668562,6.470574599675907
2754,27.54,6.095870224127169,6.469027633394765
2755,27.55,6.096475976406932,6.4693833185154155
2756,27.560000000000002,6.0945858575713485,6.470228562008182
2757,27.57,6.095910775454733,6.469897603342213
2758,27.580000000000002,6.0951517510022875,6.470021700629524
2759,27.59,6.096247076751067,6.468737951501941
2760,27.6,6.095776262864481,6.468823654480766
2761,27.61,6.097242846128651,6.469530052538954
2762,27.62,6.096066632669454,6.47009322755554
2763,27.63,6.097182621539244,6.469547984998948
2764,27.64,6.0977840607651865,6.470224017318716
2765,27.650000000000002,6.096559632456216,6.470003564031478
2766,27.66,6.097096382964786,6.470043613387607
2767,27.67,6.097030872308543,6.46851775499426
2768,27.68,6.09668452295367,6.46958774817099
2769,27.69,6.096245144419913,6.470230924283917
2770,27.7,6.096673239247489,6.4691123234842935
2771,27.71,6.096591032643021,6.469078626061254
2772,27.72,6.0961469631883105,6.469369673816075
2773,27.73,6.097268983947551,6.470486177209953
2774,27.740000000000002,6.095374608857596,6.468040174236371
2775,27.75,6.097197599959558,6.4696240231739095
2776,27.76,6.096024471944006,6.469405369949945
2777,27.77,6.096648025092087,6.470664761531879
2778,27.78,6.096555656283913,6.469013847214825
2779,27.79,6.096377650218113,6.469967967531541
2780,27.8,6.096620758716069,6.46876316078554
2781,27.810000000000002,6.09743792142605,6.470771237308161
2782,27.82,6.095799615607774,6.469292318498809
2783,27.830000000000002,6.095220394622069,6.470124355576231
2784,27.84,6.095671063925003,6.469465861408258
2785,27.85,6.09725640753252,6.469820423521252
2786,27.86,6.0968954879070045,6.469389387518021
2787,27.87,6.098355503748917,6.470092189581896
2788,27.88,6.0971404981351744,6.46921955465043
2789,27.89,6.096838086756991,6.469973076464303
2790,27.900000000000002,6.097467873400965,6.4703726249356235
2791,27.91,6.097530211877654,6.470250570970761
2792,27.92,6.098235588123356,6.469186259097503
2793,27.93,6.097731310512684,6.468999898592232
2794,27.94,6.0998772941859505,6.471202032784211
2795,27.95,6.099778781315672,6.469172506167475
2796,27.96,6.097410069981379,6.468718387642631
2797,27.97,6.097134299064713,6.4692012546516855
2798,27.98,6.098064691781724,6.469087023095387
2799,27.990000000000002,6.097380009673884,6.469905969187475
2800,28.0,6.09894185822301,6.468791287287318
2801,28.01,6.098587646608981,6.469896825840497
2802,28.02,6.097064747279423,6.469902248886548
2803,28.03,6.0973226601197945,6.469522530155164
2804,28.04,6.0987931265488315,6.4682104380326075
2805,28.05,6.097063517694893,6.467828262201092
2806,28.060000000000002,6.100054121463956,6.46941359586733
2807,28.07,6.098696138791984,6.469589377698578
2808,28.080000000000002,6.0960211597526195,6.468866415059526
2809,28.09,6.097924524266042,6.4695211500996965
2810,28.1,6.099194059267228,6.468551710352471
2811,28.11,6.097725394808184,6.468635529863942
2812,28.12,6.097442040526023,6.46897766416727
2813,28.13,6.099541801944018,6.468866939767891
2814,28.14,6.099222924120447,6.469527147167909
2815,28.150000000000002,6.09986736269542,6.470067215597505
2816,28.16,6.097312376232357,6.469302657661618
2817,28.17,6.101047300835529,6.468980373726143
2818,28.18,6.098891413373141,6.471002021241971
2819,28.19,6.0992033580865215,6.466266395320824
2820,28.2,6.098904449795563,6.469700743384444
2821,28.21,6.098379394607146,6.468247265004586
2822,28.22,6.099046276018567,6.469269354664702
2823,28.23,6.099668502218998,6.468746559542685
2824,28.240000000000002,6.097167385957107,6.467664782573136
2825,28.25,6.100620902230203,6.469368932823495
2826,28.26,6.100514492056018,6.4689253360096695
2827,28.27,6.098107911574867,6.469370773364953
2828,28.28,6.098131074528423,6.467971504319519
2829,28.29,6.0999094473117195,6.467844423225973
2830,28.3,6.099931801803258,6.468757614154187
2831,28.310000000000002,6.099019062438971,6.469837367212071
2832,28.32,6.099199842096452,6.468919891853524
2833,28.330000000000002,6.098284171062479,6.470282248323585
2834,28.34,6.0993666520873,6.468677561161338
2835,28.35,6.099930040093579,6.467984016768909
2836,28.36,6.10016604089112,6.467929185100213
2837,28.37,6.1005105088341764,6.46885292527186
2838,28.38,6.101956783506021,6.468346272097697
2839,28.39,6.099317850579372,6.468362057776149
2840,28.400000000000002,6.098644863552171,6.466444740624531
2841,28.41,6.10171618571011,6.468889144593551
2842,28.42,6.100579633348326,6.467769770134675
2843,28.43,6.101826871422995,6.469521642807434
2844,28.44,6.099146024505062,6.468879093818846
2845,28.45,6.101023867672038,6.46927999509558
2846,28.46,6.100322894224539,6.467964947564042
2847,28.47,6.0996210576797045,6.468500701450579
2848,28.48,6.10009141358393,6.468607725672069
2849,28.490000000000002,6.098160566687946,6.467932701109824
2850,28.5,6.101966077649293,6.467259320811332
2851,28.51,6.099251349568811,6.467471890365901
2852,28.52,6.0989683566277,6.467271308346529
2853,28.53,6.098142950673803,6.468781035103683
2854,28.54,6.099530306430019,6.467164402373
2855,28.55,6.101482601611671,6.468528209930475
2856,28.560000000000002,6.101075663962238,6.468108293483126
2857,28.57,6.099989199580829,6.4685211869317625
2858,28.580000000000002,6.099783511353536,6.469213665179048
2859,28.59,6.098079163782108,6.468353351698154
2860,28.6,6.098798124441368,6.468056224381523
2861,28.61,6.099690253073882,6.46623051855395
2862,28.62,6.0992368663838565,6.4678878535601045
2863,28.63,6.100342203527797,6.466809906154947
2864,28.64,6.101183248752235,6.467675097902322
2865,28.650000000000002,6.098564302950095,6.467282912246522
2866,28.66,6.101326945956205,6.46845323792183
2867,28.67,6.100183728386994,6.468146524584228
2868,28.68,6.100406800482125,6.4674208121206505
2869,28.69,6.100322562679501,6.466452122323345
2870,28.7,6.101954003321134,6.466856131290056
2871,28.71,6.100903513960331,6.467325772453162
2872,28.72,6.099921455971869,6.467635031450496
2873,28.73,6.101714143072838,6.4664816553178115
2874,28.740000000000002,6.098384089408078,6.4673571494887625
2875,28.75,6.100119064128133,6.466262071814757
2876,28.76,6.099303394877439,6.467492575822482
2877,28.77,6.100501548769068,6.468092929891854
2878,28.78,6.100757877293886,6.4670743721723465
2879,28.79,6.099889629121098,6.46669820085329
2880,28.8,6.100109233283212,6.466074122074687
2881,28.810000000000002,6.0996309086393,6.465669824630575
2882,28.82,6.099761317490157,6.466822711121034
2883,28.830000000000002,6.100717120176404,6.466599720880995
2884,28.84,6.0993501218066895,6.4656230757513145
2885,28.85,6.102547935367819,6.465896537529153
2886,28.86,6.100935132178084,6.467189784240268
2887,28.87,6.101624134400561,6.466235379584201
2888,28.88,6.100266307787448,6.466221455641044
2889,28.89,6.099951870696967,6.466372508239457
2890,28.900000000000002,6.10074048799184,6.465453173394769
2891,28.91,6.10044705886308,6.466473353479786
2892,28.92,6.100150175009926,6.465476652623916
2893,28.93,6.099852062875054,6.465777486850408
2894,28.94,6.102252144125391,6.465083560206206
2895,28.95,6.102259744574317,6.466125751499228
2896,28.96,6.102866003667179,6.464312447257132
2897,28.97,6.101676509767041,6.465262644538786
2898,28.98,6.101797475507843,6.464395545331519
2899,28.990000000000002,6.099919746134568,6.466302880387886
2900,29.0,6.0993465724844524,6.465330989261529
2901,29.01,6.101527735937917,6.464887188217804
2902,29.02,6.100531063136878,6.464352697450249
2903,29.03,6.101280381360827,6.465136186252561
2904,29.04,6.09896996977803,6.465929363729707
2905,29.05,6.100631166150689,6.465339118509514
2906,29.060000000000002,6.100387829665098,6.4647303973284105
2907,29.07,6.099123644606587,6.464869962147405
2908,29.080000000000002,6.100921725080668,6.46581172190172
2909,29.09,6.101576946477822,6.464159853691598
2910,29.1,6.101585416395668,6.465776130124003
2911,29.11,6.1004847656024666,6.4639524053833535
2912,29.12,6.0993631288757495,6.465311496855752
2913,29.13,6.100507577704134,6.4659731896720825
2914,29.14,6.099629231732452,6.465917957767211
2915,29.150000000000002,6.100777931380213,6.463442263532039
2916,29.16,6.098581636383712,6.464505018891991
2917,29.17,6.099893201129102,6.464112362155928
2918,29.18,6.0992736344293474,6.464441982989749
2919,29.19,6.099638337408673,6.462494139953846
2920,29.2,6.100946511257848,6.466490307499468
2921,29.21,6.100014225506105,6.463455598265556
2922,29.22,6.100595775872585,6.465105041851265
2923,29.23,6.100607814588941,6.463337397824308
2924,29.240000000000002,6.100157555388152,6.463223196906519
2925,29.25,6.100174815970335,6.4638279757696155
2926,29.26,6.100198581163891,6.464529998931705
2927,29.27,6.101641192118228,6.464170797032526
2928,29.28,6.1009208834838855,6.4649247513940225
2929,29.29,6.101333465682234,6.463438202657857
2930,29.3,6.100551396568539,6.463465434459158
2931,29.310000000000002,6.099585905104332,6.463198053431217
2932,29.32,6.101317861760705,6.463856263714905
2933,29.330000000000002,6.099405793427722,6.463688435406206
2934,29.34,6.098662525282453,6.463331191709256
2935,29.35,6.100576129258181,6.463505979696201
2936,29.36,6.099490915245175,6.462226742520742
2937,29.37,6.100004120903223,6.463636891805699
2938,29.38,6.101117614396704,6.461426392223093
2939,29.39,6.102609187920023,6.462102847730944
2940,29.400000000000002,6.100543057615123,6.463100053548312
2941,29.41,6.099101279610364,6.46198031155304
2942,29.42,6.100875494683594,6.46394275422199
2943,29.43,6.100940632678382,6.462806601985415
2944,29.44,6.100463713730074,6.462488267349225
2945,29.45,6.102439844561182,6.461250231826568
2946,29.46,6.101984838462166,6.4624561057363765
2947,29.47,6.099653837416349,6.462515590274488
2948,29.48,6.10130323817879,6.4627595522678165
2949,29.490000000000002,6.0991933575050785,6.462933418968663
2950,29.5,6.100042091593153,6.462315274155443
2951,29.51,6.101866544568274,6.463498007017159
2952,29.52,6.101191293769645,6.462363304264554
2953,29.53,6.101497129689761,6.462953161174997
2954,29.54,6.100082635621751,6.461805149635861
2955,29.55,6.102083116812323,6.460833414098485
2956,29.560000000000002,6.100123020173185,6.4620851375868025
2957,29.57,6.100770722655633,6.462546521573326
2958,29.580000000000002,6.101766417708462,6.463384021672595
2959,29.59,6.099118924087701,6.462752255979851
2960,29.6,6.100677894964587,6.460892116709809
2961,29.61,6.102389580081404,6.462990962891212
2962,29.62,6.1019092893308375,6.462118846031055
2963,29.63,6.100958659890595,6.46216247080016
2964,29.64,6.100563599975298,6.461627603396131
2965,29.650000000000002,6.09944743769458,6.462143730030885
2966,29.66,6.0984931001916545,6.4612066625552735
2967,29.67,6.100083163507599,6.4618297273652985
2968,29.68,6.102107034643346,6.4603213787104465
2969,29.69,6.101770744347203,6.462018621923095
2970,29.7,6.100589716442991,6.461181463892999
2971,29.71,6.097804552043177,6.461131729327261
2972,29.72,6.101610517557955,6.462317732229676
2973,29.73,6.099420754489013,6.461688232307754
2974,29.740000000000002,6.099977648358665,6.462256863885532
2975,29.75,6.101110258304329,6.4612997456185814
2976,29.76,6.1011166784601265,6.461049820216352
2977,29.77,6.101524361826471,6.460627759614586
2978,29.78,6.102399068819797,6.461561064843759
2979,29.79,6.102174133903588,6.461007427118889
2980,29.8,6.100957824283473,6.460529691849106
2981,29.810000000000002,6.1030495322089555,6.460509668676767
2982,29.82,6.100974240735819,6.461411141665854
2983,29.830000000000002,6.101234524832996,6.461092412272904
2984,29.84,6.100845518707089,6.462138486567004
2985,29.85,6.101147594512761,6.460729639720505
2986,29.86,6.102099521544444,6.461312833712415
2987,29.87,6.101357947854425,6.460023815862354
2988,29.88,6.101973271563247,6.460422106039974
2989,29.89,6.10181617079792,6.460134577292616
2990,29.900000000000002,6.099527297712453,6.462371208028268
2991,29.91,6.100370840586427,6.460346841745651
2992,29.92,6.102233020854745,6.45977339047146
2993,29.93,6.1020445172218665,6.459882584629077
2994,29.94,6.100873589449863,6.46115551476515
2995,29.95,6.101540286970088,6.461331517082982
2996,29.96,6.105308823180002,6.460477369385827
2997,29.97,6.101913348969357,6.460529607226514
2998,29.98,6.10268131932027,6.461369114762411
2999,29.990000000000002,6.1022132833733895,6.461034382427858
