,t,x,y
0,0.0,4.264296339514914,4.761427129253261
1,0.01,4.272038065411107,4.774069456996269
2,0.02,4.278714507763559,4.7856186500296705
3,0.03,4.283522100546221,4.797674993115595
4,0.04,4.290729708013649,4.810654748770515
5,0.05,4.29904923180825,4.822133252056753
6,0.06,4.304212403210088,4.835523930899245
7,0.07,4.31048907987222,4.847352259762547
8,0.08,4.318138618761846,4.8606562739810695
9,0.09,4.324325961746989,4.874825027647069
10,0.1,4.329298835660909,4.885122587502416
11,0.11,4.3380113813166945,4.899086191039621
12,0.12,4.343794996855305,4.909657395434865
13,0.13,4.350373815711753,4.922515725581748
14,0.14,4.35861899535603,4.93562638297909
15,0.15,4.363994098632128,4.947628235534984
16,0.16,4.370761723541376,4.960559782377886
17,0.17,4.375811806397746,4.97211488547899
18,0.18,4.383967220854173,4.985237708222763
19,0.19,4.389393719338924,4.998258188361444
20,0.2,4.397605447592492,5.011102399719542
21,0.21,4.404746862142858,5.0233311236918174
22,0.22,4.411755355028883,5.0357201146926025
23,0.23,4.417647931619398,5.046248161179009
24,0.24,4.424042251339494,5.059046050445944
25,0.25,4.429863850263099,5.072622158953136
26,0.26,4.437275667822617,5.083890648716838
27,0.27,4.444746575129529,5.096861158432398
28,0.28,4.449416375668772,5.109283858852974
29,0.29,4.45648751124774,5.120938108867127
30,0.3,4.463789288429415,5.133457100712085
31,0.31,4.470217185894528,5.146854193489426
32,0.32,4.474353752702473,5.1566646678135655
33,0.33,4.4826766158742455,5.167901693692589
34,0.34,4.48910544083922,5.180864516383255
35,0.35000000000000003,4.496729100199609,5.193955313279592
36,0.36,4.504015987485328,5.206337301260094
37,0.37,4.508078417609463,5.218160506029911
38,0.38,4.5152324789068174,5.2313380507929415
39,0.39,4.522861126031718,5.242855909379097
40,0.4,4.52999832636054,5.253084715020797
41,0.41000000000000003,4.534422252214359,5.265384716139176
42,0.42,4.540209055079452,5.276050475408157
43,0.43,4.547947867014047,5.2887600106103
44,0.44,4.552921986944889,5.299720541219956
45,0.45,4.5609490969944755,5.313033249003369
46,0.46,4.566536540674796,5.322923958403685
47,0.47000000000000003,4.57486547417823,5.336197560205829
48,0.48,4.581797107129629,5.346224545007873
49,0.49,4.585796411535781,5.359442008099771
50,0.5,4.592133848445242,5.369939301910415
51,0.51,4.5989028800358,5.381166567769372
52,0.52,4.606938065059403,5.39259282177881
53,0.53,4.6124421436035465,5.404135219661804
54,0.54,4.619919171242759,5.4144328886819535
55,0.55,4.62708864129896,5.426347298654167
56,0.56,4.63304043180133,5.43758277467179
57,0.5700000000000001,4.63809712048833,5.446902246243157
58,0.58,4.6439018685523825,5.458810080682431
59,0.59,4.651061223600077,5.470327433618755
60,0.6,4.657114184093438,5.481048281828715
61,0.61,4.661721337399747,5.491692429722536
62,0.62,4.673031543045546,5.5024470243738115
63,0.63,4.676268595226,5.512980774043383
64,0.64,4.680454861089493,5.522863422867807
65,0.65,4.68837969469873,5.5346653643714925
66,0.66,4.6946690454933355,5.543276334407543
67,0.67,4.703271574014471,5.556911315701638
68,0.68,4.706832751611545,5.56628825233313
69,0.6900000000000001,4.71389423187267,5.576508682247476
70,0.7000000000000001,4.720721850568777,5.586204214168656
71,0.71,4.728168180319345,5.596517665648608
72,0.72,4.733031684698605,5.6062548105957815
73,0.73,4.739500753622851,5.617367933305325
74,0.74,4.745852828686542,5.626833604371913
75,0.75,4.7499164307867145,5.6372464563890174
76,0.76,4.758779013188039,5.647745818019284
77,0.77,4.7622494582077985,5.657362049293999
78,0.78,4.769332110436825,5.666348362929096
79,0.79,4.774184386157606,5.677460818927338
80,0.8,4.781704817451669,5.685552452667995
81,0.81,4.7858518568123545,5.69619774905543
82,0.8200000000000001,4.792870705113475,5.704992983693952
83,0.8300000000000001,4.799169192212084,5.71474390525916
84,0.84,4.803717949786559,5.72476949427241
85,0.85,4.812378178702413,5.732111164463806
86,0.86,4.817087403775591,5.741776569444006
87,0.87,4.82270772761224,5.751081799754479
88,0.88,4.828307306562116,5.761293234303866
89,0.89,4.836347713620831,5.7695041310242114
90,0.9,4.839796390532624,5.779845448067793
91,0.91,4.846477501574738,5.788095699729608
92,0.92,4.852311912691286,5.7961788741060865
93,0.93,4.856366459105344,5.805984225277808
94,0.9400000000000001,4.864662352399927,5.815056972521431
95,0.9500000000000001,4.870460944015641,5.824451716902839
96,0.96,4.876326699713488,5.830624362526416
97,0.97,4.881498050165111,5.840372163243229
98,0.98,4.884725412908419,5.847659925061408
99,0.99,4.894517138023662,5.856508426047584
100,1.0,4.897806425685629,5.866130676938326
101,1.01,4.903214240307506,5.872760674166807
102,1.02,4.9107289087712225,5.882951012988129
103,1.03,4.914854978915632,5.889371706145119
104,1.04,4.920334916696105,5.897493667744639
105,1.05,4.925959955611204,5.904685617874424
106,1.06,4.93248040054558,5.913520514785695
107,1.07,4.937988182808055,5.921728781975407
108,1.08,4.943789894697278,5.928892363211263
109,1.09,4.949245547547569,5.936734020393728
110,1.1,4.954323632269093,5.942872747976644
111,1.11,4.959636065640909,5.951964121981401
112,1.12,4.965250280392139,5.958276908934314
113,1.1300000000000001,4.970952963001242,5.966744263995096
114,1.1400000000000001,4.977550052332315,5.973723925474276
115,1.1500000000000001,4.983596788746854,5.9800922471880105
116,1.16,4.988372841128163,5.988418580667398
117,1.17,4.992883665078891,5.996040146489122
118,1.18,4.997959062818794,6.001735840306317
119,1.19,5.004318827945487,6.008846710084378
120,1.2,5.010360625325477,6.016178495077793
121,1.21,5.0144689883432285,6.024238437954835
122,1.22,5.02109690699289,6.031440329965808
123,1.23,5.025138376794778,6.035329704218707
124,1.24,5.030216837420835,6.0434633539499645
125,1.25,5.035504139180949,6.050587723229883
126,1.26,5.039262316429941,6.056958371943888
127,1.27,5.045097363380524,6.062789410605675
128,1.28,5.051241765791222,6.069213881413796
129,1.29,5.054813690750624,6.0759045493626465
130,1.3,5.060739142316579,6.082295111561992
131,1.31,5.0660041194586665,6.08790096114372
132,1.32,5.071856487775822,6.09584347070824
133,1.33,5.07725882294927,6.100625955129379
134,1.34,5.082391851660674,6.106199890467803
135,1.35,5.08690409221688,6.114212021098487
136,1.36,5.090927445705626,6.118431143075083
137,1.37,5.099439887529283,6.123718984573315
138,1.3800000000000001,5.102373209341232,6.1303442911052874
139,1.3900000000000001,5.10621907499188,6.13541323847598
140,1.4000000000000001,5.111194643359093,6.142510456010798
141,1.41,5.116649442388592,6.147454692704794
142,1.42,5.121507542779969,6.152767716071239
143,1.43,5.1275698165935,6.158771781243453
144,1.44,5.131533977752348,6.163721117111155
145,1.45,5.1357992876997125,6.169373711932573
146,1.46,5.140384633380579,6.174214157816441
147,1.47,5.145868951113578,6.1805424588584605
148,1.48,5.148797389836034,6.187011024367572
149,1.49,5.154676531902581,6.190488819934697
150,1.5,5.160317588322395,6.196391881214703
151,1.51,5.165857353384636,6.202073253245782
152,1.52,5.168765898830868,6.205919188861968
153,1.53,5.171627172634194,6.211868962111271
154,1.54,5.178549084889096,6.216923538434142
155,1.55,5.182662055687657,6.2219408382064865
156,1.56,5.190182699856198,6.226363873098988
157,1.57,5.194323259430905,6.2312353233035305
158,1.58,5.195873134625374,6.235402368274616
159,1.59,5.202747139864848,6.2413275858113995
160,1.6,5.2073274718241755,6.245519225592771
161,1.61,5.210604533004587,6.2503237023404346
162,1.62,5.215490962288469,6.255984913484052
163,1.6300000000000001,5.219927775021665,6.260692547051181
164,1.6400000000000001,5.223792839359023,6.263909161765434
165,1.6500000000000001,5.227079583378844,6.26983659751656
166,1.6600000000000001,5.233459625849473,6.274179031576727
167,1.67,5.236671947151883,6.277812160657168
168,1.68,5.241716408023816,6.282326336450783
169,1.69,5.2451309784397635,6.286887967909398
170,1.7,5.24950435538108,6.290801264326713
171,1.71,5.255650352987695,6.295928594136285
172,1.72,5.259195877793537,6.299740160035932
173,1.73,5.264615158418226,6.304510126093884
174,1.74,5.267899056492947,6.309261245598534
175,1.75,5.271901157782654,6.31196868320979
176,1.76,5.278605983596938,6.317852151967455
177,1.77,5.28203127695698,6.321633582517515
178,1.78,5.2833829775431935,6.326050572518648
179,1.79,5.289357319717624,6.328975319998006
180,1.8,5.292932650087909,6.334033026261164
181,1.81,5.297398554714424,6.338493510562992
182,1.82,5.300576469268542,6.340224464320824
183,1.83,5.306312476948217,6.344415357984998
184,1.84,5.308966566580445,6.347507537893421
185,1.85,5.312738834576816,6.352784747468174
186,1.86,5.316470349095076,6.355490727362096
187,1.87,5.320774783770995,6.360723437083347
188,1.8800000000000001,5.324943909906085,6.363310027167172
189,1.8900000000000001,5.329299727968396,6.36835087166347
190,1.9000000000000001,5.334275146286487,6.37042312718675
191,1.9100000000000001,5.335887644169336,6.375624686852432
192,1.92,5.339815266043791,6.378002858952344
193,1.93,5.345319130673009,6.380956270260138
194,1.94,5.3498983270170735,6.384924704853334
195,1.95,5.353053751956284,6.388972308451879
196,1.96,5.35481978731927,6.392121807814655
197,1.97,5.360705853686604,6.394590280104112
198,1.98,5.36293365486935,6.398372030455807
199,1.99,5.366926959708552,6.402703107811937
200,2.0,5.371431892853711,6.404577430870484
201,2.0100000000000002,5.3753372766212655,6.406420707246755
202,2.02,5.380146278137883,6.41168279412096
203,2.0300000000000002,5.3801682674488545,6.413314794079699
204,2.04,5.386227095657901,6.417396641708628
205,2.05,5.389368879035718,6.421078099950465
206,2.06,5.394104966854088,6.422956659078031
207,2.07,5.39625247611607,6.426759711166665
208,2.08,5.4003334552743745,6.42908397744372
209,2.09,5.4058754275626315,6.430190048428315
210,2.1,5.406473175321351,6.435045090743559
211,2.11,5.411487911843767,6.436865442240295
212,2.12,5.4122617312742785,6.440513170814864
213,2.13,5.417202267939082,6.442837319684227
214,2.14,5.420251680295242,6.445046847700644
215,2.15,5.424826078026161,6.447037658323571
216,2.16,5.427532960696826,6.449844396019282
217,2.17,5.431707466727773,6.453155836332508
218,2.18,5.433439281123013,6.457463381592783
219,2.19,5.437047847792102,6.458602780907652
220,2.2,5.441024850123908,6.461681537533415
221,2.21,5.444058930739236,6.462630398621177
222,2.22,5.448099625697503,6.464555697365144
223,2.23,5.452063593425241,6.468288438878089
224,2.24,5.4526809391663935,6.470523772029147
225,2.25,5.455844526729491,6.471337381170097
226,2.2600000000000002,5.460732645095072,6.47531986740957
227,2.27,5.464850145419938,6.477537006483665
228,2.2800000000000002,5.466436103971675,6.479498687390161
229,2.29,5.468434357310284,6.4822182955109255
230,2.3000000000000003,5.471765178998733,6.483315758498454
231,2.31,5.473612756301391,6.486183732993343
232,2.32,5.476391147756115,6.4887661379186135
233,2.33,5.480990633045633,6.490936557623603
234,2.34,5.482889718639765,6.4919211232559215
235,2.35,5.487447168845271,6.494476264286744
236,2.36,5.4881662191076135,6.495993545528404
237,2.37,5.491969001723146,6.496930308404549
238,2.38,5.4955464519880435,6.499865267423416
239,2.39,5.497658629280925,6.5006519135008
240,2.4,5.502600830548233,6.504850196694178
241,2.41,5.502724382044437,6.505363655204489
242,2.42,5.505044651997517,6.508775634980547
243,2.43,5.509249810682494,6.51020845363772
244,2.44,5.511857629236012,6.510721608236431
245,2.45,5.511945461266112,6.513520714827875
246,2.46,5.516597577268041,6.5143541184396225
247,2.47,5.520683504505917,6.51582847375054
248,2.48,5.520289298968412,6.517738229543982
249,2.49,5.524234501955478,6.518496061414523
250,2.5,5.526986384368047,6.521029436311983
251,2.5100000000000002,5.5292805920854216,6.52196582359401
252,2.52,5.531805612237545,6.522901532649872
253,2.5300000000000002,5.5376431856729305,6.525324902298611
254,2.54,5.538907361551892,6.525708268817607
255,2.5500000000000003,5.541276678317404,6.528576918463955
256,2.56,5.541858627851009,6.530189925944624
257,2.57,5.54441437712767,6.529385060341639
258,2.58,5.5466651341566235,6.532355707757201
259,2.59,5.550172623216488,6.532782650589312
260,2.6,5.553301785505706,6.5344088729043595
261,2.61,5.555424065869247,6.535951622748072
262,2.62,5.557474530136221,6.537441125721173
263,2.63,5.559239330906649,6.537792074191157
264,2.64,5.562644280240543,6.540300484267181
265,2.65,5.560855384594196,6.539664148869194
266,2.66,5.5671525681562315,6.542758696602353
267,2.67,5.56896163733777,6.54339348586931
268,2.68,5.569679106061836,6.543997989072666
269,2.69,5.572233003208131,6.5447134928191115
270,2.7,5.573718507338061,6.546150765820601
271,2.71,5.578768729075733,6.547327745443313
272,2.72,5.580233966619895,6.54924659148271
273,2.73,5.581845102512367,6.548800348359327
274,2.74,5.58307028659016,6.5504911049707575
275,2.75,5.584370352489751,6.551832159294401
276,2.7600000000000002,5.586496282209265,6.5526185431452335
277,2.77,5.589897676526751,6.552910408002238
278,2.7800000000000002,5.5916124662209254,6.554297120358462
279,2.79,5.590775800005789,6.555965164593315
280,2.8000000000000003,5.594468841572909,6.556806258195451
281,2.81,5.600398206451816,6.557467365570247
282,2.82,5.599824357626249,6.558920398273607
283,2.83,5.6035921736951435,6.558583580702172
284,2.84,5.606366287535307,6.55975149811818
285,2.85,5.607647257398795,6.5618333631282315
286,2.86,5.608226094775296,6.563308872774356
287,2.87,5.611251524150862,6.563273155508385
288,2.88,5.610814994551821,6.563186251345742
289,2.89,5.615187394280728,6.566891803584462
290,2.9,5.616893846920594,6.566777065780635
291,2.91,5.6176420479704365,6.566480837976763
292,2.92,5.619824402239115,6.568503139884631
293,2.93,5.621042480125131,6.568254393902831
294,2.94,5.624147869258786,6.569586468667882
295,2.95,5.624878326291681,6.57005350506996
296,2.96,5.627525239953547,6.570157038683286
297,2.97,5.629230117483405,6.570701811592466
298,2.98,5.631708134429684,6.572231013864696
299,2.99,5.631282404379324,6.574536061574761
300,3.0,5.635512545224148,6.5740032412031075
301,3.0100000000000002,5.635110439462153,6.575127520648708
302,3.02,5.638932373637276,6.576419098333999
303,3.0300000000000002,5.638727385162431,6.576433556741263
304,3.04,5.642440061330169,6.577581749085644
305,3.0500000000000003,5.645811697309645,6.577938537491282
306,3.06,5.645735619058193,6.5785801864169065
307,3.0700000000000003,5.647165111338332,6.581077061007761
308,3.08,5.651109676796107,6.5812057968473345
309,3.09,5.6491705944731345,6.581843747095272
310,3.1,5.654155514133084,6.582937266523905
311,3.11,5.655493104958038,6.583789634361111
312,3.12,5.655279325851188,6.5840713623592535
313,3.13,5.6589741175728685,6.585096424064011
314,3.14,5.659264885432181,6.586310649157626
315,3.15,5.66167138812482,6.588422130965326
316,3.16,5.664149403530158,6.587447661397433
317,3.17,5.665705546013414,6.588406298537555
318,3.18,5.670018446273576,6.5898029233861015
319,3.19,5.6669379759932434,6.592087045090724
320,3.2,5.670390189579199,6.592115060952263
321,3.21,5.671806222004078,6.59319878255234
322,3.22,5.673939055482478,6.592414060469922
323,3.23,5.674870309425282,6.594291559463036
324,3.24,5.67735409300805,6.595060212765916
325,3.25,5.680841299643972,6.59604280463943
326,3.2600000000000002,5.681267838059456,6.597046037038774
327,3.27,5.683614533714679,6.597343444523868
328,3.2800000000000002,5.684478098436082,6.599408150805926
329,3.29,5.685493230186647,6.599619953532046
330,3.3000000000000003,5.686648507631188,6.601555221390839
331,3.31,5.688897561575208,6.6015837005438085
332,3.3200000000000003,5.690138033897027,6.601802187660711
333,3.33,5.6919966236285005,6.603049808415111
334,3.34,5.694011791258564,6.603316731436051
335,3.35,5.695560768608118,6.603865755600864
336,3.36,5.697485365092937,6.605293501473874
337,3.37,5.697930086418951,6.605136952304232
338,3.38,5.7022405246960695,6.607080698501759
339,3.39,5.703818436489633,6.608499770851547
340,3.4,5.704163523106309,6.608609383953567
341,3.41,5.70506552149337,6.609838655900686
342,3.42,5.706596409429914,6.6094844930255086
343,3.43,5.708354583262329,6.611580863615378
344,3.44,5.710582671839057,6.612067163359652
345,3.45,5.710271600423014,6.612382686775478
346,3.46,5.712380324826895,6.612988096317944
347,3.47,5.7131748310368184,6.612846277983143
348,3.48,5.715249143495718,6.614349689052169
349,3.49,5.7166263830092445,6.614385636584261
350,3.5,5.719363323537416,6.615487135460574
351,3.5100000000000002,5.719707486626357,6.615464751287653
352,3.52,5.7211471414732715,6.617227682243633
353,3.5300000000000002,5.725132469111591,6.618493278263195
354,3.54,5.723988524150054,6.618398914238531
355,3.5500000000000003,5.726525036638568,6.618948373622556
356,3.56,5.729185485094091,6.619674555465122
357,3.5700000000000003,5.728018965551371,6.620996630584678
358,3.58,5.730844516400743,6.620938396238169
359,3.59,5.734284986373565,6.620910364795804
360,3.6,5.733882130320067,6.62339161385936
361,3.61,5.73387713864875,6.623390488832212
362,3.62,5.736156037369692,6.62428776956407
363,3.63,5.737964505458977,6.623917003876089
364,3.64,5.738830963583611,6.624307231267902
365,3.65,5.740803209250678,6.623707971896343
366,3.66,5.740588904082847,6.6242767968308405
367,3.67,5.742502914155822,6.62593301032319
368,3.68,5.745679772745156,6.6262928572309985
369,3.69,5.745755891466008,6.627109718650558
370,3.7,5.746925214414891,6.627913980167843
371,3.71,5.746397644493843,6.6281962443528215
372,3.72,5.748220777970314,6.628283621421891
373,3.73,5.749302342933494,6.629320233605502
374,3.74,5.751316682935887,6.629053754574311
375,3.75,5.754267793652298,6.63001566605236
376,3.7600000000000002,5.75492982560792,6.632028378233475
377,3.77,5.757270963687472,6.63256251175281
378,3.7800000000000002,5.756950153406695,6.631810035945999
379,3.79,5.756407147276263,6.63340672640965
380,3.8000000000000003,5.75892164623203,6.632926517245138
381,3.81,5.760677471610147,6.6327443523819625
382,3.8200000000000003,5.758846094879801,6.632502433033356
383,3.83,5.764291603639731,6.634468471630479
384,3.84,5.763732716722177,6.634254403666596
385,3.85,5.765335629142283,6.633231938571915
386,3.86,5.765551276797368,6.634586663620971
387,3.87,5.768827818765115,6.636242649723756
388,3.88,5.768131326318433,6.6371491305070665
389,3.89,5.770110106626232,6.63521171314745
390,3.9,5.769378859000375,6.637238263445688
391,3.91,5.771913635032025,6.637082618975406
392,3.92,5.772896109313937,6.636790353742136
393,3.93,5.773843780688291,6.636344978741932
394,3.94,5.7747361348348765,6.637535171336355
395,3.95,5.775209852565432,6.63700185940063
396,3.96,5.777988683649556,6.6388237319992545
397,3.97,5.778339071807313,6.639790978487236
398,3.98,5.78113198442094,6.638933954171548
399,3.99,5.780300585117243,6.63935594185466
400,4.0,5.782346528212077,6.639501328338179
401,4.01,5.780163970120802,6.6407278176495055
402,4.0200000000000005,5.782897295972201,6.640524311816346
403,4.03,5.784486607052193,6.640651496900101
404,4.04,5.785134542719502,6.641287694267756
405,4.05,5.785688370419623,6.640042708013821
406,4.0600000000000005,5.7896329631171435,6.641572041900552
407,4.07,5.788146223045359,6.641204613135816
408,4.08,5.788571605112288,6.641874825347009
409,4.09,5.790782196677521,6.640070905782617
410,4.1,5.791319312736603,6.640829070386368
411,4.11,5.792984561591298,6.643951193240644
412,4.12,5.793909254446073,6.641017218395815
413,4.13,5.79270606874559,6.6415801182366385
414,4.14,5.793023608282025,6.642416652514089
415,4.15,5.7964565029234185,6.6425290750416375
416,4.16,5.798442501715201,6.642772692224321
417,4.17,5.7980644019200644,6.644169409646943
418,4.18,5.800360545726995,6.6429338091556875
419,4.19,5.800428756782998,6.644826696904345
420,4.2,5.801119193594222,6.64314749217956
421,4.21,5.800698188687438,6.644470476269577
422,4.22,5.80304229676452,6.643561590598617
423,4.23,5.803471813042859,6.643946574569279
424,4.24,5.8042476959085265,6.645400517643298
425,4.25,5.804622065995635,6.645059769327962
426,4.26,5.804423294788333,6.645817353867977
427,4.2700000000000005,5.804858716808427,6.644755262428361
428,4.28,5.80822176571416,6.644747510834071
429,4.29,5.807479494808323,6.645585756998951
430,4.3,5.809298068964525,6.6440503244880675
431,4.3100000000000005,5.809098930578375,6.646075583098709
432,4.32,5.809914332135843,6.645590556376736
433,4.33,5.811915437249538,6.645268521083307
434,4.34,5.812084311757049,6.646426079217627
435,4.3500000000000005,5.814985282144478,6.646225426624033
436,4.36,5.8125345000317985,6.646223756981949
437,4.37,5.814834477825122,6.645264638152689
438,4.38,5.814739113103049,6.646701854386936
439,4.39,5.815295337065013,6.6444216803518685
440,4.4,5.817327500662634,6.646833558972081
441,4.41,5.816864066843039,6.648422267849516
442,4.42,5.818292995842145,6.646263377666416
443,4.43,5.819314365425233,6.645740308418298
444,4.44,5.819758647433596,6.647932069548567
445,4.45,5.820799244397453,6.645711945184057
446,4.46,5.822092142854738,6.646404323947821
447,4.47,5.822117275083497,6.647456880977531
448,4.48,5.8236215591249145,6.647567702988571
449,4.49,5.824624449678885,6.64819086923075
450,4.5,5.822681971037465,6.647601614802073
451,4.51,5.825172794496791,6.6478351033096725
452,4.5200000000000005,5.827167100694855,6.64525875041272
453,4.53,5.826064424736919,6.647597487411323
454,4.54,5.829744105208098,6.648527730818822
455,4.55,5.828010050213303,6.648393943233186
456,4.5600000000000005,5.829593849362134,6.647659746114276
457,4.57,5.829873393166154,6.647045014365499
458,4.58,5.83210120788324,6.647548732090686
459,4.59,5.83264350882967,6.648610588542722
460,4.6000000000000005,5.830410438855229,6.647243764905648
461,4.61,5.833383387303879,6.646389215590899
462,4.62,5.833923646633445,6.648153463081364
463,4.63,5.8316898502405135,6.648569790486574
464,4.64,5.8344348516336675,6.647135020003121
465,4.65,5.833285663592495,6.647879751530825
466,4.66,5.835797697870572,6.648309783271177
467,4.67,5.835410296582434,6.648292065093711
468,4.68,5.837297088989742,6.64708185440748
469,4.69,5.839044409354724,6.648559894902164
470,4.7,5.837267974969364,6.648004628567019
471,4.71,5.838168554729651,6.646542696775406
472,4.72,5.838934393752353,6.6472166045075545
473,4.73,5.839016861234472,6.646673612156409
474,4.74,5.841684501618218,6.648371554613736
475,4.75,5.842006255233746,6.648239329032069
476,4.76,5.841673028858896,6.649731612409413
477,4.7700000000000005,5.843076856993213,6.6483019284806675
478,4.78,5.845245880537701,6.6467577224489345
479,4.79,5.846440837884755,6.64751206402861
480,4.8,5.844730908529101,6.64596516344504
481,4.8100000000000005,5.844956296039762,6.6487795374269325
482,4.82,5.847956964212836,6.646381215674979
483,4.83,5.846914129840984,6.647582798616857
484,4.84,5.8481490161774445,6.6482109216406124
485,4.8500000000000005,5.849636201278441,6.648555146401524
486,4.86,5.84735961417719,6.648205627322983
487,4.87,5.850027698336469,6.648641144437443
488,4.88,5.849990888868173,6.648495945537991
489,4.89,5.8508946488385565,6.6485807556091
490,4.9,5.851733641080489,6.648998973344156
491,4.91,5.851469319441741,6.648610838339802
492,4.92,5.853260332247214,6.647279993961701
493,4.93,5.852131211810756,6.647975192232702
494,4.94,5.853634094863661,6.648424781796463
495,4.95,5.8558253154133295,6.647038813580049
496,4.96,5.85643721018365,6.6483951068046885
497,4.97,5.855769649754571,6.648560832835259
498,4.98,5.856299139474542,6.64864863654029
499,4.99,5.856273499964125,6.647937972420516
500,5.0,5.8577253643305305,6.647903499804703
501,5.01,5.858690314070384,6.648535983887785
502,5.0200000000000005,5.856990665575818,6.647594200810988
503,5.03,5.861528318971108,6.649370560809219
504,5.04,5.8596478427631045,6.648435343013513
505,5.05,5.859801215122387,6.649292658801
506,5.0600000000000005,5.861379985110963,6.6475759719765275
507,5.07,5.860487773726029,6.648796517611949
508,5.08,5.862408038813155,6.64901759661117
509,5.09,5.8641609595107145,6.649477385700216
510,5.1000000000000005,5.863874110603257,6.648877246375099
511,5.11,5.865380792101197,6.6486267947975435
512,5.12,5.8655679202454,6.648623706742769
513,5.13,5.864168166171559,6.648308740705756
514,5.14,5.866879321366988,6.646845601888004
515,5.15,5.866963198256384,6.647652096710206
516,5.16,5.866891791245948,6.647001071655968
517,5.17,5.867825620838783,6.649017697056109
518,5.18,5.868867762348127,6.648671477278591
519,5.19,5.867523941450852,6.647366343994243
520,5.2,5.8689347385903385,6.648433487065867
521,5.21,5.870583333439346,6.648194591931417
522,5.22,5.870416465905165,6.647457626428916
523,5.23,5.8710572081781,6.647225096383182
524,5.24,5.8717551344287555,6.647954936596478
525,5.25,5.870469411195692,6.64743293958755
526,5.26,5.872051152056018,6.648603029210487
527,5.2700000000000005,5.871247860557529,6.647640151571429
528,5.28,5.873305052579482,6.647343951081703
529,5.29,5.873712971153155,6.647942249493201
530,5.3,5.875717692103839,6.646499647118544
531,5.3100000000000005,5.875936188290433,6.646680156731943
532,5.32,5.8757729657697775,6.648232884801816
533,5.33,5.874365431635774,6.6464655608755425
534,5.34,5.876605515319127,6.647884563077267
535,5.3500000000000005,5.875475475422856,6.6491741966907965
536,5.36,5.8775978701609155,6.647019652719792
537,5.37,5.8772415233861635,6.648426259413503
538,5.38,5.879568434466393,6.647183841668052
539,5.39,5.879234491045018,6.646582630311401
540,5.4,5.875775473388009,6.647210800200946
541,5.41,5.880424089937894,6.64582859539913
542,5.42,5.881024244386739,6.646926807025787
543,5.43,5.880544575257776,6.646683301998228
544,5.44,5.878854768177701,6.6469208842082415
545,5.45,5.880830115702922,6.646116952713908
546,5.46,5.880968183072218,6.6456118510394955
547,5.47,5.8802773632546685,6.646774839653946
548,5.48,5.882708381456378,6.646808101934189
549,5.49,5.883287571591334,6.645483666821761
550,5.5,5.884006209283228,6.6469956928058345
551,5.51,5.885596012664108,6.644942102014906
552,5.5200000000000005,5.884143674529044,6.6458433107436266
553,5.53,5.886009557341046,6.645571314961339
554,5.54,5.885313175059432,6.6450973758386676
555,5.55,5.884155856675501,6.64590381587269
556,5.5600000000000005,5.885700834237927,6.646985889546845
557,5.57,5.886881573055641,6.645594643531364
558,5.58,5.8860259674307205,6.644125467232973
559,5.59,5.8868268740288,6.644664751798964
560,5.6000000000000005,5.889206008617792,6.644080062908203
561,5.61,5.888071283092229,6.645561960191041
562,5.62,5.889519851840874,6.6446685653358255
563,5.63,5.889955294465044,6.646529512001574
564,5.64,5.891670003690056,6.644582103502564
565,5.65,5.891049437617812,6.6429036327447015
566,5.66,5.8914262049212835,6.644418599827747
567,5.67,5.890312710749963,6.644214124676878
568,5.68,5.891510423162915,6.64349776068382
569,5.69,5.890459955418661,6.645264420297087
570,5.7,5.890990577843812,6.6449210008549375
571,5.71,5.892481710027902,6.644002817686033
572,5.72,5.892703087159316,6.644447545624488
573,5.73,5.89324454797742,6.643174876977402
574,5.74,5.894672737108687,6.645067780030188
575,5.75,5.893982426078946,6.643627827372934
576,5.76,5.893005827829926,6.6433048062591755
577,5.7700000000000005,5.893881669163082,6.6441985659889164
578,5.78,5.895728496213343,6.643967055383663
579,5.79,5.896294367001269,6.641703835328531
580,5.8,5.895122840818284,6.641643370753436
581,5.8100000000000005,5.8972357597449445,6.644185887553503
582,5.82,5.895317960211619,6.641940495334931
583,5.83,5.8987341717987185,6.643555562415161
584,5.84,5.8981303260094435,6.6426536046660685
585,5.8500000000000005,5.899227051095839,6.643062996795536
586,5.86,5.897945036342872,6.643637594500084
587,5.87,5.899287265087073,6.640637838326761
588,5.88,5.897929287379413,6.642861125477901
589,5.89,5.900348273562678,6.641622636584616
590,5.9,5.900609968063246,6.641306180431696
591,5.91,5.898410772215248,6.64047334517222
592,5.92,5.901142341566005,6.641115965717045
593,5.93,5.9011962217522,6.642823784888868
594,5.94,5.901178949768378,6.641511849944032
595,5.95,5.901241041450293,6.641595494865022
596,5.96,5.9012860514001915,6.642114842855677
597,5.97,5.9019324082318585,6.639482642445294
598,5.98,5.904339176777091,6.640374768060231
599,5.99,5.902873540208655,6.640348646770703
600,6.0,5.903964728775555,6.639874326287506
601,6.01,5.903546881839183,6.640642297507926
602,6.0200000000000005,5.90342227098007,6.640677728426593
603,6.03,5.904447582504967,6.6407061249441615
604,6.04,5.90650425396354,6.640802193333133
605,6.05,5.904341820559914,6.639749526036075
606,6.0600000000000005,5.9050746610002385,6.639855014245892
607,6.07,5.904433915533678,6.638524628019811
608,6.08,5.907186287507886,6.637903566764276
609,6.09,5.906152341423523,6.638467696706073
610,6.1000000000000005,5.905894736430705,6.638348302268132
611,6.11,5.90620911637562,6.638977575467175
612,6.12,5.907494753937741,6.639327638044901
613,6.13,5.909056844151024,6.638790567907663
614,6.140000000000001,5.907335498874387,6.6380919378579835
615,6.15,5.908337151710278,6.6376270145769105
616,6.16,5.9073748113326925,6.638562607945888
617,6.17,5.908994486139524,6.639314873366694
618,6.18,5.908483756099896,6.636683000128076
619,6.19,5.90993745579246,6.637989847913601
620,6.2,5.91075080581081,6.637602242833774
621,6.21,5.912175033963038,6.638091147698365
622,6.22,5.910419453951929,6.636401708066714
623,6.23,5.910037224802704,6.636798635476189
624,6.24,5.912506363631366,6.635957634717043
625,6.25,5.9125189514291465,6.636769299547935
626,6.26,5.911922177175441,6.636568038002824
627,6.2700000000000005,5.91161016980789,6.6354722450041175
628,6.28,5.911571366804093,6.635397263720507
629,6.29,5.910464116660547,6.636648349963338
630,6.3,5.911096218984683,6.636300752297938
631,6.3100000000000005,5.912801174706714,6.635383163147375
632,6.32,5.913506755502131,6.636072633726661
633,6.33,5.913557215363635,6.634128908236649
634,6.34,5.913785422875758,6.634335890271562
635,6.3500000000000005,5.912645044524913,6.635524491814516
636,6.36,5.916467668686813,6.634689496768568
637,6.37,5.914613375366347,6.6348242835193965
638,6.38,5.91462941778829,6.634143893931466
639,6.390000000000001,5.912283968264386,6.6352486622902065
640,6.4,5.914385254542817,6.633367366551717
641,6.41,5.914680755420395,6.632808724616859
642,6.42,5.9167902426853365,6.632147916508849
643,6.43,5.915269273126914,6.631929253662344
644,6.44,5.91699421784669,6.6335421635727165
645,6.45,5.915405218078829,6.632982849727547
646,6.46,5.916205206317518,6.633604052975794
647,6.47,5.91705004822666,6.633873631943272
648,6.48,5.91798252514647,6.633248171406293
649,6.49,5.918640666650565,6.633498697557718
650,6.5,5.918439146267672,6.633536552089836
651,6.51,5.918205035581186,6.630810528607405
652,6.5200000000000005,5.918743837376605,6.633114530122227
653,6.53,5.917325482360281,6.63144038542971
654,6.54,5.920614215070434,6.631984422652958
655,6.55,5.920608417741524,6.6324775121714605
656,6.5600000000000005,5.919216772624894,6.630785708914285
657,6.57,5.920202503463183,6.629393673987093
658,6.58,5.921096063643981,6.629132240688215
659,6.59,5.919483120083614,6.630747505258854
660,6.6000000000000005,5.919722728822064,6.629701614805629
661,6.61,5.920229910732342,6.630042883111991
662,6.62,5.920620785608954,6.629665062186053
663,6.63,5.921824598504205,6.630869166731053
664,6.640000000000001,5.921582762323179,6.629689007283809
665,6.65,5.920735509613067,6.6302546695001965
666,6.66,5.923899387087228,6.630542486947104
667,6.67,5.924807602623212,6.628099231740745
668,6.68,5.923534407821055,6.628032191358966
669,6.69,5.923263841857457,6.628615284987591
670,6.7,5.925506235107636,6.627916720201731
671,6.71,5.922831959068614,6.628586314550364
672,6.72,5.922821436802655,6.627432478952957
673,6.73,5.924355424342442,6.628683758724565
674,6.74,5.924727142043847,6.627774541231473
675,6.75,5.923998791048318,6.6270517741228225
676,6.76,5.925993294888234,6.627897510866864
677,6.7700000000000005,5.926542071280986,6.6281895346833455
678,6.78,5.926252990258705,6.62829773590079
679,6.79,5.926541150749004,6.629668888194153
680,6.8,5.926661315426256,6.627037210541676
681,6.8100000000000005,5.926485421003852,6.627403558184212
682,6.82,5.928059848549307,6.627251422899944
683,6.83,5.928152893053943,6.6266810460257926
684,6.84,5.927881635802042,6.627057668771293
685,6.8500000000000005,5.9263917190639726,6.626046740881394
686,6.86,5.92693001893888,6.626368589080702
687,6.87,5.9279651520565935,6.625689786816148
688,6.88,5.928655144127623,6.626835567108058
689,6.890000000000001,5.928870895790695,6.627853204008518
690,6.9,5.9287138735562745,6.626351746000336
691,6.91,5.928775776643722,6.625677203522746
692,6.92,5.929168215638428,6.624883423069733
693,6.93,5.929672602221331,6.625936735949382
694,6.94,5.929396248619681,6.626103293625336
695,6.95,5.929477113948299,6.625494974781401
696,6.96,5.929112222138661,6.624290306720048
697,6.97,5.930760053094452,6.62535645537655
698,6.98,5.930183280940892,6.624175298473192
699,6.99,5.930729100064153,6.624998977851223
700,7.0,5.93060600584958,6.624227536182778
701,7.01,5.931526371176439,6.623767533041252
702,7.0200000000000005,5.932906079163641,6.625052239925311
703,7.03,5.9310371750864155,6.624006280039823
704,7.04,5.931586778146726,6.623474871304013
705,7.05,5.932575708634615,6.623786675515894
706,7.0600000000000005,5.930424862792322,6.623567385206185
707,7.07,5.934977232455807,6.622724993884754
708,7.08,5.933413011159786,6.623644233969068
709,7.09,5.934707747328152,6.62327594558135
710,7.1000000000000005,5.93361910648684,6.622233016489042
711,7.11,5.933136162505719,6.622281370875473
712,7.12,5.935752897700733,6.621254377721195
713,7.13,5.934763234106779,6.621488288590493
714,7.140000000000001,5.935628606626718,6.621954930666181
715,7.15,5.934399217258059,6.621315602323703
716,7.16,5.935662949187435,6.622008632341921
717,7.17,5.935036165576825,6.622764747438646
718,7.18,5.934502844284898,6.6223774650045
719,7.19,5.9356116029472945,6.621532582481841
720,7.2,5.937301686417687,6.622147810232458
721,7.21,5.937841070287965,6.621792834132702
722,7.22,5.936038900362887,6.621894041927157
723,7.23,5.936149782986729,6.620809006565239
724,7.24,5.937911139216939,6.62119179459235
725,7.25,5.937392363173491,6.62005814831538
726,7.26,5.938783462603179,6.620675774776125
727,7.2700000000000005,5.937286301340764,6.6194830980788115
728,7.28,5.938982004336633,6.620985512533502
729,7.29,5.938068355310251,6.619569187062039
730,7.3,5.93972137290024,6.61991201133646
731,7.3100000000000005,5.9393795514898695,6.619498034840612
732,7.32,5.940786754045181,6.619856306367924
733,7.33,5.940483202271373,6.61956208485036
734,7.34,5.941225287429495,6.61939792437931
735,7.3500000000000005,5.940003185998994,6.61914080530064
736,7.36,5.9419430711633945,6.617973333453625
737,7.37,5.938685006960484,6.619105790848337
738,7.38,5.942729258858353,6.617999376272107
739,7.390000000000001,5.940076815013301,6.618114484268979
740,7.4,5.9420269601317885,6.618165445855719
741,7.41,5.94093241433299,6.617573516951855
742,7.42,5.942114427938855,6.617875091222854
743,7.43,5.942792997641543,6.61815894917687
744,7.44,5.942782325150519,6.618159926698856
745,7.45,5.943209366108743,6.617064171280465
746,7.46,5.94302290024346,6.618189110870146
747,7.47,5.943411209869431,6.618644166017056
748,7.48,5.944028450209743,6.618059920313166
749,7.49,5.945161831632046,6.6163971168002815
750,7.5,5.944604941761781,6.615789086446682
751,7.51,5.942768219634102,6.617564252878009
752,7.5200000000000005,5.944445757760865,6.616732307734714
753,7.53,5.94375822377864,6.616391129429025
754,7.54,5.943980461664469,6.6174461860273945
755,7.55,5.94424324311929,6.616404537879328
756,7.5600000000000005,5.946503143247789,6.616286770523344
757,7.57,5.946525391585109,6.615845951331563
758,7.58,5.946511987423997,6.615271783854163
759,7.59,5.945201006380809,6.615977601690521
760,7.6000000000000005,5.946953030649427,6.615541452007093
761,7.61,5.947519885215063,6.61627031205133
762,7.62,5.946133189267761,6.614514809942521
763,7.63,5.946076630897837,6.614441557864823
764,7.640000000000001,5.946623790359951,6.615589914053203
765,7.65,5.9469324362904565,6.615653330510879
766,7.66,5.946812640211584,6.613557774076571
767,7.67,5.947862596923911,6.615002847507876
768,7.68,5.94649207604281,6.615358879976119
769,7.69,5.948268733597827,6.6139222382227985
770,7.7,5.945805510458475,6.613847049569865
771,7.71,5.948497347182249,6.614388452485769
772,7.72,5.948285672900818,6.613842247644761
773,7.73,5.949630218697777,6.614992652595392
774,7.74,5.949545483674377,6.614649716686147
775,7.75,5.950131868024118,6.613233798903045
776,7.76,5.949018035510278,6.613363501521292
777,7.7700000000000005,5.9501554912806025,6.613197314371038
778,7.78,5.949685325596907,6.613094618685526
779,7.79,5.950777354576347,6.611947813184193
780,7.8,5.95082161883673,6.612122567406267
781,7.8100000000000005,5.951612856492023,6.612664892248793
782,7.82,5.952779231680037,6.611815165228178
783,7.83,5.950480578842826,6.612341751830506
784,7.84,5.949449252387853,6.611073201692298
785,7.8500000000000005,5.953185286202394,6.612263685656564
786,7.86,5.95237333875476,6.610893074045953
787,7.87,5.951556409146801,6.611374672038904
788,7.88,5.952210022046287,6.612393105681437
789,7.890000000000001,5.9520125629783065,6.6113880285050195
790,7.9,5.9520746116407635,6.612661863234905
791,7.91,5.952936614664811,6.610436578376427
792,7.92,5.95364187614996,6.609994755720259
793,7.930000000000001,5.953699892858175,6.611461903811649
794,7.94,5.953659064829217,6.609709641113098
795,7.95,5.953523770981325,6.609112815538109
796,7.96,5.953678028723339,6.611711960706177
797,7.97,5.953324898910418,6.6103328727858655
798,7.98,5.952649605271006,6.609156837854143
799,7.99,5.9535088032905685,6.610303788840353
800,8.0,5.955162044749435,6.609087101077672
801,8.01,5.9539449366303625,6.60817081402468
802,8.02,5.955191214220349,6.609574024188974
803,8.03,5.953409371263722,6.608862158366103
804,8.040000000000001,5.955200902868564,6.608526216228006
805,8.05,5.953982261348622,6.6085635628128685
806,8.06,5.955106573100217,6.608499813429211
807,8.07,5.95533154116619,6.609031596112623
808,8.08,5.954423222949815,6.607958154084389
809,8.09,5.955404420488785,6.606891862376923
810,8.1,5.956327177478586,6.607680750497658
811,8.11,5.9556417305661675,6.607199125426005
812,8.120000000000001,5.956101363153043,6.606399399202658
813,8.13,5.956722821932255,6.608688305270186
814,8.14,5.957346953709541,6.606014860942232
815,8.15,5.955427633397471,6.60641591361318
816,8.16,5.956570038436009,6.608619140659108
817,8.17,5.957564911269684,6.60772738737475
818,8.18,5.958343981309785,6.607026568583348
819,8.19,5.958501217048257,6.606222547859354
820,8.2,5.955989576226846,6.606927745935167
821,8.21,5.9573645046384645,6.60602481363335
822,8.22,5.956484261073653,6.606364220381929
823,8.23,5.959892807615948,6.607111713495586
824,8.24,5.9588378980813195,6.604565012361198
825,8.25,5.958015848603767,6.605496416399613
826,8.26,5.9592722668237945,6.6058990024194
827,8.27,5.959185007751026,6.604946834467002
828,8.28,5.958669340503002,6.604650691068388
829,8.290000000000001,5.957870292973681,6.605627472478687
830,8.3,5.960549778212225,6.605225586744902
831,8.31,5.957985950549911,6.604519842726861
832,8.32,5.960630421849161,6.605569225006811
833,8.33,5.958295030757752,6.604144189114146
834,8.34,5.959720245545612,6.6039260178543415
835,8.35,5.9601081699677945,6.604041000721588
836,8.36,5.95803385458141,6.604539382301382
837,8.370000000000001,5.9591579532104015,6.60418990773873
838,8.38,5.960293016483682,6.603787597060616
839,8.39,5.961248942363482,6.604639776745403
840,8.4,5.962048895106577,6.603806956604772
841,8.41,5.960237111490361,6.602625977872944
842,8.42,5.96157858109706,6.604318367303468
843,8.43,5.96277385602743,6.601874805679923
844,8.44,5.959530619695544,6.602072670130362
845,8.45,5.963664653248972,6.603563399334811
846,8.46,5.962458828669231,6.603419984814004
847,8.47,5.961827832597429,6.602090146028978
848,8.48,5.962229702674768,6.603419086197655
849,8.49,5.961686926969705,6.600862965919907
850,8.5,5.962744505664418,6.601655163659832
851,8.51,5.962900262075462,6.599588128537334
852,8.52,5.963870458711174,6.600101341666552
853,8.53,5.963013786920877,6.599950571468862
854,8.540000000000001,5.963861708578205,6.600505895582649
855,8.55,5.9642534354158805,6.600659156100872
856,8.56,5.9620241436121315,6.601304298462236
857,8.57,5.963226492045162,6.599746981571625
858,8.58,5.9643322933825225,6.599614908752022
859,8.59,5.964111916947252,6.599897775078095
860,8.6,5.96377463972724,6.600253214751284
861,8.61,5.963449758612276,6.598963751708686
862,8.620000000000001,5.962522204373012,6.59932672017169
863,8.63,5.966048708915566,6.599192193783808
864,8.64,5.964828470264777,6.600382715986683
865,8.65,5.965846593346982,6.598724271082987
866,8.66,5.966688159443325,6.599031177734878
867,8.67,5.964717382610844,6.598859324779135
868,8.68,5.967643886123061,6.599759017292301
869,8.69,5.965279519956097,6.59848109935984
870,8.700000000000001,5.964426306165954,6.597109083459905
871,8.71,5.963287157387627,6.598972079681801
872,8.72,5.966688877556953,6.5971033058104975
873,8.73,5.965494200246796,6.598640371118501
874,8.74,5.965302302154656,6.598512345904062
875,8.75,5.966295864568955,6.596881651051312
876,8.76,5.965883025501191,6.597137910837872
877,8.77,5.967987224513301,6.597246929577996
878,8.78,5.965323895275411,6.597639813967372
879,8.790000000000001,5.967707390345043,6.596926780931898
880,8.8,5.967942968034916,6.595300379787574
881,8.81,5.968035940977003,6.5959750572601425
882,8.82,5.967523114146033,6.595287888730831
883,8.83,5.9667381441237195,6.59688073601404
884,8.84,5.967134173051937,6.595151621310201
885,8.85,5.968012080846911,6.595545415869819
886,8.86,5.968675771446355,6.5957635043307015
887,8.870000000000001,5.9673984314599755,6.595011348378195
888,8.88,5.967900053437385,6.595274770645216
889,8.89,5.969001897168705,6.595400954621919
890,8.9,5.969009929559317,6.595569147704546
891,8.91,5.969050786926451,6.5948477874432445
892,8.92,5.967678898254022,6.59439656819389
893,8.93,5.967836642932469,6.594131592678737
894,8.94,5.968007336661998,6.594767938622919
895,8.950000000000001,5.970626689840304,6.594950548575541
896,8.96,5.967912761711631,6.593539476121688
897,8.97,5.969455012345791,6.593501897881835
898,8.98,5.967237238187543,6.59467834429883
899,8.99,5.97162855239588,6.594556526759383
900,9.0,5.970030088623257,6.594815964282419
901,9.01,5.9717166012392795,6.592316305533087
902,9.02,5.969621622321665,6.593241454289364
903,9.03,5.9713408449091565,6.592989315785069
904,9.040000000000001,5.970732218325439,6.593082780928242
905,9.05,5.969914928722602,6.593242264598213
906,9.06,5.971148437131679,6.593345998838427
907,9.07,5.970164378119441,6.591971242027082
908,9.08,5.971671768235989,6.590735169907489
909,9.09,5.971465741576943,6.592520410029713
910,9.1,5.971659504025806,6.591341532798039
911,9.11,5.9716097649508075,6.592060869190833
912,9.120000000000001,5.972347921824841,6.59193930773995
913,9.13,5.972059839536023,6.59197038165736
914,9.14,5.970405294867097,6.590088612747486
915,9.15,5.971607127981964,6.591338066014506
916,9.16,5.974642945511164,6.590920146690037
917,9.17,5.971273139642335,6.591052441957578
918,9.18,5.973521768403471,6.592199908339603
919,9.19,5.973405760154698,6.59202965181987
920,9.200000000000001,5.9737048727363256,6.591393520890041
921,9.21,5.973138774055964,6.589878061978539
922,9.22,5.9723182024887045,6.589249677019977
923,9.23,5.971757546476569,6.590125887212531
924,9.24,5.974558940866028,6.591004231671846
925,9.25,5.974878999192205,6.590292931195186
926,9.26,5.972453723189298,6.589107365265903
927,9.27,5.974417897173886,6.589224589007608
928,9.28,5.973682772054561,6.588133339716851
929,9.290000000000001,5.974122531091251,6.588929444484817
930,9.3,5.97581234256053,6.589603603781887
931,9.31,5.975215461974416,6.589715975302341
932,9.32,5.975573243425715,6.589559944814762
933,9.33,5.975991139475901,6.589876043963515
934,9.34,5.973338021865156,6.589996412560971
935,9.35,5.974253040101358,6.5894266115940345
936,9.36,5.974744547624411,6.587834512959786
937,9.370000000000001,5.97522164558401,6.58858525072111
938,9.38,5.97534620758499,6.588089568823139
939,9.39,5.975633562389687,6.587446319113729
940,9.4,5.976492709249463,6.587500770957096
941,9.41,5.975232455667486,6.586385890580663
942,9.42,5.976139682363869,6.586734501920019
943,9.43,5.976001260587679,6.587100075660293
944,9.44,5.9761029811894355,6.5873132365746665
945,9.450000000000001,5.976347753239071,6.586460501772995
946,9.46,5.975547813209388,6.587402398585161
947,9.47,5.97581342333701,6.58717635601474
948,9.48,5.977640585999297,6.586168411196799
949,9.49,5.978535472398997,6.58738251790668
950,9.5,5.976657559075767,6.58719566800796
951,9.51,5.977938250872931,6.587559607364421
952,9.52,5.97613255104632,6.586347678902945
953,9.53,5.976166353873196,6.586613256277053
954,9.540000000000001,5.977741864639227,6.586407363381176
955,9.55,5.9782945745324145,6.585752223098671
956,9.56,5.978036675928571,6.5861885792377155
957,9.57,5.977270720356278,6.58685155977254
958,9.58,5.977249138198508,6.584722278691871
959,9.59,5.977926762052006,6.5860923950969505
960,9.6,5.97798017234992,6.584471480984994
961,9.61,5.980432973229182,6.584004916757831
962,9.620000000000001,5.978863500432109,6.586018104033131
963,9.63,5.980396170846699,6.585605124888535
964,9.64,5.980189862723696,6.584516565588445
965,9.65,5.980637607495508,6.586135310045094
966,9.66,5.979945803742153,6.5835416076692725
967,9.67,5.979556997738699,6.584256399974149
968,9.68,5.980136847344781,6.583143688562975
969,9.69,5.981259086879854,6.584259404474223
970,9.700000000000001,5.980542825890723,6.583542444882546
971,9.71,5.9810381653064955,6.585782750774363
972,9.72,5.981762159063963,6.582576833966148
973,9.73,5.980190053533525,6.585219510910867
974,9.74,5.981473994216909,6.584935501357131
975,9.75,5.981855492635533,6.582189813858232
976,9.76,5.9812266296087095,6.583453190798458
977,9.77,5.981046476560063,6.584563437897066
978,9.78,5.9813711533696825,6.582605491214468
979,9.790000000000001,5.982669404645845,6.583175664056638
980,9.8,5.983235365905829,6.583991836616526
981,9.81,5.981793094554555,6.583174747757823
982,9.82,5.98367762628686,6.583783311130305
983,9.83,5.983261685506134,6.582852827449704
984,9.84,5.98350470488816,6.582198910481953
985,9.85,5.982662031540634,6.58418937623779
986,9.86,5.983378732705647,6.582842967663622
987,9.870000000000001,5.983011724089268,6.582583625586952
988,9.88,5.983511094695011,6.583043348234006
989,9.89,5.982046563077458,6.582342814076096
990,9.9,5.984006566847024,6.5822285365415745
991,9.91,5.983041243011293,6.58145077257546
992,9.92,5.984471934574272,6.5823042486281516
993,9.93,5.985614328626773,6.582561242216006
994,9.94,5.983814396617805,6.581356379588852
995,9.950000000000001,5.983682345564769,6.582079488877756
996,9.96,5.983580237685091,6.581952504357509
997,9.97,5.9843897507372175,6.5815053681759395
998,9.98,5.984814558068077,6.580746897028312
999,9.99,5.985580144063709,6.581273872736409
1000,10.0,5.986357298928603,6.581667385879036
1001,10.01,5.984273163774784,6.581210480950423
1002,10.02,5.985524487481801,6.581723139035079
1003,10.03,5.9870480535031225,6.580744707953761
1004,10.040000000000001,5.985197296378223,6.58098406234805
1005,10.05,5.987234262324145,6.579886771286324
1006,10.06,5.9857466052942545,6.580522593796538
1007,10.07,5.984080374951885,6.580395872313752
1008,10.08,5.987241011123199,6.580080287004997
1009,10.09,5.984548933819863,6.580152968819284
1010,10.1,5.987913774788542,6.579362805915871
1011,10.11,5.985884866665145,6.580275158360607
1012,10.120000000000001,5.986228141469796,6.579184133227173
1013,10.13,5.986681362725078,6.579784252723637
1014,10.14,5.986481793418276,6.579623810145637
1015,10.15,5.987550864113454,6.5795609730342175
1016,10.16,5.986870575271533,6.578211192382496
1017,10.17,5.9872834799785615,6.57927134531662
1018,10.18,5.9886576114765075,6.578420927402794
1019,10.19,5.987855265139101,6.577952966097519
1020,10.200000000000001,5.98839628980584,6.579280371767193
1021,10.21,5.988379098681982,6.579898827545139
1022,10.22,5.987751322333358,6.578233094917122
1023,10.23,5.9898132765159415,6.579601283953806
1024,10.24,5.987159273598078,6.57881063161776
1025,10.25,5.988184377340183,6.579014493393263
1026,10.26,5.989853324241703,6.5767469399419705
1027,10.27,5.988909273441199,6.578264532385192
1028,10.28,5.990200243946548,6.579807339886766
1029,10.290000000000001,5.9871758006548905,6.578271623187866
1030,10.3,5.990034307210569,6.577639422860363
1031,10.31,5.988621052768361,6.5777405606068085
1032,10.32,5.989390189205411,6.577884455435589
1033,10.33,5.990549834311667,6.576318099558123
1034,10.34,5.990816350762352,6.5777039082031825
1035,10.35,5.990644603177891,6.577088715031219
1036,10.36,5.991126890913077,6.577153432157544
1037,10.370000000000001,5.990722752105208,6.577898543494936
1038,10.38,5.990494213877508,6.576384694298914
1039,10.39,5.991098226475504,6.576890687674931
1040,10.4,5.991235343114532,6.5766564656363045
1041,10.41,5.99191826532879,6.57687480035167
1042,10.42,5.988771572922937,6.576850446005443
1043,10.43,5.991721257455182,6.576156564909162
1044,10.44,5.992262686565962,6.5761866194094685
1045,10.450000000000001,5.991177609548679,6.575322762759386
1046,10.46,5.99180449300366,6.574901996609719
1047,10.47,5.991021313201126,6.575332006943996
1048,10.48,5.991926207883477,6.577146483631357
1049,10.49,5.990480218102202,6.576178506129071
1050,10.5,5.992572203572962,6.575859930259695
1051,10.51,5.993062608017284,6.57548884189942
1052,10.52,5.993009027918954,6.574110201296756
1053,10.53,5.9929332446126224,6.576379740808722
1054,10.540000000000001,5.995015364148637,6.575881179281968
1055,10.55,5.99216906488803,6.575578287117928
1056,10.56,5.992052271469257,6.574913671246347
1057,10.57,5.992299499002243,6.573808965792496
1058,10.58,5.993455247810976,6.574426620192982
1059,10.59,5.994491319908466,6.574807084736283
1060,10.6,5.991889513276775,6.57384625426158
1061,10.61,5.994427818583,6.573956764516285
1062,10.620000000000001,5.994377957804946,6.573515235627401
1063,10.63,5.992333534274186,6.573366345583156
1064,10.64,5.993335563620506,6.573924235383528
1065,10.65,5.9943779873293135,6.572519742072408
1066,10.66,5.993006859157677,6.573326479623909
1067,10.67,5.995407775014651,6.573002962542011
1068,10.68,5.993458101113402,6.571854919075601
1069,10.69,5.996300669348026,6.572794999484867
1070,10.700000000000001,5.995278185485576,6.574491982976709
1071,10.71,5.994365200222492,6.572386019320438
1072,10.72,5.994856008935093,6.573607710300729
1073,10.73,5.995717543519921,6.57185585035087
1074,10.74,5.9948755235377975,6.573451110351007
1075,10.75,5.994711482383467,6.573266466262829
1076,10.76,5.997071342723072,6.5723145706656085
1077,10.77,5.99492405346783,6.572272960505998
1078,10.78,5.993800857929065,6.572048851865584
1079,10.790000000000001,5.99713415180163,6.572891706942039
1080,10.8,5.99518402027908,6.572020597913744
1081,10.81,5.996384651073416,6.572119053628389
1082,10.82,5.995991485799186,6.573365374879301
1083,10.83,5.996693035557798,6.572053261719462
1084,10.84,5.99576834086336,6.571451801632694
1085,10.85,5.99633546400921,6.571481922129559
1086,10.86,5.998529519438159,6.5721048016083135
1087,10.870000000000001,5.996059053205112,6.570967697041595
1088,10.88,5.997554009059681,6.57129561422991
1089,10.89,5.997796897342271,6.570853440887934
1090,10.9,5.995634021262832,6.5707923313901855
1091,10.91,5.997864008442901,6.571517714228695
1092,10.92,5.997371527924546,6.571258578599186
1093,10.93,5.999466544305964,6.57088287928113
1094,10.94,5.9977159109872,6.570423989580203
1095,10.950000000000001,5.997966357091242,6.571303124823819
1096,10.96,5.996594370887413,6.570015786413352
1097,10.97,5.997416591980751,6.568706557157977
1098,10.98,5.998063483119729,6.569561810000249
1099,10.99,5.996780826997465,6.571487998951648
1100,11.0,5.998179895915847,6.568965839797459
1101,11.01,5.998306486571383,6.570424026970694
1102,11.02,5.997996383682321,6.56883395129394
1103,11.03,6.000012913235423,6.567329061824449
1104,11.040000000000001,5.999036981639677,6.568378456013253
1105,11.05,5.998292747860447,6.569297525262081
1106,11.06,5.997698687534628,6.569714738098981
1107,11.07,5.997281187958814,6.567885104366437
1108,11.08,5.997652756495172,6.568150923409008
1109,11.09,6.00015718325953,6.568538571094195
1110,11.1,5.9986024411564545,6.568089025167495
1111,11.11,5.999580676209729,6.568115829820723
1112,11.120000000000001,5.998770728909915,6.568520153922816
1113,11.13,5.999089154081118,6.568048432388539
1114,11.14,6.000457399933312,6.567843908764502
1115,11.15,5.9996659964398384,6.568044518765965
1116,11.16,5.998836277602793,6.5684911687037655
1117,11.17,5.9985001070033706,6.567693652199624
1118,11.18,6.000958035134217,6.568801734882496
1119,11.19,6.000394872881463,6.5677732712320855
1120,11.200000000000001,5.999530598448354,6.566643691128206
1121,11.21,5.999050612871432,6.565543442078786
1122,11.22,5.998912386825046,6.566423482773576
1123,11.23,6.001928320512085,6.568027753555669
1124,11.24,5.999940963941323,6.567138525097261
1125,11.25,5.999843843709363,6.5653651063583816
1126,11.26,6.000496737831702,6.566967989485581
1127,11.27,5.9998497766485315,6.567410327214397
1128,11.28,6.000479187430732,6.565036261561733
1129,11.290000000000001,6.001184593850674,6.566199368192615
1130,11.3,6.0012322334999,6.565423710543598
1131,11.31,6.000923782376792,6.567060483844958
1132,11.32,6.001887080178995,6.56607520888444
1133,11.33,6.002647852460341,6.5660401046275645
1134,11.34,6.0016217755793155,6.5657339868209865
1135,11.35,6.001639836486266,6.56455735121805
1136,11.36,6.002775885044005,6.565337026222582
1137,11.370000000000001,6.001444440384716,6.56466670038898
1138,11.38,6.0024512921884305,6.56515805014615
1139,11.39,6.00044099331471,6.565576571938829
1140,11.4,6.001292827885844,6.564594192267899
1141,11.41,6.002813643331294,6.564827445410965
1142,11.42,6.004170790646557,6.563929364584732
1143,11.43,6.002618576615831,6.564716405993755
1144,11.44,6.003346377792262,6.563119112252473
1145,11.450000000000001,6.002084243527246,6.563331619315945
1146,11.46,6.001405827458971,6.564386441923769
1147,11.47,6.003416224852312,6.564079267548898
1148,11.48,6.002657265174446,6.562588386285721
1149,11.49,6.00083875668784,6.562925973790395
1150,11.5,6.001212798189207,6.56253400388798
1151,11.51,6.003156528370161,6.563446730621191
1152,11.52,6.004740589155187,6.562964802468275
1153,11.53,6.003837485138083,6.562759627644111
1154,11.540000000000001,6.00309602901887,6.563130435555236
1155,11.55,6.0037412069339,6.563844603874115
1156,11.56,6.002248134901339,6.563194690910929
1157,11.57,6.003928113734807,6.562608872449237
1158,11.58,6.004876802950045,6.561370164703943
1159,11.59,6.00538045568488,6.5616403590481545
1160,11.6,6.003396545231107,6.562447984958006
1161,11.61,6.005372116609862,6.562882501501606
1162,11.620000000000001,6.003099997995273,6.561927527519409
1163,11.63,6.00447309033481,6.562075850958124
1164,11.64,6.004878522199543,6.562637052795333
1165,11.65,6.003145928859201,6.560388276336116
1166,11.66,6.003035477911857,6.56230400109392
1167,11.67,6.00429156102077,6.560851532145802
1168,11.68,6.003727726443433,6.560349795358803
1169,11.69,6.003344589595256,6.561422722674925
1170,11.700000000000001,6.003862922289995,6.561307107214057
1171,11.71,6.00624570906344,6.560175806019911
1172,11.72,6.0050732204406,6.560564502781041
1173,11.73,6.005123857466891,6.561528065518952
1174,11.74,6.00375132726044,6.5607387459279565
1175,11.75,6.005722569629076,6.560191377415004
1176,11.76,6.006521705925863,6.560058986145964
1177,11.77,6.002698592226207,6.55921884634158
1178,11.78,6.006216797609246,6.55940563364641
1179,11.790000000000001,6.005210203343314,6.560259130722337
1180,11.8,6.0077693440664115,6.559355013577489
1181,11.81,6.005738114465015,6.5592590646643165
1182,11.82,6.004534464357837,6.560219364911019
1183,11.83,6.006712279650538,6.558403003213574
1184,11.84,6.006821979769947,6.559344076923409
1185,11.85,6.006678326517717,6.559184033324391
1186,11.86,6.005660224712029,6.56002454511944
1187,11.870000000000001,6.005208118418507,6.55805559207536
1188,11.88,6.004651415965181,6.558987166112068
1189,11.89,6.007739293130967,6.559283685021163
1190,11.9,6.005094294806878,6.556722815078028
1191,11.91,6.007260960728931,6.5588753747571396
1192,11.92,6.0053620407323365,6.558695246709063
1193,11.93,6.007163396806256,6.557568862197469
1194,11.94,6.007191697371868,6.557861453127332
1195,11.950000000000001,6.006868939217711,6.558061702667465
1196,11.96,6.007371265367491,6.558259450234081
1197,11.97,6.006668280173721,6.558994621123677
1198,11.98,6.007402852823809,6.558108839245186
1199,11.99,6.008667057654201,6.557723550085389
1200,12.0,6.00760634055124,6.556913545631448
1201,12.01,6.005945491926475,6.557574179826597
1202,12.02,6.007748882238672,6.557917874827736
1203,12.030000000000001,6.006376857102016,6.55732530980943
1204,12.040000000000001,6.007857843981432,6.556116769431432
1205,12.05,6.0088117841508435,6.556467738716404
1206,12.06,6.009893635930513,6.556193979529818
1207,12.07,6.007749858167854,6.556034269850515
1208,12.08,6.007764932095199,6.5564630416109395
1209,12.09,6.008488496121126,6.5565540522884
1210,12.1,6.007475744120722,6.556400046418729
1211,12.11,6.008457003267478,6.555393867135393
1212,12.120000000000001,6.007098699792606,6.556438914984341
1213,12.13,6.00860218539695,6.556690570114682
1214,12.14,6.00790891241862,6.555498996825561
1215,12.15,6.010405849215146,6.556089090851671
1216,12.16,6.007921734699835,6.55535990809047
1217,12.17,6.010062274676156,6.555917431199822
1218,12.18,6.007884832667285,6.55678809557865
1219,12.19,6.009450328813288,6.555653891128877
1220,12.200000000000001,6.010983294212301,6.554614997362611
1221,12.21,6.006709808320527,6.554285424196341
1222,12.22,6.01010698373559,6.554616708460936
1223,12.23,6.010167538750606,6.55565972431175
1224,12.24,6.008283568038395,6.556511715768504
1225,12.25,6.009646420134514,6.554728659209226
1226,12.26,6.009188126660236,6.55573614293002
1227,12.27,6.010032528162184,6.556676495917469
1228,12.280000000000001,6.0099038021190125,6.554433424381581
1229,12.290000000000001,6.010179676149163,6.552484757027342
1230,12.3,6.011113127860577,6.55422262722487
1231,12.31,6.009154082310839,6.553246749822553
1232,12.32,6.009849451344564,6.555158758345016
1233,12.33,6.010062959108671,6.553682041262732
1234,12.34,6.010098104496319,6.554037905457875
1235,12.35,6.0108393903176225,6.553501212126414
1236,12.36,6.011463738206258,6.553098998046922
1237,12.370000000000001,6.009757888305037,6.555375006894072
1238,12.38,6.0113282552742735,6.553948993571734
1239,12.39,6.012038522432921,6.552128878370674
1240,12.4,6.012066685615583,6.55467270901787
1241,12.41,6.009955195930995,6.551564845828678
1242,12.42,6.009496256921155,6.551535885935006
1243,12.43,6.011593225215567,6.552625411259496
1244,12.44,6.0114627592106595,6.552228145226903
1245,12.450000000000001,6.0099263417134035,6.5515186425114935
1246,12.46,6.011292897756327,6.5515070513895335
1247,12.47,6.01268801664659,6.5530990786143635
1248,12.48,6.0100958193368115,6.551462080230402
1249,12.49,6.013018148690742,6.552091973664397
1250,12.5,6.012698793674677,6.551743597491156
1251,12.51,6.012129352074474,6.551837716339974
1252,12.52,6.012132045736222,6.551219429238164
1253,12.530000000000001,6.012291825992763,6.5516887346498835
1254,12.540000000000001,6.011350038066353,6.552350294672788
1255,12.55,6.0117216086369805,6.5512361839428666
1256,12.56,6.014529278394956,6.551671629660285
1257,12.57,6.0137420560382635,6.551278340502083
1258,12.58,6.011370641694916,6.54955186587769
1259,12.59,6.012928754643893,6.54950600609101
1260,12.6,6.012991861617604,6.550969914910124
1261,12.61,6.015821263651611,6.551760728186359
1262,12.620000000000001,6.014296399638985,6.5519241650538955
1263,12.63,6.012802312628983,6.549971345893678
1264,12.64,6.013787586213409,6.551147767048353
1265,12.65,6.012517927738376,6.550309356079291
1266,12.66,6.013474751020407,6.550205063733159
1267,12.67,6.014743099131211,6.55117689887682
1268,12.68,6.014013671558143,6.551060308869729
1269,12.69,6.012629107356253,6.549506886887301
1270,12.700000000000001,6.01364545958188,6.549461368653885
1271,12.71,6.0157638313629676,6.551403790833005
1272,12.72,6.013386243297063,6.54909439710101
1273,12.73,6.015089223637013,6.55025333359934
1274,12.74,6.015815947470402,6.549917267060315
1275,12.75,6.015613649967076,6.548847491086924
1276,12.76,6.013454955390809,6.550254177637791
1277,12.77,6.014466633395153,6.549738783148398
1278,12.780000000000001,6.014947153978018,6.550006957734932
1279,12.790000000000001,6.015898307079197,6.549110561924437
1280,12.8,6.014533985937805,6.54770966284289
1281,12.81,6.016195861948141,6.549610886874411
1282,12.82,6.01605624273258,6.549352054255639
1283,12.83,6.016596562142004,6.549927336313962
1284,12.84,6.015469058865154,6.5498124249327745
1285,12.85,6.016990622097379,6.54939217109059
1286,12.86,6.0153747818130645,6.549002780999626
1287,12.870000000000001,6.015352516286949,6.548717192406614
1288,12.88,6.016787958170029,6.548234929388408
1289,12.89,6.013508065188839,6.549507686204731
1290,12.9,6.01664078249281,6.549492956100221
1291,12.91,6.0171197827504725,6.549232201652673
1292,12.92,6.0153706563148335,6.548540144240726
1293,12.93,6.0167478898504845,6.548032165843218
1294,12.94,6.0159955229409725,6.5480597021835205
1295,12.950000000000001,6.017213187774608,6.548250705716628
1296,12.96,6.0170798815928395,6.548714699204677
1297,12.97,6.016216310975115,6.5494468651816025
1298,12.98,6.017646374069529,6.547777940537317
1299,12.99,6.017170618125917,6.548526051674529
1300,13.0,6.0179091897785755,6.548070598718907
1301,13.01,6.016883650572202,6.548881859876876
1302,13.02,6.016999724880376,6.547157913121945
1303,13.030000000000001,6.017160114648916,6.5480962522335435
1304,13.040000000000001,6.019335527508309,6.548468556169944
1305,13.05,6.0182109314603895,6.547736856633826
1306,13.06,6.018348381125524,6.5476897753851855
1307,13.07,6.018958824943215,6.548471405373511
1308,13.08,6.018756164613275,6.5463285604684325
1309,13.09,6.020671283206317,6.5477140180324085
1310,13.1,6.018109949170977,6.546215643970593
1311,13.11,6.019200481533772,6.547175581923013
1312,13.120000000000001,6.017920252814793,6.548546067807629
1313,13.13,6.018795483755798,6.547007507009446
1314,13.14,6.020560523686641,6.548166036280859
1315,13.15,6.018999884720723,6.548260380828511
1316,13.16,6.020062417564172,6.547759263017065
1317,13.17,6.019831255142999,6.547343809748663
1318,13.18,6.017520240356913,6.546520238486077
1319,13.19,6.018097909043344,6.548097393381028
1320,13.200000000000001,6.0203255559898725,6.546896130009499
1321,13.21,6.020098157977998,6.549826170884432
1322,13.22,6.018765134588499,6.547330955868679
1323,13.23,6.021448704579778,6.546793366811096
1324,13.24,6.021518559920824,6.547872317996513
1325,13.25,6.021157689026073,6.546070293510608
1326,13.26,6.022921334705953,6.546189642748853
1327,13.27,6.020992212796916,6.5473623556812734
1328,13.280000000000001,6.022242767074199,6.5463921603981365
1329,13.290000000000001,6.0207917442612136,6.5465117295731075
1330,13.3,6.021110446400966,6.546269260057382
1331,13.31,6.020897271021844,6.547099519107511
1332,13.32,6.020299248760752,6.546708245383271
1333,13.33,6.02099843802928,6.546237062045289
1334,13.34,6.0213756422493985,6.546495769845324
1335,13.35,6.0224768629152186,6.546176525235485
1336,13.36,6.022089758617896,6.547116225634452
1337,13.370000000000001,6.021168644352998,6.5459362719391105
1338,13.38,6.021724636201082,6.54686419356159
1339,13.39,6.023030506211937,6.5457276390455545
1340,13.4,6.022660640516439,6.545246078507792
1341,13.41,6.022415105132837,6.546177068001808
1342,13.42,6.022684128330621,6.546757382251792
1343,13.43,6.0233173340840365,6.545645604625939
1344,13.44,6.022756295787812,6.544474806208872
1345,13.450000000000001,6.021825696202921,6.547043548891801
1346,13.46,6.02428184873348,6.546774849530468
1347,13.47,6.024016160499992,6.546512349529469
1348,13.48,6.023055954716883,6.546354389950621
1349,13.49,6.022547550679102,6.545755455108471
1350,13.5,6.023911833107767,6.545410124295829
1351,13.51,6.025361174742694,6.54678170341758
1352,13.52,6.0242907410844975,6.5449018916264095
1353,13.530000000000001,6.026342839657761,6.544671379277608
1354,13.540000000000001,6.024940236923667,6.5455775056600185
1355,13.55,6.024870477365419,6.546474148305272
1356,13.56,6.024180732977259,6.545029145872682
1357,13.57,6.023446714679254,6.5447994185118
1358,13.58,6.025742170695835,6.545942091424686
1359,13.59,6.026004661389796,6.546553281898014
1360,13.6,6.027817164820749,6.546956819975789
1361,13.61,6.0253689988967425,6.545161006279142
1362,13.620000000000001,6.024994731324565,6.544861441248844
1363,13.63,6.026736596231317,6.545728139538906
1364,13.64,6.025831994617106,6.544307784864266
1365,13.65,6.026696865331821,6.54583512350946
1366,13.66,6.026259939203532,6.544975805616496
1367,13.67,6.02736212821259,6.544450252212101
1368,13.68,6.026468002182188,6.545129284211888
1369,13.69,6.027166092996775,6.544006645171415
1370,13.700000000000001,6.0259122167791626,6.54575330133154
1371,13.71,6.0266358877274815,6.54603319285142
1372,13.72,6.025714270332036,6.545368023057913
1373,13.73,6.027650576943138,6.545053188370613
1374,13.74,6.02687111391445,6.544882835196734
1375,13.75,6.0281030376211735,6.545300860224533
1376,13.76,6.030185465866667,6.5443554103977775
1377,13.77,6.02816385028985,6.543994626659263
1378,13.780000000000001,6.028668776064097,6.54393478939496
1379,13.790000000000001,6.0269717270585454,6.544535010312733
1380,13.8,6.026597901591941,6.544440430454794
1381,13.81,6.026798667814271,6.54434853040789
1382,13.82,6.0264458276669695,6.543326330157171
1383,13.83,6.027583507709045,6.543586887259198
1384,13.84,6.026245157097819,6.544234495712807
1385,13.85,6.0313473925600425,6.546268788134846
1386,13.86,6.028138885615302,6.544058371934629
1387,13.870000000000001,6.0292298594322125,6.543621011479734
1388,13.88,6.0269552819121275,6.543383867470911
1389,13.89,6.02781778123718,6.543211946638229
1390,13.9,6.028897998037654,6.543360714105311
1391,13.91,6.027479114256397,6.5434725260021285
1392,13.92,6.0301873135261514,6.542979562391545
1393,13.93,6.030042736027345,6.544587456642776
1394,13.94,6.0304381175046,6.543572764158464
1395,13.950000000000001,6.0308254668612165,6.5448959041689845
1396,13.96,6.030021593356291,6.543839043793268
1397,13.97,6.029944077116731,6.54284975779453
1398,13.98,6.030702143351818,6.543360007395931
1399,13.99,6.031873597717702,6.543074499081595
1400,14.0,6.031889392047428,6.54465336342173
1401,14.01,6.030463197989437,6.542713680201292
1402,14.02,6.0327539538704364,6.543398097481151
1403,14.030000000000001,6.030422195214048,6.542797157294495
1404,14.040000000000001,6.029458764747559,6.54243915416391
1405,14.05,6.031040486250943,6.542155767364637
1406,14.06,6.029260054797381,6.542959431038986
1407,14.07,6.032461616925606,6.542041910873309
1408,14.08,6.031631200352869,6.542881760854405
1409,14.09,6.03024175846919,6.54190757409934
1410,14.1,6.032828736731995,6.542882591534196
1411,14.11,6.032594919565599,6.542529852110687
1412,14.120000000000001,6.029861362226995,6.542796825629817
1413,14.13,6.031711972789824,6.54371830774132
1414,14.14,6.031020772487776,6.542123833242941
1415,14.15,6.031129149220128,6.54174011209795
1416,14.16,6.031979018199288,6.541969964995941
1417,14.17,6.03076608358967,6.541527417234967
1418,14.18,6.030849879339859,6.541714965481413
1419,14.19,6.032210092048395,6.542372814746022
1420,14.200000000000001,6.032442686598187,6.542277323770112
1421,14.21,6.034617759287236,6.540986879846583
1422,14.22,6.032483769408702,6.543002195937829
1423,14.23,6.0322984674482205,6.541344491214756
1424,14.24,6.031383614856155,6.54258601750949
1425,14.25,6.032300123711632,6.541497583576394
1426,14.26,6.031023279585759,6.542133345313341
1427,14.27,6.034284936283306,6.542218885596464
1428,14.280000000000001,6.0334846655031,6.54185016367368
1429,14.290000000000001,6.033186820160226,6.541207030210558
1430,14.3,6.033165992208032,6.5419457489021555
1431,14.31,6.032977535181652,6.541928575799075
1432,14.32,6.033817709435963,6.540646421546431
1433,14.33,6.03371376761378,6.54200195626287
1434,14.34,6.034957517550434,6.5415717113666645
1435,14.35,6.032084721301576,6.539399353498401
1436,14.36,6.032335918027113,6.540833566758962
1437,14.370000000000001,6.03602709070108,6.540712667954429
1438,14.38,6.0333840041881945,6.540586613599394
1439,14.39,6.033981955488561,6.541189955281046
1440,14.4,6.034140598259567,6.541340549439167
1441,14.41,6.034936567120001,6.54022001827882
1442,14.42,6.034460238816844,6.5399632155980765
1443,14.43,6.036007779816711,6.540679075104664
1444,14.44,6.035405449593949,6.540720136621433
1445,14.450000000000001,6.034119690285582,6.53947121981075
1446,14.46,6.035296573474974,6.539985627633863
1447,14.47,6.034085869441603,6.540808845428506
1448,14.48,6.034934693781508,6.540365271111671
1449,14.49,6.034711186554167,6.539188974052706
1450,14.5,6.0348715976334715,6.540822932915934
1451,14.51,6.034434341314248,6.540558809656262
1452,14.52,6.036646173751798,6.539785944764285
1453,14.530000000000001,6.035632318850551,6.540678635584715
1454,14.540000000000001,6.035962987380692,6.539121796076147
1455,14.55,6.034359892881783,6.540410814420006
1456,14.56,6.0340030364625505,6.53963508712752
1457,14.57,6.034536375149354,6.540147811189558
1458,14.58,6.034443121746189,6.5371514550414
1459,14.59,6.036840365059448,6.538619133803801
1460,14.6,6.03314004809809,6.539765150757058
1461,14.61,6.038096550984966,6.53757883689506
1462,14.620000000000001,6.033689142097515,6.538647386180455
1463,14.63,6.036065750341104,6.538273791981342
1464,14.64,6.036399100351524,6.537959427251833
1465,14.65,6.035012017396495,6.538474417778355
1466,14.66,6.036062586602623,6.538612867557276
1467,14.67,6.038033234965323,6.538127582364374
1468,14.68,6.036104235303738,6.538065534302342
1469,14.69,6.035949004994797,6.538766159070966
1470,14.700000000000001,6.037184358525135,6.537979626049191
1471,14.71,6.036935506212074,6.53655595784205
1472,14.72,6.036098228712663,6.538032172194248
1473,14.73,6.036804214523398,6.536780476658878
1474,14.74,6.037120403025134,6.537605529606367
1475,14.75,6.038742520014249,6.537954444779006
1476,14.76,6.035541802093894,6.536942904600354
1477,14.77,6.037392989863125,6.538150476705668
1478,14.780000000000001,6.035007189832167,6.537471148998288
1479,14.790000000000001,6.037114245117419,6.536293674204148
1480,14.8,6.036143812388608,6.5367325161905665
1481,14.81,6.03729269853071,6.537437207304958
1482,14.82,6.0360084374673475,6.537213734601534
1483,14.83,6.035815500734589,6.53620679323292
1484,14.84,6.036430873055361,6.536307921124539
1485,14.85,6.036862815929132,6.537796405746526
1486,14.86,6.036779179033929,6.537613159843779
1487,14.870000000000001,6.037372043455532,6.536251076165991
1488,14.88,6.036577097591204,6.534712267132304
1489,14.89,6.038669155884583,6.535288440172345
1490,14.9,6.03727524101025,6.536876312339879
1491,14.91,6.036559471500906,6.537516153554278
1492,14.92,6.037479247111029,6.535475485357109
1493,14.93,6.036754186510697,6.536570530147958
1494,14.94,6.038133802415382,6.536272784341883
1495,14.950000000000001,6.0384546370199,6.536832353675723
1496,14.96,6.037467767380048,6.534097144079287
1497,14.97,6.038624172540425,6.5362161817393485
1498,14.98,6.036816465833809,6.534605008901135
1499,14.99,6.03703214691925,6.535208257723193
1500,15.0,6.0381535773202435,6.5350525056115405
1501,15.01,6.037428746371451,6.534649215389819
1502,15.02,6.037019608741151,6.5349586709643175
1503,15.030000000000001,6.038806134267819,6.534768788728966
1504,15.040000000000001,6.036336194224513,6.534264465660698
1505,15.05,6.037352106434215,6.535108558283938
1506,15.06,6.037004314371722,6.534559096022432
1507,15.07,6.037724281150441,6.532788372417098
1508,15.08,6.038442040374309,6.534633869829538
1509,15.09,6.0382651306370825,6.533708803381111
1510,15.1,6.038095568754805,6.534074591203587
1511,15.11,6.038535701551801,6.53543377666276
1512,15.120000000000001,6.037241589805802,6.5341859621516285
1513,15.13,6.03850138413739,6.535439406052873
1514,15.14,6.0366198314594675,6.534278258509171
1515,15.15,6.038682715563118,6.532324076086379
1516,15.16,6.037576789175616,6.534497273440605
1517,15.17,6.0379246635757,6.532729669792907
1518,15.18,6.03897578993581,6.532939129437242
1519,15.19,6.039128488039586,6.531523411733847
1520,15.200000000000001,6.037275379644345,6.5319074626906986
1521,15.21,6.038921902091237,6.532312574517187
1522,15.22,6.037370296620881,6.531735697650624
1523,15.23,6.037907380314992,6.532978983238085
1524,15.24,6.0400597587537455,6.5307211065540685
1525,15.25,6.038231828544801,6.5332801476520235
1526,15.26,6.037775013737401,6.5305597002108255
1527,15.27,6.039670146955432,6.53270233638727
1528,15.280000000000001,6.038814127632813,6.5308014537125585
1529,15.290000000000001,6.039965087546872,6.5317886813922685
1530,15.3,6.040229614307897,6.5322972691523296
1531,15.31,6.038535534966209,6.5299299181999375
1532,15.32,6.038800133508052,6.533722138190876
1533,15.33,6.037479943604355,6.53038644087485
1534,15.34,6.040258526301493,6.53185805474932
1535,15.35,6.038114097007182,6.530279391040547
1536,15.36,6.03781443889744,6.529936989344257
1537,15.370000000000001,6.040240888889947,6.531735636650434
1538,15.38,6.0392894682703036,6.529728252756867
1539,15.39,6.0378078401485205,6.529432364117021
1540,15.4,6.04066647946258,6.5295272949639775
1541,15.41,6.037904170629019,6.5306507178483795
1542,15.42,6.0381469594617965,6.53101115391235
1543,15.43,6.037402115705249,6.529939310414335
1544,15.44,6.040729471154217,6.529075076646195
1545,15.450000000000001,6.037542991654814,6.528411706228448
1546,15.46,6.03742717143696,6.529621133313953
1547,15.47,6.04062931137731,6.52821465951549
1548,15.48,6.039192164229768,6.5287000918579805
1549,15.49,6.038813270173652,6.5277162487575255
1550,15.5,6.036955242333389,6.529178522160277
1551,15.51,6.037970152475669,6.528532012209479
1552,15.52,6.038941692820239,6.529293876974912
1553,15.530000000000001,6.039512535304297,6.5288934396344125
1554,15.540000000000001,6.039216064233385,6.528199627355656
1555,15.55,6.039074390373693,6.528893469728242
1556,15.56,6.038885582865871,6.527687571724388
1557,15.57,6.038623803859609,6.527440903440787
1558,15.58,6.03879872137339,6.526936203339788
1559,15.59,6.037248412287349,6.5269026541944095
1560,15.6,6.0401626655677,6.525978384659309
1561,15.610000000000001,6.038383461915059,6.52619296069984
1562,15.620000000000001,6.038705951801439,6.525594433435351
1563,15.63,6.039036880602939,6.5260181676635804
1564,15.64,6.040368493130176,6.52729791103669
1565,15.65,6.037641141067273,6.526362972494529
1566,15.66,6.039321958354834,6.525854834165147
1567,15.67,6.039370580521597,6.526080970691444
1568,15.68,6.037418145607491,6.525734882331592
1569,15.69,6.039020457010431,6.526557164073145
1570,15.700000000000001,6.038188173489422,6.527289523840006
1571,15.71,6.038377074121478,6.525700155037645
1572,15.72,6.038014536829049,6.525509397292295
1573,15.73,6.039299611870324,6.524789164595805
1574,15.74,6.038012171840998,6.527206923309916
1575,15.75,6.038379982148495,6.525585666893765
1576,15.76,6.03809896935704,6.524993638083909
1577,15.77,6.0393360836221195,6.525478825168964
1578,15.780000000000001,6.039903274109614,6.524795484182333
1579,15.790000000000001,6.039488399608588,6.523880149797597
1580,15.8,6.039033896908309,6.524496577106596
1581,15.81,6.038088008981626,6.524683290709749
1582,15.82,6.037909524887868,6.523348834030671
1583,15.83,6.038683090000499,6.523542332630291
1584,15.84,6.038325922068381,6.523308301872384
1585,15.85,6.039291542737509,6.524835775155206
1586,15.860000000000001,6.038092015001045,6.524677292260944
1587,15.870000000000001,6.036889370687402,6.523647419323218
1588,15.88,6.0373162692424565,6.522853974725972
1589,15.89,6.038031695544314,6.523638298272345
1590,15.9,6.038637449208177,6.523499430929587
1591,15.91,6.037639149467628,6.5223933143748765
1592,15.92,6.0389494782793305,6.5231780545832905
1593,15.93,6.039129507414486,6.523576226086599
1594,15.94,6.038934017422738,6.522678561411611
1595,15.950000000000001,6.037407208740953,6.5227080023076365
1596,15.96,6.0400153162679295,6.5219108634631
1597,15.97,6.037579314052827,6.522215470129598
1598,15.98,6.0392177776889735,6.523002072644576
1599,15.99,6.039371269817981,6.5233594775308035
1600,16.0,6.038731060770066,6.521708942598653
1601,16.01,6.03862860147107,6.522121606512699
1602,16.02,6.03877161627941,6.521625570189654
1603,16.03,6.037805891328048,6.520558050290853
1604,16.04,6.038120310096514,6.521577410091427
1605,16.05,6.039680027088394,6.520410403980013
1606,16.06,6.037479844478073,6.521393237712523
1607,16.07,6.039376032011987,6.520894842100294
1608,16.080000000000002,6.0406097054468235,6.520934007768317
1609,16.09,6.039685717304957,6.520750106167601
1610,16.1,6.039347883617892,6.520886834644097
1611,16.11,6.038183674974961,6.5217060303917895
1612,16.12,6.03851864856471,6.5201739401816665
1613,16.13,6.0399567486541255,6.520664733568382
1614,16.14,6.038286457459244,6.519604266724854
1615,16.15,6.039685289294845,6.519676253453762
1616,16.16,6.039988293508056,6.518842595758025
1617,16.17,6.038357427183603,6.5198581277227445
1618,16.18,6.0387951768287325,6.52049852373891
1619,16.19,6.039888808133674,6.519438088189151
1620,16.2,6.038582088862791,6.5198002708389025
1621,16.21,6.039902028726802,6.5195495161179595
1622,16.22,6.039801983810008,6.51812777960985
1623,16.23,6.039631030464233,6.517726693013483
1624,16.240000000000002,6.039630853132003,6.518418350600957
1625,16.25,6.039020711622216,6.519622765538355
1626,16.26,6.039673361090835,6.518538763679938
1627,16.27,6.037229741972673,6.519372105013662
1628,16.28,6.0393826337739265,6.519067338256438
1629,16.29,6.039188496114023,6.518799139133853
1630,16.3,6.038739857127875,6.518079868044299
1631,16.31,6.037636681005366,6.517903869835312
1632,16.32,6.0384846777985235,6.5186411189332665
1633,16.330000000000002,6.038703847767853,6.518141394246369
1634,16.34,6.039687698423541,6.518361098970244
1635,16.35,6.039727572756939,6.518183854861078
1636,16.36,6.039323987466486,6.516622649768391
1637,16.37,6.0388755640143055,6.5171074493160095
1638,16.38,6.0397234693442705,6.517009088377856
1639,16.39,6.040466690675284,6.516303882908753
1640,16.4,6.039151145720079,6.517598285451807
1641,16.41,6.0393916589008905,6.5157575276321325
1642,16.42,6.039059153302575,6.516696421925669
1643,16.43,6.0388914542110905,6.516844546245794
1644,16.44,6.04168288944941,6.517513157136862
1645,16.45,6.037886470534196,6.517190825422707
1646,16.46,6.03915989255101,6.516204018163444
1647,16.47,6.039195716943922,6.514939441523914
1648,16.48,6.042175520408863,6.51644052989627
1649,16.490000000000002,6.0395688390627384,6.515809594585612
1650,16.5,6.041777028827932,6.515591238222969
1651,16.51,6.040039824485885,6.516134338270695
1652,16.52,6.039522117986413,6.516416025530854
1653,16.53,6.0386226170669115,6.516098786701088
1654,16.54,6.039773107714122,6.515741288947606
1655,16.55,6.039956958838065,6.514744256171304
1656,16.56,6.040422593408016,6.51593526305339
1657,16.57,6.040497732812278,6.516814503508524
1658,16.580000000000002,6.040292257764987,6.516685250500989
1659,16.59,6.040539259068093,6.514617510341614
1660,16.6,6.041130374427457,6.514524705169669
1661,16.61,6.040487583983622,6.515017106767631
1662,16.62,6.041212180416809,6.515938696303217
1663,16.63,6.04155055987351,6.51547312298442
1664,16.64,6.04091941108278,6.516457108687502
1665,16.65,6.039841473708387,6.514659330875808
1666,16.66,6.040128080732418,6.5145673745586254
1667,16.67,6.0397522684979545,6.514499736091443
1668,16.68,6.04044524010517,6.514824246068209
1669,16.69,6.040904037272337,6.513438581005988
1670,16.7,6.0406039956305735,6.514068245750666
1671,16.71,6.04060573860066,6.514248055877113
1672,16.72,6.0413139998252765,6.514923734704503
1673,16.73,6.039718361122827,6.5148727186760045
1674,16.740000000000002,6.041842475662195,6.515321192284704
1675,16.75,6.041796386899735,6.512523380642222
1676,16.76,6.041835497955463,6.514060426270049
1677,16.77,6.041755715937521,6.513750262897127
1678,16.78,6.041385810631449,6.513745266543989
1679,16.79,6.040682874624799,6.513559288812854
1680,16.8,6.040523494366568,6.513341463098102
1681,16.81,6.041543288839792,6.513755564084422
1682,16.82,6.041427250148548,6.513596241492435
1683,16.830000000000002,6.041566214704239,6.512849171297281
1684,16.84,6.043743083763474,6.513798771572583
1685,16.85,6.042006108412171,6.515015449087728
1686,16.86,6.041943382188898,6.513136891342597
1687,16.87,6.041772491751973,6.512848440793418
1688,16.88,6.043886187775419,6.513181898962489
1689,16.89,6.041700340186759,6.514031730172865
1690,16.9,6.044160425001603,6.513645467205647
1691,16.91,6.04137181628076,6.513663445058838
1692,16.92,6.042775562319459,6.513125585549684
1693,16.93,6.042775456839035,6.512607863301204
1694,16.94,6.042855982818315,6.513113995337041
1695,16.95,6.0419842932683725,6.513487368001307
1696,16.96,6.04294624271828,6.513677626959248
1697,16.97,6.043645643285938,6.5131456379281625
1698,16.98,6.042243670593188,6.513645434145671
1699,16.990000000000002,6.041769737982897,6.513866692755772
1700,17.0,6.043607144523637,6.512469414608491
1701,17.01,6.044726907914992,6.513322802562881
1702,17.02,6.04279466357673,6.511602901982744
1703,17.03,6.0444006322393475,6.513250923204352
1704,17.04,6.044614894113893,6.51323582776232
1705,17.05,6.0444943445519295,6.512970315956691
1706,17.06,6.0436282939863215,6.513531863982185
1707,17.07,6.045064710451836,6.513256551579519
1708,17.080000000000002,6.041990919038724,6.512732338459473
1709,17.09,6.045289951972788,6.512600859344897
1710,17.1,6.042601883512213,6.513643873416135
1711,17.11,6.044474221284154,6.512877912850266
1712,17.12,6.044871080723301,6.513044146111538
1713,17.13,6.045060966693234,6.51356019420701
1714,17.14,6.04472179851813,6.512878901829078
1715,17.150000000000002,6.046774487796489,6.5129559160754775
1716,17.16,6.045792582447653,6.512337020148922
1717,17.17,6.044879458870369,6.513521784173
1718,17.18,6.045782178587826,6.512548298041288
1719,17.19,6.04523799928005,6.511922582454066
1720,17.2,6.045578229862965,6.513370498062107
1721,17.21,6.045691035196492,6.5131446695811
1722,17.22,6.046534176253081,6.512102788330874
1723,17.23,6.047067016268561,6.512853973421239
1724,17.240000000000002,6.047391146995101,6.51281463977465
1725,17.25,6.045631865601252,6.512038906933324
1726,17.26,6.047709497262094,6.514427279596852
1727,17.27,6.048174103455657,6.512642496221414
1728,17.28,6.04538781499531,6.512111122870094
1729,17.29,6.045547268555951,6.51226046236153
1730,17.3,6.048167161691,6.512346114903571
1731,17.31,6.046799222455091,6.51367858082376
1732,17.32,6.048234115889083,6.513222240056402
1733,17.330000000000002,6.0482664652186715,6.513471450236334
1734,17.34,6.04784769395428,6.513395963729213
1735,17.35,6.047357235601402,6.513009083216827
1736,17.36,6.047316910605171,6.513247700313881
1737,17.37,6.046542739131672,6.513040998501897
1738,17.38,6.047427810589037,6.512522025949949
1739,17.39,6.049969858023073,6.511740153570784
1740,17.400000000000002,6.047484701275002,6.5132872836951226
1741,17.41,6.047464650118012,6.512567915545777
1742,17.42,6.049243334067452,6.513556715565266
1743,17.43,6.048595698155566,6.51270842667759
1744,17.44,6.051035503784002,6.51313035450668
1745,17.45,6.04820600756762,6.513089324088158
1746,17.46,6.048597186613442,6.513274663036193
1747,17.47,6.050666279753147,6.512695259217256
1748,17.48,6.048840298905659,6.513838015565695
1749,17.490000000000002,6.048261315111846,6.512833462488112
1750,17.5,6.049411763620125,6.514346992141474
1751,17.51,6.051004664386623,6.513772573357122
1752,17.52,6.049146656085241,6.51388443988186
1753,17.53,6.0505557147094375,6.5126185397172245
1754,17.54,6.050410209655848,6.513437631791985
1755,17.55,6.051095459651137,6.513211170727194
1756,17.56,6.049646202620084,6.513614094245981
1757,17.57,6.050691707382705,6.511807887946249
1758,17.580000000000002,6.051775024311599,6.513811157674954
1759,17.59,6.050966336193579,6.513492706602453
1760,17.6,6.0487412511021,6.512887547837578
1761,17.61,6.051729880664484,6.512131259631905
1762,17.62,6.0522645636083015,6.512153693980468
1763,17.63,6.050240119354294,6.511856434194724
1764,17.64,6.050102291644557,6.512873785330456
1765,17.650000000000002,6.052031189896014,6.512538966969767
1766,17.66,6.050911943316351,6.513548153110575
1767,17.67,6.050107495920563,6.5133733654696275
1768,17.68,6.052049703837985,6.512650821190212
1769,17.69,6.053646849265245,6.511311804499374
1770,17.7,6.053156644546835,6.512515603988764
1771,17.71,6.052670981218917,6.513918621571733
1772,17.72,6.052474405120795,6.513171568039665
1773,17.73,6.05157035742806,6.512682936490279
1774,17.740000000000002,6.052143908456298,6.512792171346331
1775,17.75,6.054554750665622,6.512186169266234
1776,17.76,6.0490400814997045,6.512965106437575
1777,17.77,6.053068254693164,6.513886903288735
1778,17.78,6.052204755712838,6.511683571824054
1779,17.79,6.052239996033867,6.512243612616156
1780,17.8,6.052976839343432,6.512356173956107
1781,17.81,6.052035244597915,6.512235825359919
1782,17.82,6.053163849353527,6.513765167196406
1783,17.830000000000002,6.052475603542185,6.512498223893186
1784,17.84,6.053038572483806,6.513002088537709
1785,17.85,6.053602327325672,6.513799503891478
1786,17.86,6.053688596814182,6.5132580358973415
1787,17.87,6.055160516416371,6.51424927477027
1788,17.88,6.05559384077112,6.512137782069643
1789,17.89,6.055249539858187,6.512961612133453
1790,17.900000000000002,6.053905013461634,6.513369435348907
1791,17.91,6.052775373176141,6.51216718662906
1792,17.92,6.054158262401249,6.5133699999015136
1793,17.93,6.053343395190173,6.511831958326771
1794,17.94,6.054703608281903,6.512203506841379
1795,17.95,6.055715838377538,6.5128530574689
1796,17.96,6.053996636487027,6.512851730657737
1797,17.97,6.05606686610554,6.512947673513125
1798,17.98,6.053831322686273,6.512335158686426
1799,17.990000000000002,6.055569012278049,6.512881357700532
1800,18.0,6.056289909963897,6.513194122307972
1801,18.01,6.05785145388557,6.512142309323256
1802,18.02,6.054085768846128,6.513452797207672
1803,18.03,6.0560317224305775,6.512199845477171
1804,18.04,6.054698121451572,6.512647632147805
1805,18.05,6.055564327557111,6.511269728262873
1806,18.06,6.056118272446679,6.513622906953549
1807,18.07,6.056350568377458,6.510973334021774
1808,18.080000000000002,6.055643895669021,6.5119212110075395
1809,18.09,6.054317876176195,6.512241838059475
1810,18.1,6.055297905802032,6.5121202167255055
1811,18.11,6.056674418566559,6.5121131815941204
1812,18.12,6.056576726615535,6.512110332387452
1813,18.13,6.056659742277483,6.512266419864204
1814,18.14,6.055306432485994,6.512608239298323
1815,18.150000000000002,6.05622521356618,6.512334619813207
1816,18.16,6.056449378659716,6.511761342480602
1817,18.17,6.05578581718534,6.509378963618999
1818,18.18,6.055528808304833,6.5109270336269
1819,18.19,6.056495078006544,6.5121516009753
1820,18.2,6.0577414163108525,6.512698651588499
1821,18.21,6.0559414584531615,6.5127705093067
1822,18.22,6.057414351843375,6.5125439282116755
1823,18.23,6.0565433442321135,6.511567810889263
1824,18.240000000000002,6.057184897672261,6.510877151607183
1825,18.25,6.058133418221321,6.510920886923652
1826,18.26,6.056632436275015,6.512851727143182
1827,18.27,6.058268981046644,6.511843592532024
1828,18.28,6.056956232628307,6.511485653896684
1829,18.29,6.059101927164035,6.511652293492241
1830,18.3,6.057646040826349,6.5121489136223945
1831,18.31,6.058817498324568,6.5117269814396606
1832,18.32,6.0589004678855725,6.510934027578395
1833,18.330000000000002,6.056917479037617,6.510799880665189
1834,18.34,6.056358096645982,6.511938465137927
1835,18.35,6.057941216514275,6.511062588638649
1836,18.36,6.057824650685386,6.5118843909913355
1837,18.37,6.058100449890147,6.510624801547911
1838,18.38,6.0581674262052605,6.510122201279856
1839,18.39,6.0589810315303,6.511343878135164
1840,18.400000000000002,6.058455966835561,6.509766948712922
1841,18.41,6.05837558016599,6.511573244935987
1842,18.42,6.058027890775061,6.510488758740432
1843,18.43,6.057744489699074,6.51100153914865
1844,18.44,6.058723673906005,6.509856765266636
1845,18.45,6.0591805003414905,6.5105065818321215
1846,18.46,6.059853368272903,6.510704381673032
1847,18.47,6.0559603390887125,6.511138967665261
1848,18.48,6.058775696827691,6.509719086428182
1849,18.490000000000002,6.060522159647819,6.508677810072936
1850,18.5,6.059666274369565,6.510498825771453
1851,18.51,6.058919328958505,6.5106441326142415
1852,18.52,6.058208738945552,6.511203090325127
1853,18.53,6.059073284447189,6.509829994875353
1854,18.54,6.059567202845408,6.509752306451353
1855,18.55,6.057334382450195,6.509855253022757
1856,18.56,6.05865269652184,6.51068374978536
1857,18.57,6.059186099442677,6.510709647073808
1858,18.580000000000002,6.059530496022837,6.5103927048683055
1859,18.59,6.060499203297235,6.510375570413591
1860,18.6,6.059507393504237,6.511277069401878
1861,18.61,6.059964942139202,6.508624149550861
1862,18.62,6.061485954406448,6.509327431408472
1863,18.63,6.059192752041367,6.509537574593966
1864,18.64,6.060046301168875,6.50954440674975
1865,18.650000000000002,6.059996287457864,6.510256716331901
1866,18.66,6.060479127570496,6.508208432581689
1867,18.67,6.059844812194576,6.509621855797393
1868,18.68,6.056682905154249,6.50873641824672
1869,18.69,6.061148032182835,6.510149270602505
1870,18.7,6.058437840733036,6.507842356599041
1871,18.71,6.059077478516355,6.509251898668436
1872,18.72,6.060516663947496,6.508776033826494
1873,18.73,6.058702377859519,6.508506956331476
1874,18.740000000000002,6.059434771046033,6.507706195182085
1875,18.75,6.0600298912239685,6.509580155537089
1876,18.76,6.059666427675791,6.508590465916032
1877,18.77,6.059944755225407,6.508166891952859
1878,18.78,6.0604203516110795,6.507796058559786
1879,18.79,6.0629485664474405,6.50801347849487
1880,18.8,6.060385849171404,6.508926685126821
1881,18.81,6.0591315080183685,6.509025040519708
1882,18.82,6.059638226169497,6.507793866254055
1883,18.830000000000002,6.061000898473967,6.50853862037252
1884,18.84,6.0619740190931415,6.507275759328558
1885,18.85,6.060298712501269,6.508377903334209
1886,18.86,6.059579479117556,6.507739810596703
1887,18.87,6.060768721603729,6.5059413541900994
1888,18.88,6.0597782179864454,6.507528496398197
1889,18.89,6.06191860695954,6.5077938647146265
1890,18.900000000000002,6.060528981178062,6.507159699933103
1891,18.91,6.06131990374484,6.507841336218739
1892,18.92,6.060563845703286,6.506780829206512
1893,18.93,6.06110080448203,6.508335527532738
1894,18.94,6.060458893126167,6.5055754233603
1895,18.95,6.061146675458616,6.506428055584128
1896,18.96,6.058792268466535,6.5075354994522625
1897,18.97,6.060016229122742,6.506104949545684
1898,18.98,6.060248238957469,6.505516251317884
1899,18.990000000000002,6.059195465204605,6.506627325999254
1900,19.0,6.0601821860058545,6.505658191755274
1901,19.01,6.059909977630104,6.506869505007096
1902,19.02,6.061199707975409,6.5058510622574675
1903,19.03,6.062588392205143,6.506336945327475
1904,19.04,6.058864592099449,6.505908149660136
1905,19.05,6.059524170066382,6.505580489255947
1906,19.06,6.060295408193236,6.505038392507428
1907,19.07,6.0622332188835655,6.50628171568317
1908,19.080000000000002,6.060156521326113,6.505055364836094
1909,19.09,6.060591867369248,6.505471022604266
1910,19.1,6.059377405370113,6.505580370046841
1911,19.11,6.060610994834017,6.506001965859385
1912,19.12,6.061855132810287,6.50505451020082
1913,19.13,6.059153629093053,6.504139877297811
1914,19.14,6.060661520929586,6.504089953696902
1915,19.150000000000002,6.061771963307087,6.504784615002641
1916,19.16,6.061590215027365,6.505473792115537
1917,19.17,6.061553884803679,6.503678465296842
1918,19.18,6.0600614594586695,6.502972938015096
1919,19.19,6.060260266701341,6.505083440270691
1920,19.2,6.060100768667795,6.50602450102823
1921,19.21,6.060268779783913,6.505043056877132
1922,19.22,6.062614988142861,6.503616925503371
1923,19.23,6.062344941014898,6.504219618661385
1924,19.240000000000002,6.06086123153797,6.504153382172211
1925,19.25,6.061062827803248,6.503452780853237
1926,19.26,6.060016854301425,6.503988919826864
1927,19.27,6.060231672995052,6.503429449614847
1928,19.28,6.059733285193717,6.5038027264489955
1929,19.29,6.06033778553522,6.504497765545857
1930,19.3,6.062083770676914,6.5038858426430135
1931,19.31,6.060785635376695,6.5021510947592445
1932,19.32,6.060311882166694,6.502718788451131
1933,19.330000000000002,6.061204854518558,6.503280774312825
1934,19.34,6.062091925192468,6.502281708332798
1935,19.35,6.060638052003886,6.50318902139918
1936,19.36,6.060153426021314,6.5024975810313
1937,19.37,6.06092291756943,6.503076431490494
1938,19.38,6.0606959313038296,6.5032808406891265
1939,19.39,6.061173889508415,6.502638139154146
1940,19.400000000000002,6.061834507634989,6.503502260855979
1941,19.41,6.0600687801927045,6.500651839624294
1942,19.42,6.062523314907899,6.503514946020708
1943,19.43,6.061315389280196,6.501679187086279
1944,19.44,6.058980045593738,6.501539725090251
1945,19.45,6.061059365050051,6.501809220372433
1946,19.46,6.061164915874264,6.501286765454703
1947,19.47,6.060186610346763,6.501281763689683
1948,19.48,6.060415073508194,6.501965915223633
1949,19.490000000000002,6.061426918993059,6.501601182963385
1950,19.5,6.06260200058241,6.50067333764472
1951,19.51,6.059482760372477,6.503509815029174
1952,19.52,6.060533721522738,6.500297821742804
1953,19.53,6.059873214620335,6.500846635465087
1954,19.54,6.062256415713289,6.500858013122397
1955,19.55,6.061345230382087,6.50153959056841
1956,19.56,6.061601644890672,6.500594822851895
1957,19.57,6.06067778275301,6.500820042029236
1958,19.580000000000002,6.061349619768944,6.500635079058606
1959,19.59,6.061078422348254,6.500510148264943
1960,19.6,6.06009447645873,6.4999327449865065
1961,19.61,6.060218212596331,6.500097742592094
1962,19.62,6.060889409342207,6.499679056315868
1963,19.63,6.061766931263387,6.500036180981225
1964,19.64,6.060076894494875,6.500335260467232
1965,19.650000000000002,6.061216466711962,6.499891185089624
1966,19.66,6.060487517680101,6.500740047772611
1967,19.67,6.062354895709722,6.501691202532637
1968,19.68,6.061773632473999,6.499980310326284
1969,19.69,6.060443518538623,6.499830928403958
1970,19.7,6.061341061678212,6.5001357658156085
1971,19.71,6.06040777081625,6.498429019049364
1972,19.72,6.0621720184549135,6.499229083554048
1973,19.73,6.061331908331824,6.49711650774512
1974,19.740000000000002,6.0603248189957775,6.497497358387187
1975,19.75,6.062238817479873,6.49880983873659
1976,19.76,6.061829692900914,6.501564682740585
1977,19.77,6.0600566400002345,6.497975756097012
1978,19.78,6.0625996749724695,6.498633697155139
1979,19.79,6.062617041720724,6.4978365380126215
1980,19.8,6.058870510681681,6.498408557583212
1981,19.81,6.061564375631442,6.49811298493102
1982,19.82,6.061378604524357,6.498381008593456
1983,19.830000000000002,6.0616705757044915,6.497017749071596
1984,19.84,6.06097261258303,6.498134014856323
1985,19.85,6.062019716130634,6.496933642215747
1986,19.86,6.062654836345574,6.4988629071766955
1987,19.87,6.062053125168901,6.497750492201668
1988,19.88,6.0618931985102416,6.496868103876475
1989,19.89,6.061933232379346,6.499635372951851
1990,19.900000000000002,6.061831117856505,6.497993954471727
1991,19.91,6.063132994243285,6.497002115141176
1992,19.92,6.063432158739074,6.496908768375205
1993,19.93,6.061195146639193,6.498313865917819
1994,19.94,6.064382181121572,6.496079330898943
1995,19.95,6.062091318702382,6.496888582579034
1996,19.96,6.064455574623127,6.498398920017808
1997,19.97,6.061356464906602,6.498217903464653
1998,19.98,6.060711538110244,6.495957152278771
1999,19.990000000000002,6.0631068490698725,6.497844893750749
2000,20.0,6.0617591635387384,6.496852217845455
2001,20.01,6.06336634392994,6.49869331040538
2002,20.02,6.061551696294645,6.497050941124729
2003,20.03,6.061717081585733,6.497419465783141
2004,20.04,6.062862422386542,6.49727643209351
2005,20.05,6.062892611484604,6.495432370202434
2006,20.06,6.060062624840006,6.497297521832478
2007,20.07,6.0627598522420705,6.496968915580917
2008,20.080000000000002,6.062040470897051,6.4973387914404945
2009,20.09,6.06260378349924,6.49658081775147
2010,20.1,6.061998939242973,6.496954098053259
2011,20.11,6.0620931930792,6.496944160915812
2012,20.12,6.0626198305857075,6.497136401801303
2013,20.13,6.0605117710701135,6.497607022843352
2014,20.14,6.061368227574392,6.497457771514504
2015,20.150000000000002,6.063234036653402,6.497137614368476
2016,20.16,6.064087919671733,6.497786949837239
2017,20.17,6.0608510260177555,6.49595489729869
2018,20.18,6.065404305930129,6.49711921072195
2019,20.19,6.0632954825903225,6.496242780720862
2020,20.2,6.063476356577887,6.496128399802978
2021,20.21,6.063204467755659,6.49522440598457
2022,20.22,6.063794616439943,6.4964961378632085
2023,20.23,6.063522430178189,6.495489831250749
2024,20.240000000000002,6.065355556822635,6.4962422180707655
2025,20.25,6.064242900635162,6.497315703459231
2026,20.26,6.063940636823289,6.496523753030592
2027,20.27,6.063054487183584,6.496081923522701
2028,20.28,6.063562125564763,6.496698328948398
2029,20.29,6.064140843330342,6.4965508439812485
2030,20.3,6.063316458205966,6.497660551132146
2031,20.31,6.0638662816761215,6.498132393660087
2032,20.32,6.064500289612611,6.49508741827648
2033,20.330000000000002,6.064125666937974,6.496772838127419
2034,20.34,6.06495408726306,6.496429739328229
2035,20.35,6.06503564086929,6.497081613436054
2036,20.36,6.065275657123539,6.49706334643279
2037,20.37,6.065444175187807,6.49681026799505
2038,20.38,6.065332818820467,6.497336378640216
2039,20.39,6.064434468191894,6.496880873174026
2040,20.400000000000002,6.064670372884372,6.496849674707095
2041,20.41,6.064042359152156,6.496559438528435
2042,20.42,6.065459898173873,6.496397936498578
2043,20.43,6.065875214165527,6.495289235851456
2044,20.44,6.065180794548779,6.497403546567513
2045,20.45,6.06700500485344,6.4961538113632304
2046,20.46,6.064967467105364,6.4973510130195935
2047,20.47,6.065188960241778,6.497285478458998
2048,20.48,6.066806544799086,6.497238108110508
2049,20.490000000000002,6.06717625554854,6.496496724384714
2050,20.5,6.064623794554733,6.495745845261996
2051,20.51,6.065700873250248,6.497757512062907
2052,20.52,6.066828570499055,6.495949864574172
2053,20.53,6.066710599708099,6.4967672594151455
2054,20.54,6.066821375298559,6.4958545923015425
2055,20.55,6.06621855828377,6.495619767387713
2056,20.56,6.066005514332417,6.495952220446544
2057,20.57,6.0670168224889185,6.497569631505066
2058,20.580000000000002,6.066852270115232,6.496789775864662
2059,20.59,6.066364220117918,6.496951033715434
2060,20.6,6.066986721460378,6.496568710523391
2061,20.61,6.066106490394967,6.494210713993392
2062,20.62,6.065913455768638,6.496207599894845
2063,20.63,6.067995373481828,6.497339129156905
2064,20.64,6.065514277084563,6.496193758353525
2065,20.650000000000002,6.068077879878113,6.4964094716488985
2066,20.66,6.0679160742539695,6.495964202346284
2067,20.67,6.066642184103677,6.49667393125125
2068,20.68,6.069029471354061,6.496180912592302
2069,20.69,6.066936091711627,6.4967474617115215
2070,20.7,6.067468180320511,6.496941027067858
2071,20.71,6.068534422466228,6.496075673873355
2072,20.72,6.067207381512001,6.49751984058885
2073,20.73,6.067486244894691,6.496367928309711
2074,20.740000000000002,6.068418791349241,6.496293703218055
2075,20.75,6.069509016738411,6.49688278350215
2076,20.76,6.068149991568638,6.495590537144136
2077,20.77,6.069079277789299,6.496901995532907
2078,20.78,6.067607672725742,6.498003342887015
2079,20.79,6.069546445615475,6.495029012993471
2080,20.8,6.069839486225464,6.495680080535446
2081,20.81,6.069925598614325,6.496921518280652
2082,20.82,6.067703792226403,6.496135726183269
2083,20.830000000000002,6.067131974627824,6.495499315181575
2084,20.84,6.068527134107788,6.496062021462295
2085,20.85,6.070660761934367,6.4968002737163655
2086,20.86,6.069967622601586,6.495854618566577
2087,20.87,6.071484544472255,6.495981678334257
2088,20.88,6.069600595004752,6.495973643163879
2089,20.89,6.069547380078732,6.49628764272963
2090,20.900000000000002,6.070338487835842,6.49690862597469
2091,20.91,6.068470757217138,6.495385042470917
2092,20.92,6.07189866555886,6.496644473509117
2093,20.93,6.070715864823762,6.495195735672108
2094,20.94,6.071017754674478,6.495391270482737
2095,20.95,6.069499336119053,6.496671993916704
2096,20.96,6.070619247121498,6.497841674672784
2097,20.97,6.070963374761884,6.495499190649814
2098,20.98,6.070625228272287,6.496485337330816
2099,20.990000000000002,6.069159696442038,6.497054689032837
2100,21.0,6.072782325619571,6.496234499667033
2101,21.01,6.072366688572521,6.494943034130978
2102,21.02,6.069391273556314,6.496179395423067
2103,21.03,6.070033263692289,6.496890841425681
2104,21.04,6.0702309000812775,6.494195934778365
2105,21.05,6.072126614737233,6.495034672985302
2106,21.06,6.071493258570932,6.494707949874518
2107,21.07,6.071561670154476,6.495401992068223
2108,21.080000000000002,6.071958225860651,6.495660448078853
2109,21.09,6.071664181554705,6.495698175344653
2110,21.1,6.072971806241891,6.496667905003545
2111,21.11,6.071498139705064,6.495756099460686
2112,21.12,6.072081292961982,6.4962472837624
2113,21.13,6.073061726585598,6.495973245392391
2114,21.14,6.070958915767017,6.496123700757681
2115,21.150000000000002,6.070703806257194,6.496003961946307
2116,21.16,6.072160414381491,6.495937100502239
2117,21.17,6.073304811596415,6.495564013146886
2118,21.18,6.0722112846227025,6.496024501073892
2119,21.19,6.073131633788057,6.494602608931418
2120,21.2,6.0727473519422945,6.4963140044439545
2121,21.21,6.073653827587648,6.49654075987851
2122,21.22,6.068280904402581,6.49684825348897
2123,21.23,6.072327751946237,6.4953488503955255
2124,21.240000000000002,6.072418717373144,6.495506192174685
2125,21.25,6.073761462035116,6.495444806963641
2126,21.26,6.073175642227652,6.495106799561848
2127,21.27,6.071520741189884,6.4946887440352805
2128,21.28,6.072056863442674,6.494379521099867
2129,21.29,6.071851814521773,6.495921672957827
2130,21.3,6.072650096624488,6.49551157621702
2131,21.31,6.073117082302524,6.496371599203133
2132,21.32,6.071217990403618,6.494896369718985
2133,21.330000000000002,6.073150056824436,6.495102690387149
2134,21.34,6.074743284100891,6.493992786392733
2135,21.35,6.0741095774339104,6.493641577024568
2136,21.36,6.0717783727453,6.495229276163599
2137,21.37,6.073651855206724,6.494801996678701
2138,21.38,6.073235156081949,6.494864053696596
2139,21.39,6.073504238472525,6.49427461327982
2140,21.400000000000002,6.074154999954306,6.493642667342272
2141,21.41,6.072452129746507,6.494872012526426
2142,21.42,6.072044938570083,6.494722728492753
2143,21.43,6.0737929861706315,6.495048839705343
2144,21.44,6.072745740090756,6.493828494221647
2145,21.45,6.071514169771127,6.494189272761322
2146,21.46,6.074464100257776,6.496027099775515
2147,21.47,6.0732891466008425,6.494873935870968
2148,21.48,6.075121413855719,6.495186586463276
2149,21.490000000000002,6.0736789852745705,6.493003362951183
2150,21.5,6.074691782831442,6.493859102314983
2151,21.51,6.0735856537917465,6.493569511952242
2152,21.52,6.075367051664954,6.494795953310857
2153,21.53,6.0734095162668575,6.495440912591529
2154,21.54,6.0727422778028615,6.493931841876042
2155,21.55,6.073233944668883,6.494118592827933
2156,21.56,6.074496653567557,6.493503066992987
2157,21.57,6.073648859479127,6.494057095801553
2158,21.580000000000002,6.075548081342439,6.494769462582434
2159,21.59,6.0744237856516605,6.496054585866958
2160,21.6,6.073702869413078,6.492418659466659
2161,21.61,6.0723581595923655,6.4947166004025005
2162,21.62,6.073399847965829,6.493854472709692
2163,21.63,6.075321403030534,6.494592425886483
2164,21.64,6.074984665914668,6.492464591784809
2165,21.650000000000002,6.074553796442528,6.493634234045298
2166,21.66,6.07407245236147,6.494096190648531
2167,21.67,6.0750395952336,6.4941436678241375
2168,21.68,6.073145976358002,6.492530423535253
2169,21.69,6.073801391034989,6.494025879531521
2170,21.7,6.075019143558055,6.4933963145217914
2171,21.71,6.07477848672735,6.493817605560433
2172,21.72,6.073950894388362,6.493680206247823
2173,21.73,6.075263608601596,6.493384532607082
2174,21.740000000000002,6.074670681790385,6.493033568400196
2175,21.75,6.0752639360977145,6.493911790477243
2176,21.76,6.076019783246168,6.492733228548704
2177,21.77,6.073294124506692,6.494243054179513
2178,21.78,6.0772855275066,6.49306571935807
2179,21.79,6.074525548207684,6.493159486904565
2180,21.8,6.074119455270769,6.492148922190471
2181,21.81,6.0743151970274925,6.493262793450339
2182,21.82,6.074983379169529,6.493284368092452
2183,21.830000000000002,6.076757665125337,6.493555207269308
2184,21.84,6.074085158039659,6.49110927708869
2185,21.85,6.073439094779759,6.4923123670823095
2186,21.86,6.07445668393347,6.492060000250415
2187,21.87,6.075062248746546,6.49297920757892
2188,21.88,6.0758976297537215,6.492763928975304
2189,21.89,6.073544242074637,6.491375384868326
2190,21.900000000000002,6.076833361191531,6.4932750748101125
2191,21.91,6.074855233745828,6.4933637878674135
2192,21.92,6.076499008840821,6.49168644073851
2193,21.93,6.075900132084522,6.49288412882723
2194,21.94,6.074097598909361,6.492100034111488
2195,21.95,6.074563689968022,6.491918196715713
2196,21.96,6.076814492736377,6.4916022866081216
2197,21.97,6.074968522365739,6.491693299656629
2198,21.98,6.074774344186184,6.4921152442875165
2199,21.990000000000002,6.074643009729824,6.491169150073259
2200,22.0,6.0772606531727345,6.491506234070582
2201,22.01,6.074324611798204,6.492306923207569
2202,22.02,6.076191346866498,6.491441046958868
2203,22.03,6.076059272606536,6.491749488275922
2204,22.04,6.074649018663383,6.490956264105291
2205,22.05,6.075052654562267,6.492451089828512
2206,22.06,6.07510378087319,6.4905335174725085
2207,22.07,6.075447753835851,6.490841633654274
2208,22.080000000000002,6.076158611883564,6.4922505970108775
2209,22.09,6.0766943108637275,6.490331261013467
2210,22.1,6.074960015121006,6.489646393226462
2211,22.11,6.076183964013212,6.4921616333244865
2212,22.12,6.076169927451963,6.4917070607571405
2213,22.13,6.075300163731823,6.49003114719484
2214,22.14,6.076434020901271,6.490838394664587
2215,22.150000000000002,6.076371058502318,6.489622323089318
2216,22.16,6.07632586380236,6.490031962839149
2217,22.17,6.077155413131545,6.491658934266244
2218,22.18,6.074745405441214,6.4898110530320805
2219,22.19,6.075747078805454,6.490092193964933
2220,22.2,6.077682992293513,6.4904088728616065
2221,22.21,6.074437520963643,6.489203503093473
2222,22.22,6.076963010490892,6.490174117379135
2223,22.23,6.07377927650684,6.490679055357996
2224,22.240000000000002,6.075082945073899,6.489262998084301
2225,22.25,6.076028218400671,6.490997171774049
2226,22.26,6.07426003718684,6.4902238941124555
2227,22.27,6.074629043482723,6.488472925062462
2228,22.28,6.077838749803927,6.490220748873848
2229,22.29,6.077123479037772,6.488828955190326
2230,22.3,6.077387472472292,6.490863671456968
2231,22.31,6.076846175680926,6.489386317351106
2232,22.32,6.076370318779121,6.490241136571175
2233,22.330000000000002,6.075444034735062,6.4904616099110815
2234,22.34,6.07459411274844,6.488111427182202
2235,22.35,6.077135955742188,6.488999268606686
2236,22.36,6.07751902024024,6.4893952478901005
2237,22.37,6.076074974220588,6.489720055038097
2238,22.38,6.0774454718687885,6.4890428631953325
2239,22.39,6.075923323295409,6.488239686933812
2240,22.400000000000002,6.076950134320563,6.488215392505735
2241,22.41,6.075605223941375,6.490132955160361
2242,22.42,6.075583130793267,6.489745940497379
2243,22.43,6.075235384923417,6.489401986004767
2244,22.44,6.07562847820317,6.488963754289722
2245,22.45,6.075709750313524,6.488085765283917
2246,22.46,6.075384059263634,6.4890445890753625
2247,22.47,6.076868479436128,6.4889653813402886
2248,22.48,6.076474382054587,6.487958198623108
2249,22.490000000000002,6.07598127939077,6.487995267759121
2250,22.5,6.076096705982372,6.487089172000489
2251,22.51,6.07670916619306,6.488425979027798
2252,22.52,6.075844435397516,6.488223669428304
2253,22.53,6.076573483403672,6.4874824888458535
2254,22.54,6.075623860306421,6.488887348110874
2255,22.55,6.075527225519666,6.487613088827439
2256,22.56,6.075979160328877,6.486992928072893
2257,22.57,6.07693083107559,6.488367613332797
2258,22.580000000000002,6.0772322150247895,6.4873762866129985
2259,22.59,6.078087389163425,6.4874264566551645
2260,22.6,6.076319444985296,6.487655628662328
2261,22.61,6.076969056902675,6.486815899986705
2262,22.62,6.076789739732555,6.48767668288414
2263,22.63,6.076084738048409,6.486878637612384
2264,22.64,6.07672111953649,6.486702713775287
2265,22.650000000000002,6.077304464744295,6.486880361401484
2266,22.66,6.076626742076797,6.487284259631054
2267,22.67,6.077805769330838,6.487059436424035
2268,22.68,6.077516570936912,6.485880770171159
2269,22.69,6.077472936312132,6.486701767774752
2270,22.7,6.077225484092891,6.486511193109193
2271,22.71,6.075667661654081,6.486476889535145
2272,22.72,6.076515633824222,6.48690432320596
2273,22.73,6.076946199095757,6.487223310271155
2274,22.740000000000002,6.07707199098928,6.48675376142351
2275,22.75,6.076936827211139,6.487266647268856
2276,22.76,6.076313997327884,6.485595375410499
2277,22.77,6.076984960105924,6.488442161119997
2278,22.78,6.07732335386554,6.487511372419916
2279,22.79,6.076033707860161,6.486168324193182
2280,22.8,6.077145086604381,6.486683759781967
2281,22.81,6.077761164463699,6.487831458569033
2282,22.82,6.078803737545026,6.486677130112238
2283,22.830000000000002,6.075925120491688,6.4858260049230685
2284,22.84,6.077602846759013,6.485355529893525
2285,22.85,6.077180364358172,6.485256739957888
2286,22.86,6.077366283048708,6.485400609099719
2287,22.87,6.07865593343036,6.48671195041877
2288,22.88,6.077106772234947,6.4862907671886445
2289,22.89,6.077597904490051,6.485876411600441
2290,22.900000000000002,6.077270110018073,6.486502575707402
2291,22.91,6.076679166666765,6.484839831813307
2292,22.92,6.078610253447795,6.485312623555084
2293,22.93,6.075806812318223,6.4863913276296
2294,22.94,6.078053992701929,6.4853816946899965
2295,22.95,6.078035643081499,6.485851146844668
2296,22.96,6.07650647676794,6.483639705188756
2297,22.97,6.0778217845889655,6.486923693944669
2298,22.98,6.076629896492522,6.485296342705041
2299,22.990000000000002,6.076778903858657,6.483817318734701
2300,23.0,6.077763216970553,6.4839510330457975
2301,23.01,6.078669751240146,6.484808705292566
2302,23.02,6.077895239850157,6.484258338492403
2303,23.03,6.077545641801323,6.485812370231079
2304,23.04,6.076992254050604,6.483763519969882
2305,23.05,6.076443353070728,6.484663717271107
2306,23.06,6.076372053100543,6.484931308469412
2307,23.07,6.077791243769226,6.484548309077826
2308,23.080000000000002,6.078487735718999,6.484009238465811
2309,23.09,6.077124599741413,6.484982606238196
2310,23.1,6.077312143605044,6.485175847863659
2311,23.11,6.077927183871167,6.484151869817651
2312,23.12,6.077294782726481,6.483961194516321
2313,23.13,6.078447236584902,6.485648155212032
2314,23.14,6.076190202377071,6.484020146171567
2315,23.150000000000002,6.078395336847284,6.483640930230745
2316,23.16,6.077630879911711,6.484350382363772
2317,23.17,6.07766436463865,6.48392220124473
2318,23.18,6.076447807453729,6.482890012660567
2319,23.19,6.077736074179854,6.483545625944396
2320,23.2,6.076528709837674,6.48560715494388
2321,23.21,6.077929996987733,6.484460208636815
2322,23.22,6.079132028028062,6.483461286420031
2323,23.23,6.079187060939424,6.483381161178848
2324,23.240000000000002,6.079178501421655,6.484080156934717
2325,23.25,6.078894253406238,6.4846915292003615
2326,23.26,6.076510967093418,6.483647740158151
2327,23.27,6.077564494753248,6.485886291229676
2328,23.28,6.0769772025469715,6.483109323470955
2329,23.29,6.078516004079471,6.485017418712988
2330,23.3,6.0785265416232495,6.484404575679865
2331,23.31,6.07974621974758,6.483769647045087
2332,23.32,6.078555433724944,6.483265688983142
2333,23.330000000000002,6.077341315828376,6.484303221978211
2334,23.34,6.078258039277681,6.483092563674898
2335,23.35,6.079673531148898,6.482653992620236
2336,23.36,6.079873485957246,6.482528437150505
2337,23.37,6.0787287791246785,6.484159485145117
2338,23.38,6.078530075141107,6.484650902387821
2339,23.39,6.080020837843319,6.483988968289332
2340,23.400000000000002,6.078437840530859,6.483819048126857
2341,23.41,6.078591287242763,6.484534916974673
2342,23.42,6.078161845747616,6.4839768273651845
2343,23.43,6.078792383054736,6.483803868833901
2344,23.44,6.08035616891738,6.483385311570636
2345,23.45,6.080656902263762,6.483499583032184
2346,23.46,6.080486506357633,6.483366845967805
2347,23.47,6.080763225025906,6.482967831760932
2348,23.48,6.079320210401596,6.4825306032015355
2349,23.490000000000002,6.079557818184618,6.484107408977276
2350,23.5,6.078807064982172,6.482616298245189
2351,23.51,6.079259032041561,6.483953750311875
2352,23.52,6.081760768109263,6.48342570031157
2353,23.53,6.080836699453963,6.482593940736047
2354,23.54,6.079924329773048,6.484658546764337
2355,23.55,6.081107237687329,6.484288994032305
2356,23.56,6.080535911660817,6.485057743006773
2357,23.57,6.0791782911416465,6.484022627152323
2358,23.580000000000002,6.080775308370315,6.48341100482941
2359,23.59,6.081617583370204,6.483687531428864
2360,23.6,6.082251382074321,6.484508916320695
2361,23.61,6.081827193222935,6.482256972973131
2362,23.62,6.080487613884377,6.482958649068926
2363,23.63,6.079403053079541,6.482892085246333
2364,23.64,6.081280586087822,6.48491241521763
2365,23.650000000000002,6.080471749486648,6.4840254538254944
2366,23.66,6.081434485941301,6.481672685116493
2367,23.67,6.083971664163115,6.482754043183993
2368,23.68,6.080200493095222,6.482973305060737
2369,23.69,6.081034336148277,6.4829968540668
2370,23.7,6.081056301097942,6.483680371816783
2371,23.71,6.080770468035211,6.484062239420093
2372,23.72,6.080630498626863,6.48308532879895
2373,23.73,6.0821681852965765,6.483806091541825
2374,23.740000000000002,6.083052601929697,6.482992867811337
2375,23.75,6.081984741551398,6.482923346326821
2376,23.76,6.082186611666262,6.483367313238319
2377,23.77,6.081442294556688,6.4844297446643715
2378,23.78,6.083386769752987,6.482923871554429
2379,23.79,6.081412315988552,6.482937934092208
2380,23.8,6.081980385143096,6.483936215305684
2381,23.81,6.080064227106807,6.483272055328731
2382,23.82,6.0838887252741,6.483352885775602
2383,23.830000000000002,6.082327418439869,6.482602795381797
2384,23.84,6.083937492733354,6.483136761999801
2385,23.85,6.08239770846066,6.4836433197010495
2386,23.86,6.082986015611978,6.483149265780466
2387,23.87,6.083598715493004,6.483786276588068
2388,23.88,6.083836636550557,6.4832640041116125
2389,23.89,6.082373264758811,6.483076054897834
2390,23.900000000000002,6.0834581603966065,6.48266126116306
2391,23.91,6.0840594731209166,6.482947651637071
2392,23.92,6.083565613680994,6.483566412864814
2393,23.93,6.083764726312526,6.483414117192972
2394,23.94,6.084569262136656,6.484240057795031
2395,23.95,6.084246410499889,6.482810536022705
2396,23.96,6.08478235933031,6.482878474224191
2397,23.97,6.084185256394489,6.484137400010554
2398,23.98,6.081672591949418,6.48260632829909
2399,23.990000000000002,6.084545322230602,6.483626395498324
2400,24.0,6.0844481214435735,6.483291219368931
2401,24.01,6.082560513734335,6.483281015347019
2402,24.02,6.0834436881185745,6.483531398601077
2403,24.03,6.0837863419962535,6.482042224952353
2404,24.04,6.082160027280898,6.48268784314209
2405,24.05,6.084879260411594,6.483240346495542
2406,24.060000000000002,6.083305213519812,6.484196057532392
2407,24.07,6.083225851431796,6.4830246564501435
2408,24.080000000000002,6.084455469072862,6.483662075210325
2409,24.09,6.085679671879037,6.485590656236685
2410,24.1,6.084321913108755,6.484548913226811
2411,24.11,6.0870413727811865,6.483145007847816
2412,24.12,6.084716562087244,6.482844716679638
2413,24.13,6.084657365000785,6.482621466260379
2414,24.14,6.084774847948389,6.482320664088772
2415,24.150000000000002,6.08399827109328,6.483190977312386
2416,24.16,6.084071464282326,6.483231734552633
2417,24.17,6.085116270693049,6.483123887519044
2418,24.18,6.083867667457023,6.483603174770035
2419,24.19,6.087314987159742,6.483235030710806
2420,24.2,6.085355500436038,6.48266338099457
2421,24.21,6.084336263804569,6.483416142563945
2422,24.22,6.084693800813972,6.482827217618569
2423,24.23,6.085490281709799,6.483863092124748
2424,24.240000000000002,6.084094464536528,6.481896748714151
2425,24.25,6.085757444871658,6.482731415528415
2426,24.26,6.087636758142821,6.48331687657061
2427,24.27,6.085663494522495,6.481757000344529
2428,24.28,6.086758622733083,6.484193478901495
2429,24.29,6.085935612206413,6.483695000726964
2430,24.3,6.08582336687977,6.4841692103693545
2431,24.310000000000002,6.08748340015345,6.483172195957329
2432,24.32,6.086627874021974,6.483671424452163
2433,24.330000000000002,6.084396881345496,6.48358525466007
2434,24.34,6.086355543303593,6.482559224025607
2435,24.35,6.087526373319441,6.48342553910384
2436,24.36,6.08708345901032,6.481999049305013
2437,24.37,6.088101338459001,6.483610947418627
2438,24.38,6.086779756255786,6.483522056342285
2439,24.39,6.085600988549503,6.482928374106652
2440,24.400000000000002,6.087800461200712,6.483820992490689
2441,24.41,6.0865116408419695,6.482001666568094
2442,24.42,6.087176076855849,6.482507228497238
2443,24.43,6.086784924763396,6.483059157216431
2444,24.44,6.086632004916575,6.484086107128353
2445,24.45,6.086240860666839,6.482471955496987
2446,24.46,6.087607033569478,6.483691583922422
2447,24.47,6.088748283685898,6.482144135310311
2448,24.48,6.087506009668526,6.483048421679775
2449,24.490000000000002,6.0866367845200395,6.483536254575168
2450,24.5,6.086633706840472,6.483379442498615
2451,24.51,6.088609136173305,6.482649570387348
2452,24.52,6.0878647817272835,6.483070992383646
2453,24.53,6.085544511415162,6.482310561966314
2454,24.54,6.087416811927149,6.483575815968907
2455,24.55,6.086738417628828,6.483270472955142
2456,24.560000000000002,6.086754939296747,6.483322934508573
2457,24.57,6.0878126305062805,6.483164088557371
2458,24.580000000000002,6.0887046913704665,6.482788213656849
2459,24.59,6.087173717404431,6.482490516865339
2460,24.6,6.085962550478156,6.481395523592001
2461,24.61,6.089368355929352,6.4825214128343
2462,24.62,6.088097395860763,6.483197037077934
2463,24.63,6.0877698399152695,6.483051303282704
2464,24.64,6.087396799918834,6.481441523085154
2465,24.650000000000002,6.088517945333926,6.48386518649531
2466,24.66,6.089868019987677,6.483045452162789
2467,24.67,6.0883016927324975,6.482521478983093
2468,24.68,6.087158392625567,6.481850194393729
2469,24.69,6.088049898760676,6.4821303504025325
2470,24.7,6.088814807787546,6.482062839785479
2471,24.71,6.0887473246685175,6.483770928531583
2472,24.72,6.0893684038045635,6.4814126393954945
2473,24.73,6.087433054789551,6.48288791212483
2474,24.740000000000002,6.088771129039215,6.482409812266873
2475,24.75,6.088671669381126,6.483491046124047
2476,24.76,6.087794252203019,6.483051827587546
2477,24.77,6.089937581037947,6.482650095138807
2478,24.78,6.087501092324945,6.482409367740813
2479,24.79,6.088586293709175,6.481820316942231
2480,24.8,6.0891988414494085,6.481689031751823
2481,24.810000000000002,6.090281018174769,6.48092350212322
2482,24.82,6.088260299945042,6.481412045920854
2483,24.830000000000002,6.090890437166712,6.481820185504879
2484,24.84,6.089420610037458,6.482241589562483
2485,24.85,6.0880378888767765,6.483147009753456
2486,24.86,6.088462059467398,6.48241828086646
2487,24.87,6.088699330694818,6.483140603076013
2488,24.88,6.089435852106934,6.481453175736794
2489,24.89,6.088506831975178,6.481077687899205
2490,24.900000000000002,6.090669308889451,6.4820204885634505
2491,24.91,6.088476241571639,6.480691719745657
2492,24.92,6.088799384608052,6.482499173443204
2493,24.93,6.0898033405917,6.481550125151723
2494,24.94,6.088552471295619,6.482015286005275
2495,24.95,6.088945068344371,6.482323100322784
2496,24.96,6.088286102311052,6.480235186788759
2497,24.97,6.089125574504274,6.480278604076243
2498,24.98,6.0900534704684945,6.4822471064547855
2499,24.990000000000002,6.089348455945701,6.481346378637528
2500,25.0,6.089979041166038,6.4825234961726865
2501,25.01,6.090053263403252,6.4798026011615235
2502,25.02,6.090377269355279,6.480667211036394
2503,25.03,6.0880005291326516,6.480614278352865
2504,25.04,6.0898189436246115,6.480652417882147
2505,25.05,6.088456461426264,6.480362804747868
2506,25.060000000000002,6.087261015597182,6.480725593289183
2507,25.07,6.0897260865696845,6.481176739621162
2508,25.080000000000002,6.089670497328808,6.481258965751664
2509,25.09,6.090766668731875,6.480253624580994
2510,25.1,6.0916364480672645,6.479499923079865
2511,25.11,6.089776208591299,6.480726748461598
2512,25.12,6.089330312261782,6.479550431799225
2513,25.13,6.08798487885364,6.480340540694397
2514,25.14,6.089068990205777,6.4795107330154
2515,25.150000000000002,6.090453051178473,6.479743879574033
2516,25.16,6.08825724007468,6.480805709184368
2517,25.17,6.090279231453252,6.479499897275775
2518,25.18,6.088517625635228,6.479980636454507
2519,25.19,6.08940186302384,6.48059615663148
2520,25.2,6.090821636222497,6.481579580655383
2521,25.21,6.089628508830539,6.481414248729518
2522,25.22,6.088965356238729,6.479292532597513
2523,25.23,6.089160143810664,6.480265171371815
2524,25.240000000000002,6.089082821406189,6.480594391558969
2525,25.25,6.092060243255322,6.4794959437734105
2526,25.26,6.090463768825179,6.481071472326282
2527,25.27,6.0918232001069965,6.479230234828099
2528,25.28,6.089802943876194,6.478457543131854
2529,25.29,6.089397300010104,6.479944225295941
2530,25.3,6.090489820933793,6.479442545242863
2531,25.310000000000002,6.090292739776364,6.479111677575768
2532,25.32,6.090312864876768,6.480336581796898
2533,25.330000000000002,6.090258958776671,6.479714012693976
2534,25.34,6.090109248494941,6.479843402732536
2535,25.35,6.089248288106498,6.4787413654793315
2536,25.36,6.089340304216204,6.479144548111476
2537,25.37,6.088454110418141,6.477688673327049
2538,25.38,6.089825674401189,6.478547756309439
2539,25.39,6.0883829365907145,6.477738421026508
2540,25.400000000000002,6.088473968995737,6.478933870006914
2541,25.41,6.088217878001224,6.479043050515375
2542,25.42,6.090649298317448,6.4781464823588175
2543,25.43,6.089481129548961,6.4794342033274095
2544,25.44,6.091531204252093,6.479018904222552
2545,25.45,6.088473794912541,6.477524670815054
2546,25.46,6.092597165887481,6.479022333173108
2547,25.47,6.089628253096208,6.4777256021198575
2548,25.48,6.090615509424764,6.477744426942613
2549,25.490000000000002,6.09007593782376,6.478387075158079
2550,25.5,6.090446155417772,6.478512199164532
2551,25.51,6.090332424290908,6.477374781924731
2552,25.52,6.089982252257021,6.478962650406178
2553,25.53,6.09101853199984,6.477555718655811
2554,25.54,6.089340221375676,6.478007544394814
2555,25.55,6.0884903015748915,6.478294532815061
2556,25.560000000000002,6.090037190743674,6.475894874051051
2557,25.57,6.091451602698019,6.4777089010569995
2558,25.580000000000002,6.087945372376002,6.477707845372567
2559,25.59,6.091147836808768,6.479138485102755
2560,25.6,6.089295328033762,6.47694285544145
2561,25.61,6.089684827400292,6.476209886581143
2562,25.62,6.091810105465174,6.4754924235341935
2563,25.63,6.089865503054778,6.4777983079816766
2564,25.64,6.089206818895085,6.476915641311678
2565,25.650000000000002,6.090209143963959,6.475954058353266
2566,25.66,6.090573997755131,6.477290690479108
2567,25.67,6.090574861308679,6.477607123101402
2568,25.68,6.0877842199472285,6.476992301170587
2569,25.69,6.0899474616347575,6.476225925239102
2570,25.7,6.090753620053955,6.475688567604907
2571,25.71,6.087798501840663,6.475728845905343
2572,25.72,6.089053271273697,6.475738989250088
2573,25.73,6.090033335671273,6.476513503418682
2574,25.740000000000002,6.089569952129384,6.476395346973113
2575,25.75,6.0902981220340555,6.476212507748676
2576,25.76,6.0910510575090955,6.476417170213203
2577,25.77,6.0896364844027,6.476839175405353
2578,25.78,6.090941836046305,6.475349452463626
2579,25.79,6.0903452744573,6.475667100879005
2580,25.8,6.089201854755467,6.475806654177076
2581,25.810000000000002,6.0894531100061355,6.475447573815203
2582,25.82,6.090969429806184,6.4744160753574755
2583,25.830000000000002,6.090930873677532,6.476091237791115
2584,25.84,6.091791850099999,6.474505777458271
2585,25.85,6.089437671710896,6.476876694761573
2586,25.86,6.091246956391001,6.475636331714704
2587,25.87,6.089835341017056,6.475657315613967
2588,25.88,6.089078628467921,6.47425326189156
2589,25.89,6.090929998010523,6.475633604954177
2590,25.900000000000002,6.089756599370243,6.474276025200727
2591,25.91,6.090447284134476,6.475576120160488
2592,25.92,6.090981920452867,6.474198291668096
2593,25.93,6.09009774114974,6.473866716646753
2594,25.94,6.089294900528715,6.474532983395402
2595,25.95,6.089358504782183,6.4757746367051325
2596,25.96,6.091312934739811,6.473131335690949
2597,25.97,6.089900108226954,6.475024283663631
2598,25.98,6.089848660937595,6.474303507111654
2599,25.990000000000002,6.0890256420397195,6.474802264543105
2600,26.0,6.091884778575613,6.473896051184323
2601,26.01,6.088816339210828,6.476442237428853
2602,26.02,6.09186377877038,6.473629085131858
2603,26.03,6.089075558871031,6.47421999507373
2604,26.04,6.09137643860031,6.4744384549076015
2605,26.05,6.091050433235303,6.473723059705894
2606,26.060000000000002,6.08892102999197,6.472085186325601
2607,26.07,6.091279263748348,6.473836670747674
2608,26.080000000000002,6.089745420811293,6.47251768128026
2609,26.09,6.091101471129872,6.473735612425849
2610,26.1,6.088927302235969,6.471994028114395
2611,26.11,6.088828209082471,6.473880028999736
2612,26.12,6.088036645432091,6.473764419294864
2613,26.13,6.089048360055405,6.473458549825982
2614,26.14,6.090289782719101,6.472592445596816
2615,26.150000000000002,6.090414940993308,6.4735677176987565
2616,26.16,6.089290945951276,6.472112798027902
2617,26.17,6.090801048652962,6.472586633077267
2618,26.18,6.088587539067988,6.472911359515583
2619,26.19,6.091050792834412,6.471540883777156
2620,26.2,6.0902177433587665,6.472796465987463
2621,26.21,6.087995931155896,6.472017731430742
2622,26.22,6.089895339749847,6.473656873006795
2623,26.23,6.090990485530532,6.472871730394706
2624,26.240000000000002,6.090300723134689,6.472402822011436
2625,26.25,6.086948842284542,6.4719988014569445
2626,26.26,6.089070020491825,6.472730122019658
2627,26.27,6.088446443931522,6.472408957204915
2628,26.28,6.086911786491984,6.471708659751744
2629,26.29,6.088746938753141,6.470676066873307
2630,26.3,6.088639265438386,6.472213540299492
2631,26.310000000000002,6.089359827734593,6.471872095171056
2632,26.32,6.088758870598826,6.472426352069056
2633,26.330000000000002,6.090594533034962,6.472433292445184
2634,26.34,6.0908435805433125,6.4720101528969
2635,26.35,6.09115625434575,6.471159839538178
2636,26.36,6.0890161465300086,6.47058660687504
2637,26.37,6.089857091962089,6.470575078467301
2638,26.38,6.0879417934466495,6.471276845049922
2639,26.39,6.089439879613534,6.471742730969153
2640,26.400000000000002,6.089646843431793,6.471687972319874
2641,26.41,6.088869173094637,6.471708254381196
2642,26.42,6.089694628757814,6.471053198023207
2643,26.43,6.089184200516852,6.470943260972534
2644,26.44,6.0906944697204475,6.4708174450055775
2645,26.45,6.090162678828702,6.471226329308475
2646,26.46,6.089360705910701,6.471268890446424
2647,26.47,6.090191480421799,6.469665056097467
2648,26.48,6.0879881616165505,6.470601012945081
2649,26.490000000000002,6.090713751976039,6.4716420924022175
2650,26.5,6.089421205702781,6.471738255174011
2651,26.51,6.089704759451229,6.470602683595599
2652,26.52,6.089310384053711,6.470120432929985
2653,26.53,6.088768085398072,6.471469832633818
2654,26.54,6.090282829488114,6.469934156471635
2655,26.55,6.090360374516107,6.470528578320862
2656,26.560000000000002,6.092055718943233,6.4697964256606895
2657,26.57,6.090623854212907,6.469835741455875
2658,26.580000000000002,6.088502457381979,6.469934312112199
2659,26.59,6.088754633156253,6.470839713409189
2660,26.6,6.089617373327168,6.47023084411288
2661,26.61,6.089119241776344,6.4704532873581995
2662,26.62,6.090469885417019,6.469309520650719
2663,26.63,6.089479194440499,6.469627366698571
2664,26.64,6.089142352703433,6.46921294502169
2665,26.650000000000002,6.089266252117896,6.470931415098166
2666,26.66,6.090516494263067,6.46992788429918
2667,26.67,6.08923551689569,6.469631283894719
2668,26.68,6.088990104422341,6.4695317911035675
2669,26.69,6.088550897820409,6.4686818357108065
2670,26.7,6.089442659503718,6.468902428283944
2671,26.71,6.090646745060779,6.469963939966771
2672,26.72,6.090662876448534,6.4698010493897185
2673,26.73,6.089219401351303,6.470729883334559
2674,26.740000000000002,6.08938296502853,6.469423137169086
2675,26.75,6.0900425360691255,6.469743832233501
2676,26.76,6.0891936242380105,6.469660317089462
2677,26.77,6.092343896862766,6.470437710314004
2678,26.78,6.090367227480971,6.46968244241332
2679,26.79,6.090427047625672,6.470235341724543
2680,26.8,6.089417302833583,6.469570541965919
2681,26.810000000000002,6.089390819549356,6.4711660701384535
2682,26.82,6.090463092480223,6.470053355407581
2683,26.830000000000002,6.090283710239345,6.468364284174453
2684,26.84,6.089393846640157,6.469573009451127
2685,26.85,6.092493960400836,6.469773932332389
2686,26.86,6.090848204937476,6.470753671522287
2687,26.87,6.091255275938319,6.4707251487374196
2688,26.88,6.090883511109545,6.469577823901471
2689,26.89,6.092640406724158,6.469311585968475
2690,26.900000000000002,6.093506120362606,6.4686173894120405
2691,26.91,6.091739921913338,6.469574466443432
2692,26.92,6.089621880243212,6.4688635378718
2693,26.93,6.092859083264999,6.4708419258232315
2694,26.94,6.0915782452772484,6.470598332686824
2695,26.95,6.091798807156913,6.469084788792633
2696,26.96,6.091286883087914,6.469452958036313
2697,26.97,6.091345810501598,6.468988451546012
2698,26.98,6.09331127196702,6.468082827293476
2699,26.990000000000002,6.092348543189322,6.469359265098177
2700,27.0,6.0927186604052155,6.468970811531586
2701,27.01,6.093212306903904,6.470155296698985
2702,27.02,6.091503070610675,6.468285237318458
2703,27.03,6.09249333127336,6.46901530786959
2704,27.04,6.092104419900261,6.469708607058731
2705,27.05,6.091002669388217,6.469052288515508
2706,27.060000000000002,6.092565031155198,6.4698616611117234
2707,27.07,6.0900516867735845,6.4692401413309115
2708,27.080000000000002,6.095244886502182,6.4695728044997125
2709,27.09,6.092150289049116,6.469854724047804
2710,27.1,6.092597247279947,6.468761989572622
2711,27.11,6.091576673911465,6.469736782397065
2712,27.12,6.095034200393995,6.469145344748287
2713,27.13,6.090772455680335,6.469182743354989
2714,27.14,6.0926583225389965,6.469205005850575
2715,27.150000000000002,6.094489906110773,6.468456275221306
2716,27.16,6.092767491290344,6.469577311670988
2717,27.17,6.0934615109488695,6.468407491829192
2718,27.18,6.090966544456775,6.470534383549737
2719,27.19,6.0933486915805934,6.469837720381789
2720,27.2,6.092845608508128,6.470034237760787
2721,27.21,6.091640532537847,6.467599824961645
2722,27.22,6.091915336042936,6.469765099925378
2723,27.23,6.092973699611773,6.468704680912769
2724,27.240000000000002,6.094159178049815,6.469832926929291
2725,27.25,6.091890458205555,6.470123732403074
2726,27.26,6.092879462544013,6.470590069574601
2727,27.27,6.094441176111031,6.4716390315972765
2728,27.28,6.0933779118454,6.469498025026633
2729,27.29,6.092691165671522,6.469224753488274
2730,27.3,6.09376390787064,6.468253414198151
2731,27.310000000000002,6.093160197527885,6.4685536904641205
2732,27.32,6.094759546470653,6.470829452975743
2733,27.330000000000002,6.095608801035392,6.4693332782502475
2734,27.34,6.096148196451349,6.469174526496927
2735,27.35,6.091372051000458,6.471417029311666
2736,27.36,6.095673110312501,6.470307068934473
2737,27.37,6.095623002206005,6.469808068371397
2738,27.38,6.0960748809084695,6.469380419113856
2739,27.39,6.0952585448355645,6.470872101222305
2740,27.400000000000002,6.093560933871505,6.470230553393669
2741,27.41,6.09557028812856,6.468350594153407
2742,27.42,6.093686618857384,6.469594944683401
2743,27.43,6.095655260344248,6.469563892742477
2744,27.44,6.094505170973395,6.468305207777337
2745,27.45,6.0949682270128305,6.470289980572729
2746,27.46,6.095135493372244,6.4693437549621855
2747,27.47,6.094975550615707,6.470262998908098
2748,27.48,6.094985959453788,6.4684674614072835
2749,27.490000000000002,6.095237296831359,6.469284856223899
2750,27.5,6.0949340271877475,6.47076530942207
2751,27.51,6.095939713027336,6.470712355127592
2752,27.52,6.093046305226988,6.469210556611731
2753,27.53,6.0941650000765515,6.469146133063508
2754,27.54,6.09460729059,6.469569742840516
2755,27.55,6.095247196749817,6.4709137348420835
2756,27.560000000000002,6.095911534723582,6.469429912065237
2757,27.57,6.094446670582188,6.47091544334082
2758,27.580000000000002,6.0957424284114765,6.469416394886017
2759,27.59,6.096398781743984,6.4700969894562945
2760,27.6,6.098129492647564,6.469531976735788
2761,27.61,6.096381975071998,6.46947965198932
2762,27.62,6.095589176476152,6.469173469675219
2763,27.63,6.09652278340041,6.469827147877564
2764,27.64,6.0967292343815895,6.4697305414391995
2765,27.650000000000002,6.0954956373413305,6.469481500612066
2766,27.66,6.09647947572599,6.469259348923921
2767,27.67,6.0967559458987965,6.4703129550555625
2768,27.68,6.097353939821876,6.468860387973722
2769,27.69,6.096367327748174,6.469699817348938
2770,27.7,6.096892731486386,6.4676961218132085
2771,27.71,6.096918416851969,6.469501000843589
2772,27.72,6.0958322685245125,6.470476293976221
2773,27.73,6.097053295372347,6.4691916049415745
2774,27.740000000000002,6.095651307768138,6.469878030934873
2775,27.75,6.096149162577633,6.4705124360436725
2776,27.76,6.095189972183799,6.469222293557882
2777,27.77,6.095403065245031,6.4685963985679
2778,27.78,6.095950534644777,6.469667705018081
2779,27.79,6.099383172158547,6.468607675893864
2780,27.8,6.096991623285493,6.469224618738077
2781,27.810000000000002,6.09772762519814,6.469539061893314
2782,27.82,6.09586551410219,6.47003253645279
2783,27.830000000000002,6.097655179412543,6.471193790084107
2784,27.84,6.098167490997064,6.467792155761317
2785,27.85,6.0964185405550895,6.469295007575134
2786,27.86,6.096604925472825,6.470531480893063
2787,27.87,6.097180010381292,6.469598664132923
2788,27.88,6.098167837177335,6.468829996157652
2789,27.89,6.0965910587565775,6.470203537833626
2790,27.900000000000002,6.099072928053761,6.4699872373376905
2791,27.91,6.096953362522429,6.469561676007633
2792,27.92,6.097855637357456,6.469607093878768
2793,27.93,6.099414712688256,6.469792347897598
2794,27.94,6.098817065709617,6.469303936900633
2795,27.95,6.09843052842593,6.469202235690667
2796,27.96,6.098050662529403,6.468585484363963
2797,27.97,6.096770113508893,6.469209761528598
2798,27.98,6.096223199402048,6.468701647738561
2799,27.990000000000002,6.09841972949647,6.47008468376512
2800,28.0,6.097189092448441,6.468119200798761
2801,28.01,6.099093661828652,6.47081861763392
2802,28.02,6.097977910820358,6.469992391609913
2803,28.03,6.09897201003988,6.470508142625388
2804,28.04,6.098466445578936,6.468839767892175
2805,28.05,6.098545183786044,6.469096712753784
2806,28.060000000000002,6.099230481354853,6.470087369362876
2807,28.07,6.0978451557442765,6.469546302859987
2808,28.080000000000002,6.099979480176347,6.467878384448912
2809,28.09,6.098240190868482,6.469740363843123
2810,28.1,6.098521948678885,6.469336427677383
2811,28.11,6.0979763682921,6.467932275412277
2812,28.12,6.099012188433459,6.469544715212277
2813,28.13,6.099041621827425,6.469079488818131
2814,28.14,6.098996562286946,6.469035578338776
2815,28.150000000000002,6.099617413542227,6.468977532598749
2816,28.16,6.098496575637551,6.4697477446778
2817,28.17,6.09821162636263,6.467710626639203
2818,28.18,6.099612200043286,6.470603560458232
2819,28.19,6.1002651712826585,6.469647755317799
2820,28.2,6.09987400018499,6.468791482535546
2821,28.21,6.099076437855739,6.4696871708887125
2822,28.22,6.098569544947849,6.46806309607674
2823,28.23,6.0994495757203815,6.468692851046687
2824,28.240000000000002,6.098699269678085,6.468984513205206
2825,28.25,6.099052761209915,6.468129489506578
2826,28.26,6.100380543295582,6.469487303550397
2827,28.27,6.10026301122409,6.4694060517900285
2828,28.28,6.099544896601133,6.468699338052031
2829,28.29,6.097308279498535,6.46841340449647
2830,28.3,6.098305701799689,6.469666097281087
2831,28.310000000000002,6.100010166426326,6.4686651807584346
2832,28.32,6.0997995167078845,6.468660979463758
2833,28.330000000000002,6.099984410182762,6.46854707509242
2834,28.34,6.099860650704115,6.466965364547463
2835,28.35,6.099009150355745,6.468559925920638
2836,28.36,6.099132637457045,6.468166365506289
2837,28.37,6.098745602460791,6.468386123295001
2838,28.38,6.099776127263408,6.469112811393095
2839,28.39,6.099684919265568,6.467927190289856
2840,28.400000000000002,6.1002390448959884,6.468666492104463
2841,28.41,6.10074606964602,6.46994742227879
2842,28.42,6.099380565329158,6.468129545389734
2843,28.43,6.10053011179999,6.467893165680655
2844,28.44,6.09962418912063,6.468503050774612
2845,28.45,6.099681396527309,6.468380606385821
2846,28.46,6.1005488666835195,6.467255880504716
2847,28.47,6.1006967928228555,6.466869001638382
2848,28.48,6.10132854629435,6.466251334870939
2849,28.490000000000002,6.09999723535852,6.469159290435366
2850,28.5,6.101140979306662,6.467150131644092
2851,28.51,6.099492628921278,6.4679713055326316
2852,28.52,6.100673295083388,6.468697754077261
2853,28.53,6.099497693129209,6.467423799629423
2854,28.54,6.1000017190936555,6.4675937188819965
2855,28.55,6.0988320563538805,6.46744494349736
2856,28.560000000000002,6.0993418545812945,6.46792558858125
2857,28.57,6.100917626205138,6.467137448855916
2858,28.580000000000002,6.1021292264426155,6.467959485945561
2859,28.59,6.101383683587684,6.467946987120831
2860,28.6,6.100397958426201,6.467914940762504
2861,28.61,6.101964294298065,6.467240741836324
2862,28.62,6.100621953152901,6.468350870299071
2863,28.63,6.100630237771807,6.467830264562306
2864,28.64,6.100161114054523,6.468122811703939
2865,28.650000000000002,6.100608795527577,6.468039792559507
2866,28.66,6.100632407128591,6.468314391818653
2867,28.67,6.10086670131313,6.467248268887062
2868,28.68,6.099002525802955,6.466802238881003
2869,28.69,6.101523089229773,6.466067353669348
2870,28.7,6.100308830665285,6.467370963784959
2871,28.71,6.09975400054326,6.467977244106301
2872,28.72,6.100121178016698,6.466322680923213
2873,28.73,6.099673052214826,6.468134851863219
2874,28.740000000000002,6.099688465480556,6.4676383964838156
2875,28.75,6.09768381975211,6.467043461868728
2876,28.76,6.100074327523121,6.466498277743149
2877,28.77,6.098794411475879,6.468118771269872
2878,28.78,6.100909731055796,6.468467520072796
2879,28.79,6.101370761426336,6.466546698060176
2880,28.8,6.099043225663991,6.466499000555772
2881,28.810000000000002,6.10120565795011,6.464984071385248
2882,28.82,6.101052845032214,6.466196481270672
2883,28.830000000000002,6.102069222492832,6.467226758999284
2884,28.84,6.101117523029102,6.4669893107196215
2885,28.85,6.1005612313516755,6.467198611947594
2886,28.86,6.100794249189836,6.46553599118314
2887,28.87,6.099659297970195,6.465403070187068
2888,28.88,6.100823199469429,6.465877055928309
2889,28.89,6.100698030473892,6.466258549788289
2890,28.900000000000002,6.103296969223354,6.466879919220551
2891,28.91,6.100966432023466,6.46599930960328
2892,28.92,6.100827870990133,6.4655894442918065
2893,28.93,6.101841998204684,6.464606887242351
2894,28.94,6.099718184788756,6.46487735429802
2895,28.95,6.101393803650214,6.466717633786893
2896,28.96,6.103096710311365,6.466331471119303
2897,28.97,6.103260311262756,6.46512303175046
2898,28.98,6.098632137399278,6.466926736637078
2899,28.990000000000002,6.101044521412428,6.465343605824637
2900,29.0,6.1011085092026685,6.466003767185964
2901,29.01,6.101149457216674,6.465673652206716
2902,29.02,6.102690313530114,6.465278826247434
2903,29.03,6.1014461645702385,6.464494791554552
2904,29.04,6.101292401134528,6.465624255395525
2905,29.05,6.099692921795124,6.464764043672778
2906,29.060000000000002,6.100321549681439,6.465424769174257
2907,29.07,6.099027746106336,6.46544117477685
2908,29.080000000000002,6.099411789602071,6.464960541045347
2909,29.09,6.1015296569699045,6.46375244055267
2910,29.1,6.099536516738727,6.464992449428136
2911,29.11,6.101682101460084,6.465273856567712
2912,29.12,6.101359999586255,6.464977435060385
2913,29.13,6.099760719570205,6.465444960119248
2914,29.14,6.100885824923479,6.464311412465911
2915,29.150000000000002,6.099767332347511,6.464471723938402
2916,29.16,6.102163207508277,6.46411198079505
2917,29.17,6.101613300950075,6.463855619891198
2918,29.18,6.100992569886834,6.463704116098277
2919,29.19,6.1004843077084665,6.464752927275111
2920,29.2,6.099909189462843,6.463947165047898
2921,29.21,6.100762574758133,6.465685339031713
2922,29.22,6.100226877816604,6.464791949623707
2923,29.23,6.100593656017789,6.464687341474791
2924,29.240000000000002,6.100382506835297,6.463945888062089
2925,29.25,6.100493255170532,6.462413726839371
2926,29.26,6.10063096259281,6.4642710462593085
2927,29.27,6.102000056885702,6.46493697597611
2928,29.28,6.101330283715394,6.463573007398971
2929,29.29,6.10091431084533,6.462709800342551
2930,29.3,6.101328037914858,6.46447954223746
2931,29.310000000000002,6.09846056261666,6.464099392034362
2932,29.32,6.100800652116451,6.462911385017404
2933,29.330000000000002,6.099964214455599,6.464965785673955
2934,29.34,6.101023858542059,6.464844291332025
2935,29.35,6.1003426765395306,6.4629392587895556
2936,29.36,6.101575666775523,6.463841889964433
2937,29.37,6.101168792385241,6.46372565879197
2938,29.38,6.101916997487611,6.4617498398699205
2939,29.39,6.102594402405488,6.463923229997535
2940,29.400000000000002,6.09950850306635,6.462764659145576
2941,29.41,6.0995302891140994,6.462872359830773
2942,29.42,6.098526995041932,6.464162519576157
2943,29.43,6.1003400457924934,6.462985855507977
2944,29.44,6.100058210743817,6.463335889166082
2945,29.45,6.100481963207481,6.462788112518365
2946,29.46,6.099405386800703,6.463281725394
2947,29.47,6.101515182695759,6.463566540838306
2948,29.48,6.101221322211687,6.4648153800378845
2949,29.490000000000002,6.0998676899606314,6.463985735860644
2950,29.5,6.100209508099424,6.462701124277791
2951,29.51,6.102245120990979,6.461938676101966
2952,29.52,6.103218479848361,6.463638370675121
2953,29.53,6.098615489899165,6.462247963409589
2954,29.54,6.099986600791179,6.462162170755697
2955,29.55,6.100877857892242,6.461519248561157
2956,29.560000000000002,6.101567466692022,6.460734744886848
2957,29.57,6.100779425783537,6.463134292513088
2958,29.580000000000002,6.100406763959411,6.463242111293374
2959,29.59,6.100428369095434,6.462506800090491
2960,29.6,6.100360447304015,6.461336314324985
2961,29.61,6.10059368190733,6.461137489474342
2962,29.62,6.1018498569465525,6.461946107150909
2963,29.63,6.102048914793573,6.461773586879121
2964,29.64,6.100673907906435,6.4617210297240195
2965,29.650000000000002,6.101113900958795,6.462411710280531
2966,29.66,6.103174917722318,6.46350608282078
2967,29.67,6.102996578313074,6.461068430876974
2968,29.68,6.100728290455782,6.461880284639438
2969,29.69,6.100944766010374,6.461828084215195
2970,29.7,6.101457442559824,6.461511854654726
2971,29.71,6.100096500542262,6.459659376724784
2972,29.72,6.101373559337343,6.4615877211410595
2973,29.73,6.100230497698349,6.461951875082819
2974,29.740000000000002,6.099006894759463,6.461490309243186
2975,29.75,6.101134095647941,6.461393054491092
2976,29.76,6.100742530196775,6.462417038754351
2977,29.77,6.101873153657597,6.461447029774677
2978,29.78,6.101933049595432,6.461029087003056
2979,29.79,6.099204991729132,6.459934409707686
2980,29.8,6.100430802847542,6.460813342449955
2981,29.810000000000002,6.100046239110605,6.461156245784362
2982,29.82,6.100862541004085,6.4612585539576415
2983,29.830000000000002,6.099101820549561,6.461775985465154
2984,29.84,6.100676401933623,6.461043291393454
2985,29.85,6.100863387707561,6.462526569235213
2986,29.86,6.102064769217729,6.460671082678053
2987,29.87,6.101760020118444,6.4598933903519145
2988,29.88,6.101527124859416,6.459985612656442
2989,29.89,6.101571249997614,6.46141996104399
2990,29.900000000000002,6.101972343777146,6.461552663718631
2991,29.91,6.10042918675096,6.460878545466091
2992,29.92,6.1005295803710995,6.4623871477483545
2993,29.93,6.101691785388295,6.46195009003281
2994,29.94,6.101105811095538,6.461066751650152
2995,29.95,6.100741534631323,6.460496380583491
2996,29.96,6.101824671257027,6.4607551024076155
2997,29.97,6.102502732979553,6.46076149544371
2998,29.98,6.10181693316461,6.46108167823332
2999,29.990000000000002,6.101826363591111,6.460792007379907
