,t,x,y
0,0.0,5.587794810551146,3.6761144546205777
1,0.01,5.57041187409,1.433872109697592
2,0.02,5.557650997528358,2.8296003085698525
3,0.03,5.652528471883852,1.7495096340419847
4,0.04,5.657493574046013,0.4658462105691896
5,0.05,5.387825805561859,3.4440518501920883
6,0.06,5.412353190270169,1.8530716836268948
7,0.07,5.311791083463219,1.7764865968365284
8,0.08,5.300180805752186,3.67481615359005
9,0.09,5.296035958235807,0.8575008286198476
10,0.1,5.127830244099779,2.036797127433106
11,0.11,5.4852529862058965,1.0473776588931294
12,0.12,5.410154415147079,4.095613638801384
13,0.13,5.279284110174503,1.7222463510124455
14,0.14,5.263842860665381,2.709967016187546
15,0.15,5.456887577488333,1.7039077052004519
16,0.16,5.305255645444941,3.8079585534819356
17,0.17,5.1334872262013755,2.9678727889160434
18,0.18,5.298123722451677,4.112481622867575
19,0.19,5.1831176496080875,3.504230296860447
20,0.2,5.242573232732151,2.842573921262148
21,0.21,5.2209275812100016,2.875788833160308
22,0.22,5.452143054960248,1.8169119405958272
23,0.23,5.10524554479819,3.2472253140359184
24,0.24,5.210076070489685,2.3271477052947214
25,0.25,5.2019418819817975,4.566037876550451
26,0.26,5.166073611518613,4.255551187132616
27,0.27,5.154043639773611,3.825903145997642
28,0.28,5.188306003546316,5.448832912745182
29,0.29,5.158964324530151,2.0282804484660235
30,0.3,5.110192871502882,3.785789055832325
31,0.31,5.078455020928682,4.332379143052974
32,0.32,5.241925716765203,2.9147685127746863
33,0.33,5.012432671192758,2.7932878806593084
34,0.34,5.192640165369677,3.307194785607732
35,0.35000000000000003,5.129709367600421,3.3606565453358037
36,0.36,5.025842211647037,2.596823692929589
37,0.37,4.948488777648699,0.7952500744503728
38,0.38,5.111050795937619,2.377983601822072
39,0.39,5.104705671518122,5.244445016295396
40,0.4,4.959637891822815,4.955273482895301
41,0.41000000000000003,4.953874424042809,4.053541116604081
42,0.42,4.9739264327868975,4.550882449177686
43,0.43,5.13186309378884,5.226880282220718
44,0.44,4.917935713404118,5.357482680524485
45,0.45,5.017176376824288,5.4453713566547455
46,0.46,4.928019149261174,5.3019134143791655
47,0.47000000000000003,4.972295765307322,5.507454341407806
48,0.48,4.959375305681798,3.7809326078482797
49,0.49,5.068481703522182,2.849099359245825
50,0.5,4.971573173499553,4.63826178451736
51,0.51,4.92513132005681,5.213166826095692
52,0.52,4.74291315239381,4.8158518681025875
53,0.53,5.082803823780469,6.005373930162909
54,0.54,4.9444013217441825,3.8195777121460113
55,0.55,4.983572446096834,5.430224573840362
56,0.56,4.861371410998099,5.540895674857485
57,0.5700000000000001,4.941180585568978,5.370771298248488
58,0.58,4.930875572953442,4.828832761670869
59,0.59,5.045893939914459,5.89732130620009
60,0.6,4.7472131618788085,6.0903889727767275
61,0.61,4.7591178083859935,5.175620725738632
62,0.62,4.894018352112995,3.287581143826858
63,0.63,4.685061679148031,6.265005297039448
64,0.64,4.9771172258503045,4.05580876203971
65,0.65,5.0452345878780696,5.881524453822723
66,0.66,5.004462698874086,5.7097313901974305
67,0.67,5.081120352712444,3.9499706504715175
68,0.68,4.877612608977893,5.140160319809876
69,0.6900000000000001,4.821952671758587,5.40580828435775
70,0.7000000000000001,4.9172685411192285,6.330154195992062
71,0.71,4.912930841992896,6.4730010168661
72,0.72,5.037540879885765,4.985444716400148
73,0.73,4.9155652755083965,5.124897884997228
74,0.74,4.8549014682280776,5.880583246958605
75,0.75,4.900490281148478,6.364885696290517
76,0.76,4.596996469526406,6.152244018696651
77,0.77,4.876833535226028,6.516842964147555
78,0.78,4.61779056409887,6.34334589580203
79,0.79,4.956163568131439,4.047908208685583
80,0.8,5.016792097159231,6.592605539640205
81,0.81,4.907036808468367,5.642404056876993
82,0.8200000000000001,4.827059210364672,5.558163590864526
83,0.8300000000000001,4.8019261132532645,8.282471348671937
84,0.84,4.762785936507883,5.735255974572429
85,0.85,4.9452512664184,5.160379946157876
86,0.86,4.861918112949157,7.393716175783589
87,0.87,4.880732215644716,6.360969737482509
88,0.88,4.755083522802369,6.835682648272558
89,0.89,4.664806065565464,6.301905118810626
90,0.9,4.747871210819591,7.011205819622093
91,0.91,4.579770010347163,7.760355161460334
92,0.92,4.776095831553379,5.434341369765985
93,0.93,4.717423745986059,7.449366291446921
94,0.9400000000000001,4.592453771147686,7.8051548353681
95,0.9500000000000001,4.731098175202879,5.886869645431215
96,0.96,4.677924403756978,7.862757876901302
97,0.97,4.762299347950717,7.234709836171569
98,0.98,4.510533921843756,7.246107284270123
99,0.99,4.479806125920827,7.331292144801031
100,1.0,4.566614465631297,8.074425050237007
101,1.01,4.890872248496416,4.807486121367031
102,1.02,4.3191366789928525,9.373789667098663
103,1.03,4.504830341727235,6.364699305582517
104,1.04,4.519564948889318,8.827768201707114
105,1.05,4.47107469363563,7.629595700128851
106,1.06,4.509106826493782,5.7656933871388745
107,1.07,4.480479665056307,6.140038291009933
108,1.08,4.419639171846655,9.514358763759375
109,1.09,4.538806285676112,7.4406162556797
110,1.1,4.547220604873977,5.658368446776986
111,1.11,4.408276633494589,5.864823299959511
112,1.12,4.436221496307782,8.106098559532139
113,1.1300000000000001,4.343199297475031,6.476349300423847
114,1.1400000000000001,4.292319532596419,7.991867084883719
115,1.1500000000000001,4.149568649518196,8.756224267778116
116,1.16,4.345402717374146,7.812008424613736
117,1.17,4.557988529848605,6.883151158975392
118,1.18,4.271973377742327,6.400562522608983
119,1.19,4.349024205190762,6.894746138457442
120,1.2,4.281890548939221,7.28274493458804
121,1.21,4.31034089924958,8.490255928193832
122,1.22,4.284726133601877,8.09037264348062
123,1.23,4.393999664400116,8.70925675108023
124,1.24,4.1465583955839245,7.5333736782480445
125,1.25,4.415101012305275,8.867142583279286
126,1.26,4.065903642294074,7.5733269915489005
127,1.27,4.072662588843289,7.950087828674312
128,1.28,3.9176677446972934,6.364160370343026
129,1.29,4.357019590204852,7.098155213303208
130,1.3,4.17283421216027,9.121992240190645
131,1.31,4.198655927725123,7.243455493750501
132,1.32,4.223799151767342,8.347062956189484
133,1.33,3.9089883889356103,8.25060787615154
134,1.34,4.052286477936393,6.225751239162918
135,1.35,3.948251366469583,9.431334515769933
136,1.36,3.8462092384332953,7.303543139243818
137,1.37,4.1142009010462735,7.757675970238942
138,1.3800000000000001,3.970940686752963,7.540065709434137
139,1.3900000000000001,3.9383213547896956,9.41209725746173
140,1.4000000000000001,4.264336731104715,9.08909398262547
141,1.41,3.895809795458909,10.312834452361836
142,1.42,3.9058321235619116,8.82852176421203
143,1.43,3.79900933708745,8.716017168602374
144,1.44,3.9010636325981034,9.468742223591931
145,1.45,3.7076283223256845,8.83042857341183
146,1.46,4.022447426027813,7.076171977730971
147,1.47,3.7835642269418157,7.700579370701453
148,1.48,3.9206629514098723,9.790907472862072
149,1.49,3.8497362282548404,8.44845997239011
150,1.5,3.5458273888320218,9.391212186647259
151,1.51,3.8246720454669667,9.570424336953723
152,1.52,3.815629456309834,8.939896695758886
153,1.53,3.7140810835046443,8.307749298553679
154,1.54,3.7313247664739846,8.469918109022748
155,1.55,3.8837301736029537,9.396269620641148
156,1.56,3.79952368560417,10.051272469246932
157,1.57,3.5659831520544967,9.915503511008831
158,1.58,3.651070723039405,10.031459580078163
159,1.59,3.608174606691539,10.198135412505064
160,1.6,3.530215654445549,9.239465946939559
161,1.61,3.5921707830701353,10.92255015982151
162,1.62,3.488888279473541,10.121279218664048
163,1.6300000000000001,3.5695331436783677,9.218941619805959
164,1.6400000000000001,3.559068131646704,9.161849337640348
165,1.6500000000000001,3.5282547910006796,9.293735909994771
166,1.6600000000000001,3.64176426954402,9.062454945034368
167,1.67,3.6244635024283935,8.269129345330759
168,1.68,3.5425795368569686,10.195328373634519
169,1.69,3.503774620759737,9.149280371891539
170,1.7,3.518870552427105,9.297983795437629
171,1.71,3.4881003046738583,8.88065279060558
172,1.72,3.494890121556834,9.82919748964769
173,1.73,3.5008145894756755,11.168488370312971
174,1.74,3.383007758046403,9.567934611390266
175,1.75,3.458153157691453,11.438770495276652
176,1.76,3.660839686754462,8.025648287826485
177,1.77,3.630404670428474,10.20590624361087
178,1.78,3.485903538705931,11.171886812870927
179,1.79,3.6633429114944627,8.68449816910823
180,1.8,3.6793882177077135,10.78971994352816
181,1.81,3.5308960873094613,9.501498330905507
182,1.82,3.6908489975961696,9.875253269428354
183,1.83,3.5807291830241286,10.018142578716976
184,1.84,3.558420377425388,10.801184930699014
185,1.85,3.6197452537086776,8.882392962548252
186,1.86,3.5847353292962283,10.41236990854771
187,1.87,3.5595986037298992,11.26842127821674
188,1.8800000000000001,3.696226488680948,10.525140190369816
189,1.8900000000000001,3.7075361602657204,9.087495210414792
190,1.9000000000000001,3.469137391841899,10.411133213632876
191,1.9100000000000001,3.5183379099001826,10.332034726555932
192,1.92,3.522390582401036,10.220355440800697
193,1.93,3.639135134187223,10.894644496250786
194,1.94,3.6969110737686677,12.132807117613321
195,1.95,3.675453733391007,9.817081366834724
196,1.96,3.4926623277873885,11.643162852168691
197,1.97,3.709166960440442,9.297169325875007
198,1.98,3.58347687725778,11.961262738043065
199,1.99,3.407121672009425,9.03913467452673
200,2.0,3.636714973655412,10.2061136551436
201,2.0100000000000002,3.571998095478862,10.868953019851656
202,2.02,3.761311632521352,9.382830263894334
203,2.0300000000000002,3.618804196774096,11.03099620674187
204,2.04,3.6097975100324136,11.116527945251319
205,2.05,3.730139252826895,9.699716611743101
206,2.06,3.6549473521004585,11.033265640016507
207,2.07,3.645143549102144,11.243750608513881
208,2.08,3.732881217029507,12.138383402490163
209,2.09,3.4389554393075126,11.592724458302666
210,2.1,3.704027908958208,11.872687324206467
211,2.11,3.5380231323290827,11.121223044448298
212,2.12,3.707659567170816,10.004479770924958
213,2.13,3.83820116060963,11.216777032880124
214,2.14,3.6367974693192444,13.81719430642966
215,2.15,3.6803561216882343,10.975034767032268
216,2.16,3.4596120312543337,12.669602237366695
217,2.17,3.570597407312225,11.298314372656487
218,2.18,3.6745568476983514,13.25940422268896
219,2.19,3.6669267040498434,9.712145081383822
220,2.2,3.626036779516292,11.955580302094901
221,2.21,3.7490244854997234,12.24121843667699
222,2.22,3.674206505055262,10.674991557898492
223,2.23,3.6987932469221954,11.871292798449968
224,2.24,3.578369056885805,11.935954163675454
225,2.25,3.5078759826193853,11.908336493280745
226,2.2600000000000002,3.682488133295341,12.351289310097307
227,2.27,3.7007535120131787,11.328876370493811
228,2.2800000000000002,3.6542483072147514,12.540638203242082
229,2.29,3.580149019043885,12.025395445716335
230,2.3000000000000003,3.6792529051837954,11.66373747473975
231,2.31,3.5177495795293012,12.174769208212306
232,2.32,3.5667872221206465,10.398431665907847
233,2.33,3.6632210712018662,11.380586889957645
234,2.34,3.676320022133455,13.429263852145024
235,2.35,3.664293841145449,11.701765052055709
236,2.36,3.62026532303492,11.926088162202106
237,2.37,3.564835562643225,12.865595828822592
238,2.38,4.043095338784214,12.260651079590994
239,2.39,3.703688126846931,12.809440244989823
240,2.4,3.74450975421709,12.277430305479024
241,2.41,3.760683793161548,11.647052586236116
242,2.42,3.915058338577447,11.038478598320728
243,2.43,3.762574002730775,12.014809502735176
244,2.44,3.611903754468367,11.973752630410765
245,2.45,3.6288601902025204,10.897419523212628
246,2.46,3.569088309446015,12.694946170996074
247,2.47,3.76837739778869,12.127900759801147
248,2.48,3.6333561355936195,12.328496819673163
249,2.49,3.7745663039768576,13.085411562833315
250,2.5,3.506667379607976,12.172798194237922
251,2.5100000000000002,3.7397176916339903,12.647299979049501
252,2.52,3.481163518056209,13.158684906399928
253,2.5300000000000002,3.5770820037572846,13.066730759780627
254,2.54,3.6886032996024904,12.942972193867167
255,2.5500000000000003,3.4831833918431525,12.500131584511806
256,2.56,3.7510085080100235,12.704379995536982
257,2.57,3.500507537861355,13.108742084070093
258,2.58,3.4601169363101114,12.939493374347586
259,2.59,3.5478501201655233,12.095089243075162
260,2.6,3.75183695891649,12.915640999433462
261,2.61,3.595522234192434,13.18590577438205
262,2.62,3.3996489303448656,14.197496678600768
263,2.63,3.535247614597749,14.554707219000543
264,2.64,3.547426305768445,12.144131333110549
265,2.65,3.369854315657492,12.695322602055768
266,2.66,3.5322499700875434,13.424842805946959
267,2.67,3.283017214046173,13.571124520098092
268,2.68,3.298692976287233,13.445981063148533
269,2.69,3.2871784305216325,15.216960201623442
270,2.7,3.3583771278836343,13.220766006445261
271,2.71,3.218631735071418,12.077143570012424
272,2.72,3.520404441986776,14.213088096696843
273,2.73,3.434426500559508,12.55693871796603
274,2.74,3.364767968380858,11.783155313546796
275,2.75,3.3482316072424334,13.71150074333355
276,2.7600000000000002,3.4867498441375546,12.44655618459453
277,2.77,3.2070456588274703,15.441519529865806
278,2.7800000000000002,3.2988261742977154,13.22447300781795
279,2.79,3.3084321130791565,12.208161303605705
280,2.8000000000000003,3.1976422602845984,12.886774949019712
281,2.81,3.443421896856203,12.018214013040927
282,2.82,3.546468667599113,13.031715482967344
283,2.83,3.373354237801393,13.02157325312637
284,2.84,3.141439328232548,12.820697433749443
285,2.85,2.9779235848561236,12.743614567145828
286,2.86,3.2558987649053286,13.990584025354147
287,2.87,3.1622149734013414,14.912601238012654
288,2.88,3.2063159325094115,13.408017876935673
289,2.89,3.085731159947,13.407175960204983
290,2.9,3.239348463893184,13.631313483215376
291,2.91,3.2304715133450355,14.490042334524414
292,2.92,2.975941144572514,14.814306290121117
293,2.93,3.088152509732035,14.601972876566185
294,2.94,3.041205233398328,13.541659058938519
295,2.95,2.932308830066659,14.280680562940303
296,2.96,2.979619952148017,14.223739986948138
297,2.97,3.1395230188542462,14.27000327320542
298,2.98,3.0649014424523235,15.320658614692393
299,2.99,2.991016302568419,13.119018234198094
300,3.0,3.1787701367962367,13.990210087059225
301,3.0100000000000002,2.782175147560637,13.513167201080524
302,3.02,3.05697430295965,14.11880357595033
303,3.0300000000000002,2.961614443656268,14.600186427745827
304,3.04,2.849362800151535,14.45828382860354
305,3.0500000000000003,2.916085227882465,14.16668218682062
306,3.06,3.0251024864922282,14.675329630677115
307,3.0700000000000003,2.7302854271203656,15.278135987900834
308,3.08,2.9137761661862775,15.175277423837636
309,3.09,2.8755687074538865,14.37709159608465
310,3.1,2.994042956807401,14.83968564674706
311,3.11,2.78357911919542,14.918756327445383
312,3.12,2.7335857465157227,14.837740265390151
313,3.13,2.824982131443026,11.028536037411051
314,3.14,2.7969117155683123,14.141427258282564
315,3.15,2.7082354245098608,14.562540731393412
316,3.16,3.042763299188516,12.914088307301608
317,3.17,2.648118807372849,15.103920306424593
318,3.18,2.8832332783547554,15.2735884870785
319,3.19,2.8473865669718017,13.352101896819207
320,3.2,2.7788656357177928,14.443550902316638
321,3.21,2.8214117159047443,15.95859673436219
322,3.22,2.8481811151279617,14.644974965622154
323,3.23,2.6039575723518023,14.661580914768562
324,3.24,2.721148021372211,13.870418569712246
325,3.25,2.7150524083009873,15.074157452436788
326,3.2600000000000002,2.575235127351376,15.395783470784302
327,3.27,2.4705124119713573,15.111761996927408
328,3.2800000000000002,2.646802276891236,14.727213082115432
329,3.29,2.6532488393386595,15.565784688928565
330,3.3000000000000003,2.5621541744901934,16.436737000767234
331,3.31,2.608128138013585,15.257015281596344
332,3.3200000000000003,2.6978124159281,13.161027969740724
333,3.33,2.37545587929509,14.178459236046798
334,3.34,2.6837316656755443,15.104024231509031
335,3.35,2.68817183488498,14.20297969609927
336,3.36,2.4999325839327495,15.373124216150268
337,3.37,2.5475756642507554,16.227614388213794
338,3.38,2.529088456027921,14.780042439122367
339,3.39,2.577640844340645,14.75723775998787
340,3.4,2.5646005327234107,15.070836449992225
341,3.41,2.510796561233163,14.564684675013245
342,3.42,2.5459975713149294,14.468270495510202
343,3.43,2.474354340252476,15.591931818661658
344,3.44,2.5758070556320902,16.2680604200301
345,3.45,2.3075193309793853,14.46666693330294
346,3.46,2.4646089757639214,14.41111993119263
347,3.47,2.4628893314438756,12.600759876033306
348,3.48,2.420150696638839,14.793284429670331
349,3.49,2.350141953199322,16.505558240207797
350,3.5,2.644819401383266,15.749224182142518
351,3.5100000000000002,2.454165089380078,14.306386345201968
352,3.52,2.3517503418390815,15.393072762333189
353,3.5300000000000002,2.566889379022483,15.661783597592795
354,3.54,2.603036369772382,16.63297423202552
355,3.5500000000000003,2.4637573036760934,14.476729599956444
356,3.56,2.4826677065019456,13.830859275640245
357,3.5700000000000003,2.559552307857955,14.848198542315412
358,3.58,2.522116019986694,16.28628112204163
359,3.59,2.318865005435055,16.856427414888525
360,3.6,2.552652905032592,16.436392370495252
361,3.61,2.4173115119740087,16.3597928231266
362,3.62,2.3563028401503407,14.833302342504037
363,3.63,2.5895579556306454,15.065030394873563
364,3.64,2.4716795841054124,14.41018903300405
365,3.65,2.660847733426579,15.365136456214026
366,3.66,2.379707093255529,16.72357869957723
367,3.67,2.3710437633187937,15.778429846667462
368,3.68,2.636164112270111,17.077571428208408
369,3.69,2.3456789987507674,14.435672862743699
370,3.7,2.4249139494864895,16.764036513508476
371,3.71,2.442111083035238,15.91042750052635
372,3.72,2.373334644632305,17.071736280312305
373,3.73,2.5003956895860115,15.8482054140102
374,3.74,2.5683914133883547,14.169096824520564
375,3.75,2.403538702770888,18.422517814160678
376,3.7600000000000002,2.48128417426461,16.221050653730188
377,3.77,2.339768957720416,16.321416221206963
378,3.7800000000000002,2.2536147772158475,15.071461410575047
379,3.79,2.483629370053194,16.627911423662063
380,3.8000000000000003,2.5838263977854234,16.615202568650453
381,3.81,2.480312996657657,16.309553835871075
382,3.8200000000000003,2.4912382877841615,14.195111712070517
383,3.83,2.549704695560377,16.752716273037684
384,3.84,2.336738983031043,16.465476478507465
385,3.85,2.3472887730307708,18.611675265095847
386,3.86,2.597750620146272,17.326819832723476
387,3.87,2.5019528248376273,16.369815834345804
388,3.88,2.5705044336777654,17.49933472314714
389,3.89,2.645890440751744,16.726495927488727
390,3.9,2.4544571724872837,17.10881907206838
391,3.91,2.459362638735833,18.278706637403115
392,3.92,2.454842307126363,16.73379250163527
393,3.93,2.541715847232354,16.021280177600005
394,3.94,2.68312757463964,16.474561399356137
395,3.95,2.638523227142758,16.905858702882817
396,3.96,2.5653825007370656,17.258795524730406
397,3.97,2.5934500181519926,16.074478957867335
398,3.98,2.546395657428986,16.30252290640245
399,3.99,2.5323755659317877,18.731767485241903
400,4.0,2.339449030626855,17.17789296643166
401,4.01,2.607102305959148,17.927391690175938
402,4.0200000000000005,2.52203233221076,17.114462292642305
403,4.03,2.4522073312502934,18.880310554359166
404,4.04,2.692465796123332,19.054884456944666
405,4.05,2.5566585026785216,15.150532369432888
406,4.0600000000000005,2.691087542790472,16.746086213147578
407,4.07,2.5939984827541642,17.207185858220726
408,4.08,2.8100719478075944,18.002988826385092
409,4.09,2.6842194052250736,17.222620316601695
410,4.1,2.5990387238154864,17.107455984031045
411,4.11,2.584217355713952,17.57676197122088
412,4.12,2.827309881480881,16.105657463028223
413,4.13,2.538795831353355,16.539642776764477
414,4.14,2.8245122780071306,16.231067186554437
415,4.15,2.710688582274609,14.751878834924137
416,4.16,2.7828884461143053,17.405039604555377
417,4.17,2.7070568835808957,18.888836952118265
418,4.18,2.7804180896479984,18.689056131057644
419,4.19,2.5703915456637922,17.61966800436447
420,4.2,2.81846176471269,18.99397296796637
421,4.21,2.7421994103263785,17.856755713215186
422,4.22,2.4841453949655556,17.856794103428047
423,4.23,2.788099534626198,17.25991938189752
424,4.24,2.7700784830096863,17.63841932606686
425,4.25,2.692721504650812,18.55765765642181
426,4.26,2.9653064721296833,16.971052441825524
427,4.2700000000000005,2.7263276738902493,17.646557052782036
428,4.28,2.818410979940501,17.972932496200574
429,4.29,2.8186539331760674,17.679209031406323
430,4.3,2.7674922087174587,17.853393471671748
431,4.3100000000000005,2.668127746999838,16.725279479298173
432,4.32,2.9959330647515525,18.760530945018576
433,4.33,2.7249699841773682,15.584579070676673
434,4.34,2.768464408533477,17.25490558528405
435,4.3500000000000005,2.807488849431274,16.06450225631473
436,4.36,2.8634317144911816,17.91969477962387
437,4.37,2.8871761233954056,17.495148650837876
438,4.38,2.7913235472373894,18.534895171253936
439,4.39,2.712605474197668,18.65726714835662
440,4.4,2.7276112206733862,19.25335652494124
441,4.41,2.7419087441524495,17.39179362117396
442,4.42,2.7899152566378165,17.271697070387415
443,4.43,2.84587939099716,19.101756678563316
444,4.44,2.8209398001849504,19.743158863716182
445,4.45,2.852177850945157,18.402018386257424
446,4.46,2.8552032614134517,18.840991152040935
447,4.47,2.9938117081768163,17.436020278234622
448,4.48,2.575131538778013,18.464893258562086
449,4.49,2.8551038339031556,17.771514776764715
450,4.5,2.856146215856892,18.27410929712967
451,4.51,2.8879090755851973,18.552135550857724
452,4.5200000000000005,2.8513678646459386,18.509851693957664
453,4.53,2.770784815652462,18.937069831839707
454,4.54,2.920381591023384,18.626761482780985
455,4.55,2.7265083314170715,18.024583347529248
456,4.5600000000000005,2.763065816288581,18.01551474301416
457,4.57,2.8907385870793054,18.512338065982323
458,4.58,2.8093664040712722,19.158916285600867
459,4.59,2.684842005129174,18.172579692353125
460,4.6000000000000005,2.7281361699788578,19.80407321957173
461,4.61,2.925331750138887,17.9399934971725
462,4.62,2.8970996442074557,18.38331843258974
463,4.63,2.8018863262467035,18.541405210001553
464,4.64,2.9627220939973373,19.67861779209205
465,4.65,2.8428518168821353,16.76999000429596
466,4.66,2.890206976953376,17.44231203870966
467,4.67,2.8611065426613216,18.34953215999838
468,4.68,2.9936553353666344,19.2930292232073
469,4.69,2.7763176949131783,19.474435334024985
470,4.7,2.7582434361747423,18.44856688061589
471,4.71,2.7343527294764156,19.22391944743644
472,4.72,2.7324745679068836,18.371901982243475
473,4.73,2.791976992509669,20.130890119662038
474,4.74,2.6228112451911385,19.393941316719452
475,4.75,2.6495965349517014,18.642666269010732
476,4.76,2.837323918019772,19.700641356490728
477,4.7700000000000005,2.701587808296991,20.474092042533695
478,4.78,2.6630224643538334,19.86043260838455
479,4.79,2.712509560011994,19.144768914277037
480,4.8,2.7886280807377744,17.869959153294538
481,4.8100000000000005,2.7346156011552867,18.92626154215889
482,4.82,2.713514014557021,18.644442653483328
483,4.83,2.7409164426095276,19.536584917243786
484,4.84,2.5899796459902737,19.70238303421844
485,4.8500000000000005,2.6483664210774314,18.759889593138237
486,4.86,2.716517566366964,19.342814159919214
487,4.87,2.749515957995139,19.74522315332013
488,4.88,2.7652804134713693,19.579961521723863
489,4.89,2.88365799282483,19.517439081968412
490,4.9,2.5868582825241617,18.09314359375755
491,4.91,2.551850860838621,17.80154314900605
492,4.92,2.9484087146993705,20.43610342203192
493,4.93,2.7182722589321076,19.50944364585654
494,4.94,2.6554056624226803,21.021502944247846
495,4.95,2.6012355178613507,19.568046800659832
496,4.96,2.73362084971402,22.335535787706075
497,4.97,2.6871010600600713,18.759144659412005
498,4.98,2.6019270443706213,18.958679700352395
499,4.99,2.7118204785608615,18.8073265301203
500,5.0,2.671885617305946,18.647203785097307
501,5.01,2.654206301916629,19.25347298117978
502,5.0200000000000005,2.401317957303987,18.546039266160246
503,5.03,2.4566276018281967,21.09561466759882
504,5.04,2.632564210856099,21.736440627632
505,5.05,2.653084423296478,19.008427624527855
506,5.0600000000000005,2.602857436989179,19.706269872630177
507,5.07,2.5021157377572725,18.090781876957966
508,5.08,2.5072516350243057,18.72075998782773
509,5.09,2.3226880711457962,20.723760748761883
510,5.1000000000000005,2.5848166776377832,19.881727639706316
511,5.11,2.4718144369228865,20.028136538241522
512,5.12,2.5471388695466306,21.031273862922365
513,5.13,2.7623422356597045,20.465618965986927
514,5.14,2.5501611416448404,21.243792785321965
515,5.15,2.281986808847366,20.2583402627137
516,5.16,2.3213775450049514,19.24533515962569
517,5.17,2.3805404503807726,19.511987792951594
518,5.18,2.5252377534688892,20.32934590049275
519,5.19,2.3543231593276115,20.02343213374367
520,5.2,2.291480146318179,20.683742185168697
521,5.21,2.31350357580858,18.71050392597403
522,5.22,2.3147665086689013,20.708057743580298
523,5.23,2.314311811325526,19.856779045210903
524,5.24,2.3355642482561345,19.494526501990993
525,5.25,2.2877729776193334,20.960122107172896
526,5.26,2.2001654352930617,20.464091403304028
527,5.2700000000000005,2.3902218840000193,19.143403313621317
528,5.28,2.1139248215066737,19.958537998644907
529,5.29,2.1535904470661986,20.59395075402825
530,5.3,2.3606397697521175,20.934854656965705
531,5.3100000000000005,2.352746154295385,21.447264978769237
532,5.32,2.208539425601997,22.764234803400264
533,5.33,2.2225194886240605,19.474824603119206
534,5.34,2.2184771734891138,19.733846527516015
535,5.3500000000000005,2.212941779983132,21.607537148143024
536,5.36,2.172882292844214,19.37116438735762
537,5.37,2.0308842075443327,20.551446869235306
538,5.38,1.978274370431039,22.215782957725168
539,5.39,2.1680433693395407,20.577361253081527
540,5.4,2.1125426218954164,20.34248717626248
541,5.41,2.0018780877478206,19.09062444388774
542,5.42,1.9386142911611008,20.663703347698675
543,5.43,1.9604160480517796,20.56713156854498
544,5.44,2.1431349510685336,20.653802517683705
545,5.45,1.9186739312217798,21.633838861536972
546,5.46,2.220928412480207,20.767125437057114
547,5.47,2.229659385125722,20.19869471105544
548,5.48,2.0970004026467612,21.899893795593723
549,5.49,1.8238978082445818,20.311562953897205
550,5.5,1.9061203285440877,20.3588856516651
551,5.51,2.2219956608285267,20.593514702790873
552,5.5200000000000005,1.909489165416487,20.36378247017803
553,5.53,1.899692128684324,21.61487926001204
554,5.54,2.1108133083596545,21.18907802516013
555,5.55,2.04109997972591,19.129207765641812
556,5.5600000000000005,1.9908836704964956,21.288788951924158
557,5.57,2.0371902733372553,21.438043414145447
558,5.58,1.7482822710814656,19.579941408523336
559,5.59,2.0096604242915057,20.290211145140816
560,5.6000000000000005,1.9383296806474533,21.350189198051247
561,5.61,1.972398041210565,21.968820553841493
562,5.62,1.9155163856841824,21.09297847215887
563,5.63,1.661761334457717,21.36851239163872
564,5.64,1.8841097991003606,21.90763446609659
565,5.65,1.8592400687789226,20.99911222908827
566,5.66,1.6848964127587382,21.827766486380938
567,5.67,1.6706211220548515,22.21483345619474
568,5.68,1.7296896864965732,21.80574189536841
569,5.69,1.779378091986049,20.418768361865776
570,5.7,1.827163541390059,20.424371899384855
571,5.71,1.8275350323070245,20.070215991095058
572,5.72,1.8394180342027373,19.85586857392387
573,5.73,1.8929751588770285,20.535532488708622
574,5.74,1.6625270969699817,20.974716792842223
575,5.75,1.8960408226426664,21.86464214469931
576,5.76,1.7648323551451928,20.954504377762333
577,5.7700000000000005,1.5420549832013095,20.501949687739913
578,5.78,1.8195702733317853,22.47025949270801
579,5.79,1.8436194859416553,22.24212780736443
580,5.8,1.6336185553987268,20.92567925335484
581,5.8100000000000005,1.696094070343946,21.453053636955268
582,5.82,1.7959431506923038,21.8880971780034
583,5.83,1.7577762825061778,21.67185233895941
584,5.84,1.612518700769788,20.497555012882607
585,5.8500000000000005,1.8043690282976945,20.654553626195966
586,5.86,1.7140432785653557,20.53464790846619
587,5.87,1.7296628594316505,22.162996124583955
588,5.88,1.5730612423355925,23.01761216691283
589,5.89,1.8319029258610913,20.129755540662128
590,5.9,1.580852640604776,22.363416224878648
591,5.91,1.6109318547671272,20.99337964430167
592,5.92,1.5416390571589846,22.147515447581252
593,5.93,1.387901361102757,21.954635317734546
594,5.94,1.6249186201109924,21.10906426662561
595,5.95,1.448744854069701,21.786975394672137
596,5.96,1.4533418223961745,21.04487105801174
597,5.97,1.853129393086232,22.01127316736871
598,5.98,1.5899096509921986,22.48767712414637
599,5.99,1.6745381384788385,20.58429586978932
600,6.0,1.5761080628237485,21.784637856975856
601,6.01,1.636819280379458,21.343988891728305
602,6.0200000000000005,1.7249607236590876,20.50405038641324
603,6.03,1.49762074273228,21.4767065484841
604,6.04,1.7308565074765845,21.985358266454128
605,6.05,1.5944828866457579,21.457149402976512
606,6.0600000000000005,1.8079831780535751,21.81209858158096
607,6.07,1.616686321555627,22.420966722295745
608,6.08,1.475007454606904,20.84348210921162
609,6.09,1.5557275647767905,24.41271803582938
610,6.1000000000000005,1.5031488267216915,22.121031117662508
611,6.11,1.3395182971806938,21.861155804400344
612,6.12,1.3378032413706311,23.59638537227185
613,6.13,1.426326456102098,21.88493563281778
614,6.140000000000001,1.6329381123150553,22.017114201642304
615,6.15,1.7513707070253026,21.133556271899042
616,6.16,1.758015154998879,22.292449184808863
617,6.17,1.5347961745177392,23.29627193998435
618,6.18,1.5658786654915042,23.429618558147926
619,6.19,1.448690733772941,23.36916217763834
620,6.2,1.5524845614349463,23.254842804479026
621,6.21,1.6217860952813667,22.251196472928527
622,6.22,1.427352981585994,21.754278399220063
623,6.23,1.3624019053508385,23.9299033535429
624,6.24,1.454004286491653,20.85710644473068
625,6.25,1.6150839484086883,20.83285773466873
626,6.26,1.4669248802934203,22.090446493713994
627,6.2700000000000005,1.4463359016073165,22.67097052090261
628,6.28,1.6441492518538248,22.006283076771666
629,6.29,1.620667316315883,20.917381405136936
630,6.3,1.6195688900665357,22.934320830512323
631,6.3100000000000005,1.6311535042520369,21.822440947395222
632,6.32,1.5544305921262194,21.086522398340843
633,6.33,1.7275588876582224,22.841215811484872
634,6.34,1.6808524617350369,23.754699274778066
635,6.3500000000000005,1.5650257925396878,22.635693828307655
636,6.36,1.5230543665795166,21.150617266139395
637,6.37,1.567233573333775,23.77507677825208
638,6.38,1.437212974380394,24.326700765552598
639,6.390000000000001,1.7783289131061455,24.249606386541437
640,6.4,1.5062472812407335,21.421115211277904
641,6.41,1.6196878918684614,21.553614745030558
642,6.42,1.4569682595738147,22.17971271393592
643,6.43,1.6474077526899074,22.39997293227803
644,6.44,1.645756603085488,21.794268832369525
645,6.45,1.8009516930435243,24.184106694210147
646,6.46,1.8377597273605693,21.16900404525516
647,6.47,1.5590053710279261,24.12077309123935
648,6.48,1.7124001741374093,22.046890843299693
649,6.49,1.707057493433864,22.17748695851831
650,6.5,1.6688927019254305,23.598776138144686
651,6.51,1.6587541625783682,22.682846116799624
652,6.5200000000000005,1.7560476719491676,21.5215284886898
653,6.53,1.7241778919767374,22.369358003325594
654,6.54,1.732258064211836,22.397324630838522
655,6.55,1.7300259161620337,24.508094022016742
656,6.5600000000000005,1.7840433888994258,25.4139628079295
657,6.57,1.5749485292014378,24.202085784285718
658,6.58,1.6080920017730356,22.980806583155378
659,6.59,1.696759745484049,22.215833709126784
660,6.6000000000000005,1.6097567055985387,23.43373125565136
661,6.61,1.8200360251845744,24.892057498519613
662,6.62,1.6019035412623033,22.908021254818674
663,6.63,1.665904718405823,22.782177303361777
664,6.640000000000001,1.7110424882505946,24.57870557653968
665,6.65,1.680189240917966,22.512780596541955
666,6.66,1.6281855130941463,20.869053700678936
667,6.67,1.7973764428751071,21.498474452402117
668,6.68,1.7867821424969115,22.649067251205768
669,6.69,1.9377523569658006,24.131338326597742
670,6.7,1.8220908693774318,25.375461272965882
671,6.71,1.7462711483073563,24.23120291989653
672,6.72,1.8638951958646806,22.354918796375173
673,6.73,1.8217201014834146,23.09632061010567
674,6.74,1.8780294488040368,23.347098380828218
675,6.75,1.970342134742532,23.39584188468876
676,6.76,1.7257752536273412,23.078719724069458
677,6.7700000000000005,1.9472300759964483,23.962991190198377
678,6.78,1.7567471230287557,23.04877599110794
679,6.79,1.8251760029837842,24.331081848923343
680,6.8,1.9589775517800825,23.754656321875288
681,6.8100000000000005,1.8086108349533065,23.27932487125669
682,6.82,1.936041657507526,22.308320414021512
683,6.83,1.9119451093148823,22.461343246752264
684,6.84,2.021985693139441,22.067164718725763
685,6.8500000000000005,2.0358895926012006,22.956106348343372
686,6.86,1.7577699053007596,23.409175171469613
687,6.87,1.8854254781335942,25.34428469795497
688,6.88,1.957632147442843,22.64519302403017
689,6.890000000000001,2.1399010234148093,23.13456184770966
690,6.9,2.003095143165184,24.717727192307105
691,6.91,1.9170323563940752,22.250223152747814
692,6.92,2.147664479897486,24.920686613756732
693,6.93,1.8713339164937997,24.75485326954889
694,6.94,2.1282043212409647,24.418673409282093
695,6.95,2.2769431473684345,22.828047173867404
696,6.96,1.8230731926031893,25.02069314594503
697,6.97,2.0747001206882043,21.836438363164156
698,6.98,1.8815674198038972,24.40707413701829
699,6.99,2.0800376901460917,22.91087329314677
700,7.0,2.051123868281904,22.796479705372832
701,7.01,1.9407799460876156,26.318237077900204
702,7.0200000000000005,2.0738633838504894,23.325069583913585
703,7.03,2.0492700399596506,22.901468742098615
704,7.04,2.1219912612086738,24.36621051171417
705,7.05,2.018920610109241,24.08173889984302
706,7.0600000000000005,2.1646383947804884,23.66313618879792
707,7.07,1.8891047003629584,24.195281161527742
708,7.08,2.0366999830566126,25.56028889826741
709,7.09,1.9250433077098446,23.95920768425662
710,7.1000000000000005,2.1879522199474266,23.839179245634327
711,7.11,2.140385091595396,24.708645321161004
712,7.12,2.1699586676628795,24.513045663521225
713,7.13,2.2857945403946096,24.011745972593467
714,7.140000000000001,2.216671751396105,26.394765363137207
715,7.15,2.1180101052862783,22.978342365564657
716,7.16,2.102687142826174,24.5380388455191
717,7.17,2.0987579936870144,23.95823992859348
718,7.18,2.2038312361408865,23.825418669705222
719,7.19,2.074277224229494,22.274002845293552
720,7.2,2.0100450158553307,25.655097601210475
721,7.21,2.1703982767934846,22.033494177067368
722,7.22,2.081029650001149,25.300332138347667
723,7.23,2.279302882919293,23.991023318853554
724,7.24,2.1697905601255143,25.61014987950929
725,7.25,2.3469756997718867,23.41581127800277
726,7.26,2.176105764201464,25.123686235049206
727,7.2700000000000005,2.277260301801846,24.64015101599726
728,7.28,2.332810217798238,26.805405847964824
729,7.29,2.212317299002197,26.584564084365763
730,7.3,2.2641314755120883,25.613867292608195
731,7.3100000000000005,2.1395542326369297,25.53030582184258
732,7.32,2.432918372729442,23.119621770400094
733,7.33,2.4662227209638603,23.394918866334326
734,7.34,2.360727525549899,23.7288874088617
735,7.3500000000000005,2.2075283677915136,24.488489870656792
736,7.36,2.3984061105330268,23.615592796040076
737,7.37,2.3301242767347263,26.232875719298146
738,7.38,2.261105802982008,24.344239532437605
739,7.390000000000001,2.310288410080002,24.672329636371003
740,7.4,2.1608993637605396,24.26382432516192
741,7.41,2.1589978795038633,25.75472622246716
742,7.42,2.2106871602976814,22.677107730430027
743,7.43,2.310071508466173,25.236484599504934
744,7.44,2.2523543453897976,26.761232634387515
745,7.45,2.3148651772766455,23.416290762163104
746,7.46,2.313508936001956,22.596223410167596
747,7.47,2.373499845535092,23.584520030885287
748,7.48,2.254425302612392,22.681982153988912
749,7.49,2.0418719878852962,25.20678365537203
750,7.5,2.3297980139056103,23.89430858415097
751,7.51,2.3528705816306643,24.02031692683966
752,7.5200000000000005,2.172144630908915,26.518846299366245
753,7.53,2.317998735620785,23.449833910926138
754,7.54,2.0290566537231247,26.547069708535584
755,7.55,2.2203290650268017,25.033530990447833
756,7.5600000000000005,2.3575984693355667,23.601817772410293
757,7.57,2.4312445426357625,26.518338260185963
758,7.58,2.220582287494242,24.24923572566681
759,7.59,2.249285501079133,25.349440890137135
760,7.6000000000000005,2.2820211363050666,25.63083491409303
761,7.61,2.2986686454402183,23.879200255780127
762,7.62,2.341882911298793,25.63684878696619
763,7.63,2.365341309453125,23.046403211463705
764,7.640000000000001,2.1238628757633413,24.86167097476315
765,7.65,2.2589884594160083,24.59867645712081
766,7.66,2.3762827978268146,24.90039880896992
767,7.67,2.44190531703546,25.150146334780516
768,7.68,2.1763022836487687,24.825305754057332
769,7.69,2.4634340926446656,24.467277999253096
770,7.7,2.204979050192938,24.7781143991532
771,7.71,2.277729529170169,25.551504379333455
772,7.72,2.1718039348410136,23.306416979965555
773,7.73,2.173182690826711,23.121840864053702
774,7.74,2.4052364013736627,25.26634826372817
775,7.75,2.252559100429397,25.001324226142074
776,7.76,2.427083845272439,27.02883371275739
777,7.7700000000000005,2.009625139932502,26.800071104637887
778,7.78,2.2142543360764786,24.56415674977316
779,7.79,2.328439309987513,25.463355235492592
780,7.8,2.2605283097414017,25.003499468116875
781,7.8100000000000005,2.3295198385816374,25.261161449386577
782,7.82,1.9249402392056796,24.443585977828196
783,7.83,2.234578689505434,26.632114952009537
784,7.84,2.3648346543240577,26.15015489457006
785,7.8500000000000005,2.255989146527147,25.801421232303856
786,7.86,2.1811347539156336,26.198575758493227
787,7.87,2.296431817872296,27.338478739476383
788,7.88,2.306994800913,25.588845942453318
789,7.890000000000001,2.223422083144687,25.624996628613737
790,7.9,2.2003973466168816,26.610241383300938
791,7.91,1.9862131863046262,24.70334127772915
792,7.92,2.127139288669454,26.153339664608126
793,7.930000000000001,2.1861993312118604,24.498826439380483
794,7.94,2.1579612758084443,25.788806126992405
795,7.95,2.2392021085776626,25.646691372455514
796,7.96,2.092502416622005,25.58407378244541
797,7.97,2.1905034040876528,27.14972663883775
798,7.98,2.1266335019518303,25.147146858423486
799,7.99,2.018054145324775,25.21644183915066
800,8.0,2.1590049747231754,27.36877864792187
801,8.01,2.2273813660984545,25.485426861050716
802,8.02,1.9556548792470831,25.563448225596833
803,8.03,2.0154196119765446,25.112432095073483
804,8.040000000000001,2.07631629392019,24.520942927054367
805,8.05,2.0417782602117613,25.571278848362667
806,8.06,2.169815626620259,23.826861986009817
807,8.07,2.0764247740201127,25.379460039878754
808,8.08,2.0596590903366567,26.521621287463454
809,8.09,2.0225987850310463,25.99381545725665
810,8.1,2.003817711192223,24.87943274454968
811,8.11,2.0401755490962916,25.743379743693524
812,8.120000000000001,2.2779999127628567,25.565577652242805
813,8.13,1.8700198835812227,26.868047284528163
814,8.14,1.8209103420338342,26.04935214919281
815,8.15,2.1097092037350955,26.27873355024377
816,8.16,1.8695061370828894,25.146609436919896
817,8.17,1.8799721356505406,25.547996935185132
818,8.18,2.1142075829271505,26.55971814746652
819,8.19,2.055068428490383,27.31185914259689
820,8.2,1.9202226376110503,25.427969167827182
821,8.21,1.9103865468160097,25.136923102684992
822,8.22,1.7410832314877687,26.13774620331473
823,8.23,2.0219257830778306,26.553985099933573
824,8.24,1.8822427618027289,26.083979870079904
825,8.25,1.8831249092384204,24.11676784927662
826,8.26,1.8054913772067833,26.3694484999898
827,8.27,1.9146212813540675,25.2775504550369
828,8.28,1.9833151624531276,24.795740744864496
829,8.290000000000001,1.7963885079400255,28.525691892721838
830,8.3,1.782770573848786,26.02495196896015
831,8.31,1.8494397411392791,27.130097634643274
832,8.32,1.8958556779341513,25.93356814295723
833,8.33,1.896194523140577,25.14439245761182
834,8.34,1.7811787829634493,25.42991467206761
835,8.35,1.6988173271520541,25.85579939161952
836,8.36,1.8039406858615767,28.238895100913755
837,8.370000000000001,1.953381650121871,25.554472991074743
838,8.38,1.7152281183167735,25.800813066368182
839,8.39,1.4791441797014395,25.280286133363276
840,8.4,1.8325923430146938,27.31300299203939
841,8.41,1.7668454096559167,27.802783959029302
842,8.42,1.6193780955064394,25.96909720405817
843,8.43,1.8954722767619243,26.2717626420442
844,8.44,1.7327870046559817,25.486602176738035
845,8.45,1.7453360383679424,26.349683898219617
846,8.46,1.538479044876141,25.435500357489122
847,8.47,1.5540864450794376,25.754374635691043
848,8.48,1.782273795550214,26.479463040883118
849,8.49,1.7029943793511984,27.721357234000994
850,8.5,1.5026134843957557,25.101457100837834
851,8.51,1.5491468555114185,25.191082428384902
852,8.52,1.5785193978553629,27.29139937438555
853,8.53,1.5271236325275044,25.96930423278573
854,8.540000000000001,1.619205854364828,25.756860818765865
855,8.55,1.5619126606558476,27.032045791895587
856,8.56,1.6992046941662564,27.17552634249171
857,8.57,1.4216903840685557,25.28442543313487
858,8.58,1.6090967347899905,27.213496988987448
859,8.59,1.6960235908374672,24.998261843669074
860,8.6,1.6125477899684424,25.253119259103066
861,8.61,1.5517247334188184,25.872097014803717
862,8.620000000000001,1.2767889036094995,27.681035193414083
863,8.63,1.499761481410149,27.304098127528547
864,8.64,1.405911390890489,26.44192599593372
865,8.65,1.368230305614555,26.760099104227912
866,8.66,1.492414080905691,23.7547139303284
867,8.67,1.5820056373089837,26.754134980119062
868,8.68,1.3495151368156373,24.807388398204775
869,8.69,1.5716103635403975,27.284605280525092
870,8.700000000000001,1.4871711824023355,26.441926574635325
871,8.71,1.3390852169693512,24.93912476176369
872,8.72,1.2436357899562407,26.63256663558965
873,8.73,1.3761893219759065,26.145370546090025
874,8.74,1.2383365289021706,27.147680119929262
875,8.75,1.3999039376875904,27.305721734194385
876,8.76,1.4007014349675062,25.365716131124355
877,8.77,1.44007085535414,27.991816337963872
878,8.78,1.4008092833175254,25.9335195625936
879,8.790000000000001,1.4632175423948366,26.858390017809086
880,8.8,1.4622143659467557,27.318697272585847
881,8.81,1.1854476764193398,25.99106613309756
882,8.82,1.1592376334557495,29.048993428184723
883,8.83,1.2778550680312597,24.867181668132353
884,8.84,1.1903600646942318,27.69191581133235
885,8.85,1.3802643372522638,26.703281809859018
886,8.86,1.2128971824093928,27.56545422596598
887,8.870000000000001,1.184534063525116,26.04954370495013
888,8.88,1.1535482296301618,27.01539103433335
889,8.89,1.1504261091956192,27.174075146901984
890,8.9,1.232359609204549,27.083840395955367
891,8.91,1.1063387940024814,27.235368083855803
892,8.92,1.1368459001463103,26.295887911210496
893,8.93,1.2201115864109489,26.26920675323297
894,8.94,1.0913952225241181,27.995806197332012
895,8.950000000000001,1.1323747358712248,28.633008580008436
896,8.96,1.1407047696298818,27.833939770095334
897,8.97,1.1207626774099324,28.40033466965622
898,8.98,1.0263328927589386,29.20728884873042
899,8.99,0.9072003214579045,27.211817007173153
900,9.0,1.1063114581727873,26.233283519662553
901,9.01,1.1215136373216905,25.531938523269293
902,9.02,1.1169706663889614,27.959180348512458
903,9.03,0.9237627836463256,28.71260203827282
904,9.040000000000001,0.9106440018052393,25.896582946444102
905,9.05,0.916945335965683,26.672521491135644
906,9.06,0.9429720246238694,27.649684996932844
907,9.07,1.0010600440708162,27.223044083458277
908,9.08,1.031841703005054,28.60593977508949
909,9.09,1.0778265041647108,27.5203288227723
910,9.1,1.0889592387194158,27.761057994677437
911,9.11,0.9273382298285615,26.69865332245666
912,9.120000000000001,1.1344435645394275,27.08603357967162
913,9.13,1.122006517664348,26.403596994804776
914,9.14,0.9877929110978954,27.617859125365623
915,9.15,0.9048852479206873,25.488870942774668
916,9.16,0.9397554361557089,27.612098371453392
917,9.17,0.8103261410216785,26.37392436208183
918,9.18,0.8273996701508534,28.18989193566661
919,9.19,0.8468755166515014,26.927418453242453
920,9.200000000000001,0.9994513617581885,27.358203362839628
921,9.21,0.7899040882014954,29.24121238357998
922,9.22,0.8952961704142204,27.400678696769628
923,9.23,0.847849579622201,27.937057522947626
924,9.24,0.9472080293451531,26.45560598499867
925,9.25,0.8759953369168001,28.34904768656006
926,9.26,0.8132535084748921,24.731216547209634
927,9.27,0.8836778051965597,28.609242512916023
928,9.28,0.8221424164484183,27.16333085061763
929,9.290000000000001,0.759272112025757,26.393436146429995
930,9.3,0.8654986992422345,28.038752608094217
931,9.31,0.949412674183999,27.152256764989556
932,9.32,0.8571779176075087,28.0115621542229
933,9.33,0.9976926561053618,28.793417001305112
934,9.34,0.8181037252211645,28.170276373725283
935,9.35,0.6879011232477978,29.477138152842933
936,9.36,0.910944261832985,26.604120303273845
937,9.370000000000001,0.795479884543803,27.86193812076917
938,9.38,0.5866663518594603,27.406896545976313
939,9.39,0.9371339436307593,28.322506489554264
940,9.4,0.6221847751944332,27.081772665437345
941,9.41,0.7111662241038003,27.404315932490366
942,9.42,0.7719751668946292,26.972361985033192
943,9.43,0.9371578459729911,27.78406898078941
944,9.44,0.745491175540122,29.46092860874
945,9.450000000000001,0.7881520171756737,28.419754064160546
946,9.46,0.8046595906582521,27.28870515326133
947,9.47,0.9636960473539841,27.787329479209102
948,9.48,0.7615683194374446,29.029936990016925
949,9.49,0.8477064688184278,28.355301372596045
950,9.5,0.5815250485188281,28.20532587683874
951,9.51,0.8300010736600623,27.78373524109207
952,9.52,0.8262886129444807,27.932457110175974
953,9.53,0.8229912963895386,26.951689262374146
954,9.540000000000001,0.7430720127133321,28.64146650395993
955,9.55,0.8336742347186248,27.744100938626232
956,9.56,0.9201235803650922,29.43061708803989
957,9.57,0.7919569932417876,29.038005530144257
958,9.58,0.6820854641204654,28.42627690964321
959,9.59,0.7405730988309991,28.80460924917272
960,9.6,0.789909014127616,28.475706484973205
961,9.61,0.6498233196307046,29.433450017288433
962,9.620000000000001,0.6124149377504009,29.450454732603664
963,9.63,0.7527547205603676,27.667991274905454
964,9.64,0.5919145200421969,28.7166684831138
965,9.65,0.7088004538434071,29.38303944908072
966,9.66,0.8148278235722799,27.354352242195134
967,9.67,0.6785539729417491,26.484682093571095
968,9.68,0.913740975258089,27.741909597824815
969,9.69,0.6508290456508021,29.400782635749874
970,9.700000000000001,0.7779245197074782,28.998141716504193
971,9.71,0.7209525669791629,29.096060771306064
972,9.72,0.6241599092009643,28.659025289287676
973,9.73,0.7300732359344552,26.9992217498714
974,9.74,0.7878961857276234,27.501905092385346
975,9.75,0.8115046243513155,28.447204790934343
976,9.76,0.6648152833986881,29.67723919113499
977,9.77,0.8326673848585975,28.886013024017455
978,9.78,1.045778097088811,27.707742845784797
979,9.790000000000001,0.8207402542618353,30.023168903038307
980,9.8,0.765381303064466,29.86269260151437
981,9.81,0.6945346022521165,28.426283899346874
982,9.82,0.7269815065338561,29.718483124800656
983,9.83,0.7733580270480891,27.452392834367178
984,9.84,0.6866229089430429,28.41006531099223
985,9.85,0.948156873898638,29.446041316348623
986,9.86,0.9508281369158176,29.33239053658271
987,9.870000000000001,0.9361401671538377,29.392353874711144
988,9.88,0.8349454087538452,27.447859759535444
989,9.89,0.9532733310306846,30.6167100735743
990,9.9,0.8760183420671297,29.12342795676225
991,9.91,0.8083927280034343,28.20778876633685
992,9.92,0.9739404673600655,29.748256874450256
993,9.93,0.9201008378092626,29.27040620222062
994,9.94,0.8460715348366559,29.764012357453904
995,9.950000000000001,0.8541896577771444,28.723030784000404
996,9.96,0.7663662165543402,29.77581085280333
997,9.97,0.7581073099045883,29.645524733688443
998,9.98,0.8438362411395458,27.802067834754503
999,9.99,0.9759921619953041,29.777396734346254
1000,10.0,0.9284397509934994,29.880894322054775
1001,10.01,0.8859400487058634,30.719874304957685
1002,10.02,0.8657406410147686,30.59042077618658
1003,10.03,0.8911669527052815,29.221015528300214
1004,10.040000000000001,1.0955257576992863,29.488420871658295
1005,10.05,1.0303114008648584,31.080781644109198
1006,10.06,0.8967321207625832,29.17580343741057
1007,10.07,1.0634819125807746,28.48490804741447
1008,10.08,1.0506661937994577,28.04759730034457
1009,10.09,0.7730252746233918,28.577235099335745
1010,10.1,0.9516971461305254,29.58295175849013
1011,10.11,0.9011038321106796,30.138183886261913
1012,10.120000000000001,1.0797021640476916,27.715112934476082
1013,10.13,0.9115908494448386,29.18832688206561
1014,10.14,1.1065595136686763,29.41688830239398
1015,10.15,1.21318174761337,28.138357805198922
1016,10.16,1.032062339721326,29.25395330931608
1017,10.17,0.9947547298242981,29.699223088916817
1018,10.18,1.067537876142375,28.208978262665386
1019,10.19,1.1477090997135526,29.151062881416504
1020,10.200000000000001,1.1070769987676075,29.363512467914298
1021,10.21,0.947873013851215,28.855158178666073
1022,10.22,1.1402275731091747,29.635368107652607
1023,10.23,1.0276597652834745,29.62526715029839
1024,10.24,0.9889717037595379,27.875607367060496
1025,10.25,1.0841803396320437,29.021742676143525
1026,10.26,1.1387560026048007,28.94650080460649
1027,10.27,1.07937029311094,28.39170397029629
1028,10.28,1.2046149135548663,30.93805810579125
1029,10.290000000000001,1.2596278112370378,27.885234927034997
1030,10.3,1.1029961487228113,30.180134451883028
1031,10.31,1.275541425821381,28.127649391240443
1032,10.32,1.1191382991108587,29.941939684427673
1033,10.33,1.1818530628265558,29.798528033971248
1034,10.34,1.2866524226054459,29.758061121677482
1035,10.35,1.120772663582699,28.598597722072597
1036,10.36,1.1481876148299421,28.6177326786432
1037,10.370000000000001,1.1082227719319953,30.060858518240504
1038,10.38,1.2781161370026246,30.46874918444663
1039,10.39,1.2521272036150042,29.422748745413465
1040,10.4,1.327136914158491,29.054455297810396
1041,10.41,1.1635111480039493,30.36690092790469
1042,10.42,1.1995722725427687,30.61466539848465
1043,10.43,1.3587090832332644,29.674093223199367
1044,10.44,1.1804127415460919,30.564192650251663
1045,10.450000000000001,1.2852152014068674,30.09849106993322
1046,10.46,1.2746958931402317,30.055986811026386
1047,10.47,1.261246106722308,31.613885420403633
1048,10.48,1.3023223497526064,30.435090073654507
1049,10.49,1.2967783114488034,30.499434675074994
1050,10.5,1.2131330783562058,27.54197144283721
1051,10.51,1.3667995945163305,30.646806512489952
1052,10.52,1.3588312371726088,31.393056912347628
1053,10.53,1.4264841780677242,28.032795803848355
1054,10.540000000000001,1.2936847026281786,31.115916460439408
1055,10.55,1.3451211132106033,29.40403677555626
1056,10.56,1.3584487441887174,30.40289408889571
1057,10.57,1.5935777520353032,30.961169567407993
1058,10.58,1.3769917858273837,31.62482071007333
1059,10.59,1.3856369337422498,30.10063346000966
1060,10.6,1.5977890816491453,30.55007025729575
1061,10.61,1.5193020846279175,29.947739418298866
1062,10.620000000000001,1.3079894314136018,29.200702885285313
1063,10.63,1.5417036571156568,30.967028891860924
1064,10.64,1.483588516418244,29.845396210183118
1065,10.65,1.7254587299576385,29.424910923690284
1066,10.66,1.3766367930231602,29.749397544748472
1067,10.67,1.3331510771424193,31.415932443838297
1068,10.68,1.4590504649524207,29.49910121307621
1069,10.69,1.4626370887319338,30.250091206809618
1070,10.700000000000001,1.6095121421945682,28.816825653236645
1071,10.71,1.4418140960721273,30.540918598531658
1072,10.72,1.680916983281135,30.791423483847876
1073,10.73,1.655687178088726,31.019766369758
1074,10.74,1.565076983724808,29.92790666642886
1075,10.75,1.5878625233928363,30.21911851106862
1076,10.76,1.5560437943399672,30.814418423836894
1077,10.77,1.6914505837765508,30.993042595034556
1078,10.78,1.5539667014114678,30.260323293986104
1079,10.790000000000001,1.502074364402365,30.62243325517488
1080,10.8,1.629354100881043,32.369207721252344
1081,10.81,1.670758903805662,29.737317308578973
1082,10.82,1.6270164165427992,30.011746445425807
1083,10.83,1.5115540030836434,30.94009196828746
1084,10.84,1.6530775114533423,31.052210209411843
1085,10.85,1.6491942089298202,30.25174088887287
1086,10.86,1.6247736386456337,32.676296775975565
1087,10.870000000000001,1.7492447790614447,29.82955179112626
1088,10.88,1.516920941948295,30.70654587904165
1089,10.89,1.5004296031706388,31.25521549367379
1090,10.9,1.5338418596183867,30.81256418078292
1091,10.91,1.82455020044755,30.329524850239043
1092,10.92,1.8127296812371316,31.354698846727292
1093,10.93,1.6384004547567401,30.134269326519938
1094,10.94,1.8887418610186577,31.165155215899702
1095,10.950000000000001,1.7938563572878186,30.43946193944278
1096,10.96,1.7863876665878573,28.508086154890563
1097,10.97,1.63503125700655,29.311713137468725
1098,10.98,1.6928820732584746,31.42635418813132
1099,10.99,1.7298129162050129,30.707954440799828
1100,11.0,1.8130648224856747,30.37920720185333
1101,11.01,1.552774307573772,28.78753800560507
1102,11.02,1.7602888142833049,28.40938576639948
1103,11.03,1.8358088143172635,27.634870306141174
1104,11.040000000000001,1.7566230511262522,30.556150892344775
1105,11.05,1.7955355393352443,29.374919312841705
1106,11.06,1.8384870399982114,30.69020493051562
1107,11.07,1.8368960779399113,31.667327773796867
1108,11.08,1.9047193660311037,30.055662670417927
1109,11.09,1.914606942243576,29.187568515933307
1110,11.1,1.8334092763445287,30.82986219170456
1111,11.11,1.785239604791342,31.300361595630605
1112,11.120000000000001,1.9081513462497892,31.6578241938927
1113,11.13,1.8763960667964679,29.65196176591105
1114,11.14,1.9021773015734214,31.159784061315232
1115,11.15,1.8311646966628843,32.40316090517425
1116,11.16,1.9224532018673355,30.73202078291345
1117,11.17,1.8584376605571395,30.43007469597363
1118,11.18,1.7441084074939517,31.134120860912233
1119,11.19,1.7361430724013842,31.114840835054995
1120,11.200000000000001,1.852264527633984,29.48098369910871
1121,11.21,1.962891626722897,30.874268479960513
1122,11.22,2.026798104964332,29.314187579725346
1123,11.23,2.0106590419865595,29.11534459374436
1124,11.24,1.7166371365194626,30.89426418803874
1125,11.25,2.001719509329822,29.79463436767564
1126,11.26,1.912968549601037,29.913437761915198
1127,11.27,1.9773934182143933,30.602150364299153
1128,11.28,1.706888918302348,31.92786459738068
1129,11.290000000000001,2.1128122991640454,30.508485282981614
1130,11.3,1.9723979489365713,32.61637453456539
1131,11.31,2.018017245451992,29.797095372562644
1132,11.32,1.8938543138888282,30.096037728541425
1133,11.33,2.0571999387625604,31.798615633314654
1134,11.34,2.0064268621434906,30.27776321467144
1135,11.35,2.015749141575644,31.171148118981392
1136,11.36,1.9514908774561688,31.822841022978043
1137,11.370000000000001,1.9564586377469437,32.54170227743666
1138,11.38,2.0944401688556127,29.44123237275086
1139,11.39,1.9603421365986875,31.15461113848205
1140,11.4,1.8769179821499011,30.79463373269045
1141,11.41,1.9868956298063516,30.096492628106635
1142,11.42,1.9674472579791802,30.78669589300409
1143,11.43,1.9186624598108568,33.45323455099104
1144,11.44,2.0120014971923195,31.841484443627465
1145,11.450000000000001,1.8073273891131703,31.50543721311545
1146,11.46,1.9894540874831694,30.45822218433967
1147,11.47,2.09301325421855,30.601123226380487
1148,11.48,1.9105378112825289,29.470415520876706
1149,11.49,1.8852795379689211,32.91757593262871
1150,11.5,1.9296975644741285,31.99965485247776
1151,11.51,2.1060586949141866,30.914672021744025
1152,11.52,1.979779529438478,33.08818130032977
1153,11.53,2.0588540182832284,30.506910783066512
1154,11.540000000000001,2.057154426286376,31.29549591558031
1155,11.55,1.8629367175565152,30.505626015877887
1156,11.56,1.925148184278628,32.7370138915732
1157,11.57,1.9520607145907267,32.04953566336921
1158,11.58,1.8256923329636174,31.536544685673256
1159,11.59,1.8592538550269735,32.11151128308878
1160,11.6,2.093317418289322,31.042649094478826
1161,11.61,2.0414906073376016,30.079607991648608
1162,11.620000000000001,1.857953147401294,29.746109460018907
1163,11.63,1.8917811136248024,31.969153992425774
1164,11.64,1.873934809827106,30.080635851690523
1165,11.65,2.011419588103377,31.560673814112917
1166,11.66,2.124844081567902,30.942700044842468
1167,11.67,1.8502903889561215,30.18449076599727
1168,11.68,1.8248037121750558,31.63185674318052
1169,11.69,1.996050680316876,30.335488339842517
1170,11.700000000000001,1.895923085683165,31.82992937023849
1171,11.71,1.848342309301803,32.71449462290758
1172,11.72,1.8359420206204125,31.24465784942203
1173,11.73,1.8330173620163217,32.02190045636297
1174,11.74,1.7442269901189729,31.448917975873027
1175,11.75,1.938112277377737,31.94445899278113
1176,11.76,1.860159334692579,31.068433301915604
1177,11.77,1.9355077061328463,32.22666060175564
1178,11.78,1.8795317702339946,30.43103570640685
1179,11.790000000000001,1.8020830402693795,30.93978189358138
1180,11.8,1.8602377813618465,31.603067018454514
1181,11.81,1.8912060722983122,31.74079145139494
1182,11.82,1.9865117420039407,30.25568811223247
1183,11.83,1.8440183552447436,31.865818427957148
1184,11.84,1.8077049022268763,31.09435159735529
1185,11.85,1.9080577835636203,31.80677792688716
1186,11.86,1.808184665664501,30.43691510070419
1187,11.870000000000001,1.8079012379611754,30.75320217560322
1188,11.88,1.7534481650844063,30.711288556272574
1189,11.89,2.1438612819441856,31.73433397525819
1190,11.9,2.027515699167272,30.66961750902979
1191,11.91,1.5329266955315777,32.62685645942166
1192,11.92,1.7615780922349533,31.349663738387335
1193,11.93,1.7762060965072413,30.734199148737915
1194,11.94,1.8684462897284366,29.922822383050555
1195,11.950000000000001,1.785505724236792,32.58283679756484
1196,11.96,1.8146842233362666,31.672560312758694
1197,11.97,1.9841502598240033,32.248695746958056
1198,11.98,1.8700675029008311,31.393978299854904
1199,11.99,1.928161710045623,31.371529189055497
1200,12.0,1.7827283650808305,31.980471496406533
1201,12.01,1.6485132288402764,31.642401675559096
1202,12.02,1.8783757403048893,32.5777618359875
1203,12.030000000000001,1.6170305010589168,33.1756556624998
1204,12.040000000000001,1.882853644710222,31.874395453332458
1205,12.05,1.807456010439761,31.453688681119644
1206,12.06,1.8908121045128263,32.6725924478469
1207,12.07,1.5475326123903639,33.846336648038445
1208,12.08,1.7157365235760995,32.22267149781324
1209,12.09,1.86711529362093,31.74534493093215
1210,12.1,1.7804025238377186,32.106144485014255
1211,12.11,1.8018671960670534,33.67266875409346
1212,12.120000000000001,1.7339697174601272,32.35978045704966
1213,12.13,1.8106987016872942,31.631173760351977
1214,12.14,1.8572204114548556,32.3962445556849
1215,12.15,1.6977177738802085,30.827520177172662
1216,12.16,1.53908508246954,32.47480958768975
1217,12.17,1.6882655239731978,32.567849386188115
1218,12.18,1.6958961244740685,31.877309264542834
1219,12.19,1.6444498254033457,33.972790190786405
1220,12.200000000000001,1.5559155648719727,31.362437430584247
1221,12.21,1.6545848207270084,31.64365648335791
1222,12.22,1.688587241316145,31.396364275130157
1223,12.23,1.6694939346464048,33.85048567563665
1224,12.24,1.6503551782497567,32.579791507016544
1225,12.25,1.509014625273872,32.9783361318832
1226,12.26,1.4878731311336966,32.128942161987716
1227,12.27,1.5801043516896471,32.74557397675529
1228,12.280000000000001,1.636090233564246,32.66224292492603
1229,12.290000000000001,1.4796010532242672,30.724159445336497
1230,12.3,1.4702989603953278,31.671083586273763
1231,12.31,1.4378898813646566,30.48452574480043
1232,12.32,1.3247533579751964,32.60103217772273
1233,12.33,1.2004391731484678,32.83752505208325
1234,12.34,1.5990815563307605,33.096690166628065
1235,12.35,1.305978753521872,31.5208998804883
1236,12.36,1.5150443930727833,32.440533930431315
1237,12.370000000000001,1.5206895763840027,34.93767708698057
1238,12.38,1.635087125867134,32.40854348557339
1239,12.39,1.3797880084063354,31.82142537757361
1240,12.4,1.3596474399157417,32.288393474869274
1241,12.41,1.3610713509151982,32.02362159248107
1242,12.42,1.3230970669131348,29.94805465831176
1243,12.43,1.4195120862947777,32.00511673751554
1244,12.44,1.6541203862665124,31.980549372209033
1245,12.450000000000001,1.283804814955968,33.645896787543364
1246,12.46,1.4314194199265275,33.227009398120394
1247,12.47,1.465555472406224,32.18275537243144
1248,12.48,1.3810674962823384,32.67100573711034
1249,12.49,1.5675127182570938,31.873784584471917
1250,12.5,1.5463212671732598,33.33965857706046
1251,12.51,1.3688220694043274,33.230147003596485
1252,12.52,1.309455226401956,30.765292549025144
1253,12.530000000000001,1.4287914884753785,30.700478943286157
1254,12.540000000000001,1.3781776558018362,32.414103716883524
1255,12.55,1.3535906870510683,32.716157045665085
1256,12.56,1.1296654928902827,30.2585889162981
1257,12.57,1.378696406231912,31.40052859573666
1258,12.58,1.5297472149029783,31.774457975207223
1259,12.59,1.1168329634475944,31.810686086245344
1260,12.6,1.2420711640038025,33.496782557688114
1261,12.61,1.2897183503412444,33.91890700976468
1262,12.620000000000001,1.2664142815977832,32.008900679843705
1263,12.63,1.3120545133323613,32.94523101418175
1264,12.64,1.3405447856822663,33.78039632534241
1265,12.65,1.2737953073275523,33.65814260136737
1266,12.66,1.3256284536136185,31.158253368622475
1267,12.67,1.322425405013309,34.05130708717352
1268,12.68,1.12740083947997,33.991151790786375
1269,12.69,1.1389385931827865,33.30371490639937
1270,12.700000000000001,1.1690140939496472,32.99990097966309
1271,12.71,1.2349411385008398,32.68629999749798
1272,12.72,1.1705089651531029,32.88425147040858
1273,12.73,1.0664418117633516,33.92691776065203
1274,12.74,1.1488656979735565,32.45242056644009
1275,12.75,1.0061900254860776,32.88465124480307
1276,12.76,1.1161150401047881,32.39819500315382
1277,12.77,1.3392310497608078,32.237834461039974
1278,12.780000000000001,1.150465907987686,34.4372357739803
1279,12.790000000000001,1.0736109518748407,32.64888444364756
1280,12.8,1.216536359572394,32.98471298559243
1281,12.81,0.9618859019049892,33.69788231377829
1282,12.82,1.1289402012132792,33.60117140479303
1283,12.83,1.2650882297281814,35.093046277443094
1284,12.84,0.9981501290820293,32.107837090569554
1285,12.85,1.0827846437355408,31.128144215047524
1286,12.86,1.0655547072268303,32.77118879997139
1287,12.870000000000001,1.1975428757980657,32.657637793569954
1288,12.88,0.9766612714487758,33.941231229946005
1289,12.89,0.7216585440450527,33.92959527249885
1290,12.9,1.0013743925402456,32.75592504459865
1291,12.91,0.9586175686917925,34.171766541888736
1292,12.92,0.8613989353019644,32.92054099157998
1293,12.93,1.1190189538013324,32.517743401362445
1294,12.94,0.9484868325953341,34.5356344882472
1295,12.950000000000001,0.9123576582984286,32.51576175356551
1296,12.96,0.8587278866361923,33.09872849421088
1297,12.97,0.7570970595165762,34.25058339697906
1298,12.98,0.9655103788468665,33.18686576680959
1299,12.99,0.7864051449682297,33.519247921496
1300,13.0,1.0173537391641425,32.3872304667784
1301,13.01,0.9426891207249491,33.50257962945434
1302,13.02,0.8950591315364002,31.938035431605975
1303,13.030000000000001,0.6932990834303703,34.53573804724466
1304,13.040000000000001,0.8177084503207943,30.298128830702936
1305,13.05,0.8462059120105028,32.576461831658676
1306,13.06,0.8112770165614701,32.79664661772795
1307,13.07,0.7914556468419502,34.72348687875275
1308,13.08,0.7855075152605502,32.615589898249894
1309,13.09,0.7003154967848526,31.886694182982314
1310,13.1,0.563439308764897,32.47050380764274
1311,13.11,0.8349558270424673,33.24823166166286
1312,13.120000000000001,0.6073275903507364,32.61308810080879
1313,13.13,0.7778124492806111,34.57400652737622
1314,13.14,0.6849390671694147,32.35441868993787
1315,13.15,0.8202568148625868,32.083274063824284
1316,13.16,0.9252162537762192,32.1599761634427
1317,13.17,0.5875042376265691,31.416448308997637
1318,13.18,0.6259832159053929,34.95874641294882
1319,13.19,0.5845787500590753,32.69576719098253
1320,13.200000000000001,0.4394842136927209,31.532089532471815
1321,13.21,0.6844350633739973,33.21588289176837
1322,13.22,0.5442854959937432,32.423459602893516
1323,13.23,0.688900509426419,33.07548645655254
1324,13.24,0.6681992407651007,32.422319832663206
1325,13.25,0.6057477145844304,33.52316946151852
1326,13.26,0.5487614702549857,32.73416324035466
1327,13.27,0.6683281691767688,32.583546074845
1328,13.280000000000001,0.5954605176082953,32.68978276630211
1329,13.290000000000001,0.7227894310086505,32.11390597346018
1330,13.3,0.6111421956678572,32.09313269634973
1331,13.31,0.6694256602014763,34.274677121521066
1332,13.32,0.4308979859074987,31.842005396822447
1333,13.33,0.4256149908357341,34.638313664937996
1334,13.34,0.7483822900908145,32.9196587984673
1335,13.35,0.38436350097075545,33.51915633916913
1336,13.36,0.5840863907609668,33.04088579319823
1337,13.370000000000001,0.36429785821602767,32.82914077944136
1338,13.38,0.41832582143058167,33.49753653651827
1339,13.39,0.49016731722422907,32.37280248314793
1340,13.4,0.5011292787577059,33.554123529918364
1341,13.41,0.3594787824072793,33.71365978748694
1342,13.42,0.37543954364291743,33.34897657217197
1343,13.43,0.3257083840121059,31.871161079858336
1344,13.44,0.3407220973926703,33.7566187205563
1345,13.450000000000001,0.21289588284983174,33.229138226601286
1346,13.46,0.4256525686799875,34.349891729648945
1347,13.47,0.47058012443566055,33.689851065540296
1348,13.48,0.43169448337358846,33.39009304673953
1349,13.49,0.3869112839204709,34.556655397826596
1350,13.5,0.4352929031683279,32.86292734332164
1351,13.51,0.48828004405244807,34.41605111230801
1352,13.52,0.32903226834257115,32.63159030300614
1353,13.530000000000001,0.23501288654814606,32.386187663351805
1354,13.540000000000001,0.2689923542828925,32.888954284810595
1355,13.55,0.3494647210331724,33.82762954588399
1356,13.56,0.3787275264436988,33.34812533447844
1357,13.57,0.3322736695485904,33.76312031483095
1358,13.58,0.3280728354319358,34.987754545588146
1359,13.59,0.13054132304350985,32.581587708640534
1360,13.6,0.47326750679213353,34.81793309916633
1361,13.61,0.2241065097719161,34.44533211945226
1362,13.620000000000001,0.30809573121745093,32.58530066987461
1363,13.63,0.34886049793631785,31.715263693653966
1364,13.64,0.18461390343258832,31.449105512439846
1365,13.65,0.26427200978964693,33.84648033745038
1366,13.66,0.28745681033962456,33.27652151831514
1367,13.67,0.22957704130580983,33.97638868993606
1368,13.68,0.09669296416515893,33.191323136400094
1369,13.69,0.1942758834831154,33.101155794603756
1370,13.700000000000001,0.09686005543441539,34.351447468703796
1371,13.71,0.28972948333819326,34.87918409144521
1372,13.72,0.03548437322401485,33.023370258051074
1373,13.73,0.24623975882650556,33.48284035438866
1374,13.74,0.23421649869695127,33.759967255470755
1375,13.75,0.22458646654270975,35.215935456013376
1376,13.76,0.14594600316124343,35.54257448289994
1377,13.77,0.14152247702976384,33.45557395637408
1378,13.780000000000001,0.24479873093462745,34.28667978572547
1379,13.790000000000001,0.041380270462439764,35.27102404897796
1380,13.8,0.027696679119009665,34.60403765836697
1381,13.81,0.14318379361607333,34.361030518021494
1382,13.82,0.3705960594492479,34.09009374833579
1383,13.83,0.271036801248008,36.58578835487326
1384,13.84,0.21151306015067223,33.6932342457531
1385,13.85,-0.03298997129557288,34.315868879251326
1386,13.86,0.28991511511593404,34.97227572959463
1387,13.870000000000001,0.2095378030746313,34.431189941628816
1388,13.88,0.22878593139001446,34.92084197944276
1389,13.89,0.11320959383219754,34.033905173112714
1390,13.9,0.21904175189647038,35.97763283573586
1391,13.91,0.030610168102859686,35.092760642146956
1392,13.92,0.24141795870113164,34.14039277257373
1393,13.93,0.2033109736389701,34.62690282513354
1394,13.94,0.38236921756340614,34.852832444855736
1395,13.950000000000001,0.2693875954545543,35.700827851301895
1396,13.96,0.23855635770434674,36.14888526113735
1397,13.97,0.18772905415822974,35.977703276950656
1398,13.98,0.08312001554400085,36.35865682685223
1399,13.99,0.35298059074511745,36.07904223314828
1400,14.0,0.11542234301935392,36.074693507474564
1401,14.01,0.23969873305060185,35.31557878620023
1402,14.02,0.22300121617894503,37.07860922959083
1403,14.030000000000001,0.2582700166322165,35.99180682861375
1404,14.040000000000001,0.20132879205568682,34.9268418119391
1405,14.05,0.2785792371768991,37.0661176110523
1406,14.06,0.32675853273332467,35.2063549668065
1407,14.07,0.32327605474505217,36.04699583143366
1408,14.08,0.39169759176483604,35.94356262916515
1409,14.09,0.1693212567855023,35.356866031747465
1410,14.1,0.26106352126096755,34.59225235220337
1411,14.11,0.4868807793264415,34.81019870876443
1412,14.120000000000001,0.2580160673706987,35.25078615309303
1413,14.13,0.3153517403839854,33.99395602431143
1414,14.14,0.4026953863526212,34.368406588182765
1415,14.15,0.2532450490352567,33.76136790757536
1416,14.16,0.3163816819646375,35.95538466911612
1417,14.17,0.6558794179033581,34.90821547297371
1418,14.18,0.45976056755499606,36.459264552288026
1419,14.19,0.4073394803643548,35.33408317560375
1420,14.200000000000001,0.4600404577628179,36.618729652349224
1421,14.21,0.5235889480284069,35.95859660292972
1422,14.22,0.48319374679723637,35.186037536899384
1423,14.23,0.46311121838638136,35.23562012725641
1424,14.24,0.508946110441024,35.84454671714826
1425,14.25,0.2523385598851647,34.5701122401625
1426,14.26,0.5531073170269056,36.05109922827008
1427,14.27,0.5109188239638058,36.93780313793157
1428,14.280000000000001,0.22329209695199687,35.65613241776722
1429,14.290000000000001,0.5334314251142659,36.94889250345035
1430,14.3,0.5517222153102698,35.569919520867046
1431,14.31,0.6353966733909662,34.6100983943624
1432,14.32,0.5939519372206642,35.68798455673596
1433,14.33,0.6420221482188601,34.20013994108507
1434,14.34,0.4210615665234078,36.266104584827616
1435,14.35,0.3272817207715872,34.958191720330596
1436,14.36,0.34521423518429917,35.971259660331945
1437,14.370000000000001,0.4803346128427088,36.262351607484426
1438,14.38,0.4567522397511524,35.23998710580249
1439,14.39,0.6293406187314327,36.67663186261482
1440,14.4,0.5063333848084872,33.99843380765919
1441,14.41,0.60070680674258,35.010285433629626
1442,14.42,0.765516948592926,37.17977486439694
1443,14.43,0.7203923613287561,35.70420454386828
1444,14.44,0.4688297123025029,38.69855855662586
1445,14.450000000000001,0.7634931293986307,35.565042734182725
1446,14.46,0.6711322751442039,35.890699840250164
1447,14.47,0.5805042275094552,36.09850045346138
1448,14.48,0.663929270550206,36.108368893985414
1449,14.49,0.8312008071903675,36.47773045748378
1450,14.5,0.818548222968821,37.46629474975586
1451,14.51,0.5386860665300076,35.80809770630815
1452,14.52,0.9524706640240419,36.20382707794183
1453,14.530000000000001,0.8015285753740946,35.42588207914894
1454,14.540000000000001,0.6502564318295804,37.05186237764512
1455,14.55,0.6378177405576988,37.52162013702915
1456,14.56,0.6912500158233984,37.73777837939102
1457,14.57,0.8545860155272947,35.302233575868115
1458,14.58,0.653993818588768,37.216732947967905
1459,14.59,0.8278098561357766,35.4551039280175
1460,14.6,0.9354708656634476,36.43536480265059
1461,14.61,1.0158763272465512,35.59637658339635
1462,14.620000000000001,0.9198424831147495,35.02448490799679
1463,14.63,0.7779988449946891,37.322454362889566
1464,14.64,0.767506664370291,35.00088138917801
1465,14.65,0.8552563826083526,35.972211314590204
1466,14.66,0.8249489082400627,37.256472413849174
1467,14.67,0.7959115786097157,35.8016443512727
1468,14.68,0.9019267876578354,37.56737853960727
1469,14.69,0.8674790625745781,37.09673516492955
1470,14.700000000000001,0.8437122030702077,37.29145669060334
1471,14.71,0.8521066757638026,35.77408545506858
1472,14.72,0.7999731276978236,35.94187148845949
1473,14.73,1.0166852375707012,35.619399374071
1474,14.74,0.9420774271828095,35.0939962255193
1475,14.75,0.9514580811323585,35.64838869228455
1476,14.76,0.8040848087560348,35.12051852588866
1477,14.77,0.9593986416068511,36.224734995267724
1478,14.780000000000001,0.981847306723047,36.335119043922155
1479,14.790000000000001,1.2729153285035726,37.7775477269524
1480,14.8,0.9938978313123559,34.8738950728322
1481,14.81,1.0292680231278304,37.69716663094725
1482,14.82,1.066238917867514,34.79340527635153
1483,14.83,0.9402191657182337,35.76492765825107
1484,14.84,1.1520390438180088,34.76057656784018
1485,14.85,0.8676236455170809,36.72159823254327
1486,14.86,0.933629532815672,36.09255637822369
1487,14.870000000000001,1.1712449375625733,36.48075654228353
1488,14.88,1.1036483840993148,35.460634764158605
1489,14.89,1.2518934697395208,35.55633659352844
1490,14.9,1.021421531798791,36.058362925055306
1491,14.91,1.0739012007341622,35.93238231212293
1492,14.92,1.179901483938995,36.70134807405164
1493,14.93,1.0329151211508236,36.96636259191943
1494,14.94,1.2178221399293025,36.368675929308104
1495,14.950000000000001,1.1426134301288715,36.71085910563988
1496,14.96,1.1822440287562133,36.44052338337056
1497,14.97,1.121843997101352,35.40647046376789
1498,14.98,1.026643271634708,36.03050329865019
1499,14.99,1.2609626919579255,37.87133522803632
1500,15.0,1.2329639679170237,34.93168659933349
1501,15.01,1.1935455153003733,36.11281060694835
1502,15.02,1.1404503152582264,36.14799637343673
1503,15.030000000000001,1.286060950025543,36.846409219620625
1504,15.040000000000001,1.4546131972207685,37.385078922858916
1505,15.05,1.2436544312332525,37.066162561991064
1506,15.06,1.3257544796208778,35.886992367740284
1507,15.07,1.2720432211510102,37.474842762154594
1508,15.08,1.239974016395135,37.39613527188677
1509,15.09,0.9625315145216327,36.4986830112115
1510,15.1,1.3968846917711029,36.646134325039114
1511,15.11,1.292439011695576,35.58076572956877
1512,15.120000000000001,1.2070610657260992,37.0417994152513
1513,15.13,1.2768749915054471,37.81090530005048
1514,15.14,1.3389735942738517,35.542526944394034
1515,15.15,1.0911206947222063,36.662624670372495
1516,15.16,1.2455116775961563,36.757516184520306
1517,15.17,1.3199768349837055,35.72878797805336
1518,15.18,1.4410656034559348,37.269359011640695
1519,15.19,1.258671188343928,36.749956967752965
1520,15.200000000000001,1.4040151407674757,38.82598723617701
1521,15.21,1.3218483980099607,38.05743211256318
1522,15.22,1.3496899864461906,36.52087127637648
1523,15.23,1.4033658602972479,35.08576151471319
1524,15.24,1.2285460883411747,36.03968421871264
1525,15.25,1.1645527157564057,36.818966653075385
1526,15.26,1.2834490740613878,35.18218989585616
1527,15.27,1.62238857341723,36.406451150735236
1528,15.280000000000001,1.3967344511957185,35.01866538561976
1529,15.290000000000001,1.3544809192609164,37.108047731792375
1530,15.3,1.4741659541946475,37.30283738860118
1531,15.31,1.40682789925829,36.01186262988802
1532,15.32,1.5907325388646205,37.536359724791296
1533,15.33,1.4903712511542495,36.90669222417058
1534,15.34,1.4678536924018413,37.38474848606518
1535,15.35,1.463485198593384,37.20508010327441
1536,15.36,1.5018581379612237,36.56660215765258
1537,15.370000000000001,1.75458128000744,37.29844606352175
1538,15.38,1.4808353458935715,36.34058747344901
1539,15.39,1.3399750388438008,36.54821184106746
1540,15.4,1.3373182343479122,36.9705381299471
1541,15.41,1.4174562631444128,36.47038973659285
1542,15.42,1.3803480968147968,37.51581544287455
1543,15.43,1.3932217496819033,36.64580300631042
1544,15.44,1.452210677192013,37.384909268599436
1545,15.450000000000001,1.794722777898355,37.602949793767124
1546,15.46,1.4581541212846798,36.68262271741171
1547,15.47,1.5675585990513508,37.08218677901379
1548,15.48,1.5289583066997734,37.840699832912975
1549,15.49,1.329939682731597,36.42228618485324
1550,15.5,1.5697964684637025,36.952412264186215
1551,15.51,1.4763481554181719,36.897735297112035
1552,15.52,1.702264068764089,36.61529225228054
1553,15.530000000000001,1.4362117447227662,37.410312470856816
1554,15.540000000000001,1.658079330075274,35.75755588482883
1555,15.55,1.6701860790231202,37.466595781679544
1556,15.56,1.4955722902934476,38.073925649044476
1557,15.57,1.4740766541085186,38.16153674026249
1558,15.58,1.6405205796577067,37.32068925490378
1559,15.59,1.682277739627694,38.00464771290176
1560,15.6,1.3728605301757986,38.340413269769684
1561,15.610000000000001,1.708748398665113,36.027422547050726
1562,15.620000000000001,1.6280707360613995,38.12850711040808
1563,15.63,1.6775746030966274,36.690486222827104
1564,15.64,1.6733938692310164,37.35097545458722
1565,15.65,1.6328820825377053,36.089910322423655
1566,15.66,1.513119623943839,36.45898031960187
1567,15.67,1.5702616620277816,37.87553950793072
1568,15.68,1.6195872277162948,38.63765961487578
1569,15.69,1.639503017969089,36.12366866756518
1570,15.700000000000001,1.6745788975503881,38.18547438755519
1571,15.71,1.6499326385741093,35.887232927980435
1572,15.72,1.5695206499398873,36.26369382523666
1573,15.73,1.666256184124068,36.975484612719704
1574,15.74,1.4940330190555675,37.97377584027093
1575,15.75,1.7135052455025868,38.60918120412068
1576,15.76,1.482389914627873,36.923967143813286
1577,15.77,1.5664870735072194,37.27571311375397
1578,15.780000000000001,1.5123032084132977,37.94968630810157
1579,15.790000000000001,1.615817260686947,37.91093207033635
1580,15.8,1.5061669404082207,38.51532113495395
1581,15.81,1.5824135368999885,37.503573877057505
1582,15.82,1.5272310360923471,35.78840436144988
1583,15.83,1.771869292325724,37.3260792867406
1584,15.84,1.6306670853274543,37.75499654723363
1585,15.85,1.6235000270517606,39.51497613019902
1586,15.860000000000001,1.7130022418829454,37.57551930835415
1587,15.870000000000001,1.628080015241477,38.52113444376149
1588,15.88,1.709301747734131,37.49622580127445
1589,15.89,1.7528050237865984,37.29507433021258
1590,15.9,1.7940863220166388,37.22755925341184
1591,15.91,1.6607493480014601,37.79382630500753
1592,15.92,1.7517084661015379,38.140703843349456
1593,15.93,1.8123222683946831,36.780139664949985
1594,15.94,1.7825583088560584,38.99683896628817
1595,15.950000000000001,1.6356463580034453,37.230440425820504
1596,15.96,1.7536110472414903,36.39385782601729
1597,15.97,1.6909010248697844,36.913820796603304
1598,15.98,1.5538959462105175,35.69219564786059
1599,15.99,1.7369387448811915,36.04108217656541
1600,16.0,1.922587704511681,38.724356552816865
1601,16.01,1.8580669616894405,37.32955828321788
1602,16.02,1.6156836678529238,38.54649025491033
1603,16.03,1.5902890562767593,36.82545458033061
1604,16.04,1.6105485259337924,38.40066563521702
1605,16.05,1.6568549234070562,36.89493304846617
1606,16.06,1.6585017974790495,37.07334799609567
1607,16.07,1.7127440981132405,37.518312055036866
1608,16.080000000000002,1.6137217068200722,38.36451089005107
1609,16.09,1.7282258594576878,37.068437351837204
1610,16.1,1.5851373865816358,38.44589139083246
1611,16.11,1.7210870166163965,36.69147357370557
1612,16.12,1.5308262651515006,37.343544095261024
1613,16.13,1.7921179547000168,34.92161420399829
1614,16.14,1.5204260534600942,35.74466808877376
1615,16.15,1.6068822702844734,37.453892316080506
1616,16.16,1.6831392183697098,39.171649532663764
1617,16.17,1.6158051171616497,35.68519497894121
1618,16.18,1.7002054190850284,37.74557053995145
1619,16.19,1.7190894277183584,37.42416784210673
1620,16.2,1.7537041647509723,37.17449930055745
1621,16.21,1.5885059582462138,38.410541077305695
1622,16.22,1.5135677650734884,37.102153618443424
1623,16.23,1.6425968326994924,37.90388512414778
1624,16.240000000000002,1.656369780054903,39.0037181606733
1625,16.25,1.6321353251579567,35.51201777340012
1626,16.26,1.6800529705186185,37.51933140959837
1627,16.27,1.7796762745605639,38.49724881222985
1628,16.28,1.4826953675306749,38.489891480337604
1629,16.29,1.6297167609711891,37.49117314963553
1630,16.3,1.5821231302759322,37.73899195431343
1631,16.31,1.4985979481298244,36.131485109397865
1632,16.32,1.6653574578423922,37.23154849994866
1633,16.330000000000002,1.8506405596000768,37.19467452116703
1634,16.34,1.609881796261541,37.136679685383264
1635,16.35,1.6100944860951194,39.19340723182746
1636,16.36,1.5658480289290697,36.673971111192756
1637,16.37,1.700186730266467,40.05544074567409
1638,16.38,1.7990201782256119,38.11756933815745
1639,16.39,1.7033699446375175,37.428284114342034
1640,16.4,1.5705965713115102,35.691396230920596
1641,16.41,1.5386175761321563,38.715356444912416
1642,16.42,1.6310368066960217,39.2388103523654
1643,16.43,1.5035807067160754,39.2844348779981
1644,16.44,1.7706357045744616,37.607729275557325
1645,16.45,1.6508218523514788,38.01788253267972
1646,16.46,1.4741801373542291,37.91173969349741
1647,16.47,1.6076665002397614,37.51941557855418
1648,16.48,1.4515140301098615,39.61997902793998
1649,16.490000000000002,1.4925221218739768,35.78902602632914
1650,16.5,1.5881551530206244,37.712019259126656
1651,16.51,1.5587449583565145,37.51496952240025
1652,16.52,1.383861178534976,37.43293518771313
1653,16.53,1.4213018137741742,38.57536793308254
1654,16.54,1.5263226616010526,37.14486159506217
1655,16.55,1.4809135141187506,37.03475190379198
1656,16.56,1.7173770561624686,38.8742431458884
1657,16.57,1.676158248407609,36.93161908488665
1658,16.580000000000002,1.4676948606314824,39.14924543501878
1659,16.59,1.4784250862276962,38.05206172787654
1660,16.6,1.5094396645097432,37.7280209157876
1661,16.61,1.4808050541757776,38.40118068692433
1662,16.62,1.5493769653910752,37.83747040827847
1663,16.63,1.4329261622989597,37.46431199603882
1664,16.64,1.4239496898436812,37.27073958871001
1665,16.65,1.5609678713699888,38.11645367256091
1666,16.66,1.5781040829863564,37.99069210447804
1667,16.67,1.6010014132820183,37.30075106611343
1668,16.68,1.5862269132548454,38.193483539053084
1669,16.69,1.5216799741600247,38.28723184437151
1670,16.7,1.477732563278178,38.050110134212126
1671,16.71,1.4967190696651393,38.56665307186049
1672,16.72,1.3885930668375521,38.67577208185746
1673,16.73,1.364886236294175,38.16691018273719
1674,16.740000000000002,1.3377492352719558,37.78982477248468
1675,16.75,1.3689697214259013,37.88842346956254
1676,16.76,1.5561112821912169,36.23199588293274
1677,16.77,1.4554798880603659,39.27377298962557
1678,16.78,1.4167388883270504,38.480803380420866
1679,16.79,1.2865629617593757,38.16725130645882
1680,16.8,1.414210501685977,38.84440314159757
1681,16.81,1.5130779155960727,37.50540328016222
1682,16.82,1.5660743918093594,37.00242135820548
1683,16.830000000000002,1.427118204575073,37.8057670709942
1684,16.84,1.3377269576537334,39.93553814342188
1685,16.85,1.3691775090480582,39.45989175640089
1686,16.86,1.1905669883151397,37.60621098811391
1687,16.87,1.5061791993110842,38.26280687027783
1688,16.88,1.5469651618315183,38.8929460006234
1689,16.89,1.2164469276635694,37.30431829146869
1690,16.9,1.355841545204684,37.16884090315487
1691,16.91,1.3575745073915282,38.70551766795885
1692,16.92,1.2564354759571266,38.621858750338795
1693,16.93,1.3026999078093906,38.48507042098706
1694,16.94,1.159270489015026,39.73843637238879
1695,16.95,1.334098613413677,39.31784804965596
1696,16.96,1.174549665170595,38.72528895732088
1697,16.97,1.5045423303485994,38.116656179253766
1698,16.98,1.3858427647538019,39.2082994237478
1699,16.990000000000002,1.1149403862479086,39.32346693577207
1700,17.0,1.3089830681292793,39.66163155955546
1701,17.01,1.1912057176432904,39.229517931379974
1702,17.02,1.185082927618136,38.194823838588604
1703,17.03,1.3175721657254047,39.577634255302556
1704,17.04,1.1812346506675835,38.35376301041675
1705,17.05,1.4281738774000414,39.91357746731531
1706,17.06,1.2044843896959538,38.399477018991014
1707,17.07,1.1890320877804752,39.065941745305594
1708,17.080000000000002,1.1957239184970867,38.47528934455292
1709,17.09,1.2502461064330532,39.45506024268901
1710,17.1,1.1938633392845304,38.640284950792534
1711,17.11,1.2327907342144107,38.60707071054088
1712,17.12,1.195708586919175,38.316790365659934
1713,17.13,1.187991295123733,40.36006335554913
1714,17.14,1.1496837741213042,38.57121254875516
1715,17.150000000000002,1.0953973177680871,40.24255378971488
1716,17.16,1.0455245369751034,37.41631136091358
1717,17.17,1.0188008916982583,38.48907741033606
1718,17.18,0.9233740260238382,39.28277426968836
1719,17.19,1.1733035536623486,37.883673260115586
1720,17.2,1.24236731239259,38.90394357389476
1721,17.21,1.1365953909727855,37.63399812552179
1722,17.22,1.1174983485818974,38.744927343825786
1723,17.23,1.0673541093088879,38.6576062939108
1724,17.240000000000002,1.3073977443991711,36.81497133843701
1725,17.25,0.9239811334449961,38.548191434328835
1726,17.26,1.2042205552589509,38.22267958094465
1727,17.27,1.1151194309481864,36.97617130905074
1728,17.28,0.9802737288998483,40.101336565740304
1729,17.29,1.1228445705004517,37.266111586108124
1730,17.3,0.9745234126524169,38.77458068030592
1731,17.31,1.088643813608299,38.663195952987046
1732,17.32,1.0407029127346008,37.454640466944234
1733,17.330000000000002,1.0747599003991348,40.13385397696855
1734,17.34,1.082164407651316,37.612615560781755
1735,17.35,1.102935949362359,38.52613588884575
1736,17.36,0.9112740531646472,37.42880975347013
1737,17.37,1.0171148434637496,37.414062939531355
1738,17.38,0.9225759378732072,38.84799869764818
1739,17.39,0.9135826510286703,38.67750341590799
1740,17.400000000000002,0.968959259451084,37.70083986601149
1741,17.41,0.777781065336621,37.68592787758279
1742,17.42,0.900572178000854,39.95910518724934
1743,17.43,0.8827120180956434,39.536977428584166
1744,17.44,0.9161510434040899,38.294181821550964
1745,17.45,0.8031649800626814,38.945751580678596
1746,17.46,0.9387558637664353,38.987632740301116
1747,17.47,1.0534386213491738,39.65582799693168
1748,17.48,0.8029889074418584,37.6043338917112
1749,17.490000000000002,1.0261774491531144,39.260437750652024
1750,17.5,0.6410678529858232,40.53760576731114
1751,17.51,0.8660320474128484,39.97096184707209
1752,17.52,0.7177343393715919,37.69246890909109
1753,17.53,0.7071868373007553,37.78535744399749
1754,17.54,0.9348851075575939,38.1390964885339
1755,17.55,0.6986627749959767,39.46666269936417
1756,17.56,0.7514425733122695,37.6260013555711
1757,17.57,0.7848484630024531,36.83231249355608
1758,17.580000000000002,0.8789431878968879,40.0010546548723
1759,17.59,0.6242291901377168,39.13922532790743
1760,17.6,0.7601695131308017,37.690874471393144
1761,17.61,0.6062712102020773,38.5630206346895
1762,17.62,0.8240488018693608,37.395260485008286
1763,17.63,0.8499144140046413,37.95233983773626
1764,17.64,0.7433682532589581,40.2238738099163
1765,17.650000000000002,0.72479649134993,39.12928710130716
1766,17.66,0.9690003491743595,37.25390463623071
1767,17.67,0.6817623897778584,39.486425508569695
1768,17.68,0.5995878624370929,36.805175145718216
1769,17.69,0.7667732448529333,37.3728255780018
1770,17.7,0.6723883157154518,36.80586361372774
1771,17.71,0.7954289463762722,36.98889867307109
1772,17.72,0.5340411762159942,39.889484782174954
1773,17.73,0.7152014158449155,38.944495947943146
1774,17.740000000000002,0.699923080343608,38.51105705930756
1775,17.75,0.7160906178053562,37.868453442159534
1776,17.76,0.517363404504154,38.51714622505307
1777,17.77,0.5530718918859336,38.56035699845258
1778,17.78,0.6628227567493912,37.892141999236294
1779,17.79,0.5272012893347895,37.85657395740004
1780,17.8,0.5851455906589508,37.87629255778922
1781,17.81,0.6963489937939259,37.94231594891265
1782,17.82,0.612392835281745,37.997703243243784
1783,17.830000000000002,0.6079833706910996,38.64803004154969
1784,17.84,0.6451253113317076,38.758438731085754
1785,17.85,0.5701736595079596,39.57935336132901
1786,17.86,0.43511947140824564,39.37750941753273
1787,17.87,0.682629433294033,38.907017143885724
1788,17.88,0.6566483865769069,38.78780508974335
1789,17.89,0.5683697882841506,38.93322405365647
1790,17.900000000000002,0.4338302018614923,36.88086236715547
1791,17.91,0.3153598981859531,37.62738292720936
1792,17.92,0.5383096369144509,37.97896798635983
1793,17.93,0.42803601476719344,37.93036410283885
1794,17.94,0.5197817006608458,39.75714572479852
1795,17.95,0.45786174674348673,38.140384849600636
1796,17.96,0.3940003823440498,38.432409105523426
1797,17.97,0.47561055376801187,38.3959616471496
1798,17.98,0.5132199228443866,37.27014647677091
1799,17.990000000000002,0.2456175249577326,40.66633981742035
1800,18.0,0.37194666599309967,37.478423814576416
1801,18.01,0.24263739005405704,38.3148980547687
1802,18.02,0.43735345422843275,36.716016893883875
1803,18.03,0.20504098103857135,39.183299151323496
1804,18.04,0.2915289094013,37.088433114099665
1805,18.05,0.44894555306840567,38.71918337749608
1806,18.06,0.3773994044576273,37.55582714508271
1807,18.07,0.39530112803163736,39.82328860769979
1808,18.080000000000002,0.28828030136693195,39.335319867164884
1809,18.09,0.3750201828048179,41.229997070770665
1810,18.1,0.2994833833426017,39.21724878727363
1811,18.11,0.4060221392247822,37.95210584391595
1812,18.12,0.33901063127979586,38.393023107238214
1813,18.13,0.35940734980058286,37.12743541499473
1814,18.14,0.502985990445959,38.598552051797164
1815,18.150000000000002,0.336768263280348,38.841534744659036
1816,18.16,0.1818019666736938,37.84895854341671
1817,18.17,0.27245849177190384,38.21039966899564
1818,18.18,0.2575245873769141,36.96424721672299
1819,18.19,0.2755838026259607,36.75286537665991
1820,18.2,0.4719056355971246,39.12573219043739
1821,18.21,0.10592886736705881,38.93865659085948
1822,18.22,0.3875680069066861,37.09197641248421
1823,18.23,0.4265701508679115,37.446312852930774
1824,18.240000000000002,0.27028374558667756,38.69586018231357
1825,18.25,0.2986173565219006,37.06142373166978
1826,18.26,0.24698893623689483,38.371850769719806
1827,18.27,0.29349578543522636,37.435970078079826
1828,18.28,0.1771731831557229,37.48212388862132
1829,18.29,0.11006687250236527,39.250692406530206
1830,18.3,0.34257909078263005,37.072098205158404
1831,18.31,0.2132637558288742,37.29852052741964
1832,18.32,0.19935189878146792,39.162711804815764
1833,18.330000000000002,0.21661274988324478,36.57181999898688
1834,18.34,0.31269034435400506,37.35118843713059
1835,18.35,0.22468051206050754,37.08916455751556
1836,18.36,0.18515122088954178,37.52568089049212
1837,18.37,0.22014906710879098,37.748767950380895
1838,18.38,0.11577031893581957,37.97671146237637
1839,18.39,0.19968270854242837,35.75472701483033
1840,18.400000000000002,0.23230142656083094,36.0075097786337
1841,18.41,0.0693792898632164,36.847452553336254
1842,18.42,0.38978330315910237,38.10743378903569
1843,18.43,0.15542412288782984,37.93556075916476
1844,18.44,0.23328504760639301,35.241318003126125
1845,18.45,0.16200135025374338,36.31234343102938
1846,18.46,0.32583588839623545,38.0007327798802
1847,18.47,0.22417113662794702,36.64885741665501
1848,18.48,0.4261615981937352,37.47984824645676
1849,18.490000000000002,0.33842349924466475,37.83015930053752
1850,18.5,0.22544503976743618,36.00050215285755
1851,18.51,0.4997996258702232,38.27776625458475
1852,18.52,0.15591598461930922,37.10244067325175
1853,18.53,0.33873984545181807,35.86934146584336
1854,18.54,0.3214625242946353,37.343509320945635
1855,18.55,0.21798560360909536,38.33373179155114
1856,18.56,0.3102836194543723,37.62596404016177
1857,18.57,0.12496067139680456,36.81583690909039
1858,18.580000000000002,0.25699087751416216,36.87439548407812
1859,18.59,0.29523694286117874,36.87157044567745
1860,18.6,0.4375909161093697,38.45387476207433
1861,18.61,0.34686828829382965,39.01086036808296
1862,18.62,0.46689908428118054,37.41302861266945
1863,18.63,0.4649487426848397,38.070104467220695
1864,18.64,0.3536633129703303,36.18530333103668
1865,18.650000000000002,0.10599436862037537,36.46011166777351
1866,18.66,0.38887683263819633,36.31421907092091
1867,18.67,0.6291211423757952,37.67473205948516
1868,18.68,0.5777950287199505,37.22690051790158
1869,18.69,0.459569487742877,36.58248863577237
1870,18.7,0.3771241641769283,38.18398971410932
1871,18.71,0.5683803965823944,36.24987750794389
1872,18.72,0.4354216476349515,36.63306898566897
1873,18.73,0.4271851498778095,35.63136670192938
1874,18.740000000000002,0.422829823659339,37.04724933319519
1875,18.75,0.6551850316352597,37.16965483909976
1876,18.76,0.4386819056333984,39.004561430314475
1877,18.77,0.44473159003369456,36.35151194427419
1878,18.78,0.5019181582766762,35.399179149958506
1879,18.79,0.3655280620169058,35.7621759312865
1880,18.8,0.5163360530887022,36.06602013615395
1881,18.81,0.5810582967113139,34.39646791703784
1882,18.82,0.6626454596100761,36.94132766422327
1883,18.830000000000002,0.6271049044556882,37.95789134482337
1884,18.84,0.6804261650474344,37.94186177266705
1885,18.85,0.8190314173067478,36.1468198134833
1886,18.86,0.5639165226486714,35.82102010129657
1887,18.87,0.5825143572443456,37.07537491131008
1888,18.88,0.5307001680587977,37.65274758130546
1889,18.89,0.6658131521697995,36.20789896548112
1890,18.900000000000002,0.6057284001001096,36.94361448909054
1891,18.91,0.48546653630159575,36.62308987440433
1892,18.92,0.6454652301568777,36.402215324142425
1893,18.93,0.47316474331092495,36.86847222294171
1894,18.94,0.6488469803487673,37.62730566473836
1895,18.95,0.7255607734749637,37.02557368865654
1896,18.96,0.637814820934493,35.47030258066322
1897,18.97,0.5766368213116827,35.44262781692924
1898,18.98,0.6803252269270903,36.560544020760766
1899,18.990000000000002,0.7290116018007863,35.85384644799898
1900,19.0,0.6754797876819376,36.5770558597592
1901,19.01,0.760480252512744,35.671457878840556
1902,19.02,0.6816742391374128,36.67882084229336
1903,19.03,0.732834945299783,36.934193637334666
1904,19.04,0.8173376265687875,37.809553924409364
1905,19.05,0.8957500419494184,35.99774193449995
1906,19.06,0.8125102280070435,36.44589903689408
1907,19.07,0.6149746722811631,37.09826962618262
1908,19.080000000000002,0.7236164104814082,38.1848877925395
1909,19.09,1.0453830960204187,37.750481056493186
1910,19.1,0.7020781401834664,37.14416236817531
1911,19.11,0.5696958993819555,36.492958343037145
1912,19.12,1.0845988492563827,36.66949296161368
1913,19.13,0.924884746147808,37.66390753571862
1914,19.14,0.9996938225668907,36.85224259469588
1915,19.150000000000002,0.9516031665706571,37.785718356388834
1916,19.16,0.7205706540515191,35.18446554331399
1917,19.17,0.8433523074546067,36.08106895877254
1918,19.18,0.9029347161822762,36.513979054333426
1919,19.19,0.8277538794652497,36.40969600971213
1920,19.2,0.8530045965855857,37.630339293594304
1921,19.21,0.8289508405402517,35.55697526073425
1922,19.22,0.580430413172413,36.76229580875725
1923,19.23,0.8309294992803645,37.17988229843667
1924,19.240000000000002,0.8754234256629286,36.036439904759575
1925,19.25,1.1186897208474686,36.068062289309474
1926,19.26,0.9356675202115403,36.38442361423216
1927,19.27,0.886243709935776,36.560967555695456
1928,19.28,0.6571936408895851,35.04189766428817
1929,19.29,0.9258047451460018,37.537655106661916
1930,19.3,1.2011140166693979,37.91454751176071
1931,19.31,0.8688550654309091,36.9496807405858
1932,19.32,1.0169352715825937,35.825062802126936
1933,19.330000000000002,0.9370787199970746,38.28806281577302
1934,19.34,0.936199419486863,38.09381727085405
1935,19.35,1.1352866138801558,35.41251031524637
1936,19.36,0.9717000119346423,36.06474717507262
1937,19.37,1.222139151853722,37.59482478524664
1938,19.38,0.9369576667793527,36.90099307099675
1939,19.39,0.9520308484981709,36.46287481099626
1940,19.400000000000002,1.085627774991067,36.54324286506463
1941,19.41,0.9787970878251996,36.926500256442004
1942,19.42,0.9931637265169415,36.531193760626756
1943,19.43,1.0113531715095587,37.94510008606228
1944,19.44,1.143081528128975,36.277507745694706
1945,19.45,1.269968780230125,37.33548266567154
1946,19.46,1.2752774447074786,36.79654195697318
1947,19.47,1.2551706308386656,35.97990372720137
1948,19.48,1.3782114377291776,34.84263146435962
1949,19.490000000000002,1.0852868088747671,37.11115927970528
1950,19.5,1.0943996833412095,37.44011485994109
1951,19.51,1.2553852511409058,34.497277787066395
1952,19.52,1.232534489678876,36.68107090527594
1953,19.53,1.1332512331773805,36.89113987150309
1954,19.54,1.2045230823977338,37.321116746276395
1955,19.55,1.1739119954599946,35.73231146579894
1956,19.56,1.055205822373769,35.9851109465192
1957,19.57,1.3447067168825808,37.12891077991598
1958,19.580000000000002,1.1099718993730143,35.882904282447555
1959,19.59,1.2809081642249929,38.1178293536781
1960,19.6,1.1789661571408905,37.52126415095033
1961,19.61,1.1097115945264853,37.36206391192188
1962,19.62,1.267036321237127,37.524981282424065
1963,19.63,1.1881441533248935,36.957652953797194
1964,19.64,1.189092727845458,37.98429604737409
1965,19.650000000000002,1.2038784965178058,36.840538228107235
1966,19.66,1.240570950973347,34.73265901521224
1967,19.67,1.2681254902487225,37.87404462247944
1968,19.68,1.1613319599034344,37.550147894144224
1969,19.69,1.2246422840668922,38.758617563202776
1970,19.7,1.2496315862199703,37.49129151495792
1971,19.71,1.0851467578322467,36.04276086334825
1972,19.72,1.277786848925522,34.870641522742936
1973,19.73,1.3117210437638778,36.47829384120999
1974,19.740000000000002,1.3015586286941634,35.18257604281889
1975,19.75,1.363840957512279,36.753098167784586
1976,19.76,1.2107539281218913,36.23824155906364
1977,19.77,1.4158844387395821,38.29399681689432
1978,19.78,1.246061000275807,36.53754010424105
1979,19.79,1.2394996893795347,37.05577804972908
1980,19.8,1.1977975426655445,35.9845148623781
1981,19.81,1.3862016830272037,36.62571059215655
1982,19.82,1.4824244557675985,37.653170077111746
1983,19.830000000000002,1.4818603006762323,36.35718792459713
1984,19.84,1.2877578190966597,35.48280980036298
1985,19.85,1.2320122747533033,37.107576704949054
1986,19.86,1.3627863723621456,35.79190863472614
1987,19.87,1.332943705164791,37.246283433064825
1988,19.88,1.2184230237899538,37.30509413368125
1989,19.89,1.4066742014253677,35.65116012368061
1990,19.900000000000002,1.3229293399714923,36.105901781329116
1991,19.91,1.076030996201654,37.14717178675159
1992,19.92,1.3307862597799087,37.15782346237885
1993,19.93,1.3006952503916724,38.040788255822925
1994,19.94,1.141006246688907,37.61425623460271
1995,19.95,1.3278316880406158,37.356191975068946
1996,19.96,1.3072968151507132,36.37983889411024
1997,19.97,1.3213683631999438,37.940596940860566
1998,19.98,1.3582132229919464,36.62890194022404
1999,19.990000000000002,1.4945922190501304,36.421318399564974
2000,20.0,1.4389363281019512,36.723837278267546
2001,20.01,1.396183583548571,36.052032421339106
2002,20.02,1.609103034709594,38.74519702087561
2003,20.03,1.5684781672099912,37.920879151823
2004,20.04,1.6839881765842208,37.72078798452407
2005,20.05,1.4644777405036917,37.53556025362742
2006,20.06,1.3950172244882113,36.48021903015181
2007,20.07,1.5263202996494996,38.73974904703431
2008,20.080000000000002,1.3641965888484298,35.645344534086355
2009,20.09,1.4338473290539848,35.79103726658109
2010,20.1,1.6791929530524135,36.37647845810443
2011,20.11,1.5102618910109396,36.49527667956751
2012,20.12,1.532665371687699,37.337780376270835
2013,20.13,1.4418994749585892,38.213880618974045
2014,20.14,1.5450290904092978,36.94742370573615
2015,20.150000000000002,1.676341575479825,36.87025889757413
2016,20.16,1.4244854707557677,36.23272076205079
2017,20.17,1.54138778674696,34.885789716437934
2018,20.18,1.4609584085635963,37.74768644669055
2019,20.19,1.4779741343935535,36.91156027046119
2020,20.2,1.6242934769323436,36.90288907400472
2021,20.21,1.6451989567347614,37.275849916634
2022,20.22,1.4203794370813485,36.770653493414706
2023,20.23,1.633196348514719,38.47666791959411
2024,20.240000000000002,1.6743947769002168,38.224477297886054
2025,20.25,1.5205872283212356,34.769159110662265
2026,20.26,1.5254339005619035,37.76277274718737
2027,20.27,1.4211937577369522,37.778662627059816
2028,20.28,1.3524795106213998,37.73967313440801
2029,20.29,1.5461476153910023,39.70606339477561
2030,20.3,1.4881857988584704,37.666850757597686
2031,20.31,1.617636872144073,36.31781061427716
2032,20.32,1.3681540092533375,38.330802301586544
2033,20.330000000000002,1.6220508534427993,34.77828967862436
2034,20.34,1.442848798213506,37.24763281565239
2035,20.35,1.4987519704478158,38.32154970357933
2036,20.36,1.5361542240035828,38.091222088537656
2037,20.37,1.6702536935357424,36.78247805119559
2038,20.38,1.4817578638149955,38.54398381428986
2039,20.39,1.542666369408414,36.69582197871589
2040,20.400000000000002,1.486755140908888,37.75124927609596
2041,20.41,1.49999840644556,36.33837353351185
2042,20.42,1.4871780489756672,36.3980875569072
2043,20.43,1.4962684524585528,36.62284084515656
2044,20.44,1.5793627237609473,36.201370616628076
2045,20.45,1.5221475852890933,37.69438671189482
2046,20.46,1.5026169824093685,37.75133030984012
2047,20.47,1.4415262881825797,37.500002063828575
2048,20.48,1.4487956998382225,37.386300902870786
2049,20.490000000000002,1.4833326892953556,37.290333392963454
2050,20.5,1.452553894408986,36.367792528650114
2051,20.51,1.4945021215892917,35.603044918201505
2052,20.52,1.3676893671140742,36.18411617897904
2053,20.53,1.446819967899084,37.854479629455554
2054,20.54,1.6038373046336316,38.06529324229681
2055,20.55,1.6243662189829149,40.313146192218454
2056,20.56,1.535839846371446,36.869936744029246
2057,20.57,1.56572167654646,37.744874503743354
2058,20.580000000000002,1.5840895612376311,37.687603136354845
2059,20.59,1.6822091624332625,37.27717439974033
2060,20.6,1.4846323183326284,37.33049109675083
2061,20.61,1.5078191395010567,37.66518086642714
2062,20.62,1.724576759152629,37.11386526039474
2063,20.63,1.5516382221773932,37.1467104813694
2064,20.64,1.666298571519997,37.42007982947743
2065,20.650000000000002,1.6589664493302259,36.088578892583016
2066,20.66,1.5357567781080195,36.64018145175349
2067,20.67,1.6049021269695058,36.063228768807015
2068,20.68,1.510654422579797,37.10978346034279
2069,20.69,1.534210038636766,35.4145398070357
2070,20.7,1.4510284730967355,36.168298865473545
2071,20.71,1.5495938421489448,38.41760759745888
2072,20.72,1.5162939604727403,37.853797043775344
2073,20.73,1.4041813924992586,37.47172725562584
2074,20.740000000000002,1.6161574596964687,38.636972172241784
2075,20.75,1.6139645846121162,37.792765174680234
2076,20.76,1.463649429200689,37.52256436264523
2077,20.77,1.2645248739558053,38.293544347456255
2078,20.78,1.5194853956354222,37.249520979307405
2079,20.79,1.3849421539385034,36.76498215314404
2080,20.8,1.5474157853958732,39.19243238061525
2081,20.81,1.3284204544480342,37.634513715866504
2082,20.82,1.5536306291305166,37.784620480536205
2083,20.830000000000002,1.4536649266847428,38.24576125082663
2084,20.84,1.7363170559808485,36.79180647672601
2085,20.85,1.4423193315289293,39.73639725512512
2086,20.86,1.5549165311627486,37.768193852190365
2087,20.87,1.5468116196190538,36.98629087846391
2088,20.88,1.4050387422151123,36.783900212051975
2089,20.89,1.585095528549838,37.88922907457985
2090,20.900000000000002,1.5500658849707933,36.91150658265294
2091,20.91,1.3953042373327527,39.338768549384575
2092,20.92,1.3730052320953945,38.518206148981456
2093,20.93,1.4212606057798909,37.69018398280462
2094,20.94,1.4455208167800166,38.61896196117186
2095,20.95,1.3539662243004376,37.99160183945827
2096,20.96,1.5966557566199782,36.97068087643943
2097,20.97,1.44647922977965,38.12831624923372
2098,20.98,1.4802046721350455,37.742181069746294
2099,20.990000000000002,1.3218375386621204,39.11005236061759
2100,21.0,1.506846129576709,38.53634701004371
2101,21.01,1.5789917127727835,37.84968441687048
2102,21.02,1.4493951719915608,36.83794598707187
2103,21.03,1.4972867521323263,38.739408809339
2104,21.04,1.5335234668582824,37.37560874486802
2105,21.05,1.2961366367441678,36.85557211796775
2106,21.06,1.3661892922665484,37.276925050105866
2107,21.07,1.4324259813833322,36.68125157972627
2108,21.080000000000002,1.5050869860309941,38.14072385119419
2109,21.09,1.2856907224637313,38.16288837692885
2110,21.1,1.5219691543436575,38.38116774930219
2111,21.11,1.3995091107819346,39.279459976135364
2112,21.12,1.287285850289217,38.85438548136329
2113,21.13,1.371823703491994,37.8456182983891
2114,21.14,1.3781464397103615,38.63093816946783
2115,21.150000000000002,1.467954770289222,36.86923541506802
2116,21.16,1.5141533226569968,37.76047369026507
2117,21.17,1.42138914679836,37.0552697116804
2118,21.18,1.3999448713909677,37.92922275844862
2119,21.19,1.6217732565160106,35.927400310259934
2120,21.2,1.3262606320382286,36.900038616238255
2121,21.21,1.5069516071073255,39.03847088497382
2122,21.22,1.4867693418925416,39.81094037763864
2123,21.23,1.2659475646555505,38.618922459790134
2124,21.240000000000002,1.3891432703295137,37.896118364168764
2125,21.25,1.2263597454656128,38.73594464172974
2126,21.26,1.2886832051727788,37.12446108071581
2127,21.27,1.2210071315238107,38.896538290945195
2128,21.28,1.1501120538346843,38.75854418105927
2129,21.29,1.537841643117456,37.7427949028637
2130,21.3,1.413584114697461,39.06021736289585
2131,21.31,1.390032437753913,36.390925376550584
2132,21.32,1.1327081478334329,38.09538071826166
2133,21.330000000000002,1.3239662593111727,38.75215509605047
2134,21.34,1.3234461939450888,37.542821866739274
2135,21.35,1.2877679231405403,39.19639067611726
2136,21.36,1.2132229564038184,39.78991338835805
2137,21.37,1.3246217090253134,37.050934468614535
2138,21.38,1.3033414404566606,38.75650610404522
2139,21.39,1.2402732330516302,38.15182353164264
2140,21.400000000000002,1.2207091225335291,38.406029449714644
2141,21.41,1.079277021277321,36.2354308058901
2142,21.42,1.0958852921496065,39.24455198221392
2143,21.43,1.1491603149661835,39.06476962666404
2144,21.44,1.220869568783763,36.454448761033106
2145,21.45,1.2123939631560985,38.14191593289598
2146,21.46,1.3276432846507378,37.26060351008864
2147,21.47,1.0745037807007831,36.34755654519249
2148,21.48,1.2671600560769138,37.57626190302511
2149,21.490000000000002,1.2435716655592202,37.9062673766118
2150,21.5,1.108973405894853,37.456904763467485
2151,21.51,1.0543568160589096,39.11040556921083
2152,21.52,1.1823722795179745,39.83112969328514
2153,21.53,1.3468930890247517,39.40121516813931
2154,21.54,1.2040832627261684,38.88058302624968
2155,21.55,1.124892105718705,39.22870433185073
2156,21.56,1.0913218735764232,37.966440905915114
2157,21.57,1.017850247264199,36.86916570669758
2158,21.580000000000002,1.0348231914431054,40.10971020597889
2159,21.59,1.0390808375426062,38.98915025701988
2160,21.6,1.2512390233862178,37.86147546795826
2161,21.61,1.1487276988685697,36.490350507973886
2162,21.62,1.1370235950836283,39.04233980964357
2163,21.63,1.1028979244019685,38.7745669364926
2164,21.64,1.0757471947769803,36.99225293056191
2165,21.650000000000002,1.086733943267638,37.738215273913895
2166,21.66,1.1767397691992898,37.481098939284685
2167,21.67,0.9213539747464283,37.34344065061433
2168,21.68,1.1266918633034366,40.02961158162626
2169,21.69,1.0296872123339722,38.91794752062037
2170,21.7,1.0853032866603403,39.4858983425614
2171,21.71,1.2356148418693729,37.34557789539432
2172,21.72,0.9220342201559589,39.169400090374346
2173,21.73,1.1685058279752716,38.47171853511663
2174,21.740000000000002,0.9838898140810687,39.24389267382349
2175,21.75,0.916610011451415,38.77769983940494
2176,21.76,0.9546394636372701,38.48086455086355
2177,21.77,1.1128817174701493,37.89645536928184
2178,21.78,0.9224574301514745,39.03456295212014
2179,21.79,0.9384159204250401,38.06855004924853
2180,21.8,0.9749021829154525,38.421850651054555
2181,21.81,1.004979129439597,38.16598481506963
2182,21.82,0.7924142893448359,37.73582007968471
2183,21.830000000000002,0.9795626683836761,37.6041674067086
2184,21.84,0.9253016741515924,38.82726778286178
2185,21.85,1.055864656169171,39.05434395688196
2186,21.86,1.0934091517797748,37.98003144663457
2187,21.87,1.0390794871289253,38.9309075648964
2188,21.88,1.0364120898398559,38.397485491239486
2189,21.89,0.7691649336443148,37.83749954381095
2190,21.900000000000002,0.9097393819922195,38.28008594145301
2191,21.91,0.8669928651398932,38.390282056247095
2192,21.92,0.8301738327185884,38.7277064008777
2193,21.93,0.8093118509484658,38.56990696992827
2194,21.94,0.8188662515027915,39.378217319284445
2195,21.95,1.0076490511140905,35.94587244359775
2196,21.96,0.693735698306292,38.516812560963466
2197,21.97,0.8272703758929544,38.124627019846905
2198,21.98,0.754767195283762,36.912036467589935
2199,21.990000000000002,0.9352060417470843,39.30893758742231
2200,22.0,0.8484674452366356,39.20505030751242
2201,22.01,0.7469614910768307,39.19867454715866
2202,22.02,0.8661481304371764,37.69318328491659
2203,22.03,0.6797630842203993,39.20823685524819
2204,22.04,0.7562029151896259,38.92488963211227
2205,22.05,0.7192692455566175,38.350100549609465
2206,22.06,0.669852081383664,37.88994882240074
2207,22.07,0.8539157177208169,38.117449930867984
2208,22.080000000000002,0.8196264904006187,38.74298862095049
2209,22.09,0.7045740734861634,37.99623799361537
2210,22.1,0.6396684043773556,38.50454213231225
2211,22.11,0.7503563049902408,36.263039988275814
2212,22.12,0.9458043122685618,38.255016800078955
2213,22.13,0.6992230157315424,38.97066235951476
2214,22.14,0.8425173001535111,37.227552097440174
2215,22.150000000000002,0.7055792096675749,39.78042833864838
2216,22.16,0.7413471745476042,38.62014067701445
2217,22.17,0.5401860981490072,38.30300661896587
2218,22.18,0.7027937634003281,39.334183900948595
2219,22.19,0.6845075483520426,39.56530315906577
2220,22.2,0.5470512867990405,38.36588460218704
2221,22.21,0.7365029228349133,39.614437499942376
2222,22.22,0.8292518002263736,38.92836834157729
2223,22.23,0.4096163987648412,39.919157098871736
2224,22.240000000000002,0.7115076165054387,38.47588480196078
2225,22.25,0.519817727089958,38.308418048936296
2226,22.26,0.8565863015608441,38.042558534019335
2227,22.27,0.541659827757125,39.31824490310275
2228,22.28,0.7492352754682295,39.943603493297964
2229,22.29,0.6404092857318848,38.08397655382003
2230,22.3,0.8309952189286058,38.7282915691808
2231,22.31,0.75584513417698,37.081503147734814
2232,22.32,0.49930789967321815,36.10076199229319
2233,22.330000000000002,0.46324303235227493,37.590553370944264
2234,22.34,0.8773217587752613,39.20353826223257
2235,22.35,0.73499738651566,38.72021507399264
2236,22.36,0.8533057136276643,38.708864758061445
2237,22.37,0.4718577816603073,39.87681637344801
2238,22.38,0.441010991953399,38.30118753537349
2239,22.39,0.6136494115308824,39.793261188470545
2240,22.400000000000002,0.6116893071980051,37.92815832800375
2241,22.41,0.6259802430440108,38.18742999695142
2242,22.42,0.5336907373121282,38.75089730747309
2243,22.43,0.6791324640289419,37.5202518833008
2244,22.44,0.7053089241117438,39.11103736716222
2245,22.45,0.7782305692144512,38.878515565544184
2246,22.46,0.5455234576237413,38.850879453648446
2247,22.47,0.5541047073405256,39.25483290301351
2248,22.48,0.7491345049907612,37.880190079040084
2249,22.490000000000002,0.4999597339013795,35.75086340186243
2250,22.5,0.5760244618684752,37.95073237184715
2251,22.51,0.5196061349999666,40.16088910328293
2252,22.52,0.5592630267186116,38.529466001098605
2253,22.53,0.437473221596121,39.14579750025771
2254,22.54,0.7449845742683741,36.44420880550404
2255,22.55,0.49070701993249494,39.56871051463784
2256,22.56,0.44132219418053226,37.416497498340675
2257,22.57,0.374142242047836,39.19862595708744
2258,22.580000000000002,0.5581356173282083,36.516775801554665
2259,22.59,0.3613830585690996,38.57894048178958
2260,22.6,0.33863209366700714,38.27070720842484
2261,22.61,0.6722461842008964,39.31445549379692
2262,22.62,0.44149456147085664,38.30074486860405
2263,22.63,0.5175534426191482,38.45080861422482
2264,22.64,0.49406112667288676,37.03899089002932
2265,22.650000000000002,0.44057682091924594,36.94751083992797
2266,22.66,0.48216516435255447,39.494901132173986
2267,22.67,0.5610273323973717,37.9814503625144
2268,22.68,0.748180378838752,37.61294511473206
2269,22.69,0.3957549111468825,38.07298557964948
2270,22.7,0.6282620849319546,36.94517112922297
2271,22.71,0.6538748180558263,36.832712979184194
2272,22.72,0.6563411801807935,36.73097698244293
2273,22.73,0.5164741159002488,38.73197857526344
2274,22.740000000000002,0.3996289269886363,38.06784146619352
2275,22.75,0.3313880947417223,38.7953590982484
2276,22.76,0.3823331178381789,37.72922194669752
2277,22.77,0.4377171645035921,37.94685208340893
2278,22.78,0.49927872898300696,37.89409785347243
2279,22.79,0.3693948303549747,37.55118166316015
2280,22.8,0.22961551004433928,36.54244011970023
2281,22.81,0.30036136527619295,37.39350247670332
2282,22.82,0.4635886480276827,37.75210046977414
2283,22.830000000000002,0.4450897847218082,37.12015350104856
2284,22.84,0.49627409934701516,38.5477753150517
2285,22.85,0.4511856294758531,35.77629019471649
2286,22.86,0.2842977085506588,37.470387191779395
2287,22.87,0.2847448154189619,37.6238003933247
2288,22.88,0.47578638930932515,37.244937710677895
2289,22.89,0.2797110407014925,36.592720979418836
2290,22.900000000000002,0.4056176344568041,38.06408956590769
2291,22.91,0.31461402681083006,37.45907459467058
2292,22.92,0.5711516978241704,38.036168561944585
2293,22.93,0.4666824096526845,37.4080228687217
2294,22.94,0.5505725818707221,38.63376791007647
2295,22.95,0.4746621636613829,37.337231689629604
2296,22.96,0.40543527698349946,37.98873537220904
2297,22.97,0.420894315556835,36.51100952241845
2298,22.98,0.33171107535379946,37.38844559431013
2299,22.990000000000002,0.46744734389844816,37.80928478423638
2300,23.0,0.36246297783417236,36.04447430780803
2301,23.01,0.2952144157147861,38.46614923332232
2302,23.02,0.4812333879478044,37.97465620041518
2303,23.03,0.31699333924202633,36.10956476406251
2304,23.04,0.5068457627967502,38.029102464639095
2305,23.05,0.5415516914951741,36.36092858065143
2306,23.06,0.5989114422427964,37.85333071902294
2307,23.07,0.44974449280719153,36.167774935317595
2308,23.080000000000002,0.4745997962246245,36.501280858199415
2309,23.09,0.5104445324388462,39.77231246596818
2310,23.1,0.6048469129162611,35.57566902877671
2311,23.11,0.49435288700922686,36.9952309992909
2312,23.12,0.5018027271264165,37.98449478374489
2313,23.13,0.44684941995872113,37.27629430935052
2314,23.14,0.5881383512810369,37.46266814486774
2315,23.150000000000002,0.7079703446974128,37.426342329161486
2316,23.16,0.4579043616370007,37.25948123670714
2317,23.17,0.5851114024151562,36.836164040349296
2318,23.18,0.5195350354805931,37.12073530791606
2319,23.19,0.7582741654865567,36.60623130962824
2320,23.2,0.5723693693864853,35.170605677576035
2321,23.21,0.6111545049901065,36.73926333901373
2322,23.22,0.6943447481796909,36.300079272414855
2323,23.23,0.6342536164801879,37.892329988339135
2324,23.240000000000002,0.4876898049115965,38.20116491667376
2325,23.25,0.7052858512637178,39.26301220583933
2326,23.26,0.6592234860875203,36.78331193705763
2327,23.27,0.7378537062695598,36.51253451056365
2328,23.28,0.6964184723182703,36.56470167984787
2329,23.29,0.7546281291167531,37.35139084209353
2330,23.3,0.6945738443597356,37.67575988672071
2331,23.31,0.6979332319967864,37.43305735409183
2332,23.32,0.5053385271848152,38.51371068811206
2333,23.330000000000002,0.6016333975129904,35.51059278520916
2334,23.34,0.4253642897511253,36.481243338843846
2335,23.35,0.6362322452225733,37.67250728532784
2336,23.36,0.6288180756955647,36.111520639454255
2337,23.37,0.823719330917428,35.682066629399706
2338,23.38,0.713927980441005,38.121172932930186
2339,23.39,0.5488541605069733,37.232133888636604
2340,23.400000000000002,0.594552855865913,37.69661221285719
2341,23.41,0.7626220177968607,36.790024998563794
2342,23.42,0.7634281825107241,37.57292252180463
2343,23.43,0.7517467253751233,37.746183503959664
2344,23.44,0.9708447395599765,38.66748048249554
2345,23.45,0.8064450068224865,36.57349550371617
2346,23.46,0.9867326788773723,36.38392431195976
2347,23.47,0.5997004499765748,35.95958167657503
2348,23.48,0.7112705683099025,35.79332993926386
2349,23.490000000000002,0.7930061501531915,37.85851043209135
2350,23.5,0.7441717092114333,36.97798086013988
2351,23.51,0.6413969436671749,36.200905514133346
2352,23.52,0.8726424340290733,36.2508257793352
2353,23.53,0.7288825369708931,35.620578692193334
2354,23.54,0.7446679570040954,37.51164721437316
2355,23.55,0.956754850865735,35.88287151072231
2356,23.56,0.7923294095010932,35.66895011222283
2357,23.57,0.7677135852473393,37.08153105587562
2358,23.580000000000002,0.7181067916600776,37.16086484534805
2359,23.59,0.9081427749519805,37.29717780328547
2360,23.6,0.6400318831775641,35.954737787908364
2361,23.61,0.9149585732331789,37.60195548521188
2362,23.62,0.7866822420506059,37.910249771231264
2363,23.63,0.992780476111737,37.899383004022056
2364,23.64,0.8036870915724728,36.486858415340045
2365,23.650000000000002,0.9181944075626394,35.88637779319882
2366,23.66,0.7518130284702921,37.23512300036933
2367,23.67,0.8680981918195151,36.772670372071616
2368,23.68,1.0395770644937992,37.37027928741181
2369,23.69,0.9052007625526186,36.870662913108994
2370,23.7,0.9003580789887743,34.8881330973344
2371,23.71,0.8738666837888706,36.36559741840852
2372,23.72,1.054536742266721,36.097570954117245
2373,23.73,1.01052924750643,37.06537798687426
2374,23.740000000000002,0.9095785681275994,37.63888557611538
2375,23.75,1.0930697057565324,35.86406079796584
2376,23.76,0.9512674594062662,36.27464038869306
2377,23.77,0.9035425213312922,36.55627973527181
2378,23.78,0.9367383543040882,37.491034401263846
2379,23.79,0.9307323546892833,36.675765906315746
2380,23.8,0.8503192357226443,36.091323238006765
2381,23.81,0.817786227270248,37.94570754712954
2382,23.82,1.0176331977778446,37.38955647494591
2383,23.830000000000002,0.9269224778071298,37.09615030500545
2384,23.84,0.9859454690523133,34.12781862250537
2385,23.85,1.148652925585015,36.219593525327596
2386,23.86,1.0308195146883592,35.420749635121524
2387,23.87,1.0931546349640842,38.361779787669676
2388,23.88,0.906958411791968,35.671410372036306
2389,23.89,0.9854538930436656,38.46152508451178
2390,23.900000000000002,1.0471021903300706,36.2911485429755
2391,23.91,1.1944107901674093,35.064451024259824
2392,23.92,0.9912241479735316,39.14799660370033
2393,23.93,1.0077526956927072,37.12452873722538
2394,23.94,1.1140130588369248,37.93059424729407
2395,23.95,1.073639448482109,37.44299336699642
2396,23.96,1.0701104880155363,37.73852740618353
2397,23.97,1.0101673838275458,36.1942529496647
2398,23.98,1.083326692403227,37.60426157493022
2399,23.990000000000002,1.0943635588569247,37.70159685725018
2400,24.0,1.1973866723937119,36.43134325875606
2401,24.01,1.0227654250101568,37.307337664497744
2402,24.02,1.0720981413656188,34.773740241831916
2403,24.03,1.1625408214383246,37.528458590548325
2404,24.04,1.0797362332854656,36.74791903559965
2405,24.05,1.2069148661127247,37.30475127225653
2406,24.060000000000002,1.2565190335169198,36.462273014506486
2407,24.07,1.1808262772940539,37.581047595710075
2408,24.080000000000002,1.1013536895596396,35.76135964186347
2409,24.09,1.0972074492150434,37.95624186523892
2410,24.1,1.0531980268196284,37.09079274385896
2411,24.11,0.9740403445924497,37.360790142239644
2412,24.12,1.2719275226188054,37.05835386071635
2413,24.13,1.0581319957716575,37.392066870273084
2414,24.14,1.2181737154798173,37.18540905308676
2415,24.150000000000002,1.3478398636038567,37.87666836958446
2416,24.16,1.047833287211137,35.49768355309524
2417,24.17,1.0185071928197948,36.130686420380826
2418,24.18,1.2058315719510886,38.41385639472195
2419,24.19,0.9919377004699284,36.0116105451879
2420,24.2,1.2668252112595573,37.191067881593675
2421,24.21,1.1808690656005778,36.790854096934474
2422,24.22,1.2037222816328572,36.701800571255845
2423,24.23,1.3562407874874927,37.71688090139375
2424,24.240000000000002,1.2045067523440016,38.70469680440768
2425,24.25,1.1314351035160293,36.27547632019434
2426,24.26,1.2334400223101718,37.47304350611297
2427,24.27,1.4402235946685953,35.98672302369381
2428,24.28,1.1640877550763464,36.549243981178044
2429,24.29,1.1212006360233084,36.5975467356271
2430,24.3,1.3162259388722632,36.64197919359279
2431,24.310000000000002,1.3080345141282954,35.99668073724331
2432,24.32,1.3665986200604427,35.95228221752197
2433,24.330000000000002,1.086589729033246,36.67515516149033
2434,24.34,1.315376891091794,37.32362492088566
2435,24.35,1.3022072388510224,36.807160162652714
2436,24.36,1.2922977840694148,34.57154123545181
2437,24.37,1.3164352532436883,35.51590905658955
2438,24.38,1.4151297659018618,35.347924693299255
2439,24.39,1.34105458825306,38.40403803191241
2440,24.400000000000002,1.279323867844953,37.18392218937157
2441,24.41,1.0551103178506014,37.12148998536515
2442,24.42,1.1511585861399571,36.83060707247023
2443,24.43,1.211914520670571,37.49203542024815
2444,24.44,1.5733251833175887,38.47592276315759
2445,24.45,1.3094025612474989,38.30214123157706
2446,24.46,1.5072247492065385,37.46055135983789
2447,24.47,1.277002023893271,36.470595232790224
2448,24.48,1.4405584682431745,36.59853622309615
2449,24.490000000000002,1.2771342633904739,35.06043478804971
2450,24.5,1.2526601139519675,36.41556500684062
2451,24.51,1.4749541941607511,37.2558541509877
2452,24.52,1.1331891378148213,35.056662467912744
2453,24.53,1.4319098054271322,36.70547884588589
2454,24.54,1.342857654081731,38.695708540254046
2455,24.55,1.2835189543150582,37.92674310547007
2456,24.560000000000002,1.2588796895403187,36.601246904727844
2457,24.57,1.3339535293550508,36.90474211197742
2458,24.580000000000002,1.1422713802343567,38.53375190488711
2459,24.59,1.494069855830425,37.491620922683154
2460,24.6,1.3309318486760562,37.86178516443919
2461,24.61,1.3857732968193845,36.82102649682256
2462,24.62,1.5102122485369907,39.30570675853889
2463,24.63,1.406639668315363,38.890855667805404
2464,24.64,1.3029757462408558,36.201354202422415
2465,24.650000000000002,1.4186857735705467,37.72161117510185
2466,24.66,1.3552895054715188,37.4406150393258
2467,24.67,1.3361730542621413,36.52622585247585
2468,24.68,1.372263374771584,36.496325642886845
2469,24.69,1.3681223847402946,38.23211960006849
2470,24.7,1.40689636878552,38.38095082309929
2471,24.71,1.3205758480987946,37.55236748499461
2472,24.72,1.2587111865976017,36.310063999821544
2473,24.73,1.378943028832588,37.21089714610945
2474,24.740000000000002,1.393206472264957,38.24639952995223
2475,24.75,1.5135386331459397,37.84943876547944
2476,24.76,1.2344243622882645,37.0912707832486
2477,24.77,1.346262404792959,37.36830307780542
2478,24.78,1.3626877437768583,36.93240507109055
2479,24.79,1.5022505513766045,35.829729679333965
2480,24.8,1.4030539507827617,35.83404014516983
2481,24.810000000000002,1.3981954930124656,37.559455561859274
2482,24.82,1.3340651076336418,36.887476734888615
2483,24.830000000000002,1.230370992070734,35.37886190802722
2484,24.84,1.2949860986540378,39.87971892905331
2485,24.85,1.481752982725217,37.2802985961048
2486,24.86,1.3699986639924333,37.89274833176209
2487,24.87,1.1963019998446482,35.773242599206306
2488,24.88,1.2270591399381467,37.28756803011371
2489,24.89,1.5608558160926806,39.962454204686715
2490,24.900000000000002,1.5803492906238312,38.2090201829957
2491,24.91,1.3971379417362086,37.990517615434726
2492,24.92,1.3836906828188948,37.865305871682835
2493,24.93,1.2961501516646392,40.26516230289275
2494,24.94,1.5638365344446168,37.301345990849576
2495,24.95,1.4364126359820624,38.37914290625372
2496,24.96,1.2651511188300462,37.17311216809397
2497,24.97,1.4908197750389165,39.16710003972861
2498,24.98,1.3235217980106384,36.91898998010703
2499,24.990000000000002,1.3196937972070488,38.92147232761633
2500,25.0,1.2131094990230404,37.50833287809995
2501,25.01,1.414521663839698,36.58720113201698
2502,25.02,1.3633346759868188,36.46144387633705
2503,25.03,1.1454316132828595,35.75091647343146
2504,25.04,1.4990080349364725,37.04996159903634
2505,25.05,1.343121303281572,38.252064413697646
2506,25.060000000000002,1.4553550207494066,36.3499112265384
2507,25.07,1.6897254748400474,37.98177622767924
2508,25.080000000000002,1.45088724862188,36.19531506246186
2509,25.09,1.3028734140491105,39.431192515537056
2510,25.1,1.438721046465262,39.18749476608839
2511,25.11,1.3569891781989198,37.27708680052926
2512,25.12,1.3477694560586946,36.544684352209806
2513,25.13,1.2562365339374073,37.31736661739237
2514,25.14,1.2205457245667928,37.302993318138206
2515,25.150000000000002,1.390396515046366,37.67090939258302
2516,25.16,1.4800038811925111,37.30206151963608
2517,25.17,1.311474337272023,36.98887151635148
2518,25.18,1.4443873723387797,38.744484904243386
2519,25.19,1.3784193637570925,40.17549973342611
2520,25.2,1.4855503644082837,37.596333148481015
2521,25.21,1.3308481085272863,35.74655790904825
2522,25.22,1.418589849341948,39.11869287199408
2523,25.23,1.514362817715398,37.48928209058304
2524,25.240000000000002,1.294193708573092,36.835756331747206
2525,25.25,1.4710745849648397,38.2568697660695
2526,25.26,1.2763402069426657,37.03980200982089
2527,25.27,1.4085584875908048,36.79664001638385
2528,25.28,1.1793790732439158,36.8925900686838
2529,25.29,1.2260716470308461,39.59140115439867
2530,25.3,1.3970835915317117,37.72272675975608
2531,25.310000000000002,1.3183698457519166,38.677274869774756
2532,25.32,1.369784735405452,38.06347514617072
2533,25.330000000000002,1.3812788650289385,38.75807298534236
2534,25.34,1.1609447556229013,37.85899866436844
2535,25.35,1.395107138217075,37.93127048460879
2536,25.36,1.4102762578586299,38.01181061516334
2537,25.37,1.3992347386772364,37.42983952507957
2538,25.38,1.257567661755151,37.334193393627984
2539,25.39,1.4944795766214112,37.454697792308
2540,25.400000000000002,1.527872496015688,38.67954007212341
2541,25.41,1.4054512427840469,38.30303461187495
2542,25.42,1.2017038404537295,38.449423993877375
2543,25.43,1.3013698124949062,36.72586661531225
2544,25.44,1.512074270533799,38.715967597372355
2545,25.45,1.5566549822655253,38.19839603511717
2546,25.46,1.2020785707089914,36.99494340714845
2547,25.47,1.4622503485615856,39.369326349498415
2548,25.48,1.3693187176704826,38.11618960307752
2549,25.490000000000002,1.38508539220309,36.37489360703065
2550,25.5,1.2918118055413708,38.3591622620381
2551,25.51,1.3888555670550866,37.97776543962052
2552,25.52,1.313645531765832,38.41220158015448
2553,25.53,1.455306887900052,37.99229178535805
2554,25.54,1.2443945783658148,37.96556116917926
2555,25.55,1.3168402346257595,38.558530982690826
2556,25.560000000000002,1.2930688178656524,37.65449294320357
2557,25.57,1.194303857653795,37.902202144048324
2558,25.580000000000002,1.1759610907443743,37.953868209497244
2559,25.59,1.3145011705393448,38.979520276505504
2560,25.6,1.2708848767108671,38.99098912334679
2561,25.61,1.583647648885433,38.918427874700356
2562,25.62,1.2291872540116322,38.897079057843214
2563,25.63,1.3883624913456099,38.168070756280855
2564,25.64,1.3990706799549844,38.77124958951843
2565,25.650000000000002,1.2276527231071814,37.80309213110822
2566,25.66,1.072313335542695,38.02710545029828
2567,25.67,1.1950253648233995,37.19920723556162
2568,25.68,1.153508298777677,38.32656921476512
2569,25.69,1.2531375978556085,38.97476893472436
2570,25.7,1.148840059854768,38.655811782271414
2571,25.71,1.169783891465092,38.077389763965556
2572,25.72,1.080442845208958,37.27921846076782
2573,25.73,0.9730288549878947,40.02204110366094
2574,25.740000000000002,1.2000975738892545,39.29509653936621
2575,25.75,1.1328015095584931,36.52456880719388
2576,25.76,1.3821915890958822,38.50082111841816
2577,25.77,1.625784048591494,40.31452097819359
2578,25.78,1.1769901254451942,38.643672591939676
2579,25.79,1.243968504172372,36.773090603164306
2580,25.8,1.1300586261029348,38.14477281977468
2581,25.810000000000002,1.3266895568147488,39.89039788045072
2582,25.82,1.240374312313133,38.78235959772653
2583,25.830000000000002,1.3054581932862936,39.94103471984985
2584,25.84,1.1225698886109083,36.5820675273696
2585,25.85,1.306322214841848,36.59572640461667
2586,25.86,1.1954258569266523,37.809563021303035
2587,25.87,1.0080620203858353,38.35446491133726
2588,25.88,1.0673468356869658,37.84209274911583
2589,25.89,0.9896151143278938,37.996830050470614
2590,25.900000000000002,1.200625286003381,38.034858002991676
2591,25.91,1.0804376455670777,40.155403063180735
2592,25.92,1.2889029502592562,37.9090901484167
2593,25.93,0.9673975918654304,38.43637379948777
2594,25.94,1.115955804491036,39.385150057436306
2595,25.95,1.1606004491399606,37.44592401081308
2596,25.96,1.0949509556248482,37.55770282583625
2597,25.97,1.1171680163783047,39.82090294279494
2598,25.98,1.2193652351306803,39.39353020395488
2599,25.990000000000002,1.038963106358805,38.292145517421226
2600,26.0,1.097907635952731,40.05377727109186
2601,26.01,1.0765951593370524,39.73230083672597
2602,26.02,1.4000523559230884,38.203073430214616
2603,26.03,1.080450324560419,41.26726976688783
2604,26.04,1.1175842369579936,37.67496352194588
2605,26.05,1.0416008349321095,37.39850626809199
2606,26.060000000000002,0.9906273477830909,38.427882547935496
2607,26.07,1.0289107546508571,37.60655541557715
2608,26.080000000000002,1.0150326075884948,37.69247353217458
2609,26.09,1.0359272606418046,40.04519730584259
2610,26.1,0.9592375134767319,38.29740327197343
2611,26.11,1.0609921617944504,39.75398435374673
2612,26.12,1.2548773197447651,40.109520118969954
2613,26.13,0.9656527091952138,38.32502099515411
2614,26.14,1.0021939558572641,39.0692354952654
2615,26.150000000000002,1.0330761043485743,37.759602458234
2616,26.16,0.8803729164118878,39.007980962969505
2617,26.17,0.9268589544190122,38.41199624682228
2618,26.18,1.1957284873359564,38.93772019646678
2619,26.19,1.050714006796311,38.178363530004745
2620,26.2,1.000767733112796,39.07324892671387
2621,26.21,0.7960844972520912,36.07412458096938
2622,26.22,0.8177500336726141,39.44390883516053
2623,26.23,0.8298416059447374,36.890228987486594
2624,26.240000000000002,1.0218935025332736,35.744002769529544
2625,26.25,0.9378923367069297,38.20175644796863
2626,26.26,1.0049848243883346,37.36826568172459
2627,26.27,0.8091954921930515,39.38141031670841
2628,26.28,0.8128948581296531,38.27910299732043
2629,26.29,1.1187251454209608,39.3475244502241
2630,26.3,0.7633128160985384,37.40591307555364
2631,26.310000000000002,0.9346806476301625,37.10777175156602
2632,26.32,0.8329302675109687,39.29203076911196
2633,26.330000000000002,0.7993240926124662,39.545188586574476
2634,26.34,0.930618097146899,37.945887979350815
2635,26.35,0.9797666552258937,38.2014199193464
2636,26.36,0.8692717490309894,38.90853580617227
2637,26.37,0.6991439132875193,38.70700068130576
2638,26.38,1.042600616056907,38.12111798500903
2639,26.39,1.0022375445371448,37.57589031587057
2640,26.400000000000002,0.9581170120024763,38.35282931912125
2641,26.41,1.0603315140308616,40.347159175060206
2642,26.42,0.8791654124811368,38.395289594130546
2643,26.43,0.9434126771834744,38.95228590244199
2644,26.44,0.8617446624711339,39.48317928826743
2645,26.45,0.8088340571562632,38.48853846102711
2646,26.46,0.7452513832944747,38.284085461637005
2647,26.47,0.9624784833729738,37.30026177169928
2648,26.48,0.70416875763597,38.0748815891438
2649,26.490000000000002,0.8540117990016347,37.370458092949136
2650,26.5,0.7783218701967931,38.39643803666209
2651,26.51,0.5411928971623585,38.04051824532082
2652,26.52,0.9279155801857775,37.1593989889368
2653,26.53,0.7223178771395627,38.28900663624112
2654,26.54,1.0032426272698265,39.13362984547521
2655,26.55,1.0304704385472359,40.853490597923006
2656,26.560000000000002,0.7326452222770342,36.36746463733711
2657,26.57,0.9589259793441187,36.803744699585366
2658,26.580000000000002,0.6810957823064011,38.851694784060705
2659,26.59,0.8900220188759114,38.931972138930504
2660,26.6,0.8271587953684799,37.14033775599052
2661,26.61,0.8531606402463419,38.845499034239246
2662,26.62,0.8085192739549667,36.16192335008549
2663,26.63,0.6759039493560866,37.03615415907342
2664,26.64,0.6488998487981883,39.415051902988324
2665,26.650000000000002,0.7613476701743398,38.66771213664868
2666,26.66,0.8520050405783859,38.6040865394655
2667,26.67,0.7912480900544246,38.33584712902517
2668,26.68,0.9852817328132317,36.306378659661675
2669,26.69,0.6493746644743532,37.15590850385761
2670,26.7,0.8580538382119632,36.40793403639559
2671,26.71,0.6959214834246001,38.34006624646982
2672,26.72,0.8362652868563858,38.615357141114394
2673,26.73,0.8299774936257994,38.04948319727098
2674,26.740000000000002,0.5914827146084489,38.15414088184491
2675,26.75,0.459261488810966,37.40806931015695
2676,26.76,0.7797656220562478,36.064641736874044
2677,26.77,0.7512753820143298,38.06486103783802
2678,26.78,0.9322212124185782,37.99412026510074
2679,26.79,0.6076292976290241,38.46659789024216
2680,26.8,0.685754518475022,38.1417453128087
2681,26.810000000000002,0.7343206470500689,40.26318893377094
2682,26.82,0.7267279446612122,38.3009208305932
2683,26.830000000000002,0.5337284331939882,40.589351886732196
2684,26.84,0.6817818529134478,39.35170563236511
2685,26.85,0.7397053772071343,36.57440435688603
2686,26.86,0.4362517395890556,37.05436099582922
2687,26.87,0.700005382494242,39.23805872641073
2688,26.88,0.6691931552420038,37.80761650112701
2689,26.89,0.6015406976085536,39.85025053112777
2690,26.900000000000002,0.8753787577626726,37.869446966078286
2691,26.91,0.805527973148172,39.06643321179571
2692,26.92,0.6676314067717016,37.301443338869305
2693,26.93,0.7467022920703997,37.68694548969576
2694,26.94,0.3022480428221346,37.73308861989755
2695,26.95,0.7733677458716357,38.91000465378639
2696,26.96,0.6107170690894274,37.52175744898608
2697,26.97,0.7589541503390309,40.02351563622674
2698,26.98,0.4682230455804992,39.15235333425076
2699,26.990000000000002,0.6169485173610953,37.50651339242212
2700,27.0,0.67557468290944,37.67788969616933
2701,27.01,0.5222024407710706,37.8597127275679
2702,27.02,0.560692884735828,36.92435219194024
2703,27.03,0.49171508103605316,38.04274285910731
2704,27.04,0.7273282004719586,38.70696240058282
2705,27.05,0.4318639698289869,38.58682161584858
2706,27.060000000000002,0.6294027048204381,36.02883475270144
2707,27.07,0.589645487722204,36.65706425541515
2708,27.080000000000002,0.6409346111884885,36.62442737174778
2709,27.09,0.6924432831336119,38.137425327596716
2710,27.1,0.6566661790380484,37.21398351454526
2711,27.11,0.5066498957127379,38.63442078180497
2712,27.12,0.4460611013630664,37.59278225303502
2713,27.13,0.7956513700631068,37.716802175275085
2714,27.14,0.6228636492210015,37.29509369406376
2715,27.150000000000002,0.8010648119882622,37.98808790215947
2716,27.16,0.4899279425672583,37.686720976227136
2717,27.17,0.47252597965303056,38.94382409262541
2718,27.18,0.47422948372878393,37.643100083185175
2719,27.19,0.49402275647428906,36.325015441319636
2720,27.2,0.7039248802366777,37.86027003348669
2721,27.21,0.5182516152744955,37.53166623406187
2722,27.22,0.5451491675106329,37.5344209685075
2723,27.23,0.6067299611636678,39.03895345385183
2724,27.240000000000002,0.6350243866479596,38.56662766105213
2725,27.25,0.5135856151112579,37.08743992891075
2726,27.26,0.7100577154560586,37.5296389203428
2727,27.27,0.5245173289191687,37.96931903289076
2728,27.28,0.5222939168039716,38.19900949276279
2729,27.29,0.5957463835105226,38.01392672662956
2730,27.3,0.5915433022360199,38.33266528924718
2731,27.310000000000002,0.603965152945571,37.09918161731494
2732,27.32,0.5653195243694772,36.33208700817829
2733,27.330000000000002,0.595175907847731,38.06612487664019
2734,27.34,0.7102262318751349,36.624365807488815
2735,27.35,0.7852862759635677,38.410746593638564
2736,27.36,0.6252239350631543,37.747022294367646
2737,27.37,0.5041346582601707,37.28973894090753
2738,27.38,0.589589958046093,38.18075431470845
2739,27.39,0.6912828490583269,36.6433737857473
2740,27.400000000000002,0.6041864375723781,37.29200012595547
2741,27.41,0.664757050678075,38.1405297248539
2742,27.42,0.5662808471268513,37.307617619774824
2743,27.43,0.5482044576369429,37.74592867955578
2744,27.44,0.6214581278557323,36.64303161879223
2745,27.45,0.6559997202279317,35.24000280085541
2746,27.46,0.646826526649669,37.00527762347673
2747,27.47,0.7811189166835434,37.30563139334151
2748,27.48,0.6395318770065823,36.34006962137848
2749,27.490000000000002,0.5410896132795212,36.46958246751566
2750,27.5,0.6685661895485493,37.11535274065368
2751,27.51,0.6577777836068903,37.284851349859196
2752,27.52,0.63649325137797,39.03409849628729
2753,27.53,0.5351726061234536,37.01731655281827
2754,27.54,0.6499636407856139,38.24026494594727
2755,27.55,0.6030783985748539,37.737729201284786
2756,27.560000000000002,0.7649802694341719,37.946281522383764
2757,27.57,0.8087517482774002,37.18713416845133
2758,27.580000000000002,0.620450744347601,36.99066016107694
2759,27.59,0.7662531231877736,37.55246328603067
2760,27.6,0.7715609503063732,38.244156039231314
2761,27.61,0.6188711344596579,36.12418092554316
2762,27.62,0.8618212372005596,36.8906366972305
2763,27.63,0.6607730702443244,35.09449969679919
2764,27.64,0.7075567866603563,39.11193634517524
2765,27.650000000000002,0.7511726365820087,39.06566306764425
2766,27.66,0.6928308579098847,37.090552781050874
2767,27.67,0.6130591948875844,37.206348941626416
2768,27.68,0.6002730484000601,37.06264906361489
2769,27.69,0.9250400861535373,37.344806415591805
2770,27.7,0.7545918262149282,37.65753006812919
2771,27.71,0.5679176130776011,35.98345123683354
2772,27.72,0.8871416602896602,38.02459847201592
2773,27.73,0.9543353208357235,38.38938103692454
2774,27.740000000000002,0.6688267012538327,36.512520682941066
2775,27.75,0.7130845449040278,36.76455934257691
2776,27.76,0.76488031755942,37.65270045674431
2777,27.77,0.8386533483845614,37.876657799439116
2778,27.78,0.750656966935453,36.4795590759354
2779,27.79,0.6973407810955915,37.607235993202
2780,27.8,0.8045745859713235,37.464863890884054
2781,27.810000000000002,0.814956734036573,37.05144860988802
2782,27.82,0.778312071835341,37.27068692637043
2783,27.830000000000002,0.6761732402622609,36.48519273366894
2784,27.84,0.9108173981125527,39.390850887107824
2785,27.85,0.8201888652584025,37.117893580101295
2786,27.86,0.7638240203200669,36.838843256530225
2787,27.87,0.9869920290288287,37.21922756092705
2788,27.88,0.8319907073198805,35.99586554666157
2789,27.89,0.7605590276678439,35.925358375761114
2790,27.900000000000002,0.9991856402711343,37.801934367984146
2791,27.91,0.7816931416388165,39.12544223513447
2792,27.92,0.8006674218662247,36.899423461715095
2793,27.93,0.54735692073828,38.390835471670854
2794,27.94,1.0572455632529794,37.265302830648054
2795,27.95,0.8545442821832887,35.23636523643435
2796,27.96,0.8011733192411971,37.39115813361501
2797,27.97,0.8542027936147423,36.03109995351484
2798,27.98,0.8877744934556081,35.34946514581172
2799,27.990000000000002,0.8138182112000504,37.30175152599586
2800,28.0,0.9346487985241173,36.631609898393585
2801,28.01,0.6643804199837395,36.50462478431251
2802,28.02,0.8743794869585804,37.231102892795015
2803,28.03,0.7502800288745406,37.80614013168643
2804,28.04,0.6226069768178695,36.13906083442319
2805,28.05,1.0476779787177812,37.94043377722058
2806,28.060000000000002,0.8387435355861482,38.313415109691284
2807,28.07,0.7467840114332769,38.80306273342415
2808,28.080000000000002,0.7851458381216123,38.185398236436185
2809,28.09,0.8651419024970847,38.29537684171745
2810,28.1,1.1354491930947666,36.89048537180223
2811,28.11,0.8111847285704405,36.91110097874202
2812,28.12,1.00594838426685,37.21225757265388
2813,28.13,1.082854429831338,39.103701753090505
2814,28.14,0.998127337487799,36.57795022307438
2815,28.150000000000002,0.7665120360057747,38.7220297750408
2816,28.16,0.8057107456275225,38.505988957233576
2817,28.17,0.9162821140514462,36.554158721946976
2818,28.18,0.8488048358309375,37.406381636870655
2819,28.19,0.6816492372027199,37.021867757401104
2820,28.2,0.902322668847885,36.18100420386476
2821,28.21,0.8500996715223023,36.33948010930584
2822,28.22,0.9137003929549543,37.673737865829644
2823,28.23,0.9684637566118017,36.22651626299551
2824,28.240000000000002,0.9283507001353288,37.552825731047406
2825,28.25,0.9904827708935808,37.68318052603983
2826,28.26,0.8022854348429295,36.71790292476296
2827,28.27,1.0283212881076014,35.78584375283073
2828,28.28,0.9198538933555529,37.179219216116664
2829,28.29,0.8338384418063515,37.0985555641142
2830,28.3,0.8027022618998696,38.36229441114672
2831,28.310000000000002,0.8749662948525293,36.99996937681189
2832,28.32,0.7184605043159145,39.35800849815655
2833,28.330000000000002,0.9138059746693046,36.72828994689833
2834,28.34,0.9661010812448656,38.18641126478586
2835,28.35,0.9557296254893289,36.9033310042682
2836,28.36,1.0000612648560325,38.13048502780969
2837,28.37,1.0963228719494915,38.65615031883537
2838,28.38,1.0879334879116898,37.42097163885987
2839,28.39,1.1970669499628008,37.26983018402925
2840,28.400000000000002,1.0625380947524576,39.52869257559494
2841,28.41,1.0273314061358665,38.170864477492316
2842,28.42,1.0053810479074727,39.409725232222904
2843,28.43,1.0102761149756339,38.03422144829424
2844,28.44,1.0111527554235702,37.14981941899195
2845,28.45,1.0999043573878156,35.7150221690995
2846,28.46,0.9194205147191847,36.971440822657016
2847,28.47,1.0320602260619538,39.49109445143883
2848,28.48,0.8314108555396883,37.80702513336837
2849,28.490000000000002,1.044068167261789,37.581905648854004
2850,28.5,1.0322032516703474,37.08163566426106
2851,28.51,1.0905689817611073,36.133551645519084
2852,28.52,1.1350564751505108,37.558976114580794
2853,28.53,0.8521697168664186,36.2826107184366
2854,28.54,0.8172676901192155,38.56400390376451
2855,28.55,1.0683144715069905,38.21270641233789
2856,28.560000000000002,1.0253691163147458,38.51903157098876
2857,28.57,1.1156842365414237,38.45329122934719
2858,28.580000000000002,1.0704966620570986,36.64384853647411
2859,28.59,1.2416872033483706,37.98317671675504
2860,28.6,0.9656560660061113,38.98555804910902
2861,28.61,0.8504591277822473,36.75215189764711
2862,28.62,1.1359063343744817,36.7298242276375
2863,28.63,1.0210443025366527,36.89265819305784
2864,28.64,0.9732012526194106,38.04933828325022
2865,28.650000000000002,1.2751592135140482,37.9463392209996
2866,28.66,1.1309875426296947,37.738304307824016
2867,28.67,1.1878389056098355,38.247156088192
2868,28.68,0.9692216740954466,35.767416136418966
2869,28.69,1.104707131327782,37.076564531407726
2870,28.7,1.1314621388354644,36.503633215398594
2871,28.71,1.177622304725061,36.60821022883763
2872,28.72,1.0662504318121584,36.5273579322742
2873,28.73,0.921462391543034,36.29162112909534
2874,28.740000000000002,1.069992549791433,36.80246754748355
2875,28.75,1.3773646395636032,38.27968373603567
2876,28.76,1.1983719566063393,36.57893862872024
2877,28.77,1.4844845487824054,39.316301680227554
2878,28.78,1.107091563500256,36.61347279489162
2879,28.79,1.066270379033867,36.241126378590465
2880,28.8,0.989585357226648,36.47566996777023
2881,28.810000000000002,1.2339025732786604,38.190922146770816
2882,28.82,1.0123923517149103,37.308810905688134
2883,28.830000000000002,1.0899364234299647,39.38427067470962
2884,28.84,1.1966047359292882,37.75059631549873
2885,28.85,0.9742602350175334,36.18516158103884
2886,28.86,1.2520031640878626,36.97027149086068
2887,28.87,1.1167921865436532,36.9696076323438
2888,28.88,1.1683255897810578,35.99314446203795
2889,28.89,1.269063222141782,36.79156856206811
2890,28.900000000000002,0.9835750806091802,38.86411148071528
2891,28.91,1.169140751091076,38.02486614928333
2892,28.92,1.3363721859112896,37.134244495144
2893,28.93,1.3503774424385857,37.23722913450645
2894,28.94,1.0454809860724226,37.83452854631098
2895,28.95,1.327364696430008,35.95370746344533
2896,28.96,1.321132945401017,37.82813245169183
2897,28.97,1.247507763939972,37.41560442318622
2898,28.98,1.2998309276589004,38.73370064463025
2899,28.990000000000002,1.0691447740016446,37.35813624143313
2900,29.0,1.1411016486806893,39.1354901655368
2901,29.01,1.2090053530328573,36.84767651942534
2902,29.02,1.4261749573997702,38.470487184205794
2903,29.03,1.2201809615357089,37.27381994657763
2904,29.04,1.1710631106731875,37.65233706692285
2905,29.05,1.3056425938322747,37.01494813386213
2906,29.060000000000002,1.0705837168039176,37.82675923225908
2907,29.07,1.1634635629578645,38.68135100493288
2908,29.080000000000002,1.2124474125911642,37.60302284708852
2909,29.09,1.1424480872183502,39.11916496376692
2910,29.1,1.1895144585250816,38.04945805791226
2911,29.11,1.1661768108907822,38.290272858054855
2912,29.12,1.165969248622294,38.53697693860021
2913,29.13,1.3343385582077918,38.50336604567338
2914,29.14,1.2616295593424791,35.70843567957173
2915,29.150000000000002,1.3202146718871814,37.421310774243494
2916,29.16,1.2030308860971703,36.50535087927115
2917,29.17,1.3300203963211599,37.5324385145558
2918,29.18,1.333981952103449,38.419524111554956
2919,29.19,1.1087380145054253,36.738463937775215
2920,29.2,1.2520640857162675,38.16260462484703
2921,29.21,1.2786256154921132,37.83677694726205
2922,29.22,1.358785313423542,39.02349523479426
2923,29.23,1.0726572178284273,35.30119303788976
2924,29.240000000000002,1.2063999434991712,36.47906046903422
2925,29.25,1.3251506238196342,38.515412128721
2926,29.26,1.1625606174760765,38.005925083893295
2927,29.27,1.2914849145003362,38.35645068740565
2928,29.28,1.2100594541583582,38.503256612864114
2929,29.29,1.375636789624102,36.92263933568316
2930,29.3,1.2884171548630703,36.52658765666519
2931,29.310000000000002,1.2927094645590218,39.280531285253424
2932,29.32,1.030593680784557,38.00282814094525
2933,29.330000000000002,1.14738552146434,36.563387453285266
2934,29.34,1.1897277381112386,38.28474538188224
2935,29.35,1.3329617216130902,36.722383739323384
2936,29.36,1.2188960943189284,38.290962813789356
2937,29.37,1.392145927235373,35.95718736292239
2938,29.38,1.1691346552406943,37.04571492775737
2939,29.39,1.2168116871862404,38.625215108751725
2940,29.400000000000002,1.291450563121807,37.73381056598295
2941,29.41,1.2063705285518351,38.23139924093551
2942,29.42,1.3287822100729074,37.555584108481455
2943,29.43,1.2845983852837775,36.94697314268194
2944,29.44,1.3168464701542508,38.50543210380851
2945,29.45,1.275224139561373,38.12496903578301
2946,29.46,1.3101755731854654,39.04439218136487
2947,29.47,1.290316473142916,37.681957142410376
2948,29.48,1.0985257504067396,37.702360220439445
2949,29.490000000000002,1.2869315244718573,37.35658115304381
2950,29.5,1.2297400630974231,35.38929352065542
2951,29.51,1.291523959284313,38.6928658588034
2952,29.52,1.212371187629969,38.27794226782184
2953,29.53,1.1801511059583922,38.43582621757064
2954,29.54,1.411307264198524,37.95009262658243
2955,29.55,1.2600109139258302,37.45133514143432
2956,29.560000000000002,1.2134950129459057,38.3315509172901
2957,29.57,1.232311253360708,37.399313301448245
2958,29.580000000000002,1.1658445248946308,38.083193059624044
2959,29.59,1.353944204353064,37.68772193568167
2960,29.6,1.2571744904479654,36.84653659692428
2961,29.61,1.1934743934490675,36.15107461667263
2962,29.62,1.272540844495139,37.06099970494713
2963,29.63,1.2518253206119225,37.4936113120065
2964,29.64,1.1436102353081152,39.23825591049817
2965,29.650000000000002,1.3312536055959951,39.88730765670483
2966,29.66,1.3345291690097791,36.56806417152901
2967,29.67,1.3350002392606044,37.090437711294705
2968,29.68,1.3054217833673076,37.926101747945104
2969,29.69,1.3099813821700195,38.99383498793584
2970,29.7,1.2178180022442076,36.62827986273273
2971,29.71,1.2160799847834491,38.0251430595344
2972,29.72,1.314373796900736,37.778009060297315
2973,29.73,1.205650485218576,37.18245064404094
2974,29.740000000000002,1.3142784678480344,38.58596918889471
2975,29.75,1.3026834558525753,36.40883291151776
2976,29.76,1.2770354408373072,37.17384417875025
2977,29.77,1.192688750797141,38.42304270946808
2978,29.78,1.461229827353309,38.311537521482
2979,29.79,1.1522497152096705,40.85995442285024
2980,29.8,1.1230555509735227,36.34509376077538
2981,29.810000000000002,1.32505591131832,38.42232904456477
2982,29.82,1.2474607680892849,36.58427761430008
2983,29.830000000000002,1.4205967072254078,38.620389639157615
2984,29.84,1.2480358792387076,36.624803735711126
2985,29.85,1.2253200140430542,37.039155647135125
2986,29.86,1.3058948204106235,36.99416291013631
2987,29.87,1.1867168316714156,37.07954392940337
2988,29.88,1.1445211820780137,39.39052984742352
2989,29.89,1.166483119932531,37.86228601511191
2990,29.900000000000002,1.038233631225012,36.03848928778996
2991,29.91,1.208816863934825,38.513300244748415
2992,29.92,1.3227915291425487,38.86940592541288
2993,29.93,1.2359982694553846,36.40012164878241
2994,29.94,1.313330402529028,36.907450664346364
2995,29.95,1.260842918554526,38.049335646693116
2996,29.96,1.2500677943455327,37.66302072041134
2997,29.97,1.1935109698939474,37.25865668061288
2998,29.98,1.1773044493827416,36.70753312773497
2999,29.990000000000002,1.0819832239555827,35.89779941330855
