,t,x,y
0,0.0,5.601367900848733,1.8385642294768847
1,0.01,5.581816631061817,1.9393044775218469
2,0.02,5.55016903804572,2.0174376909721716
3,0.03,5.525351527592477,2.0360712598186743
4,0.04,5.502751108816156,2.1073550747867213
5,0.05,5.4787294649354426,2.062379959046014
6,0.06,5.458769770778571,2.1793674078559597
7,0.07,5.433243265083506,2.23004973291437
8,0.08,5.408425203779078,2.3075252339545274
9,0.09,5.3971990470935,2.3681679150760715
10,0.1,5.371873792543547,2.389047285992634
11,0.11,5.3555296397677425,2.456186121383154
12,0.12,5.335564918735815,2.558329680171213
13,0.13,5.311968580818454,2.6090911362036695
14,0.14,5.29020844807193,2.57598395701734
15,0.15,5.274148913733954,2.661365700621378
16,0.16,5.253808190600833,2.718674704386777
17,0.17,5.247296245811204,2.803434421582321
18,0.18,5.2202835532814085,2.779455574061794
19,0.19,5.207601932143045,2.9290297802988565
20,0.2,5.188128702775207,2.91874104139389
21,0.21,5.174951877441296,3.0233384010338895
22,0.22,5.166197361992607,3.0497030932371625
23,0.23,5.142329178696008,3.0649227635018224
24,0.24,5.131300676609529,3.189653357875132
25,0.25,5.129764291434826,3.233939886569769
26,0.26,5.103362165468977,3.325203524665739
27,0.27,5.096996617806183,3.2950249173184414
28,0.28,5.085962536975159,3.426491572946373
29,0.29,5.07550685413214,3.453459440241324
30,0.3,5.062525204622573,3.450464703552363
31,0.31,5.064021124803019,3.535400183844292
32,0.32,5.051784252637128,3.580799885931799
33,0.33,5.030911237582512,3.6830373579225597
34,0.34,5.0297970452950675,3.679661588249258
35,0.35000000000000003,5.031728293496095,3.7445408241071476
36,0.36,5.016037552330347,3.827101864615937
37,0.37,5.006719549029545,3.9002555915799544
38,0.38,5.007148072761796,3.9062082498757804
39,0.39,5.002913925038912,3.9698080080978757
40,0.4,4.99297412139722,4.025199723511225
41,0.41000000000000003,4.985449235162053,4.07981525359343
42,0.42,4.983447623117923,4.116384519742681
43,0.43,4.982409873348207,4.246428091567424
44,0.44,4.975642503872968,4.270104312786668
45,0.45,4.97133446258556,4.277932307568093
46,0.46,4.966522849626348,4.339333877544211
47,0.47000000000000003,4.965059988471163,4.32057062513224
48,0.48,4.960808531380882,4.36969870047032
49,0.49,4.954350717424899,4.514679720546789
50,0.5,4.952010420349879,4.526256209441249
51,0.51,4.94939950086016,4.59480361073307
52,0.52,4.947770852351958,4.6279879044767505
53,0.53,4.946587026921534,4.736925791358055
54,0.54,4.943597289651937,4.706093594482995
55,0.55,4.934733751667589,4.719298502973885
56,0.56,4.935330466453234,4.820675731709434
57,0.5700000000000001,4.935826757863548,4.865602994976543
58,0.58,4.934550680289002,4.879865880331752
59,0.59,4.931669819247337,4.954695746759926
60,0.6,4.930287090312394,5.060926860024184
61,0.61,4.9290965746611235,5.071051942308499
62,0.62,4.922770538991518,5.2043007769746605
63,0.63,4.921512482756754,5.161699922864393
64,0.64,4.9282535312746365,5.188709198228959
65,0.65,4.91641013903418,5.265849067727808
66,0.66,4.914687941330207,5.311754477343269
67,0.67,4.9100280870581114,5.399534567087172
68,0.68,4.910573511753785,5.424754624402609
69,0.6900000000000001,4.908972909791049,5.397806552956252
70,0.7000000000000001,4.908759122534553,5.4922460894461596
71,0.71,4.905426726453705,5.600311339444948
72,0.72,4.893209398193021,5.551506293033932
73,0.73,4.890239497994209,5.611756686325399
74,0.74,4.882120521634852,5.713492478083037
75,0.75,4.880390637740605,5.647874130085578
76,0.76,4.878479388335941,5.754405537604681
77,0.77,4.869212897704974,5.845417243244211
78,0.78,4.8664441052501015,5.8561332689046655
79,0.79,4.855555133059879,5.916740962351092
80,0.8,4.845282604798912,5.947621364793356
81,0.81,4.833529506562197,6.029257335913737
82,0.8200000000000001,4.8314338792733205,5.999398639779127
83,0.8300000000000001,4.823201707727671,6.06640458456991
84,0.84,4.811361534216446,6.097201603928674
85,0.85,4.801097437065159,6.174373038689937
86,0.86,4.782746568704002,6.249345123126441
87,0.87,4.776917265764585,6.24892439834881
88,0.88,4.76480368810991,6.290961993308425
89,0.89,4.753530575925134,6.390628069994973
90,0.9,4.740627302883217,6.40813536208658
91,0.91,4.723901360071808,6.525483700068759
92,0.92,4.709783720141173,6.5409922652239745
93,0.93,4.697366694774322,6.576958607444015
94,0.9400000000000001,4.682062261378812,6.611482950071494
95,0.9500000000000001,4.667503825071756,6.573217229310838
96,0.96,4.651639202410598,6.695736304661482
97,0.97,4.63187215143706,6.727235827313196
98,0.98,4.625099579701488,6.781756842180442
99,0.99,4.606056326891552,6.798454724589782
100,1.0,4.591711292221784,6.8487177360161295
101,1.01,4.577862219303791,6.901354172018419
102,1.02,4.560196891824604,6.874716304886055
103,1.03,4.544211385997659,6.976622494764574
104,1.04,4.525899927886054,7.050551039714528
105,1.05,4.505422942408184,7.081092426780707
106,1.06,4.490769864757177,7.117793305910556
107,1.07,4.469363509536395,7.196950255710374
108,1.08,4.453606033702576,7.2131592279812935
109,1.09,4.4375711256453725,7.251326204419259
110,1.1,4.42235468033946,7.304358976593628
111,1.11,4.397571545571315,7.335628747152069
112,1.12,4.3819012127545856,7.437186738214802
113,1.1300000000000001,4.361514939046994,7.462093706558856
114,1.1400000000000001,4.34835260088178,7.460081792674064
115,1.1500000000000001,4.323627086350255,7.504220273259067
116,1.16,4.304387780040189,7.560617422783767
117,1.17,4.291033945552144,7.663644468940415
118,1.18,4.277175799520673,7.691588287855776
119,1.19,4.2499327894194625,7.669144638793354
120,1.2,4.23527501958177,7.671524434311241
121,1.21,4.214509819137111,7.751894311544945
122,1.22,4.197914233418187,7.786324096401603
123,1.23,4.175000073997914,7.897065350132107
124,1.24,4.152022983494234,7.828512675006703
125,1.25,4.141057172897545,7.964201135478834
126,1.26,4.12279739336605,7.973912691774216
127,1.27,4.108742491371908,8.0484949799338
128,1.28,4.092293713504157,8.062109413334772
129,1.29,4.07031815767317,8.11988200893421
130,1.3,4.055918719025332,8.18611079975872
131,1.31,4.03765687956288,8.210593790294908
132,1.32,4.0216418413403305,8.208196380762187
133,1.33,4.008340045013114,8.21425001241213
134,1.34,3.9844967216411473,8.317211106192781
135,1.35,3.9681781095893194,8.363886277121283
136,1.36,3.943140855206974,8.4225797882321
137,1.37,3.936343501914297,8.376150469119226
138,1.3800000000000001,3.921018698854144,8.488280006221256
139,1.3900000000000001,3.9010756479058264,8.513770142982505
140,1.4000000000000001,3.8905511533369084,8.520445850833408
141,1.41,3.868838722329387,8.604556221487837
142,1.42,3.8555460854835717,8.607128163492494
143,1.43,3.8377171095191023,8.664882540723672
144,1.44,3.8228913611648614,8.720476154688626
145,1.45,3.816212544773582,8.762975977368434
146,1.46,3.7874414041117315,8.803333245754178
147,1.47,3.782860621337905,8.831754689580524
148,1.48,3.76666658525599,8.835952652033669
149,1.49,3.759933226066925,8.915270355491229
150,1.5,3.7479112395373746,8.934587896121446
151,1.51,3.728163508572632,9.01331898546189
152,1.52,3.7174728861656186,8.991260661780089
153,1.53,3.706636313770435,9.04295202485962
154,1.54,3.7017677535963878,9.184623638959906
155,1.55,3.691712527381378,9.107357544074793
156,1.56,3.6792187386394817,9.177179145479109
157,1.57,3.6735466408879547,9.180382318096965
158,1.58,3.6630863283647424,9.293670529341158
159,1.59,3.655569864716543,9.299712936614721
160,1.6,3.651217570796106,9.399393861513248
161,1.61,3.636182622992307,9.430831600638394
162,1.62,3.635329331462938,9.388208205620275
163,1.6300000000000001,3.6257571625865874,9.463654882773433
164,1.6400000000000001,3.6101018325109955,9.507379821891373
165,1.6500000000000001,3.6136304406264594,9.541508099061032
166,1.6600000000000001,3.611747723760494,9.623032284993556
167,1.67,3.6059149223520914,9.633259877686925
168,1.68,3.598793760317316,9.650890024411115
169,1.69,3.5933119941335656,9.673564804702222
170,1.7,3.594778076058584,9.766434110310758
171,1.71,3.5914841792476855,9.783602402915648
172,1.72,3.5831600299473334,9.768816867058405
173,1.73,3.5860426471095557,9.812541495531775
174,1.74,3.5803368159795976,9.846063490468566
175,1.75,3.5833453378252784,9.984367305269814
176,1.76,3.5758983613674418,9.942062801200235
177,1.77,3.5811675351633503,10.032562183085023
178,1.78,3.5800428320265207,10.062689223867507
179,1.79,3.575425871067009,10.078292594365836
180,1.8,3.574233049497941,10.136439017889028
181,1.81,3.574482724499002,10.164143706852533
182,1.82,3.577212284322674,10.217046642872615
183,1.83,3.5796774937607014,10.279512506950093
184,1.84,3.580685985688502,10.231874284594925
185,1.85,3.5822111812032515,10.273580173472574
186,1.86,3.579492695731758,10.33381098759518
187,1.87,3.5826786510609203,10.36761561991942
188,1.8800000000000001,3.581498448916898,10.459962575347392
189,1.8900000000000001,3.582814367430583,10.437416321218947
190,1.9000000000000001,3.5913968378929484,10.551592732027524
191,1.9100000000000001,3.5858855636418263,10.527730593047842
192,1.92,3.5929172400221425,10.611437235509852
193,1.93,3.595508565205416,10.568008321009653
194,1.94,3.596758706369185,10.635086775291882
195,1.95,3.59500991166048,10.640884542965125
196,1.96,3.6004626924738736,10.764389681558999
197,1.97,3.6039821158947616,10.71114572280431
198,1.98,3.6110633403536014,10.808265083710104
199,1.99,3.608069895821161,10.803997410362642
200,2.0,3.620115951309144,10.874997732516336
201,2.0100000000000002,3.6164151295651203,10.8694222541553
202,2.02,3.62302016645229,10.941704204739285
203,2.0300000000000002,3.6206694563216373,10.972566878251302
204,2.04,3.624271593437963,10.98057602836794
205,2.05,3.633445566914077,11.02950246149592
206,2.06,3.627338167643655,11.122897906913275
207,2.07,3.6365788128284917,11.099480276985531
208,2.08,3.648456845731356,11.126423426109211
209,2.09,3.6440358046060917,11.199304211786917
210,2.1,3.6450775436397165,11.212842459042148
211,2.11,3.6479661565113553,11.251669324559035
212,2.12,3.6541949818592396,11.338371167534074
213,2.13,3.658556902566708,11.299627638051202
214,2.14,3.6589892444112664,11.376317422450532
215,2.15,3.660784580628182,11.456565422044763
216,2.16,3.6668842928092804,11.43732062250424
217,2.17,3.671414028415651,11.509547362503492
218,2.18,3.6720570885487596,11.539280537960208
219,2.19,3.672880023231101,11.539596204271032
220,2.2,3.6735512993901014,11.560384308667668
221,2.21,3.6779257114346615,11.527902672169063
222,2.22,3.6812352699957813,11.684525333013173
223,2.23,3.677395505687399,11.64583616254513
224,2.24,3.6778611267355097,11.76835105398737
225,2.25,3.6795412186482017,11.729169956076161
226,2.2600000000000002,3.68086767987599,11.79761431544584
227,2.27,3.683895737128252,11.802238873273804
228,2.2800000000000002,3.6878679562200625,11.859337609962989
229,2.29,3.6827587071531176,11.828421526979403
230,2.3000000000000003,3.6773123862700903,11.873741805020686
231,2.31,3.683062093901867,11.940350495275839
232,2.32,3.688339191136448,11.98467722269947
233,2.33,3.6888797909802293,11.988343939162025
234,2.34,3.686349705460932,12.09280248079187
235,2.35,3.681813321184058,12.093686599455554
236,2.36,3.676475841137906,12.107009388396717
237,2.37,3.6693807525669286,12.169126703551363
238,2.38,3.6711635101385394,12.147141231711919
239,2.39,3.665209410191939,12.233306134833697
240,2.4,3.6655691943760855,12.267541442807893
241,2.41,3.655496016386678,12.289225881609303
242,2.42,3.653552651079497,12.323048093901988
243,2.43,3.650060078322711,12.44010467977103
244,2.44,3.6418898279527023,12.375072381829836
245,2.45,3.644866573784041,12.435773974553397
246,2.46,3.6376231490223434,12.49637999706223
247,2.47,3.625962499723588,12.500082778942767
248,2.48,3.6282620260504173,12.501204307538156
249,2.49,3.619124519297883,12.571853856347845
250,2.5,3.6130017992379257,12.580380264392046
251,2.5100000000000002,3.6069266336685586,12.677771167731493
252,2.52,3.592998940503522,12.659226560290318
253,2.5300000000000002,3.5951984348466617,12.68556140901519
254,2.54,3.5804126639733544,12.730049380000294
255,2.5500000000000003,3.5734785737147683,12.777569736446221
256,2.56,3.563415709990325,12.814195961086602
257,2.57,3.55894248951196,12.826879840110534
258,2.58,3.546439322390609,12.943850362138738
259,2.59,3.537610924685862,12.919587873750745
260,2.6,3.5257032577674385,12.908882444222776
261,2.61,3.5138313323852897,13.015726657130996
262,2.62,3.510052047390404,12.943671174001809
263,2.63,3.497706186664455,13.05812527798506
264,2.64,3.4882910190123444,13.02904909280565
265,2.65,3.471213933934962,13.052359831342786
266,2.66,3.4596995902316596,13.13154508336759
267,2.67,3.452178212765983,13.158554129754267
268,2.68,3.4330895407725834,13.187694094770354
269,2.69,3.4305822494291585,13.217108873269392
270,2.7,3.4158084608356014,13.257086071058295
271,2.71,3.4129234947497014,13.284949331865715
272,2.72,3.391585654788618,13.30484243990242
273,2.73,3.379544996541205,13.316131462987448
274,2.74,3.3648638749832944,13.359215582576763
275,2.75,3.3554396002037645,13.40163460645218
276,2.7600000000000002,3.3399956541640896,13.468869324162013
277,2.77,3.3278818025180246,13.507392527385308
278,2.7800000000000002,3.3136468020167285,13.547742560142174
279,2.79,3.3044536402712064,13.52001622080548
280,2.8000000000000003,3.292539463599639,13.613228417647948
281,2.81,3.272391970021162,13.616947104548172
282,2.82,3.2614076391024645,13.64779344626144
283,2.83,3.2482361120979886,13.706811732119105
284,2.84,3.2331002378630673,13.70291139015086
285,2.85,3.2151041115774674,13.723399696152754
286,2.86,3.1990253454408104,13.729088063476087
287,2.87,3.183917214708616,13.789980839961054
288,2.88,3.167894288822312,13.801642432161238
289,2.89,3.1525788074273198,13.83503311874076
290,2.9,3.145475645441281,13.887449632872466
291,2.91,3.128522959210654,13.966218196516612
292,2.92,3.11051470923556,13.938050950295846
293,2.93,3.097786019358128,13.975631451945414
294,2.94,3.0908295962336414,13.998939364295751
295,2.95,3.064804008849266,13.980804735016166
296,2.96,3.0553180957239445,14.024491064597788
297,2.97,3.033734240520261,14.051397112408223
298,2.98,3.024553415172165,14.122671015302725
299,2.99,3.0102011837532845,14.12368330167894
300,3.0,2.9942155408690434,14.179004007495072
301,3.0100000000000002,2.978300596320523,14.21474644613259
302,3.02,2.9702538927652027,14.239049137849218
303,3.0300000000000002,2.9468320948384616,14.303021958744033
304,3.04,2.939264889927353,14.348908038408101
305,3.0500000000000003,2.9164251409896473,14.298031884378577
306,3.06,2.909651921048375,14.380804703554087
307,3.0700000000000003,2.894054631055352,14.377326452222945
308,3.08,2.8825030708311585,14.446036643252828
309,3.09,2.8602517265555747,14.42849051081555
310,3.1,2.8398153615843085,14.544886998975887
311,3.11,2.8358098063707926,14.468514468575831
312,3.12,2.817108957595975,14.537133035854813
313,3.13,2.8114528719672145,14.608913520406277
314,3.14,2.79959213843719,14.578423211634965
315,3.15,2.781751691935529,14.627005653149103
316,3.16,2.769298445489593,14.665873051466402
317,3.17,2.7629600409131685,14.697670324085486
318,3.18,2.744165862825303,14.694892073053257
319,3.19,2.737745785476503,14.777607094372694
320,3.2,2.7224230417280486,14.80750362591719
321,3.21,2.714994119848666,14.773673075738639
322,3.22,2.6961525398782276,14.769132085983268
323,3.23,2.686497944921241,14.852220613252877
324,3.24,2.6759426442405134,14.823471040426998
325,3.25,2.6662487190196402,14.939787842195546
326,3.2600000000000002,2.651862965925994,14.9539252797633
327,3.27,2.645890801848992,14.994748195337317
328,3.2800000000000002,2.634547862681392,14.990806064269739
329,3.29,2.6247330434623937,15.01581280838468
330,3.3000000000000003,2.618824031596081,15.070412046552145
331,3.31,2.6066555031034864,15.0741926287444
332,3.3200000000000003,2.6001214405759687,15.16635303860568
333,3.33,2.586089308955966,15.132064890713135
334,3.34,2.5783061460825527,15.167764976564765
335,3.35,2.568188942752915,15.209715757441705
336,3.36,2.5615766184920723,15.303818356667618
337,3.37,2.550374715147588,15.31739237026052
338,3.38,2.5481415274123864,15.299568482284613
339,3.39,2.5439118090269233,15.382060619642115
340,3.4,2.532790389141445,15.298441338601775
341,3.41,2.5354640795547105,15.389383276064683
342,3.42,2.5232857589796724,15.417124931723908
343,3.43,2.5222116605955582,15.463826289064182
344,3.44,2.510840084883892,15.463124662895655
345,3.45,2.512315179475448,15.556693285412036
346,3.46,2.5066269940560795,15.519645970673746
347,3.47,2.4947464121121894,15.543895315788411
348,3.48,2.4968826688010837,15.581012319056617
349,3.49,2.492011460584144,15.626927570769679
350,3.5,2.4841158904641354,15.635420330607797
351,3.5100000000000002,2.4808399387267532,15.66991665535273
352,3.52,2.484872836343756,15.7548672270924
353,3.5300000000000002,2.4745982644122226,15.764572229215739
354,3.54,2.477538726434461,15.819566173674586
355,3.5500000000000003,2.477537057641135,15.823631518739521
356,3.56,2.4602980268161887,15.87641045053699
357,3.5700000000000003,2.468917140966167,15.856314641401376
358,3.58,2.4685410108729995,15.867321686974051
359,3.59,2.4683188508904945,15.9288989067622
360,3.6,2.464409109536221,15.959599223527897
361,3.61,2.4679502341264534,16.002772920273458
362,3.62,2.468419643155916,15.99212252514857
363,3.63,2.463751190459985,16.04245573018835
364,3.64,2.461259552047331,16.110212376132516
365,3.65,2.460750465959077,16.077895348171584
366,3.66,2.463825935768774,16.059452455503543
367,3.67,2.4704573950180646,16.17013888875139
368,3.68,2.4694791648181873,16.187146883686083
369,3.69,2.473393999171971,16.232340967882028
370,3.7,2.472111137789243,16.190403736112422
371,3.71,2.474850289057761,16.25063159111167
372,3.72,2.4722940155311384,16.297100976275846
373,3.73,2.479576200799849,16.307637294313757
374,3.74,2.473280217710814,16.325057956848575
375,3.75,2.4912417992485723,16.387657056839977
376,3.7600000000000002,2.48717636518031,16.39995168048954
377,3.77,2.4911401563445446,16.370029344444934
378,3.7800000000000002,2.4952559206069176,16.422563355668746
379,3.79,2.5051463016291398,16.521149735601664
380,3.8000000000000003,2.5036239044632924,16.47579214524636
381,3.81,2.5058156994597174,16.52153130975715
382,3.8200000000000003,2.512948063359537,16.55272981651253
383,3.83,2.5134562367461166,16.582541123391678
384,3.84,2.5178899730322923,16.562185138338066
385,3.85,2.5220407307125448,16.755254171295075
386,3.86,2.5353911830945104,16.700344899148483
387,3.87,2.5337752010220145,16.67361805150508
388,3.88,2.5422949752503325,16.763198681656117
389,3.89,2.542877806189244,16.72937147975452
390,3.9,2.5481821854156377,16.79741246964286
391,3.91,2.5601846679699074,16.79976863713391
392,3.92,2.5635784031653754,16.844743299818873
393,3.93,2.570293202189371,16.825274046856176
394,3.94,2.576423607008179,16.949560122700817
395,3.95,2.584433694189479,16.91517968771046
396,3.96,2.59207369306947,16.91101761824283
397,3.97,2.59296690488823,16.9696814953259
398,3.98,2.60351226942742,17.046970504150707
399,3.99,2.6062991792253833,16.99261162365325
400,4.0,2.6110448892477387,17.00639848466302
401,4.01,2.6229752656533187,17.061223685074463
402,4.0200000000000005,2.6287735805888928,17.120742758978217
403,4.03,2.6280828151967635,17.13768731037385
404,4.04,2.6375868004850815,17.114656958718488
405,4.05,2.6449347602040065,17.169387734123635
406,4.0600000000000005,2.65199553494799,17.126307168387896
407,4.07,2.6550807204146913,17.271974779177498
408,4.08,2.6670791644890075,17.28150577193043
409,4.09,2.6734685196348,17.301633334056824
410,4.1,2.675301469349688,17.316649114226657
411,4.11,2.680730837297335,17.344234360654514
412,4.12,2.699156155010859,17.40941943577106
413,4.13,2.6954999553902037,17.437241812154646
414,4.14,2.7106797261590505,17.467752537472137
415,4.15,2.7050432363853516,17.492020166882412
416,4.16,2.721330539554287,17.522003461776645
417,4.17,2.721501258604185,17.522910140322026
418,4.18,2.730546777186479,17.556245558174265
419,4.19,2.7279546228824643,17.625968526511556
420,4.2,2.7380495464193366,17.602093908090435
421,4.21,2.7484581338613405,17.59156493094511
422,4.22,2.7507958435393545,17.62626990735221
423,4.23,2.755183980320853,17.601693507577938
424,4.24,2.7649557376097555,17.740512452283394
425,4.25,2.769562361984587,17.748412081486293
426,4.26,2.77330405752477,17.69622640941051
427,4.2700000000000005,2.77783176884939,17.740878109107957
428,4.28,2.7863063149509117,17.83967632562784
429,4.29,2.790423153381388,17.827519811980565
430,4.3,2.7883607288480214,17.80872924148199
431,4.3100000000000005,2.794983279881878,17.846751912841157
432,4.32,2.7960230486834146,17.86992416966925
433,4.33,2.8030952610191475,17.94202492326982
434,4.34,2.806140243138077,18.007946512246242
435,4.3500000000000005,2.810694505029507,18.00482764720857
436,4.36,2.816163001625716,18.03782035330251
437,4.37,2.817636260924575,18.00675470298179
438,4.38,2.8163553286748852,18.05319346037052
439,4.39,2.8267255116581267,18.14040553650024
440,4.4,2.825114147720111,18.109067222732886
441,4.41,2.8363615257963497,18.16808005910036
442,4.42,2.828046333935981,18.120560089271148
443,4.43,2.833485515515001,18.141045321110816
444,4.44,2.8375905120383433,18.205732391782604
445,4.45,2.838272414065991,18.207386351082086
446,4.46,2.842310386049558,18.258070745763074
447,4.47,2.8460413425523203,18.30597701314225
448,4.48,2.8464505005726135,18.285173089500834
449,4.49,2.8409492791407587,18.312585463458028
450,4.5,2.8460050986028027,18.32434658654548
451,4.51,2.8445930522860876,18.38778249263635
452,4.5200000000000005,2.8450840149962953,18.362607806226343
453,4.53,2.8439233379472824,18.395968455282368
454,4.54,2.8383855599492054,18.495602746929755
455,4.55,2.8467867367701385,18.492812674031516
456,4.5600000000000005,2.844914414325784,18.466503959174446
457,4.57,2.8453693283800265,18.536024448890497
458,4.58,2.8423077002856436,18.535442235642996
459,4.59,2.844123962744983,18.51844385637675
460,4.6000000000000005,2.844538736345237,18.658378716995436
461,4.61,2.838706319554503,18.639999129541813
462,4.62,2.838409601434583,18.677439698704873
463,4.63,2.8311114797584596,18.683868269746647
464,4.64,2.825070303763298,18.719662199339673
465,4.65,2.831295791540366,18.768332385641894
466,4.66,2.823927213303671,18.75768256817364
467,4.67,2.8218782013080976,18.813725514065098
468,4.68,2.8187836416295378,18.79475915767501
469,4.69,2.8153840640343955,18.810602478611713
470,4.7,2.811165572536479,18.827715481210692
471,4.71,2.804724793781178,18.879596155210294
472,4.72,2.798388866506095,18.94162189182598
473,4.73,2.797280664228396,18.93068667744216
474,4.74,2.7866221809446965,18.98491412044074
475,4.75,2.788004373225991,19.015782800771955
476,4.76,2.785448077467694,18.973313847155
477,4.7700000000000005,2.780734405466697,18.971692435481454
478,4.78,2.7740621327399517,19.039955175832194
479,4.79,2.7645050586242252,19.043059111104427
480,4.8,2.761956607585079,19.101329274977015
481,4.8100000000000005,2.7586475205693257,19.116083497956005
482,4.82,2.745975676570648,19.167769645567194
483,4.83,2.7396075406789264,19.185471694346607
484,4.84,2.7296036685060634,19.195753535092017
485,4.8500000000000005,2.728850101677312,19.1607294606736
486,4.86,2.7168986640464747,19.228217652579527
487,4.87,2.7040134941958973,19.22728727129404
488,4.88,2.7009586894081865,19.344556211286374
489,4.89,2.697435428387177,19.29455729539535
490,4.9,2.681597023357652,19.30025917796353
491,4.91,2.674964838190771,19.345269158133195
492,4.92,2.667737260908956,19.365456723552718
493,4.93,2.656760349825293,19.39511569046539
494,4.94,2.6493838093334,19.431378244616297
495,4.95,2.638508197586711,19.461855283193533
496,4.96,2.634164331398383,19.478544131422662
497,4.97,2.615705924300126,19.52806079637172
498,4.98,2.6112063603414306,19.5009462575759
499,4.99,2.5975722578374802,19.558051121788544
500,5.0,2.5928472400941756,19.60272257174636
501,5.01,2.5834941060757575,19.578539957717787
502,5.0200000000000005,2.5752198295990354,19.6192714128208
503,5.03,2.5652765018993855,19.683473903529944
504,5.04,2.548126582298278,19.639165033104344
505,5.05,2.5341090241145525,19.740914707726617
506,5.0600000000000005,2.527802643379237,19.72045055974975
507,5.07,2.5180263419097497,19.692692194827572
508,5.08,2.5031064746684244,19.759102391499503
509,5.09,2.495448179625807,19.78781755217529
510,5.1000000000000005,2.4908987771892397,19.873761500865424
511,5.11,2.4793310419582637,19.770134112919656
512,5.12,2.4649262156417175,19.834248090954624
513,5.13,2.4566637008081016,19.898973332021484
514,5.14,2.439946155342864,19.881729488979122
515,5.15,2.4288892365558667,19.940450763755273
516,5.16,2.4152899907380423,19.959711033229407
517,5.17,2.4114288907455883,19.949039562881058
518,5.18,2.395431481825721,20.03051092949889
519,5.19,2.378020390926586,20.025790442024757
520,5.2,2.368438939452682,20.017759870369815
521,5.21,2.353692413158406,20.0432161742353
522,5.22,2.34843601601075,20.0442015744106
523,5.23,2.34056910450298,20.11239414379546
524,5.24,2.3205163059603424,20.06711795818454
525,5.25,2.306050904639509,20.161085375676567
526,5.26,2.29548734055513,20.123120656535438
527,5.2700000000000005,2.288039106523053,20.15479588845726
528,5.28,2.266803825374693,20.23885791873016
529,5.29,2.2578091099319018,20.159638082621846
530,5.3,2.2446910324416764,20.28754738059168
531,5.3100000000000005,2.2317795587573728,20.31430774576823
532,5.32,2.216744969370998,20.274035919940182
533,5.33,2.206086829466733,20.311602821205124
534,5.34,2.1978587941177614,20.335577137651452
535,5.3500000000000005,2.18727750208363,20.417161345512316
536,5.36,2.1766847674980343,20.419759567135216
537,5.37,2.1569765319055008,20.35365465834557
538,5.38,2.147285339910708,20.42305982128817
539,5.39,2.1279088714670307,20.43909637256168
540,5.4,2.1281786055580896,20.505464762509018
541,5.41,2.108406215703004,20.51108265061527
542,5.42,2.095306031896776,20.524718605243187
543,5.43,2.0813392032507223,20.517634602327533
544,5.44,2.0719391118864854,20.54162014200042
545,5.45,2.0596107484458583,20.58812392225213
546,5.46,2.0499260739552025,20.532340518276825
547,5.47,2.0348117021351753,20.5922925162307
548,5.48,2.0216390166441083,20.677496969638263
549,5.49,2.009617068604818,20.654419022928067
550,5.5,1.9982276757719148,20.690609997216708
551,5.51,1.9906708190832072,20.71607607408475
552,5.5200000000000005,1.9746256939279234,20.765719161845357
553,5.53,1.9671542073643715,20.726306181514296
554,5.54,1.9515029914096516,20.694665718783867
555,5.55,1.943227464976911,20.789744761701343
556,5.5600000000000005,1.9346284109825216,20.87742365955785
557,5.57,1.913742168504209,20.830192888940978
558,5.58,1.9028884215869049,20.83442778424622
559,5.59,1.8909708630973725,20.829149280401364
560,5.6000000000000005,1.8867163023098763,20.872388939402
561,5.61,1.8726731035679187,20.87647920614007
562,5.62,1.8677239190492403,20.904721214483974
563,5.63,1.8514704761772962,20.972013774072344
564,5.64,1.8468741146123682,20.97837841447999
565,5.65,1.8381153819858596,21.036893321915432
566,5.66,1.8260871426357301,21.024950923190694
567,5.67,1.8143591500418221,21.097893228949285
568,5.68,1.7970002863635326,21.028716767368802
569,5.69,1.7959279282030858,21.06116856550098
570,5.7,1.7893800335670595,21.103260111033297
571,5.71,1.771551773645582,21.110420219777627
572,5.72,1.7623501367733627,21.13041718470591
573,5.73,1.759943678521089,21.130235104329508
574,5.74,1.7461977975443248,21.19199547939925
575,5.75,1.7402639240851887,21.19978099420368
576,5.76,1.7304464643162567,21.229865495407534
577,5.7700000000000005,1.7251123514712294,21.319803905408726
578,5.78,1.7175269163743363,21.226223520550324
579,5.79,1.7057850063295057,21.335882799756853
580,5.8,1.7004120496297255,21.287302565477717
581,5.8100000000000005,1.6956420034917197,21.389906231046016
582,5.82,1.6779925841450676,21.399930290966537
583,5.83,1.6829984572188557,21.352139790186783
584,5.84,1.6667046757256199,21.38051125448137
585,5.8500000000000005,1.6654124865396498,21.461514274222377
586,5.86,1.65886047007129,21.46136205732281
587,5.87,1.641725246703563,21.485355256228143
588,5.88,1.6411025801678565,21.457001871223923
589,5.89,1.629331346265616,21.497846445977814
590,5.9,1.6306616921382666,21.541276104512594
591,5.91,1.6265963725141075,21.581614740182232
592,5.92,1.6185996346541527,21.576289093315747
593,5.93,1.6111156660668298,21.57137306285447
594,5.94,1.6094137735629408,21.6214068981118
595,5.95,1.6046719398927258,21.634290259591957
596,5.96,1.6021598829042651,21.6260653312414
597,5.97,1.592337761319908,21.65130135069594
598,5.98,1.5973935699602664,21.715890449683354
599,5.99,1.5882884983211256,21.753082720000624
600,6.0,1.5859916734462582,21.741412278275543
601,6.01,1.5809163286486188,21.753752334685522
602,6.0200000000000005,1.5724705045327478,21.73472371618221
603,6.03,1.576520008222938,21.82564140676827
604,6.04,1.5687734678944134,21.791430982896753
605,6.05,1.5698043095237764,21.88653574128725
606,6.0600000000000005,1.5674417520199777,21.959616475620578
607,6.07,1.565352161496739,21.927606301834214
608,6.08,1.5618859840824793,21.907901287806695
609,6.09,1.553101018067717,21.925929809834983
610,6.1000000000000005,1.5592314514680927,21.967939901648162
611,6.11,1.5528980544225401,21.978418613751685
612,6.12,1.5593722606899156,22.053149895108742
613,6.13,1.5541983636577608,22.03713164039614
614,6.140000000000001,1.5531357321409427,22.07630111703161
615,6.15,1.5555727093745908,22.101252813158734
616,6.16,1.5541642496711598,22.107533063730216
617,6.17,1.5498054714267004,22.17419674054539
618,6.18,1.5551839007901138,22.14475629255131
619,6.19,1.5489827239083576,22.182882540036598
620,6.2,1.556312711368513,22.23829726758913
621,6.21,1.5582218387044549,22.17065949345804
622,6.22,1.5634111347619661,22.225824157969388
623,6.23,1.5609724014389552,22.24935467673026
624,6.24,1.5580220136137979,22.26198630499203
625,6.25,1.563937162205964,22.28515972213158
626,6.26,1.5634234510348435,22.315395862915906
627,6.2700000000000005,1.5668200328052753,22.41725327627585
628,6.28,1.5671282005758018,22.34116398284928
629,6.29,1.5758988148192032,22.36704329119929
630,6.3,1.5722358355689505,22.424700871835967
631,6.3100000000000005,1.5792443905924234,22.47102122273575
632,6.32,1.5815016320751445,22.476550121793558
633,6.33,1.5851922907878615,22.467746387238698
634,6.34,1.586634741131026,22.455186940970197
635,6.3500000000000005,1.5925086885534203,22.530985016536334
636,6.36,1.5941866936889475,22.53803104393868
637,6.37,1.5958446662399235,22.563838590141863
638,6.38,1.6043759648219664,22.61017458201951
639,6.390000000000001,1.6076836038235736,22.518011718540198
640,6.4,1.6117653095933409,22.706309767930627
641,6.41,1.6161660853576534,22.609498367226653
642,6.42,1.617521446747958,22.648678603115776
643,6.43,1.6308125839895466,22.679616641473878
644,6.44,1.6301357605027884,22.729342180550418
645,6.45,1.6400566548628088,22.722957849544922
646,6.46,1.6436001816876415,22.736328481851306
647,6.47,1.649131587529305,22.742118585752536
648,6.48,1.658434091959125,22.789914364886716
649,6.49,1.663268103939949,22.74606482741818
650,6.5,1.6646928184637313,22.887933524423133
651,6.51,1.6721210174547292,22.880026095119383
652,6.5200000000000005,1.6775908577913388,22.872915165697986
653,6.53,1.6884904767665019,22.88973761586195
654,6.54,1.6924249067633492,22.916973685357338
655,6.55,1.6936947052774045,22.964255417245457
656,6.5600000000000005,1.7137777544810195,22.96275498650536
657,6.57,1.7120896082233878,22.99092623352109
658,6.58,1.7152381414055768,22.965992116080187
659,6.59,1.720372587230703,23.05785668482222
660,6.6000000000000005,1.7234682945426547,23.01521761992881
661,6.61,1.74430499953991,23.078671950904
662,6.62,1.7511759010861003,23.05656475609871
663,6.63,1.7549592045575024,23.070604270162463
664,6.640000000000001,1.7625063247483292,23.100689028943368
665,6.65,1.765544370265099,23.15442088139695
666,6.66,1.7815573237109417,23.188107752835734
667,6.67,1.782017366166237,23.17117705286239
668,6.68,1.7930236709007414,23.15554579323191
669,6.69,1.7993884779330236,23.23026185497155
670,6.7,1.807612089814727,23.23619497317887
671,6.71,1.817387083403931,23.27389816588706
672,6.72,1.8266769537856768,23.300122638105393
673,6.73,1.8348349599604399,23.35556398657183
674,6.74,1.8438567165595778,23.334827901052904
675,6.75,1.852138571724537,23.34204799001814
676,6.76,1.8527019467080659,23.317913512968726
677,6.7700000000000005,1.8652110060323457,23.36435218268986
678,6.78,1.870722950391813,23.3725951785429
679,6.79,1.8820753840330855,23.403642533880785
680,6.8,1.888461238087937,23.473068369470994
681,6.8100000000000005,1.8934140121120226,23.396876299822676
682,6.82,1.908238871822902,23.495972204456404
683,6.83,1.9114497076944652,23.445844847588145
684,6.84,1.9220246302530462,23.493696673649243
685,6.8500000000000005,1.9292670838613601,23.48764806702844
686,6.86,1.9444758153488573,23.47761412238055
687,6.87,1.9435011126028319,23.58795210635592
688,6.88,1.954075285457222,23.606962603686874
689,6.890000000000001,1.9637630259056087,23.562407129897053
690,6.9,1.9666295132898521,23.637313831386116
691,6.91,1.977218472517186,23.64774822626824
692,6.92,1.98621103750374,23.66604361872785
693,6.93,1.9975746030306172,23.7052826527336
694,6.94,1.9971090380456742,23.71620051737619
695,6.95,2.0075854650427845,23.74370291578689
696,6.96,2.0163300807400533,23.736972759361247
697,6.97,2.017944706113649,23.74494868286764
698,6.98,2.0327834317636304,23.78801696515614
699,6.99,2.0380333207929064,23.764028411057595
700,7.0,2.039818875706024,23.796671201891442
701,7.01,2.0587231902626857,23.82136535422233
702,7.0200000000000005,2.059077491453072,23.884110779047074
703,7.03,2.0683709792024625,23.877247451348506
704,7.04,2.0801170244894123,23.88278596537193
705,7.05,2.0840692798339835,23.932940969140436
706,7.0600000000000005,2.0858381666784895,23.930250113310485
707,7.07,2.0962129272995798,23.941551982695305
708,7.08,2.0981820158726427,23.93481476746503
709,7.09,2.1112165736102377,23.968845826555327
710,7.1000000000000005,2.121326550740605,24.06472751823018
711,7.11,2.1296943895540505,24.074242371912955
712,7.12,2.1327141075555365,23.99419396199058
713,7.13,2.13862401021122,24.042546280670702
714,7.140000000000001,2.145333245366351,24.10252559363422
715,7.15,2.1522126820841865,24.08974480368733
716,7.16,2.159246188279824,24.155901307921948
717,7.17,2.1631784369666986,24.191484614656762
718,7.18,2.1734951410603434,24.193343708745044
719,7.19,2.1750668593522127,24.138501455054627
720,7.2,2.1790782198316454,24.204378557132404
721,7.21,2.192280373447591,24.195616628193303
722,7.22,2.199614703906967,24.21655053545701
723,7.23,2.1924455315681444,24.297320109926584
724,7.24,2.2074523601264096,24.28040392698082
725,7.25,2.213271068279407,24.288439163652214
726,7.26,2.2135908453602378,24.313040284603645
727,7.2700000000000005,2.2188362451882684,24.30998704005264
728,7.28,2.229204525736604,24.359774059696043
729,7.29,2.2286435063889893,24.444350700140593
730,7.3,2.2336525733105694,24.36370115039741
731,7.3100000000000005,2.2374213552395,24.45416494406475
732,7.32,2.241089476455916,24.486619469306785
733,7.33,2.245495431581459,24.473491212044607
734,7.34,2.2465839627494124,24.434828966311724
735,7.3500000000000005,2.253875989149001,24.451932503512086
736,7.36,2.2583161031410293,24.50377486085959
737,7.37,2.2596775414135615,24.480000943225352
738,7.38,2.2581966850211597,24.550040950574854
739,7.390000000000001,2.278145161586645,24.559873402890076
740,7.4,2.2676855640359075,24.619944601477357
741,7.41,2.271088094211449,24.575903503270816
742,7.42,2.2712461976684937,24.5901483289232
743,7.43,2.272929335473476,24.62595258743526
744,7.44,2.275730307080178,24.681565130747167
745,7.45,2.278662612874845,24.65178813765056
746,7.46,2.285436798414583,24.737701243392873
747,7.47,2.28740305967644,24.6890459729807
748,7.48,2.2859332514109307,24.72408775011501
749,7.49,2.289209609584041,24.80725721237535
750,7.5,2.2923210606813273,24.845732987561856
751,7.51,2.284478342951882,24.795573357006568
752,7.5200000000000005,2.2893694701352834,24.833893641272436
753,7.53,2.293439653777509,24.87668547343525
754,7.54,2.289525901586719,24.806530987612508
755,7.55,2.2858160725320045,24.850091335017385
756,7.5600000000000005,2.2828654939305326,24.953124272752223
757,7.57,2.2905343712572237,24.934324005940265
758,7.58,2.2910859148894946,24.928701612489263
759,7.59,2.2880660415566245,24.956592395942184
760,7.6000000000000005,2.284854985509013,25.008926188305516
761,7.61,2.2888825897102048,24.989269407653754
762,7.62,2.2820396117701898,24.958215211953537
763,7.63,2.2835296522211954,24.979632805661684
764,7.640000000000001,2.2876080921110935,24.97941720529169
765,7.65,2.2782091073672333,25.112286977386166
766,7.66,2.276224841686101,25.090967486526647
767,7.67,2.2726834056304335,25.07689308098079
768,7.68,2.2736577997631993,25.104563277963468
769,7.69,2.27872179725881,25.142201956591332
770,7.7,2.2671781178151504,25.146355111705834
771,7.71,2.2703634343938615,25.150701934371202
772,7.72,2.261155780684851,25.151804812950175
773,7.73,2.265505896754895,25.222397080771128
774,7.74,2.265750703078815,25.24294650884215
775,7.75,2.2564315490320546,25.22675574115918
776,7.76,2.254393347040201,25.224809690455654
777,7.7700000000000005,2.253813704844524,25.286911699273617
778,7.78,2.23896132281372,25.314130525585988
779,7.79,2.2386913182988426,25.295954577576016
780,7.8,2.2372861209277337,25.31574809655699
781,7.8100000000000005,2.2282670938795004,25.36322402303694
782,7.82,2.2267525913079234,25.356432169378166
783,7.83,2.2210569864661753,25.407714044217695
784,7.84,2.2185710469449953,25.390701531389944
785,7.8500000000000005,2.2079668685920373,25.393048942777327
786,7.86,2.203883904474164,25.426600362954755
787,7.87,2.204515062994814,25.44376638531836
788,7.88,2.2011832892043492,25.469453730040538
789,7.890000000000001,2.1947758552049863,25.48716604902621
790,7.9,2.1815073820670197,25.56464990290346
791,7.91,2.180354622578764,25.491925955102843
792,7.92,2.1684517928748996,25.53195846226922
793,7.930000000000001,2.16048584666404,25.589104327871194
794,7.94,2.1555788831702674,25.557459134886766
795,7.95,2.151269597666652,25.60644198067121
796,7.96,2.1482793248661096,25.654960977295673
797,7.97,2.1331592596396316,25.62550911527176
798,7.98,2.139546123271242,25.604158623432905
799,7.99,2.1225526103699397,25.66907853605437
800,8.0,2.114075200330639,25.662366827578495
801,8.01,2.1026267094291486,25.685604733500362
802,8.02,2.100769318420011,25.732415478113825
803,8.03,2.0946351443339033,25.751327106587144
804,8.040000000000001,2.0853044906241562,25.77688457845218
805,8.05,2.0742584837805498,25.741607860056636
806,8.06,2.066270188342513,25.77169958051318
807,8.07,2.06673404689077,25.79022601857171
808,8.08,2.045302110246741,25.77712433664267
809,8.09,2.043931522838075,25.84144977509916
810,8.1,2.0387754659617023,25.838096215502958
811,8.11,2.0213240089609297,25.86586458029031
812,8.120000000000001,2.019033265514204,25.870563442036655
813,8.13,2.0022445170622354,25.90555521486296
814,8.14,1.9968074755928698,25.90957235848613
815,8.15,1.9913351293435932,25.89886119823838
816,8.16,1.9779374288630818,25.9297130410139
817,8.17,1.9720158212413765,25.915580656074113
818,8.18,1.9604836620475348,25.968295585913005
819,8.19,1.9509442893797428,25.956888300363882
820,8.2,1.9420027120664831,26.038259646050506
821,8.21,1.9381218776596016,26.02056103415373
822,8.22,1.9214099282089674,25.978591613713657
823,8.23,1.911765462808862,26.021948888277727
824,8.24,1.903108930350069,26.08662666531234
825,8.25,1.89314647966549,26.05550477277643
826,8.26,1.8846662203970015,26.09907273339144
827,8.27,1.8707605890212469,26.111581562850024
828,8.28,1.8611878979771594,26.09798304883848
829,8.290000000000001,1.8524036078176516,26.118356331217356
830,8.3,1.8469549898202833,26.121825837155736
831,8.31,1.831678950303637,26.175565042793153
832,8.32,1.8197582527872722,26.2143978391804
833,8.33,1.8101819402278412,26.236316503485618
834,8.34,1.7991108942231422,26.228869458873078
835,8.35,1.7916283188720774,26.179787059753732
836,8.36,1.7797272894334912,26.316870322607
837,8.370000000000001,1.7697855183531606,26.244418729224265
838,8.38,1.7565048364005822,26.248007157451458
839,8.39,1.7457338369262483,26.332011592939008
840,8.4,1.7330355728817968,26.334631466166037
841,8.41,1.7252328770858896,26.307140612052958
842,8.42,1.7125433094796594,26.287952717835182
843,8.43,1.6994390209960448,26.334299667893454
844,8.44,1.6926704775349015,26.387239084612602
845,8.45,1.6807450228575227,26.402820231405983
846,8.46,1.6678721120152302,26.40963285604751
847,8.47,1.6598144354558995,26.446916356987824
848,8.48,1.6495283802342426,26.447476328314217
849,8.49,1.6339261516929269,26.428877208767766
850,8.5,1.6296701902302808,26.50330595567931
851,8.51,1.6147951360494333,26.502173740491624
852,8.52,1.6020338060828392,26.44631722358179
853,8.53,1.5947873826609824,26.501417322895183
854,8.540000000000001,1.5824434521247503,26.558463748397358
855,8.55,1.575310394495785,26.595637065360485
856,8.56,1.5624182526937151,26.603180136150797
857,8.57,1.5445134847521986,26.615786294845936
858,8.58,1.5355021019787347,26.550714695884317
859,8.59,1.5263154659504057,26.56670825499971
860,8.6,1.5123365144258052,26.59194365195395
861,8.61,1.5025014494242492,26.633448174159845
862,8.620000000000001,1.4940300121602603,26.64262050454863
863,8.63,1.4847235978958921,26.675254469357476
864,8.64,1.4656330424034822,26.691918725347303
865,8.65,1.465560712623485,26.720940295861386
866,8.66,1.4461745641844779,26.72316910835727
867,8.67,1.4442470532146332,26.715207727783643
868,8.68,1.431337481824093,26.684038409054054
869,8.69,1.4190915234862604,26.74577313294719
870,8.700000000000001,1.4042570265552055,26.84864611388855
871,8.71,1.3936292258764011,26.75247618509767
872,8.72,1.3870401784215802,26.767860197542394
873,8.73,1.370041132660873,26.811638509791482
874,8.74,1.3580948587996242,26.778468792756335
875,8.75,1.3493455858685557,26.818014118432654
876,8.76,1.3398334821558842,26.858704018770073
877,8.77,1.3286988842021634,26.837160383180994
878,8.78,1.3207299311475333,26.916026020771437
879,8.790000000000001,1.3030927028060837,26.85628816713478
880,8.8,1.2951769468424266,26.95700070481488
881,8.81,1.28886535216819,26.92883368690713
882,8.82,1.2741844682110872,26.96913668316508
883,8.83,1.272649636466638,26.93245666337234
884,8.84,1.262685236990781,26.93044960096699
885,8.85,1.2391323886692518,26.99967074720588
886,8.86,1.2345881265414567,27.04490321231594
887,8.870000000000001,1.2210786553280866,27.07311847241084
888,8.88,1.2128427193586204,27.022122771410757
889,8.89,1.2011992324416225,27.00650866025393
890,8.9,1.1900500219240404,27.044227327058298
891,8.91,1.1781598049969848,27.023461027971344
892,8.92,1.1714121447173123,27.061775293805468
893,8.93,1.1586279434332025,27.16017029896158
894,8.94,1.1541860650797782,27.07797010185284
895,8.950000000000001,1.1412095322499765,27.13753832527135
896,8.96,1.13235061834674,27.143438051268966
897,8.97,1.1245108184625776,27.108571064334658
898,8.98,1.1115455359933188,27.15202982112627
899,8.99,1.1090156019341235,27.225531528029336
900,9.0,1.095168401420604,27.266201958446576
901,9.01,1.0930318878377274,27.237425635908334
902,9.02,1.0783890591372072,27.223180165427877
903,9.03,1.0692997642071442,27.205349250024128
904,9.040000000000001,1.05849915744731,27.20815777330259
905,9.05,1.0469445645437376,27.29455557169871
906,9.06,1.0387047627165802,27.316304981933744
907,9.07,1.0298117604488668,27.31789934218674
908,9.08,1.0267723011928531,27.36260971300907
909,9.09,1.0128354790252183,27.34584895666376
910,9.1,1.010089865634325,27.35437612344404
911,9.11,0.9919629555162282,27.401226513315553
912,9.120000000000001,0.9881287127742463,27.431458064530915
913,9.13,0.9814710515764737,27.44567041762405
914,9.14,0.9742903317558049,27.471748936289895
915,9.15,0.9643582011165373,27.44306004560404
916,9.16,0.9503402988013024,27.448709737663123
917,9.17,0.9487061983204957,27.482818169870335
918,9.18,0.9342084432601911,27.479764257976743
919,9.19,0.9361168086867602,27.492994419475583
920,9.200000000000001,0.9245454284520802,27.508377514543145
921,9.21,0.9146571192560672,27.5665700859657
922,9.22,0.9078704109782637,27.55636561941153
923,9.23,0.9065957188507838,27.60517535709949
924,9.24,0.8960575348426294,27.57083748184906
925,9.25,0.8941656451658511,27.617761173494664
926,9.26,0.8818538359193916,27.657915972396538
927,9.27,0.8837642158386074,27.629085140098294
928,9.28,0.8703397777660182,27.624954077370205
929,9.290000000000001,0.8684012041835405,27.707162328804262
930,9.3,0.8618952006962277,27.70295230313257
931,9.31,0.8579321647685355,27.789246600601047
932,9.32,0.8489447459732685,27.74625861717834
933,9.33,0.8435979488495178,27.7492722692243
934,9.34,0.8437498616629565,27.785456803319807
935,9.35,0.8343026329784439,27.822997539158322
936,9.36,0.8302035998788908,27.828121317299992
937,9.370000000000001,0.8241176110427311,27.822982496528088
938,9.38,0.8183310572067338,27.900094717406628
939,9.39,0.8192764209842087,27.87049533504968
940,9.4,0.8201620552382602,27.905551339968415
941,9.41,0.8092204103569636,27.920293115738648
942,9.42,0.8075519425480859,27.965342757376423
943,9.43,0.8007441023977736,27.946343698313385
944,9.44,0.7973852269282651,27.998325408954386
945,9.450000000000001,0.7979242720241385,27.98503041556584
946,9.46,0.7931494952844282,28.023825648142097
947,9.47,0.7966569546123232,28.045951261320273
948,9.48,0.7865766900505504,28.059681962568533
949,9.49,0.7805838222871274,28.10762695190518
950,9.5,0.7837184237244745,28.10461015710635
951,9.51,0.7853908945501021,28.138735587242365
952,9.52,0.7779655826408794,28.140576566151836
953,9.53,0.7820563911505264,28.16335850379707
954,9.540000000000001,0.7735932130421694,28.26593061238131
955,9.55,0.7800084509845511,28.264508524147935
956,9.56,0.7785210532278192,28.260115959944066
957,9.57,0.7717130543708413,28.260960412396607
958,9.58,0.7785886289895836,28.270335938321193
959,9.59,0.7711526440675501,28.326964450885246
960,9.6,0.7744229578375984,28.296837925355202
961,9.61,0.7753057740791313,28.36153450425261
962,9.620000000000001,0.7699927810536483,28.370391330903505
963,9.63,0.7682621316564424,28.38558899302559
964,9.64,0.7756879634374669,28.365448052563995
965,9.65,0.778009733230454,28.443585610735518
966,9.66,0.7813188591765113,28.482638921213187
967,9.67,0.7815399755160495,28.46445903238474
968,9.68,0.7852173150930953,28.520945003375452
969,9.69,0.7791731028909813,28.54850019407847
970,9.700000000000001,0.7848163079700934,28.513338560268362
971,9.71,0.7833681939718866,28.524549095770574
972,9.72,0.7890085177587405,28.57092042837564
973,9.73,0.7914946407355271,28.643590767370235
974,9.74,0.7914154699178743,28.587007629410316
975,9.75,0.7956392309913127,28.65172743634773
976,9.76,0.7982873300320452,28.624369369431946
977,9.77,0.804844148006046,28.666946888308516
978,9.78,0.7985585206523257,28.720408342156606
979,9.790000000000001,0.8127234888711573,28.69969155871942
980,9.8,0.8192419940144661,28.687864972651997
981,9.81,0.8217170814567312,28.765334304128093
982,9.82,0.8183008110870726,28.74716788486193
983,9.83,0.8263800505426434,28.69511458581427
984,9.84,0.8299529389628396,28.73693086163498
985,9.85,0.8391808865833479,28.80482881480559
986,9.86,0.8483926232093103,28.804205996154938
987,9.870000000000001,0.8489628692564416,28.85776655413341
988,9.88,0.8468328678062427,28.83173042923176
989,9.89,0.8578786527313751,28.876279114464804
990,9.9,0.8606651749228776,28.91392142132927
991,9.91,0.8701991440447561,28.88291166713351
992,9.92,0.8742428562461835,28.937908169501984
993,9.93,0.8735427565372553,28.90317113278213
994,9.94,0.8877825305962661,28.959426439511535
995,9.950000000000001,0.8917858923508785,28.98277651005085
996,9.96,0.8946353134228626,29.015258566960206
997,9.97,0.9035331630564502,29.008212525177925
998,9.98,0.910376900765223,29.005634541472112
999,9.99,0.9179496256735852,29.05553002412694
1000,10.0,0.9192480998981891,29.055997538060033
1001,10.01,0.9274950262633184,29.04360614720202
1002,10.02,0.9437357958278358,29.06577003267666
1003,10.03,0.9503851857831971,29.10708464637277
1004,10.040000000000001,0.9522569778826968,29.112696977820864
1005,10.05,0.9642720818095929,29.134042367953516
1006,10.06,0.9757244313756109,29.146654334181697
1007,10.07,0.9740364908242308,29.152086685329962
1008,10.08,0.9817764940970288,29.226740442723642
1009,10.09,0.9902904624426121,29.208337107970216
1010,10.1,1.0015008167918173,29.200888174886106
1011,10.11,1.0092182421616072,29.24137115860225
1012,10.120000000000001,1.0148712385138052,29.284393052107674
1013,10.13,1.0248888256565178,29.277439924903536
1014,10.14,1.0342847391652261,29.25419042543742
1015,10.15,1.0349785566059828,29.279233374750735
1016,10.16,1.047321153372714,29.27794017854364
1017,10.17,1.058759983876109,29.32016500822015
1018,10.18,1.0603783871181183,29.341547611071775
1019,10.19,1.0777290553930303,29.309314515263647
1020,10.200000000000001,1.085129014749414,29.326910091886845
1021,10.21,1.0862995449786148,29.30294362062356
1022,10.22,1.1037925215987787,29.387540586775536
1023,10.23,1.10632568410392,29.43452430038822
1024,10.24,1.1170124124930876,29.347342672960878
1025,10.25,1.1289605318751992,29.410521667898138
1026,10.26,1.1385467195154455,29.382093790373393
1027,10.27,1.1472730222555896,29.430796960330124
1028,10.28,1.153543101384462,29.484494770870835
1029,10.290000000000001,1.1638470408995198,29.453027717719202
1030,10.3,1.1690738643587302,29.549751854457696
1031,10.31,1.1758286324578948,29.51088007444736
1032,10.32,1.192525873218091,29.523493370825108
1033,10.33,1.199356768933925,29.531311778849215
1034,10.34,1.2081979012377884,29.55304946895281
1035,10.35,1.213412981997207,29.574286255485447
1036,10.36,1.2196303766575347,29.568510664380945
1037,10.370000000000001,1.2322170664950778,29.540384939358624
1038,10.38,1.2419254283780277,29.553251187462628
1039,10.39,1.2476098655012862,29.65834760267476
1040,10.4,1.255072824815874,29.625220276518775
1041,10.41,1.2730458508960572,29.668414833288093
1042,10.42,1.2724692333136163,29.694025188837397
1043,10.43,1.286950104608813,29.61389303411264
1044,10.44,1.2987634935490897,29.70399236390077
1045,10.450000000000001,1.3059155886445022,29.705475407606386
1046,10.46,1.3114671752325966,29.748289951278885
1047,10.47,1.323999486558621,29.805505584841168
1048,10.48,1.3329629534260292,29.72776843042703
1049,10.49,1.3424795732361858,29.73992408592034
1050,10.5,1.3580867178423084,29.752834857138502
1051,10.51,1.3549528383801472,29.77716427622964
1052,10.52,1.3678351902822523,29.805428987504893
1053,10.53,1.3805810747627338,29.836313271449917
1054,10.540000000000001,1.393350215286323,29.8431540130605
1055,10.55,1.3954852220897223,29.820996177035177
1056,10.56,1.4069101685719463,29.87613325803269
1057,10.57,1.4060759913376135,29.861829164946396
1058,10.58,1.4224779429169192,29.93025176844088
1059,10.59,1.435776284398244,29.9353546292158
1060,10.6,1.4386863831569128,29.927550116387284
1061,10.61,1.4495657720081025,29.958770947692766
1062,10.620000000000001,1.4583173047861673,29.937144459140132
1063,10.63,1.4761345704877262,29.91437535748069
1064,10.64,1.4777762132932837,29.95213199679833
1065,10.65,1.4867655887907003,29.99451377825936
1066,10.66,1.489536771538714,29.98193202434356
1067,10.67,1.505765768181768,30.04394637690821
1068,10.68,1.5108305974859042,30.062653420113453
1069,10.69,1.5108147438965502,30.06643235157928
1070,10.700000000000001,1.5261366119195896,30.09275247232881
1071,10.71,1.5402725369563839,30.05065204923934
1072,10.72,1.5450951626072522,30.08391560173467
1073,10.73,1.549220578034431,30.13693879458403
1074,10.74,1.5580043015539053,30.167055950280595
1075,10.75,1.5694398636765283,30.125652242619584
1076,10.76,1.5771918338454411,30.15538350123482
1077,10.77,1.5896716858500664,30.191833328224668
1078,10.78,1.5938020962311181,30.143828758852624
1079,10.790000000000001,1.6050231910070822,30.217620456976476
1080,10.8,1.605294213082569,30.24868212494648
1081,10.81,1.6228702899829086,30.20587175356401
1082,10.82,1.628048160375128,30.24434793694008
1083,10.83,1.6348156545040757,30.241433507831406
1084,10.84,1.6469866870930414,30.22137038495975
1085,10.85,1.6555330870642884,30.247099957378598
1086,10.86,1.664399381791553,30.269844174513253
1087,10.870000000000001,1.6651276766588299,30.24080431330251
1088,10.88,1.6729924878190776,30.283200688958416
1089,10.89,1.6800325501279076,30.27156884526268
1090,10.9,1.6869600748904545,30.348509708375957
1091,10.91,1.697359685481227,30.352504459863084
1092,10.92,1.7019543474589682,30.387575337810983
1093,10.93,1.7146667765238601,30.413746445477354
1094,10.94,1.7178263581028395,30.371657962910458
1095,10.950000000000001,1.7269838235453359,30.386788125039338
1096,10.96,1.731723196856499,30.463533201790884
1097,10.97,1.7411169406164584,30.48796096624132
1098,10.98,1.7443647638830573,30.4498352567131
1099,10.99,1.7502084569084655,30.401325411029934
1100,11.0,1.7624445134896967,30.489017273404624
1101,11.01,1.7689807643573263,30.4704196069567
1102,11.02,1.7709460613824637,30.54079451593371
1103,11.03,1.778501203020813,30.463830650690554
1104,11.040000000000001,1.782420350849642,30.549496664406572
1105,11.05,1.7974862377807819,30.55928863405829
1106,11.06,1.7983221422184779,30.573615347041425
1107,11.07,1.8046075951633607,30.551876108461055
1108,11.08,1.8125080913575897,30.642827700383773
1109,11.09,1.8126071912916673,30.582983487303
1110,11.1,1.8204188588769783,30.58213460372379
1111,11.11,1.8307389406129086,30.680873028603152
1112,11.120000000000001,1.8272774026542387,30.66485087434241
1113,11.13,1.838024237697491,30.655978037764786
1114,11.14,1.8451660665974268,30.677346920322783
1115,11.15,1.8474281428388917,30.723058527032205
1116,11.16,1.8458768766071074,30.72202610060547
1117,11.17,1.8561394860708549,30.717522600142768
1118,11.18,1.8583123075546963,30.7190568725983
1119,11.19,1.8668756777474098,30.72440153824784
1120,11.200000000000001,1.8685200372835853,30.74025578955043
1121,11.21,1.8763910760716132,30.79497628203663
1122,11.22,1.8824398509405191,30.772382210992067
1123,11.23,1.881539466938498,30.78664877213692
1124,11.24,1.8913306607527114,30.768059994287867
1125,11.25,1.8939480439353777,30.831129304613054
1126,11.26,1.8929459789241079,30.882023256430045
1127,11.27,1.8981309485577615,30.841464262978764
1128,11.28,1.90058219519266,30.875326772219804
1129,11.290000000000001,1.9051085149093139,30.928222266074247
1130,11.3,1.9145186026395122,30.890792499835324
1131,11.31,1.9118634424826542,30.929800743106437
1132,11.32,1.9171740786671387,30.986559057381335
1133,11.33,1.9137852957743597,30.982638403278248
1134,11.34,1.918695953300017,30.96335283328383
1135,11.35,1.9241133086137774,30.978257040887758
1136,11.36,1.9206772985808018,30.977851717520917
1137,11.370000000000001,1.9254094218579343,30.950120440726632
1138,11.38,1.9362659380419671,30.966867149004813
1139,11.39,1.932613488094562,31.083911947651455
1140,11.4,1.9344010139918726,31.05384618973763
1141,11.41,1.9351664713678465,31.0436841822527
1142,11.42,1.9352715997551815,31.112177016858404
1143,11.43,1.937130719932011,31.093610076754665
1144,11.44,1.9371092765706115,31.110847804715778
1145,11.450000000000001,1.9336415830146991,31.08640323337597
1146,11.46,1.9425720846247072,31.149953124535593
1147,11.47,1.9407917201865255,31.11803810926268
1148,11.48,1.9459835315453469,31.200039619603363
1149,11.49,1.95175662540461,31.177081062477555
1150,11.5,1.9413114143652577,31.2126096765891
1151,11.51,1.9452872399319203,31.161248661894206
1152,11.52,1.9464621465110332,31.243045471285495
1153,11.53,1.9394022816909486,31.22227909514143
1154,11.540000000000001,1.9419940923362942,31.255913722312005
1155,11.55,1.940271656903305,31.229818173013005
1156,11.56,1.946211123662703,31.248750253654563
1157,11.57,1.94057576298046,31.32879402939883
1158,11.58,1.9462927569110247,31.33550357625799
1159,11.59,1.9391162946300466,31.315689751284676
1160,11.6,1.9330438363316136,31.305083632649538
1161,11.61,1.9354011570412801,31.35692478842417
1162,11.620000000000001,1.9335235313264623,31.39091104516262
1163,11.63,1.9345546045791264,31.44940324581681
1164,11.64,1.9340374039517099,31.38454435954111
1165,11.65,1.9345781434707652,31.45534825045028
1166,11.66,1.9281409957073143,31.43364023055396
1167,11.67,1.9291405372452124,31.44610115278313
1168,11.68,1.9309012310063511,31.559525440520932
1169,11.69,1.9205843126949749,31.469656917652312
1170,11.700000000000001,1.9191122197751345,31.450701932499722
1171,11.71,1.9174081362170783,31.49398070508194
1172,11.72,1.9162046389405984,31.517821925990543
1173,11.73,1.9109678881340901,31.534021583694862
1174,11.74,1.9126542984302737,31.499407788048533
1175,11.75,1.9080941704123415,31.575055385713835
1176,11.76,1.90289263537213,31.626965821000834
1177,11.77,1.9033947433496916,31.60608910126576
1178,11.78,1.8964741520682178,31.56899295241429
1179,11.790000000000001,1.898787051784712,31.62292522944044
1180,11.8,1.8812744221739288,31.620447762288904
1181,11.81,1.8799403608679846,31.592589540514712
1182,11.82,1.8827415981956395,31.622537148402138
1183,11.83,1.8663804960424728,31.646425202816314
1184,11.84,1.8734606272511116,31.702736461476665
1185,11.85,1.8687046542769943,31.72903332266327
1186,11.86,1.8654759880839655,31.73199150718217
1187,11.870000000000001,1.8579039550370982,31.72574813443814
1188,11.88,1.8532372568633808,31.75377221726878
1189,11.89,1.8449826951849453,31.76533212848631
1190,11.9,1.8408532005174343,31.758839645992406
1191,11.91,1.8349006346346777,31.80009144610501
1192,11.92,1.8322435226947889,31.82510116816499
1193,11.93,1.8291891771842699,31.772873436676957
1194,11.94,1.8248826798367328,31.827826438658334
1195,11.950000000000001,1.8161672998808405,31.81740249176675
1196,11.96,1.812249203657652,31.864840670761662
1197,11.97,1.806897147137257,31.823673372836886
1198,11.98,1.8022557851009748,31.836386116082785
1199,11.99,1.7960575391962663,31.886149840680577
1200,12.0,1.784324694971938,31.930184875922947
1201,12.01,1.7802624902018258,31.975434340612413
1202,12.02,1.7657350806030137,31.903430396687856
1203,12.030000000000001,1.76304980665475,31.97838032293873
1204,12.040000000000001,1.7636784063205366,31.971505314598808
1205,12.05,1.7510728402739097,31.944539658709918
1206,12.06,1.7424478947256183,31.96308154784475
1207,12.07,1.7375179472298543,31.98759215539418
1208,12.08,1.7267108800761286,31.99230034484952
1209,12.09,1.7309351875101198,31.973207237117425
1210,12.1,1.7161002306916595,32.05751910869893
1211,12.11,1.7114803616935441,32.05522880619757
1212,12.120000000000001,1.6995486364196197,32.01626555118057
1213,12.13,1.6946253303502659,32.05959336886512
1214,12.14,1.6923426360048937,32.10000009925536
1215,12.15,1.6787873011465115,32.11092863055854
1216,12.16,1.6775386872440787,32.09179568946681
1217,12.17,1.666716879190954,32.0807871512968
1218,12.18,1.6584608041599869,32.113986048440225
1219,12.19,1.6478903200281865,32.085290112490306
1220,12.200000000000001,1.6476116481783942,32.14174686128332
1221,12.21,1.636498819238883,32.17408028032189
1222,12.22,1.6257310142985824,32.177524205573484
1223,12.23,1.621255915078145,32.153512976235604
1224,12.24,1.606385664601317,32.155463047385496
1225,12.25,1.601289600079016,32.22562085198051
1226,12.26,1.5983998071385528,32.17640914737755
1227,12.27,1.584521418181301,32.272552096596925
1228,12.280000000000001,1.5748733788846743,32.23671980468966
1229,12.290000000000001,1.5651543028903179,32.23924323037052
1230,12.3,1.5609040746304317,32.261186842442726
1231,12.31,1.553972888208663,32.294654020591544
1232,12.32,1.5452854881353353,32.2285463096026
1233,12.33,1.536336525544937,32.257000954173
1234,12.34,1.5296589688976385,32.29412718092283
1235,12.35,1.5171652636018604,32.28175076521266
1236,12.36,1.510689821774601,32.330220233795984
1237,12.370000000000001,1.5009880354548413,32.3011819168839
1238,12.38,1.4887666575793885,32.35440573730493
1239,12.39,1.4819549148755744,32.32725051038008
1240,12.4,1.4721696979921046,32.381137031340664
1241,12.41,1.4690891389772343,32.37199293781443
1242,12.42,1.454660896250262,32.36443183395259
1243,12.43,1.442165193320221,32.401171137111234
1244,12.44,1.4345120762189023,32.36642931654214
1245,12.450000000000001,1.4201537599225276,32.449706557929346
1246,12.46,1.4108822816323745,32.39782829469858
1247,12.47,1.4106951851200862,32.420684087758424
1248,12.48,1.3977032716737705,32.49377174408255
1249,12.49,1.3928833081746508,32.523724147033974
1250,12.5,1.3800743708292829,32.4084575248073
1251,12.51,1.3626785466151674,32.452026594102826
1252,12.52,1.3585727979508948,32.517603084309386
1253,12.530000000000001,1.3431695478304377,32.51513477945992
1254,12.540000000000001,1.3384791054166791,32.485172558697975
1255,12.55,1.3257113957209954,32.5046860572567
1256,12.56,1.3160655621194042,32.53531138981017
1257,12.57,1.3168452027616904,32.537198354642015
1258,12.58,1.2936971352196922,32.541416543737235
1259,12.59,1.2888291005066692,32.50630369624179
1260,12.6,1.2805001042769124,32.609613518903615
1261,12.61,1.2637089267677604,32.55834313015379
1262,12.620000000000001,1.259142264595879,32.58302630583887
1263,12.63,1.2475821097626207,32.531314367580485
1264,12.64,1.2414722920910155,32.58911060642529
1265,12.65,1.2330970058167214,32.65370431762231
1266,12.66,1.2167660726814995,32.57794953002764
1267,12.67,1.2099318984847283,32.62159123067795
1268,12.68,1.1979764049886261,32.65225150657701
1269,12.69,1.1870356195959084,32.66688468431975
1270,12.700000000000001,1.179900046255321,32.63597074832613
1271,12.71,1.168781651270544,32.6742890667238
1272,12.72,1.1593715472051995,32.7062876502401
1273,12.73,1.1454613660734612,32.6383312911915
1274,12.74,1.1397519057158358,32.633438100922874
1275,12.75,1.1314939520890075,32.709979691942074
1276,12.76,1.11834760778274,32.73943743196087
1277,12.77,1.1031055935219758,32.73955719732612
1278,12.780000000000001,1.094085373655385,32.73641248025353
1279,12.790000000000001,1.0914092823557573,32.72255526434371
1280,12.8,1.0775083369480272,32.768401438596044
1281,12.81,1.0645167952504353,32.72109888114583
1282,12.82,1.0538923960722768,32.78637460435989
1283,12.83,1.0526494447302444,32.75146993474808
1284,12.84,1.0331694449343065,32.74663041537941
1285,12.85,1.023949231769819,32.79754809349252
1286,12.86,1.0138613218306978,32.79318280845031
1287,12.870000000000001,0.9998527677453365,32.74669530976921
1288,12.88,0.9924893396063259,32.798272120186134
1289,12.89,0.9872215945804441,32.811965202476834
1290,12.9,0.9703823131978918,32.864905987200366
1291,12.91,0.9661283702805809,32.880792088799964
1292,12.92,0.9542815194915953,32.88545755060564
1293,12.93,0.941259980699113,32.82306390085611
1294,12.94,0.9332461721152218,32.85718677793441
1295,12.950000000000001,0.9185398231197626,32.826040431697066
1296,12.96,0.9128954281021486,32.899045784737424
1297,12.97,0.9055785210354828,32.834731003596225
1298,12.98,0.8881500098579297,32.90444696799145
1299,12.99,0.8787980317311546,32.94891257805836
1300,13.0,0.8670036689678555,32.9475784849336
1301,13.01,0.8573965877845028,32.90814172474134
1302,13.02,0.8438530319961155,32.97256675742521
1303,13.030000000000001,0.8404902052221989,32.911871522689104
1304,13.040000000000001,0.8271370733182509,32.93940821682149
1305,13.05,0.8171575513016567,32.89322745364363
1306,13.06,0.80532116869675,32.97705238201455
1307,13.07,0.7931630153354357,32.957920428079305
1308,13.08,0.7891573160781735,33.01024870861643
1309,13.09,0.7726001891549567,33.00684400294469
1310,13.1,0.7661054625171178,32.95073900045033
1311,13.11,0.7497886968364329,33.0633363747352
1312,13.120000000000001,0.7448427677534427,32.99245049231745
1313,13.13,0.7363991831925649,33.047187098195515
1314,13.14,0.7214127945339551,33.03298881465805
1315,13.15,0.7070513321029026,33.005209910333505
1316,13.16,0.7018485676435954,33.022757688746744
1317,13.17,0.6835162996558451,32.99866924019547
1318,13.18,0.6711438631437115,33.032380590202216
1319,13.19,0.669783215465438,33.090047446546315
1320,13.200000000000001,0.6613230580242387,33.07075368883987
1321,13.21,0.6504425417902303,33.04142308633161
1322,13.22,0.6441579546565147,33.11515910235526
1323,13.23,0.6265092090217909,33.05115974978626
1324,13.24,0.61971598984536,33.096562116357376
1325,13.25,0.6119199057284475,33.143191219162695
1326,13.26,0.60615011256044,33.127312034122376
1327,13.27,0.5916880401501581,33.085262977151615
1328,13.280000000000001,0.582865399050571,33.141115085431146
1329,13.290000000000001,0.5702911061225934,33.15809931398929
1330,13.3,0.5651440391150283,33.146671667880575
1331,13.31,0.5548673485839273,33.14311707361292
1332,13.32,0.5434650400217278,33.20344895420872
1333,13.33,0.5304165952723032,33.19436790691963
1334,13.34,0.5225268457651097,33.172425503028805
1335,13.35,0.5096437205491451,33.24926148565015
1336,13.36,0.5019920665709751,33.191464112892575
1337,13.370000000000001,0.4926928148121101,33.220006929546166
1338,13.38,0.47354405254370885,33.20247429504241
1339,13.39,0.46982055665369626,33.169834469980415
1340,13.4,0.4629188042571064,33.22115244835363
1341,13.41,0.44611811592647355,33.194129490616135
1342,13.42,0.43734714360863264,33.2560636079113
1343,13.43,0.4313584318344344,33.20853670094516
1344,13.44,0.4230511663213476,33.24878398143358
1345,13.450000000000001,0.41457229032941767,33.25056552522264
1346,13.46,0.402985087091643,33.27899536792145
1347,13.47,0.39305405570683605,33.27252820985345
1348,13.48,0.3815722251021912,33.26725746763033
1349,13.49,0.37735228304159185,33.341718735208296
1350,13.5,0.35806397664412287,33.31185100850506
1351,13.51,0.34884427789932787,33.32000930089061
1352,13.52,0.340753863818747,33.341681830273394
1353,13.530000000000001,0.3340602656789743,33.3278782268405
1354,13.540000000000001,0.33085510788627986,33.39773180573795
1355,13.55,0.3171474862885101,33.387996519289906
1356,13.56,0.3041932167570644,33.436151427977606
1357,13.57,0.29617399090501456,33.42489460721408
1358,13.58,0.285720823506523,33.46357669287086
1359,13.59,0.2814553629573797,33.485804660363385
1360,13.6,0.2748451689734029,33.493182792377596
1361,13.61,0.26700769138281916,33.5249082997814
1362,13.620000000000001,0.2541438677154034,33.5688438588602
1363,13.63,0.24595073973969298,33.593982920036375
1364,13.64,0.2368971847784357,33.58994375418911
1365,13.65,0.22584410015348227,33.575066675738356
1366,13.66,0.21869108777377283,33.64060691496392
1367,13.67,0.21120706559374877,33.64379308868824
1368,13.68,0.2114941023327166,33.74511273063939
1369,13.69,0.2004411596210201,33.73364950049179
1370,13.700000000000001,0.1893457359802739,33.724305747941635
1371,13.71,0.18250508214145103,33.799350813390035
1372,13.72,0.1754042094209025,33.87687878071482
1373,13.73,0.171182566320046,33.91326906865265
1374,13.74,0.16564776355398914,34.03490795207239
1375,13.75,0.16293157922274426,34.01969549166456
1376,13.76,0.15743056350900933,34.062890495265165
1377,13.77,0.1517668555671084,34.17180535931002
1378,13.780000000000001,0.1489530602365419,34.16425288867566
1379,13.790000000000001,0.14076017395186363,34.2756358447619
1380,13.8,0.14590633572888492,34.366653254949924
1381,13.81,0.137735250042664,34.41644287909572
1382,13.82,0.14128965416386452,34.51466259423215
1383,13.83,0.1391304934524261,34.55304103951626
1384,13.84,0.15191850260971593,34.60545232982603
1385,13.85,0.14333408620887034,34.66435036024184
1386,13.86,0.13912531434947575,34.780921036501184
1387,13.870000000000001,0.14384796294389768,34.8263841216186
1388,13.88,0.15039924867455232,34.91154580078427
1389,13.89,0.15745907350433652,34.98344549081201
1390,13.9,0.1527054849190368,35.00582254647681
1391,13.91,0.15863581151414682,35.10718436641532
1392,13.92,0.16400979694783455,35.097085288417425
1393,13.93,0.16752557747821284,35.154199804646446
1394,13.94,0.17629574611448234,35.25574202881334
1395,13.950000000000001,0.18430276422849523,35.32951286755824
1396,13.96,0.18692045979663385,35.33199186094132
1397,13.97,0.19111671971396055,35.39084740546185
1398,13.98,0.20398140649519028,35.437766698714796
1399,13.99,0.21257160360821747,35.425871590197225
1400,14.0,0.21780632344233006,35.40468581548785
1401,14.01,0.2300480906129132,35.50690626619342
1402,14.02,0.23714097240711302,35.51051959059915
1403,14.030000000000001,0.24500886278757814,35.52190336630609
1404,14.040000000000001,0.2520520105101335,35.59443612005826
1405,14.05,0.2597489395658008,35.62401029515295
1406,14.06,0.27172487169718346,35.63037286133552
1407,14.07,0.2798698763699211,35.643709391286876
1408,14.08,0.2902924619190116,35.62793157529189
1409,14.09,0.30265115232534173,35.74357712816584
1410,14.1,0.3123698001353063,35.74033822918659
1411,14.11,0.31613279814059636,35.67586473140067
1412,14.120000000000001,0.3255978430088212,35.775701627628564
1413,14.13,0.3389113987190484,35.78305259373695
1414,14.14,0.34225955335284297,35.708891835972466
1415,14.15,0.35318780758687524,35.82925839954025
1416,14.16,0.36696664902736537,35.76654033708743
1417,14.17,0.3782026399279552,35.76384664237661
1418,14.18,0.3866168933747583,35.81316968543145
1419,14.19,0.3954534925117835,35.80324566504755
1420,14.200000000000001,0.4059276517871409,35.79936685990956
1421,14.21,0.40906434202727315,35.871115841701574
1422,14.22,0.41354533650134195,35.85834343672635
1423,14.23,0.4226808034844702,35.87270474634888
1424,14.24,0.43745421939537166,35.88317008443088
1425,14.25,0.45251533344326234,35.92309348947176
1426,14.26,0.45868263203791393,35.90992647358037
1427,14.27,0.4632701795623239,35.90062398890353
1428,14.280000000000001,0.4727405213902386,35.936322262153205
1429,14.290000000000001,0.4818740288110948,35.920231538841755
1430,14.3,0.49286113158711503,35.98818736467717
1431,14.31,0.5089335820092572,35.99292160364225
1432,14.32,0.5100321869867964,35.94926483857861
1433,14.33,0.5184618992878218,35.94980310671786
1434,14.34,0.5347638770489533,35.98969767420365
1435,14.35,0.5478431899924043,35.99775394762234
1436,14.36,0.5547340820445437,36.01084058612233
1437,14.370000000000001,0.5707667435737636,35.96320051249257
1438,14.38,0.576575933168326,36.0191078516683
1439,14.39,0.5871031417132172,36.105981024120574
1440,14.4,0.5956142798363839,35.99718377617417
1441,14.41,0.6087044349892388,36.02989392185026
1442,14.42,0.6125529302138752,36.039811136056734
1443,14.43,0.6225391276797201,36.02977844064634
1444,14.44,0.6340327266380508,36.02430403580086
1445,14.450000000000001,0.6448984254876432,36.065378967243
1446,14.46,0.6514154265764254,36.10179031917604
1447,14.47,0.659920260824284,36.100245496292104
1448,14.48,0.6785235212014462,36.05807023944497
1449,14.49,0.6843599358972969,36.08531184950664
1450,14.5,0.6946858320802377,36.07801436108079
1451,14.51,0.7111827401983796,36.094977027693304
1452,14.52,0.7201363853734472,36.15030430930098
1453,14.530000000000001,0.7267092016241876,36.151793678464685
1454,14.540000000000001,0.728324242305004,36.10419261966305
1455,14.55,0.7386587953616774,36.14514047123596
1456,14.56,0.7542866042467566,36.140133297397426
1457,14.57,0.7665944319511802,36.18905734808889
1458,14.58,0.7757411612308498,36.10648758941768
1459,14.59,0.7813141593209735,36.143122835766555
1460,14.6,0.7812217996365298,36.17044071484061
1461,14.61,0.8016430966993088,36.1214239641591
1462,14.620000000000001,0.810548024005724,36.196311278009645
1463,14.63,0.8243878248254294,36.20491411758322
1464,14.64,0.8263726547038366,36.1957794240096
1465,14.65,0.8408705162392822,36.19585613713159
1466,14.66,0.8473816969407376,36.191384918900084
1467,14.67,0.8630517983631146,36.26380041258517
1468,14.68,0.8657453886288998,36.24808240083303
1469,14.69,0.8762210668668328,36.225668430339574
1470,14.700000000000001,0.8907212432587696,36.23022472906656
1471,14.71,0.897864027888821,36.220824943846665
1472,14.72,0.9008670535352438,36.25675787171925
1473,14.73,0.9183945551752798,36.2862515883694
1474,14.74,0.925734694809897,36.287159803118854
1475,14.75,0.9347503071365567,36.327857562225795
1476,14.76,0.9492427725240326,36.27533268754042
1477,14.77,0.952521003329184,36.27434363737427
1478,14.780000000000001,0.9598465068726114,36.22545107925763
1479,14.790000000000001,0.9664995021576097,36.30070140471729
1480,14.8,0.983869028794956,36.32051513507677
1481,14.81,0.9854807315022662,36.36256361494311
1482,14.82,1.002123248421184,36.3658317297706
1483,14.83,1.0079531454391701,36.33967771483579
1484,14.84,1.0194939487990997,36.326760066388886
1485,14.85,1.022907977952321,36.359043426925254
1486,14.86,1.0348406659150569,36.35505685404766
1487,14.870000000000001,1.04100256050081,36.35010165771944
1488,14.88,1.0519729038308547,36.38064215535363
1489,14.89,1.0622033701130489,36.36523102160995
1490,14.9,1.0663412025139547,36.43063454130856
1491,14.91,1.0789778707204745,36.38348389686159
1492,14.92,1.0891723319498212,36.37643525155643
1493,14.93,1.100078706300915,36.42558674853444
1494,14.94,1.1034742444030285,36.445846587970244
1495,14.950000000000001,1.1161952955294137,36.457199589656064
1496,14.96,1.1292620752742666,36.48406196607768
1497,14.97,1.1336531704784527,36.438523080662044
1498,14.98,1.1458782824933205,36.399064974271475
1499,14.99,1.158105439370459,36.45611538983399
1500,15.0,1.1661887794831223,36.557224774145126
1501,15.01,1.1685098234239286,36.50321885405169
1502,15.02,1.1853610424345227,36.50754817013354
1503,15.030000000000001,1.1877900594565574,36.50602444748821
1504,15.040000000000001,1.1956313244723242,36.524240820930025
1505,15.05,1.2062584868072512,36.50219580427498
1506,15.06,1.2184491518781453,36.51737895275319
1507,15.07,1.2250138195796223,36.50167475314813
1508,15.08,1.2302721313103837,36.525278623624985
1509,15.09,1.239139371468668,36.59439767616242
1510,15.1,1.2486876423073832,36.523143277572835
1511,15.11,1.2519031341463398,36.55376691013906
1512,15.120000000000001,1.2610183995310729,36.552574513431516
1513,15.13,1.2720335410585308,36.6110549240377
1514,15.14,1.28398757490661,36.63392521737508
1515,15.15,1.2857313019337195,36.62300628285969
1516,15.16,1.2936179069917284,36.56838511947984
1517,15.17,1.3039279707947424,36.65705298239908
1518,15.18,1.3077283921211857,36.595790164850065
1519,15.19,1.3147401815468895,36.664271009626205
1520,15.200000000000001,1.327655847112372,36.674377236044265
1521,15.21,1.3300782792943227,36.64481396042656
1522,15.22,1.3391300267527295,36.66063345726974
1523,15.23,1.3516965459652746,36.67033195509696
1524,15.24,1.359755227520529,36.693636442474535
1525,15.25,1.3659399448498437,36.73611621764616
1526,15.26,1.3708311186537907,36.758477025250706
1527,15.27,1.3784491732870081,36.67573342968936
1528,15.280000000000001,1.3892102992411464,36.755168792525204
1529,15.290000000000001,1.3900634655373645,36.70666880390064
1530,15.3,1.4037657619044943,36.786752180132055
1531,15.31,1.4093315618660112,36.75889178235994
1532,15.32,1.4211888984637495,36.791486160059584
1533,15.33,1.4230464883725693,36.82331115672431
1534,15.34,1.4257184631531366,36.77424964842917
1535,15.35,1.4348339813022877,36.82891305117753
1536,15.36,1.4435882593295228,36.83581831939055
1537,15.370000000000001,1.4463007059641322,36.84114447644022
1538,15.38,1.4549231709980504,36.85174328473353
1539,15.39,1.4674543428674847,36.85733991774722
1540,15.4,1.4730265294393416,36.87050846886382
1541,15.41,1.4789855708721347,36.929268758712986
1542,15.42,1.4820915725056392,36.827591133632396
1543,15.43,1.4900980859675925,36.90299805140126
1544,15.44,1.4930061573490376,36.88492889502573
1545,15.450000000000001,1.5001886653995136,36.93322464736658
1546,15.46,1.5131943027327133,36.927603706445865
1547,15.47,1.5114758554700807,36.91285744580628
1548,15.48,1.5154005572368388,36.90414883625857
1549,15.49,1.5218123104995034,36.90603883247535
1550,15.5,1.5292921522078247,36.97727267392433
1551,15.51,1.5378985619428196,36.958071194299706
1552,15.52,1.5441824459763271,36.98579547802638
1553,15.530000000000001,1.5372135338310529,36.96777930521956
1554,15.540000000000001,1.549373497193971,37.05208413221906
1555,15.55,1.5592493487740888,37.03014777414814
1556,15.56,1.5639275807930133,37.04389736644689
1557,15.57,1.568257412022872,37.04064619770768
1558,15.58,1.5731569737288449,36.99173271513171
1559,15.59,1.5735675474685349,37.06563434091204
1560,15.6,1.5805373331808066,37.085116869514835
1561,15.610000000000001,1.58661102504837,37.13867474812458
1562,15.620000000000001,1.5877000772739387,37.1117627527762
1563,15.63,1.5934539689493659,37.168211996295895
1564,15.64,1.5948749224000334,37.146552397698215
1565,15.65,1.6081052651927257,37.106457951265845
1566,15.66,1.6078440283583582,37.13767236014999
1567,15.67,1.6084493290871302,37.13648859960136
1568,15.68,1.6195345530872096,37.14034323476495
1569,15.69,1.613850796139034,37.16620327401128
1570,15.700000000000001,1.6229307355607048,37.216772671822085
1571,15.71,1.6209075770196943,37.126951736030335
1572,15.72,1.6318182568682462,37.26641709751952
1573,15.73,1.6334618225156123,37.20785599799834
1574,15.74,1.6361264108993523,37.2182631418382
1575,15.75,1.638868830217138,37.2765796638364
1576,15.76,1.6374593614903479,37.260617083498865
1577,15.77,1.6437551479195252,37.259944593996956
1578,15.780000000000001,1.649972763771303,37.27849818067904
1579,15.790000000000001,1.653143239152878,37.27776744577354
1580,15.8,1.6508043565706856,37.298815928983004
1581,15.81,1.6527288819002883,37.27978206818256
1582,15.82,1.6525620228768425,37.27180941278101
1583,15.83,1.6598132991292434,37.2819803446637
1584,15.84,1.6665750765376934,37.26783829232387
1585,15.85,1.6640415329436438,37.40492852557974
1586,15.860000000000001,1.6659563400624642,37.369250122312046
1587,15.870000000000001,1.668692704903425,37.4240854274207
1588,15.88,1.6726656777632407,37.324000322276845
1589,15.89,1.6723488653357135,37.3823123758618
1590,15.9,1.673057948291445,37.37875291201289
1591,15.91,1.674877272536709,37.4564785735329
1592,15.92,1.6769651896129052,37.38421644982761
1593,15.93,1.6784315326964356,37.424485780849636
1594,15.94,1.676898703364318,37.502053206304495
1595,15.950000000000001,1.6821179121967238,37.44226812360703
1596,15.96,1.6816666947312386,37.49503342389638
1597,15.97,1.6841351072010036,37.40438232669747
1598,15.98,1.6860897104323018,37.51487457834501
1599,15.99,1.6832690869668219,37.47282514382011
1600,16.0,1.685189013456224,37.47511996274468
1601,16.01,1.6844966391805591,37.50039579421229
1602,16.02,1.6804912498978448,37.535961685492275
1603,16.03,1.682984575809373,37.52826407003319
1604,16.04,1.684769972191152,37.539472795165466
1605,16.05,1.692588864584939,37.553127991398505
1606,16.06,1.6808838093584866,37.6190940285756
1607,16.07,1.690841447723707,37.595140768349815
1608,16.080000000000002,1.6847465057251922,37.63350592463932
1609,16.09,1.6815657266748376,37.59354378818472
1610,16.1,1.6908409226767545,37.5547924258107
1611,16.11,1.6855341380820237,37.62583854455352
1612,16.12,1.6767451618323934,37.62833401205634
1613,16.13,1.681775401670004,37.65770595986035
1614,16.14,1.6780958603619123,37.64223754411496
1615,16.15,1.6768523144068377,37.70100171252526
1616,16.16,1.6781038043018903,37.67484995255857
1617,16.17,1.6787099667915903,37.71051305153786
1618,16.18,1.673826854848704,37.71418651357513
1619,16.19,1.672076471884958,37.71157432080667
1620,16.2,1.6735964010315916,37.73609357355488
1621,16.21,1.6730503818028915,37.737061126077684
1622,16.22,1.6619119143426482,37.70640143175071
1623,16.23,1.6610665226285104,37.75187329281913
1624,16.240000000000002,1.6645938542795817,37.768240729770234
1625,16.25,1.6669618367198304,37.78986757397807
1626,16.26,1.656768477095691,37.769599245019286
1627,16.27,1.6599164125468548,37.781218138776104
1628,16.28,1.6558356480150749,37.7173662113125
1629,16.29,1.651817839460817,37.81762281223891
1630,16.3,1.6523986274330489,37.83563045154951
1631,16.31,1.6512425273344746,37.84309562727099
1632,16.32,1.6500669537285508,37.80830777550935
1633,16.330000000000002,1.6443950524264284,37.85396513493021
1634,16.34,1.6420946432060906,37.82811549626193
1635,16.35,1.6425391325957106,37.8439468148763
1636,16.36,1.6346733168727123,37.91681342424139
1637,16.37,1.6241194347566494,37.906899349633484
1638,16.38,1.6267776651431505,37.91813133557883
1639,16.39,1.617006275225461,37.93736981433074
1640,16.4,1.6281083211712977,37.9656280057259
1641,16.41,1.6193092810851195,37.975885587772986
1642,16.42,1.616405415303483,37.97882020482676
1643,16.43,1.6050608742463213,38.0031308892387
1644,16.44,1.6041343779940298,37.93724286133343
1645,16.45,1.597965739559281,38.003592302843956
1646,16.46,1.5995147774599907,37.990057568905996
1647,16.47,1.5948569053984107,38.002324907230246
1648,16.48,1.585641065424546,38.01645063770523
1649,16.490000000000002,1.5850403626203433,38.009243252223705
1650,16.5,1.580342781857255,38.020417157105506
1651,16.51,1.5809955390397363,38.05350135484391
1652,16.52,1.5734448802337935,38.060967275691034
1653,16.53,1.5628924302625298,38.049797565876894
1654,16.54,1.559288408859786,38.0627080262694
1655,16.55,1.56137136341623,38.05440188091714
1656,16.56,1.5538433679104446,38.113983829140146
1657,16.57,1.5525793736416522,38.156312930947486
1658,16.580000000000002,1.544719129734015,38.14222566659795
1659,16.59,1.5363821923682004,38.081317103939995
1660,16.6,1.5281962731917746,38.128523146387344
1661,16.61,1.5310430167258104,38.1377364932746
1662,16.62,1.5205756471191385,38.12851517031868
1663,16.63,1.5177434048869487,38.182109705407065
1664,16.64,1.5068136070195266,38.14961796164399
1665,16.65,1.5030482850469682,38.183670517135376
1666,16.66,1.5005780032987608,38.22845319293294
1667,16.67,1.4933174799369913,38.22845597488953
1668,16.68,1.485016615950856,38.227560272241455
1669,16.69,1.4783432875504539,38.29463087454095
1670,16.7,1.47326178574897,38.263606652240185
1671,16.71,1.470729941871914,38.20864339028846
1672,16.72,1.4622619375367463,38.232759696615425
1673,16.73,1.4543795925548397,38.24788130322896
1674,16.740000000000002,1.443932762667187,38.254542874326575
1675,16.75,1.4437718572327967,38.23750400046996
1676,16.76,1.434569351345362,38.32198896358828
1677,16.77,1.4272837523161792,38.27471415485211
1678,16.78,1.4188352901810648,38.30311569493738
1679,16.79,1.4204743411489664,38.282295633477766
1680,16.8,1.4050754402954568,38.36046069499315
1681,16.81,1.3993928289681372,38.34788357969002
1682,16.82,1.3980076504845853,38.290379503442665
1683,16.830000000000002,1.3903677605537939,38.305129594831506
1684,16.84,1.3763955531214496,38.32866923719823
1685,16.85,1.3772329034009487,38.30959560253109
1686,16.86,1.3678660153405047,38.35552394473417
1687,16.87,1.3566617864637847,38.33306318298311
1688,16.88,1.3553334930812582,38.35768975721702
1689,16.89,1.3509027633098944,38.363371805848544
1690,16.9,1.3344974043901248,38.38404484071237
1691,16.91,1.3340754238360637,38.39803745016616
1692,16.92,1.3247044059373116,38.334803222887466
1693,16.93,1.3131052433723445,38.4874827031342
1694,16.94,1.311580488060148,38.38563114940917
1695,16.95,1.3050918077222506,38.412109921097525
1696,16.96,1.2904950807405295,38.447943653999516
1697,16.97,1.2804442828716336,38.44364554936784
1698,16.98,1.2760647577703077,38.46692617124009
1699,16.990000000000002,1.2693307606900106,38.453576511777136
1700,17.0,1.2592297188250787,38.53149479112104
1701,17.01,1.2524469884429008,38.491138546207395
1702,17.02,1.2453066924312333,38.457463896921865
1703,17.03,1.2364303225054247,38.45719115415228
1704,17.04,1.2263957948310529,38.50521060013513
1705,17.05,1.2225703734248015,38.494545596857954
1706,17.06,1.2127502038378097,38.42656724914198
1707,17.07,1.2025105361124786,38.52654543816628
1708,17.080000000000002,1.2004382489895105,38.47351648152124
1709,17.09,1.1887352041907886,38.49826731145375
1710,17.1,1.1778477000813004,38.573124296689805
1711,17.11,1.1734322421484453,38.54876324236914
1712,17.12,1.167876616678104,38.591427898248185
1713,17.13,1.156485893371482,38.56408950360353
1714,17.14,1.1474484393534579,38.528184231032384
1715,17.150000000000002,1.138388159312199,38.53416088207744
1716,17.16,1.132253528536019,38.55706818598132
1717,17.17,1.1241664682390498,38.559342029861206
1718,17.18,1.1131524995485853,38.53675895984507
1719,17.19,1.105061604605367,38.55837563768152
1720,17.2,1.0920212294824518,38.56798397179093
1721,17.21,1.093234721474581,38.53947453245769
1722,17.22,1.0839729188624214,38.48467878592014
1723,17.23,1.073100722605879,38.622159475733596
1724,17.240000000000002,1.060559520304353,38.58530120913376
1725,17.25,1.0537973930257811,38.54185012985585
1726,17.26,1.050113574155446,38.55962096677996
1727,17.27,1.0410212338931242,38.639450063785375
1728,17.28,1.0365352476772933,38.643693592643295
1729,17.29,1.0229920586170043,38.58472546371264
1730,17.3,1.015166179781663,38.67237954632035
1731,17.31,1.0026516547167843,38.58387270744497
1732,17.32,0.9983719456706645,38.62259898623907
1733,17.330000000000002,0.993367250331126,38.65221801163248
1734,17.34,0.9812220470539434,38.62882493409719
1735,17.35,0.9695912171635657,38.68950187419059
1736,17.36,0.9551606245667711,38.62906890823226
1737,17.37,0.9535677585006169,38.62493386367057
1738,17.38,0.9508309788564918,38.7084241172682
1739,17.39,0.9404427784131262,38.63839983874435
1740,17.400000000000002,0.9351141463357027,38.650248589030305
1741,17.41,0.9190156799836062,38.687709241811
1742,17.42,0.911871394285518,38.681338158431466
1743,17.43,0.9038021171054109,38.60970106702006
1744,17.44,0.8974334432462242,38.65033986704259
1745,17.45,0.8855226585509632,38.61794856426761
1746,17.46,0.879190377033642,38.67687972055058
1747,17.47,0.8691006582505513,38.720110447241204
1748,17.48,0.8593546170440163,38.68489346824632
1749,17.490000000000002,0.8522002573969337,38.6540948503803
1750,17.5,0.8475891761718302,38.67494531947662
1751,17.51,0.8373754141915885,38.69864298436029
1752,17.52,0.831370155177017,38.69268279792641
1753,17.53,0.8135170206235908,38.704981429457455
1754,17.54,0.8145360057792776,38.711109979025586
1755,17.55,0.8062142946371982,38.6556873548724
1756,17.56,0.7960744579061166,38.7401971105049
1757,17.57,0.7872216025821022,38.653527568616994
1758,17.580000000000002,0.7747642332223428,38.7241248285357
1759,17.59,0.7621998551738528,38.69892938332731
1760,17.6,0.7602621252632549,38.65983134258966
1761,17.61,0.7481986147520127,38.674126331645176
1762,17.62,0.7415987924241424,38.65833021416334
1763,17.63,0.73573877140955,38.708077833359575
1764,17.64,0.7285742364836997,38.676405728340036
1765,17.650000000000002,0.7120398368355236,38.6889427699827
1766,17.66,0.7110451357003614,38.67148950429201
1767,17.67,0.6921607811909145,38.69180906330581
1768,17.68,0.6868741978072617,38.69114786044426
1769,17.69,0.680438452330493,38.73422021585147
1770,17.7,0.6722408033008981,38.66590244926707
1771,17.71,0.6645767311406021,38.684134888434976
1772,17.72,0.6570396426664586,38.71011993889423
1773,17.73,0.6455317632967011,38.63250787910247
1774,17.740000000000002,0.6399740865408677,38.66336308995698
1775,17.75,0.628064100258334,38.676506142892116
1776,17.76,0.6161400674632568,38.72048320781372
1777,17.77,0.6096436743583862,38.651933731153875
1778,17.78,0.5961017697378476,38.700846185047375
1779,17.79,0.5993786666596957,38.653906243887036
1780,17.8,0.585771987160112,38.70689272647371
1781,17.81,0.5799564091116896,38.64516124595193
1782,17.82,0.5730509923500279,38.64602770443402
1783,17.830000000000002,0.5629717330362373,38.60596539221255
1784,17.84,0.5496958732693589,38.65417576755987
1785,17.85,0.5465723686667956,38.66112014472615
1786,17.86,0.5318159090088687,38.60984298941747
1787,17.87,0.5237812627760989,38.64024395963202
1788,17.88,0.5168639537141195,38.63665471149975
1789,17.89,0.5096576918577188,38.58216914427851
1790,17.900000000000002,0.4965259166193359,38.5932178495142
1791,17.91,0.4944459848292782,38.575071753925826
1792,17.92,0.47578973792318974,38.604112051153045
1793,17.93,0.47271049885327215,38.59710141820842
1794,17.94,0.4724455411699558,38.5129525466484
1795,17.95,0.46458251799965633,38.56283869678469
1796,17.96,0.4528751417959561,38.535201644967145
1797,17.97,0.4465613896377173,38.527684106955036
1798,17.98,0.43378389024427744,38.51912816393366
1799,17.990000000000002,0.43398109412164276,38.53491041089281
1800,18.0,0.42071511490718777,38.519053567306784
1801,18.01,0.4195020958061603,38.46740782916746
1802,18.02,0.41351993882484006,38.43876647234286
1803,18.03,0.4007426275182722,38.461834846761356
1804,18.04,0.39140429663816534,38.40113942659424
1805,18.05,0.3824881053503235,38.48108183755839
1806,18.06,0.38439485024679715,38.432511223799075
1807,18.07,0.3758821603178037,38.35767409646536
1808,18.080000000000002,0.36579481962941873,38.384528364802335
1809,18.09,0.3631555272232756,38.37873642507194
1810,18.1,0.35618914424308035,38.33652212008675
1811,18.11,0.35021365613049116,38.35205336202585
1812,18.12,0.34278073222925387,38.294835368386195
1813,18.13,0.33692489243573254,38.27940878764801
1814,18.14,0.32878847033373143,38.208074752809736
1815,18.150000000000002,0.32982612641395587,38.221891903100214
1816,18.16,0.32857787866736415,38.23717282904517
1817,18.17,0.3164523601364722,38.18375072495813
1818,18.18,0.31337415741702057,38.199006077907654
1819,18.19,0.3099154774110058,38.13363673850954
1820,18.2,0.3034700750817473,38.12996962503946
1821,18.21,0.3007760195990244,38.16232788061051
1822,18.22,0.29671071700660245,38.04036179288655
1823,18.23,0.29500183470459035,37.99716434402595
1824,18.240000000000002,0.29072222318776714,38.05934278177441
1825,18.25,0.29169428999072344,37.96676423340854
1826,18.26,0.2871560995824476,37.96839262096241
1827,18.27,0.2806290194041544,37.949655349219896
1828,18.28,0.2798057694561527,37.892937165552055
1829,18.29,0.283224573318623,37.772503004460425
1830,18.3,0.2811671829731621,37.83657883963536
1831,18.31,0.2730893789628416,37.81089081488815
1832,18.32,0.2768445805935458,37.81142821941597
1833,18.330000000000002,0.2700033305255414,37.704849470442426
1834,18.34,0.27330099074203906,37.684523394312144
1835,18.35,0.27660988184813745,37.73365939491312
1836,18.36,0.2795242031264584,37.67662367874843
1837,18.37,0.27499551398651356,37.657448653377955
1838,18.38,0.2804334645984437,37.6032786277682
1839,18.39,0.2773017385125606,37.554814770931884
1840,18.400000000000002,0.2819436955075847,37.56329881122523
1841,18.41,0.2796684449137358,37.5001320435604
1842,18.42,0.28743588850742474,37.51854579964757
1843,18.43,0.28623595303582233,37.506990365434284
1844,18.44,0.2909859981771162,37.41998000209431
1845,18.45,0.29301062740687417,37.414340122955835
1846,18.46,0.28955144573516745,37.400031741236766
1847,18.47,0.30181538080687265,37.35639071392043
1848,18.48,0.302305814958034,37.3199334389185
1849,18.490000000000002,0.31167668078731864,37.29295242044099
1850,18.5,0.3134163549542251,37.241649552087146
1851,18.51,0.32017782981455123,37.23688713234224
1852,18.52,0.3251109695892754,37.14840616962826
1853,18.53,0.3291860004271392,37.16243951516731
1854,18.54,0.3290239004731357,37.09862265887029
1855,18.55,0.3342351338034263,37.0822574647321
1856,18.56,0.34272452742747384,37.082587143123995
1857,18.57,0.34500012446244116,37.05561840287957
1858,18.580000000000002,0.35483719893955473,37.032683167392214
1859,18.59,0.35897203042619147,36.93434865003399
1860,18.6,0.36831309616773994,36.92341211720433
1861,18.61,0.3743208427176969,36.87932965869726
1862,18.62,0.3715234430035863,36.90869795456189
1863,18.63,0.3863023424040351,36.86815377856442
1864,18.64,0.39230611580176433,36.832836613839554
1865,18.650000000000002,0.3954532157529689,36.75607870096027
1866,18.66,0.406550952048759,36.762761934097846
1867,18.67,0.41524670528487606,36.78025699917204
1868,18.68,0.4217851633889256,36.67590162303936
1869,18.69,0.43000169256641935,36.71940268572681
1870,18.7,0.43345228312702955,36.66681417194045
1871,18.71,0.45104944873560265,36.5963904387366
1872,18.72,0.45924683938411004,36.6239746392122
1873,18.73,0.46401700906270493,36.622610853681344
1874,18.740000000000002,0.46855345018455774,36.63350640462334
1875,18.75,0.4810810316912316,36.587744823692574
1876,18.76,0.48516508293745625,36.60921940635001
1877,18.77,0.4985860761673801,36.58881235919627
1878,18.78,0.5033068295091729,36.547698509728114
1879,18.79,0.5100876340012912,36.582994793853274
1880,18.8,0.5190191293813193,36.58333703299041
1881,18.81,0.5269329479782056,36.5715993256247
1882,18.82,0.5422315448438301,36.59750354011923
1883,18.830000000000002,0.5479429875792043,36.551239368022074
1884,18.84,0.5594208978620975,36.597620726222026
1885,18.85,0.5712462168325921,36.50975619719687
1886,18.86,0.5769447074595552,36.548313781150114
1887,18.87,0.5842056408851308,36.56546117682772
1888,18.88,0.5954689888361574,36.569696661449605
1889,18.89,0.5935221070870065,36.57926561980766
1890,18.900000000000002,0.6077623492707546,36.51599244721523
1891,18.91,0.6309107245826501,36.56519030788544
1892,18.92,0.6341476920698478,36.56979605952337
1893,18.93,0.6345874349909749,36.59873702473279
1894,18.94,0.6466620415386956,36.564091116240846
1895,18.95,0.6602066616274316,36.59770817810615
1896,18.96,0.6719698202741339,36.59557399763021
1897,18.97,0.675259689858583,36.59566627774095
1898,18.98,0.6834465841391067,36.533901019355184
1899,18.990000000000002,0.6919122075973939,36.596811502664224
1900,19.0,0.7007564645737957,36.631334908107334
1901,19.01,0.7120590033490652,36.55243307832452
1902,19.02,0.7155129526055791,36.579316747977934
1903,19.03,0.731279522914013,36.61602561679286
1904,19.04,0.7327484793451138,36.59573786970882
1905,19.05,0.7485343824335579,36.64393621396399
1906,19.06,0.7558355405035609,36.53527772836432
1907,19.07,0.7561718744321638,36.57031250325162
1908,19.080000000000002,0.7764815513816608,36.524943226398484
1909,19.09,0.7761809479005567,36.57534817332206
1910,19.1,0.7884386369893545,36.584859301848596
1911,19.11,0.7994938788441442,36.620093198971844
1912,19.12,0.804659511022149,36.57432810079264
1913,19.13,0.8142194268821626,36.56484243667495
1914,19.14,0.8159161641522645,36.6063376771146
1915,19.150000000000002,0.8338434982111111,36.60053071536972
1916,19.16,0.8340453948027591,36.62214195996405
1917,19.17,0.8474681888574104,36.61696182449453
1918,19.18,0.8578020523340195,36.59499235299681
1919,19.19,0.8651461132841924,36.57389305415182
1920,19.2,0.869969212523546,36.65940439762543
1921,19.21,0.8855750702840308,36.64010216670944
1922,19.22,0.8908508811815649,36.59331977964775
1923,19.23,0.9003286988221694,36.69519619824572
1924,19.240000000000002,0.9097559985690594,36.64110265034061
1925,19.25,0.9111487886009815,36.61746250752904
1926,19.26,0.9317949469835194,36.59112093289933
1927,19.27,0.928256147035931,36.582421615006595
1928,19.28,0.9403579889837176,36.594350123877206
1929,19.29,0.9468699081727596,36.64129862442574
1930,19.3,0.951447917448821,36.63692488654006
1931,19.31,0.966524348737619,36.67089545186514
1932,19.32,0.9733297560459543,36.65776486554048
1933,19.330000000000002,0.9790228216949073,36.64669877666528
1934,19.34,0.9804827989489844,36.656003501475
1935,19.35,0.997075236037363,36.65012463151897
1936,19.36,1.0068311492929545,36.7151437421613
1937,19.37,1.0201544292670137,36.69557283080498
1938,19.38,1.017358065913837,36.684513967320584
1939,19.39,1.0334273180950833,36.643907119562584
1940,19.400000000000002,1.0395565744370527,36.76344995978718
1941,19.41,1.0430378468393147,36.6500618056483
1942,19.42,1.0511331338531036,36.68311966804985
1943,19.43,1.0638505610078213,36.72855708022302
1944,19.44,1.0655606832935502,36.733138149987354
1945,19.45,1.07555335805793,36.7151671673137
1946,19.46,1.0804431498642806,36.70634058917017
1947,19.47,1.0887164311565323,36.70732254342478
1948,19.48,1.0985399180684743,36.74271952379627
1949,19.490000000000002,1.1052243030269406,36.77396373509201
1950,19.5,1.1090774744130982,36.75414023978466
1951,19.51,1.1249802739482107,36.69559253134934
1952,19.52,1.1283311588619047,36.77729938496764
1953,19.53,1.1375243691606092,36.83174071316088
1954,19.54,1.1423353300727719,36.731570240866745
1955,19.55,1.150021941936633,36.76006195091026
1956,19.56,1.158213705162373,36.805191798222744
1957,19.57,1.1649572066709228,36.73510972229371
1958,19.580000000000002,1.1687466518541927,36.822639708049095
1959,19.59,1.1808056163838303,36.79648470485141
1960,19.6,1.1873722948201393,36.79640010642661
1961,19.61,1.1947462331348504,36.83277526434703
1962,19.62,1.2013402920092555,36.773929225906194
1963,19.63,1.204250177788831,36.856827522561254
1964,19.64,1.2158861411866553,36.76337787094881
1965,19.650000000000002,1.2182478386125877,36.84934045513401
1966,19.66,1.2286923225009756,36.903740155412684
1967,19.67,1.2361767494977296,36.884474383309744
1968,19.68,1.2448023357988698,36.89261223903026
1969,19.69,1.2455818398410217,36.84138398443132
1970,19.7,1.253063050652196,36.88594713523718
1971,19.71,1.263793615226886,36.86192731853354
1972,19.72,1.2679911145454188,36.88361189838269
1973,19.73,1.265218937842164,36.91549159408739
1974,19.740000000000002,1.2848898005435485,36.899295495127156
1975,19.75,1.2878505866005239,36.95329098817029
1976,19.76,1.2853804100843975,36.926311875838486
1977,19.77,1.304903479147987,36.93468557226729
1978,19.78,1.3104958855713738,36.88723778173998
1979,19.79,1.31143957139328,36.89360404831019
1980,19.8,1.3233435179407094,36.96048218780341
1981,19.81,1.3180484472348308,36.95125331197125
1982,19.82,1.3272886012875285,36.986322349870235
1983,19.830000000000002,1.3297408292820432,36.9891100021536
1984,19.84,1.336758367296933,37.056226866406575
1985,19.85,1.3416651714083305,37.00750692337412
1986,19.86,1.3479462436379048,37.00607112325102
1987,19.87,1.354201734700227,36.98487388130111
1988,19.88,1.3580595230429966,37.04224580125847
1989,19.89,1.3690324510463956,37.05618104487875
1990,19.900000000000002,1.3692599443603588,37.020702198741375
1991,19.91,1.3795387713153553,37.02379318803845
1992,19.92,1.381277491908857,37.02578612218259
1993,19.93,1.3833304931259447,37.093746979729794
1994,19.94,1.39000526130821,37.04885620820852
1995,19.95,1.393906473447042,37.03219751060626
1996,19.96,1.4037911085658779,37.121635927796525
1997,19.97,1.4098854042895754,37.04436743502066
1998,19.98,1.4167280344896176,37.08371101108442
1999,19.990000000000002,1.4113734877049848,37.04561058380019
2000,20.0,1.4160760593372828,37.135483484855214
2001,20.01,1.4330237703369013,37.13448622195331
2002,20.02,1.4338380757312617,37.09910474317159
2003,20.03,1.4389839231902526,37.1535329956566
2004,20.04,1.4437357274768985,37.190838141540894
2005,20.05,1.4410419940801455,37.19120120536042
2006,20.06,1.4453856065453723,37.168352289946256
2007,20.07,1.4469207065465377,37.1597774446296
2008,20.080000000000002,1.4548536845479731,37.182989496950086
2009,20.09,1.4599428101321361,37.20290519509369
2010,20.1,1.461287636755855,37.16013042411628
2011,20.11,1.4691396733145825,37.19853678778396
2012,20.12,1.4686583836864953,37.180205877283306
2013,20.13,1.47058374227428,37.216334032558876
2014,20.14,1.4785870203354843,37.22776908139462
2015,20.150000000000002,1.4848639275805937,37.231138466595816
2016,20.16,1.483300682915699,37.25999292779654
2017,20.17,1.4874505273146703,37.279456556573244
2018,20.18,1.4897647542601729,37.332814363376116
2019,20.19,1.4971616943589812,37.33095104010716
2020,20.2,1.4903478458547856,37.218968571614454
2021,20.21,1.5039386903153837,37.262424451826114
2022,20.22,1.5029867305668805,37.25743981654831
2023,20.23,1.5070834199935914,37.30792916698801
2024,20.240000000000002,1.5020499719956462,37.31715283304
2025,20.25,1.5115703827257376,37.3128632663676
2026,20.26,1.5109341562899594,37.403122946180325
2027,20.27,1.515474079308786,37.40325438279964
2028,20.28,1.5191625402234121,37.35451787510111
2029,20.29,1.5212573213967202,37.33386977553616
2030,20.3,1.526286063951072,37.348639918703384
2031,20.31,1.5248962990339956,37.33335589977518
2032,20.32,1.5255469441756822,37.3999952598042
2033,20.330000000000002,1.5266426704405338,37.44794926963321
2034,20.34,1.5271338209000136,37.44122524620402
2035,20.35,1.5266434123760038,37.418224093737315
2036,20.36,1.5375533979332974,37.456648610534735
2037,20.37,1.5364772241608091,37.43626820035726
2038,20.38,1.5371978010976934,37.483382900921576
2039,20.39,1.5380948150345215,37.451147389660036
2040,20.400000000000002,1.5399260406207003,37.44581462757527
2041,20.41,1.5414179929227925,37.46004066846205
2042,20.42,1.5408626108046135,37.52795141581902
2043,20.43,1.5384438423496813,37.495123906771404
2044,20.44,1.540897681446363,37.4947548556657
2045,20.45,1.5426221309520793,37.47121681696444
2046,20.46,1.5392845556525399,37.483009571152294
2047,20.47,1.5425009541460184,37.554834580898635
2048,20.48,1.5411299711248105,37.57558021027752
2049,20.490000000000002,1.5412961627149424,37.58732748082036
2050,20.5,1.5476497402445737,37.5731686613612
2051,20.51,1.5437149628433084,37.580318764317106
2052,20.52,1.5390483954191134,37.58925113268315
2053,20.53,1.5379221601440882,37.58191780076675
2054,20.54,1.5443962385405419,37.669137188536304
2055,20.55,1.5430359047045283,37.59065264934832
2056,20.56,1.541668003062586,37.55943009021436
2057,20.57,1.5373470406558751,37.63037879174992
2058,20.580000000000002,1.5397975135077255,37.62728984452854
2059,20.59,1.5428965407360085,37.66407513504584
2060,20.6,1.54000160959929,37.65746836517498
2061,20.61,1.535076282667193,37.708545310269976
2062,20.62,1.537887957061051,37.67075332947825
2063,20.63,1.5364913887812792,37.68739910528
2064,20.64,1.5404926843599291,37.650318211944004
2065,20.650000000000002,1.5413519918011196,37.77638349418681
2066,20.66,1.538466133271061,37.73471422424218
2067,20.67,1.5390102409811754,37.67618627312546
2068,20.68,1.5341140037903247,37.646885392106
2069,20.69,1.5258345561872804,37.74310437890838
2070,20.7,1.5318254395900492,37.711406836812195
2071,20.71,1.5280401398485808,37.69968646241983
2072,20.72,1.5287355583416022,37.775262301631855
2073,20.73,1.5208515425146567,37.83144477040775
2074,20.740000000000002,1.5232720605035601,37.7795380627986
2075,20.75,1.5265442036029817,37.762610780233956
2076,20.76,1.5231238730492689,37.80697030292241
2077,20.77,1.5212848831090544,37.84977805510511
2078,20.78,1.5158007366668385,37.78729658894617
2079,20.79,1.5100484686876934,37.81156446834837
2080,20.8,1.5139730594597394,37.86843287164551
2081,20.81,1.5043843214721873,37.78281056864108
2082,20.82,1.502205213946859,37.86577868768237
2083,20.830000000000002,1.5036281455540585,37.86127148185419
2084,20.84,1.4984863253087746,37.937797491886094
2085,20.85,1.4985271983987924,37.79714969351316
2086,20.86,1.4886243930352692,37.89815563538517
2087,20.87,1.4898742018530449,37.891302192888894
2088,20.88,1.4853502129722684,37.87752066663822
2089,20.89,1.485452837261346,37.93502507082547
2090,20.900000000000002,1.4768224370573197,37.91421472241768
2091,20.91,1.4760670367594109,37.94334747546665
2092,20.92,1.4768264981174746,37.90294977055263
2093,20.93,1.4695080829502525,37.943740242005056
2094,20.94,1.471761739701569,37.982468406421546
2095,20.95,1.4655438254257283,37.94784429479665
2096,20.96,1.4585862249483479,37.94563678700181
2097,20.97,1.4570070235957893,37.91268224379023
2098,20.98,1.4471616250743475,37.979028461086166
2099,20.990000000000002,1.4451124606138228,37.97306839359701
2100,21.0,1.4415843940368767,38.024681614620704
2101,21.01,1.4343766664826734,38.021477054651015
2102,21.02,1.4388215882136857,37.95819826623443
2103,21.03,1.4350978214601007,38.0036763276029
2104,21.04,1.4274159406175586,37.98038588351535
2105,21.05,1.4226486389771695,38.02719575250992
2106,21.06,1.419500064833523,38.02912778296073
2107,21.07,1.4144611199811454,38.05143510722927
2108,21.080000000000002,1.4118270237462092,38.03215069002165
2109,21.09,1.4075478083036277,38.061062200671095
2110,21.1,1.4004944811762154,38.081481274807906
2111,21.11,1.395848774411091,38.04794368987334
2112,21.12,1.3973533417472064,38.0400057025697
2113,21.13,1.3885942236695288,38.12019798024791
2114,21.14,1.386151645197766,38.10650260877267
2115,21.150000000000002,1.378033104478549,38.07098039468047
2116,21.16,1.3724308702489103,38.14297493019608
2117,21.17,1.372075537874706,38.07307721984345
2118,21.18,1.3635239365813263,38.12945713721362
2119,21.19,1.361507500678697,38.130802903309
2120,21.2,1.3551693876566735,38.14210855746201
2121,21.21,1.351887135729934,38.10488872498868
2122,21.22,1.3434982147918277,38.177698335102086
2123,21.23,1.337891560522146,38.17086628402466
2124,21.240000000000002,1.3355106904691103,38.14303247544684
2125,21.25,1.3273198445384473,38.13895919237504
2126,21.26,1.3263604610146071,38.18488394035724
2127,21.27,1.3168113068149137,38.21326267225647
2128,21.28,1.306714675602166,38.18051417418584
2129,21.29,1.3080407835959849,38.179500304781065
2130,21.3,1.3069179536117053,38.16478332334982
2131,21.31,1.2951216652402942,38.19096745402583
2132,21.32,1.289507362915803,38.18723061079694
2133,21.330000000000002,1.2830118598004892,38.22988346581245
2134,21.34,1.281982154822844,38.15205527426466
2135,21.35,1.2712113129592504,38.23094379010386
2136,21.36,1.2680584665441703,38.216647025867175
2137,21.37,1.259211726050136,38.17082595470174
2138,21.38,1.262316154201246,38.25581202673653
2139,21.39,1.2536430892157684,38.24120985174015
2140,21.400000000000002,1.2412122020573242,38.300678477705915
2141,21.41,1.2411314802116276,38.29720340457417
2142,21.42,1.2311967446570493,38.260774625665036
2143,21.43,1.2274203597520796,38.30185167258291
2144,21.44,1.2191557348109578,38.27970235922256
2145,21.45,1.2150729901511474,38.27408771361599
2146,21.46,1.209931275453484,38.29486530308432
2147,21.47,1.1977037028043107,38.262802739141605
2148,21.48,1.1951606269972268,38.31865839055442
2149,21.490000000000002,1.1868724934613648,38.34264123683095
2150,21.5,1.179882461725385,38.30045567415669
2151,21.51,1.1738369247070053,38.29977046008817
2152,21.52,1.1676848435886047,38.32199544206745
2153,21.53,1.1633780817359598,38.3281919794951
2154,21.54,1.1564244697831951,38.316968317897235
2155,21.55,1.1555623110536206,38.324878791167976
2156,21.56,1.1392070874513187,38.35738274827552
2157,21.57,1.1274536804136825,38.32471132878357
2158,21.580000000000002,1.1300520901513502,38.304395747057505
2159,21.59,1.1213640580223665,38.32974122909168
2160,21.6,1.1102987522675558,38.3824380431166
2161,21.61,1.1131746411331482,38.32183399262004
2162,21.62,1.104594776131593,38.36300351322859
2163,21.63,1.0948467683408203,38.38819331036771
2164,21.64,1.0853172894796113,38.361178716099225
2165,21.650000000000002,1.0772802584373584,38.370247180039996
2166,21.66,1.0793705735776045,38.39295586599285
2167,21.67,1.0657732542917873,38.36789846556397
2168,21.68,1.0661421127296182,38.39754211616435
2169,21.69,1.0505364070528367,38.39023832080093
2170,21.7,1.04407452308178,38.399280302316754
2171,21.71,1.036312958858007,38.38406079537813
2172,21.72,1.0381046819764244,38.37121168349341
2173,21.73,1.0197439571079636,38.42842998332729
2174,21.740000000000002,1.0204195542801195,38.42241967748461
2175,21.75,1.0155138351137472,38.42965199282118
2176,21.76,1.0053542902996981,38.38094401147222
2177,21.77,0.9969946537508737,38.37218872196895
2178,21.78,0.9901997008920653,38.406258534699354
2179,21.79,0.9850116127609821,38.46375316344881
2180,21.8,0.9759038198471279,38.363839393906545
2181,21.81,0.9673448567920548,38.40338594866117
2182,21.82,0.9576059091354422,38.390633526314545
2183,21.830000000000002,0.9500035290476597,38.408982944577936
2184,21.84,0.9508011754602067,38.45925884025273
2185,21.85,0.9404652603360975,38.42304544653224
2186,21.86,0.9333743680788138,38.425160082312075
2187,21.87,0.9300621166560334,38.46318158602597
2188,21.88,0.9145907115070114,38.411780282952435
2189,21.89,0.9046661172571366,38.43846341535587
2190,21.900000000000002,0.9034441852245007,38.494867490966065
2191,21.91,0.8977336813126309,38.41642593719615
2192,21.92,0.8920156995815851,38.435125367301815
2193,21.93,0.8827679612478219,38.423019638357495
2194,21.94,0.8764693372861051,38.39293535634659
2195,21.95,0.8687294340895829,38.43126270542722
2196,21.96,0.8704169268534274,38.44128273705892
2197,21.97,0.8620912185305197,38.49303353792635
2198,21.98,0.8498890841368378,38.419430990220185
2199,21.990000000000002,0.8377541474530722,38.39681066917126
2200,22.0,0.8277742349626889,38.424560757106
2201,22.01,0.8315280172469397,38.419379634139865
2202,22.02,0.8142798880456092,38.44851677918204
2203,22.03,0.811777732663217,38.39940574495921
2204,22.04,0.8102079901910001,38.428529555166364
2205,22.05,0.8033404528366426,38.44983960480613
2206,22.06,0.7918590837188285,38.39152153502726
2207,22.07,0.7923660951599741,38.38776987888005
2208,22.080000000000002,0.7776529317850128,38.38418437557222
2209,22.09,0.775403738518178,38.40579746215955
2210,22.1,0.7621400268466162,38.41398427731308
2211,22.11,0.7588976766844816,38.3757091305605
2212,22.12,0.7459826082164512,38.406446846982455
2213,22.13,0.7468958110236825,38.4582926005516
2214,22.14,0.7396241997854639,38.38228785626206
2215,22.150000000000002,0.7326432852216204,38.406655710206536
2216,22.16,0.7238824591753297,38.382685024494286
2217,22.17,0.7180236466082659,38.43401832331626
2218,22.18,0.7075780221753408,38.45040405500703
2219,22.19,0.7010821611971338,38.330604345458354
2220,22.2,0.6966099715229935,38.38024944183687
2221,22.21,0.6938740973902602,38.37997668526339
2222,22.22,0.6814681497377424,38.3361079689938
2223,22.23,0.6792760764372595,38.34368888591335
2224,22.240000000000002,0.6769358918295069,38.416497203765346
2225,22.25,0.6628893448056544,38.29049859201224
2226,22.26,0.6585934875028886,38.328514998433995
2227,22.27,0.6525100845003413,38.282454779740426
2228,22.28,0.6485684586188885,38.339409755373126
2229,22.29,0.6400845026376906,38.31229507745115
2230,22.3,0.6360373345063909,38.34125753507963
2231,22.31,0.626172212828674,38.31641325573366
2232,22.32,0.6274441367258103,38.31980227440844
2233,22.330000000000002,0.6146686018363965,38.293802472201754
2234,22.34,0.6052439081522292,38.303631772021205
2235,22.35,0.6086720437774269,38.302470065291295
2236,22.36,0.5954101712317575,38.33046006254018
2237,22.37,0.5925156445736853,38.26206055153886
2238,22.38,0.5927929735738707,38.24505236389825
2239,22.39,0.5771339746246398,38.25390278209901
2240,22.400000000000002,0.5752456259273608,38.25073100228941
2241,22.41,0.5721944295672882,38.25708595466945
2242,22.42,0.5633906319628917,38.31482858525792
2243,22.43,0.5599269109930827,38.22151097997964
2244,22.44,0.5648789652431457,38.17619251224666
2245,22.45,0.5533271981158927,38.21725616350302
2246,22.46,0.5486088032985892,38.17424523004437
2247,22.47,0.5463900732303855,38.17296372477485
2248,22.48,0.5377840554169814,38.117478535585214
2249,22.490000000000002,0.5324412730755201,38.178193369094565
2250,22.5,0.529997275568121,38.16758105041433
2251,22.51,0.5207654727189807,38.17041521329103
2252,22.52,0.5147512955518143,38.10860818511129
2253,22.53,0.5160703469448144,38.10677322619321
2254,22.54,0.5164960736343391,38.06794433334984
2255,22.55,0.5125039804865437,38.10867400244706
2256,22.56,0.5084706055868394,38.058416780840524
2257,22.57,0.5033077065472735,38.0352506362545
2258,22.580000000000002,0.493592736723132,38.027458345273345
2259,22.59,0.488737983062719,37.998909602362815
2260,22.6,0.4892644832141147,38.01858009938964
2261,22.61,0.4839925361920747,37.97111575527341
2262,22.62,0.48480012273630274,37.9767069158962
2263,22.63,0.48076656556879865,37.95546125583904
2264,22.64,0.47901224354803607,37.90387883350761
2265,22.650000000000002,0.47878780464578286,37.886629897051876
2266,22.66,0.4751600594149434,37.902769216924476
2267,22.67,0.469697668396314,37.92342599766332
2268,22.68,0.4648452925890819,37.85899858230003
2269,22.69,0.46823782666333935,37.898552304333705
2270,22.7,0.4578998883374607,37.877933326044314
2271,22.71,0.4655584183943859,37.846998331365924
2272,22.72,0.46781716145718977,37.863313639764016
2273,22.73,0.45709428331207275,37.821548062204286
2274,22.740000000000002,0.4655568786762768,37.73294949699067
2275,22.75,0.45819925234696396,37.793596693850986
2276,22.76,0.45630428802669853,37.7989470729648
2277,22.77,0.45210402537301986,37.76257484163708
2278,22.78,0.45680782687053856,37.72330047247383
2279,22.79,0.45957197286039764,37.667396984914696
2280,22.8,0.45664716163273594,37.66616923580879
2281,22.81,0.4566041497754948,37.675737132296724
2282,22.82,0.45562775856755117,37.60321010586373
2283,22.830000000000002,0.45533889077836587,37.65957303252429
2284,22.84,0.4616465178194493,37.61971069124937
2285,22.85,0.46294474048381984,37.58250647752354
2286,22.86,0.4578395616296753,37.63343009721542
2287,22.87,0.45651868316477423,37.60037073220666
2288,22.88,0.4639419900232429,37.53820792999825
2289,22.89,0.46692684927620587,37.551350268161265
2290,22.900000000000002,0.4686440535662904,37.57321989557049
2291,22.91,0.46711925250394926,37.53632859063694
2292,22.92,0.46905811128234287,37.490514950690304
2293,22.93,0.47109999827388194,37.48810637225948
2294,22.94,0.4717122912926669,37.42672752449784
2295,22.95,0.47753508743445106,37.42258664773159
2296,22.96,0.4786954487515164,37.46746350417769
2297,22.97,0.4737250819264056,37.42197330215107
2298,22.98,0.4886797054500908,37.363830634315526
2299,22.990000000000002,0.4935874948838054,37.39435845866602
2300,23.0,0.4925496464347412,37.41115425322041
2301,23.01,0.4910903577822468,37.37799428192107
2302,23.02,0.497516895659474,37.321954559900036
2303,23.03,0.49684749453027094,37.36357178078415
2304,23.04,0.5085828370519971,37.2780023508338
2305,23.05,0.5069448393599307,37.31603090932745
2306,23.06,0.5107960792543049,37.276382149780986
2307,23.07,0.5143962262829619,37.278634235954264
2308,23.080000000000002,0.5209701226490139,37.221395311367544
2309,23.09,0.5246068992559592,37.22648188170947
2310,23.1,0.5326973260913742,37.22124617961978
2311,23.11,0.5409780225678003,37.207173522100724
2312,23.12,0.546273724490211,37.17734343869067
2313,23.13,0.5537430597175539,37.151611322457654
2314,23.14,0.5537722346734731,37.2127339712858
2315,23.150000000000002,0.5498077227996501,37.14865330541956
2316,23.16,0.5586838145416804,37.146027613717635
2317,23.17,0.5606230835763766,37.09297063070714
2318,23.18,0.5708382315825804,37.11329880407805
2319,23.19,0.5704693221078577,37.14311696177143
2320,23.2,0.5869933243483051,37.167365006773394
2321,23.21,0.5918530435962185,37.102037545231475
2322,23.22,0.5950566624673961,37.09258195543729
2323,23.23,0.6070309892792926,37.073691974805094
2324,23.240000000000002,0.6022197437008842,37.024699237112344
2325,23.25,0.6046066165663305,37.08687293884677
2326,23.26,0.6157968069766615,37.09265332541396
2327,23.27,0.6274116409398423,37.069831235603544
2328,23.28,0.6255746283731248,37.001014584920355
2329,23.29,0.6267728380899008,37.1113262678368
2330,23.3,0.6338754042526067,37.059523825878614
2331,23.31,0.6433424426377526,37.085007149558365
2332,23.32,0.6470345472697331,37.07098631981375
2333,23.330000000000002,0.6612847834813347,37.01247295800889
2334,23.34,0.6664652462450643,37.01783499785896
2335,23.35,0.6703329489444757,37.00042476547285
2336,23.36,0.6745756196468631,36.976791100565094
2337,23.37,0.6820216588883109,37.004117762865086
2338,23.38,0.6876127368159337,36.985226138970425
2339,23.39,0.6951377850938238,36.98272274768683
2340,23.400000000000002,0.700864503463437,36.98086719294078
2341,23.41,0.7118979415526264,36.97121688333804
2342,23.42,0.715916023867447,36.969980191944046
2343,23.43,0.7206548820967573,37.015746824763525
2344,23.44,0.7269954420367499,37.00983953887929
2345,23.45,0.7337342783697475,36.95401342300023
2346,23.46,0.7399440999394016,36.96126077651209
2347,23.47,0.7418788176796817,36.995301992855005
2348,23.48,0.7548617080217539,36.97162480149479
2349,23.490000000000002,0.7585213114196363,36.97054623390845
2350,23.5,0.767208424979135,36.96870514103355
2351,23.51,0.7692355351374093,37.01209102390905
2352,23.52,0.7798962113042621,36.98106589846513
2353,23.53,0.7799155194907199,36.982254662335315
2354,23.54,0.7939911579409854,36.983722660885206
2355,23.55,0.7924356180601736,36.99377789537528
2356,23.56,0.7985724272459451,36.90161689442321
2357,23.57,0.8092963893965515,36.939554354331186
2358,23.580000000000002,0.8136476702271515,36.927473720317316
2359,23.59,0.8260374032261331,36.933744208770904
2360,23.6,0.8271556363591241,36.94877384024067
2361,23.61,0.835353191154583,36.91477136766304
2362,23.62,0.8390188423964315,36.9706527704156
2363,23.63,0.8488656776078668,36.92115094456437
2364,23.64,0.8605842382427054,36.962291214118224
2365,23.650000000000002,0.8574942439028538,36.97209176873005
2366,23.66,0.8672429257688657,36.926226531098784
2367,23.67,0.8733734738278379,36.95303084758649
2368,23.68,0.8852395739129236,36.980810809650464
2369,23.69,0.8866834031305882,36.96854928830325
2370,23.7,0.8914057018059466,36.918318240556054
2371,23.71,0.9027737846300032,36.98280937091043
2372,23.72,0.9043490733148327,36.93990270223976
2373,23.73,0.9051679026282534,36.92045451867264
2374,23.740000000000002,0.9190647720376572,36.883552344268935
2375,23.75,0.9243987617407923,37.009098232244355
2376,23.76,0.9299543878196275,36.93660254558763
2377,23.77,0.9424004320464198,36.979502900327496
2378,23.78,0.9444873334746829,37.00240276715579
2379,23.79,0.9507507524458305,36.98858268975266
2380,23.8,0.952302996479843,36.90127573054351
2381,23.81,0.9708784947644572,36.97804499852199
2382,23.82,0.9678714743815501,36.946410003779036
2383,23.830000000000002,0.9714791950553027,36.96510976380757
2384,23.84,0.9826954178704442,36.927451486408174
2385,23.85,0.9854531698239622,36.94888132199693
2386,23.86,0.9970870074729644,36.98091481042163
2387,23.87,0.9964197845264163,36.94519453673949
2388,23.88,1.0115831270632816,36.991016148217014
2389,23.89,1.0118940172694355,36.934804675700235
2390,23.900000000000002,1.021849566290371,37.00826238060674
2391,23.91,1.0253433428826049,37.010255716865814
2392,23.92,1.0297635271571708,37.01654022804638
2393,23.93,1.0358959241531964,36.93545935565373
2394,23.94,1.0424745283114902,37.05087652395406
2395,23.95,1.0432771025535423,37.006454249310146
2396,23.96,1.055580659542136,36.99000689257376
2397,23.97,1.0521249549615994,36.96371338264335
2398,23.98,1.0658558756787684,36.995927469115685
2399,23.990000000000002,1.071420059691786,37.06810810616528
2400,24.0,1.0788643771745756,37.055715290907294
2401,24.01,1.0818274687112468,37.03688452757104
2402,24.02,1.0824944032317667,37.02786861289376
2403,24.03,1.0895763618301086,37.010156232297525
2404,24.04,1.0984902772117724,37.06242729000172
2405,24.05,1.111756802893446,37.08871313409933
2406,24.060000000000002,1.1095573929921065,37.02467945934717
2407,24.07,1.1188663029911177,37.052350831615705
2408,24.080000000000002,1.1210775116862164,37.02439895242743
2409,24.09,1.1267073517350732,37.00615428880684
2410,24.1,1.1274325611560936,37.096401862740926
2411,24.11,1.1349302568785786,37.06046520131242
2412,24.12,1.1459804305906802,37.07161289030628
2413,24.13,1.144460562291398,37.05227837674814
2414,24.14,1.1504239020887612,37.03635415822235
2415,24.150000000000002,1.158484098925103,37.08992915996751
2416,24.16,1.1622102137605865,37.08626100407629
2417,24.17,1.1706754113158278,37.13287777133251
2418,24.18,1.1732208425008543,37.12412114014186
2419,24.19,1.1813155473681765,37.12867711771687
2420,24.2,1.1849632416659064,37.119332890013126
2421,24.21,1.1858603104171006,37.154284638301746
2422,24.22,1.1926649069594517,37.124960799308774
2423,24.23,1.1988510150070435,37.1328346902239
2424,24.240000000000002,1.2028446267204842,37.14562407516006
2425,24.25,1.2123185760694815,37.174636712491484
2426,24.26,1.2111233394970256,37.12487202985578
2427,24.27,1.2242456790545835,37.167686784797766
2428,24.28,1.2255746217591579,37.19332937626744
2429,24.29,1.225543340826275,37.097516583654034
2430,24.3,1.2346760832176842,37.176870043790565
2431,24.310000000000002,1.2406316844301317,37.159491790853686
2432,24.32,1.2407325256869288,37.19313394636387
2433,24.330000000000002,1.2445817872605032,37.21660930190562
2434,24.34,1.2466957194342614,37.16094042906815
2435,24.35,1.2480229254389505,37.214774958219365
2436,24.36,1.252399936194112,37.18361629013953
2437,24.37,1.265670561047178,37.25140860475455
2438,24.38,1.2626297607764656,37.19025472256336
2439,24.39,1.273815957093602,37.20437983278307
2440,24.400000000000002,1.2713669141103459,37.17320465881902
2441,24.41,1.27623086353007,37.246603966524255
2442,24.42,1.280526944396401,37.22235535529449
2443,24.43,1.2859279261303451,37.25606611748502
2444,24.44,1.2881491927565287,37.23699643917482
2445,24.45,1.2936602775397117,37.23804854694633
2446,24.46,1.2992025414505857,37.24482694646433
2447,24.47,1.2931840349890085,37.288275310219845
2448,24.48,1.303885961157014,37.23774297850339
2449,24.490000000000002,1.3056003745271345,37.28078248775881
2450,24.5,1.3094193560602683,37.33111104915058
2451,24.51,1.3075984442521829,37.285394990735874
2452,24.52,1.3086019785156484,37.260539042603966
2453,24.53,1.3186928590051266,37.27248622003604
2454,24.54,1.3155505300639838,37.32877560550455
2455,24.55,1.329713334246497,37.285709835482216
2456,24.560000000000002,1.323975434967495,37.334998580018826
2457,24.57,1.3334355088812082,37.33447139954192
2458,24.580000000000002,1.3349829486236244,37.281139474606036
2459,24.59,1.3360920175221072,37.28591092012147
2460,24.6,1.339100293648188,37.3924558518925
2461,24.61,1.342330151178126,37.34543508344636
2462,24.62,1.346959912783883,37.36117708964574
2463,24.63,1.3447522117698132,37.35648945792885
2464,24.64,1.3472668959055238,37.34312437023742
2465,24.650000000000002,1.3474642842492266,37.332372230159315
2466,24.66,1.3598941376590366,37.38899791646848
2467,24.67,1.3503123885559636,37.35645674289495
2468,24.68,1.351616397030218,37.37652360579078
2469,24.69,1.3627733803006488,37.37030357003417
2470,24.7,1.3624916492354433,37.40029753723763
2471,24.71,1.3603472686423066,37.42156440254436
2472,24.72,1.3685940502448186,37.40023932995826
2473,24.73,1.3741399664190452,37.43072070041375
2474,24.740000000000002,1.3679182909340375,37.4552194278931
2475,24.75,1.3637349508469838,37.401837986414826
2476,24.76,1.3628749438357655,37.46724815128536
2477,24.77,1.375268867354415,37.45114428948962
2478,24.78,1.3708403962743834,37.50409025828405
2479,24.79,1.3798732166670518,37.4682705745174
2480,24.8,1.3726161062638078,37.432180238730766
2481,24.810000000000002,1.3822210563777526,37.4027547081032
2482,24.82,1.3859619160373655,37.4784890827994
2483,24.830000000000002,1.3864610932670236,37.5186134054479
2484,24.84,1.382445315965711,37.4863204789175
2485,24.85,1.3922304779077748,37.49899506505221
2486,24.86,1.3826377692046747,37.45548590265239
2487,24.87,1.3821817703553596,37.4892177683063
2488,24.88,1.385169968439022,37.48391590751165
2489,24.89,1.3940960128007687,37.53734276445748
2490,24.900000000000002,1.3833989992800992,37.53856954042236
2491,24.91,1.3928072188362224,37.54649789300271
2492,24.92,1.3903036319320285,37.55930156170931
2493,24.93,1.3964920999979347,37.562129618999116
2494,24.94,1.3914207508862009,37.548049535025704
2495,24.95,1.3878452954507294,37.541506743961286
2496,24.96,1.3929537869809627,37.550267984829816
2497,24.97,1.3960032732020273,37.59916038164072
2498,24.98,1.3993331074627726,37.59702084144983
2499,24.990000000000002,1.3949511302253153,37.55456851874577
2500,25.0,1.3927081012504117,37.5865857592639
2501,25.01,1.3913506500060306,37.61380602809562
2502,25.02,1.3959067839701609,37.63727372978387
2503,25.03,1.394643228866476,37.603222636837934
2504,25.04,1.3903480374832626,37.55591707965766
2505,25.05,1.3971200850326364,37.67661084116158
2506,25.060000000000002,1.3908954550975692,37.602615392746905
2507,25.07,1.3905524061571253,37.613237515702316
2508,25.080000000000002,1.3916617523180288,37.67377786732034
2509,25.09,1.3938085825050837,37.649220013074945
2510,25.1,1.389815917318223,37.71261828949058
2511,25.11,1.3891394040115368,37.680240170950036
2512,25.12,1.390532361359453,37.624118043873914
2513,25.13,1.3928234480163104,37.69596795605724
2514,25.14,1.3873782110444663,37.713944315200074
2515,25.150000000000002,1.3929844126791435,37.701242034041705
2516,25.16,1.383935294342753,37.68830808546193
2517,25.17,1.3843315207300955,37.71239449950933
2518,25.18,1.3797814340579029,37.7555795586353
2519,25.19,1.3729910608731244,37.6997875139309
2520,25.2,1.3806717459868931,37.729686051711326
2521,25.21,1.379880475638822,37.76587610122129
2522,25.22,1.382648863751612,37.803290116971866
2523,25.23,1.3744994883989199,37.77788521025857
2524,25.240000000000002,1.3789095246849041,37.738530760647244
2525,25.25,1.3753897616496698,37.703138728437054
2526,25.26,1.3747161772719911,37.827229290682176
2527,25.27,1.3704701778510415,37.698126899489594
2528,25.28,1.367732925193214,37.77337337849182
2529,25.29,1.3642779083529217,37.81069177443036
2530,25.3,1.3687173016678331,37.78846235688274
2531,25.310000000000002,1.3574892328107906,37.80948077378411
2532,25.32,1.3621326133611866,37.843893718628586
2533,25.330000000000002,1.3617358358565084,37.818203854262336
2534,25.34,1.3559963873500909,37.759437629258215
2535,25.35,1.355957727507655,37.809440684576856
2536,25.36,1.3541056981574497,37.834907909096465
2537,25.37,1.3526668952895058,37.844983174834574
2538,25.38,1.3509587510637133,37.797644397079495
2539,25.39,1.3469941291793246,37.81747660973886
2540,25.400000000000002,1.3400727903096434,37.894563029397574
2541,25.41,1.3416661879764775,37.883956496183465
2542,25.42,1.3374598417452286,37.87927634339609
2543,25.43,1.3342349508532547,37.8769567675451
2544,25.44,1.3310719116222183,37.83232973629058
2545,25.45,1.329760619488534,37.906069107802374
2546,25.46,1.3257348314600568,37.9246158933478
2547,25.47,1.3242632486685242,37.87876628986577
2548,25.48,1.3250707230896208,37.91110009224662
2549,25.490000000000002,1.3174358204893044,37.92620342885576
2550,25.5,1.3151212265595846,37.89143967593198
2551,25.51,1.3097587176304646,37.93021582959064
2552,25.52,1.3062201253224586,37.983706779341
2553,25.53,1.3079039416862266,37.97034416802652
2554,25.54,1.2971819061746575,37.935767702945846
2555,25.55,1.2993224315393366,38.02020543905045
2556,25.560000000000002,1.2941859882522209,37.953424012474535
2557,25.57,1.29013863272026,37.940673549771105
2558,25.580000000000002,1.2859479169931551,37.98866874832515
2559,25.59,1.2826224857638238,37.98980883560045
2560,25.6,1.2806308521494536,38.01691403801397
2561,25.61,1.2712577394645292,37.9839220544088
2562,25.62,1.2752662000812784,38.02515881179752
2563,25.63,1.2742250246098865,38.012518383380396
2564,25.64,1.2671491785038773,38.01572891133699
2565,25.650000000000002,1.2655689411530313,38.003672850246566
2566,25.66,1.254729418066823,37.99128132693734
2567,25.67,1.255092711452308,37.98784953163577
2568,25.68,1.249555399641851,38.04765828205656
2569,25.69,1.252002919371216,38.003463225212656
2570,25.7,1.24489108866286,38.003097166769216
2571,25.71,1.2366227362135054,38.02972304136393
2572,25.72,1.2351886189949428,37.98457690138539
2573,25.73,1.2245876811765402,38.020336274021474
2574,25.740000000000002,1.2276300704443992,38.07096778449167
2575,25.75,1.2232169397712827,38.03421256389235
2576,25.76,1.2174717632132337,38.055770765756876
2577,25.77,1.2125620309103238,38.07652063843082
2578,25.78,1.2087063203036144,38.06555369470915
2579,25.79,1.2053912285477988,38.12658026457212
2580,25.8,1.199024582804242,38.05943308861494
2581,25.810000000000002,1.1982160686912935,38.06127787375588
2582,25.82,1.1923297892737987,38.011127567396855
2583,25.830000000000002,1.192399554391321,38.09973933644915
2584,25.84,1.1872030447789153,38.04636682560422
2585,25.85,1.1792844096523687,38.046762618037306
2586,25.86,1.175116796584519,38.09500982215469
2587,25.87,1.1677951083166653,38.1747243294488
2588,25.88,1.1606866829991012,38.123668091730906
2589,25.89,1.1548863669442597,38.059985632934854
2590,25.900000000000002,1.1588466967151414,38.08627289146987
2591,25.91,1.1487304671884557,38.10273013981803
2592,25.92,1.1440158218803271,38.10380637865926
2593,25.93,1.1357127947710506,38.12199477326895
2594,25.94,1.1378467793684823,38.10016992135623
2595,25.95,1.1332669915522222,38.07597467565329
2596,25.96,1.1231391095616603,38.13240388997113
2597,25.97,1.121201313406993,38.109468524682036
2598,25.98,1.1154420191721293,38.088384774764066
2599,25.990000000000002,1.10968199397803,38.13806195652302
2600,26.0,1.103118009277663,38.101409118373866
2601,26.01,1.1017136116713138,38.126851405091976
2602,26.02,1.1023454107203567,38.123243700770146
2603,26.03,1.0920077148810723,38.15283143356337
2604,26.04,1.0881901056767482,38.20056055282425
2605,26.05,1.0798077990658725,38.19190969686461
2606,26.060000000000002,1.0723035676866455,38.125072078242084
2607,26.07,1.06803527340346,38.14128445551966
2608,26.080000000000002,1.067869990962813,38.182201610108145
2609,26.09,1.0618076608059552,38.117278491835656
2610,26.1,1.0591966200612735,38.1708388309604
2611,26.11,1.0526862534777461,38.09965397821967
2612,26.12,1.0469179444783512,38.15678831333715
2613,26.13,1.0400232063259076,38.21505301452021
2614,26.14,1.0378659189384984,38.195056387802495
2615,26.150000000000002,1.0327755175670092,38.16299890005845
2616,26.16,1.0240671429592565,38.18011497003948
2617,26.17,1.0183210516378847,38.190695817267034
2618,26.18,1.0198521015585769,38.16443872055398
2619,26.19,1.0117672865183092,38.182678791042726
2620,26.2,1.007817970943469,38.19611323917956
2621,26.21,1.000081065711825,38.2612097913657
2622,26.22,0.995888797501554,38.21929088301823
2623,26.23,0.9953499078765267,38.12524778042614
2624,26.240000000000002,0.9912114777415253,38.1878108615624
2625,26.25,0.9846902132606689,38.23969059967246
2626,26.26,0.9723067009434354,38.21234108128809
2627,26.27,0.9732427032375319,38.196065000438985
2628,26.28,0.962087071235358,38.19344281413921
2629,26.29,0.9622376534506534,38.12619778267749
2630,26.3,0.9514295405105301,38.20270690114646
2631,26.310000000000002,0.9465238617705203,38.18661703034062
2632,26.32,0.9471549466270824,38.145860632917454
2633,26.330000000000002,0.936179357513618,38.22129912566071
2634,26.34,0.9364536194131956,38.1795967646618
2635,26.35,0.9273851315468999,38.18889792729868
2636,26.36,0.9216180606006271,38.14770164944452
2637,26.37,0.9194227064215577,38.21514037530884
2638,26.38,0.9126931727032439,38.191764727423305
2639,26.39,0.9060718374528132,38.22433723852578
2640,26.400000000000002,0.9041811866291519,38.18326789844706
2641,26.41,0.8995965860333709,38.17804612025459
2642,26.42,0.8956789586219625,38.16787200799428
2643,26.43,0.8825116587219346,38.10897039303709
2644,26.44,0.8754726412372854,38.198722533486254
2645,26.45,0.8813818114115446,38.17417686936781
2646,26.46,0.8702619315211817,38.15443453392224
2647,26.47,0.8693339140522338,38.207794960161635
2648,26.48,0.8664950297892199,38.13621615637892
2649,26.490000000000002,0.8528911388990464,38.14683531102267
2650,26.5,0.8492067014413801,38.22571410631452
2651,26.51,0.8468931400369056,38.1598513617818
2652,26.52,0.8454640307890718,38.21857842461008
2653,26.53,0.8478911698755192,38.17553822407416
2654,26.54,0.8367289246572762,38.20896926132199
2655,26.55,0.8274647832013966,38.09980794733255
2656,26.560000000000002,0.8215772188851879,38.13431640919324
2657,26.57,0.8179953898996094,38.11159265323115
2658,26.580000000000002,0.8185872295876588,38.20014164063879
2659,26.59,0.8083290172504546,38.186667628515266
2660,26.6,0.8104121410613149,38.14153185234977
2661,26.61,0.799677721547222,38.18309191003776
2662,26.62,0.7943462788413125,38.12093047727464
2663,26.63,0.7874890839138571,38.140337153758104
2664,26.64,0.7764455142823239,38.142696853911644
2665,26.650000000000002,0.7799368313248888,38.053022383742714
2666,26.66,0.7808057515035,38.18875647760565
2667,26.67,0.766353913910418,38.14499970821339
2668,26.68,0.7669128887415999,38.07177464489154
2669,26.69,0.7612098858890289,38.12527274102058
2670,26.7,0.7618714767099368,38.10778338751163
2671,26.71,0.7534276949774664,38.12393996650725
2672,26.72,0.7502954705610033,38.17169954321974
2673,26.73,0.7503702361805046,38.110421104081546
2674,26.740000000000002,0.7383376221402218,38.101857108538404
2675,26.75,0.7370656017295867,38.04670539072941
2676,26.76,0.7349127333367292,38.08561967890669
2677,26.77,0.7338751852900852,38.06358732777693
2678,26.78,0.7243629178650943,38.062353111257615
2679,26.79,0.7235756934808331,38.10772546429887
2680,26.8,0.7152412315721814,38.06305551728861
2681,26.810000000000002,0.7130982356554738,38.10148599963462
2682,26.82,0.7142928601860138,38.02976352331009
2683,26.830000000000002,0.7066995183202723,38.03514889000498
2684,26.84,0.7037601954425361,38.06583631440104
2685,26.85,0.7005815159488297,38.00656114339441
2686,26.86,0.7032022377529843,37.96236418016875
2687,26.87,0.6949959337213966,38.044276608106394
2688,26.88,0.691742655481043,37.99746485092878
2689,26.89,0.6834409008006842,38.01809152661628
2690,26.900000000000002,0.6829496238272312,37.95424066751639
2691,26.91,0.6817703584755758,38.06481944242578
2692,26.92,0.6692116827287877,37.92243920636608
2693,26.93,0.6754437618184679,38.02946304238483
2694,26.94,0.661718282473665,37.975259168701854
2695,26.95,0.6676611623752903,37.9422674208709
2696,26.96,0.6696008294259364,37.968742636086176
2697,26.97,0.6653594258774088,37.96702443397548
2698,26.98,0.6614743930188461,37.96732913536571
2699,26.990000000000002,0.6550903886781915,37.90723353331635
2700,27.0,0.6543226021528795,37.94106727680055
2701,27.01,0.6567592037099022,37.92240151648834
2702,27.02,0.653860639673931,37.95050260054838
2703,27.03,0.64719446276453,37.91783754140235
2704,27.04,0.650697440644696,37.88474313607033
2705,27.05,0.6402253714163706,37.89126939649011
2706,27.060000000000002,0.6431631046022602,37.92559205294762
2707,27.07,0.6401829371017476,37.87712528606453
2708,27.080000000000002,0.6447023156482783,37.8025133623733
2709,27.09,0.6363361146580355,37.7952003677353
2710,27.1,0.6371158448016032,37.8496129815252
2711,27.11,0.6379957680373078,37.82314367385106
2712,27.12,0.6318880025161773,37.757168216850154
2713,27.13,0.6311295805968826,37.739443288986514
2714,27.14,0.6355476581920835,37.82219679293347
2715,27.150000000000002,0.6300139758831769,37.7771105406564
2716,27.16,0.6353375883525075,37.70431607263676
2717,27.17,0.627548520145885,37.721102355792326
2718,27.18,0.6326980473720459,37.76397470900354
2719,27.19,0.624164132152592,37.75231967588531
2720,27.2,0.6172630139112143,37.74001980287481
2721,27.21,0.6246907321666672,37.73979346549984
2722,27.22,0.62504673423744,37.678291863962244
2723,27.23,0.6255312340338063,37.6665444745875
2724,27.240000000000002,0.6252700979926468,37.70620554605221
2725,27.25,0.6220777052071198,37.65770962831685
2726,27.26,0.6184489768832333,37.66080338637873
2727,27.27,0.6200469642739119,37.668633001294516
2728,27.28,0.6263268815029387,37.68809645710134
2729,27.29,0.6268258516255348,37.67322119964
2730,27.3,0.6240600385884203,37.58052389637185
2731,27.310000000000002,0.6209603499131489,37.65751384019324
2732,27.32,0.6285091369463025,37.671891477837995
2733,27.330000000000002,0.6273555677703947,37.557303689971896
2734,27.34,0.6274168620883832,37.575984923084
2735,27.35,0.6342316194394981,37.590824652019805
2736,27.36,0.6277024685205429,37.6303025935078
2737,27.37,0.6346972552175155,37.57517300703464
2738,27.38,0.635670763071214,37.56393575357425
2739,27.39,0.6377200838629185,37.58051461712902
2740,27.400000000000002,0.6410378484755276,37.556847055295435
2741,27.41,0.6360439093248115,37.58941702228318
2742,27.42,0.6329430295662021,37.540651107847296
2743,27.43,0.6426844590599946,37.50756684009404
2744,27.44,0.6501623745956547,37.482883685204236
2745,27.45,0.6438730234159724,37.43477658243328
2746,27.46,0.652215817174979,37.48712292151823
2747,27.47,0.6457623346630578,37.46307646893643
2748,27.48,0.6487382262377618,37.43236925700764
2749,27.490000000000002,0.6499295422515218,37.45420939538754
2750,27.5,0.6545833003535655,37.479297130298086
2751,27.51,0.6560854059161972,37.43599936349734
2752,27.52,0.6585539026295,37.46650332547654
2753,27.53,0.662190056779331,37.43517022056706
2754,27.54,0.6654762608516458,37.43283043181928
2755,27.55,0.6690243986683938,37.37415829671174
2756,27.560000000000002,0.6705217456327571,37.4064397662897
2757,27.57,0.6734010797467871,37.393344541902174
2758,27.580000000000002,0.6784834972625247,37.38241713977978
2759,27.59,0.6775689979117371,37.33811959229685
2760,27.6,0.6886217194793789,37.38843484623846
2761,27.61,0.6860564171727791,37.376465336991465
2762,27.62,0.6867966456606952,37.33083321994799
2763,27.63,0.696141933349075,37.390486481053195
2764,27.64,0.6959052791890904,37.329351427434815
2765,27.650000000000002,0.7010086977277097,37.33847849920444
2766,27.66,0.6950741065150312,37.30462710893375
2767,27.67,0.7081491324498744,37.31235220493074
2768,27.68,0.7044502632829558,37.309112330720865
2769,27.69,0.7126111039543988,37.357467728812374
2770,27.7,0.7124789270580597,37.278055927524036
2771,27.71,0.7133712059073072,37.283105249396954
2772,27.72,0.721229780952374,37.3039800348759
2773,27.73,0.7325598394290357,37.31865141706842
2774,27.740000000000002,0.7296222440580927,37.273431962810726
2775,27.75,0.731414571563928,37.28301602817991
2776,27.76,0.7343501335223623,37.28554306620418
2777,27.77,0.7429881705539011,37.26171226223849
2778,27.78,0.7446688571081801,37.3142025824632
2779,27.79,0.751605716671651,37.26701909221276
2780,27.8,0.7513682255949062,37.28659015241678
2781,27.810000000000002,0.7565861764216658,37.255213461825285
2782,27.82,0.7636638683003798,37.25195667325035
2783,27.830000000000002,0.7648719361899724,37.257094189823135
2784,27.84,0.7657503176672577,37.24615754332323
2785,27.85,0.7725072584486837,37.1984629876857
2786,27.86,0.769464972972158,37.18831463056594
2787,27.87,0.7864292940905857,37.23089896900557
2788,27.88,0.7855370692088641,37.21706840555127
2789,27.89,0.7892339881478408,37.20441992799829
2790,27.900000000000002,0.7931272236943291,37.23701865450512
2791,27.91,0.7939738337067452,37.21674168351669
2792,27.92,0.8048527353911454,37.25720086130171
2793,27.93,0.8028636715047994,37.19241870634489
2794,27.94,0.8093199124570687,37.21947052122467
2795,27.95,0.8132698545872183,37.20893643021618
2796,27.96,0.8221250526589909,37.216207791853655
2797,27.97,0.8168787763968081,37.2092277889919
2798,27.98,0.8333019664772587,37.2730648413287
2799,27.990000000000002,0.834046624254525,37.16595024394465
2800,28.0,0.8328836697952697,37.19211017743625
2801,28.01,0.8427545733199019,37.20536244495381
2802,28.02,0.8520442345490433,37.20428999440882
2803,28.03,0.8505092698668937,37.18643794568287
2804,28.04,0.8570586487002118,37.129914356917716
2805,28.05,0.8605055947680607,37.21400974680471
2806,28.060000000000002,0.8610508077569118,37.22053024074803
2807,28.07,0.86960237026075,37.20136080263132
2808,28.080000000000002,0.8759924645643062,37.232671511808626
2809,28.09,0.8799980962398095,37.15704028954257
2810,28.1,0.8856202926389606,37.13438247339239
2811,28.11,0.8874076548194284,37.147850514821904
2812,28.12,0.8853372769745218,37.15189094641045
2813,28.13,0.9011998462135196,37.165674526445095
2814,28.14,0.8964778077413352,37.17755049980481
2815,28.150000000000002,0.9029353692026552,37.1382673205489
2816,28.16,0.9078175318819786,37.13175962088303
2817,28.17,0.9177968950721745,37.17811413929821
2818,28.18,0.9168806104502893,37.1852548002814
2819,28.19,0.9277127097151621,37.18933239013287
2820,28.2,0.928617049160265,37.18430810218296
2821,28.21,0.9255322305824172,37.175039051759065
2822,28.22,0.9373512657254678,37.18569581317178
2823,28.23,0.9392937474741614,37.18901765267116
2824,28.240000000000002,0.947836546750253,37.17511444558477
2825,28.25,0.953553517921872,37.14371308216207
2826,28.26,0.9579080889277272,37.173626054116056
2827,28.27,0.9605906759626952,37.24449519902528
2828,28.28,0.9666692996155695,37.16557850731827
2829,28.29,0.9637787224445559,37.22847487447643
2830,28.3,0.9803370315909808,37.18057221664713
2831,28.310000000000002,0.9806086694871482,37.153519197416976
2832,28.32,0.9857856874963494,37.12513881713645
2833,28.330000000000002,0.9807813324328029,37.1256054665577
2834,28.34,0.9930774952718084,37.17797738647745
2835,28.35,0.999219225851703,37.19639321315564
2836,28.36,1.001493023615081,37.14700318787875
2837,28.37,1.0043675459926384,37.15610638232168
2838,28.38,1.0077966593337715,37.236187030209244
2839,28.39,1.0093947207267908,37.20343111654723
2840,28.400000000000002,1.0179177042660525,37.21149912148724
2841,28.41,1.0172436424816385,37.184802186582075
2842,28.42,1.0251309323305584,37.13766745814193
2843,28.43,1.029464739694821,37.21729796716368
2844,28.44,1.0460065050716336,37.18888371040751
2845,28.45,1.0460485130869515,37.14301931544576
2846,28.46,1.0420618019842016,37.17724192113933
2847,28.47,1.0510354426508826,37.2061802486482
2848,28.48,1.0540263114474466,37.20919140426496
2849,28.490000000000002,1.05478582959496,37.23652934157461
2850,28.5,1.062020249196559,37.20311422385035
2851,28.51,1.0676872047756953,37.1669487550311
2852,28.52,1.0694921197316647,37.24546810454751
2853,28.53,1.0697862214753877,37.224201876015684
2854,28.54,1.0729252159089668,37.186779580451706
2855,28.55,1.0858592963581233,37.23278173769621
2856,28.560000000000002,1.0857207094212946,37.235304129386236
2857,28.57,1.0902220037490273,37.24144779135254
2858,28.580000000000002,1.0934996311807292,37.17370763096595
2859,28.59,1.0981637309315997,37.24598259558835
2860,28.6,1.1057292862619292,37.21163896742221
2861,28.61,1.1011040493209845,37.19664466077617
2862,28.62,1.1096320332396834,37.22329127505331
2863,28.63,1.1180133690137106,37.2571602437237
2864,28.64,1.1170983905577074,37.27939066452421
2865,28.650000000000002,1.1176461832213385,37.27181767420519
2866,28.66,1.1144280293259377,37.22235791861749
2867,28.67,1.1212681248260268,37.30115906302669
2868,28.68,1.1339405727703114,37.252458916799455
2869,28.69,1.1242661644811365,37.281552615203815
2870,28.7,1.1384989713195452,37.24936541742163
2871,28.71,1.1401090011169994,37.23919795704395
2872,28.72,1.1429356838444158,37.2616602958084
2873,28.73,1.1478773235975184,37.31080216638296
2874,28.740000000000002,1.1488835077349175,37.297043682167335
2875,28.75,1.1535283418003615,37.245576948282284
2876,28.76,1.158279104970383,37.26393598266526
2877,28.77,1.159026341913967,37.24636543657857
2878,28.78,1.1615290882487959,37.32985671136551
2879,28.79,1.1622026985582008,37.26448347392544
2880,28.8,1.1721728185477924,37.28531807042995
2881,28.810000000000002,1.1798336633841744,37.33804819805976
2882,28.82,1.1778545670043215,37.28738291040606
2883,28.830000000000002,1.1806382370855635,37.36520713092165
2884,28.84,1.181171661163318,37.28645270173325
2885,28.85,1.187412867820442,37.32453693907182
2886,28.86,1.1858928539280797,37.37879386719547
2887,28.87,1.194776690867523,37.278312770313825
2888,28.88,1.1924167974343027,37.31353370324801
2889,28.89,1.1941040286688764,37.32371928631805
2890,28.900000000000002,1.1997462310936322,37.34838271095458
2891,28.91,1.2074475046063424,37.394677565196105
2892,28.92,1.203030126542432,37.37887062066379
2893,28.93,1.207244890816091,37.33364798577399
2894,28.94,1.212109838068673,37.408100535686074
2895,28.95,1.214863800313873,37.37635384858254
2896,28.96,1.2168980992565943,37.42156760679943
2897,28.97,1.219926501184604,37.38851151153837
2898,28.98,1.2191484073463068,37.41490506094273
2899,28.990000000000002,1.2201025003809527,37.425755965655235
2900,29.0,1.229385928249594,37.3625406137342
2901,29.01,1.2343223167420665,37.36994632905577
2902,29.02,1.2359845327114918,37.35832443377158
2903,29.03,1.2332281849999909,37.44860175604379
2904,29.04,1.230290850080217,37.409102914928525
2905,29.05,1.237484516211564,37.40633481446451
2906,29.060000000000002,1.245665437907504,37.43601032375894
2907,29.07,1.2380024836202812,37.39213740708192
2908,29.080000000000002,1.2393643032385055,37.426410884635025
2909,29.09,1.2513685891899247,37.374865260567624
2910,29.1,1.2499154748650334,37.42921584609326
2911,29.11,1.251243098397963,37.42784088434533
2912,29.12,1.2524812294230214,37.463596942990144
2913,29.13,1.2549926542763135,37.446471697610185
2914,29.14,1.2522865097758342,37.47813804242577
2915,29.150000000000002,1.2530626734874555,37.466710504006876
2916,29.16,1.2620365916380496,37.44362079684818
2917,29.17,1.2622451963370536,37.4387069119073
2918,29.18,1.2599707662255257,37.44659025376409
2919,29.19,1.2594267474578449,37.52485580874246
2920,29.2,1.2635189885640326,37.46345866977044
2921,29.21,1.2685377677797531,37.44384817069717
2922,29.22,1.2546679088351986,37.46051007509328
2923,29.23,1.2634542226899312,37.46625789168273
2924,29.240000000000002,1.2677528321775269,37.49838175818794
2925,29.25,1.2669908189527295,37.4696777242735
2926,29.26,1.2680284251409726,37.525376973991854
2927,29.27,1.2748967164253149,37.494956644354836
2928,29.28,1.27233177683017,37.568870403518616
2929,29.29,1.2723016431913854,37.52729127456742
2930,29.3,1.2780537258314746,37.615298126832634
2931,29.310000000000002,1.2743323473082966,37.51528542028092
2932,29.32,1.270629162184474,37.539135517918545
2933,29.330000000000002,1.2753227785667172,37.55032204693258
2934,29.34,1.278157631009515,37.534932351767445
2935,29.35,1.2792096222089153,37.49889888076445
2936,29.36,1.2802750094201591,37.60779453470937
2937,29.37,1.2837996092951975,37.58204205517641
2938,29.38,1.2782705551733204,37.57787506171024
2939,29.39,1.2776346124498907,37.5591164371258
2940,29.400000000000002,1.2750366430320543,37.56643336515734
2941,29.41,1.2824292636656942,37.56892312861365
2942,29.42,1.2856737366204447,37.61788625658417
2943,29.43,1.2753265641995146,37.641650017673854
2944,29.44,1.2752197247985955,37.579183804973546
2945,29.45,1.2832075121558266,37.60940013218684
2946,29.46,1.2805972578935025,37.58695006099892
2947,29.47,1.2813459601796915,37.62454279103636
2948,29.48,1.2793653740211,37.62606006405406
2949,29.490000000000002,1.279005391345914,37.60166336227303
2950,29.5,1.279088146791283,37.591903670392185
2951,29.51,1.283301440896097,37.637674310403725
2952,29.52,1.2810952644423688,37.6423824203748
2953,29.53,1.2808482040517168,37.56682177129449
2954,29.54,1.2776995082561626,37.66239636779892
2955,29.55,1.2814590635383132,37.70187443258077
2956,29.560000000000002,1.276884691623098,37.60993710589732
2957,29.57,1.2732699659907776,37.69178823957531
2958,29.580000000000002,1.273830602474185,37.72238537592249
2959,29.59,1.2719663938780208,37.717493983157915
2960,29.6,1.2767850989485616,37.68106547673956
2961,29.61,1.277175597604326,37.63547658640722
2962,29.62,1.282900631809538,37.690504351032054
2963,29.63,1.2750584214818788,37.670469429928865
2964,29.64,1.2725416756901695,37.6704533277738
2965,29.650000000000002,1.2690546084883698,37.721360588076124
2966,29.66,1.2666100756997651,37.68167394295401
2967,29.67,1.2717749057065537,37.70371200835054
2968,29.68,1.2681604199635217,37.70805881614762
2969,29.69,1.2726257909692753,37.71800330633788
2970,29.7,1.2693277683007336,37.76939871042174
2971,29.71,1.2637392390122015,37.72042120638436
2972,29.72,1.2643981573830443,37.750915245891626
2973,29.73,1.267788883754173,37.8000538129575
2974,29.740000000000002,1.2648750111243519,37.755024370725856
2975,29.75,1.2666993660995913,37.73647024455159
2976,29.76,1.2584271351995278,37.726528003484724
2977,29.77,1.2626084234670114,37.81143968213677
2978,29.78,1.2556294273323825,37.763590668076866
2979,29.79,1.2602696352629066,37.80292680339854
2980,29.8,1.2534377130951802,37.744617276281794
2981,29.810000000000002,1.250217093517552,37.73474914950355
2982,29.82,1.2488880727100506,37.76076768326162
2983,29.830000000000002,1.2469085843290644,37.81272888138614
2984,29.84,1.243788007630402,37.794247338000666
2985,29.85,1.240845861925608,37.79668899436773
2986,29.86,1.2439017181112813,37.80761487813683
2987,29.87,1.2400598219508316,37.82853361512181
2988,29.88,1.2410016013781564,37.85314312056385
2989,29.89,1.236154789183417,37.81795024682765
2990,29.900000000000002,1.2315684279428656,37.816698683076545
2991,29.91,1.2348906302033742,37.87897915463422
2992,29.92,1.2343601513172935,37.87408650007336
2993,29.93,1.2371128801146158,37.779058832422464
2994,29.94,1.227329435694692,37.86475767509305
2995,29.95,1.2247789352065683,37.86216385597798
2996,29.96,1.2186708021041621,37.81319578192513
2997,29.97,1.216351853756563,37.898425018606
2998,29.98,1.2174917727385546,37.84375248090397
2999,29.990000000000002,1.21447628474042,37.84838279306908
