,t,x,y
0,0.0,5.601469011790557,1.8558634167395038
1,0.01,5.575220650808415,1.9373345804231559
2,0.02,5.547846483674414,1.8788865627710176
3,0.03,5.533302103283105,2.053638441890146
4,0.04,5.502375197518235,2.0912932092147956
5,0.05,5.478226850161657,2.10660878762498
6,0.06,5.448971160664278,2.2289886033507544
7,0.07,5.4385926778856515,2.237766435452979
8,0.08,5.415729342264535,2.36396418018336
9,0.09,5.391069455468201,2.340255677204108
10,0.1,5.367693653699275,2.411647201299889
11,0.11,5.349051354896963,2.496646818637406
12,0.12,5.326572485012087,2.5290627253721367
13,0.13,5.313199457490593,2.5622899744591336
14,0.14,5.290894733886353,2.6338812728605294
15,0.15,5.268882756880448,2.7154602923085536
16,0.16,5.25226021323814,2.738883169413391
17,0.17,5.241190333312357,2.7744620667762385
18,0.18,5.228428468179214,2.835281803515593
19,0.19,5.2054147907062935,2.93108388409029
20,0.2,5.190401148321916,2.9236336704087007
21,0.21,5.1785724924255,3.008369319763085
22,0.22,5.1685239456860135,3.0586473587631624
23,0.23,5.149301510682755,3.123803839488767
24,0.24,5.128363250509326,3.1988111661700445
25,0.25,5.1239692740096,3.2125551648827955
26,0.26,5.107398177277251,3.2131990242940622
27,0.27,5.099432750308611,3.3203942871847008
28,0.28,5.095800779521121,3.396537636957459
29,0.29,5.075525232223604,3.390171555777655
30,0.3,5.06698343541886,3.4985303502389975
31,0.31,5.059358519299632,3.622044868501469
32,0.32,5.0498279940205135,3.5784436044464267
33,0.33,5.0419318653329235,3.602206734625873
34,0.34,5.030862737134891,3.682288080900758
35,0.35000000000000003,5.0250161923796774,3.7375252294594397
36,0.36,5.012736027425813,3.81660538265272
37,0.37,5.002807454933058,3.8537436176007036
38,0.38,5.004648486948209,3.8795512734081945
39,0.39,4.996069215442431,3.9617749344028255
40,0.4,4.9929385743822525,4.04751245661659
41,0.41000000000000003,4.982304925575389,4.009197619613515
42,0.42,4.97842913320359,4.100889377387675
43,0.43,4.976260350142461,4.159455008823866
44,0.44,4.972501679307825,4.228859155698631
45,0.45,4.97502526184488,4.311448587205615
46,0.46,4.96543034438297,4.300754534208214
47,0.47000000000000003,4.962072572024463,4.355877757426139
48,0.48,4.963784903916328,4.4339396873597
49,0.49,4.955420449194783,4.505737755537764
50,0.5,4.9538663916826655,4.462931864337855
51,0.51,4.949981742422722,4.515474915122561
52,0.52,4.943090273541896,4.570071470588775
53,0.53,4.943487006317996,4.679621177276217
54,0.54,4.947610772770927,4.744461645770674
55,0.55,4.946732106363599,4.758168554846664
56,0.56,4.940361995151579,4.840332540770089
57,0.5700000000000001,4.942230388044474,4.853447494155983
58,0.58,4.934573966052617,4.858109408315789
59,0.59,4.938011083823366,4.966350455413137
60,0.6,4.93066739432489,5.011386876676545
61,0.61,4.933336375957077,5.016258315288394
62,0.62,4.929516169236963,5.110395579920505
63,0.63,4.921260821002829,5.162342139739855
64,0.64,4.925593135564093,5.206239881793737
65,0.65,4.923273646000724,5.277671242744696
66,0.66,4.906551223737911,5.305973133955368
67,0.67,4.918460892121683,5.31975691254416
68,0.68,4.914884802599572,5.3557199564505975
69,0.6900000000000001,4.9026907414904075,5.448486866069708
70,0.7000000000000001,4.908597139071283,5.44529750419455
71,0.71,4.901016554401802,5.515294289084966
72,0.72,4.897651851937193,5.587306713811603
73,0.73,4.893831271649235,5.597343763219982
74,0.74,4.888618184198811,5.69023591748349
75,0.75,4.881492300067097,5.7189803805705415
76,0.76,4.877130439951832,5.814829885635966
77,0.77,4.86462580222015,5.7776100569247815
78,0.78,4.860648706763973,5.875950851305529
79,0.79,4.861524397767822,5.90426054111999
80,0.8,4.8489203594155,5.938159717283589
81,0.81,4.834324127395265,6.004875146408789
82,0.8200000000000001,4.8273919236336535,6.106905713386898
83,0.8300000000000001,4.822348652836349,6.110528856592239
84,0.84,4.815881338275369,6.16271037339508
85,0.85,4.795401566029798,6.169741064213979
86,0.86,4.783319002430095,6.230625172539224
87,0.87,4.772804879812412,6.261131247451636
88,0.88,4.766944320922256,6.312420579830592
89,0.89,4.756038343022081,6.361579970671544
90,0.9,4.734810445023972,6.414242743375837
91,0.91,4.725470508525126,6.458859867076044
92,0.92,4.714653818373901,6.512696893767196
93,0.93,4.696069220507935,6.565184711565742
94,0.9400000000000001,4.685072839103943,6.61759540126743
95,0.9500000000000001,4.668492533712782,6.629586600576019
96,0.96,4.65638174135292,6.685288063994405
97,0.97,4.639351991144568,6.69647863105538
98,0.98,4.62285085253628,6.739847731817956
99,0.99,4.609684500166665,6.829588562319998
100,1.0,4.589822257918353,6.9063075039802735
101,1.01,4.5752933412500285,6.919774482799711
102,1.02,4.55569731271506,6.948324862066838
103,1.03,4.537961127260313,6.990062631430474
104,1.04,4.528985503252186,7.002499104196914
105,1.05,4.510275857875504,7.065234378366191
106,1.06,4.493576777583599,7.090020722314225
107,1.07,4.473525847205673,7.222139323399861
108,1.08,4.452290112280218,7.238257983474477
109,1.09,4.436886643156824,7.250632790991642
110,1.1,4.422121053428101,7.30504359259552
111,1.11,4.4029411137220205,7.353427412720994
112,1.12,4.383685871883597,7.39394355170791
113,1.1300000000000001,4.367305002076533,7.4207106065447865
114,1.1400000000000001,4.350942760800753,7.423323916239425
115,1.1500000000000001,4.3318031809156565,7.488544377042878
116,1.16,4.308905725111383,7.560560413771413
117,1.17,4.295572020903194,7.568115646520817
118,1.18,4.268949190407136,7.6683423540962785
119,1.19,4.251699713521604,7.623766179163882
120,1.2,4.236168137927048,7.732145175052209
121,1.21,4.214115146124716,7.831919148527519
122,1.22,4.191675551219393,7.763512607963711
123,1.23,4.1758242643648025,7.782971781847754
124,1.24,4.162158537186548,7.837129391658904
125,1.25,4.142362565597372,7.950357262624074
126,1.26,4.122729240955027,7.950562029852797
127,1.27,4.107375170089594,8.024753120465489
128,1.28,4.090166823637253,8.065416249670273
129,1.29,4.0758346061618,8.089170801973403
130,1.3,4.056628635118223,8.177094527065627
131,1.31,4.040347928323972,8.268343861021641
132,1.32,4.016086415788138,8.246113309021291
133,1.33,4.001437036060392,8.250624020109436
134,1.34,3.9839564400988703,8.257438941610028
135,1.35,3.9692287236862147,8.307205684681593
136,1.36,3.946009522201608,8.353562621637945
137,1.37,3.943033392194538,8.441169565466874
138,1.3800000000000001,3.917554975014376,8.430014466563836
139,1.3900000000000001,3.906822191838874,8.519737799220728
140,1.4000000000000001,3.882496011147548,8.536818634243671
141,1.41,3.8742123659311107,8.572786234875771
142,1.42,3.8489951250471743,8.584678079998216
143,1.43,3.8399876687426495,8.71044214491003
144,1.44,3.823356063982368,8.660138456286914
145,1.45,3.809506581147576,8.7424942632168
146,1.46,3.8004675840778965,8.791647400634064
147,1.47,3.78710874151498,8.781644769358874
148,1.48,3.773686977089132,8.84688165635185
149,1.49,3.7584993960582636,8.926649403940957
150,1.5,3.750298348416128,8.936640140070832
151,1.51,3.7335409244474778,8.942548163656918
152,1.52,3.7218419572229475,8.980766269763443
153,1.53,3.7086691386776383,9.062624761614739
154,1.54,3.696903169408794,9.131693178860676
155,1.55,3.687207586600616,9.127494604893597
156,1.56,3.681658608425376,9.214542118350183
157,1.57,3.670022795482378,9.241606865348462
158,1.58,3.661262028417338,9.248775289262628
159,1.59,3.651320271532351,9.365087899347856
160,1.6,3.6486568579270293,9.272651418967833
161,1.61,3.6349844482910885,9.353484594686698
162,1.62,3.6269987391555456,9.42920166938251
163,1.6300000000000001,3.6293672966945185,9.52879489731331
164,1.6400000000000001,3.6185362949446636,9.527107319479502
165,1.6500000000000001,3.6121232067548954,9.521671504727752
166,1.6600000000000001,3.6097906328685476,9.544511188691219
167,1.67,3.605348366830657,9.606894507515088
168,1.68,3.595985150539438,9.67825516163548
169,1.69,3.5948592989166483,9.666000496765667
170,1.7,3.5933759100787626,9.741350491867951
171,1.71,3.5843316715498745,9.788248521694843
172,1.72,3.5885607988068466,9.797338217645144
173,1.73,3.5837171499366636,9.806578522516999
174,1.74,3.5773716926273567,9.865539871071137
175,1.75,3.5842695548893517,9.955957429307647
176,1.76,3.582379483327181,9.939143721485706
177,1.77,3.5778672715514834,10.022034287194732
178,1.78,3.586788984557671,10.029814471124773
179,1.79,3.5793981240985424,10.05761480625892
180,1.8,3.576895862126963,10.090201942292898
181,1.81,3.572983993130955,10.110144667801299
182,1.82,3.576079839236697,10.20237922277729
183,1.83,3.582415798006788,10.219070432747445
184,1.84,3.5780811506465544,10.227567459635145
185,1.85,3.5717253213564324,10.322447018861252
186,1.86,3.5815468391471237,10.325391524298423
187,1.87,3.580107581580955,10.36650553808484
188,1.8800000000000001,3.5838396907652146,10.425487684902865
189,1.8900000000000001,3.584416512265983,10.501924862047977
190,1.9000000000000001,3.5962635636849583,10.48120384627911
191,1.9100000000000001,3.5908676539162183,10.531454377718918
192,1.92,3.5922604150044517,10.555233475127313
193,1.93,3.598039723833055,10.621929424280504
194,1.94,3.5919554928033612,10.650681612038978
195,1.95,3.599825597274112,10.660569078822805
196,1.96,3.6029725800368704,10.738461709756121
197,1.97,3.6057117332056654,10.781107092604111
198,1.98,3.6057806532219625,10.796795564089356
199,1.99,3.6171561511205894,10.85293796737203
200,2.0,3.612874314986028,10.838965750499549
201,2.0100000000000002,3.619124493329728,10.922032624065892
202,2.02,3.622028206775538,10.924183235550979
203,2.0300000000000002,3.624038848336971,10.956771734800752
204,2.04,3.6231614495337348,10.950512200699935
205,2.05,3.6265061656334936,11.016129550672872
206,2.06,3.635322949906294,11.02805557880242
207,2.07,3.642048071769155,11.164209992629564
208,2.08,3.6415802114001856,11.160082694632246
209,2.09,3.646108948482417,11.16836056923571
210,2.1,3.648546131026998,11.226172244183518
211,2.11,3.6521084498759975,11.284372350968777
212,2.12,3.654170976718529,11.319525815471087
213,2.13,3.660967281488071,11.320636602040052
214,2.14,3.6605109067602224,11.349950595525174
215,2.15,3.664342759216435,11.40803808887961
216,2.16,3.670063550547183,11.38784015625378
217,2.17,3.6669921031605712,11.415233573348178
218,2.18,3.668291388096648,11.507605551145252
219,2.19,3.6752277688457555,11.518616840361737
220,2.2,3.6710858605421652,11.539689473911492
221,2.21,3.6748669516514534,11.561147737616858
222,2.22,3.678734950929839,11.648343095032205
223,2.23,3.6781307902368123,11.691224618221222
224,2.24,3.6871159672038356,11.662861201449221
225,2.25,3.679955020976161,11.745085112098261
226,2.2600000000000002,3.683258475920398,11.827016246429203
227,2.27,3.6880509612621584,11.862974738298647
228,2.2800000000000002,3.685457548375776,11.888941240955951
229,2.29,3.6879533837345106,11.92833330610913
230,2.3000000000000003,3.687575079222862,11.863477498955277
231,2.31,3.6820939232436896,11.945060018309196
232,2.32,3.6756967155110423,11.994161038297001
233,2.33,3.688696019683016,12.04536118886257
234,2.34,3.6785305551883325,12.049795073002386
235,2.35,3.6753100207424025,12.079912634079914
236,2.36,3.6775468153696536,12.134152930383324
237,2.37,3.6780080177998555,12.178603705808708
238,2.38,3.669062903341301,12.20519886017039
239,2.39,3.672033660790798,12.234502937204082
240,2.4,3.6650863312799293,12.246758891741802
241,2.41,3.6602914133608397,12.357714890602239
242,2.42,3.6543706708367,12.35570118434291
243,2.43,3.654468688367456,12.355515311084718
244,2.44,3.645175860928494,12.400116788892582
245,2.45,3.6433371405663504,12.421855812321834
246,2.46,3.6371353839876455,12.430992707613216
247,2.47,3.6312285289531485,12.58334867998305
248,2.48,3.6225861644743325,12.545535446481127
249,2.49,3.616437898584527,12.607378677745858
250,2.5,3.614650454946296,12.562054145831416
251,2.5100000000000002,3.599741203383275,12.640744674159807
252,2.52,3.594238637968782,12.644835331859621
253,2.5300000000000002,3.5896828261666696,12.734877508889113
254,2.54,3.5802147932032518,12.70117363136427
255,2.5500000000000003,3.5719697358307814,12.760393765286256
256,2.56,3.5619573588192415,12.800050438899097
257,2.57,3.556463573820997,12.867091507017458
258,2.58,3.5452791171908986,12.91582128198048
259,2.59,3.5331267436639764,12.957940005174532
260,2.6,3.533826786485339,12.841688749593523
261,2.61,3.5224085970547288,12.943579607293044
262,2.62,3.5076563980070987,13.001127378021037
263,2.63,3.4966401145933936,13.04313974523596
264,2.64,3.4847140027464314,13.085678119783585
265,2.65,3.4699169600099826,13.13395536992202
266,2.66,3.4641149750420586,13.099898319827359
267,2.67,3.4504389794910173,13.109610643856966
268,2.68,3.439846607945939,13.218304703694677
269,2.69,3.4259176711783668,13.256116199916441
270,2.7,3.4137238361518563,13.27783673335908
271,2.71,3.4036658750036217,13.22757740785224
272,2.72,3.395951569188383,13.30436174334058
273,2.73,3.378015983339574,13.335097876639797
274,2.74,3.36589528626787,13.383223757800645
275,2.75,3.353049751435339,13.386705893278219
276,2.7600000000000002,3.3429885701706588,13.447105083800558
277,2.77,3.3317052917063386,13.469367569753082
278,2.7800000000000002,3.312108149769871,13.457909799597909
279,2.79,3.3034594623245512,13.554801424391751
280,2.8000000000000003,3.2814766393950077,13.552916195476207
281,2.81,3.2715934951428354,13.572015640918305
282,2.82,3.2576395129935363,13.652826718894978
283,2.83,3.242395464924556,13.690981925833398
284,2.84,3.2341499515906045,13.744584990565302
285,2.85,3.2192269359438686,13.685850071049398
286,2.86,3.20206081907103,13.75418334582064
287,2.87,3.182429495017907,13.817136493034145
288,2.88,3.170830554820175,13.853693483379491
289,2.89,3.15749183827387,13.842079421379868
290,2.9,3.1427821245305223,13.840962997435252
291,2.91,3.1232125358121783,13.890217358250647
292,2.92,3.1126814141938874,13.869247293875897
293,2.93,3.0948226571716972,13.955039338349174
294,2.94,3.079712802560064,13.989134539608434
295,2.95,3.0717950490247956,14.060110823219548
296,2.96,3.056662291388582,14.013421748079594
297,2.97,3.038810008714319,14.066278759066014
298,2.98,3.022505532532635,14.120013248075008
299,2.99,3.004531665931583,14.168369431577913
300,3.0,2.9965442552435513,14.154633163705839
301,3.0100000000000002,2.979894823190437,14.216469074656027
302,3.02,2.957152236953368,14.196124569068049
303,3.0300000000000002,2.9529842904201047,14.334681959095994
304,3.04,2.933186127594178,14.26886234412042
305,3.0500000000000003,2.92101495597113,14.35086617958846
306,3.06,2.9096510831885882,14.374862824966005
307,3.0700000000000003,2.8899918016837773,14.416165690352665
308,3.08,2.875769544672495,14.404762303508095
309,3.09,2.8556424151253204,14.46432835894031
310,3.1,2.845778936434536,14.465518622085526
311,3.11,2.8427209809865435,14.507382992726182
312,3.12,2.815022810697417,14.594847682700486
313,3.13,2.8102118345573186,14.53258498357532
314,3.14,2.800009022220664,14.628650863706342
315,3.15,2.787255330478236,14.602373305369898
316,3.16,2.7657415743048834,14.654651963500449
317,3.17,2.755133102514569,14.709998346728094
318,3.18,2.7490940160444115,14.742417096017055
319,3.19,2.7320470763941582,14.725162088585755
320,3.2,2.725405690633167,14.795251856204665
321,3.21,2.7118795059850633,14.840948968912395
322,3.22,2.7009576605678816,14.814278470148725
323,3.23,2.691358879222066,14.88573885274042
324,3.24,2.6749895313522174,14.842393800647729
325,3.25,2.6627921095710247,14.951767917703918
326,3.2600000000000002,2.654392535993304,14.970738187789129
327,3.27,2.640958134194574,14.968343538870336
328,3.2800000000000002,2.633175847421616,15.041351328297973
329,3.29,2.6280597763702636,15.032198349386926
330,3.3000000000000003,2.6202957750723375,15.048943727171297
331,3.31,2.6113430638774697,15.152910917789034
332,3.3200000000000003,2.595417533091088,15.139370664795546
333,3.33,2.5845522226933335,15.10385404898631
334,3.34,2.5848170199468714,15.195131130758629
335,3.35,2.574615056112694,15.222304466101335
336,3.36,2.564530558313507,15.241560698449243
337,3.37,2.555927305048035,15.267256650640967
338,3.38,2.550659379231447,15.32191288711393
339,3.39,2.5408752634140264,15.348987904544995
340,3.4,2.5381658668417932,15.382811487885691
341,3.41,2.5344430609783313,15.455120689521786
342,3.42,2.5225824502402125,15.405257920375213
343,3.43,2.5151790710503246,15.492354843838344
344,3.44,2.51360051272923,15.52836442174525
345,3.45,2.5144182229393084,15.560017761942943
346,3.46,2.502764142382392,15.54102263953861
347,3.47,2.506010199177318,15.588945614735417
348,3.48,2.4940990026164305,15.578740503099628
349,3.49,2.490789447935409,15.572043555093012
350,3.5,2.486165459589562,15.727447428776568
351,3.5100000000000002,2.485130927096927,15.743821846896125
352,3.52,2.481253815002578,15.71470296602679
353,3.5300000000000002,2.4753164116646813,15.708903891436519
354,3.54,2.4752830113572326,15.728531991472241
355,3.5500000000000003,2.4726801610462554,15.76792976040044
356,3.56,2.468753638720018,15.802585087337935
357,3.5700000000000003,2.467854558809347,15.864865451358996
358,3.58,2.4706021641203724,15.822112699540064
359,3.59,2.4707589474533824,15.986493982941345
360,3.6,2.463054427232377,15.904157405711308
361,3.61,2.460025005557078,15.996035307246858
362,3.62,2.4647097123078257,16.003840886362788
363,3.63,2.4588334421930247,15.988173129150463
364,3.64,2.4635963296158043,16.054606934956198
365,3.65,2.4660039662066,16.05097890819206
366,3.66,2.4670997023625088,16.08536411885028
367,3.67,2.4669969404178973,16.19025580864978
368,3.68,2.4637635857233504,16.15995361844469
369,3.69,2.475384367361567,16.166323771815517
370,3.7,2.4744973199191143,16.215054895921938
371,3.71,2.471755460223491,16.238705954574236
372,3.72,2.48191428738296,16.281172649451037
373,3.73,2.4743400498912083,16.315298017333966
374,3.74,2.4853582459186843,16.334435112391915
375,3.75,2.4896341564863644,16.386598810839807
376,3.7600000000000002,2.490518717199975,16.423486183176
377,3.77,2.4971505156717306,16.446530906528853
378,3.7800000000000002,2.492662835185438,16.440488941274165
379,3.79,2.4973423964278703,16.473191642371628
380,3.8000000000000003,2.4963059789508435,16.570682211123906
381,3.81,2.5132864277483256,16.503062380985604
382,3.8200000000000003,2.5081427400954177,16.54844444129657
383,3.83,2.5211080517711886,16.600161819111477
384,3.84,2.5232196624818215,16.598403749367023
385,3.85,2.529562715281442,16.69453411065865
386,3.86,2.526548632323778,16.637217859034987
387,3.87,2.539531270387423,16.7206639115174
388,3.88,2.5395541864761073,16.675221189644308
389,3.89,2.5512585394423692,16.71997117161028
390,3.9,2.55265392175118,16.798794337254026
391,3.91,2.5565692222373024,16.786934279312376
392,3.92,2.560526138474146,16.834608575170233
393,3.93,2.5693113590884864,16.847942595925048
394,3.94,2.5835060025828143,16.9048152064843
395,3.95,2.5860063788038534,16.889370286760183
396,3.96,2.591479490981841,16.952183841412953
397,3.97,2.5939917507711927,16.969809893090712
398,3.98,2.600288283307199,17.031311898380658
399,3.99,2.6136244320111266,17.0029900230478
400,4.0,2.6129711036801804,17.05736607321427
401,4.01,2.629683867435052,17.087420934636732
402,4.0200000000000005,2.6213417764189564,17.13248881905638
403,4.03,2.6315313081935905,17.210912513883105
404,4.04,2.636601212330171,17.136905109613572
405,4.05,2.6472237195860155,17.232237777020245
406,4.0600000000000005,2.6543251800588044,17.22138136625675
407,4.07,2.6548648098562264,17.238719497482744
408,4.08,2.6636160915484663,17.26247138472844
409,4.09,2.6760509487684754,17.236754923533653
410,4.1,2.6747157272575817,17.28465292026665
411,4.11,2.6862319240285504,17.366351833394493
412,4.12,2.695190784146008,17.45510746387788
413,4.13,2.698859276814528,17.4222981244207
414,4.14,2.700958488421912,17.4537497861526
415,4.15,2.713914228640726,17.46803347340304
416,4.16,2.720846030557046,17.504886422645672
417,4.17,2.7154538537306294,17.510969430563524
418,4.18,2.7292693540449076,17.52326655915769
419,4.19,2.7354753884434477,17.555196310614896
420,4.2,2.7443228658965517,17.59549877900147
421,4.21,2.741292115255751,17.62557947856578
422,4.22,2.755028059809318,17.68427435026787
423,4.23,2.7553259673079564,17.66305431761704
424,4.24,2.7620415479629052,17.666993397146154
425,4.25,2.7698554333758327,17.765804883332354
426,4.26,2.770735443322105,17.680912605590507
427,4.2700000000000005,2.7722413118852858,17.7854490535673
428,4.28,2.7856317620034714,17.7467881141412
429,4.29,2.783583063677458,17.790793304203877
430,4.3,2.790256859314627,17.814863179720213
431,4.3100000000000005,2.7909949088251347,17.8428477200618
432,4.32,2.8053327246522692,17.89657229206284
433,4.33,2.8064646027242928,17.905082044086093
434,4.34,2.810763617041708,17.99471994896673
435,4.3500000000000005,2.8078094414634704,18.003040964249465
436,4.36,2.818805352375232,18.008590783021916
437,4.37,2.817687048154807,18.026214490746398
438,4.38,2.8251966809165783,18.077929334108482
439,4.39,2.8256114438668627,18.12785521821991
440,4.4,2.825789838883366,18.08861993293421
441,4.41,2.827663698504941,18.124932477793998
442,4.42,2.8330556512961045,18.145933951651106
443,4.43,2.83973297214595,18.201469713287945
444,4.44,2.8367725987839076,18.192535138655995
445,4.45,2.8432775585075665,18.21904669475903
446,4.46,2.838786275568444,18.26027298528372
447,4.47,2.8415530062282293,18.30664605914021
448,4.48,2.84441900485596,18.29889016004732
449,4.49,2.8410312118203804,18.335942936391422
450,4.5,2.8467919360713925,18.320347273334875
451,4.51,2.8484531342353536,18.327497236840106
452,4.5200000000000005,2.8442440623999654,18.379347210003417
453,4.53,2.847043041740565,18.453927096532063
454,4.54,2.839095042805384,18.43523309953392
455,4.55,2.8484436623100664,18.488954376492714
456,4.5600000000000005,2.837299327934557,18.504718130541132
457,4.57,2.8440652989876534,18.546528410141335
458,4.58,2.8420542286395793,18.565175231370244
459,4.59,2.840679856906805,18.614412835453443
460,4.6000000000000005,2.840143437723897,18.592481902641655
461,4.61,2.8404106127511777,18.677438266413194
462,4.62,2.8396217157092707,18.676396597724853
463,4.63,2.835099400256855,18.719476312552715
464,4.64,2.8297795786582514,18.76613111611155
465,4.65,2.8297055592804767,18.788642054728562
466,4.66,2.8265018419714787,18.761547109574387
467,4.67,2.8203932391359974,18.80706625268365
468,4.68,2.813419867116052,18.753158933134127
469,4.69,2.8104720310492732,18.826415377515747
470,4.7,2.813503548007909,18.874958784940926
471,4.71,2.807320164505111,18.885363294869276
472,4.72,2.8004483737655823,18.9222877645929
473,4.73,2.7934255622175708,18.92350577160194
474,4.74,2.7902941275442217,18.957991066405363
475,4.75,2.7871855875998333,19.00179069767486
476,4.76,2.777477421079156,19.03858553772233
477,4.7700000000000005,2.7731538860532954,19.048433636595693
478,4.78,2.7694020335407603,19.01155448499852
479,4.79,2.765815594066374,19.057904868263872
480,4.8,2.756239857005221,19.10383338881506
481,4.8100000000000005,2.749568890704502,19.1665807343824
482,4.82,2.7473265961815354,19.179353759255104
483,4.83,2.736062037029642,19.179642307806578
484,4.84,2.7312398368512096,19.245839991862685
485,4.8500000000000005,2.7241043728584438,19.223172372630202
486,4.86,2.712834933682694,19.233639663405206
487,4.87,2.710720215137008,19.267673194155687
488,4.88,2.69965299355691,19.28835062161975
489,4.89,2.688668547411759,19.332395984651864
490,4.9,2.6848772883616356,19.358647206265225
491,4.91,2.6786104863050277,19.31947848576707
492,4.92,2.671185771708947,19.394899156252563
493,4.93,2.6592379463021696,19.34573562084561
494,4.94,2.6522303669506946,19.4357132421774
495,4.95,2.6380924661446783,19.4867921780487
496,4.96,2.6367731677698565,19.490651200323114
497,4.97,2.630105317491952,19.560495064760552
498,4.98,2.6120287648681284,19.492134534568343
499,4.99,2.6028236894955414,19.533802628316472
500,5.0,2.5912121540800843,19.603686125487194
501,5.01,2.5846620463671393,19.572047403938576
502,5.0200000000000005,2.5663334188045255,19.59148742403481
503,5.03,2.5611395370285073,19.661796484812978
504,5.04,2.5581745973161687,19.70439308776826
505,5.05,2.5380121571794843,19.62461180659095
506,5.0600000000000005,2.5317396463313924,19.72654215804656
507,5.07,2.5222217964113676,19.711454068831248
508,5.08,2.518201238340356,19.795201898853595
509,5.09,2.5046874564022468,19.776592161673875
510,5.1000000000000005,2.489404321002472,19.79014204362646
511,5.11,2.476667992262055,19.82866839487884
512,5.12,2.4614973504187976,19.846169217213223
513,5.13,2.4522285940332815,19.935553312992475
514,5.14,2.4406709967062374,19.881073973772796
515,5.15,2.423687317716898,19.93728551630994
516,5.16,2.4172577781509794,19.96704024881354
517,5.17,2.402779071140609,19.985358348494103
518,5.18,2.3896989627861385,20.014593179571417
519,5.19,2.385332161100699,19.98317888197493
520,5.2,2.366736455515432,20.057965935386623
521,5.21,2.3556221287059094,20.063392282073004
522,5.22,2.345885762666352,20.070377370334402
523,5.23,2.3305562634585115,20.15961842802205
524,5.24,2.322287807906703,20.039132430349177
525,5.25,2.3092238146662747,20.09743731936245
526,5.26,2.300293780359974,20.183187113802905
527,5.2700000000000005,2.2845271354670644,20.184731543479753
528,5.28,2.2699968226832272,20.16744404155782
529,5.29,2.2581004518680037,20.253545241971363
530,5.3,2.250482290098098,20.281897413138843
531,5.3100000000000005,2.236539595937855,20.27200155795183
532,5.32,2.218275683943358,20.316010097058527
533,5.33,2.212040873779064,20.305242414860533
534,5.34,2.201160448382065,20.330174792008002
535,5.3500000000000005,2.186728927827964,20.31405925991615
536,5.36,2.1744653013998967,20.407649891370006
537,5.37,2.163032352094083,20.43755596849169
538,5.38,2.144136873508512,20.413183574742888
539,5.39,2.145471392045043,20.469195419760883
540,5.4,2.121294201745862,20.443205821497294
541,5.41,2.105522635167113,20.503352977286973
542,5.42,2.094018398975275,20.525985558925683
543,5.43,2.0853859109145847,20.56745489265357
544,5.44,2.071925357085277,20.541687822085283
545,5.45,2.0568396160163753,20.569004398897622
546,5.46,2.043293429506745,20.601387805378327
547,5.47,2.030463392485751,20.604619815219063
548,5.48,2.0209459596180026,20.61752122043526
549,5.49,2.0131942394650615,20.632671656505384
550,5.5,1.9994557010715817,20.687978655690014
551,5.51,1.9754984903370252,20.697860062900492
552,5.5200000000000005,1.9777517305343892,20.764557273136045
553,5.53,1.9699808993403978,20.73357949121705
554,5.54,1.9576371035236246,20.80490465828194
555,5.55,1.9384334267545218,20.857608735072557
556,5.5600000000000005,1.93246887227075,20.859362371345412
557,5.57,1.9218948890914251,20.83774370803873
558,5.58,1.9057215085701973,20.812144111531552
559,5.59,1.8977960366159363,20.919063969893127
560,5.6000000000000005,1.8859607435999413,20.932113357015933
561,5.61,1.8707432619136526,20.904243638642487
562,5.62,1.865688993791932,20.90278510607753
563,5.63,1.84691088159309,20.993142473280116
564,5.64,1.8409187471381614,20.976720484126943
565,5.65,1.8239581412826538,21.016244476299693
566,5.66,1.824993380656305,20.998631199288077
567,5.67,1.8020862077111948,21.01740523557928
568,5.68,1.8011732232081357,21.072425938159896
569,5.69,1.7878539411169034,21.01660106675704
570,5.7,1.7819082747134463,21.111686179503028
571,5.71,1.7686117962983734,21.151979133267933
572,5.72,1.7636111448468657,21.194601463097406
573,5.73,1.7513166346608418,21.201698023060533
574,5.74,1.745747006698357,21.191208563293333
575,5.75,1.7374008298633046,21.162581524699586
576,5.76,1.7295753306646398,21.257339602333133
577,5.7700000000000005,1.7231729114378849,21.251590258357673
578,5.78,1.7096207847441824,21.274931880149747
579,5.79,1.7027102697591154,21.283282127421582
580,5.8,1.6973539233450674,21.290842002165718
581,5.8100000000000005,1.6882300890262714,21.394804432598868
582,5.82,1.6848296997957022,21.3686940665006
583,5.83,1.6783717271527185,21.383359170271817
584,5.84,1.6696168039927384,21.425339952872413
585,5.8500000000000005,1.6589613803216827,21.413624914953814
586,5.86,1.6580539978127586,21.498624059644083
587,5.87,1.6473894853649502,21.46993965033587
588,5.88,1.6409215965338344,21.446242088380533
589,5.89,1.6304751913814703,21.49598992593336
590,5.9,1.6294225944084306,21.55737115692048
591,5.91,1.6190171305259904,21.57515284591718
592,5.92,1.6213047828970142,21.598979650037904
593,5.93,1.613082473644474,21.652818260077424
594,5.94,1.6129125941144424,21.625266849835796
595,5.95,1.5988420908486796,21.6337095531488
596,5.96,1.6014168277782113,21.675135618110254
597,5.97,1.5975698898184068,21.625976273863888
598,5.98,1.5923508245313416,21.70496897801352
599,5.99,1.5909623291877621,21.707933359788296
600,6.0,1.5810918210104161,21.751727613735756
601,6.01,1.58386068330713,21.78907087547976
602,6.0200000000000005,1.5751354639893338,21.73422266677996
603,6.03,1.5796546506590987,21.837205185069084
604,6.04,1.5733669150765726,21.84358538108475
605,6.05,1.563002945143157,21.81685002610197
606,6.0600000000000005,1.564013226150605,21.896732307622536
607,6.07,1.5628099684426642,21.932653857120055
608,6.08,1.5586857345372962,21.958382822347232
609,6.09,1.5600168367595662,21.985948420402924
610,6.1000000000000005,1.5577541401680264,21.969185611398412
611,6.11,1.559362407744338,21.988836234957635
612,6.12,1.557601934194034,22.02677758292363
613,6.13,1.5554594669337984,22.017387294843623
614,6.140000000000001,1.5597979148950734,22.06367046984684
615,6.15,1.5547047494827264,22.10280772666737
616,6.16,1.5554632664886086,22.121246917602356
617,6.17,1.5557648140685607,22.159514094314936
618,6.18,1.5485062716121254,22.15162264433672
619,6.19,1.5496797976027048,22.119517437995196
620,6.2,1.5606622638524728,22.17339226532352
621,6.21,1.5546940560556881,22.234186581158884
622,6.22,1.5617386835064555,22.23866862315562
623,6.23,1.5588915951714135,22.25120036656523
624,6.24,1.5614848428658565,22.24420625834102
625,6.25,1.5606413196118807,22.315981613325796
626,6.26,1.5620922526910812,22.299739700619842
627,6.2700000000000005,1.5672440203180016,22.305576883890588
628,6.28,1.5707672021321581,22.431757735640844
629,6.29,1.572105056285071,22.393495874606117
630,6.3,1.57393031073473,22.38108398601136
631,6.3100000000000005,1.5788610125725153,22.437584768364808
632,6.32,1.5807467879649837,22.44889010685394
633,6.33,1.5876320472805154,22.435076859729964
634,6.34,1.5864244700426113,22.48568643668742
635,6.3500000000000005,1.5877406048811311,22.5122417025834
636,6.36,1.5932456099596743,22.525098104862074
637,6.37,1.6066273952973062,22.536346177434094
638,6.38,1.6047336134454822,22.516823840005646
639,6.390000000000001,1.6119531509594234,22.629447762237216
640,6.4,1.6108477363028715,22.588465702714164
641,6.41,1.6137458830226468,22.645215296509217
642,6.42,1.6263013478412693,22.71037352905323
643,6.43,1.625860382728407,22.68065982378693
644,6.44,1.6293922494906896,22.72265294488564
645,6.45,1.6326322570244054,22.6585725427572
646,6.46,1.6468937841878397,22.739021419157194
647,6.47,1.6493769000944218,22.765604961176837
648,6.48,1.6539955408712692,22.802467490710033
649,6.49,1.6582251113189115,22.78605844618315
650,6.5,1.6667119361606972,22.807988893273677
651,6.51,1.6781694037588994,22.860068304591525
652,6.5200000000000005,1.6788460831887575,22.888236863865934
653,6.53,1.681948409138688,22.913005367322864
654,6.54,1.6874157164626329,22.870452864686612
655,6.55,1.6959561719946998,22.954090848994714
656,6.5600000000000005,1.704907153957731,22.930463094311133
657,6.57,1.7129725841409376,23.00674022468878
658,6.58,1.718022375278478,22.969731637050778
659,6.59,1.7233449180432103,22.992661437480724
660,6.6000000000000005,1.736159767455333,23.071103710750968
661,6.61,1.7428820982899844,23.08342279514586
662,6.62,1.7486354010546834,23.05968542535519
663,6.63,1.755418619624273,23.123474416646378
664,6.640000000000001,1.7653415214507633,23.100459424951662
665,6.65,1.7707277891027833,23.115399707537886
666,6.66,1.7735162092357053,23.15353587157883
667,6.67,1.7903926685689215,23.216879983153387
668,6.68,1.7947830788313075,23.157840018179147
669,6.69,1.800708270799383,23.253409988604467
670,6.7,1.8061729841228589,23.25559695417469
671,6.71,1.8208411943911844,23.25820228126316
672,6.72,1.8186979420478162,23.25106133584514
673,6.73,1.8309681927413382,23.31156962894155
674,6.74,1.843117990679962,23.313156576905723
675,6.75,1.8489992487907794,23.386144977223754
676,6.76,1.8485372225047219,23.36189676514643
677,6.7700000000000005,1.8605550993033246,23.339450162394204
678,6.78,1.8706441429659941,23.434154756838417
679,6.79,1.872709750367945,23.356075455341472
680,6.8,1.8885568850965064,23.41229727315693
681,6.8100000000000005,1.8913015889094298,23.455275368489023
682,6.82,1.9021756261268177,23.466980419994254
683,6.83,1.9131283265028054,23.475864162953222
684,6.84,1.9232437169615348,23.522635237786226
685,6.8500000000000005,1.9265476020153667,23.540090854314354
686,6.86,1.9328598332445,23.57858413147031
687,6.87,1.9385951131950634,23.59201826280166
688,6.88,1.9520098637611907,23.60027111117933
689,6.890000000000001,1.963827996496507,23.57536912703263
690,6.9,1.9661856062115743,23.65276581064558
691,6.91,1.9728664333181478,23.680504487766346
692,6.92,1.9868897159371648,23.66026440830651
693,6.93,1.9929967800354966,23.712653788000537
694,6.94,1.9970718448690459,23.738136080012204
695,6.95,2.0138861928209706,23.765588507849447
696,6.96,2.0163258260093273,23.792203992830366
697,6.97,2.0154860890789354,23.778384476254143
698,6.98,2.0322396688000475,23.742350855914125
699,6.99,2.040399975388282,23.816952520056468
700,7.0,2.051723231936727,23.837612525338518
701,7.01,2.05286058008695,23.83110653997502
702,7.0200000000000005,2.0649103279447867,23.89412070355104
703,7.03,2.0698046419050256,23.901532169373382
704,7.04,2.077744448734854,23.92271071749348
705,7.05,2.0857102046307063,23.880294739766903
706,7.0600000000000005,2.092328453256547,23.950165992196265
707,7.07,2.0994939045098584,23.930195521796165
708,7.08,2.1024682286834513,24.00847083418114
709,7.09,2.1059771371641087,23.98749360541565
710,7.1000000000000005,2.118081452657274,24.004810931597756
711,7.11,2.126739196522634,24.009099654768427
712,7.12,2.1335299823050082,24.032661966411666
713,7.13,2.1403239225070694,24.083731649217615
714,7.140000000000001,2.140007611321068,24.060603172028138
715,7.15,2.1531309172290354,24.10399901176815
716,7.16,2.1528232307733024,24.091449948898298
717,7.17,2.168734199210865,24.187764922977212
718,7.18,2.1706687675494454,24.19317937033212
719,7.19,2.175748248859836,24.233895563530428
720,7.2,2.1798362042719117,24.211412610036557
721,7.21,2.1832014045485635,24.242538489558893
722,7.22,2.1910396894140782,24.23963116011236
723,7.23,2.198165562180806,24.26497251454929
724,7.24,2.213829419581034,24.21123790561358
725,7.25,2.2142905728134483,24.36175062265473
726,7.26,2.2146615667663667,24.277638776343057
727,7.2700000000000005,2.2215156199678026,24.344612723058294
728,7.28,2.223463798487827,24.402155318933993
729,7.29,2.2278265144310287,24.38821170757346
730,7.3,2.231180901817321,24.440368575514594
731,7.3100000000000005,2.237078105433984,24.390060817053584
732,7.32,2.24690223823769,24.377799791934585
733,7.33,2.2406219812230788,24.47141859688664
734,7.34,2.249968117736094,24.44969233175163
735,7.3500000000000005,2.251215360684849,24.443761835173806
736,7.36,2.2607254574129705,24.47807889015808
737,7.37,2.2638967955624225,24.5798941941314
738,7.38,2.2572915047589235,24.533607296575365
739,7.390000000000001,2.272256534758025,24.577147304330893
740,7.4,2.267081226942762,24.62914636293958
741,7.41,2.2716252779312227,24.629609412208822
742,7.42,2.2791884300297767,24.62807784542362
743,7.43,2.2827302148713615,24.70167553296722
744,7.44,2.2827650872357736,24.636608874413216
745,7.45,2.276081776014489,24.705859942607276
746,7.46,2.281433496344718,24.72733310863469
747,7.47,2.284102208326676,24.716479073888046
748,7.48,2.289853919855726,24.726464656108558
749,7.49,2.285044177666534,24.710291948854017
750,7.5,2.2936591341559724,24.746736411068838
751,7.51,2.284025325758209,24.808974724258675
752,7.5200000000000005,2.288254488578864,24.784560020392178
753,7.53,2.297657199199487,24.840011173546586
754,7.54,2.2889813105809127,24.84305775786382
755,7.55,2.292125848361049,24.899688950931196
756,7.5600000000000005,2.2934543860148175,24.906518783359378
757,7.57,2.290144069704145,24.922215592825356
758,7.58,2.289861835632301,24.892393091702196
759,7.59,2.2880874865294873,24.90543869600171
760,7.6000000000000005,2.2897986198193356,24.98067798425446
761,7.61,2.287003168674998,25.026886959636414
762,7.62,2.2860193889711757,24.967500653777577
763,7.63,2.2853677654144784,24.96949769219976
764,7.640000000000001,2.284006084259137,25.084323518657758
765,7.65,2.2824492218849812,25.047794597951892
766,7.66,2.2796676085351146,25.032836768599697
767,7.67,2.276752061632958,25.061521559186318
768,7.68,2.27439950948704,25.125850555843954
769,7.69,2.2745854370194944,25.12159387167279
770,7.7,2.2693393669360047,25.147306804624936
771,7.71,2.2665292816947016,25.15592422953267
772,7.72,2.260091235509848,25.18258446684093
773,7.73,2.26591117320246,25.15122819473428
774,7.74,2.259600385528605,25.18831853414932
775,7.75,2.259807795714699,25.249228442018854
776,7.76,2.2514398745030704,25.291907547732134
777,7.7700000000000005,2.2471227566533782,25.300699599193166
778,7.78,2.2487267072094697,25.284692847156904
779,7.79,2.237372641200556,25.331024830742486
780,7.8,2.2383447107358623,25.31179048809504
781,7.8100000000000005,2.2354167448916558,25.34309908804006
782,7.82,2.2265516756494366,25.34933028470215
783,7.83,2.219372936186105,25.372584564555524
784,7.84,2.214028417621782,25.389437381005767
785,7.8500000000000005,2.2061955102790987,25.436688869059825
786,7.86,2.2019107234002258,25.458838890474016
787,7.87,2.200034713195638,25.455967711352905
788,7.88,2.190717364132348,25.465529346464926
789,7.890000000000001,2.189887962369657,25.537326709149145
790,7.9,2.1815785133170236,25.50936763558172
791,7.91,2.1719889191437742,25.509716858376105
792,7.92,2.17106019341679,25.490458733215046
793,7.930000000000001,2.1626458025014497,25.555283519989892
794,7.94,2.159624877446032,25.60614810695326
795,7.95,2.153494236650289,25.611823674806157
796,7.96,2.145220995986505,25.585039221778583
797,7.97,2.133873919610031,25.61287897614536
798,7.98,2.129112043219122,25.620159880206064
799,7.99,2.1280945094479393,25.6482307589301
800,8.0,2.113377848360511,25.763574163672306
801,8.01,2.1137718580964435,25.70080877320454
802,8.02,2.1078620545392273,25.743196871821528
803,8.03,2.095533865527522,25.766375738795052
804,8.040000000000001,2.088117542106402,25.751616382706835
805,8.05,2.0760026778806373,25.781058880643393
806,8.06,2.0671395392044247,25.762979544173614
807,8.07,2.0575166389994135,25.76107830698917
808,8.08,2.0479037993311686,25.82950998850351
809,8.09,2.0475427547005594,25.83275612576932
810,8.1,2.0361615137529507,25.823438299745106
811,8.11,2.029159323767283,25.84877607537323
812,8.120000000000001,2.0138955875223594,25.92497884468347
813,8.13,2.0096575003541646,25.920281972315873
814,8.14,1.9997415808598742,25.900698327143616
815,8.15,1.9899146382484842,25.91873793228312
816,8.16,1.981292687334965,25.90652738796186
817,8.17,1.9714638789097074,25.95051351713417
818,8.18,1.9590293242366643,26.00125940481156
819,8.19,1.9463638507596341,25.973414852824924
820,8.2,1.9381048612137306,26.04578139442339
821,8.21,1.9328576941480151,26.030770021060807
822,8.22,1.92729863375373,26.06136030832937
823,8.23,1.9130867316359683,26.117018176496774
824,8.24,1.9087953543983236,26.03945508710763
825,8.25,1.8896069609346609,26.06847160872267
826,8.26,1.8802789462839589,26.086251468360484
827,8.27,1.8820153493697698,26.129437703619594
828,8.28,1.8637655456362554,26.133735081004936
829,8.290000000000001,1.858368191207881,26.16247185175478
830,8.3,1.8392288885892605,26.182807774802423
831,8.31,1.8312217142438323,26.169726990481447
832,8.32,1.8188181563481904,26.175042694176483
833,8.33,1.8074784100755326,26.202159114002377
834,8.34,1.805345338648606,26.22708954966778
835,8.35,1.7903017739313107,26.213223495459427
836,8.36,1.780964889627847,26.24396189047772
837,8.370000000000001,1.7652674706277294,26.295214783018604
838,8.38,1.7567600551804174,26.308936375670132
839,8.39,1.7423087661624412,26.30216525742243
840,8.4,1.7332622199583496,26.297178835154366
841,8.41,1.7233000674058514,26.308826671179194
842,8.42,1.7101620554284542,26.29524935215427
843,8.43,1.7026344264982558,26.363198660985184
844,8.44,1.6901040460609849,26.43937503367079
845,8.45,1.6833145781080217,26.363348028127195
846,8.46,1.6737592950199869,26.387558398352425
847,8.47,1.6609380861358674,26.48930453656842
848,8.48,1.6444275348700916,26.436217721994076
849,8.49,1.634718661263392,26.429812904138647
850,8.5,1.6216690987954356,26.445687907694495
851,8.51,1.6136377674175253,26.50845019500051
852,8.52,1.6065142339501497,26.474601983654857
853,8.53,1.5930127647213603,26.534687133426555
854,8.540000000000001,1.5864088006296275,26.48322993279203
855,8.55,1.568783533258577,26.492804879451196
856,8.56,1.559556349976476,26.551762135590774
857,8.57,1.5458380177760795,26.566316113549245
858,8.58,1.53613255872492,26.57452376887987
859,8.59,1.530660834803824,26.590024147445263
860,8.6,1.5173576935883986,26.617080024195328
861,8.61,1.4973651686992875,26.665789576339414
862,8.620000000000001,1.4938904243897144,26.613543729948802
863,8.63,1.485763411358101,26.644500668381934
864,8.64,1.473170673791147,26.70638667796933
865,8.65,1.4561335134458682,26.701733193149035
866,8.66,1.4506647429527453,26.666658832876106
867,8.67,1.433484237544674,26.73695882530354
868,8.68,1.4264534986518944,26.663396523698193
869,8.69,1.411372665705673,26.74620670844509
870,8.700000000000001,1.401293413157834,26.746147480117475
871,8.71,1.391697000260881,26.765013620519948
872,8.72,1.382853021130544,26.816081078834785
873,8.73,1.3768580375962927,26.794396349988155
874,8.74,1.3565201871579233,26.824164764424026
875,8.75,1.3551460326869138,26.843105832699433
876,8.76,1.3406329045233394,26.86732026438901
877,8.77,1.324543306048696,26.86356679175316
878,8.78,1.316572392466196,26.87409544068968
879,8.790000000000001,1.304278898193991,26.90354616219502
880,8.8,1.291558794136928,26.893093144067468
881,8.81,1.2869886183807728,26.947107231866827
882,8.82,1.281001456456219,26.97152646827804
883,8.83,1.2662824302743454,26.941338233668976
884,8.84,1.2535363262104675,26.988994612603463
885,8.85,1.238674632394962,26.973724592558856
886,8.86,1.2294326281020982,26.999477487365787
887,8.870000000000001,1.2231276445111934,27.01972757943973
888,8.88,1.2176410448464834,27.023393972165934
889,8.89,1.2018471044109604,27.03207756628094
890,8.9,1.1902617409740972,27.036401674689017
891,8.91,1.1814144927210422,27.063146906221284
892,8.92,1.1664756900169122,27.066020003462064
893,8.93,1.1661084532753598,27.102609427929018
894,8.94,1.1522528132525192,27.086699720782995
895,8.950000000000001,1.1440209334450744,27.090193597757068
896,8.96,1.1328286684484405,27.14857793205354
897,8.97,1.1303982484639,27.168674140325013
898,8.98,1.1181280399294835,27.11815455519815
899,8.99,1.104945260106352,27.235977151688804
900,9.0,1.0970164235866717,27.227067733805043
901,9.01,1.0873110994974386,27.25463233246237
902,9.02,1.0713621764590529,27.237610603718583
903,9.03,1.0721491902153681,27.225162305717028
904,9.040000000000001,1.0616707740124571,27.23283477825314
905,9.05,1.0497222414338216,27.314347648353777
906,9.06,1.0378641655972802,27.352750448869127
907,9.07,1.0283704446381,27.278077296575415
908,9.08,1.0179028794741494,27.274157294581524
909,9.09,1.0158392377671044,27.384764935900158
910,9.1,1.005538777937457,27.31176955382877
911,9.11,0.9912714626079014,27.394315708707524
912,9.120000000000001,0.9872728661569189,27.368300417160945
913,9.13,0.9825459904442352,27.47520007889748
914,9.14,0.974565868442843,27.390174914520514
915,9.15,0.9631584206195657,27.473347605961155
916,9.16,0.959210971360271,27.495236560315508
917,9.17,0.9451463921716992,27.428950347836388
918,9.18,0.9423605910294085,27.52074657613173
919,9.19,0.9368569131446219,27.505848696982355
920,9.200000000000001,0.9295486858666963,27.55265271384992
921,9.21,0.9241339530468798,27.572155327331572
922,9.22,0.9100649331669449,27.60555435733128
923,9.23,0.9087907684033197,27.62926192220097
924,9.24,0.8993721260656693,27.616546559131187
925,9.25,0.8922633248642332,27.671228821961773
926,9.26,0.8789891456259141,27.60859564903084
927,9.27,0.8802690311301896,27.579581403531492
928,9.28,0.8735952452393461,27.674387424146598
929,9.290000000000001,0.8683154554846981,27.688990956025712
930,9.3,0.8611836821217045,27.671320323057696
931,9.31,0.8576200799536202,27.692473345730484
932,9.32,0.8534893002838067,27.723946342749773
933,9.33,0.842979644923826,27.77413317188022
934,9.34,0.8426512245472253,27.814671554552554
935,9.35,0.843462029086154,27.79474457524233
936,9.36,0.8332349287949743,27.82934412461881
937,9.370000000000001,0.823403790650265,27.842049754879305
938,9.38,0.8248324952598293,27.829583653397552
939,9.39,0.8157703429570089,27.91048952139932
940,9.4,0.8072200810679451,27.918395869291345
941,9.41,0.8106951868749822,27.940300293221384
942,9.42,0.7950422636156603,27.941957059947462
943,9.43,0.8094040131983453,27.943409044954084
944,9.44,0.798001950635034,27.937485079080375
945,9.450000000000001,0.7962559693387893,27.986584395612102
946,9.46,0.7931149804740676,28.082354572373788
947,9.47,0.7915033902646674,28.027910418815683
948,9.48,0.7789971582781087,28.11753989564066
949,9.49,0.784474326817389,28.134829895542115
950,9.5,0.7776671371900244,28.130818462201386
951,9.51,0.7759389271070172,28.10166096384747
952,9.52,0.7809428522246807,28.159222704212528
953,9.53,0.7743083943237674,28.194122965529573
954,9.540000000000001,0.7765607669368207,28.197097313480494
955,9.55,0.7773710350287911,28.184116729068304
956,9.56,0.7760150466715444,28.281842713884636
957,9.57,0.7731857817362531,28.249973905640942
958,9.58,0.7729938431845388,28.24855183826051
959,9.59,0.7753886946168085,28.29035594440919
960,9.6,0.7763434012248259,28.342354685743583
961,9.61,0.774941851116374,28.355183358745812
962,9.620000000000001,0.7735838805249982,28.373346159317506
963,9.63,0.7714086273755673,28.345120037120644
964,9.64,0.7743853576126474,28.404498872018674
965,9.65,0.7782489794049281,28.42059186218113
966,9.66,0.781950550787844,28.46106224032754
967,9.67,0.7767903878503417,28.469849154621432
968,9.68,0.7794565643746107,28.45990961136754
969,9.69,0.784057134795719,28.49083481413701
970,9.700000000000001,0.7848782366126512,28.453102384810986
971,9.71,0.7896120747720634,28.579836630729854
972,9.72,0.7947714548787899,28.55087998107616
973,9.73,0.7948890555021992,28.59539991350403
974,9.74,0.7947335668054271,28.63142786918844
975,9.75,0.7960995912314783,28.57170845350135
976,9.76,0.7946967741575479,28.579453365602337
977,9.77,0.8008287406488777,28.62316392957845
978,9.78,0.8093092040792078,28.6821529139632
979,9.790000000000001,0.8110897649160721,28.69249411713642
980,9.8,0.8107129061440366,28.68716570661653
981,9.81,0.8222015701991056,28.75543020188673
982,9.82,0.8176492290185933,28.740705807224128
983,9.83,0.8220414064342774,28.760593317920154
984,9.84,0.832363230439198,28.758853445506798
985,9.85,0.831082429504609,28.842470264427124
986,9.86,0.8442686858991844,28.8290258981251
987,9.870000000000001,0.8455109346408981,28.865524688339985
988,9.88,0.8485205333503667,28.83799854808969
989,9.89,0.8537141271367015,28.824309572410414
990,9.9,0.8552323564275962,28.844528174939473
991,9.91,0.8632719733322183,28.896017684465125
992,9.92,0.8739624981680055,28.912154957914424
993,9.93,0.8836250699240327,28.90100215541462
994,9.94,0.8855724789768568,28.924474454790147
995,9.950000000000001,0.8879130037473382,28.9841548907637
996,9.96,0.8909498101125731,29.0212448477981
997,9.97,0.9002310514509065,28.989491276348062
998,9.98,0.911475344110966,29.00757294376551
999,9.99,0.9183274267125678,29.022791344798826
1000,10.0,0.9297985152394971,29.041178082042308
1001,10.01,0.931322102210363,29.072801116717248
1002,10.02,0.9441602937587035,29.115190902872186
1003,10.03,0.9486666157224768,29.089063453523952
1004,10.040000000000001,0.9536569386816294,29.112393129813857
1005,10.05,0.9542438300185277,29.109226264485176
1006,10.06,0.9656088477917439,29.084877295249655
1007,10.07,0.9742173852545659,29.117143341463585
1008,10.08,0.989547182334739,29.184941047627238
1009,10.09,0.9906500134501739,29.23037506024554
1010,10.1,1.0037179762205712,29.216732835302647
1011,10.11,1.0088897040637654,29.23472302540738
1012,10.120000000000001,1.0145878552861576,29.23951135390835
1013,10.13,1.0196600394694435,29.276665015674602
1014,10.14,1.0304699340786279,29.254004903295122
1015,10.15,1.03617749870148,29.268861727311524
1016,10.16,1.0516394832363218,29.28316019912151
1017,10.17,1.0606231607014958,29.33101249573079
1018,10.18,1.0640200214246112,29.343644311415897
1019,10.19,1.072362905403539,29.356414222475593
1020,10.200000000000001,1.086874359504314,29.320238581214802
1021,10.21,1.0906378338164966,29.38799173779828
1022,10.22,1.103722870965516,29.37913994947525
1023,10.23,1.11164602403646,29.39342230388211
1024,10.24,1.1140514085609459,29.35670141253354
1025,10.25,1.1347902558840288,29.48056868779532
1026,10.26,1.1369824234783497,29.435449628234394
1027,10.27,1.1418829172119065,29.495348860539604
1028,10.28,1.1564664519675487,29.512596361234852
1029,10.290000000000001,1.1644960803994546,29.48424484431619
1030,10.3,1.1779460784928135,29.523950042785394
1031,10.31,1.18310309689039,29.51346361430013
1032,10.32,1.1859000473953691,29.565382586943148
1033,10.33,1.2013425765470636,29.50652389223612
1034,10.34,1.2028115959486572,29.514383968809934
1035,10.35,1.2121969075953576,29.591103063038815
1036,10.36,1.221575347508507,29.575329871944856
1037,10.370000000000001,1.237425482507267,29.58152906332203
1038,10.38,1.2359497838573732,29.68099656962117
1039,10.39,1.258063101851126,29.638864965651706
1040,10.4,1.260288195197928,29.64050098935938
1041,10.41,1.2684384614437316,29.653908115438252
1042,10.42,1.273372936498729,29.656276927689404
1043,10.43,1.289427414242542,29.656272467056766
1044,10.44,1.2953204389962683,29.72089538575814
1045,10.450000000000001,1.3029058198356276,29.695963380246294
1046,10.46,1.3165514417702,29.72663375112861
1047,10.47,1.3226025188901167,29.70313579362295
1048,10.48,1.3327177304491826,29.76728665151543
1049,10.49,1.339720788807686,29.765999452272283
1050,10.5,1.3516492681799495,29.782228254002668
1051,10.51,1.3615753893082851,29.786381973377754
1052,10.52,1.369593670004931,29.807011449242328
1053,10.53,1.3755774557979856,29.823633581887005
1054,10.540000000000001,1.3905110889051384,29.826515846183618
1055,10.55,1.3945948957853744,29.81574811430289
1056,10.56,1.4067196190486615,29.89378733256796
1057,10.57,1.4149329937094037,29.90280007699675
1058,10.58,1.4219479285335737,29.908281795975686
1059,10.59,1.4295031437670471,29.904207439485514
1060,10.6,1.4376454078666467,29.912768697711716
1061,10.61,1.442188509799303,29.966514607024184
1062,10.620000000000001,1.4535839000393453,29.932851458395895
1063,10.63,1.467614366375572,29.92446072422989
1064,10.64,1.4775968535521975,29.99096710853124
1065,10.65,1.4855124999023068,29.988280872192863
1066,10.66,1.4956326588400481,30.00700922035068
1067,10.67,1.4994338653432544,29.973173665042378
1068,10.68,1.511497871700468,30.017886517359447
1069,10.69,1.5194271749828745,30.072923729782335
1070,10.700000000000001,1.5282967594859804,30.063758811704588
1071,10.71,1.5401571851969404,30.1206757396877
1072,10.72,1.5457859593786913,30.103234968236755
1073,10.73,1.5490187537235882,30.102338088518227
1074,10.74,1.564971261586434,30.135547834851586
1075,10.75,1.5684625083559642,30.17458197445636
1076,10.76,1.5809424036308701,30.12118608387248
1077,10.77,1.5896698495699522,30.136896427586862
1078,10.78,1.5998970890525568,30.134004695554523
1079,10.790000000000001,1.6003997493817335,30.18231779123627
1080,10.8,1.6110354659386221,30.151818797265836
1081,10.81,1.6193114809643754,30.22924955966313
1082,10.82,1.6260184856161548,30.2213031782934
1083,10.83,1.633224514507179,30.207641451401134
1084,10.84,1.644534055084856,30.273097351973195
1085,10.85,1.6535956657349469,30.234410104124336
1086,10.86,1.6601291886413752,30.299041894862516
1087,10.870000000000001,1.6662989555699323,30.314870626723152
1088,10.88,1.6765648748396271,30.328699637310425
1089,10.89,1.6813258421420514,30.287030832258978
1090,10.9,1.687662468117698,30.340669872475143
1091,10.91,1.6906550098681306,30.354612745033624
1092,10.92,1.6987786609981053,30.379016898010295
1093,10.93,1.7173199622355693,30.379383639370058
1094,10.94,1.7110125141330321,30.379683672386136
1095,10.950000000000001,1.7265319196308668,30.398550620362084
1096,10.96,1.7251900859846487,30.465183624911464
1097,10.97,1.7381125338917773,30.442296779423078
1098,10.98,1.740715864949689,30.471966821626406
1099,10.99,1.7544159568905395,30.432933512195376
1100,11.0,1.7613988355142634,30.42526434976166
1101,11.01,1.7707554845447917,30.49408728611648
1102,11.02,1.776704326301751,30.480561834360902
1103,11.03,1.7801358389434823,30.520513070370914
1104,11.040000000000001,1.7914547694341052,30.56010812813475
1105,11.05,1.7966230257421654,30.5409360440608
1106,11.06,1.8011312549794667,30.545489342145668
1107,11.07,1.8060783076356008,30.586570342008446
1108,11.08,1.8072265750943202,30.62108846060802
1109,11.09,1.8100134406981319,30.616521207441092
1110,11.1,1.8241834874792036,30.712329113815752
1111,11.11,1.8264463449088328,30.651265196547968
1112,11.120000000000001,1.827258071982885,30.68513378386685
1113,11.13,1.8384401331909404,30.691741585332515
1114,11.14,1.8410821222140463,30.69152457846113
1115,11.15,1.8485735942511965,30.70512279890847
1116,11.16,1.8525258022225537,30.718197911052027
1117,11.17,1.864518509619394,30.70237682004457
1118,11.18,1.86118704830878,30.7519388259508
1119,11.19,1.865988730474613,30.709617619274628
1120,11.200000000000001,1.8680057698607542,30.762132935100528
1121,11.21,1.8700716467130833,30.74796579495579
1122,11.22,1.882176572281946,30.81182660550747
1123,11.23,1.87755249266855,30.821338881087875
1124,11.24,1.8877062839881178,30.818812429242872
1125,11.25,1.8904976232456383,30.794797488888058
1126,11.26,1.8938372009211328,30.823327988922003
1127,11.27,1.8998243096834246,30.82567366723809
1128,11.28,1.8973835406223303,30.8950863706116
1129,11.290000000000001,1.9067407587916643,30.935312822076895
1130,11.3,1.9117131863214099,30.95798608802843
1131,11.31,1.914647111683873,30.957758019654925
1132,11.32,1.9154936571146755,30.95079738227298
1133,11.33,1.9181208130396858,30.88131275309138
1134,11.34,1.9191055089852658,30.99196257641579
1135,11.35,1.9230733857042268,30.996975632381524
1136,11.36,1.9299948108334073,30.971375524288177
1137,11.370000000000001,1.923607596354531,30.989465106562555
1138,11.38,1.9275741070797168,31.03210999712705
1139,11.39,1.9272216017140964,31.062733588938855
1140,11.4,1.9275459293849637,31.105255294591153
1141,11.41,1.9384599512845109,31.065452223525323
1142,11.42,1.932371419545515,31.081068154658258
1143,11.43,1.9472761728214205,31.129445460973372
1144,11.44,1.936906521488642,31.06974112527846
1145,11.450000000000001,1.9350348179247958,31.133810428359226
1146,11.46,1.937828246798583,31.0701454588507
1147,11.47,1.9379713119677038,31.166600804034495
1148,11.48,1.9428593829239946,31.144399288449012
1149,11.49,1.933325882065427,31.217744194700256
1150,11.5,1.9477561690356242,31.221372313726278
1151,11.51,1.9418506827106423,31.165089603618583
1152,11.52,1.9452531786573208,31.22187723796732
1153,11.53,1.9443555609741834,31.217676844118795
1154,11.540000000000001,1.943811762572113,31.27670854094627
1155,11.55,1.9421458911438267,31.288432759357107
1156,11.56,1.946925628705581,31.273056757034816
1157,11.57,1.9347225725386656,31.30756934098353
1158,11.58,1.9409921472647487,31.319774207472467
1159,11.59,1.9476678195987571,31.34521524438326
1160,11.6,1.9401980861155177,31.339258850323393
1161,11.61,1.9405222110226836,31.388614476578848
1162,11.620000000000001,1.9397910586727338,31.347375369526098
1163,11.63,1.9293435799190635,31.387093879126212
1164,11.64,1.9316886737063357,31.401317363175774
1165,11.65,1.9364962344697378,31.406098108790257
1166,11.66,1.9235622249593805,31.424189603057123
1167,11.67,1.9286687346416935,31.447787510062202
1168,11.68,1.922484211429417,31.501662411140984
1169,11.69,1.9308404595819517,31.46348223257993
1170,11.700000000000001,1.919914614409587,31.494046767117954
1171,11.71,1.9167789038646743,31.543512163962944
1172,11.72,1.9158752358989897,31.53323510410853
1173,11.73,1.9060098829397225,31.53438356020359
1174,11.74,1.9127670828036543,31.50347422607147
1175,11.75,1.9071572444877423,31.52777035994286
1176,11.76,1.901576663337111,31.59403771692092
1177,11.77,1.9045924010645232,31.57330133957829
1178,11.78,1.8932510609472748,31.590321975696668
1179,11.790000000000001,1.8916676941928523,31.638598763706387
1180,11.8,1.8846303176868036,31.63377789284921
1181,11.81,1.8836797879845737,31.59245802257675
1182,11.82,1.8754762146706356,31.64659561457419
1183,11.83,1.8765313531239936,31.681520033402606
1184,11.84,1.870634748586416,31.67908992641475
1185,11.85,1.8641548933658791,31.677464994461214
1186,11.86,1.8669657283638523,31.760489659494645
1187,11.870000000000001,1.8522913659590694,31.67478253992561
1188,11.88,1.8474559914846678,31.780680358246705
1189,11.89,1.857369942683451,31.685457857340452
1190,11.9,1.8487463273967877,31.74408984374812
1191,11.91,1.8467889341357964,31.758668703292432
1192,11.92,1.837730486907274,31.80119328174897
1193,11.93,1.8367676863913653,31.856042907175613
1194,11.94,1.8234977143852253,31.812908384477993
1195,11.950000000000001,1.8222373244811276,31.82361681421161
1196,11.96,1.8111365558370476,31.8688585793464
1197,11.97,1.8057434714261222,31.893847082349506
1198,11.98,1.801909480777696,31.80810304586976
1199,11.99,1.7983241798369012,31.9339505760335
1200,12.0,1.786052292242879,31.918534790928287
1201,12.01,1.7756151991022027,31.87369348573154
1202,12.02,1.767324239986605,31.854649210253324
1203,12.030000000000001,1.7710816316491913,31.977929192217367
1204,12.040000000000001,1.7588695751047698,31.921004181055594
1205,12.05,1.7493819627822904,31.91621900249324
1206,12.06,1.744983687221696,31.94914302186398
1207,12.07,1.7417450436759176,31.9693801161033
1208,12.08,1.7290371098024382,32.0156137774372
1209,12.09,1.7288489781741674,31.985375360862967
1210,12.1,1.7184483555034082,31.99839545515974
1211,12.11,1.716842476096653,32.07890929181494
1212,12.120000000000001,1.701791518605605,32.08319417691266
1213,12.13,1.6919220757962392,32.029663133021046
1214,12.14,1.6911202925941458,32.05791668673677
1215,12.15,1.6835376235889024,32.051543362335934
1216,12.16,1.6760889668200163,32.07124106467459
1217,12.17,1.6697607273186312,32.064196594913035
1218,12.18,1.6535458459306076,32.0916096276681
1219,12.19,1.6496674791232229,32.123588378482395
1220,12.200000000000001,1.642452087026206,32.1098535662665
1221,12.21,1.6349135047165808,32.116098873999995
1222,12.22,1.6290032260188372,32.152699707102926
1223,12.23,1.623934314538295,32.17269228593555
1224,12.24,1.613616236205871,32.12769796103907
1225,12.25,1.6082180858681452,32.15433400154107
1226,12.26,1.6026377660548579,32.2558128143816
1227,12.27,1.5900468819137012,32.21988703080147
1228,12.280000000000001,1.5798382146015792,32.28085718179466
1229,12.290000000000001,1.5720139489220304,32.24383942667215
1230,12.3,1.5610896185842504,32.193011359732544
1231,12.31,1.5570332821489883,32.293045372388484
1232,12.32,1.5437168812254698,32.30317075063465
1233,12.33,1.531855528708346,32.2751439880911
1234,12.34,1.522628083194006,32.3038077792014
1235,12.35,1.5126215696799616,32.35261067664725
1236,12.36,1.5060487049894178,32.299093991848906
1237,12.370000000000001,1.4957795891611803,32.36486996885995
1238,12.38,1.4879116776560046,32.33657987764664
1239,12.39,1.4828489037781822,32.327162884030706
1240,12.4,1.4708953804300198,32.335914939799146
1241,12.41,1.4598938762811666,32.366358010701155
1242,12.42,1.4561962637440355,32.46129029186136
1243,12.43,1.4532676457161091,32.430119390483945
1244,12.44,1.4298093069272007,32.41087014231695
1245,12.450000000000001,1.426568487979744,32.43518301632678
1246,12.46,1.4091332082599597,32.341194576193026
1247,12.47,1.405242749410566,32.476785061869734
1248,12.48,1.391827617470259,32.522127587251305
1249,12.49,1.3902314113729106,32.43273909159919
1250,12.5,1.3753578829872435,32.47675367018266
1251,12.51,1.3662169535591884,32.465209305148015
1252,12.52,1.3579431493751473,32.51287752689198
1253,12.530000000000001,1.34709075029117,32.49372788913284
1254,12.540000000000001,1.3351304344086086,32.425367061905504
1255,12.55,1.3279554097948036,32.494952317150116
1256,12.56,1.3202216093339167,32.56860885901703
1257,12.57,1.3054017031165561,32.564945937226575
1258,12.58,1.2967543862543276,32.54867545536829
1259,12.59,1.289743635595707,32.568667988753155
1260,12.6,1.2726630587819387,32.508014855830226
1261,12.61,1.280230897171795,32.58295010247648
1262,12.620000000000001,1.258029138487682,32.53354074481634
1263,12.63,1.2479847529068022,32.6122320839277
1264,12.64,1.2425871918399656,32.59893613946201
1265,12.65,1.230588521529472,32.595626342648295
1266,12.66,1.2186564342175825,32.64747887572529
1267,12.67,1.2118429207398733,32.632772560347874
1268,12.68,1.1969367085316476,32.61290995822199
1269,12.69,1.1863434697106632,32.66950228877095
1270,12.700000000000001,1.1734879417198012,32.670941112776575
1271,12.71,1.1696660731437158,32.62272079344916
1272,12.72,1.15605405103966,32.69693672955979
1273,12.73,1.1387866127394513,32.63557476532306
1274,12.74,1.1385422995780565,32.649586147012975
1275,12.75,1.122628162098305,32.71406580723556
1276,12.76,1.1150725263822072,32.73056323621052
1277,12.77,1.1089517472720032,32.694681079993856
1278,12.780000000000001,1.0935371282006634,32.737571158020664
1279,12.790000000000001,1.093763543616693,32.722130188078474
1280,12.8,1.078971108069966,32.75722959210621
1281,12.81,1.06836311909606,32.7437981175921
1282,12.82,1.056576088397526,32.7367602773084
1283,12.83,1.04765018676332,32.78519057191328
1284,12.84,1.0382135368606995,32.80364563881583
1285,12.85,1.023933734946614,32.77231041522328
1286,12.86,1.0152353850133977,32.76384813203076
1287,12.870000000000001,1.0038373784083423,32.82201527813216
1288,12.88,0.9844097638422266,32.80587608836828
1289,12.89,0.9862609936726243,32.79093133077393
1290,12.9,0.9700535704467239,32.76250034844503
1291,12.91,0.9637968758378946,32.82264340812729
1292,12.92,0.9560328150696646,32.88064133018645
1293,12.93,0.9457651588051065,32.87336506230295
1294,12.94,0.9276205569269329,32.806459071708495
1295,12.950000000000001,0.9161449982122623,32.89303370470147
1296,12.96,0.9020128215810375,32.81411329116928
1297,12.97,0.892423444441394,32.889496161468365
1298,12.98,0.8893629805602303,32.82318016055413
1299,12.99,0.8786197449531029,32.93402490475269
1300,13.0,0.8666826253989264,32.87308869386343
1301,13.01,0.8595463805721554,32.922326101070425
1302,13.02,0.8457293907155572,32.86001054007178
1303,13.030000000000001,0.8370357160561895,32.88314557042273
1304,13.040000000000001,0.8230540803362558,32.88410859350445
1305,13.05,0.8161253731090907,32.97877575061636
1306,13.06,0.8062613690092897,32.93597398336039
1307,13.07,0.7982765811655756,32.93523389519938
1308,13.08,0.7884211704630757,32.96753023211385
1309,13.09,0.7764385891468765,33.000914605246805
1310,13.1,0.762638280909885,32.98274983922513
1311,13.11,0.7555252910032654,32.994414823245194
1312,13.120000000000001,0.7408983701469836,32.996718183897784
1313,13.13,0.7273590970199619,33.0151905343603
1314,13.14,0.7218227185630203,33.018763698933896
1315,13.15,0.7198924121576397,33.00747040058717
1316,13.16,0.7027482705871404,33.01816060852595
1317,13.17,0.6951137690181107,32.979725836233456
1318,13.18,0.684374348573377,33.05814476689129
1319,13.19,0.672183213661086,32.981560483125286
1320,13.200000000000001,0.6622867455553118,33.08528013376406
1321,13.21,0.6559173955583117,33.04817538899243
1322,13.22,0.6402597112288578,33.03385922967202
1323,13.23,0.6240870157451335,33.07807307739519
1324,13.24,0.6244706091429753,33.06859295404079
1325,13.25,0.6053650233702567,33.08264443461403
1326,13.26,0.6010927634910025,33.103013979496176
1327,13.27,0.5881383328211213,33.169732077109146
1328,13.280000000000001,0.575661007516912,33.03081338230777
1329,13.290000000000001,0.5735812323116565,33.13493683128847
1330,13.3,0.5576166051116733,33.165673946928145
1331,13.31,0.5517568223304069,33.14573295516082
1332,13.32,0.5397351241091787,33.155748144361354
1333,13.33,0.5337141868154196,33.11773158313005
1334,13.34,0.519964289679374,33.2600044919398
1335,13.35,0.5064907469753166,33.20854685799096
1336,13.36,0.4941507551249821,33.19252242038636
1337,13.370000000000001,0.4921026587097235,33.14187058624005
1338,13.38,0.4858084977644792,33.221503153091604
1339,13.39,0.47142035150610995,33.22935090210873
1340,13.4,0.4573859742687224,33.181232402324845
1341,13.41,0.44610105621797425,33.27978984706803
1342,13.42,0.44187450465782785,33.234365831232104
1343,13.43,0.4337534206545807,33.230721228933795
1344,13.44,0.4241562682181959,33.298078609954686
1345,13.450000000000001,0.40670882123688284,33.29248222132046
1346,13.46,0.402958759962541,33.255340657798165
1347,13.47,0.3944871233661232,33.31536223754483
1348,13.48,0.3811040793022064,33.27227734941188
1349,13.49,0.37394486064669535,33.3195025496797
1350,13.5,0.35565713182374825,33.33881045960981
1351,13.51,0.35289173417904357,33.34668373530086
1352,13.52,0.3399529919168271,33.375886462746706
1353,13.530000000000001,0.33467723659637005,33.36456901911555
1354,13.540000000000001,0.33094398642188627,33.40058091152504
1355,13.55,0.3202998204874292,33.42066281975757
1356,13.56,0.30141306503067333,33.43305708014943
1357,13.57,0.2970811571611765,33.39905608112947
1358,13.58,0.2914501652180332,33.44680141565966
1359,13.59,0.278765739224935,33.46883001464537
1360,13.6,0.27573524895889534,33.551216727717275
1361,13.61,0.26429539461678186,33.50362026428758
1362,13.620000000000001,0.24951591418602648,33.532224636259244
1363,13.63,0.2462616392605448,33.531459323661366
1364,13.64,0.2383996670868916,33.59140839121761
1365,13.65,0.22638492294295137,33.59131765984414
1366,13.66,0.22529951643374455,33.583188438447756
1367,13.67,0.206130164705301,33.733420342053996
1368,13.68,0.206538576289156,33.72798804460239
1369,13.69,0.19778455463814126,33.69798665394677
1370,13.700000000000001,0.19508517754297275,33.79062601289459
1371,13.71,0.187352873678127,33.73741504747187
1372,13.72,0.17835210794266923,33.839140328967616
1373,13.73,0.17890999114305972,33.905679596538086
1374,13.74,0.16421781813379763,33.94130276289826
1375,13.75,0.15919803932769108,33.975594808726754
1376,13.76,0.16252013428201015,34.121557255457546
1377,13.77,0.14799283244345424,34.125761372727354
1378,13.780000000000001,0.14841853771690544,34.20547165281985
1379,13.790000000000001,0.14740271044484665,34.27090043517625
1380,13.8,0.14618916666263782,34.34247160559445
1381,13.81,0.14174880097277254,34.43714110939508
1382,13.82,0.1397777292726295,34.48485006280298
1383,13.83,0.14201333615916226,34.579210040437566
1384,13.84,0.13834949286889187,34.622347694821144
1385,13.85,0.14337955481623013,34.71595394931141
1386,13.86,0.1394916551643356,34.791549094369195
1387,13.870000000000001,0.14232816916676985,34.80153429120619
1388,13.88,0.15082096583980584,34.911927620740855
1389,13.89,0.14784738456830898,35.002243037687535
1390,13.9,0.15864049462596425,34.9942168422805
1391,13.91,0.16602114740074056,35.1431906096211
1392,13.92,0.16466220828408962,35.16439600645162
1393,13.93,0.17180132083246177,35.185596549874454
1394,13.94,0.17625523026619577,35.25459995744397
1395,13.950000000000001,0.17998189605550932,35.308596490246
1396,13.96,0.19300484403963203,35.34041673335916
1397,13.97,0.20300098890307436,35.35414277045364
1398,13.98,0.20786127996744022,35.39578388296781
1399,13.99,0.21079078301780935,35.41997950503732
1400,14.0,0.2190054807295851,35.491721272877015
1401,14.01,0.2243846498272249,35.521071243380966
1402,14.02,0.24008307476637278,35.56760641310661
1403,14.030000000000001,0.24617202740365263,35.58246593028831
1404,14.040000000000001,0.2548462888973591,35.56564899860777
1405,14.05,0.26843030194852524,35.57722187071621
1406,14.06,0.2749640260750326,35.59248883113527
1407,14.07,0.28140436417931763,35.632199090833495
1408,14.08,0.2876249314302125,35.59667652348841
1409,14.09,0.2964587855567038,35.66561247422349
1410,14.1,0.3137112621748078,35.707393075519086
1411,14.11,0.31723136715087863,35.74716152069456
1412,14.120000000000001,0.3188183041618823,35.72154326483029
1413,14.13,0.33738739928637657,35.72145474067271
1414,14.14,0.34312984333042956,35.76265870315254
1415,14.15,0.35192944685642435,35.796095496350425
1416,14.16,0.35911147697407364,35.7644755589526
1417,14.17,0.3717744623149993,35.79089979615702
1418,14.18,0.3803196301758242,35.79262549440119
1419,14.19,0.38806041058223545,35.87791352264627
1420,14.200000000000001,0.40013376765469477,35.821625594852584
1421,14.21,0.4105287123793696,35.87396053188949
1422,14.22,0.41793942204697815,35.890168011327816
1423,14.23,0.4275797226660279,35.87173533819118
1424,14.24,0.43638874971019365,35.909782420097294
1425,14.25,0.4447634859614816,35.85573540270223
1426,14.26,0.45879209936599513,35.890866992209816
1427,14.27,0.4678366170392897,35.89349143722402
1428,14.280000000000001,0.47697204955788713,35.85886442837717
1429,14.290000000000001,0.487395594519057,35.940467717744056
1430,14.3,0.502052285992107,35.93612528389142
1431,14.31,0.5077459450760943,35.962204535943535
1432,14.32,0.5176017912083332,35.93600713314383
1433,14.33,0.5264897174189037,35.99476058444546
1434,14.34,0.5362743210723956,35.89504245405741
1435,14.35,0.548146486478195,35.980417543319646
1436,14.36,0.5607806484204534,35.9822091550767
1437,14.370000000000001,0.5664011962997348,35.96087040508052
1438,14.38,0.5775176397528137,35.9486231474408
1439,14.39,0.5873154510054841,36.01966250927444
1440,14.4,0.5994367548073278,35.98501497655723
1441,14.41,0.6020232304955541,36.096813685610755
1442,14.42,0.6119405975693114,35.99892770335155
1443,14.43,0.6264877424164308,36.016902889805394
1444,14.44,0.6318733909656439,36.05874137417903
1445,14.450000000000001,0.6415869490599235,36.00546550324471
1446,14.46,0.6527940804082397,36.08566132923545
1447,14.47,0.6593909233499139,36.08871600883654
1448,14.48,0.6721805623459914,36.07449004539927
1449,14.49,0.6748761402928645,36.08613921606245
1450,14.5,0.6961274925286035,36.10073975608484
1451,14.51,0.6993791113536135,36.12088238299287
1452,14.52,0.7117547675308746,36.10288303903477
1453,14.530000000000001,0.7209943694399515,36.136828637991
1454,14.540000000000001,0.7352357069426626,36.128673272354426
1455,14.55,0.7419160182642369,36.14123304582214
1456,14.56,0.7503668290311079,36.13348050271387
1457,14.57,0.767972870267434,36.13120819343521
1458,14.58,0.773464775239604,36.147207573518735
1459,14.59,0.7827894754901524,36.133055773849364
1460,14.6,0.7881553800751236,36.168477889089175
1461,14.61,0.7974531762007471,36.198993650091374
1462,14.620000000000001,0.8094816267095486,36.182687186762024
1463,14.63,0.8222507633845443,36.23528484718721
1464,14.64,0.8312785600839779,36.20413420742353
1465,14.65,0.8365797394080513,36.194663997131265
1466,14.66,0.8493180147529844,36.16799175248428
1467,14.67,0.8603105393184783,36.23616666768478
1468,14.68,0.8722209271813028,36.2023375755059
1469,14.69,0.8716286527099958,36.28072997246126
1470,14.700000000000001,0.8824910665606573,36.29010781773427
1471,14.71,0.8973085631014385,36.20145000178521
1472,14.72,0.9048249859924692,36.250169493711006
1473,14.73,0.914387872260404,36.2742285561858
1474,14.74,0.9263005268686556,36.287670347308485
1475,14.75,0.9310470603969323,36.28585384054287
1476,14.76,0.9433595060744489,36.314567657128315
1477,14.77,0.951784441006513,36.34217794810492
1478,14.780000000000001,0.9599395575126981,36.2806391762807
1479,14.790000000000001,0.9726870641939798,36.327649139347365
1480,14.8,0.9841811984671448,36.340086312140535
1481,14.81,0.9940004757446198,36.33827889754198
1482,14.82,0.9971133182487525,36.39485618251819
1483,14.83,1.0087128656061417,36.29868934531404
1484,14.84,1.0198415005792938,36.41926524176565
1485,14.85,1.0315164227750486,36.371826678903595
1486,14.86,1.0428652955494255,36.37103649095228
1487,14.870000000000001,1.0463514116258812,36.4350152814887
1488,14.88,1.0445103159390867,36.41787362739269
1489,14.89,1.0672883817989327,36.419256335178275
1490,14.9,1.0699785397991606,36.38607975080265
1491,14.91,1.0832074853039786,36.397363197855434
1492,14.92,1.095170630820523,36.43467360777997
1493,14.93,1.108104941631116,36.434949321815225
1494,14.94,1.1116906493167205,36.443356128085696
1495,14.950000000000001,1.121630014543115,36.44489188295836
1496,14.96,1.1267778486156492,36.46533605397831
1497,14.97,1.138313271910394,36.47506607043506
1498,14.98,1.1429119037298667,36.475710875457864
1499,14.99,1.1526659916868203,36.491697890019516
1500,15.0,1.1635656565228523,36.50386726479545
1501,15.01,1.1708751446350256,36.49484211706464
1502,15.02,1.1661562194688326,36.53970285994606
1503,15.030000000000001,1.1869566924376347,36.52459588558487
1504,15.040000000000001,1.1993599738589928,36.55825542295205
1505,15.05,1.2095273609296064,36.55965771133197
1506,15.06,1.2154007694549938,36.55213620495272
1507,15.07,1.2202212723552248,36.54543778662318
1508,15.08,1.2322714776921637,36.53243717910505
1509,15.09,1.2387975824571669,36.51657979173743
1510,15.1,1.2414318346966338,36.54859794552497
1511,15.11,1.2534127550303438,36.617316107788845
1512,15.120000000000001,1.2647825482344128,36.545020999702686
1513,15.13,1.2707864883972115,36.619035871488144
1514,15.14,1.2800219289792494,36.5884879811242
1515,15.15,1.2844177082979884,36.66260157439961
1516,15.16,1.2924443055071717,36.625122825606105
1517,15.17,1.3040292216595224,36.62330817419585
1518,15.18,1.3095551911233323,36.62847653573803
1519,15.19,1.3157765446939116,36.64426157073886
1520,15.200000000000001,1.3255150039540635,36.65451100612764
1521,15.21,1.3348590513117982,36.69202393496208
1522,15.22,1.344789103775241,36.696748162167836
1523,15.23,1.3515905960878707,36.72172935186325
1524,15.24,1.3593932334612424,36.69098308060659
1525,15.25,1.3632975291327607,36.75291351805736
1526,15.26,1.3711206293298142,36.761041054019
1527,15.27,1.3805379209921507,36.7361288976099
1528,15.280000000000001,1.3865850169801541,36.725894764136356
1529,15.290000000000001,1.3969963206050475,36.70786089742571
1530,15.3,1.3990597257354096,36.787618397155576
1531,15.31,1.4103610371167747,36.758343496131744
1532,15.32,1.4129099243555812,36.81684791965888
1533,15.33,1.4180665645111072,36.7421315971992
1534,15.34,1.4227923723704148,36.81674190241145
1535,15.35,1.4334513354239764,36.837373600611514
1536,15.36,1.4394295847570333,36.84068680333722
1537,15.370000000000001,1.4514420375644026,36.84243253711128
1538,15.38,1.464490462687593,36.87024032548334
1539,15.39,1.4675793974454594,36.841460227516485
1540,15.4,1.4645930133955758,36.89164565249403
1541,15.41,1.4765556002436908,36.88801992480722
1542,15.42,1.478099432738466,36.89777490599379
1543,15.43,1.4867343552906498,36.93067200845303
1544,15.44,1.4974540144294928,36.91044611214967
1545,15.450000000000001,1.4998777088920807,36.9539837897023
1546,15.46,1.5045944615252584,36.97868893682839
1547,15.47,1.5069184781251443,36.896219826984265
1548,15.48,1.515539645168189,36.92094488423259
1549,15.49,1.5184273219096303,36.9493347005002
1550,15.5,1.5334188215916464,36.937428665773794
1551,15.51,1.534416045757501,36.95052005036162
1552,15.52,1.5364413738407408,37.01275521346227
1553,15.530000000000001,1.5406166397774639,37.03374791471106
1554,15.540000000000001,1.5513110692278007,37.035899389464916
1555,15.55,1.5513524940144907,37.008599898582844
1556,15.56,1.5628927727593556,37.000252987824936
1557,15.57,1.5714039756088278,37.10870487932358
1558,15.58,1.575037376854402,37.036360659386936
1559,15.59,1.5736581202808186,37.11912512322674
1560,15.6,1.5824192618937132,37.09412944675844
1561,15.610000000000001,1.5878622726958844,37.05784338744861
1562,15.620000000000001,1.5902046899000248,37.093984869122544
1563,15.63,1.597993428322964,37.18533417381099
1564,15.64,1.5955679017820144,37.15751738442956
1565,15.65,1.5966235532050097,37.11182225003271
1566,15.66,1.608523884068418,37.12629833867175
1567,15.67,1.6102118890064532,37.08513477687046
1568,15.68,1.611277299152987,37.14826214867318
1569,15.69,1.6179231829078324,37.180609491902004
1570,15.700000000000001,1.6261449543579007,37.205205052474675
1571,15.71,1.6294269116392575,37.18020752173379
1572,15.72,1.6345450828859247,37.24935010503683
1573,15.73,1.6352897049187662,37.19174374333737
1574,15.74,1.6394718820274414,37.259095219760944
1575,15.75,1.6464328503427776,37.21833530684886
1576,15.76,1.6423762687985912,37.27179887426465
1577,15.77,1.6456361295456743,37.271502654896786
1578,15.780000000000001,1.648777795544838,37.22865232471013
1579,15.790000000000001,1.6547095573305979,37.324255782442314
1580,15.8,1.6522056995454193,37.291207048036355
1581,15.81,1.658047442549316,37.25475873213513
1582,15.82,1.6582812011502537,37.255154628212274
1583,15.83,1.6631159916351144,37.260312390508716
1584,15.84,1.6609003759511052,37.38699007692922
1585,15.85,1.66836758170755,37.33691955842905
1586,15.860000000000001,1.6733580852372314,37.36139764207351
1587,15.870000000000001,1.6689711374350136,37.37930148507153
1588,15.88,1.6661775623287902,37.358726242857315
1589,15.89,1.6721251578494556,37.385484486490704
1590,15.9,1.6713535793345873,37.376947314100356
1591,15.91,1.6781151370064864,37.43666477773731
1592,15.92,1.67417538353761,37.45829396366199
1593,15.93,1.678691242425822,37.39464245229167
1594,15.94,1.6801298126390851,37.47567919329621
1595,15.950000000000001,1.6813082657298988,37.4374784480022
1596,15.96,1.6847383679505439,37.490519203301155
1597,15.97,1.6815921285680966,37.4097577642861
1598,15.98,1.681160402461438,37.49561763449867
1599,15.99,1.6867466206988213,37.45913700911991
1600,16.0,1.6851675858244914,37.502683544516096
1601,16.01,1.6872957298809113,37.596952588776084
1602,16.02,1.680271803335526,37.52124347400063
1603,16.03,1.6854618076573766,37.56443802918068
1604,16.04,1.6880519416612938,37.5224454563335
1605,16.05,1.6870053178980615,37.57532707964286
1606,16.06,1.6833351953700533,37.57294231187214
1607,16.07,1.6870403031102044,37.56149456519205
1608,16.080000000000002,1.6855626562137478,37.63262909189801
1609,16.09,1.6843774087677545,37.616632741704116
1610,16.1,1.6787150263191053,37.59457363852722
1611,16.11,1.686282692900576,37.6231700750327
1612,16.12,1.6837575539404503,37.66532454061694
1613,16.13,1.6855569680188853,37.683805934024676
1614,16.14,1.6849151256256865,37.62675486684819
1615,16.15,1.681233623101561,37.671540136710306
1616,16.16,1.673942253643006,37.68116979502762
1617,16.17,1.677974168191929,37.69873057253164
1618,16.18,1.6730580232289032,37.73804550623671
1619,16.19,1.6770473172184932,37.73287311135856
1620,16.2,1.6810275927471485,37.73637858826901
1621,16.21,1.671917139311028,37.68391979137366
1622,16.22,1.6717183618134108,37.735930514801225
1623,16.23,1.672002226937695,37.76342699261105
1624,16.240000000000002,1.663576407209245,37.77891339859045
1625,16.25,1.662592310174795,37.821813997527094
1626,16.26,1.661011389277534,37.74832158692435
1627,16.27,1.6551626407844389,37.754313571290815
1628,16.28,1.654740720381157,37.782673179074074
1629,16.29,1.6529778662340697,37.80236835571686
1630,16.3,1.647401670818833,37.76931070974198
1631,16.31,1.6469361203148218,37.86961123629465
1632,16.32,1.6451887288003726,37.830082230173154
1633,16.330000000000002,1.6459305037324545,37.79633231568048
1634,16.34,1.6389269717421742,37.8288965819955
1635,16.35,1.6343225071989338,37.852641119931725
1636,16.36,1.6225191198989652,37.87415037295964
1637,16.37,1.6301331743933491,37.89777291707906
1638,16.38,1.6266037064796286,37.901597387907884
1639,16.39,1.6200776702969575,37.90637276648806
1640,16.4,1.619638547539359,37.91199676357924
1641,16.41,1.6137241348586007,37.99237462552485
1642,16.42,1.6140616588165866,37.90977966847661
1643,16.43,1.6055244029480604,37.91547420749703
1644,16.44,1.6095560331639085,37.967781288595354
1645,16.45,1.600263902102982,38.0402940052661
1646,16.46,1.603775664216565,38.039890580467215
1647,16.47,1.5926402299248799,37.99067110174358
1648,16.48,1.5899647645825836,38.06136196418755
1649,16.490000000000002,1.582844156331525,38.00387031691939
1650,16.5,1.5807225505833271,38.011327975892584
1651,16.51,1.5772492570683936,38.061783383539236
1652,16.52,1.5693953006090968,38.05857141256868
1653,16.53,1.5720571170256932,38.036336347761754
1654,16.54,1.5599895424961907,38.08184354074789
1655,16.55,1.5587177850791991,38.058686599241575
1656,16.56,1.5480878911438258,38.08846703610177
1657,16.57,1.5520379631663,38.07319033082029
1658,16.580000000000002,1.5424143704311153,38.11506577860303
1659,16.59,1.5324817667461723,38.097956012660546
1660,16.6,1.5251210134898625,38.088109755555195
1661,16.61,1.5277339032791064,38.149030518243514
1662,16.62,1.5163663121320394,38.18489238762746
1663,16.63,1.5175747543948057,38.15635537442158
1664,16.64,1.5124667898707664,38.07430731977891
1665,16.65,1.4989544072135417,38.17209410823035
1666,16.66,1.4955398719073631,38.219960712180594
1667,16.67,1.4950133380205395,38.22717219242302
1668,16.68,1.4812893038084118,38.198386636082795
1669,16.69,1.4787886183219165,38.20085558678101
1670,16.7,1.4732242506848776,38.24250297816474
1671,16.71,1.4693283900246366,38.250651648337495
1672,16.72,1.4615810287644824,38.252405735471015
1673,16.73,1.4586138333570569,38.250118696132844
1674,16.740000000000002,1.4477340028918808,38.26489498959246
1675,16.75,1.4463889670347052,38.26164277497024
1676,16.76,1.431060878902675,38.31048821068688
1677,16.77,1.4374675519895108,38.253799260561784
1678,16.78,1.423323466301527,38.322400721383886
1679,16.79,1.4202740002181573,38.38106404525896
1680,16.8,1.4145270778326755,38.33712692646054
1681,16.81,1.408233068180626,38.285487199321516
1682,16.82,1.3952575970505738,38.369352227837304
1683,16.830000000000002,1.3889323127111624,38.334819843196506
1684,16.84,1.3775025354022652,38.37319167122302
1685,16.85,1.3706756673687526,38.33030932677146
1686,16.86,1.3747357085993417,38.36496392137473
1687,16.87,1.3579461531435388,38.336488912175284
1688,16.88,1.3559369462998558,38.368046348963055
1689,16.89,1.3430749680432956,38.40172600569575
1690,16.9,1.3367366771372369,38.3572315193713
1691,16.91,1.3303407407796102,38.42299425113624
1692,16.92,1.3265575659746474,38.376100200296094
1693,16.93,1.3184660019876855,38.358164629770535
1694,16.94,1.3054623747321106,38.41825531745962
1695,16.95,1.298023604920511,38.44338742570022
1696,16.96,1.29483413717458,38.447854154752
1697,16.97,1.284947798596484,38.43920016112489
1698,16.98,1.2799312864774541,38.43540243121385
1699,16.990000000000002,1.2651905729147128,38.448002897431365
1700,17.0,1.2626958969061808,38.48919861004285
1701,17.01,1.2531686933360633,38.45450994579472
1702,17.02,1.2508053661422354,38.40396341990366
1703,17.03,1.2420751937539531,38.47478877098095
1704,17.04,1.2258152580051662,38.486549515461824
1705,17.05,1.2248798997637105,38.475367213849424
1706,17.06,1.2105609181391954,38.50503533196591
1707,17.07,1.2110264585815282,38.48312205969848
1708,17.080000000000002,1.1931955360446491,38.53916257075048
1709,17.09,1.1895725006996654,38.5058492318194
1710,17.1,1.18104603676687,38.52299902946237
1711,17.11,1.1709752105995272,38.47105228469539
1712,17.12,1.1636504301884654,38.520176986292206
1713,17.13,1.157470621011602,38.58921642726018
1714,17.14,1.1569023833338532,38.55669184387177
1715,17.150000000000002,1.1404509850697775,38.54645883384719
1716,17.16,1.1348504793559628,38.56304883870352
1717,17.17,1.1216854766029916,38.51325931163431
1718,17.18,1.1186745080964804,38.55623194827368
1719,17.19,1.109971643074792,38.5529767614408
1720,17.2,1.1053985444726158,38.60456915534602
1721,17.21,1.0935204283800284,38.56196714391257
1722,17.22,1.0840346008634125,38.563631779165405
1723,17.23,1.069622371238794,38.59751538073035
1724,17.240000000000002,1.0634125691170142,38.58768565152789
1725,17.25,1.0506208336711915,38.64904833518434
1726,17.26,1.0455493723845544,38.6456522964539
1727,17.27,1.0342144172077248,38.60479847293377
1728,17.28,1.0321568721761816,38.54037535170893
1729,17.29,1.0295768426343181,38.63789617931127
1730,17.3,1.0131863162382275,38.65885054470821
1731,17.31,1.0029604651315231,38.59283490072939
1732,17.32,0.9972460433053993,38.67965754262346
1733,17.330000000000002,0.9943752769832774,38.69312690005003
1734,17.34,0.9838690944657421,38.58460674401064
1735,17.35,0.9706127825756574,38.62323648409339
1736,17.36,0.9647856003906867,38.651792311941044
1737,17.37,0.9522251495085614,38.69529016128823
1738,17.38,0.9516259502629292,38.639001790558474
1739,17.39,0.9378057118345781,38.62700322221172
1740,17.400000000000002,0.9288911280862694,38.66093085329541
1741,17.41,0.9215674181033837,38.681718505934874
1742,17.42,0.9136382519348801,38.65290453537533
1743,17.43,0.9064078897025982,38.692178286617526
1744,17.44,0.8935173959385685,38.73006231606227
1745,17.45,0.8862165560728706,38.66299294594522
1746,17.46,0.8863760517524838,38.64769204763689
1747,17.47,0.8703845583869825,38.672973459538106
1748,17.48,0.8638999048803042,38.72142183900687
1749,17.490000000000002,0.852456605587141,38.70641567876358
1750,17.5,0.8393706449901446,38.73033662515719
1751,17.51,0.8344718011294849,38.63769279131662
1752,17.52,0.8298614124730466,38.676235149264905
1753,17.53,0.8128884020067716,38.72620466055526
1754,17.54,0.8094241737229096,38.64893720291627
1755,17.55,0.8012150989948437,38.66934306094148
1756,17.56,0.7946467479395395,38.71938141206336
1757,17.57,0.7811710151442299,38.6802770365088
1758,17.580000000000002,0.7791197466382944,38.71394440149274
1759,17.59,0.7704221979703132,38.67044709703451
1760,17.6,0.7570142402012124,38.6809734806293
1761,17.61,0.7483191077325114,38.649842966121746
1762,17.62,0.740325338080323,38.68809999348164
1763,17.63,0.7370130438090573,38.70547169905413
1764,17.64,0.7203342974279802,38.74327470400814
1765,17.650000000000002,0.7082919167179531,38.67167455324767
1766,17.66,0.7034735436493841,38.72581539669383
1767,17.67,0.6955602061357886,38.68077169166149
1768,17.68,0.6941243499732358,38.61735311304385
1769,17.69,0.6815584969316982,38.656267490794065
1770,17.7,0.6752829473296597,38.67877461685225
1771,17.71,0.6599072240294115,38.69602267630112
1772,17.72,0.6482547619817942,38.69600974839875
1773,17.73,0.6437550585284888,38.684083041063296
1774,17.740000000000002,0.6436335693097331,38.62316172224958
1775,17.75,0.6330408484266111,38.71129553554762
1776,17.76,0.6228050550986519,38.614946436859235
1777,17.77,0.6136908130734914,38.69777309163882
1778,17.78,0.6035412444440416,38.65746753034829
1779,17.79,0.5914991977352271,38.67782531022437
1780,17.8,0.5829823260109797,38.68915886989235
1781,17.81,0.57822100553832,38.61013413016396
1782,17.82,0.5679840667313814,38.64751650451088
1783,17.830000000000002,0.5627323846253427,38.59054250051713
1784,17.84,0.542634813217827,38.62347567710011
1785,17.85,0.5388539285065765,38.618079808431766
1786,17.86,0.5360172691001575,38.63381731221472
1787,17.87,0.5243015424418991,38.57081577265125
1788,17.88,0.5204330018275442,38.63055307547743
1789,17.89,0.5055119617703646,38.535536046050716
1790,17.900000000000002,0.5025198180309312,38.59944484811937
1791,17.91,0.49939612895433955,38.55991010483368
1792,17.92,0.4855730299471593,38.54762750046545
1793,17.93,0.47550684457218484,38.574799968970595
1794,17.94,0.46805303062781917,38.54743165901206
1795,17.95,0.4634123523309604,38.52548617290954
1796,17.96,0.448335047296849,38.555340634936435
1797,17.97,0.4496547081901025,38.542424324586484
1798,17.98,0.4389564464437913,38.51118356618766
1799,17.990000000000002,0.4328569246847069,38.48281662173307
1800,18.0,0.4220532748770862,38.48353105006987
1801,18.01,0.41651172113190854,38.459585951189226
1802,18.02,0.4118714059164938,38.498951778046084
1803,18.03,0.4007576925418441,38.480172286661094
1804,18.04,0.3898517077403535,38.44014715550513
1805,18.05,0.3851600353803816,38.470555647953
1806,18.06,0.38051360686180097,38.40496461958446
1807,18.07,0.37168266285524965,38.35367794976897
1808,18.080000000000002,0.36788616050700484,38.367016487949606
1809,18.09,0.3602816501696707,38.37224394220057
1810,18.1,0.359039577463544,38.353775386567925
1811,18.11,0.348776922736684,38.35198640592613
1812,18.12,0.34887459259336207,38.309117728355666
1813,18.13,0.3428849611217445,38.31475805109687
1814,18.14,0.32995482907663437,38.23536070040838
1815,18.150000000000002,0.3230364265589466,38.266802931702166
1816,18.16,0.322843886387109,38.230017098597266
1817,18.17,0.31931704511654146,38.20712748947604
1818,18.18,0.3164830531113008,38.197600552298546
1819,18.19,0.3063488735587921,38.13026969895112
1820,18.2,0.30634872246762757,38.13384682036582
1821,18.21,0.3022138068778104,38.086445585037865
1822,18.22,0.3043763312165451,38.03948582839373
1823,18.23,0.29879187453626804,38.009318046210275
1824,18.240000000000002,0.292267859189798,38.007786255610995
1825,18.25,0.2929654441822933,38.010902904351646
1826,18.26,0.2868807739064776,38.03342396134167
1827,18.27,0.2799503940435311,37.89338975391971
1828,18.28,0.28138998782919067,37.95028585148829
1829,18.29,0.2777910858087421,37.90755595326025
1830,18.3,0.2784403828482781,37.86115667250827
1831,18.31,0.27936789918948896,37.79022947592621
1832,18.32,0.2779170230235945,37.80476369674577
1833,18.330000000000002,0.2760313528164416,37.770628090382054
1834,18.34,0.2801999291700623,37.69197176309324
1835,18.35,0.2791699919047878,37.67979967184262
1836,18.36,0.27654226500440077,37.66576990715215
1837,18.37,0.27695225635042164,37.66266250079133
1838,18.38,0.2691748471157249,37.60801808210113
1839,18.39,0.27888155592929614,37.590792875416284
1840,18.400000000000002,0.2811524689290848,37.578700728287856
1841,18.41,0.28817953055426515,37.57601332400198
1842,18.42,0.2886821739574331,37.46979201608364
1843,18.43,0.2858379456075983,37.49645724385694
1844,18.44,0.29075779305926663,37.40304997938109
1845,18.45,0.29347019790376844,37.42624967315252
1846,18.46,0.2964490606373928,37.380892724742814
1847,18.47,0.29550476452438573,37.306565973531235
1848,18.48,0.3053693027213639,37.331529941488064
1849,18.490000000000002,0.3093870897639128,37.21442765933406
1850,18.5,0.31283856650958203,37.20366160720811
1851,18.51,0.31622231014432584,37.224546184277834
1852,18.52,0.3238691061398348,37.22748514777876
1853,18.53,0.3230023655791464,37.21880695689186
1854,18.54,0.33297206090983744,37.13170836238943
1855,18.55,0.3351770664155784,37.14507732503054
1856,18.56,0.3434306128533402,37.03084070199735
1857,18.57,0.3459774187402811,37.02658929275097
1858,18.580000000000002,0.35472231034368573,37.0358420859481
1859,18.59,0.36368607997329633,36.934108881105516
1860,18.6,0.36385726817903724,36.965908918373536
1861,18.61,0.3743030031258516,36.933735693468954
1862,18.62,0.37947639685605433,36.88213836507916
1863,18.63,0.3844907577138228,36.79872809912701
1864,18.64,0.39083012061355454,36.87464668124408
1865,18.650000000000002,0.4028597058368652,36.867297938567134
1866,18.66,0.41113097918200864,36.79542971703572
1867,18.67,0.41029777352520497,36.74660755349265
1868,18.68,0.42296613243901515,36.71790372169356
1869,18.69,0.42989649338212743,36.68129580851841
1870,18.7,0.4375243171946802,36.66876287635102
1871,18.71,0.4408859294238241,36.72175163862374
1872,18.72,0.4532468745739632,36.67240637030848
1873,18.73,0.4654462889159379,36.59961431661796
1874,18.740000000000002,0.46739670356375623,36.65191769602996
1875,18.75,0.48707990844648463,36.58716151859823
1876,18.76,0.48749847621663156,36.59619863108215
1877,18.77,0.4991357641244774,36.5846123920617
1878,18.78,0.5118218476674194,36.58239632647885
1879,18.79,0.5196770643049113,36.581352486567646
1880,18.8,0.522432196097156,36.54583292783459
1881,18.81,0.5341424692206732,36.55285967981885
1882,18.82,0.5443059226839598,36.58832794890072
1883,18.830000000000002,0.5510055215884074,36.60130766267457
1884,18.84,0.5623490298292051,36.61311949609198
1885,18.85,0.5670069990021689,36.55947557917768
1886,18.86,0.5825557660169054,36.5875826782326
1887,18.87,0.5831291959066996,36.5481186924772
1888,18.88,0.5985240923290629,36.573767773803986
1889,18.89,0.6017931685226382,36.53042819801839
1890,18.900000000000002,0.6085112423011568,36.499392019131214
1891,18.91,0.6156992957497727,36.54823589785533
1892,18.92,0.6370261564107742,36.60348022364174
1893,18.93,0.636681779318905,36.59913586910329
1894,18.94,0.6488787148551372,36.600959087468084
1895,18.95,0.6500318760485443,36.60658105946201
1896,18.96,0.6676598543762808,36.56698900817942
1897,18.97,0.6709463635100561,36.55551578035814
1898,18.98,0.6856594390648086,36.56494882639533
1899,18.990000000000002,0.6874353349220688,36.530694522459164
1900,19.0,0.6976166231755151,36.604762165176645
1901,19.01,0.7061576833206148,36.62802195713637
1902,19.02,0.7200064751496422,36.546621277860034
1903,19.03,0.7273771982043404,36.55264015495927
1904,19.04,0.7380097593742044,36.59483267352388
1905,19.05,0.7457949318860648,36.604680175347724
1906,19.06,0.7510670340861214,36.55374134536124
1907,19.07,0.762538747808501,36.62590844112156
1908,19.080000000000002,0.7733163159151005,36.548885337543965
1909,19.09,0.7880147505475709,36.611774552477904
1910,19.1,0.7870774359095101,36.537636368077635
1911,19.11,0.7988944614295828,36.6001030803573
1912,19.12,0.8034890146221446,36.59467882615503
1913,19.13,0.8187939875196418,36.61143170750892
1914,19.14,0.8179235516920514,36.58318873169617
1915,19.150000000000002,0.8295521420637902,36.51989855891037
1916,19.16,0.8360310906099037,36.64008971445952
1917,19.17,0.8429255697020405,36.60040096798572
1918,19.18,0.8556317491255089,36.583801601006925
1919,19.19,0.8667034007769236,36.57813998753698
1920,19.2,0.8727821498629598,36.61698056945728
1921,19.21,0.879947002495167,36.62267722575518
1922,19.22,0.8968192384125822,36.66946831888672
1923,19.23,0.8949971203586554,36.607640706984434
1924,19.240000000000002,0.9080609112231235,36.65480186984347
1925,19.25,0.9164376632904756,36.659675588350055
1926,19.26,0.9225989575275743,36.60962958808627
1927,19.27,0.9295468984078743,36.61748972893722
1928,19.28,0.9446852448612041,36.66354757487343
1929,19.29,0.9550531572382548,36.61703097957972
1930,19.3,0.954367818745961,36.64151458043687
1931,19.31,0.9600036193336097,36.637803932259274
1932,19.32,0.9738986759997192,36.63313070383558
1933,19.330000000000002,0.9844532510012486,36.67962518492699
1934,19.34,0.9896191977692935,36.69618516830382
1935,19.35,0.9999619316257099,36.705731770035555
1936,19.36,1.0104292190639295,36.70154066208008
1937,19.37,1.0078114460473917,36.67883035778608
1938,19.38,1.0253802736122495,36.65508600220258
1939,19.39,1.0297176638015382,36.680776927060734
1940,19.400000000000002,1.0361088143183332,36.68096800663641
1941,19.41,1.0452573783948402,36.70760251327703
1942,19.42,1.0500664666719854,36.70128876379302
1943,19.43,1.0583000735282067,36.719880743022024
1944,19.44,1.0715452630016131,36.67255740885419
1945,19.45,1.0710849574709835,36.67944034547518
1946,19.46,1.0807678387257125,36.70606348940637
1947,19.47,1.0995681370299801,36.74304145623334
1948,19.48,1.0981490431721463,36.7641081226265
1949,19.490000000000002,1.1117321445436101,36.70280958870096
1950,19.5,1.1129125643620827,36.75416746925617
1951,19.51,1.1193936519083305,36.76563381749757
1952,19.52,1.1320782579326858,36.77151958734558
1953,19.53,1.1368029778045325,36.7372682660395
1954,19.54,1.1432651440076274,36.72779908746778
1955,19.55,1.1480002104650773,36.782908023136685
1956,19.56,1.1602155948154598,36.78252063745362
1957,19.57,1.1669198627065647,36.780219844403305
1958,19.580000000000002,1.1747689071326488,36.82952062046576
1959,19.59,1.177007150635124,36.79313599956504
1960,19.6,1.1883853259989843,36.78762301053297
1961,19.61,1.1921018016203282,36.83940649755758
1962,19.62,1.1947210217582123,36.77429113869868
1963,19.63,1.204075916376609,36.7976351627353
1964,19.64,1.2163526068073751,36.8220719361466
1965,19.650000000000002,1.2204627192890123,36.90211364018615
1966,19.66,1.2251605311314837,36.88355362429972
1967,19.67,1.2343420138631114,36.87118278451565
1968,19.68,1.2335340959900927,36.87215516340609
1969,19.69,1.2452859959651519,36.873336352371595
1970,19.7,1.2576177385364142,36.84896176991249
1971,19.71,1.2595782672211076,36.88578338183939
1972,19.72,1.2612805236933198,36.92428387097445
1973,19.73,1.2714825926927342,36.95707986495157
1974,19.740000000000002,1.2843323810190053,36.98072606691387
1975,19.75,1.2868216197475688,36.88980176320234
1976,19.76,1.2923804490177666,36.937742146574635
1977,19.77,1.297665726823442,36.92162548042674
1978,19.78,1.3077107594384751,36.971198527973755
1979,19.79,1.3135219017107358,36.949240326322155
1980,19.8,1.3158746951378382,36.96062483685821
1981,19.81,1.3269684480422939,36.93645659582117
1982,19.82,1.3295405651060686,36.94807989704165
1983,19.830000000000002,1.3310451826616008,36.99246832575636
1984,19.84,1.3425012809152088,36.99678124700396
1985,19.85,1.3523291956670414,37.011803870887896
1986,19.86,1.3471242503697551,37.00578117995696
1987,19.87,1.3560102578429387,36.998015577077105
1988,19.88,1.362381333715401,37.0427047581099
1989,19.89,1.3574305815341063,37.03566438097823
1990,19.900000000000002,1.3733665725640394,37.04811692425829
1991,19.91,1.373759675975311,37.0812293157741
1992,19.92,1.3796067389267923,37.08069504459437
1993,19.93,1.3872766597046222,37.05323205580325
1994,19.94,1.389608698761851,37.02367714564458
1995,19.95,1.3990500285517642,37.008981044309216
1996,19.96,1.403344621281028,37.09057378106527
1997,19.97,1.4049890579398248,37.02297913613632
1998,19.98,1.4117287799205869,37.106004997919996
1999,19.990000000000002,1.415112121343878,37.087308524620454
2000,20.0,1.415686253595879,37.10349869090475
2001,20.01,1.4243336339046535,37.14423312594996
2002,20.02,1.4265105355307155,37.14153008991273
2003,20.03,1.4298896298332826,37.16128385392966
2004,20.04,1.4422162600017625,37.1517271174945
2005,20.05,1.4390790258316641,37.17636607381653
2006,20.06,1.442448899925902,37.19788531642313
2007,20.07,1.4530094709036778,37.20563834405382
2008,20.080000000000002,1.4531083331969807,37.19170091856344
2009,20.09,1.458103203002495,37.1621915298509
2010,20.1,1.4630989932323406,37.168062161561025
2011,20.11,1.4679318809851858,37.18336540153824
2012,20.12,1.467285916374562,37.222723874887876
2013,20.13,1.4730791721084966,37.28773889318323
2014,20.14,1.4798148910778683,37.21902447303908
2015,20.150000000000002,1.485038910957211,37.20392561276504
2016,20.16,1.4841402356985807,37.239283872339094
2017,20.17,1.4855325723087018,37.30701229019213
2018,20.18,1.4910282938236696,37.245910756149
2019,20.19,1.4932265855776135,37.26557093066819
2020,20.2,1.4938675626681472,37.259712268844225
2021,20.21,1.4933277210478222,37.320199175638685
2022,20.22,1.4982388688343629,37.30212828721428
2023,20.23,1.5035309760099869,37.28198479969219
2024,20.240000000000002,1.5138569418246823,37.340559685901574
2025,20.25,1.5109216742963703,37.29852239921058
2026,20.26,1.5111921900794423,37.365263754664035
2027,20.27,1.516829188503864,37.37923050460747
2028,20.28,1.518587233155337,37.31669561911878
2029,20.29,1.5187581876729577,37.387439017491054
2030,20.3,1.526656133646894,37.340927992679866
2031,20.31,1.5213541306963003,37.44337909697128
2032,20.32,1.5260906236123108,37.36625997299457
2033,20.330000000000002,1.5240003572753367,37.36538321703865
2034,20.34,1.5299959758047796,37.40180159164599
2035,20.35,1.524430336543166,37.46167036251292
2036,20.36,1.5296479889996348,37.458466442503216
2037,20.37,1.5363696430564062,37.4091303214036
2038,20.38,1.5325854386794895,37.45089733148804
2039,20.39,1.5322295915071789,37.45043250629879
2040,20.400000000000002,1.5376399673908714,37.484341721748315
2041,20.41,1.536210381188901,37.487722894442356
2042,20.42,1.5360304860806833,37.500245676598155
2043,20.43,1.5386517628454146,37.49038622015633
2044,20.44,1.5348967017130357,37.49561778613431
2045,20.45,1.545399760417381,37.55824218452666
2046,20.46,1.543096308631926,37.47267300402624
2047,20.47,1.5420252292046002,37.49536727952743
2048,20.48,1.5428562672839856,37.569131792911016
2049,20.490000000000002,1.5486610600576687,37.60364505568784
2050,20.5,1.5508449181590334,37.57783569783892
2051,20.51,1.5380291639718267,37.57136302773245
2052,20.52,1.538406529178041,37.54351873602492
2053,20.53,1.547350429896105,37.55719603888112
2054,20.54,1.5497622998272231,37.60955341661524
2055,20.55,1.5505467023121933,37.58276588608582
2056,20.56,1.547664548041582,37.62865212541151
2057,20.57,1.5447132272762283,37.628980419663364
2058,20.580000000000002,1.5391157968410172,37.63531638051929
2059,20.59,1.5415616848326796,37.58730876461921
2060,20.6,1.5400575929998421,37.6413571049373
2061,20.61,1.5374256817394374,37.603370200354966
2062,20.62,1.5342037587104425,37.66155851014877
2063,20.63,1.5397060484761769,37.70861735318761
2064,20.64,1.5358413379668983,37.69522815012857
2065,20.650000000000002,1.5405766053601861,37.691773704277615
2066,20.66,1.5348687583325302,37.67605508861403
2067,20.67,1.5351680945940502,37.70565768442187
2068,20.68,1.5361804665670862,37.75956400260968
2069,20.69,1.527099821325567,37.772178047369515
2070,20.7,1.5292110028403663,37.70768333676021
2071,20.71,1.5260583349307038,37.75275853903222
2072,20.72,1.5330888543028218,37.75216571254027
2073,20.73,1.5247840493949814,37.77478208953111
2074,20.740000000000002,1.522676289768832,37.77003990390885
2075,20.75,1.5173651450261798,37.76917984879569
2076,20.76,1.5235895222484652,37.796262577808385
2077,20.77,1.5163624303069732,37.80911973245512
2078,20.78,1.514951548749816,37.79443873380694
2079,20.79,1.5017336971445536,37.743694504890264
2080,20.8,1.5009852522894318,37.80177000303757
2081,20.81,1.5054562696130254,37.814415991471044
2082,20.82,1.5009338275493629,37.885379260551574
2083,20.830000000000002,1.5062525467966001,37.810180297166866
2084,20.84,1.4961977020502784,37.90323687118665
2085,20.85,1.5034348916887779,37.831039578064185
2086,20.86,1.4904859422005148,37.77805912528795
2087,20.87,1.488582374730716,37.8744656409735
2088,20.88,1.4881840154778245,37.8696799125557
2089,20.89,1.4787604585469298,37.860616054075614
2090,20.900000000000002,1.4822250980817009,37.87121895695771
2091,20.91,1.47623921309318,37.93648915163794
2092,20.92,1.4749083222814194,37.95466013877913
2093,20.93,1.4698152501540036,37.90779202380354
2094,20.94,1.4674360157538804,37.89443880993964
2095,20.95,1.4623396426053834,37.94684241588426
2096,20.96,1.4596133776902875,37.96265903098645
2097,20.97,1.4526799619440685,37.95244804204055
2098,20.98,1.4489581279137294,37.99292523364915
2099,20.990000000000002,1.443527389112109,37.97761124314833
2100,21.0,1.443686641112406,37.970010360028255
2101,21.01,1.4455054723674716,38.01562103425619
2102,21.02,1.4277663490719583,37.95003894308509
2103,21.03,1.4329443200666692,38.069859312095794
2104,21.04,1.4348309794720737,38.021245354589176
2105,21.05,1.4247017354073412,38.07694551645536
2106,21.06,1.4192945940346327,38.0718978089155
2107,21.07,1.414436263662446,38.04402448733482
2108,21.080000000000002,1.4157871061277068,38.0593997002223
2109,21.09,1.3974915430113328,38.00405138546767
2110,21.1,1.4048365873209272,38.0625391103563
2111,21.11,1.3967384247762027,38.05591185474887
2112,21.12,1.3910850557852166,38.059237830033396
2113,21.13,1.3880274307896712,38.07796904556085
2114,21.14,1.382428479446802,38.09635472324806
2115,21.150000000000002,1.3795826596669694,38.08867255476777
2116,21.16,1.3737596400616237,38.09968902801363
2117,21.17,1.3671426346419933,38.1829114125031
2118,21.18,1.363431536658843,38.08888706246362
2119,21.19,1.364483270325753,38.084590273932314
2120,21.2,1.3568855360714072,38.12145881415197
2121,21.21,1.3507035863779766,38.10487829636052
2122,21.22,1.3526217265163174,38.14751734947582
2123,21.23,1.3427159851350188,38.169340050664744
2124,21.240000000000002,1.331471208702792,38.16118633468141
2125,21.25,1.3269209223732013,38.19023504999198
2126,21.26,1.3293372674113646,38.163296312597694
2127,21.27,1.315418525518958,38.24438695763409
2128,21.28,1.3080429488835876,38.1831306314037
2129,21.29,1.3071244547050256,38.18812157500758
2130,21.3,1.2999845326222839,38.162626853501564
2131,21.31,1.2960372111680158,38.20278840766961
2132,21.32,1.2888217671264643,38.210288337043124
2133,21.330000000000002,1.2872350382883797,38.2563168848959
2134,21.34,1.2791933891546823,38.21973575275588
2135,21.35,1.2715303310356112,38.26568233174177
2136,21.36,1.2696473351224336,38.181969758314416
2137,21.37,1.2572646333139676,38.270283367234626
2138,21.38,1.2554166191033589,38.18112505365364
2139,21.39,1.2497510864859587,38.21999335433487
2140,21.400000000000002,1.245810294855,38.2956870275307
2141,21.41,1.2430765377552637,38.23335521090061
2142,21.42,1.2363824760565065,38.28335676182948
2143,21.43,1.2229912881771803,38.27660876272959
2144,21.44,1.218661823845128,38.26113627448948
2145,21.45,1.219314697552332,38.36656337909161
2146,21.46,1.2059154256084637,38.319305359390476
2147,21.47,1.1999129786840261,38.33050445420258
2148,21.48,1.195560886240309,38.29665036211398
2149,21.490000000000002,1.1883451233172906,38.28138500913061
2150,21.5,1.1797989429131774,38.31924487757782
2151,21.51,1.1786514300819697,38.26634976519232
2152,21.52,1.168328927791612,38.30105277417329
2153,21.53,1.1611756530970152,38.2966019798794
2154,21.54,1.156765064521726,38.31384909970574
2155,21.55,1.152634583540803,38.31741517074384
2156,21.56,1.1416385740895427,38.31431974869006
2157,21.57,1.1354300587980133,38.36409875124865
2158,21.580000000000002,1.1292119001449117,38.3619121833764
2159,21.59,1.1235593508394945,38.312826834289254
2160,21.6,1.1124105414562049,38.36870240183247
2161,21.61,1.1094435994528637,38.343328639167176
2162,21.62,1.1060510859768542,38.40394626392239
2163,21.63,1.1005889696407813,38.338222732577485
2164,21.64,1.091348126190431,38.403244858025445
2165,21.650000000000002,1.076487098682265,38.423711882702264
2166,21.66,1.0770998982721123,38.35053667333259
2167,21.67,1.0597166953367196,38.42444948369
2168,21.68,1.0555357787365036,38.352889909185336
2169,21.69,1.0545741725203217,38.34470865722393
2170,21.7,1.0439632533302172,38.360595807012004
2171,21.71,1.047486696042386,38.34170446287285
2172,21.72,1.028908524156097,38.36834597562118
2173,21.73,1.0228443518005095,38.39403132582118
2174,21.740000000000002,1.0249708625251834,38.32100878760496
2175,21.75,1.0103082494333786,38.435214771631095
2176,21.76,1.0020032463200588,38.36265314019787
2177,21.77,0.9932132346416674,38.36743869878721
2178,21.78,0.99185005025075,38.40916253918059
2179,21.79,0.9852555262684565,38.419777370307166
2180,21.8,0.9748707490502464,38.424978716527754
2181,21.81,0.9712716675052918,38.45540305308285
2182,21.82,0.9555192453902294,38.438334737581286
2183,21.830000000000002,0.9482348485213008,38.43307805508214
2184,21.84,0.9441286294946868,38.42668778042912
2185,21.85,0.9350402507086772,38.3374403918526
2186,21.86,0.9343258952774134,38.40006691776563
2187,21.87,0.9275282906488929,38.4401021476775
2188,21.88,0.9180292480124123,38.42702830239387
2189,21.89,0.9128502068013247,38.44002625539747
2190,21.900000000000002,0.9028189186205327,38.39773305443133
2191,21.91,0.8979055769364371,38.475085516463906
2192,21.92,0.8897315086076395,38.442126721840964
2193,21.93,0.883879543667592,38.423421806496805
2194,21.94,0.8777823010323237,38.39699463108768
2195,21.95,0.8699646141707443,38.41253426294752
2196,21.96,0.8628098700242582,38.39490758664939
2197,21.97,0.8584223854386883,38.46390433155434
2198,21.98,0.845626905060907,38.44340478145045
2199,21.990000000000002,0.8409335319566034,38.410857286961246
2200,22.0,0.8333097513524732,38.466495226288224
2201,22.01,0.8272372216189331,38.46926519985516
2202,22.02,0.8180055599236212,38.448014785727416
2203,22.03,0.81327503023834,38.45489525295854
2204,22.04,0.8059636831565649,38.45374667323779
2205,22.05,0.8021846429670767,38.39782059915593
2206,22.06,0.7893955501233875,38.3758205723088
2207,22.07,0.7871900461723276,38.403511423792374
2208,22.080000000000002,0.7759413735758379,38.406343481082274
2209,22.09,0.7679695119031585,38.3587144162185
2210,22.1,0.7578702765197,38.39545855076881
2211,22.11,0.7601917779123325,38.41844253087257
2212,22.12,0.7562474741910308,38.37742274480407
2213,22.13,0.7493195041713507,38.42781811925492
2214,22.14,0.7435797178697972,38.38483439258251
2215,22.150000000000002,0.7342577197352854,38.43206659506834
2216,22.16,0.7266854664709294,38.38663049179809
2217,22.17,0.722535408426679,38.355571850995794
2218,22.18,0.7139613443300284,38.35207366754621
2219,22.19,0.7098001895153592,38.34587987320606
2220,22.2,0.6987284548885089,38.372758818058976
2221,22.21,0.6964646727032978,38.328906524398384
2222,22.22,0.6836950859409974,38.394624670061894
2223,22.23,0.6802296402814604,38.361957095492166
2224,22.240000000000002,0.6733108899116599,38.379783487601024
2225,22.25,0.6626270445223912,38.33671125769174
2226,22.26,0.6626788396893017,38.32052692327824
2227,22.27,0.6543318198600262,38.40653578286293
2228,22.28,0.6492697852189335,38.32927592812987
2229,22.29,0.6471685030337643,38.3367573163945
2230,22.3,0.6367253046853961,38.356466024688864
2231,22.31,0.6280918149293051,38.30211722488606
2232,22.32,0.6224598978988979,38.34131842699195
2233,22.330000000000002,0.6174705547428802,38.31294383600958
2234,22.34,0.6113229782748018,38.349769197045426
2235,22.35,0.6058934296903647,38.27376292004298
2236,22.36,0.6030756260084729,38.263257101955084
2237,22.37,0.5958360794169664,38.285489647176746
2238,22.38,0.5872481906590196,38.273486652247755
2239,22.39,0.588611366579314,38.25396593541735
2240,22.400000000000002,0.5766080053835545,38.252198786898234
2241,22.41,0.5783229452370064,38.24295568225503
2242,22.42,0.5600603570623153,38.21824121711756
2243,22.43,0.5598045768932708,38.186004522938056
2244,22.44,0.5551942979108726,38.1629099768059
2245,22.45,0.5531302478008564,38.17988806142393
2246,22.46,0.5509631700086876,38.23650135041064
2247,22.47,0.5353322211374436,38.18041702640372
2248,22.48,0.5410065450268255,38.131299666499466
2249,22.490000000000002,0.5338378889406095,38.13916845021221
2250,22.5,0.529862066567552,38.13453382762193
2251,22.51,0.5244777452632827,38.10951331473291
2252,22.52,0.515684417058021,38.128355749045056
2253,22.53,0.5169616051683292,38.13844680342871
2254,22.54,0.5100953936517924,38.11700014441417
2255,22.55,0.5042028570058027,38.01885658408078
2256,22.56,0.5055480861556175,38.07424299040725
2257,22.57,0.4985253784250017,38.06167519418395
2258,22.580000000000002,0.49617690797245845,38.07913663531097
2259,22.59,0.49085756421205773,38.001105618153645
2260,22.6,0.4937194765144887,38.026364708171
2261,22.61,0.48148432456811396,38.068352879152464
2262,22.62,0.4857935606641158,37.99749866528656
2263,22.63,0.480270160268432,37.95450420916871
2264,22.64,0.4808005962468987,37.92896378814694
2265,22.650000000000002,0.47323192701945554,37.944777264995295
2266,22.66,0.4729087487952778,37.90306404153664
2267,22.67,0.4685341151020954,37.91289776593061
2268,22.68,0.47059485747309415,37.90883809788963
2269,22.69,0.4676651012327208,37.83090558899624
2270,22.7,0.4617647676494392,37.88967578184768
2271,22.71,0.4625530850814832,37.81396745646111
2272,22.72,0.4610206836459654,37.81418009280459
2273,22.73,0.4667728360319067,37.81742390842309
2274,22.740000000000002,0.4630325520758936,37.810308937926294
2275,22.75,0.45597623629333944,37.763238809790856
2276,22.76,0.45705776510318813,37.77080669600749
2277,22.77,0.460952121732764,37.75072148365465
2278,22.78,0.4575271346423074,37.716278593366056
2279,22.79,0.45830871294300024,37.7216070781851
2280,22.8,0.45842035497150363,37.712480036621095
2281,22.81,0.4580212558051705,37.68956540101128
2282,22.82,0.4598915224891164,37.640533002001504
2283,22.830000000000002,0.4592683453359953,37.69137329367099
2284,22.84,0.45760534168525674,37.64654060526427
2285,22.85,0.46037689199410087,37.605046309739464
2286,22.86,0.45802984504618294,37.57123437257208
2287,22.87,0.4600656452439482,37.5757019547172
2288,22.88,0.4605192663757002,37.53539475460857
2289,22.89,0.4659434843007303,37.52652398462572
2290,22.900000000000002,0.46911148602900965,37.506973221419834
2291,22.91,0.46617182063372253,37.46023097830528
2292,22.92,0.46612625199037755,37.495363851213284
2293,22.93,0.46997249455572554,37.464068187634304
2294,22.94,0.4693516573236189,37.443282709410035
2295,22.95,0.469425691637381,37.41769326537787
2296,22.96,0.47726736990974034,37.439363450141336
2297,22.97,0.47738848581386767,37.39032787008606
2298,22.98,0.48338364132682166,37.37528231472143
2299,22.990000000000002,0.4911393288296382,37.35794249517357
2300,23.0,0.4940190540182489,37.36398949185635
2301,23.01,0.49281865516320056,37.3581252217927
2302,23.02,0.49710932512285094,37.3353946749946
2303,23.03,0.5059820399508972,37.30782428551207
2304,23.04,0.5079929255489749,37.28043995413391
2305,23.05,0.5084159952202364,37.28886561237494
2306,23.06,0.5174156377520068,37.32951274599138
2307,23.07,0.5144547074562374,37.26752969684873
2308,23.080000000000002,0.527473735457551,37.26304485507015
2309,23.09,0.5286257202740313,37.21645687146451
2310,23.1,0.5235426872057519,37.22814584738287
2311,23.11,0.5364106438434604,37.21446008753549
2312,23.12,0.5477622318668393,37.20520752334645
2313,23.13,0.5502098132186273,37.15585032334885
2314,23.14,0.5434632386822703,37.215278634711076
2315,23.150000000000002,0.5572713925947304,37.1577030878848
2316,23.16,0.5653798228651294,37.116784038793085
2317,23.17,0.560465823801496,37.06726767741913
2318,23.18,0.5691479740790061,37.11536463340256
2319,23.19,0.583701672622544,37.19437276066513
2320,23.2,0.5840259178368884,37.07219785291513
2321,23.21,0.584343936938598,37.088389875160274
2322,23.22,0.5946987315592374,37.05790702388275
2323,23.23,0.597625090545864,37.074537212298395
2324,23.240000000000002,0.6044329095889479,36.99829383927381
2325,23.25,0.6083427684573113,37.16358059767782
2326,23.26,0.6171876330846365,37.03915503178319
2327,23.27,0.6203890212295309,37.06033912017969
2328,23.28,0.6236120687153788,37.05523389374513
2329,23.29,0.6363800495330353,37.03302477587063
2330,23.3,0.6444589013891546,37.08795268654279
2331,23.31,0.6448532486659023,37.06994411312541
2332,23.32,0.6448135555638146,37.02224166004757
2333,23.330000000000002,0.6530063076761096,36.9605959514364
2334,23.34,0.6651792407453296,37.05488199802207
2335,23.35,0.673347931475399,37.03316763464269
2336,23.36,0.6774370060068595,37.018462818046245
2337,23.37,0.6759183508004375,37.040750239114374
2338,23.38,0.6908603058535079,36.98952200073127
2339,23.39,0.6924336475777507,37.004201726004176
2340,23.400000000000002,0.6991553404028373,37.00921642553945
2341,23.41,0.7079974570501033,36.999762168743835
2342,23.42,0.7149450780783965,36.9510859800686
2343,23.43,0.7168099891978363,36.99162437809298
2344,23.44,0.7259032041090755,36.977270203855156
2345,23.45,0.7289991947692955,36.96838197957036
2346,23.46,0.7436750996861978,36.961437029588126
2347,23.47,0.7483006040364659,37.02509128939133
2348,23.48,0.7497158245810975,36.946483267521984
2349,23.490000000000002,0.7572721269838867,36.95080603153842
2350,23.5,0.76290547754078,36.924018927540736
2351,23.51,0.7666633297525542,36.93242056697275
2352,23.52,0.779400834561357,36.91914171126083
2353,23.53,0.7836412719595942,36.9331155716129
2354,23.54,0.7899530987094108,36.914591771790114
2355,23.55,0.7966224018081337,36.94378246029756
2356,23.56,0.8095055166973639,36.95052656239068
2357,23.57,0.8112335640758088,36.98635820592323
2358,23.580000000000002,0.8134566331577798,36.96622910840551
2359,23.59,0.8272464369964024,36.92734158054572
2360,23.6,0.8342441898103156,36.96763052654813
2361,23.61,0.8340965741331552,36.894513610238334
2362,23.62,0.8427493194860236,36.97651659709343
2363,23.63,0.8510621728003817,36.932595218121584
2364,23.64,0.8543509949775604,36.87674101211617
2365,23.650000000000002,0.8596551515636562,36.96738971688276
2366,23.66,0.8745942183262793,37.00052124437153
2367,23.67,0.87383440348617,36.96135947805566
2368,23.68,0.8796516717775258,36.99737265978455
2369,23.69,0.8822360805153695,36.914992657741166
2370,23.7,0.8928124919341881,36.96726028402005
2371,23.71,0.8984283251363889,36.97335449716793
2372,23.72,0.9095387835187503,36.972064732170935
2373,23.73,0.914935407627426,36.99350834381041
2374,23.740000000000002,0.9137910882604783,36.90049636820857
2375,23.75,0.920149679965742,36.98605183249518
2376,23.76,0.931963891927871,36.96948535923999
2377,23.77,0.9397212228374989,36.93334918531194
2378,23.78,0.9523376580121639,36.88244700856084
2379,23.79,0.9508176364626442,36.95245301902381
2380,23.8,0.9575272587799504,36.953958694464035
2381,23.81,0.9632592599266987,36.93071235007229
2382,23.82,0.9684750512472776,36.915329963994516
2383,23.830000000000002,0.977861493774252,36.92873210306788
2384,23.84,0.981376157251926,36.970194625035546
2385,23.85,0.987475583546291,37.008766059714276
2386,23.86,0.9944342620697687,36.98550940734356
2387,23.87,0.9991793337492905,36.97255314823052
2388,23.88,1.0120251068583648,37.005530159516574
2389,23.89,1.0138515403265311,37.03008720825553
2390,23.900000000000002,1.0190120595292271,37.00127252666871
2391,23.91,1.0246387273801556,36.98532387323708
2392,23.92,1.0333075463845605,36.9827251325294
2393,23.93,1.040275854548254,37.01637021689883
2394,23.94,1.0402408687949711,36.968885721945085
2395,23.95,1.0521137301360504,36.995571072021825
2396,23.96,1.0540821893182446,36.99934699630596
2397,23.97,1.0538977485719563,37.0323196596812
2398,23.98,1.0668202855323212,36.99784187303957
2399,23.990000000000002,1.0702183591409131,36.98343830363701
2400,24.0,1.0804683060056295,37.037091333173514
2401,24.01,1.0836809749113647,37.0292755699966
2402,24.02,1.0820295660591492,37.05173695637529
2403,24.03,1.0942340182766663,37.00845981679165
2404,24.04,1.0984146552698701,36.989570896129116
2405,24.05,1.106549051633243,37.0192924316153
2406,24.060000000000002,1.1099949135202423,37.01586737508653
2407,24.07,1.1159887192432243,37.010441258576506
2408,24.080000000000002,1.1223406539189422,37.03116428952223
2409,24.09,1.1278789487091752,37.049854692179906
2410,24.1,1.132485434972962,37.08099116324852
2411,24.11,1.1432200326011237,37.01158296801611
2412,24.12,1.1469654252643104,37.0285929693265
2413,24.13,1.1503241149732502,37.0493133372082
2414,24.14,1.1532873428804102,37.07014364515595
2415,24.150000000000002,1.1575159360717477,37.086307784406756
2416,24.16,1.1635406211119848,37.09484951846368
2417,24.17,1.1690183333189232,37.11382401146306
2418,24.18,1.175254519103928,37.04029120823018
2419,24.19,1.1763020225108924,37.06719369867858
2420,24.2,1.1845172729804863,37.0535959294404
2421,24.21,1.1838066475390638,37.084497187423736
2422,24.22,1.1947310533597466,37.13871433068607
2423,24.23,1.1989901778865535,37.063345083772965
2424,24.240000000000002,1.2063304880111276,37.118890794553664
2425,24.25,1.204474843836588,37.11991758487271
2426,24.26,1.2119411326062943,37.147243070817645
2427,24.27,1.2155674769309561,37.14396005476716
2428,24.28,1.219137543244317,37.180302316184175
2429,24.29,1.2327414861362136,37.1310169020622
2430,24.3,1.2331442462104478,37.167179271430086
2431,24.310000000000002,1.2385351064627623,37.14271357043677
2432,24.32,1.2427567601666802,37.2035349627031
2433,24.330000000000002,1.2455501819703276,37.1319058958931
2434,24.34,1.2499795158764249,37.186741066404714
2435,24.35,1.2555568825991905,37.20179682559053
2436,24.36,1.2553445993696781,37.21242403112705
2437,24.37,1.2652890513985353,37.219677179525554
2438,24.38,1.2588103758532723,37.20636252635284
2439,24.39,1.2702779622974836,37.218646615668625
2440,24.400000000000002,1.2703277857451676,37.16573948483724
2441,24.41,1.274873124305574,37.22908530108262
2442,24.42,1.282280171335851,37.22754422235361
2443,24.43,1.2819357607030368,37.26120408310602
2444,24.44,1.2868347747357805,37.330526944076176
2445,24.45,1.2910172891832594,37.268359104977485
2446,24.46,1.2967111002876222,37.25256283959728
2447,24.47,1.303807262621469,37.27723862194904
2448,24.48,1.305338867684059,37.26097735300616
2449,24.490000000000002,1.3059555531411764,37.27556568318283
2450,24.5,1.3106368170849472,37.26174396886601
2451,24.51,1.3139310354976215,37.27066244768421
2452,24.52,1.317838072450878,37.29716438292128
2453,24.53,1.3202323159627216,37.2860803197454
2454,24.54,1.31961914708756,37.377868895525715
2455,24.55,1.3234164498750032,37.30822602975604
2456,24.560000000000002,1.3269895995773986,37.27064451552861
2457,24.57,1.3297777176258585,37.277981615933804
2458,24.580000000000002,1.336256825139488,37.30160179797258
2459,24.59,1.338443311276883,37.35108987952936
2460,24.6,1.3411809757814213,37.34271476429826
2461,24.61,1.3356882664147007,37.27732025333091
2462,24.62,1.3436908150548699,37.36723267955322
2463,24.63,1.348159445486579,37.296712217006245
2464,24.64,1.3518864467301699,37.30590305177812
2465,24.650000000000002,1.3531659038788237,37.385959619846844
2466,24.66,1.3613489936064607,37.39973801210122
2467,24.67,1.3558883478111343,37.34142620319669
2468,24.68,1.3629635273212468,37.345649651777485
2469,24.69,1.3592215327895198,37.355857569227524
2470,24.7,1.363538590351126,37.40510761713511
2471,24.71,1.362414392286481,37.424066287027316
2472,24.72,1.3617862901676971,37.37080127289599
2473,24.73,1.3765674396086918,37.38835061293379
2474,24.740000000000002,1.3699753715883851,37.4055102958408
2475,24.75,1.374452260049363,37.50568675134901
2476,24.76,1.3718451547624764,37.438753339266
2477,24.77,1.3742833150943912,37.433196421965214
2478,24.78,1.3755060378681518,37.43262091647007
2479,24.79,1.3764576105443422,37.474336066421095
2480,24.8,1.3811160695802842,37.46172840797557
2481,24.810000000000002,1.3782616465300848,37.52237281786443
2482,24.82,1.3853063460444686,37.434661633998786
2483,24.830000000000002,1.3868941233662506,37.504760791730426
2484,24.84,1.3827091809143466,37.51794796112105
2485,24.85,1.3848038815152228,37.46580464943935
2486,24.86,1.3899054260062005,37.540854718823226
2487,24.87,1.3919370099993817,37.50942037528579
2488,24.88,1.3856143693903584,37.561565589860685
2489,24.89,1.386163877908006,37.515376181533526
2490,24.900000000000002,1.3922392713486933,37.52344167760528
2491,24.91,1.3866998664901857,37.53150133456287
2492,24.92,1.391254559305418,37.57234897689954
2493,24.93,1.3921354232261487,37.62075136119768
2494,24.94,1.393806351542397,37.571274122739375
2495,24.95,1.3955590459460778,37.608548494794555
2496,24.96,1.3961990320927666,37.556967661977396
2497,24.97,1.3882267276237858,37.55848824541061
2498,24.98,1.3938274799758545,37.52824551783797
2499,24.990000000000002,1.3899335395930992,37.573404499403374
2500,25.0,1.3957520132665284,37.58482566508873
2501,25.01,1.3903974742918537,37.61600656348602
2502,25.02,1.395419613763076,37.61752427958565
2503,25.03,1.3876267279145722,37.61083430116154
2504,25.04,1.3941004942140216,37.62476443574513
2505,25.05,1.3933327955436021,37.64012542784723
2506,25.060000000000002,1.3928312833897514,37.62961247119168
2507,25.07,1.3957293194318299,37.590866407678156
2508,25.080000000000002,1.3950771316417852,37.685057760771954
2509,25.09,1.3930955529126001,37.655244860694445
2510,25.1,1.3930929599160826,37.689281312787294
2511,25.11,1.3896615099331404,37.65701687102811
2512,25.12,1.3914945945169588,37.68080007316303
2513,25.13,1.3835381183225575,37.743390861510214
2514,25.14,1.3920211851644464,37.702001332517085
2515,25.150000000000002,1.3860774954997543,37.70665226821226
2516,25.16,1.3834705730991503,37.77743374847441
2517,25.17,1.3864856782784647,37.64326550167586
2518,25.18,1.378202048531422,37.73589507187747
2519,25.19,1.3833762001383194,37.76420453579447
2520,25.2,1.378400470061077,37.70418373333941
2521,25.21,1.3827342839011414,37.75501115827608
2522,25.22,1.3807628986240548,37.76161131467516
2523,25.23,1.3777346861548798,37.792209385022176
2524,25.240000000000002,1.377181099072807,37.73951541952605
2525,25.25,1.3742308332798197,37.77587847474534
2526,25.26,1.3719793640377778,37.79722517496296
2527,25.27,1.3734952055172127,37.79411781141118
2528,25.28,1.3696468387008844,37.794262483729995
2529,25.29,1.3668918589384238,37.80204414008069
2530,25.3,1.3677538781798864,37.7636229096651
2531,25.310000000000002,1.3650623325041091,37.85255405510902
2532,25.32,1.3627091611400557,37.77074393813757
2533,25.330000000000002,1.3615802163773663,37.82376706147169
2534,25.34,1.3602213963929033,37.80061052562571
2535,25.35,1.3527481133732318,37.78183785800571
2536,25.36,1.3522010948053185,37.80097988575906
2537,25.37,1.3533868814935368,37.82736279145932
2538,25.38,1.3494251642660284,37.89076511021563
2539,25.39,1.3475161887335876,37.807517087846996
2540,25.400000000000002,1.3449719043989348,37.88615505113586
2541,25.41,1.339054000652239,37.8930406544333
2542,25.42,1.3379511078278377,37.831703200110496
2543,25.43,1.3339705676465616,37.86194731983483
2544,25.44,1.3328650359642482,37.851589130546024
2545,25.45,1.3310366052622347,37.88793844893271
2546,25.46,1.3217993764114453,37.87641186307276
2547,25.47,1.3255978384945672,37.92167266486592
2548,25.48,1.3236939622946737,37.84381816358351
2549,25.490000000000002,1.322407967265571,37.89949837824738
2550,25.5,1.3151399817875777,37.9297929905551
2551,25.51,1.3152309774041544,37.888594310612646
2552,25.52,1.3066047787962018,37.93655974823845
2553,25.53,1.3034174117856958,37.960223016917986
2554,25.54,1.3010991773011487,37.91788386380729
2555,25.55,1.2943048090416756,37.8948572682422
2556,25.560000000000002,1.2991228503631838,37.983902036865715
2557,25.57,1.2962418135943217,37.95126759841314
2558,25.580000000000002,1.2897465013452276,37.90204260500288
2559,25.59,1.2842122874264559,37.94529362200252
2560,25.6,1.2804947287450843,37.957725698261406
2561,25.61,1.2838820089173812,38.0045665774292
2562,25.62,1.2750756751301948,37.986531146598324
2563,25.63,1.27394162614357,37.97937220402245
2564,25.64,1.2626022220819246,38.02481748756945
2565,25.650000000000002,1.2654025952274541,37.99389646906875
2566,25.66,1.2570380970808317,38.005409633640625
2567,25.67,1.254141574203097,37.9914653741301
2568,25.68,1.2487002042120814,38.00137921846208
2569,25.69,1.246591112785495,37.9972718105858
2570,25.7,1.240740117691593,38.04350849674401
2571,25.71,1.2378882771682904,38.029764031253535
2572,25.72,1.2387707100761687,38.02489919423019
2573,25.73,1.227472305555278,38.10934631677483
2574,25.740000000000002,1.2252847690320228,38.041285207527956
2575,25.75,1.2208956459861773,37.971233068427004
2576,25.76,1.213097901066337,38.10853310022129
2577,25.77,1.214462442369381,38.084847981610736
2578,25.78,1.2058236402322584,38.069210092911604
2579,25.79,1.2061919755509085,38.045796305916724
2580,25.8,1.197257861310687,38.12255400900113
2581,25.810000000000002,1.1962819635187283,38.06933242265336
2582,25.82,1.1942730539714215,38.127662309595465
2583,25.830000000000002,1.1919238053839891,38.11353775509381
2584,25.84,1.1841158879631557,38.06090688465757
2585,25.85,1.1743632531516546,38.122879332652595
2586,25.86,1.174045128514865,38.071467326006335
2587,25.87,1.1658664190732264,38.12977652907565
2588,25.88,1.1636159971807678,38.13225545981481
2589,25.89,1.1584770909250834,38.11445764715424
2590,25.900000000000002,1.1474413456934482,38.17673707847321
2591,25.91,1.1470828646151698,38.13162729175584
2592,25.92,1.1485313012507252,38.14777058215089
2593,25.93,1.1429476379068664,38.100425568807815
2594,25.94,1.1423478562162805,38.162770830557605
2595,25.95,1.1291390920874336,38.10889800820536
2596,25.96,1.1245525473802953,38.07257735946309
2597,25.97,1.1230730329195662,38.17611097164315
2598,25.98,1.1209938024697936,38.15278360626654
2599,25.990000000000002,1.1193154534027867,38.19366832408816
2600,26.0,1.1071925394772655,38.15364888290374
2601,26.01,1.1026633436718802,38.07876508337264
2602,26.02,1.094377505578212,38.201476914064074
2603,26.03,1.0892273309619325,38.12568346630279
2604,26.04,1.0907534259814904,38.18678842643356
2605,26.05,1.0845817621287814,38.168174803327624
2606,26.060000000000002,1.081320512809002,38.18958803858423
2607,26.07,1.0756564616674165,38.19675795406231
2608,26.080000000000002,1.070849280311501,38.13562389255852
2609,26.09,1.0616092253736311,38.1481826874948
2610,26.1,1.059211917877403,38.17714110140779
2611,26.11,1.048482961558871,38.188281161343525
2612,26.12,1.0506477989435228,38.14068536670185
2613,26.13,1.0406610779640109,38.13733518538241
2614,26.14,1.0377872865478526,38.19761329179371
2615,26.150000000000002,1.031613700256173,38.17742662435272
2616,26.16,1.0233469473049714,38.1649985089819
2617,26.17,1.0243656060686854,38.160103357142226
2618,26.18,1.0178340984858878,38.151862556700735
2619,26.19,1.0108959192110256,38.17328044521032
2620,26.2,1.0072103533308303,38.14775158869299
2621,26.21,1.0001565900522946,38.157690509788296
2622,26.22,0.9921479520903167,38.16845201994995
2623,26.23,0.9867899102472658,38.15928479262719
2624,26.240000000000002,0.9766974497724052,38.16335395983457
2625,26.25,0.984754853020168,38.17159151677586
2626,26.26,0.9738328796666712,38.17384280584816
2627,26.27,0.9705492073847677,38.21818421606865
2628,26.28,0.963729224188686,38.174227012015805
2629,26.29,0.9517809099797678,38.189865549998046
2630,26.3,0.955795926827377,38.15585362894251
2631,26.310000000000002,0.9470598510444305,38.21273713866308
2632,26.32,0.9436467769647191,38.16845413411037
2633,26.330000000000002,0.9341963266364308,38.18113996925256
2634,26.34,0.9345352150097161,38.20150328268295
2635,26.35,0.9271036753099698,38.12732952749498
2636,26.36,0.9217290925693337,38.16086826225117
2637,26.37,0.9108091585358077,38.25469323805232
2638,26.38,0.9077676026469239,38.1891336305614
2639,26.39,0.9082928354285759,38.19334249780441
2640,26.400000000000002,0.9062486673489429,38.16669471305462
2641,26.41,0.9015311114541301,38.21851257857949
2642,26.42,0.8923378589873017,38.21458987372342
2643,26.43,0.8924549088603174,38.19722913379365
2644,26.44,0.8761493815098571,38.26101311547253
2645,26.45,0.8704601461955044,38.22510016443545
2646,26.46,0.8724436010783841,38.18828047754112
2647,26.47,0.8668393049931752,38.19523052737515
2648,26.48,0.8640583963700439,38.13425585845705
2649,26.490000000000002,0.8575294942806105,38.16216729956162
2650,26.5,0.8510013304092499,38.15351857336487
2651,26.51,0.8435782954602002,38.19804157235398
2652,26.52,0.8426630123366227,38.177942539092484
2653,26.53,0.8365667703685776,38.14274465649307
2654,26.54,0.8332148443698865,38.13422947440247
2655,26.55,0.8290568940813016,38.15259167570098
2656,26.560000000000002,0.8233128160466228,38.140084054704566
2657,26.57,0.8192664547068318,38.21949902470569
2658,26.580000000000002,0.8227816820483606,38.137238429844274
2659,26.59,0.8085615958761982,38.14663918716483
2660,26.6,0.8080709135301875,38.08258345768045
2661,26.61,0.7983948332378712,38.20910949633414
2662,26.62,0.7911024367169305,38.09438663376982
2663,26.63,0.7892954921882871,38.14628778132724
2664,26.64,0.78430996899052,38.129653706726174
2665,26.650000000000002,0.7798986623990064,38.12397861317492
2666,26.66,0.7839561914823707,38.12172185064823
2667,26.67,0.7701135141276271,38.1114416403426
2668,26.68,0.765680070038554,38.115322876133284
2669,26.69,0.7619952387476205,38.069509003709676
2670,26.7,0.7557314590996739,38.10683012440483
2671,26.71,0.754971519053026,38.01214159654344
2672,26.72,0.7562211429669088,38.023919299883936
2673,26.73,0.7515302407056742,38.048242080482076
2674,26.740000000000002,0.7455676616473047,38.049037727748384
2675,26.75,0.7326340142128416,38.03308144009485
2676,26.76,0.7427267904864133,38.11459825308335
2677,26.77,0.7283920188199026,38.06299938794873
2678,26.78,0.7239772949300688,38.02583001796749
2679,26.79,0.7248023412503495,38.06200461937161
2680,26.8,0.7235289355062542,38.09248404032145
2681,26.810000000000002,0.7157925780441455,38.00997414063981
2682,26.82,0.7149484157186364,38.00894813244447
2683,26.830000000000002,0.7063727080236838,38.01272453069328
2684,26.84,0.7074217138609732,38.04358110319564
2685,26.85,0.693061506362316,38.02839432477587
2686,26.86,0.6944246351660496,38.03614656464244
2687,26.87,0.6926180215787363,37.98077813059544
2688,26.88,0.6907511159550904,37.984836538689514
2689,26.89,0.6813145405440836,37.97681146325347
2690,26.900000000000002,0.6802662582203367,38.00235587503556
2691,26.91,0.6781889558444527,37.95606493304417
2692,26.92,0.6771768439117936,37.94261606933867
2693,26.93,0.6740128630984218,37.914340356290296
2694,26.94,0.6695802899418654,38.01043737072908
2695,26.95,0.6770030772556787,37.92170060418398
2696,26.96,0.6647517818470511,37.927929888499385
2697,26.97,0.6594682844906417,37.937201345696536
2698,26.98,0.6657517574398119,37.972499507156414
2699,26.990000000000002,0.6584486097451846,37.99189202260298
2700,27.0,0.6592759341252042,37.91781049174376
2701,27.01,0.6528895726491237,37.93189003697039
2702,27.02,0.6513604563718599,37.871805318121226
2703,27.03,0.6509486247245889,37.92959982495925
2704,27.04,0.6543299587691157,37.8219347270464
2705,27.05,0.6459090060859893,37.85223233492739
2706,27.060000000000002,0.6446966168517823,37.85727992470068
2707,27.07,0.6367540328729577,37.806037841983596
2708,27.080000000000002,0.6368075684272496,37.85350934548822
2709,27.09,0.6341394585420759,37.820544401176484
2710,27.1,0.6349328442019355,37.826857237974835
2711,27.11,0.6347911683882088,37.74193018894309
2712,27.12,0.6283588436771523,37.75881289717103
2713,27.13,0.6281991359957361,37.811439381603705
2714,27.14,0.6360186672002891,37.80044563529169
2715,27.150000000000002,0.6332691973613526,37.797456908835656
2716,27.16,0.6333106944170427,37.75022404862385
2717,27.17,0.6311880145543562,37.76129542187419
2718,27.18,0.6256576673958323,37.76502694809831
2719,27.19,0.6201511513106134,37.723818832760806
2720,27.2,0.626378490072693,37.721402899477354
2721,27.21,0.6242471101208273,37.668649257446326
2722,27.22,0.6289701909566028,37.61955640020055
2723,27.23,0.6247781507938337,37.63978037713364
2724,27.240000000000002,0.6178362969298209,37.663246858811966
2725,27.25,0.6255719772101301,37.6966225028238
2726,27.26,0.6171025221907319,37.673247007317606
2727,27.27,0.6243464851003149,37.679423169955335
2728,27.28,0.6230078755387275,37.63875436963415
2729,27.29,0.6267345371630177,37.64783314975134
2730,27.3,0.6305573065861658,37.65222953304614
2731,27.310000000000002,0.626625704863545,37.564471266774135
2732,27.32,0.6260825660123815,37.599807799672455
2733,27.330000000000002,0.6273811474671865,37.622568560059875
2734,27.34,0.6319018841887355,37.60579992967019
2735,27.35,0.6322526989180085,37.601228014015796
2736,27.36,0.6347458792485523,37.57941767298246
2737,27.37,0.634273955936435,37.55642713458993
2738,27.38,0.6308916102921466,37.53961280038848
2739,27.39,0.6375435048889863,37.4860199497063
2740,27.400000000000002,0.6393294502984347,37.534875265009276
2741,27.41,0.6397577551724989,37.493437396149766
2742,27.42,0.6402152543785009,37.47556614812274
2743,27.43,0.6458504920166229,37.50826287128772
2744,27.44,0.6451982454886416,37.505436617007355
2745,27.45,0.6471034741979488,37.52263990615907
2746,27.46,0.6434716574849355,37.46485510326019
2747,27.47,0.644234739824676,37.44626581660099
2748,27.48,0.6476776384057094,37.50702187548698
2749,27.490000000000002,0.650983261336637,37.51053008869837
2750,27.5,0.6575922175055949,37.47343145071856
2751,27.51,0.6619721505750222,37.49728506864812
2752,27.52,0.6579129629547442,37.38104498869079
2753,27.53,0.6673072816893099,37.39958629223381
2754,27.54,0.667974091858304,37.43701362319953
2755,27.55,0.670865126107299,37.42010877936013
2756,27.560000000000002,0.676552474092964,37.4371857470247
2757,27.57,0.6688578379301348,37.38362884774263
2758,27.580000000000002,0.6743378924242375,37.446701542121836
2759,27.59,0.6760451013204777,37.36981394431789
2760,27.6,0.6856292912276079,37.35788993216783
2761,27.61,0.6846840597219818,37.36987408546266
2762,27.62,0.6821577652889531,37.343370491565175
2763,27.63,0.6894752860095896,37.31141175104429
2764,27.64,0.6904833819442195,37.3149307955859
2765,27.650000000000002,0.6991185499826787,37.30625227464187
2766,27.66,0.6971983173919796,37.31630365461047
2767,27.67,0.7064779831838577,37.3549638343671
2768,27.68,0.706498343661182,37.331330048664014
2769,27.69,0.714730495541976,37.297577759003616
2770,27.7,0.7092600927459163,37.31494199578698
2771,27.71,0.7202335471670616,37.315911521055185
2772,27.72,0.7192640698148317,37.3136064931665
2773,27.73,0.7267086760863619,37.28890543302051
2774,27.740000000000002,0.7210610577422929,37.321616233452005
2775,27.75,0.7329128966631092,37.24961521413158
2776,27.76,0.7300437672434609,37.24657638476824
2777,27.77,0.7406129870130909,37.2867834889135
2778,27.78,0.7404010509381367,37.250927885821994
2779,27.79,0.7530848539088788,37.28953585513551
2780,27.8,0.7528352991475633,37.24561297509535
2781,27.810000000000002,0.7494030840020689,37.293716282315934
2782,27.82,0.7629238288793828,37.2664960073911
2783,27.830000000000002,0.7590194261975642,37.2486154330052
2784,27.84,0.7674618065087412,37.2565962092987
2785,27.85,0.7720970758876392,37.2532193997378
2786,27.86,0.7737961418288265,37.23958763636041
2787,27.87,0.7806058405722134,37.146258703456375
2788,27.88,0.7865899375655394,37.24808542039143
2789,27.89,0.7936615049811552,37.237116972288476
2790,27.900000000000002,0.7900761317382015,37.18267395325878
2791,27.91,0.8033974698052064,37.1917814496113
2792,27.92,0.7977944340661616,37.16745894920347
2793,27.93,0.8008523553919273,37.20679806933333
2794,27.94,0.8195671768735968,37.21193267430265
2795,27.95,0.8128319971348584,37.2219873284371
2796,27.96,0.8163417901784987,37.21730348784414
2797,27.97,0.8279880234751337,37.198720812515624
2798,27.98,0.8295508858759044,37.21030716442174
2799,27.990000000000002,0.8351674315742537,37.16890139591151
2800,28.0,0.8385092115134871,37.25388072845856
2801,28.01,0.8436398775194559,37.153928570769914
2802,28.02,0.8506603261127216,37.19342414659766
2803,28.03,0.8498126444021097,37.2148783178014
2804,28.04,0.8542235405193807,37.19210652632869
2805,28.05,0.8607592779986587,37.21165320851376
2806,28.060000000000002,0.8648891618271703,37.129719644199355
2807,28.07,0.8660800609545541,37.190334358007014
2808,28.080000000000002,0.8673332354391181,37.18454831213581
2809,28.09,0.8806642458648312,37.1809918539891
2810,28.1,0.8831753514062624,37.15710280445598
2811,28.11,0.8928589021663332,37.2070290744698
2812,28.12,0.8888867319587276,37.19948922028229
2813,28.13,0.8955920824974495,37.13880799894276
2814,28.14,0.9039836666705139,37.15532072701899
2815,28.150000000000002,0.9094807180527217,37.17092667100996
2816,28.16,0.9068158528421074,37.17353005518736
2817,28.17,0.9167723499967108,37.19537594777497
2818,28.18,0.9200621243753997,37.13416650620707
2819,28.19,0.9229911023388362,37.188378120519644
2820,28.2,0.9297262458494955,37.138923293377815
2821,28.21,0.9351371344285786,37.16080311065013
2822,28.22,0.9416879564749654,37.180058229430536
2823,28.23,0.9389098889045663,37.18580573673268
2824,28.240000000000002,0.9456747285274733,37.22540426636436
2825,28.25,0.950707154882166,37.16682875469302
2826,28.26,0.9627774120618234,37.21008074217268
2827,28.27,0.9561420785471754,37.104778886699215
2828,28.28,0.9626258855820694,37.1740740028976
2829,28.29,0.9656994297934052,37.19692470127445
2830,28.3,0.9765589626265385,37.145706467251905
2831,28.310000000000002,0.9781421673352825,37.214325023316306
2832,28.32,0.9784829404212665,37.12684029662198
2833,28.330000000000002,0.9866871070348012,37.20331843500934
2834,28.34,0.9913687853722524,37.15672654246467
2835,28.35,0.9963237533017563,37.19804323165807
2836,28.36,1.0031563161836348,37.141249667367006
2837,28.37,1.0050744641129334,37.198176943481954
2838,28.38,1.0121448681717122,37.22715843521332
2839,28.39,1.0161153288762121,37.17779764264995
2840,28.400000000000002,1.021851917771537,37.16607701216058
2841,28.41,1.0216980687102584,37.15607348873472
2842,28.42,1.0259932881560576,37.229341592907716
2843,28.43,1.0343082370503955,37.21718437381769
2844,28.44,1.0351403941233026,37.12799699053918
2845,28.45,1.0380669611771933,37.1809982036064
2846,28.46,1.0465867312974306,37.23100411756023
2847,28.47,1.0537116511868623,37.22669989453594
2848,28.48,1.0547481810131987,37.281597761684125
2849,28.490000000000002,1.056902972594347,37.13685505249679
2850,28.5,1.0575975300360039,37.168164339993496
2851,28.51,1.0662953629064884,37.20018296945927
2852,28.52,1.0715049523533962,37.15993776661677
2853,28.53,1.0722862216029967,37.27548318357758
2854,28.54,1.0715174094091857,37.23804726891163
2855,28.55,1.0802362102236465,37.295296752679555
2856,28.560000000000002,1.0804709839767683,37.22626014224081
2857,28.57,1.0852568042151676,37.23264054701198
2858,28.580000000000002,1.089393904094025,37.207756923808454
2859,28.59,1.091999077192899,37.27422611481097
2860,28.6,1.1007872973759332,37.24625440763051
2861,28.61,1.1052635807746152,37.25444925716862
2862,28.62,1.1074550683431557,37.22897405040068
2863,28.63,1.1197777976299805,37.23151288591415
2864,28.64,1.1173825349081146,37.31511931106398
2865,28.650000000000002,1.1167370567991972,37.2237105250127
2866,28.66,1.1186315478044593,37.2744255632528
2867,28.67,1.1253693615981288,37.204625356942735
2868,28.68,1.1327628385753463,37.2199990670904
2869,28.69,1.1435884287642601,37.22872492081734
2870,28.7,1.1343970488123725,37.317515163937856
2871,28.71,1.1377685865431975,37.269731458163946
2872,28.72,1.1477218978894184,37.302949631322456
2873,28.73,1.144302459301446,37.309535679841616
2874,28.740000000000002,1.1511946794953047,37.28460531590701
2875,28.75,1.1548110747888825,37.31035118138735
2876,28.76,1.1555946359788563,37.324755092930566
2877,28.77,1.1608190963174392,37.26855672588651
2878,28.78,1.165720711793254,37.30206865292712
2879,28.79,1.167516246251729,37.316121190892055
2880,28.8,1.170611449933646,37.32438817943306
2881,28.810000000000002,1.1793943743662492,37.329455266121684
2882,28.82,1.1744159591249197,37.27742573185432
2883,28.830000000000002,1.179728089785154,37.384545916911286
2884,28.84,1.1817469951463266,37.35926160501213
2885,28.85,1.1884612630733304,37.309640424620916
2886,28.86,1.1885876697814626,37.34917215241812
2887,28.87,1.189944176143242,37.35365684725326
2888,28.88,1.1915481967504444,37.4229915729444
2889,28.89,1.1958157916487582,37.365627492458685
2890,28.900000000000002,1.196653101955091,37.36130155391065
2891,28.91,1.2026054603729928,37.331221752718065
2892,28.92,1.2114690270330135,37.36703475782416
2893,28.93,1.2141538159589167,37.39658859374453
2894,28.94,1.2117802579889798,37.34476579651912
2895,28.95,1.2126321688218953,37.3754561064315
2896,28.96,1.2180758683711799,37.386549471870104
2897,28.97,1.2202664889990107,37.35633635279986
2898,28.98,1.2217219318366888,37.400306516905836
2899,28.990000000000002,1.224255758044747,37.380725784204124
2900,29.0,1.2222303203671483,37.40077723975064
2901,29.01,1.2282238062822788,37.40744879905202
2902,29.02,1.2304093784616756,37.403214202550394
2903,29.03,1.2352687039683548,37.45639221576158
2904,29.04,1.2335133488119847,37.43911159666891
2905,29.05,1.235221257012498,37.43139784819809
2906,29.060000000000002,1.2374818429356762,37.38610068600704
2907,29.07,1.242225304544198,37.410620164760516
2908,29.080000000000002,1.2372583024100032,37.40709022460147
2909,29.09,1.2430219370492712,37.47541232042676
2910,29.1,1.251683690753013,37.45991617548647
2911,29.11,1.2503863914296358,37.40546293792465
2912,29.12,1.2526209661900223,37.455582876654816
2913,29.13,1.2526826762883931,37.43941644002808
2914,29.14,1.255667141292473,37.41775545314399
2915,29.150000000000002,1.2505759131420924,37.4491267769109
2916,29.16,1.2564802588136368,37.46776494717602
2917,29.17,1.2648342774626278,37.504688376866014
2918,29.18,1.265997161806012,37.40347638687426
2919,29.19,1.2552509513625083,37.4700648716452
2920,29.2,1.2658029584098411,37.46974390203631
2921,29.21,1.2599953881328665,37.501935505919995
2922,29.22,1.2632552903721,37.5715032489601
2923,29.23,1.262692351173407,37.51607928413048
2924,29.240000000000002,1.2602824564286188,37.491619288158205
2925,29.25,1.2634054942165514,37.48601188140295
2926,29.26,1.2697993519626471,37.48633856867696
2927,29.27,1.270145242484214,37.49002494616834
2928,29.28,1.2670142676302412,37.57860427052104
2929,29.29,1.277046635002253,37.50292519317417
2930,29.3,1.2696521349258179,37.57763377466229
2931,29.310000000000002,1.2751434336015068,37.517824888423405
2932,29.32,1.2763926509108785,37.52332748584502
2933,29.330000000000002,1.274772768089084,37.52553819930105
2934,29.34,1.2824173963472378,37.528098676595285
2935,29.35,1.2773517853795793,37.6022212452341
2936,29.36,1.277567280365893,37.527571522114606
2937,29.37,1.2779586371445466,37.59233364319111
2938,29.38,1.278195795156012,37.60940096449815
2939,29.39,1.2771277803562175,37.526927696289924
2940,29.400000000000002,1.2760453105086966,37.543207237426934
2941,29.41,1.2772797139824852,37.54813099415395
2942,29.42,1.2811473193530556,37.616835681839305
2943,29.43,1.2805939372840636,37.605083767483094
2944,29.44,1.2769861206112008,37.605248780465715
2945,29.45,1.2815455894100234,37.601260250842735
2946,29.46,1.2789695034041035,37.603009325358556
2947,29.47,1.280023271243481,37.58263152583318
2948,29.48,1.2803976734300344,37.57826210381331
2949,29.490000000000002,1.2753457265242838,37.628292260052255
2950,29.5,1.2798546373475614,37.637741429462736
2951,29.51,1.2835151362513728,37.600448728750465
2952,29.52,1.2836714064520802,37.5958965610655
2953,29.53,1.276478026690963,37.625051046468315
2954,29.54,1.2810563340476329,37.70108556179852
2955,29.55,1.279656631212631,37.64898480153608
2956,29.560000000000002,1.271879381078316,37.62370954126053
2957,29.57,1.276069030788473,37.648740964762546
2958,29.580000000000002,1.2736935724340717,37.63348811317794
2959,29.59,1.276912356486974,37.625322593040174
2960,29.6,1.274263804346222,37.68239455312483
2961,29.61,1.273070127503637,37.68773586634442
2962,29.62,1.2816257819154153,37.72398278989731
2963,29.63,1.272115582924063,37.70676889973259
2964,29.64,1.2710598800356958,37.710553556650915
2965,29.650000000000002,1.2690980467068822,37.77319917203043
2966,29.66,1.2718883461419621,37.706126751931144
2967,29.67,1.268455572907067,37.75073528119075
2968,29.68,1.2694512635352344,37.7193106340015
2969,29.69,1.263477658376251,37.72418542434661
2970,29.7,1.2649210533431134,37.702125800059605
2971,29.71,1.2681335758370353,37.75047368481864
2972,29.72,1.2628691147879285,37.711722636973256
2973,29.73,1.2648119508334124,37.738119174077546
2974,29.740000000000002,1.2604413744525138,37.76420260344891
2975,29.75,1.2634108075428605,37.74876170684071
2976,29.76,1.257138079809931,37.78179933043094
2977,29.77,1.267883832081382,37.765152501191174
2978,29.78,1.254321843493979,37.758020729591735
2979,29.79,1.2496787555563538,37.750023337325814
2980,29.8,1.2488088823648027,37.79829514274019
2981,29.810000000000002,1.2497381931868103,37.77530722322604
2982,29.82,1.2545977244883535,37.81209847232213
2983,29.830000000000002,1.2486857009048549,37.75058560825482
2984,29.84,1.2476397121904792,37.795884906973754
2985,29.85,1.2506284477009875,37.76747876304755
2986,29.86,1.2417740252230316,37.83575170001444
2987,29.87,1.2390566934302454,37.84000776533954
2988,29.88,1.2387393031592697,37.83752358445879
2989,29.89,1.2340996401917708,37.83781182452819
2990,29.900000000000002,1.235475731776325,37.82301520167324
2991,29.91,1.2335834167972617,37.83799191287026
2992,29.92,1.2361751059090513,37.82454203133761
2993,29.93,1.2342115827747944,37.825749533476525
2994,29.94,1.2231931224435764,37.91103563325859
2995,29.95,1.2267387085584511,37.93925790234339
2996,29.96,1.2216828634806922,37.84894912940035
2997,29.97,1.2200111383914398,37.87451128698894
2998,29.98,1.2212123030391422,37.867020485646144
2999,29.990000000000002,1.2166183313573748,37.90308753080804
