,t,x,y
0,0.0,1.000040934027384,2.9988274567987565
1,0.01,0.9498636472696923,2.928913432258155
2,0.02,0.928641334476603,2.9028136715268333
3,0.03,0.885909836999327,2.8474441100305548
4,0.04,0.8502621709274419,2.809243051104978
5,0.05,0.8193508734405487,2.7464255850519077
6,0.06,0.8164944693573989,2.7061111854083437
7,0.07,0.782295666472411,2.665881770719318
8,0.08,0.7604052286052588,2.62213571523968
9,0.09,0.7384429760907082,2.582934466301342
10,0.1,0.6956721575206135,2.5426755629394595
11,0.11,0.71148178851395,2.516432702311223
12,0.12,0.6775917506413984,2.4862181701671866
13,0.13,0.6552519068057864,2.4660558898988985
14,0.14,0.6329499345223949,2.4412737404588656
15,0.15,0.6321953581048133,2.4048540503816382
16,0.16,0.6098767185861849,2.3889349144934204
17,0.17,0.583492843608512,2.367277924619109
18,0.18,0.5816627691509043,2.3283909881542635
19,0.19,0.5851779600434616,2.322773602766323
20,0.2,0.5509769731160448,2.2999277605842092
21,0.21,0.5396953111086445,2.2933399255053444
22,0.22,0.5312663183376265,2.263576259962266
23,0.23,0.5285512078773731,2.2524516915892745
24,0.24,0.5187000693830321,2.23168264823041
25,0.25,0.49751186650146373,2.2212725030954705
26,0.26,0.48994364438082966,2.2095962457360763
27,0.27,0.5165307112818222,2.180620250102487
28,0.28,0.47689059084390306,2.169413972418027
29,0.29,0.4786019821534667,2.158966267914059
30,0.3,0.45594176710793527,2.15220281590053
31,0.31,0.45588083839916316,2.123471481049043
32,0.32,0.43514491338895694,2.120266441439317
33,0.33,0.4262665499181703,2.114109030669641
34,0.34,0.4393404295130117,2.0804779131932816
35,0.35000000000000003,0.41916684779521896,2.0886965653896334
36,0.36,0.4086338482927608,2.0744671106408807
37,0.37,0.3924505837980052,2.0559596051581006
38,0.38,0.4052356540051088,2.0688641962834695
39,0.39,0.4046383410420425,2.050342752466098
40,0.4,0.39912093358754436,2.0348478073971275
41,0.41000000000000003,0.3893459372966792,2.018848958386418
42,0.42,0.36631745208697736,2.018703059241246
43,0.43,0.38053671834428865,2.009393689262781
44,0.44,0.3728673511705294,2.0144057856770003
45,0.45,0.36033785646026645,1.9865521577538643
46,0.46,0.3598686868454408,1.9976188957578516
47,0.47000000000000003,0.36650602614960215,1.9864585631073872
48,0.48,0.35695998820983,1.9899984002355617
49,0.49,0.3486230595456855,1.973278232211738
50,0.5,0.32307996259329996,1.9624408497944228
51,0.51,0.33734927204353565,1.9521889493879363
52,0.52,0.33119319814063997,1.9495340911094443
53,0.53,0.3355072610374743,1.9479102277641176
54,0.54,0.32094471583468775,1.9401037127886105
55,0.55,0.3230869510807131,1.9346719317613608
56,0.56,0.32450494469307944,1.9337969658695944
57,0.5700000000000001,0.3187169487446871,1.9232675113699167
58,0.58,0.3016943409740075,1.9218512053305141
59,0.59,0.3055649382376715,1.9190348675547424
60,0.6,0.3019307905367701,1.9187880430110893
61,0.61,0.3098158106712891,1.9125314505909363
62,0.62,0.30017139646107716,1.8956580619344783
63,0.63,0.2899367894123263,1.9021449171192282
64,0.64,0.29080476193543886,1.9149789934381862
65,0.65,0.2786728984264341,1.896096689059367
66,0.66,0.2832919183274635,1.8943257906951991
67,0.67,0.29700763854786777,1.8865883876093767
68,0.68,0.277123517443761,1.8841019870285391
69,0.6900000000000001,0.27797405090431815,1.8725229505118735
70,0.7000000000000001,0.26943891738592607,1.8935790865475666
71,0.71,0.2739516667375536,1.8808652471418574
72,0.72,0.2613680730028054,1.874391646507555
73,0.73,0.26587788083537184,1.8709140352712939
74,0.74,0.27356308041415034,1.8632921805721516
75,0.75,0.2576614141088671,1.863283941234952
76,0.76,0.27157811737122567,1.8644053439469115
77,0.77,0.2545227044668599,1.8697291766413262
78,0.78,0.2448369298219953,1.8645459291933528
79,0.79,0.24665225800949617,1.8590482572466014
80,0.8,0.24748246955653397,1.85127893438338
81,0.81,0.25024868574492753,1.844799262124551
82,0.8200000000000001,0.23517032814144084,1.8631378078390746
83,0.8300000000000001,0.23887377410792326,1.848479194064054
84,0.84,0.2413995086599489,1.8543012183020613
85,0.85,0.23870035065021297,1.8469631313211898
86,0.86,0.23032481583136694,1.8474247945564004
87,0.87,0.2233637244939939,1.834842703390769
88,0.88,0.2455835658254771,1.852883416026823
89,0.89,0.2181638013448377,1.8458840864066834
90,0.9,0.2116458838546354,1.8363055674795858
91,0.91,0.22270715779843392,1.8356487570941438
92,0.92,0.21890770195084264,1.8353881548252255
93,0.93,0.23108903796113056,1.841669041456192
94,0.9400000000000001,0.21048315025667902,1.8338840246941017
95,0.9500000000000001,0.21674194027804383,1.8413126790062575
96,0.96,0.2256221456490155,1.835626340970066
97,0.97,0.21019840151554137,1.8296098570570816
98,0.98,0.21802108122445826,1.8352105023430028
99,0.99,0.19913392821651163,1.8338990546124718
100,1.0,0.2027370822758991,1.8217701649255496
101,1.01,0.21022092961127728,1.8369484673842473
102,1.02,0.20473422858016907,1.8138711630855644
103,1.03,0.21017026675338413,1.825062621257767
104,1.04,0.1910149224533254,1.8145316650439534
105,1.05,0.1985689391731193,1.8387253925333003
106,1.06,0.19417141847792976,1.8174772725107182
107,1.07,0.1924104216121529,1.8347461057129868
108,1.08,0.19392997921676128,1.830526516885033
109,1.09,0.19222018115489217,1.826828191072184
110,1.1,0.18731098758763698,1.8265246253138334
111,1.11,0.19365189673034508,1.8333791588815165
112,1.12,0.1761999146782329,1.8184707499479016
113,1.1300000000000001,0.18868267836820815,1.8250588316096663
114,1.1400000000000001,0.19061405059287312,1.8251204578553515
115,1.1500000000000001,0.18605552342984033,1.8155358002464448
116,1.16,0.17927013860361982,1.8257205754068766
117,1.17,0.1738679553380693,1.8119621199585345
118,1.18,0.17307197108231984,1.8270482695038677
119,1.19,0.18506717512916332,1.826764448862991
120,1.2,0.1737934812725537,1.8263995246077984
121,1.21,0.15926224873745978,1.8243827107360746
122,1.22,0.16147568063482684,1.8295601244951163
123,1.23,0.17239120765182656,1.8233743936633964
124,1.24,0.152052563468081,1.8152140079225063
125,1.25,0.16545335865338157,1.832804547506289
126,1.26,0.176218654857024,1.814602733521669
127,1.27,0.15468655702091524,1.835743343415861
128,1.28,0.1604386056172761,1.8232635780299495
129,1.29,0.16228941390167176,1.826038596121451
130,1.3,0.1614436099864651,1.8210177159090397
131,1.31,0.15814928521455726,1.8259532195731458
132,1.32,0.15460118213802765,1.8246845489102732
133,1.33,0.16109232389200082,1.8388848249359535
134,1.34,0.1496690649293193,1.8258230325829634
135,1.35,0.16015099228068955,1.8269098053328434
136,1.36,0.15730394563299727,1.8214357078631338
137,1.37,0.15018187362672406,1.833229259417774
138,1.3800000000000001,0.15254227366892156,1.822044876370424
139,1.3900000000000001,0.15416154461928513,1.8304268199962583
140,1.4000000000000001,0.15312847858416714,1.8327713259796046
141,1.41,0.14477496154739172,1.8136446430125217
142,1.42,0.13378224454809556,1.8283230927160683
143,1.43,0.1538137004493482,1.8279764384024821
144,1.44,0.14854308328162508,1.830919273360343
145,1.45,0.14322120957533452,1.8336553100655537
146,1.46,0.13459300346308375,1.831909332926642
147,1.47,0.14913815362506236,1.834946971893694
148,1.48,0.1412408746879437,1.8343767743537325
149,1.49,0.13392140684542164,1.8276775381208026
150,1.5,0.1379474556670244,1.8329579509612894
151,1.51,0.14391014741720384,1.8411354062270149
152,1.52,0.136606283952062,1.8376579094096885
153,1.53,0.12603648310172927,1.8344820987264772
154,1.54,0.13321969769386344,1.83256533198257
155,1.55,0.14399013146634881,1.8331747655563886
156,1.56,0.14072740864848712,1.8327601844922818
157,1.57,0.1193477805796044,1.8402335919644628
158,1.58,0.12184459030524489,1.845533634848313
159,1.59,0.12852322413608191,1.8423756381244207
160,1.6,0.14441677729206895,1.8395955069627896
161,1.61,0.12667447377520205,1.8503607064476608
162,1.62,0.1171942949936992,1.833891681476466
163,1.6300000000000001,0.13969981795811165,1.8507684403389821
164,1.6400000000000001,0.11492967340108762,1.8396386703042575
165,1.6500000000000001,0.12673336609320845,1.8368395768776096
166,1.6600000000000001,0.10814412661757616,1.854143422677814
167,1.67,0.13026057479852526,1.8325719461140428
168,1.68,0.1269595501406531,1.8497416556741035
169,1.69,0.11848645311735263,1.852944683134395
170,1.7,0.11520949197881379,1.8426034147401462
171,1.71,0.11356919401695782,1.8404437406223415
172,1.72,0.12277025799079452,1.8448551074775872
173,1.73,0.12162270777114029,1.855916007034588
174,1.74,0.10058521240271465,1.8546541533379004
175,1.75,0.10668194521035525,1.855026266916434
176,1.76,0.1106807886452426,1.8459944172972063
177,1.77,0.11489109420895693,1.8493162597718817
178,1.78,0.10838053213659476,1.8515053224980196
179,1.79,0.10871507633235206,1.8563699249135444
180,1.8,0.11083796783500564,1.8500881569535446
181,1.81,0.1130253621301565,1.8631569301066995
182,1.82,0.11248323382139495,1.8495741933491001
183,1.83,0.10023190000052594,1.8642194226358206
184,1.84,0.11909666767120826,1.839193962558777
185,1.85,0.11199062698162052,1.8475723731769564
186,1.86,0.1013710671844477,1.8677695282564717
187,1.87,0.10025264521766952,1.8571297630897088
188,1.8800000000000001,0.11307950201581615,1.8627635466241501
189,1.8900000000000001,0.10955524807790963,1.8540770091706498
190,1.9000000000000001,0.08978717542059214,1.8641710830476452
191,1.9100000000000001,0.10235022518562356,1.8593183913407256
192,1.92,0.10737670986448031,1.8676626205440126
193,1.93,0.10796880465518306,1.8596204937152383
194,1.94,0.08878676041585494,1.8694793409767565
195,1.95,0.09814176405631814,1.878333939363214
196,1.96,0.09689314317913285,1.884694631647518
197,1.97,0.08231612654416298,1.8707771131433102
198,1.98,0.10719740313881354,1.8770485960278656
199,1.99,0.08038284259309063,1.8594895361636932
200,2.0,0.09020915742161625,1.8652679527891132
201,2.0100000000000002,0.09063553894242686,1.8669618288166374
202,2.02,0.08071021592254736,1.8669546767852814
203,2.0300000000000002,0.08732934097217059,1.8660825231243447
204,2.04,0.07235238080043148,1.8739507901013814
205,2.05,0.08070009861917388,1.8793297570491345
206,2.06,0.08947754781673256,1.8692105337543308
207,2.07,0.09069623978815303,1.873385137048837
208,2.08,0.07847950889647498,1.866357123122091
209,2.09,0.07828466325603543,1.8774463881904015
210,2.1,0.07086307066176015,1.8723127873568426
211,2.11,0.07853203980418297,1.8727776530573603
212,2.12,0.10563583935169914,1.8653285591817643
213,2.13,0.08221485634805221,1.891961185012926
214,2.14,0.07467950527782183,1.8917828417565663
215,2.15,0.08904284158944135,1.8744805531659776
216,2.16,0.07614086880914428,1.8897322963968668
217,2.17,0.0834737819462217,1.883425649484551
218,2.18,0.08259837184160596,1.8817859626805986
219,2.19,0.092509362832569,1.8886329922469092
220,2.2,0.0668739537333129,1.890379461289881
221,2.21,0.08690894071518462,1.8886369267621061
222,2.22,0.0817778268638234,1.8930737752247928
223,2.23,0.07257608641082079,1.8849149958173335
224,2.24,0.08574212705570791,1.8899826880756032
225,2.25,0.07611366526034596,1.8962290180594754
226,2.2600000000000002,0.06844161732447332,1.8944902005492474
227,2.27,0.0702990176352774,1.8910840052526927
228,2.2800000000000002,0.07279213156675406,1.8885914954038518
229,2.29,0.07659394966685076,1.898713360752457
230,2.3000000000000003,0.06471837685912186,1.8832453322628606
231,2.31,0.0625921643504641,1.8756095713849965
232,2.32,0.05511176342284148,1.8868956538432882
233,2.33,0.058139480925083344,1.891917942065552
234,2.34,0.06398603119830207,1.8966607230468107
235,2.35,0.07120790645789725,1.8975822935320736
236,2.36,0.07284695837221603,1.8929174315634527
237,2.37,0.05241411962461137,1.8963481810221092
238,2.38,0.05389154758605458,1.8993627171713696
239,2.39,0.06756892889284735,1.8918380449398808
240,2.4,0.0633995755359131,1.896089437892555
241,2.41,0.0693819965509601,1.8918496840281882
242,2.42,0.06147017417374609,1.9063654596704225
243,2.43,0.07056828851229432,1.896920833545392
244,2.44,0.06250223878595328,1.8972508690622079
245,2.45,0.04719267833853101,1.8981824675085641
246,2.46,0.06729813770606397,1.9058297809535882
247,2.47,0.0700301140312523,1.8993835594953126
248,2.48,0.06131029548583776,1.9012974486543002
249,2.49,0.06367960020959185,1.913767993751742
250,2.5,0.061495099515406916,1.903242903775487
251,2.5100000000000002,0.06771210771450696,1.8973752551932874
252,2.52,0.05369263993410152,1.9078370445990607
253,2.5300000000000002,0.05859552795946595,1.9061919330534012
254,2.54,0.058190696967024426,1.8973959958934985
255,2.5500000000000003,0.06281002761253884,1.8963307866826842
256,2.56,0.04946305233280294,1.904455262954621
257,2.57,0.06388702906820226,1.9038196086775934
258,2.58,0.07303680384007706,1.899787501305675
259,2.59,0.06433800337329992,1.910558210793858
260,2.6,0.055336803976022544,1.9158214075771582
261,2.61,0.055281997758006796,1.9124531710342054
262,2.62,0.05729568514708034,1.9182872700399844
263,2.63,0.05994834536452743,1.9180430365714982
264,2.64,0.04968924071138331,1.9230808995680493
265,2.65,0.0624893016406565,1.9191156771259616
266,2.66,0.04765669420600095,1.9145728227407572
267,2.67,0.05919966711264124,1.9092875535794984
268,2.68,0.04750973245065454,1.9214253298744168
269,2.69,0.05877780193299291,1.922938929256431
270,2.7,0.05267003699144347,1.9260767520789717
271,2.71,0.050661941251672116,1.9269851728827319
272,2.72,0.04155652193840055,1.9119359569581889
273,2.73,0.049766559447109976,1.921558465239274
274,2.74,0.029193013059868222,1.9238414459615985
275,2.75,0.051111118397932316,1.9192588495063052
276,2.7600000000000002,0.049547463538015736,1.9215729927068808
277,2.77,0.05720345101137816,1.9269939476855324
278,2.7800000000000002,0.04156729802149691,1.9216288806774013
279,2.79,0.037498374441517934,1.9268016892486641
280,2.8000000000000003,0.05637211776251094,1.913653911778442
281,2.81,0.05431388504358632,1.936833247911379
282,2.82,0.03282486094134805,1.9304570068457907
283,2.83,0.02999402399908454,1.9309711032879178
284,2.84,0.05442229419480955,1.9242000272210578
285,2.85,0.0410552371916868,1.9163405840507364
286,2.86,0.044950351138045415,1.9229084712656608
287,2.87,0.04554513078072934,1.9228715524701792
288,2.88,0.04484883895614417,1.9225218046004395
289,2.89,0.03469851204383108,1.923712439296007
290,2.9,0.04569146879471822,1.9414551925400996
291,2.91,0.02506677999740031,1.9265376908177136
292,2.92,0.04108935110923647,1.9293428136440116
293,2.93,0.027871869063457642,1.9232231685510033
294,2.94,0.03319969635269845,1.9333155708459442
295,2.95,0.037896875467745436,1.939370342612712
296,2.96,0.037826723292181896,1.9265410737624498
297,2.97,0.02392170830350482,1.938530405666429
298,2.98,0.03989177576496214,1.9314254025502628
299,2.99,0.014972387761270321,1.9399963401976867
300,3.0,0.04879178212750011,1.947473270026146
301,3.0100000000000002,0.026183589155851686,1.9353479100335622
302,3.02,0.025475906291919124,1.9317106978738658
303,3.0300000000000002,0.04508497625359942,1.9280492890150398
304,3.04,0.035640732810042694,1.9463891730419867
305,3.0500000000000003,0.02241768558548703,1.9256944893699213
306,3.06,0.02726993264886901,1.9482220507601624
307,3.0700000000000003,0.035854425791115516,1.9380043272262317
308,3.08,0.042718127359518465,1.9322525936643005
309,3.09,0.0430639308777286,1.9307135598614382
310,3.1,0.03645244995635861,1.9378408618386282
311,3.11,0.04226998180836941,1.9395514203838495
312,3.12,0.03641755354816523,1.939961890245129
313,3.13,0.03575805674011825,1.9469075101730855
314,3.14,0.036302431812258694,1.9432606165136297
315,3.15,0.037159672056540416,1.9486189358937738
316,3.16,0.0468081120628423,1.9560402510095274
317,3.17,0.02341813606297386,1.9408798238398224
318,3.18,0.034153740174261864,1.9472118823744864
319,3.19,0.03087035649397896,1.942863075498347
320,3.2,0.0446002617306941,1.9380572064827368
321,3.21,0.022588516386868186,1.945612265785795
322,3.22,0.030872745246749687,1.9552729033251497
323,3.23,0.021128003338673866,1.9352512362869156
324,3.24,0.02324954304000643,1.9382826232246917
325,3.25,0.035126189073456604,1.9528449164316553
326,3.2600000000000002,0.036393992521665225,1.9542542418427273
327,3.27,0.020375068602430612,1.9385604444012448
328,3.2800000000000002,0.023537915800720132,1.9422430903083627
329,3.29,0.031029516512067284,1.9455114354735525
330,3.3000000000000003,0.024935168940716568,1.9471211881578823
331,3.31,0.036414080854852454,1.9450395149473287
332,3.3200000000000003,0.03059813698882919,1.940963370277463
333,3.33,0.023085588516653745,1.9635877697209245
334,3.34,0.03504855357654595,1.9507541847116256
335,3.35,0.04077828329642616,1.9489589049255112
336,3.36,0.019234550418915856,1.9495285663715634
337,3.37,0.029496017936737777,1.96190691186441
338,3.38,0.017121338150433336,1.9504369816994083
339,3.39,0.020066138652738295,1.9592793957077992
340,3.4,0.024745534030349303,1.9649713375574354
341,3.41,0.028864432875581977,1.9526601001006618
342,3.42,0.031414497746682424,1.956580092926772
343,3.43,0.011462213522403428,1.9492668196204737
344,3.44,0.020818480814392325,1.9457233479568594
345,3.45,0.039699381457942655,1.9557506229332908
346,3.46,0.01721817527501314,1.9533953828999462
347,3.47,0.037083726514222724,1.9571648816836817
348,3.48,0.01993029376594399,1.948967329071342
349,3.49,0.003632601094773178,1.956903985476405
350,3.5,0.024500432024597358,1.9470355077468753
351,3.5100000000000002,0.03908098113762656,1.9558144631586831
352,3.52,0.014540516309501542,1.9416763471532792
353,3.5300000000000002,0.017483788996739823,1.9499332005251488
354,3.54,0.0343140801168396,1.961504330200039
355,3.5500000000000003,0.001171023046263573,1.9510629156275034
356,3.56,0.018954189348895503,1.9488421987607014
357,3.5700000000000003,0.011986294063721443,1.9549589128002625
358,3.58,0.014796677733659577,1.9624306393722992
359,3.59,0.017667916124526187,1.956275752610725
360,3.6,0.020520734884053378,1.9563645128410303
361,3.61,0.02448068170089505,1.9619001491372936
362,3.62,0.014807671960149617,1.960539496783139
363,3.63,0.032158264883647314,1.9611782477472588
364,3.64,0.021704929461058717,1.96105303577155
365,3.65,0.02450658082860723,1.9634288412992054
366,3.66,0.0145375902391477,1.9699266844391787
367,3.67,0.024166247751624695,1.9706831165254504
368,3.68,0.022135541165835052,1.9694795912702256
369,3.69,0.008729492829297511,1.9624729012027708
370,3.7,0.011720167109781661,1.9590113005119663
371,3.71,0.024327347819618133,1.9609452235309313
372,3.72,0.026994215446036685,1.9639390962078238
373,3.73,0.016703903261894755,1.9604123976437893
374,3.74,0.015202706648297454,1.957239063668675
375,3.75,0.03154476093681247,1.9678963382805452
376,3.7600000000000002,0.019643078559097048,1.967079686774688
377,3.77,0.03847271768367468,1.9659547797785963
378,3.7800000000000002,0.017883755850413435,1.9803514963964581
379,3.79,0.023793913334195633,1.9627173814166765
380,3.8000000000000003,0.02309865750350457,1.9701379229497227
381,3.81,0.019661533746150938,1.970640239321931
382,3.8200000000000003,0.020559241824145848,1.9616135402309638
383,3.83,0.026508631542147606,1.9692023880334157
384,3.84,0.003408352792288705,1.9751492833403674
385,3.85,0.01708531574667748,1.9710612467660888
386,3.86,0.006429058012605356,1.959769659658433
387,3.87,0.011188997583563301,1.969481677799092
388,3.88,0.022495035495966514,1.976506762522661
389,3.89,0.015474993149158598,1.9678229726704803
390,3.9,0.006596833600166678,1.9696257658757763
391,3.91,0.002180703615598842,1.9688129048202314
392,3.92,0.031933198839058055,1.976685468715723
393,3.93,0.019784340633411487,1.9746014011432975
394,3.94,0.02256441928559974,1.9730919360611698
395,3.95,0.022478531925044096,1.9762974881040833
396,3.96,0.010859859296989838,1.9823564656966068
397,3.97,0.019922832127483543,1.9805397775079978
398,3.98,0.018516375507317773,1.9734758943693431
399,3.99,0.01879426647147143,1.9693615159109175
400,4.0,0.012893238788627108,1.985010868936194
401,4.01,0.007802040861104299,1.9737298471031037
402,4.0200000000000005,0.006619991681858771,1.9706319731379447
403,4.03,0.01967578691184618,1.9722538525345823
404,4.04,0.027662964292746214,1.9732118321760836
405,4.05,0.006149403390787416,1.9669685069477079
406,4.0600000000000005,-0.00263110742624487,1.9770666351109916
407,4.07,0.017274856134158762,1.9790751737333705
408,4.08,0.008294618413648522,1.9884576679073054
409,4.09,0.0011634617213523712,1.9662197847469993
410,4.1,0.010618433960629635,1.9852970936015597
411,4.11,0.006626768322626139,1.9865505452406893
412,4.12,0.013729657786820204,1.9642379266044807
413,4.13,0.008356423534430111,1.9764092050782736
414,4.14,0.020551110121509838,1.9793610727553272
415,4.15,0.017848130898789442,1.9778015354234169
416,4.16,0.015905749952339194,1.979648834050262
417,4.17,0.021129654275611108,1.9649378172985072
418,4.18,0.022239531321745644,1.9782252974735002
419,4.19,-0.006538334294490241,1.967085341122032
420,4.2,0.01001535806791459,1.9824668735471433
421,4.21,0.0239464414107946,1.9725909988502097
422,4.22,0.031760759729632694,1.974415282285688
423,4.23,0.006230920991596982,1.9811983637853225
424,4.24,0.022805165113568525,1.9840479200831513
425,4.25,-0.0010137453386859455,1.9704846304601602
426,4.26,-0.006223402322388981,1.9766934550394732
427,4.2700000000000005,0.0041991488890406855,1.9821813298288136
428,4.28,0.020288234214955844,1.977270479075987
429,4.29,0.01497175374264124,1.9752205116325134
430,4.3,-0.0017819920912413977,1.9749207144627794
431,4.3100000000000005,0.017083143868067238,1.9841395595811806
432,4.32,0.012645553513372097,1.9819874105866655
433,4.33,3.593394340088013e-05,1.9794298136179183
434,4.34,0.014110755248601236,1.9716115232640252
435,4.3500000000000005,0.013536137618629592,1.9798007252565606
436,4.36,-0.013068863598483124,1.986387978193894
437,4.37,0.022337169325965238,1.976690967027976
438,4.38,0.017191116500587043,1.9855832187853701
439,4.39,0.009054163635505534,1.9894058286480463
440,4.4,0.019580954894360375,1.9883272431278214
441,4.41,0.019359039873839003,1.9737892726801418
442,4.42,0.0069520126730449605,1.992098220893063
443,4.43,0.009939596519046823,1.9814300490423302
444,4.44,0.007827928284301245,1.9827653650896506
445,4.45,0.013471005521787066,1.9798650184583155
446,4.46,0.016997590740926445,1.9884204196075965
447,4.47,0.010363533030878655,1.9844825038895648
448,4.48,0.005320429936862706,1.9718925850019577
449,4.49,0.011664036190368706,1.9806641603842108
450,4.5,0.011284077879958726,1.9843585423044583
451,4.51,0.013035780121476229,1.9865247476401962
452,4.5200000000000005,0.005193471901292544,1.9839662535160925
453,4.53,-0.0053314690263361626,1.9721904670446893
454,4.54,-0.0021078551775840244,1.9908861883392086
455,4.55,0.015491958751239024,1.97770851856898
456,4.5600000000000005,0.013580745897231138,1.9768202048071182
457,4.57,-0.007260865887807321,1.972065248088405
458,4.58,0.0019449202937882118,1.9851944863075068
459,4.59,0.011587783740613311,1.9875461999426487
460,4.6000000000000005,0.015446302580901041,1.9869669719325114
461,4.61,-0.004077181778638323,1.9804753661792778
462,4.62,0.012713641203583696,1.9885684955664464
463,4.63,0.010639517136643488,1.9820518997498016
464,4.64,0.004832011532464603,1.9849985007866155
465,4.65,0.010000164648575617,1.9835672921037828
466,4.66,0.005654240723655824,1.972096405422686
467,4.67,0.005114797147527904,1.9895824041331067
468,4.68,0.0009551864711304613,1.9689204480905675
469,4.69,0.004931380703450963,1.983582384430913
470,4.7,0.007756018246185475,1.9837919065819236
471,4.71,-0.010277236801936934,1.988249178608653
472,4.72,0.022310589335587917,1.9770135748778481
473,4.73,0.010249131769261536,1.9929419389402243
474,4.74,0.007100516228577169,2.0002351963690708
475,4.75,-0.0007959904798882506,1.9870917746303
476,4.76,0.01247810281961364,1.9790503612219015
477,4.7700000000000005,0.003317528190540859,1.9828248407504085
478,4.78,0.005987945162823496,1.994751349309839
479,4.79,0.012200201198058962,1.9999844583561233
480,4.8,0.01477476391365255,1.9830795869345428
481,4.8100000000000005,0.013222994919615406,1.9810844895623274
482,4.82,0.011691423101835345,1.9807903937011693
483,4.83,-0.0015661900622637014,1.9908822960876944
484,4.84,0.013861697511198968,1.9886714422357228
485,4.8500000000000005,-0.0031776110076370614,1.9957992140591991
486,4.86,0.007345882733197219,1.9831642983985742
487,4.87,0.008053115207544382,1.9784289039635898
488,4.88,0.004608838662015519,1.9923462915538463
489,4.89,0.004906631963046878,2.0005971297285394
490,4.9,0.007469680228918342,1.9960885634564758
491,4.91,0.019377540240491032,1.9880022768922643
492,4.92,0.007602591493410908,1.9856269968011522
493,4.93,-0.006782960315707047,1.9896521196860828
494,4.94,0.008003350968853283,2.0047285673652424
495,4.95,0.019292614827237466,1.9777867085071297
496,4.96,0.011524796664526262,1.984550715998671
497,4.97,0.012476912992877634,1.9931685664159593
498,4.98,-0.006004812084978198,1.986283195375626
499,4.99,-0.011493964445266482,1.9872921029614294
500,5.0,0.008155796253743968,1.9813915713921295
501,5.01,0.0007722560689379255,1.997225883696322
502,5.0200000000000005,0.024576043559045843,1.9815167739170714
503,5.03,0.0010015915057756536,1.9988925093442609
504,5.04,0.022897053825962316,1.9965546849442477
505,5.05,0.00596913839302264,1.9954344332080194
506,5.0600000000000005,0.002526028680805352,1.983257321658629
507,5.07,0.006943431635779224,1.9803454261756215
508,5.08,0.0033519358679540154,1.9850811138791868
509,5.09,-0.00028448162152772995,2.003594037489741
510,5.1000000000000005,0.0033083793665834088,2.003648233480634
511,5.11,0.005370797388951373,1.9990568746611217
512,5.12,-0.0005640402388258818,2.0007080734676044
513,5.13,0.006635659436338647,1.9914514968583619
514,5.14,0.0010967246807283412,1.99803828832845
515,5.15,-0.0031672895903551643,1.9908817615600547
516,5.16,0.014050308340698085,1.9967274015440413
517,5.17,-0.0028802564964783813,1.9912362363593379
518,5.18,0.0020909558731403216,1.9890238350861795
519,5.19,0.015966958275960126,1.9935583767702585
520,5.2,0.009959899981679853,2.0008114918247975
521,5.21,-0.023397442903474182,1.9850488425503914
522,5.22,0.0066655860406295234,1.9889224610135587
523,5.23,-0.006049288358175213,2.005908986220891
524,5.24,0.014043586119807234,2.0047892759358055
525,5.25,0.008229298761528708,1.9903375226305062
526,5.26,-0.0038577711011188983,1.986302140385003
527,5.2700000000000005,-0.0001337324335150764,1.9964213325765088
528,5.28,0.020722784443590783,1.9969149832492856
529,5.29,0.014867069351677663,2.0015170967014773
530,5.3,0.0008840310628851844,1.9871179287970604
531,5.3100000000000005,-0.010976153772446973,2.0003662185812865
532,5.32,-0.004666413632470737,1.9917266532497233
533,5.33,-0.0022334868407284485,1.9973133606809421
534,5.34,0.002532928957888431,1.9900858864352826
535,5.3500000000000005,0.015135422756684506,1.978425838674521
536,5.36,0.013786067711221501,1.9857453618315704
537,5.37,-0.0058695140725315625,1.9926767589711007
538,5.38,0.016854785165057572,2.0061418109537232
539,5.39,0.004623662234466251,2.007302240494617
540,5.4,0.006508076922164714,1.9895339974881094
541,5.41,0.012827665747402784,1.9825271224896457
542,5.42,-0.0016519976756801075,1.974795835422058
543,5.43,0.006752071335026473,1.9917623433668186
544,5.44,0.007939451020379252,2.0012346459418775
545,5.45,0.014223676955786317,1.9955191707599078
546,5.46,0.015006835250096377,1.9877020321582721
547,5.47,0.0017802651075136903,1.9865160716171792
548,5.48,0.008412539373575091,1.9874270122147586
549,5.49,0.013602046451450325,1.9808130026720654
550,5.5,-0.015447516844605727,1.9940791508770823
551,5.51,0.0025531666112249283,1.9896362149076687
552,5.5200000000000005,0.012806630077792076,1.9968137508174248
553,5.53,-0.010462079885027233,2.009939533890605
554,5.54,0.01032309881943683,1.9970966973559097
555,5.55,0.004923989781973184,1.9825185245023802
556,5.5600000000000005,0.010444587304668972,2.011481155047805
557,5.57,-0.008666031002381416,1.9983578510707884
558,5.58,0.01505978694712417,1.9858618203298746
559,5.59,0.0021452909542145166,1.9722861677330987
560,5.6000000000000005,0.01773876366164707,2.0058693624950363
561,5.61,-0.0014346372194603547,1.9994782283653865
562,5.62,0.014043396709440763,1.9934380937018545
563,5.63,0.00047809613335867123,1.9872074664454062
564,5.64,-0.01003267886690792,1.9810388894468887
565,5.65,-0.006308791415638547,2.00785907701559
566,5.66,-0.009209346789261264,1.989725179290352
567,5.67,0.011693444907871818,1.9805184785361478
568,5.68,-0.0014941086814467246,1.9991197940137015
569,5.69,0.007193486741354631,2.002587600458612
570,5.7,0.004395238608542296,1.9887606112274925
571,5.71,0.00542995042486228,1.9863625208373485
572,5.72,0.010610950557335698,2.0106107445501356
573,5.73,0.014274785742261225,1.992555366598643
574,5.74,0.007421834193202492,1.9935408782887158
575,5.75,0.00936104587901965,1.982278307604123
576,5.76,0.004498002267976154,1.99756247741316
577,5.7700000000000005,0.004700076296143711,1.9941394518296183
578,5.78,0.018339049414618558,1.9930227650667094
579,5.79,0.0018546655648625661,1.9962362272671554
580,5.8,-0.003983858397903586,1.9940453172272476
581,5.8100000000000005,0.006143890961892698,2.0011221720541092
582,5.82,0.000409740658079969,1.981708890516338
583,5.83,0.0019823368964062556,1.9826550597035988
584,5.84,0.002430049932776579,1.995547057260787
585,5.8500000000000005,0.00575966276457698,2.0076213368892013
586,5.86,-1.4935496842998809e-05,1.9843750164894878
587,5.87,0.0009812595512754992,1.999811730044782
588,5.88,-0.004089408616675946,2.0021742867819996
589,5.89,0.0024592824663381124,1.9905140222222424
590,5.9,-0.004201186616806637,2.0040593707436174
591,5.91,0.0009208146139936843,1.9931576117895582
592,5.92,-0.003090681048430834,1.992369624620091
593,5.93,0.01326590186211147,1.9962589104917974
594,5.94,0.008503132838486705,1.996484512356177
595,5.95,0.012589919510124871,1.9917658736219586
596,5.96,-0.0056710684320105485,2.0091343200297955
597,5.97,-0.0019046341073714816,2.001231074176321
598,5.98,0.00028268221769022243,1.9975609271866082
599,5.99,-0.00046420349436166993,1.9867802224939544
600,6.0,-0.0004946156873943735,1.998763379603266
601,6.01,0.0020356966215570598,1.9994300412707193
602,6.0200000000000005,-0.006325544286241741,1.9943288605583818
603,6.03,-0.009999379811206188,1.9923525977442968
604,6.04,-0.0037468930361255794,1.984016740550688
605,6.05,-0.005364110901228151,1.991389770975165
606,6.0600000000000005,0.007700883280810692,1.9951692449304554
607,6.07,0.003760577534314301,1.9915679141541176
608,6.08,0.011307021587349515,1.996232368214381
609,6.09,0.0062201228520462615,2.001334148609507
610,6.1000000000000005,-0.01005160968553366,1.9872050737583242
611,6.11,0.017972571408021942,1.979074851071547
612,6.12,-0.004838991352718803,1.9937964571748383
613,6.13,-0.0009059162257406658,2.000472421877128
614,6.140000000000001,0.014969684607186706,2.0021226473201934
615,6.15,-0.010583099772734549,1.993426013233287
616,6.16,0.004300253648494439,2.00293438479559
617,6.17,0.00509710647759905,1.9887417219538202
618,6.18,-0.009670662126271651,1.9896847271795208
619,6.19,-0.00021442215537754257,2.006773691430608
620,6.2,0.00724901881851049,1.9979821859687499
621,6.21,-0.0020603540001731683,1.997031007916492
622,6.22,0.002842412826418047,1.9969686402281506
623,6.23,-0.004764391684690943,2.004771553313289
624,6.24,-0.00816413627813845,1.9861476042838364
625,6.25,0.020494898595533648,1.9964564957063495
626,6.26,0.004348701565842147,1.9990696730889073
627,6.2700000000000005,0.00406771422735469,1.990265509291517
628,6.28,8.238078756640766e-05,1.994893535349641
629,6.29,-0.0014169527884274656,1.9937616702071004
630,6.3,0.001082449706867794,1.9906280878774376
631,6.3100000000000005,0.02040118047872,1.9976565443111114
632,6.32,-0.0063627776090503935,1.9896692771829452
633,6.33,0.016199342098642107,2.0046199758047054
634,6.34,-0.005849579306526847,2.005944518847134
635,6.3500000000000005,0.008936920265580815,1.9862987012943705
636,6.36,-0.005986410239742335,1.996519609089506
637,6.37,0.007514970768691864,2.0064359193531325
638,6.38,0.010751149417856482,1.9962090094300804
639,6.390000000000001,-0.009111854278635392,2.001473231036824
640,6.4,-0.0013929651146313588,2.0009316664652084
641,6.41,-0.0026609436031068932,2.0037257547317093
642,6.42,0.00674291145730771,2.0003490792716536
643,6.43,0.0005015793293952055,1.996000722465458
644,6.44,0.0004933485632774659,2.014049800820804
645,6.45,-0.0031608557033513326,1.9895184921827336
646,6.46,0.0016361071344544798,1.992423539387019
647,6.47,0.0036995824222780752,2.009675922658853
648,6.48,0.013116486354691165,2.0007799261912593
649,6.49,-0.012479473239524287,1.9941489131877659
650,6.5,0.011272319439975479,1.9955030614534395
651,6.51,-0.0037694331248527145,1.9951789726397213
652,6.5200000000000005,0.003300887776689033,2.0122771337556267
653,6.53,0.007827595370033073,1.9953389186139632
654,6.54,-0.009838876175930093,1.9991516276874328
655,6.55,0.017013842351472443,1.987556828140829
656,6.5600000000000005,0.003897684825120008,1.993999104248205
657,6.57,0.004636216428778164,1.9938396937417078
658,6.58,-0.0007224988521532189,1.997885880876899
659,6.59,-0.0023723820880093985,1.9932624088667186
660,6.6000000000000005,-0.00621559191933132,1.992632106270028
661,6.61,0.010489680747836894,2.000046334854465
662,6.62,-0.0034535045765347206,1.9929652855467448
663,6.63,-0.005925352537208174,2.0020930261249363
664,6.640000000000001,-0.010150752243696538,1.9872624063167659
665,6.65,0.014361062190192054,1.9976186397823454
666,6.66,0.013774987556625025,1.9952760806820244
667,6.67,0.0050637748662109485,1.9935140496425885
668,6.68,-0.010800688592205463,1.9998559811939665
669,6.69,0.005059125413633335,2.0006837516511755
670,6.7,-0.014560660167652749,2.003846913417328
671,6.71,-0.0031251609506253554,1.9846779729967787
672,6.72,-0.0025704718613210444,1.9916644313819003
673,6.73,-0.0004275954257375093,1.9879237343538938
674,6.74,0.007666591756575094,2.0002701304789383
675,6.75,-0.0052201289097300405,2.0010619590751664
676,6.76,0.013969606562352278,1.9987754027879563
677,6.7700000000000005,-0.0054902021589104694,2.009203882399703
678,6.78,0.009751057296477239,1.9900978959533269
679,6.79,-0.007478407015339061,2.0015479267355594
680,6.8,-0.012853427867317694,2.0000100544360526
681,6.8100000000000005,0.0007312793729244777,1.9942027496174601
682,6.82,0.021175889992108766,2.003912982185787
683,6.83,-0.008587310229185437,1.981541634352968
684,6.84,-0.010571124242288486,1.9995478792666683
685,6.8500000000000005,0.004377159737844939,1.9964978348966986
686,6.86,0.008177292010208184,1.996648514596289
687,6.87,-0.00017255209272275598,2.0036883044425537
688,6.88,-0.002353592103687543,1.9943526885302902
689,6.890000000000001,0.006922126911040935,1.9948406307042583
690,6.9,0.0021982059101133284,1.9910439804021782
691,6.91,-0.00257139235458249,1.9961145171782229
692,6.92,-0.014949631468041708,2.0055930840009712
693,6.93,-0.0011359585243498388,2.0010372299124866
694,6.94,-0.006636576507192658,2.0050619089223014
695,6.95,0.005286800497793805,1.9998784426067684
696,6.96,-0.00015616384526129408,1.995674257082939
697,6.97,-0.0037702357445697715,2.000807691188883
698,6.98,-0.0016279142297003658,1.9967297388347771
699,6.99,-0.013532982883757106,1.9945761127278911
700,7.0,-0.009217884975092428,2.0021494279527916
701,7.01,0.005681731457631315,1.9895754126303293
702,7.0200000000000005,-0.009452830261914043,2.000154878087614
703,7.03,0.0031013909525170044,1.996358331683055
704,7.04,-0.0018991884119036362,1.9845297070196695
705,7.05,0.003258428307744825,2.004831131061535
706,7.0600000000000005,-0.001059768946966509,1.9949770291020616
707,7.07,-0.010365220074787351,2.005968406077413
708,7.08,0.010225727345295841,2.003778291179643
709,7.09,0.006456987800897655,1.9995269082259395
710,7.1000000000000005,0.005403158583954026,1.9882235428250594
711,7.11,0.0009582723941097185,2.007384680038804
712,7.12,0.0007659292783184997,2.008288024913279
713,7.13,0.020941905576130845,2.002224163719002
714,7.140000000000001,0.0028955722238466707,2.005252648576466
715,7.15,-0.011458147771067557,2.0064102850664063
716,7.16,-0.005421740480865488,1.999190377485646
717,7.17,0.011222229720635597,2.0120342214871316
718,7.18,-0.00746567905455343,1.9910343171380893
719,7.19,0.002865188023413752,1.9990230156509365
720,7.2,0.00975960393921733,2.002428914367401
721,7.21,0.0018066496992992695,1.9934741673419392
722,7.22,0.013712717776119838,1.9905552537261186
723,7.23,-0.004828323065071729,1.9919849844316524
724,7.24,-0.015054661692209023,2.0003740243219
725,7.25,0.006457155849255189,1.997930229794458
726,7.26,-0.0027488122202355813,2.005634801272737
727,7.2700000000000005,0.006048113254486851,1.9926369730472906
728,7.28,-0.009893615100003476,1.9956745973701917
729,7.29,-0.008179633493783733,2.0064914744516695
730,7.3,0.0022952242000073815,2.0020142026785064
731,7.3100000000000005,-0.00479285699129265,2.0083448072599004
732,7.32,-0.008855618044513024,1.9949139365666981
733,7.33,0.002545832282239332,2.005796982072351
734,7.34,0.0040909301406532724,1.991112390405512
735,7.3500000000000005,0.003834185122348297,1.995955305323804
736,7.36,-0.003325670948533949,2.0070164986073866
737,7.37,0.005553560874248511,2.009048575573971
738,7.38,-0.008802804549543719,1.989277675249026
739,7.390000000000001,0.006438310536469223,1.9835741685149897
740,7.4,-0.01030332432267942,1.986222386949359
741,7.41,0.00921450858698463,1.9986147760797714
742,7.42,-0.017476397221852923,1.9949819467230674
743,7.43,0.009396931003916026,1.9960622122533709
744,7.44,-0.004269869733350908,1.990327487741036
745,7.45,-0.012015241977137346,1.9976771495205394
746,7.46,0.014231598828747024,2.00899101447085
747,7.47,0.013311769742041586,1.999468446252117
748,7.48,-0.01239179218159078,1.9939541982661722
749,7.49,-0.00392313343401941,2.001623190689311
750,7.5,0.007513830996984432,1.9923644912090472
751,7.51,-0.0021313680221191032,1.9943952810169034
752,7.5200000000000005,-0.008137096677175288,1.9939548380955603
753,7.53,-0.01011354662693674,1.9963742461692475
754,7.54,-0.0007349809288110063,1.9935082061569351
755,7.55,0.007469780928808624,1.999217112093543
756,7.5600000000000005,0.004239513271726687,1.9988450092229815
757,7.57,-0.00947034073606779,1.995093531884717
758,7.58,0.00701657214682098,2.000558504056108
759,7.59,-0.0033154395019234185,1.999705500711865
760,7.6000000000000005,-0.009751633494880684,1.9963920472243148
761,7.61,0.0028730589234519594,2.0079489639309593
762,7.62,-0.019832924830328738,2.007901654270483
763,7.63,0.0022139930399059397,1.9981895718711917
764,7.640000000000001,0.009190244303522025,2.0101920522752685
765,7.65,0.013109868735658474,1.9991653537065135
766,7.66,-0.0013363544270517586,1.9912021936373234
767,7.67,-0.006368739512331851,2.0048130367353254
768,7.68,-0.008778207771854877,2.0005839975450828
769,7.69,0.0104329309286962,1.9878200706555944
770,7.7,-0.0039077701367424035,2.0061532269290767
771,7.71,0.011126264433346805,1.99718177546422
772,7.72,-0.0010008791779216317,2.0046631866919187
773,7.73,-0.008972185297659108,1.9887389421403647
774,7.74,0.005145488305644341,2.0001518249369044
775,7.75,0.010970423214757255,1.9961672532223618
776,7.76,-0.011359241545770822,2.0034932518614905
777,7.7700000000000005,0.008674529707852385,2.0103232373755326
778,7.78,-0.00406991758878123,2.004574364685899
779,7.79,0.016075438451119712,2.0029180751190254
780,7.8,-0.002926703391883394,2.0012764703934725
781,7.8100000000000005,0.009777410188894475,1.9987579328594864
782,7.82,0.00163378241969037,2.0017410849596
783,7.83,-0.008061218457199502,2.0069936228109673
784,7.84,0.011060749774271862,2.001184225624317
785,7.8500000000000005,-0.0010522589507290052,1.992974381397534
786,7.86,-0.014036230102111778,1.9951758326958757
787,7.87,-0.0026875998440015307,1.9904072910554313
788,7.88,-0.004151545214276187,2.001814709956755
789,7.890000000000001,-0.00319179635906154,1.9977756189929239
790,7.9,-0.007414633789211526,1.99806046905392
791,7.91,0.005184713100660637,1.9984232518640754
792,7.92,-0.001281122218913077,1.9995780781059151
793,7.930000000000001,-0.006329726139764823,1.9957912861822322
794,7.94,-0.003716381091289571,2.002782173932963
795,7.95,0.011288929257168161,2.004004400665536
796,7.96,0.004684068147740753,1.998909269648537
797,7.97,0.004077757817984531,1.9868541632833636
798,7.98,0.004109843034371984,2.00092725446108
799,7.99,-0.0003194749439239401,1.9971694039757744
800,8.0,-0.006108670247729317,2.0020984807694377
801,8.01,0.0019760284031226758,2.0010752980379967
802,8.02,0.0032771173354774604,1.9857291357007392
803,8.03,0.002430501974669303,2.007580132813999
804,8.040000000000001,-0.012874874236711312,1.9974804513655409
805,8.05,0.016380743171534956,1.999379121580968
806,8.06,-0.00126094897814582,1.9993752580612765
807,8.07,0.0033065748227705054,2.0021038393979262
808,8.08,-0.01572081809486953,1.987917615249706
809,8.09,-0.007248965422224342,1.9901005539485606
810,8.1,0.004962226152700314,1.9967129439945113
811,8.11,-0.009583041223858054,2.001168833339302
812,8.120000000000001,0.0013373659666679684,2.0027107456742597
813,8.13,0.021914938310249682,2.0044962638932207
814,8.14,-0.0006827479678687097,2.002097705892017
815,8.15,-0.0083180454488773,2.009068775306392
816,8.16,-0.005375846158858693,1.9916474138185525
817,8.17,-0.0049344507811791265,2.001148344425481
818,8.18,0.0029913550278831734,2.00272580517241
819,8.19,-0.014708599355961492,2.0075787796362854
820,8.2,-0.0008364525996605295,1.9927486544695978
821,8.21,-0.00024795359896381645,1.990552624747428
822,8.22,-0.007178279062367014,2.003555190232633
823,8.23,-0.010550135008214187,2.005494553804339
824,8.24,0.0050396461047229205,1.9972666715170222
825,8.25,-0.015883939500192314,1.999057273991063
826,8.26,0.008065178552588209,2.0029889431977823
827,8.27,-0.011408318631355604,2.002608501876266
828,8.28,-0.010386409073150464,2.010581897671682
829,8.290000000000001,0.004134696294940433,2.0033863420422002
830,8.3,0.011417657569573948,1.9975725932514439
831,8.31,-0.005435636462565064,2.001558466431137
832,8.32,-0.0019072905312249313,2.0043201129062194
833,8.33,-0.006805576918421858,2.001780493903815
834,8.34,-0.004383237132576798,1.9912528039267217
835,8.35,-0.011897936903160803,1.9996237006823796
836,8.36,0.017642467260346847,1.9992325033240326
837,8.370000000000001,-0.02205408902480982,1.9981689280609476
838,8.38,-0.001772555521419371,2.001625759163222
839,8.39,-0.016771191548582837,1.9974098613905529
840,8.4,-0.004675811478364854,2.003243935420284
841,8.41,0.009697946448880737,1.9947599509507243
842,8.42,0.00596568619662273,1.9995863533098004
843,8.43,-0.005648478568498957,2.0097232399419487
844,8.44,0.00015399011882551576,1.9935712253758506
845,8.45,0.005866102647955273,1.9960476825408355
846,8.46,0.005313202474696472,1.9955547456806684
847,8.47,0.0021127500278867685,1.9980526253670348
848,8.48,0.0034531510240019873,1.9968527978956916
849,8.49,-0.0006052815305889448,1.9957371496931644
850,8.5,-0.0009359522709450914,2.0086480874216512
851,8.51,-0.003672815182014967,1.993314005260276
852,8.52,0.005350160858871634,1.9920200228842404
853,8.53,0.002888892509709001,2.0063646054207713
854,8.540000000000001,0.0066577828815193845,2.0003391512134385
855,8.55,-0.008287148385282831,1.9926595589841765
856,8.56,0.007842810015012329,1.989746070840193
857,8.57,-0.009934611944787695,1.9945428893477886
858,8.58,0.010199268073985824,1.9906074099812239
859,8.59,0.004830995883888958,1.9925813968610913
860,8.6,0.011499330570823068,1.9938267608807592
861,8.61,0.017911799221864387,1.9971843595340986
862,8.620000000000001,0.010346718713912935,1.9873908577467605
863,8.63,0.010186035042997256,1.9933354264055116
864,8.64,-0.002263304638395626,2.0057453093111217
865,8.65,0.015333440204567169,2.0039250515325224
866,8.66,0.004250989398269626,2.0113998209514805
867,8.67,0.01624909537001194,1.994013640304641
868,8.68,-0.012343921543260613,1.9941752909107204
869,8.69,0.007495358164007323,1.9940893834030464
870,8.700000000000001,0.007813992102566152,2.0061504497457703
871,8.71,0.004794254301953576,1.9945900815107531
872,8.72,-0.0001894997148820441,1.9995998996572366
873,8.73,0.0005547011225858526,1.991823553753555
874,8.74,0.010015825930029058,1.992912651524238
875,8.75,-0.009320900143799968,2.0055957064335765
876,8.76,0.008902253447026736,2.0069652756246925
877,8.77,0.013450335007430056,2.0163721554461556
878,8.78,-0.00014441491423089812,2.009317574529871
879,8.790000000000001,0.000768691392488268,1.994845204313284
880,8.8,0.0016633531859845123,1.9971329447952777
881,8.81,0.008694825537650719,1.9963703821974532
882,8.82,-0.009126954699266976,1.9931625333001433
883,8.83,-0.010142945119153934,1.9872184785179277
884,8.84,-0.003708361446894699,2.0108952224053707
885,8.85,0.005592955668854708,1.9926043977790915
886,8.86,0.010889920011303404,1.9994599494361827
887,8.870000000000001,0.014013922944628474,2.0052394136139955
888,8.88,0.003388688168437255,1.9892577892043715
889,8.89,0.018954039078525015,2.0029593348024477
890,8.9,-0.00042399364747182263,1.9919652285230625
891,8.91,0.00935146809751416,1.9995021042969314
892,8.92,0.00456784163131277,2.0006278037832796
893,8.93,0.012677427667007041,2.004050215995331
894,8.94,0.007225900232011231,2.0066903969400594
895,8.950000000000001,-0.004732197223185596,2.0008394101362397
896,8.96,-0.002336649822714112,1.9942339401288156
897,8.97,0.0004331430888385871,1.9975332051220294
898,8.98,0.010244298152530812,1.9894789788411131
899,8.99,0.004122227184352175,1.9949162549082027
900,9.0,-0.017337290999100623,1.9976924420880462
901,9.01,0.01597321267283669,1.9949044394098638
902,9.02,0.018672677178203166,1.9986386406134071
903,9.03,0.012212712888894823,2.009028534138278
904,9.040000000000001,0.003035761166926937,2.0009662668364934
905,9.05,0.0014910276086967684,1.990542844199919
906,9.06,-0.0060987758279405615,2.0102954485392166
907,9.07,0.0012346999009409131,1.998952637631054
908,9.08,-0.0018470195064162662,1.998933291290128
909,9.09,0.010249277303051632,1.9969716842488499
910,9.1,0.0011772660841923661,1.999138030910413
911,9.11,0.018705538306022732,1.9999074385975557
912,9.120000000000001,0.0007031155347602293,1.9929212316196865
913,9.13,-0.0008276875010351746,1.9952624477666776
914,9.14,0.0039871175138378595,1.997461987242554
915,9.15,-0.0019276532329211714,1.9976759584691084
916,9.16,0.014060542392606014,2.0028315421964744
917,9.17,-0.0012797773817461587,1.9994049408849015
918,9.18,0.00673910686315185,1.9961664719161698
919,9.19,0.004229183000216021,1.9987270200841871
920,9.200000000000001,-0.0012625640464600952,2.0004960223685133
921,9.21,0.003814242445953545,2.0028525156119716
922,9.22,-0.004970926889531226,2.0064276054644825
923,9.23,-0.009415485772046376,2.0076767550176022
924,9.24,-0.0008526458517706366,1.9957510924826412
925,9.25,-0.004700517784015714,1.9973581508398082
926,9.26,-0.014021517031265703,2.002001039439619
927,9.27,-0.0014711994535855227,1.994409342319505
928,9.28,-0.005090413486643293,1.9878153880045955
929,9.290000000000001,-0.007465200218005842,2.0030215609076762
930,9.3,-0.009858928284908832,1.992326514670147
931,9.31,-0.000477084185939363,1.9965923682900195
932,9.32,-0.004558374793062302,1.990484965278134
933,9.33,-0.010048973528835228,1.9990048034942618
934,9.34,0.0048969999996505325,1.9974159824786737
935,9.35,-0.017512779688700717,1.9965574975576759
936,9.36,-1.6919536997361093e-05,1.9942686103292162
937,9.370000000000001,-0.0005980282353478433,1.9983600282346443
938,9.38,0.0018662472672347243,1.9968917558501975
939,9.39,-0.0002508454550056837,2.006047034536466
940,9.4,-0.005302629853973473,2.003195966314989
941,9.41,-0.0007877036667156272,1.9874229484458181
942,9.42,-0.002942088992789879,2.0057883791892723
943,9.43,0.011582066526328908,2.000080812884003
944,9.44,0.007935188377315123,1.9944207435912218
945,9.450000000000001,0.0023453349615760017,2.0024921879727726
946,9.46,0.0015018349486945971,2.0097969257291095
947,9.47,0.010286057018030696,2.0095560122126797
948,9.48,0.007948812047171768,2.0040853648880215
949,9.49,-0.00013975404293004517,1.9939505974483926
950,9.5,0.0007081326838785176,1.9920852830536273
951,9.51,0.007115640160712497,2.013411822346436
952,9.52,-0.006758511022662531,2.0099550148761276
953,9.53,-0.005339035304191642,1.9969938679225467
954,9.540000000000001,0.020101523686708474,2.009325884784414
955,9.55,-0.01427565282790032,2.0021577854956303
956,9.56,-0.0012848756551245885,2.0028323252113713
957,9.57,0.016594821075596112,2.00121950625479
958,9.58,-0.0022906269991371762,2.0028540796894307
959,9.59,-0.002781202912716826,2.0028186644568606
960,9.6,-0.005893658501294779,2.0058738285407705
961,9.61,-0.001657432153953815,2.0017673138189136
962,9.620000000000001,0.01306699843857139,1.994147880352596
963,9.63,0.013607572797467044,1.9950931697022354
964,9.64,-0.003886173081159858,2.005136384386751
965,9.65,-0.0024967484009842753,1.9927246551944422
966,9.66,-0.0036437211792129673,2.000127598021174
967,9.67,0.015229063681205999,1.9976609568222239
968,9.68,-0.0040098405677451016,2.0052267920168836
969,9.69,-0.0085281725314646,2.000964138730473
970,9.700000000000001,-0.008175915079576365,1.994728554773872
971,9.71,-0.004042991215003448,2.0150486885894394
972,9.72,-0.0025226141780944882,1.9927954397766712
973,9.73,-0.0012519757839924179,1.999207302008633
974,9.74,0.0004604279981442419,2.010920640157312
975,9.75,-0.007210900401149558,1.9951098131645464
976,9.76,0.0020022002148940322,1.9952822920469309
977,9.77,0.005183106387698784,1.9984648711378954
978,9.78,9.414944760574496e-06,1.996835653645384
979,9.790000000000001,-0.005279334975814529,2.0115185406262124
980,9.8,-0.01436930149345579,2.0044345812313438
981,9.81,0.008042797559223871,2.0075506828371843
982,9.82,-0.002519401635434177,1.994122679038717
983,9.83,0.014595864391973091,2.01153929288015
984,9.84,-0.0015818638748445984,1.994117532969889
985,9.85,-0.00904548537611852,2.0138563752402314
986,9.86,0.015000410875647716,2.00215378137722
987,9.870000000000001,-0.01639869211816759,1.9975967706692406
988,9.88,0.0033320642309009343,2.003754437568168
989,9.89,0.007931343389128695,1.9997847640236042
990,9.9,-0.010724817190868716,1.9989589601850928
991,9.91,0.0009261799316810894,2.009598472264305
992,9.92,0.0016432201376312162,1.9940906765353235
993,9.93,0.011510631288251347,2.003413094993971
994,9.94,0.007256874108939195,2.001726719421698
995,9.950000000000001,0.010323962313475831,1.9957168821716986
996,9.96,0.011505559161550499,2.001661238474511
997,9.97,0.0014974255857727172,1.9992183305758937
998,9.98,0.0035500917220085697,1.9920050579073376
999,9.99,0.0012278256502494082,1.9990926408584093
1000,10.0,0.008154747848829079,2.0032465963493036
1001,10.01,-0.010509562409195254,2.0088277688029406
1002,10.02,-0.02510460224246658,1.9806318198549229
1003,10.03,-0.00037741759682561774,2.006988645495362
1004,10.040000000000001,0.006050464280606854,2.0026898238708086
1005,10.05,0.000931388658802813,2.0116200978870262
1006,10.06,0.004771343985536015,1.986145553249341
1007,10.07,-0.007602789526796684,2.007383320709697
1008,10.08,0.007447831525809418,2.0176868875210623
1009,10.09,0.008433648500833734,1.9905758223393222
1010,10.1,-0.0002558434244799023,1.997309042871491
1011,10.11,-0.00014669873184807995,1.988778421107391
1012,10.120000000000001,4.365430623037628e-05,2.0035715713754003
1013,10.13,0.00920152778849658,2.008055247013016
1014,10.14,-0.00011688580767114289,2.012031548475542
1015,10.15,0.011086469440675761,2.0014357655195756
1016,10.16,-0.017282379862982325,1.9951511369239698
1017,10.17,0.014142434217109055,1.996484534409189
1018,10.18,-0.002926880667101176,1.9939799944242684
1019,10.19,-0.005634524855770828,2.0020763913863866
1020,10.200000000000001,-0.004014847891967901,2.011008593153344
1021,10.21,0.010462923906148497,2.004273077694888
1022,10.22,-0.0018830923143343516,2.003381862334522
1023,10.23,-0.0026170893950456216,2.002351094976287
1024,10.24,-0.0038687958125808845,1.9939817747825186
1025,10.25,-0.00555936100822287,2.0102710267155977
1026,10.26,-0.004033328834370424,2.0013913668744223
1027,10.27,-0.00574501250197136,2.000328691420717
1028,10.28,-0.013451120325053948,1.9976798791368882
1029,10.290000000000001,-0.0068094949974681135,2.0018862988585777
1030,10.3,0.009113990892431622,2.0040530975445194
1031,10.31,-0.004257242442542093,2.0084410088158293
1032,10.32,0.0035976624990652285,2.0019514788320936
1033,10.33,-0.014351266311252373,2.0058468541582775
1034,10.34,0.007033818574625303,1.9997639042698818
1035,10.35,0.01166379455100982,2.0050338391301867
1036,10.36,0.01254598364691825,2.0042573258779606
1037,10.370000000000001,0.01081620191691285,1.990982939588624
1038,10.38,-0.0016690705198604975,1.9979470153083212
1039,10.39,-0.002357971922349244,1.9843364709140603
1040,10.4,-0.007724425008309004,2.003612075367698
1041,10.41,-0.0019557113065188252,2.0005571501071464
1042,10.42,-0.0030988113507343625,2.0025666395210653
1043,10.43,-0.006927643153851205,1.996765437105484
1044,10.44,0.007560129889503373,1.9876453032671038
1045,10.450000000000001,0.00792296898961237,1.9850240769533871
1046,10.46,0.022780346918548956,2.0103926584426635
1047,10.47,0.0024080741660435037,1.9944207960633713
1048,10.48,0.013396110348672692,2.0018306987960997
1049,10.49,0.0006522940616318366,2.0005995647770813
1050,10.5,-0.0018483985379481908,1.990890038555926
1051,10.51,-0.0011560690565973236,1.997788777440682
1052,10.52,0.0035030695585701425,1.995100699181213
1053,10.53,0.007722467545280917,1.9972463109122718
1054,10.540000000000001,0.007770587792366342,1.9967176351066132
1055,10.55,0.009422858823325782,1.9980846518039546
1056,10.56,0.00219987684275327,1.9965712744230166
1057,10.57,-0.02372991971433145,2.005463700726789
1058,10.58,0.004555557077354884,1.9960542782912105
1059,10.59,0.0071194546029883805,1.9993244074014596
1060,10.6,-0.007620135009131339,1.9895987715990213
1061,10.61,0.003918666163778815,2.0010993907020462
1062,10.620000000000001,0.002011350733978705,1.9992982339086225
1063,10.63,-0.0009210991177542268,2.011706105344195
1064,10.64,-0.0028462675546772806,1.9980270100999105
1065,10.65,0.016097305021134066,1.993632028856772
1066,10.66,-0.01452681981377825,2.0051746529050742
1067,10.67,0.013374923640622031,1.9974832715683124
1068,10.68,-0.003951558351166468,1.9953253993406035
1069,10.69,-0.0014999675665356882,2.0017465460741817
1070,10.700000000000001,-0.0007693176606864959,1.997948932513436
1071,10.71,-0.001580138831229298,2.0101594823147293
1072,10.72,0.01199319161834766,2.0083387808237374
1073,10.73,0.008924882361626458,2.002192987340322
1074,10.74,0.009648937048068804,2.0019339809670513
1075,10.75,-0.00632531949617674,2.0021720333974127
1076,10.76,0.00535963285694592,1.9981009916212127
1077,10.77,0.011044230758506161,2.004217449157264
1078,10.78,-0.013393226713682448,1.996358467461904
1079,10.790000000000001,-0.005580328948520498,1.9896594262568579
1080,10.8,-0.010693611242459803,2.002622960175251
1081,10.81,0.010544368904937094,1.993800095086493
1082,10.82,0.007841092637790346,2.0028930111624144
1083,10.83,-0.00038686441509424413,1.9952160217131913
1084,10.84,0.002071463162619921,2.002422883637631
1085,10.85,0.008900415483158182,1.9999108552651317
1086,10.86,-0.00476346321031266,2.006946830374158
1087,10.870000000000001,-0.008284606086262001,1.997982510726258
1088,10.88,-0.0049495731086316155,1.9901510827119737
1089,10.89,0.007686827368202301,1.9861943558784074
1090,10.9,0.00481419496130972,1.9854334375655416
1091,10.91,0.006747501909513135,1.9956878215918086
1092,10.92,-0.0013163857748510845,2.0117077955714695
1093,10.93,-0.003644643288093428,1.989885783348382
1094,10.94,-0.0065093303436553,1.9978271816771815
1095,10.950000000000001,0.005739035802769731,1.9888586669248212
1096,10.96,0.009546989611083018,1.9969321145244796
1097,10.97,0.0019609824112809737,2.0034421717101143
1098,10.98,-0.00968262554011261,2.002196845308594
1099,10.99,0.012641944607835508,2.010102734708605
1100,11.0,0.004755653605508185,1.9953605747968912
1101,11.01,-0.003518033578920018,2.012617069471529
1102,11.02,-0.00924465353715042,1.9999776699368859
1103,11.03,-0.001961460947350226,2.0074890946866444
1104,11.040000000000001,0.0006461743214955409,1.9951276665421331
1105,11.05,0.005817888483053016,2.007644317093071
1106,11.06,0.003860288226766675,1.996864882106268
1107,11.07,0.0031855259552927705,2.010594809440561
1108,11.08,-0.001143355357249595,1.9985743464150447
1109,11.09,-0.0030048444212594995,1.9915831437816618
1110,11.1,0.004706810751916059,1.9978612265889526
1111,11.11,-0.021267777574001775,2.0052696884237684
1112,11.120000000000001,-0.007708799498865385,1.992320877455242
1113,11.13,-0.017643387756248387,2.0069681277930758
1114,11.14,0.0028336236537275785,1.9936142657871523
1115,11.15,0.01129424612734373,1.9993027513618176
1116,11.16,-0.004509789868322304,1.9997166246242353
1117,11.17,0.00045649057085962453,1.9930770394100445
1118,11.18,-0.002706590148859013,1.9966420926102424
1119,11.19,4.494998398310388e-05,1.9909039681609222
1120,11.200000000000001,0.012323050747802612,2.0029284766529973
1121,11.21,-0.0004981897463227111,2.0052459367183793
1122,11.22,0.006801644574323027,1.9933911719363615
1123,11.23,0.004922739581252163,2.001470268961089
1124,11.24,0.013756008319744962,1.995215118681413
1125,11.25,-0.001846230363957636,2.003665470212396
1126,11.26,2.0285834224168257e-05,2.006142174678252
1127,11.27,0.01820966731756843,2.0025232000551254
1128,11.28,0.013982946898737818,1.9975387656818255
1129,11.290000000000001,-0.0007277165428641007,2.00744498397268
1130,11.3,-0.0037050108961586958,1.9935742157542966
1131,11.31,-0.0028094997583900617,2.0019521118463732
1132,11.32,-0.002614879918253545,2.001961156209619
1133,11.33,-0.004401639166269577,2.0000489506504846
1134,11.34,-0.002075650745363791,2.0010451251723755
1135,11.35,-0.014660737930575825,1.997820374547682
1136,11.36,0.000788503637327657,1.9989020433986973
1137,11.370000000000001,-0.0025759011722245413,1.9973584057984146
1138,11.38,0.007722933356721002,2.009894201039273
1139,11.39,-0.006951648284279428,1.9910042080765125
1140,11.4,-0.023543117194869293,2.0012605437384745
1141,11.41,-0.017309255027806753,1.986318868567202
1142,11.42,-0.003719140836648586,2.001995598752392
1143,11.43,0.005772594418783014,1.992438205574425
1144,11.44,0.007304579437425236,1.98876344375256
1145,11.450000000000001,0.005991995616194281,1.9877735440764976
1146,11.46,-0.001614126424633827,1.996610358757851
1147,11.47,0.010566046474686237,1.9995223297812756
1148,11.48,-0.016901632876131813,1.993458360062523
1149,11.49,-0.004654257922191903,1.9976055771074426
1150,11.5,-0.0070653668889745355,2.004573241000505
1151,11.51,0.01020253269561684,1.995582410853279
1152,11.52,0.0020735529594739246,2.009558634886444
1153,11.53,0.010435653091300803,1.9926996262313632
1154,11.540000000000001,-0.0041041491525533715,2.001461035979238
1155,11.55,-0.007457259753943027,2.007964915849527
1156,11.56,0.004177959045527422,1.993310548482789
1157,11.57,-0.00947437624808157,2.0034668646105076
1158,11.58,-0.0007624670036472643,2.0032132910187386
1159,11.59,-0.0021285206516631437,2.0031977990390994
1160,11.6,-0.0009231612637833489,1.99540004463437
1161,11.61,-0.008004507548930851,1.9880302656452127
1162,11.620000000000001,-0.0032317521074826565,1.9931665416356203
1163,11.63,0.013280169405288733,1.9923372332373317
1164,11.64,-0.0029356146711615586,1.9977295748141015
1165,11.65,-0.0024854444555699935,2.00059719660489
1166,11.66,0.01267251130813826,1.9934413099163315
1167,11.67,-0.007596009805205231,2.011235711031341
1168,11.68,-0.00032161816785834763,1.994318174372007
1169,11.69,-0.004449561905360775,1.9843524226632376
1170,11.700000000000001,0.001358355292200246,1.9808853498464396
1171,11.71,-0.0021590549921468665,2.00493278158186
1172,11.72,0.00012071815349687604,2.0028209063606677
1173,11.73,0.0037822181933769065,2.000849730330692
1174,11.74,-0.008391274491379901,2.005471831176016
1175,11.75,-0.005036159194207447,2.0019899787501494
1176,11.76,-0.007269064017318352,2.007198122708053
1177,11.77,-0.015752802221501553,1.994095871433253
1178,11.78,-0.0006476842075357651,2.002370594185542
1179,11.790000000000001,0.00477997763218439,1.9983902390089612
1180,11.8,0.018131276052610418,1.996772470054063
1181,11.81,-0.007412941246397332,2.014521523412037
1182,11.82,-0.0009865805430502846,2.0068455577995046
1183,11.83,-0.001833158475527001,2.0045970700940456
1184,11.84,-0.000791843705270729,2.000582214267707
1185,11.85,-0.004334131188234092,1.9953819913422732
1186,11.86,-0.0015847763594120205,1.992739879210684
1187,11.870000000000001,0.0050024128265682396,2.0023283294385505
1188,11.88,-0.010269485239086548,2.0150523276230308
1189,11.89,-0.00704361838909536,2.000854021779931
1190,11.9,0.0041550530084964446,2.003255719344434
1191,11.91,0.008509459301421204,2.002886607177874
1192,11.92,0.0030290021642977857,2.001587753116811
1193,11.93,-0.005427128889756331,2.0076705824352588
1194,11.94,0.002833941488223595,2.013983745119801
1195,11.950000000000001,0.001037496475633642,2.002645075394785
1196,11.96,-0.005202829552166726,1.9977381327319634
1197,11.97,-0.014207108018004904,1.998713266877632
1198,11.98,0.00651794809372167,2.00732414944267
1199,11.99,0.01133705084812791,1.9989230788891423
1200,12.0,-0.01641397221112418,1.996639510845401
1201,12.01,-0.0036323305399083823,1.998716323115978
1202,12.02,0.007757828938861587,1.9932493903367388
1203,12.030000000000001,0.010360251777470615,1.9991984899848547
1204,12.040000000000001,-0.0037179121822969027,1.9954635658409865
1205,12.05,0.008079661194377532,1.9953560664764922
1206,12.06,-0.0026101881691759123,2.0040811163067374
1207,12.07,0.010426900817622695,2.0048448736455993
1208,12.08,0.019962007434934793,1.9958093695584687
1209,12.09,-0.01749133970979183,2.0111768585516936
1210,12.1,0.009357700519082749,1.9977602203927272
1211,12.11,-0.0008985918874540059,2.000012614072614
1212,12.120000000000001,0.010151917064241378,1.9959088489072874
1213,12.13,0.005432368467547997,1.9897365890158287
1214,12.14,0.008468969510614016,1.9994537463144912
1215,12.15,0.0010907083203327732,1.9950702313106718
1216,12.16,0.010189411899138962,2.0088147350395853
1217,12.17,0.0022277789615405053,2.010156545674134
1218,12.18,0.01774547165223954,2.0023647383407432
1219,12.19,-0.0020122535803149366,1.996320606322813
1220,12.200000000000001,-0.0304194425970109,2.0118489220600155
1221,12.21,0.016352687800498245,1.998875930987696
1222,12.22,0.010467581793377582,1.9949386325786518
1223,12.23,0.006102571020989675,2.002868377019667
1224,12.24,-0.03317764268553384,1.9913056934988642
1225,12.25,-0.002188226958901703,1.998939734672085
1226,12.26,0.007324119844249694,2.002561757629328
1227,12.27,-0.010611931446714637,2.007524647594803
1228,12.280000000000001,0.00868427966150968,1.9911526357389426
1229,12.290000000000001,-0.01706153854633275,2.0129611209003326
1230,12.3,-0.004970786870868097,2.000812367378927
1231,12.31,-0.006129912750864719,1.9912424461283342
1232,12.32,5.3539639932271145e-05,2.0074422209266056
1233,12.33,0.004736955756312932,2.0001133065325143
1234,12.34,-0.014049449155455957,2.008523129631924
1235,12.35,0.009383406231163738,1.9986055700607794
1236,12.36,0.007034708141131306,2.0003611830326387
1237,12.370000000000001,-0.0028546173414209213,1.991757825584081
1238,12.38,-0.019647571172665,2.002798985526134
1239,12.39,-0.0016043750251450773,2.0042820560056085
1240,12.4,0.0024055173731492843,1.9913574166746906
1241,12.41,3.940838485047737e-05,1.9975234578325025
1242,12.42,-0.0002446357128725141,2.00719894301391
1243,12.43,0.001561168863426238,1.998139693691967
1244,12.44,0.0028855722440949273,1.9972736366292922
1245,12.450000000000001,0.004063446840491886,2.0011983981789165
1246,12.46,-0.008570473028932381,1.995536238422183
1247,12.47,-0.0015065719904676475,2.002965963064175
1248,12.48,0.005293381512527199,1.9919129425653475
1249,12.49,0.0001697914708716214,1.9949254396738256
1250,12.5,-0.006077042471523454,1.9961686717124951
1251,12.51,-0.0026538845534861233,1.9906809109489068
1252,12.52,0.005841420656846582,2.0050911793572017
1253,12.530000000000001,-0.011116517803023368,1.9898617121426532
1254,12.540000000000001,-0.0035215430194979595,1.9991435686596715
1255,12.55,-0.0026902843739227697,2.008249934642757
1256,12.56,0.013482474823691717,1.9972799991460854
1257,12.57,-0.014605158111092977,1.9991924858516292
1258,12.58,-0.0068100368278790615,1.9954434800011944
1259,12.59,0.010315701859119035,2.005746666247124
1260,12.6,-0.00032660236102495543,2.0050968098227835
1261,12.61,-0.009858554598732848,2.0039424359475597
1262,12.620000000000001,-8.336732508827567e-05,2.0045755025224654
1263,12.63,0.006881506284812443,1.999100558721263
1264,12.64,0.0035315109475326212,2.000325552158137
1265,12.65,0.0034320553262560077,2.004556050898124
1266,12.66,0.00010691778387096207,1.9997368895798682
1267,12.67,0.0018072999550242243,2.0111371801572875
1268,12.68,-0.0057697359254349585,1.997494090692673
1269,12.69,0.00562871450842829,1.9983199527197062
1270,12.700000000000001,-0.007128526451803166,1.9996551031876195
1271,12.71,-0.013450476951735171,1.9942695705107456
1272,12.72,0.0021386948007563133,2.0102209173196264
1273,12.73,-0.00620013669733658,2.000881261527983
1274,12.74,0.008850767606210869,2.0171799043983785
1275,12.75,-0.016997017891448994,1.9959739169743844
1276,12.76,-0.0041004853057644355,2.0117810947507135
1277,12.77,0.005228647220796137,1.9989273642160656
1278,12.780000000000001,-0.002197184449312611,2.002122668556447
1279,12.790000000000001,-0.0033820305202151954,1.9929877153736812
1280,12.8,0.005028774001891405,2.0048174441080655
1281,12.81,0.0013345704838725672,2.003953836345811
1282,12.82,-0.010682346669071073,1.9919522074883318
1283,12.83,0.00339893171762863,1.9965263436302296
1284,12.84,-0.0077375092408430764,1.9970760492980864
1285,12.85,0.004125136745473277,1.993407453083312
1286,12.86,0.003219882456156477,1.9929227830322427
1287,12.870000000000001,-0.01117486503361083,1.9937219624283975
1288,12.88,0.012931247357837985,2.0003411856881192
1289,12.89,0.005556197725145849,1.9918757242527978
1290,12.9,-0.006500117650782495,2.017901949970512
1291,12.91,0.00724167879991601,2.0008895337112773
1292,12.92,-0.006803893828628968,1.9958656961682384
1293,12.93,-0.0003908621167465522,1.9984774138444317
1294,12.94,-0.012538248166433057,2.0011186175525206
1295,12.950000000000001,-0.011223359056396178,1.9978328546896238
1296,12.96,-0.006093419043907599,1.9957349527943975
1297,12.97,-0.008211661925170644,2.0028676217514403
1298,12.98,0.00685820094335244,1.9941892328028392
1299,12.99,-0.0038604586869693705,1.9968742888636457
1300,13.0,-0.005546644098838647,1.9936728859363102
1301,13.01,0.0023172864099825744,1.9846290226256693
1302,13.02,-0.0019003697074377408,1.9950946661529956
1303,13.030000000000001,-0.006610670211180469,1.9959619801166377
1304,13.040000000000001,0.01019148008928638,2.0144317501547873
1305,13.05,-0.002730088891231623,1.9989311250666262
1306,13.06,0.01336702987062815,1.9930690390167891
1307,13.07,0.0009683501986771544,2.000075791162904
1308,13.08,0.014536445412302075,1.9999137002060334
1309,13.09,-0.0017354808819151225,1.9989165334132195
1310,13.1,-0.009746258089414726,1.9986848962688453
1311,13.11,-0.002305586311342133,1.9999904736088232
1312,13.120000000000001,0.0035018064766059705,2.0019789862148984
1313,13.13,0.003129055779628555,1.9960328317128715
1314,13.14,-0.010121769211399621,2.001414947121303
1315,13.15,0.0009029792315678166,2.0033822726356183
1316,13.16,-0.006981451898936095,1.9968705985289474
1317,13.17,0.004524099895011553,1.993341300403852
1318,13.18,-0.007080555457806465,2.008126119605098
1319,13.19,0.008655112205817144,2.0167338791481804
1320,13.200000000000001,-0.003285918109433205,1.9850229264141108
1321,13.21,0.008440098310826845,2.0118856558789404
1322,13.22,-0.0002613194375579031,1.9894986923483606
1323,13.23,-0.010453753356101183,2.0077194015437967
1324,13.24,-0.026579781228853402,1.997454639875863
1325,13.25,0.009853833661252755,1.9832184679442881
1326,13.26,-0.0007914848216170618,1.999611334705466
1327,13.27,-0.010019200707906004,2.001082052119171
1328,13.280000000000001,-0.0022939461068546803,1.9951412922855651
1329,13.290000000000001,-0.011609235214607898,2.0050965880875355
1330,13.3,0.003656248639567697,1.998679619285706
1331,13.31,-0.014972585462797868,1.9944547227442015
1332,13.32,-0.006303706792868701,1.9969899153987933
1333,13.33,-0.02361304765620448,2.003113046849407
1334,13.34,-0.00676884594639113,1.9981079270466788
1335,13.35,0.012067310951150618,1.9889739335722718
1336,13.36,0.0020917236588295887,1.9915300893846417
1337,13.370000000000001,-0.0008619195188903576,1.9918803116891106
1338,13.38,-0.019527381370226346,1.9961825327219607
1339,13.39,0.005993569170194888,1.9916824182064223
1340,13.4,-0.009361195795300531,2.0071950116546655
1341,13.41,-0.0025800832834939023,2.0107757518932736
1342,13.42,-0.0037106758228278845,2.006689850446783
1343,13.43,0.017640331464525497,1.9950720282146073
1344,13.44,-0.012272296261777891,2.001436021356783
1345,13.450000000000001,-0.015021178582243213,2.001970375781723
1346,13.46,0.0040051301093684336,1.9939974432650205
1347,13.47,0.0007448685288302656,2.0118003940598346
1348,13.48,0.005550513291719935,2.001606128122497
1349,13.49,-0.00577692614951126,2.0025439617224743
1350,13.5,-0.009099343811889605,1.9933053156888068
1351,13.51,0.009073901896366122,2.0101712134620557
1352,13.52,0.0028789760695692224,1.9982899620552979
1353,13.530000000000001,-0.0026783391697021677,2.0000371433097532
1354,13.540000000000001,-0.019504251910481562,2.0115848566452703
1355,13.55,0.016399695158815532,1.9904711461713664
1356,13.56,0.012286478870229597,1.993768821718949
1357,13.57,0.012099682582318938,2.0072439577819488
1358,13.58,0.0038849640718092836,2.0068818437174136
1359,13.59,0.009823636739881193,1.9995676594825162
1360,13.6,0.008839835046259273,2.0047540730570512
1361,13.61,0.001599703014307022,2.005244374578134
1362,13.620000000000001,0.004312746280121342,2.001098142324356
1363,13.63,-0.004099363663179971,2.00338306641728
1364,13.64,-0.010688540811176771,1.999667778491297
1365,13.65,-0.004321695997388978,2.00130746664812
1366,13.66,-0.016789720209891387,1.996207636533223
1367,13.67,0.014237455930435723,2.001474422150339
1368,13.68,0.0034181773090736587,1.9992395108452634
1369,13.69,-0.022262000138824508,1.9881924483095221
1370,13.700000000000001,-0.020877178901609443,2.0001747550221256
1371,13.71,0.007349217851634873,1.9915214360923115
1372,13.72,-0.005820869804328607,2.0112254754372083
1373,13.73,0.014427640987767767,2.004084775525155
1374,13.74,-0.005806826508031943,1.9914930954954904
1375,13.75,0.001603226239687845,2.0052687251491763
1376,13.76,-0.0011034045587555077,2.001715009281786
1377,13.77,0.00031312280395868146,2.017077443079634
1378,13.780000000000001,-0.009588573246497898,2.0013365654829385
1379,13.790000000000001,0.010304792996131672,2.0033921267826336
1380,13.8,0.0028661838276956,2.0037288612730633
1381,13.81,-0.004742978313813251,2.0068558787262694
1382,13.82,-0.0026182214113908996,2.00179834592576
1383,13.83,0.01884848140759317,1.9984792781116605
1384,13.84,-0.010542834495969917,1.9918064434433496
1385,13.85,0.0016301094854717637,2.008719874464699
1386,13.86,0.017211587600265622,2.004427014463509
1387,13.870000000000001,0.006027977233535822,1.9981725850447203
1388,13.88,0.013295052836321026,2.005885211514076
1389,13.89,0.008732744381322243,1.9960067366629406
1390,13.9,-0.00019577644930764737,2.0000635287551987
1391,13.91,0.005567128882692609,2.001985393671033
1392,13.92,-0.008396904926072079,2.003925448834054
1393,13.93,-0.02135610661828325,1.9952916135697527
1394,13.94,0.004444022781595321,1.9985377971902656
1395,13.950000000000001,0.007916678154711608,2.0079591059819175
1396,13.96,0.013353305908086689,2.0085211804891783
1397,13.97,0.008404397084162048,2.0103596778449897
1398,13.98,-0.005555371822809319,2.0033334328198924
1399,13.99,-0.0031130960260291685,2.0066256258274797
1400,14.0,-0.007073198059188951,2.012973823940323
1401,14.01,0.009686949689384189,1.9869986977600356
1402,14.02,0.008656762967680831,2.0071276143842756
1403,14.030000000000001,0.00501044551951056,1.9951173816067815
1404,14.040000000000001,-0.01693078759917416,1.9985414429062451
1405,14.05,-0.0038717336705951276,2.0087795887491207
1406,14.06,-0.005565572191720282,2.0094387067188872
1407,14.07,0.00047645711062299775,1.996993052735149
1408,14.08,-0.013402742844479116,2.004297294000714
1409,14.09,-0.012213399788500992,1.9971896874306025
1410,14.1,0.009631959220368603,2.0059911714919063
1411,14.11,0.0077416428004254455,2.002181130727017
1412,14.120000000000001,0.010228172516642922,2.0049773713673233
1413,14.13,-0.007342658620309123,1.9904202321634068
1414,14.14,0.00685109597059945,1.9977087644514708
1415,14.15,0.002464102456354696,1.9972617383185116
1416,14.16,0.0074580699984533655,1.9951372463863741
1417,14.17,0.00242304486742981,2.007289904641598
1418,14.18,0.00908242158616561,2.001648958373531
1419,14.19,-0.008954690215659915,1.9954881662184765
1420,14.200000000000001,0.00933061568948512,2.0052387897847392
1421,14.21,-0.00783616477038106,1.992054190179318
1422,14.22,0.006929842516185579,2.0080755544704214
1423,14.23,0.0025145547163886845,2.0039095211889872
1424,14.24,-0.002173108289558926,1.9959057568886187
1425,14.25,-0.0011958022168053768,2.005945428012158
1426,14.26,0.0015389229877784609,1.995143689531358
1427,14.27,0.009339998553383551,1.9943031277136376
1428,14.280000000000001,0.014119410066160049,1.9992300738478064
1429,14.290000000000001,-0.002690643434659757,2.006588051072055
1430,14.3,-0.009886540871746483,2.0076948271529833
1431,14.31,0.008958738133447493,1.9974173986992934
1432,14.32,-0.013007475413616047,2.0047379968435584
1433,14.33,0.009471488211679988,1.9894933362026475
1434,14.34,0.006519987044568907,2.0060163307598287
1435,14.35,0.0062884880609713,1.9967317952353292
1436,14.36,-0.0012739125671341956,1.994548746577515
1437,14.370000000000001,-0.006131376961729363,1.9940275162369068
1438,14.38,0.009203009937514633,2.0073332587725337
1439,14.39,-0.0011134400939315087,2.00273094102191
1440,14.4,-0.007898540844267995,2.000910042553367
1441,14.41,-0.00187962978103656,2.015393095138461
1442,14.42,-0.005295033623777041,1.999201576047617
1443,14.43,0.01032258806179276,1.9949543710747082
1444,14.44,-0.007364901915494859,1.985607189316749
1445,14.450000000000001,0.021083893909796998,2.0005294090593115
1446,14.46,-0.00801652148064394,1.9989216495783442
1447,14.47,0.003126401312035959,1.9881861894156925
1448,14.48,0.0010378102959058928,2.0032844959123532
1449,14.49,-0.018976188893936638,2.0051259964943156
1450,14.5,-0.006133050660326275,2.0058062199424325
1451,14.51,-0.011286961042293422,2.001010954775395
1452,14.52,-0.010911276634686107,2.0043073070156376
1453,14.530000000000001,0.009921088134539877,1.9970063616666425
1454,14.540000000000001,-0.003255366794296702,1.9922129242552014
1455,14.55,-0.008498088194316925,1.990812118555412
1456,14.56,0.016603892107417247,2.0080466410020295
1457,14.57,0.008748391500733388,1.9954232601072253
1458,14.58,-0.00529601520908308,1.9957213879689644
1459,14.59,0.00601920667436776,1.9983889491388371
1460,14.6,-0.00644614351518888,1.9920762587834437
1461,14.61,0.015094444811483929,2.0015566113517154
1462,14.620000000000001,0.00012116482382529487,2.0026077786813072
1463,14.63,0.009448035466865559,2.006838816954178
1464,14.64,0.007957632662170679,1.9957860812162178
1465,14.65,0.01152948547080414,1.991177097003192
1466,14.66,0.012044618196178887,2.004836617899106
1467,14.67,0.00499238657730075,1.999051548231575
1468,14.68,-0.0053803942152251556,1.9960621954868905
1469,14.69,0.004864563592302692,1.9925920445389376
1470,14.700000000000001,-0.00030375682588145515,1.9919004658150703
1471,14.71,0.011446100953280141,1.9911194444855878
1472,14.72,-0.008079176084010238,1.9992903320058601
1473,14.73,-0.0008844553736522643,1.9980872471334592
1474,14.74,-0.014874448070174311,2.007882428505029
1475,14.75,-0.007002106947926612,2.0031354046118417
1476,14.76,0.001288286126531665,2.003614280868531
1477,14.77,-0.015865163698859173,2.0049608285765887
1478,14.780000000000001,0.003029586793701678,2.0052512142527896
1479,14.790000000000001,-0.0061637516347116325,2.0037517548422725
1480,14.8,0.002581225295007626,2.0062538266915677
1481,14.81,0.004000877764142821,2.008613186615543
1482,14.82,0.0090623434580402,2.0030336478014723
1483,14.83,0.006390209996861761,2.0043917695341134
1484,14.84,0.00462876079658316,1.9913750906464938
1485,14.85,0.002500161022441228,1.9976149896679296
1486,14.86,0.016019243690336357,1.9989329745149027
1487,14.870000000000001,0.01503363710140569,1.9985832963796701
1488,14.88,0.008423761307630378,1.9995498192059906
1489,14.89,0.004093906086276478,2.0077376441695174
1490,14.9,-0.009299687720954034,2.005869520471179
1491,14.91,-0.016893970013329006,1.9987832033318986
1492,14.92,-0.0009469987577710517,1.9946647393254349
1493,14.93,-0.007878053567810774,2.0078729842047096
1494,14.94,-0.010144250522242769,1.9996701421975087
1495,14.950000000000001,-0.0035912036952259144,1.9900573569961864
1496,14.96,0.006297672605609431,2.0039087611971125
1497,14.97,-0.007459893948242621,2.006531153678112
1498,14.98,0.014606464483189344,1.994068896823093
1499,14.99,-0.00029716663442998963,1.9946290432638671
1500,15.0,-0.016759771598820503,2.009861480276154
1501,15.01,-0.002168991129977446,1.9908751959469166
1502,15.02,-0.006180933773855528,1.9993696303626525
1503,15.030000000000001,-0.013805222446176355,1.9989124886107097
1504,15.040000000000001,-0.00944161713022445,1.9847844587683463
1505,15.05,0.001094525530188238,1.9903522604433068
1506,15.06,0.005601120659787432,1.990998817349656
1507,15.07,0.007759243954472926,1.9975894904511684
1508,15.08,-0.0067383143187825,1.9931457919447981
1509,15.09,-0.00763112102981031,1.994361205580175
1510,15.1,-0.008046150181039944,1.9970902016535597
1511,15.11,0.0017231618868808222,1.9922644741010904
1512,15.120000000000001,0.008354776557420162,2.0060798107444553
1513,15.13,3.797584412157828e-05,2.0066165338479065
1514,15.14,0.0030452817420548737,1.998832856316608
1515,15.15,0.01158672476187471,2.006514170236482
1516,15.16,-0.0057597508412096515,1.9901770154237783
1517,15.17,0.006783136836708382,2.0165953294585774
1518,15.18,0.014135146713563794,2.0062695106273027
1519,15.19,-0.02107584345388019,2.009512052299056
1520,15.200000000000001,0.0008135619212401163,1.994927525637915
1521,15.21,-0.007720675720454101,1.995943825626233
1522,15.22,0.0015942850227932646,2.0058398685139074
1523,15.23,-0.009038219115396396,2.0000699924128607
1524,15.24,0.001600064115533798,1.9888507966132833
1525,15.25,0.01278131277138953,2.0154499498426977
1526,15.26,0.015897220651279312,1.9976510812743122
1527,15.27,0.0010624843632488922,2.00022467005698
1528,15.280000000000001,0.005259125420399669,1.9897516901241692
1529,15.290000000000001,-0.0021749723624091997,1.992952008976558
1530,15.3,0.023573209152914706,2.0119520164980043
1531,15.31,0.0001939942705583224,1.9888709549859651
1532,15.32,0.0028729357254360585,1.997140488410552
1533,15.33,-0.01168660522800996,2.007873950276752
1534,15.34,-0.0007336522373091893,1.9956668281782406
1535,15.35,-0.002134081446385989,1.9962258268910626
1536,15.36,-0.005741332710962449,1.987627213915236
1537,15.370000000000001,-0.016017771144827813,2.004690913239887
1538,15.38,-0.001870007315556215,2.0062821075362574
1539,15.39,-0.008083765889950438,1.9944703734343567
1540,15.4,-0.01101624836436105,2.0001651628281687
1541,15.41,0.0026757640538537988,1.9979142354758284
1542,15.42,0.006981014921627398,2.0126115877468105
1543,15.43,-0.0030104247370864065,1.9988184815159762
1544,15.44,-0.0068663824636349445,1.998572589917969
1545,15.450000000000001,0.001949857332040968,1.9833512760377847
1546,15.46,0.0016181353873550694,1.9981373015458732
1547,15.47,-0.003962122662947561,1.994371272683349
1548,15.48,0.015662253206874033,2.007076660532436
1549,15.49,-0.018687833346589175,1.9947792773516677
1550,15.5,-0.004781308985176611,2.006511330048807
1551,15.51,0.00125473115947165,1.9984365781615685
1552,15.52,0.017553206504759784,1.9991564796635997
1553,15.530000000000001,0.007251168140065401,2.0023211287106264
1554,15.540000000000001,-0.0034856846513629087,2.0007697823528674
1555,15.55,0.0032621376384215023,1.9955903598856604
1556,15.56,-0.003219790684622898,1.9990570577923572
1557,15.57,0.0015045777955988381,1.997786690388923
1558,15.58,0.007822590696316169,2.0040005463807358
1559,15.59,-0.0012117806427917872,1.9897076661311057
1560,15.6,0.013756851794243624,1.9893032087305507
1561,15.610000000000001,0.014121782139086193,1.9988347858567839
1562,15.620000000000001,-0.007445105167855015,1.9920486492014127
1563,15.63,-0.0010493849722243587,1.9893155731537375
1564,15.64,-0.00358385927581581,1.9993268316376633
1565,15.65,-0.0001743351451818849,2.0001926231113156
1566,15.66,0.002451603807314657,1.9938660630657903
1567,15.67,-0.008031975378715786,2.001110874356833
1568,15.68,0.005254923288031059,1.9925885427789238
1569,15.69,-0.0040438716541228905,2.0019255367884097
1570,15.700000000000001,0.004744561511414459,1.9999173607618017
1571,15.71,0.00048169269275715127,1.997121940590515
1572,15.72,-0.00018801661711722315,2.0034523747510087
1573,15.73,-0.0023113437840318564,1.9986502150067076
1574,15.74,-0.009188305568089573,1.9972761562111054
1575,15.75,0.011633983021355437,2.0058068046555353
1576,15.76,-0.00757417913664025,1.999632230060394
1577,15.77,0.0025337443646692727,1.989776563824568
1578,15.780000000000001,-0.0003583843236956723,1.991838872700952
1579,15.790000000000001,0.003287013737024574,2.001792545541382
1580,15.8,0.002709376176155184,2.0040696949501737
1581,15.81,0.010944280286738883,2.0079173276541837
1582,15.82,0.007799764997510819,1.993431003284002
1583,15.83,-0.006137128891506626,2.001661464903849
1584,15.84,0.01723416397518336,2.0111885838113515
1585,15.85,-0.0017295752895163346,2.0049480647566775
1586,15.860000000000001,-0.01092030042194247,2.00688224095956
1587,15.870000000000001,0.0011239822551703915,1.9944794884970056
1588,15.88,-0.0007066520023837313,2.0171417732092616
1589,15.89,0.003870702546402939,1.9927840961437893
1590,15.9,0.0017573428932944933,1.9916647009126913
1591,15.91,0.005033904529565375,1.9963246205721314
1592,15.92,-0.0026865367235110547,1.9967329014594504
1593,15.93,-0.004270037363964366,2.0003980374388615
1594,15.94,-0.0010805855820829324,1.995961223160966
1595,15.950000000000001,-0.011825200734309016,1.999098195351329
1596,15.96,-0.0020749678708924953,2.013156521515848
1597,15.97,0.009947489238665053,2.0101101097651743
1598,15.98,-0.0056164204793121755,2.0068217250258478
1599,15.99,0.01926367750802445,1.9984603770009879
1600,16.0,0.0023048312998771798,1.993626685048759
1601,16.01,-6.607204180463137e-05,1.9975468500105482
1602,16.02,-0.0023890216732301603,2.005426256417951
1603,16.03,-0.003947873846766978,2.0014719340654272
1604,16.04,-0.005638490234196321,2.0022824920129865
1605,16.05,-0.0045242508780185264,1.9948299474434734
1606,16.06,0.0020192113009957825,1.9902358537712714
1607,16.07,0.0027116017285578986,1.9928416199633825
1608,16.080000000000002,-0.0026015188906764043,1.9935715106821796
1609,16.09,0.0008396372669893899,1.9995713735423106
1610,16.1,0.006166036257758637,1.9962267869998882
1611,16.11,0.005310771237954483,2.006239825177452
1612,16.12,-0.00816917346055552,1.9961305704886785
1613,16.13,0.005269928359466811,1.9926218261677775
1614,16.14,0.008153721277645156,2.0010554577861894
1615,16.15,0.006502990605254196,2.011101527569923
1616,16.16,-0.012971359881964434,2.0055739634897707
1617,16.17,0.00503113446523332,1.998287902739255
1618,16.18,0.004207819541643398,1.9934410874631476
1619,16.19,0.0023421168112584935,2.003145325128796
1620,16.2,0.007679736915312983,1.997842859704221
1621,16.21,0.0012550250990771247,2.0024758381482752
1622,16.22,0.0020839890109867454,1.9978657107444369
1623,16.23,-0.011759774204485443,1.992992235100625
1624,16.240000000000002,0.00200098402063654,2.0056498742678737
1625,16.25,-0.011518156097218697,2.0000025281086895
1626,16.26,-0.02707181826709043,1.9993533744773728
1627,16.27,0.00469523380706708,2.0040570777288833
1628,16.28,-0.0049755056338875656,1.989405545471819
1629,16.29,-0.010371210227890195,1.996753139402144
1630,16.3,0.016639875391542783,1.9967106033337365
1631,16.31,0.011524975942863442,1.9980131464851585
1632,16.32,-0.002277624003321137,1.9958259716408837
1633,16.330000000000002,-0.0015418231455293068,1.999715032890322
1634,16.34,0.015135110472500804,1.9921284046917895
1635,16.35,-0.006126876702444873,1.998321692577033
1636,16.36,0.00887961821303113,2.0024129167283866
1637,16.37,0.0028271774132881864,1.9943514443642505
1638,16.38,-0.014718148936428858,2.0085172752664526
1639,16.39,-0.004980867586833891,2.0056551328441463
1640,16.4,0.007556163723255627,1.9871228856571281
1641,16.41,0.005689693793258346,2.0027512930575337
1642,16.42,-0.00030579973812052476,1.9960067653675113
1643,16.43,0.007318108576810453,1.999828302440474
1644,16.44,0.00231324750698911,1.9977898742788895
1645,16.45,0.0011119304952775686,2.0139946174343435
1646,16.46,-0.0055203111945440735,1.992590409837023
1647,16.47,0.008814619050527203,1.9914123475523329
1648,16.48,0.002521678134463749,2.0043087681348997
1649,16.490000000000002,0.0006828252502329658,2.000354792258736
1650,16.5,-0.0005347043388601587,1.9906860792600798
1651,16.51,-0.0016481037042303424,2.00524688010153
1652,16.52,0.011605764903085534,2.0066776280066896
1653,16.53,-0.0012149250254035124,2.001512215376363
1654,16.54,-0.0031488855955681626,2.0015988384896897
1655,16.55,-0.0166371141701637,1.9854909962894334
1656,16.56,0.014095524832140167,1.989376317910838
1657,16.57,-0.008620554550715205,1.9958274200370043
1658,16.580000000000002,-0.011557658652106317,1.9872159668504585
1659,16.59,-0.014852828887782622,1.9984141035737872
1660,16.6,-0.002929901726618166,1.9972873901976733
1661,16.61,0.006067122942333414,2.003993359884901
1662,16.62,-0.0049275289339209645,1.9923326430217598
1663,16.63,-0.010333749321971413,1.995482918159009
1664,16.64,0.012911318903437987,1.9958860168756372
1665,16.65,-0.00507592693166835,2.001667453192436
1666,16.66,0.007736215078400769,1.996732126956987
1667,16.67,0.010130870694838581,2.00250870671369
1668,16.68,0.005550961975395452,2.0079745685213406
1669,16.69,0.005438904782237415,1.9985752293063705
1670,16.7,0.0008494099929097789,1.9991509494959772
1671,16.71,0.009728098484870754,1.9984320059348857
1672,16.72,0.011534029516625115,1.9971227829218179
1673,16.73,0.00448243580593467,2.003971719004783
1674,16.740000000000002,0.0028220718295367733,1.9997051655409173
1675,16.75,-0.009981524306462389,2.009725741397253
1676,16.76,-0.02612112886800276,1.9993774022419597
1677,16.77,-0.019558076627560324,1.9964749885785416
1678,16.78,-0.006636788562042995,1.9981055425673997
1679,16.79,-0.010374735854124876,1.9949689042810155
1680,16.8,0.0014854950368846658,2.0090928417908676
1681,16.81,-0.00016807583197107778,1.9928105269855518
1682,16.82,-0.009337389401107793,2.0029150887105103
1683,16.830000000000002,-0.00958070782935167,1.9923347406333198
1684,16.84,0.00738665993453747,1.9945023696255777
1685,16.85,0.006585995547307604,1.9976319569170573
1686,16.86,0.004416154261006834,2.001103878348937
1687,16.87,-0.007088226037341519,2.0025354092769265
1688,16.88,-0.00892631709516169,1.996739039189177
1689,16.89,0.0019892087622643624,2.0060558139166558
1690,16.9,0.011303450242691,2.009002149948691
1691,16.91,-0.0016550995468442445,2.0011739093500833
1692,16.92,-0.006969948815987773,1.9997205915338858
1693,16.93,0.006401880216054905,2.006340393760473
1694,16.94,0.0018940535763022996,2.0009134594127143
1695,16.95,-0.0028728244508000687,1.9898941825381398
1696,16.96,-0.007685187530311741,1.987808811504881
1697,16.97,-0.006745059938538279,2.002710571407786
1698,16.98,0.020963477293435916,1.9976884168366897
1699,16.990000000000002,-0.010163303690551738,1.9997490722932432
1700,17.0,0.0014801621644085188,2.0054096233121985
1701,17.01,0.01356464972323962,2.0021265410334865
1702,17.02,-0.021005869815855033,1.9990629102682254
1703,17.03,-0.0007026025567393415,1.9967051078523177
1704,17.04,-0.010744813713610774,2.002468144314484
1705,17.05,0.007611537759591471,2.0032117241683243
1706,17.06,0.006972533196613894,2.001878742832213
1707,17.07,-0.006418424692006761,2.000784014662064
1708,17.080000000000002,-0.004757217855258017,2.0022902664842204
1709,17.09,-0.005734548348401859,1.9957895436455257
1710,17.1,-0.008029622221111933,2.011305906949636
1711,17.11,-0.005141770711168075,1.994567966486542
1712,17.12,0.015171778424990559,1.9890353167505992
1713,17.13,-0.000538870013365811,2.0011061176551372
1714,17.14,0.010121817803636366,1.9904329728060877
1715,17.150000000000002,-0.00953542227778927,1.9984309334107022
1716,17.16,0.0010433218032070144,2.0025438911629525
1717,17.17,-0.0052275350353339104,2.0018365310890354
1718,17.18,-0.007340095915357584,2.004709945392889
1719,17.19,0.011060248192414817,2.0094873668664293
1720,17.2,-0.007927289019274891,1.9902550341783378
1721,17.21,-0.004676815033405938,1.9956302390747132
1722,17.22,0.008013161204679787,2.0033224332465887
1723,17.23,0.008964623030269347,1.9908220770951783
1724,17.240000000000002,0.003520818806872254,1.9921447064102467
1725,17.25,0.00021025391486116456,1.9955740052535924
1726,17.26,0.001931437057641178,2.001832831025579
1727,17.27,0.004714666121664135,2.0065360639877583
1728,17.28,-0.008872115205598075,2.0027791333412934
1729,17.29,-0.0007001675112465546,1.992912721356842
1730,17.3,-0.006657762569224807,1.9987482936990193
1731,17.31,0.0036121829323380226,2.002514222257808
1732,17.32,-0.003919771021760689,2.0044284288002387
1733,17.330000000000002,0.001471131970501302,1.994844146519659
1734,17.34,0.002034995276378008,1.994717840804563
1735,17.35,0.0016643754054494128,1.9915759691950377
1736,17.36,-0.010202999893176341,1.999422906337262
1737,17.37,-0.003925142300200448,2.001839249147348
1738,17.38,-0.005276519051221991,2.004702728945839
1739,17.39,-0.008840505814119957,1.9944946651348585
1740,17.400000000000002,-0.005541832492005307,2.0076060431289786
1741,17.41,-0.0022642356212682524,2.008121430942474
1742,17.42,-0.002714638771319482,2.007698164615806
1743,17.43,0.0015054865343545414,1.9911704041842846
1744,17.44,0.013734600825296168,2.0000672228789806
1745,17.45,-0.005739714735812572,2.006263286542446
1746,17.46,0.006163169671897669,1.9971067595704026
1747,17.47,-0.001796562485764067,1.9962495775761806
1748,17.48,0.005902504964237406,1.9955203460755113
1749,17.490000000000002,0.0004303562494509312,2.01099148063756
1750,17.5,0.022373784452299924,2.0159958202590005
1751,17.51,-0.0024223345339086416,2.0118672173138266
1752,17.52,0.0022220298276762105,2.0050574285621923
1753,17.53,0.00527377729925977,2.0023237877588955
1754,17.54,0.008053975801628492,2.010732249109224
1755,17.55,-0.013419701303823304,2.0024055254689115
1756,17.56,-0.0020145131725216943,1.9979118070545563
1757,17.57,-0.007596722895140842,2.002475163281821
1758,17.580000000000002,-0.002492217767839366,2.000055801206412
1759,17.59,-0.007210911445310957,2.0033912965743204
1760,17.6,0.009050629919629351,2.0015783463100667
1761,17.61,0.021716540486199632,2.0002924701262605
1762,17.62,-0.018696157193764305,1.994897621312859
1763,17.63,0.0031264901598071454,2.0052404108424886
1764,17.64,-0.008070806816325306,1.9965397642640852
1765,17.650000000000002,0.012675448352948041,1.997184444416818
1766,17.66,0.00391854044431091,1.997383142022996
1767,17.67,-0.000599950145180802,1.9963654083264832
1768,17.68,-0.003601604008113136,1.99456984163251
1769,17.69,0.001809070513612827,1.9894762156148942
1770,17.7,0.012019901706048275,1.9948492570364724
1771,17.71,-0.009672377899880263,2.011332526655184
1772,17.72,0.0063587033846019105,2.0040225290166847
1773,17.73,0.014042514805342758,1.9996401225703961
1774,17.740000000000002,0.023434385596175413,2.009372620233384
1775,17.75,-0.0022766792701931007,1.9990514685721128
1776,17.76,-0.003464677091706486,2.0032008519432467
1777,17.77,-0.007119680707621216,1.9951829686760505
1778,17.78,0.002879778871691776,2.004565365055649
1779,17.79,0.012484599091495591,1.998046302983322
1780,17.8,-0.010212359585909358,2.0002836020866925
1781,17.81,-0.009119939442742003,1.9980512088298177
1782,17.82,-0.010689871425656024,2.0021880668513377
1783,17.830000000000002,0.0014739377963997585,2.0062292674971562
1784,17.84,0.014497082591454198,2.0030025524234962
1785,17.85,0.01136051899224356,1.9963143896694908
1786,17.86,-0.00039274819735374137,2.0135072158158507
1787,17.87,0.0027929812354569464,1.997585906408958
1788,17.88,0.0011145998183698061,2.0003860118392796
1789,17.89,-0.009496463872117254,2.010996348705333
1790,17.900000000000002,0.005348842648366494,1.9998195995762007
1791,17.91,0.012045311981330914,1.9981382289957494
1792,17.92,0.011095328597514225,2.0024959379753664
1793,17.93,-0.007251298588330491,2.0075097960959556
1794,17.94,0.005037584074135617,2.0099685646961767
1795,17.95,-0.010997438671139137,2.002296639588521
1796,17.96,-0.008266590644402412,1.998148530409055
1797,17.97,-0.011623847754897653,2.006448196929502
1798,17.98,-0.0017625564530767118,2.002319545828058
1799,17.990000000000002,-0.004261723271881213,2.009440208485209
1800,18.0,-0.010687459161668812,1.9976078452043713
1801,18.01,-0.008349663348543987,2.001751597681236
1802,18.02,-0.005400723803371313,1.9928867988230157
1803,18.03,0.005975572946955228,1.9990187324456254
1804,18.04,0.01014906556329155,2.013824700514606
1805,18.05,-0.00021644978744089113,1.998594914514859
1806,18.06,-0.0053175316153932315,1.9929819810607499
1807,18.07,-0.006641209051287836,1.9997425135619107
1808,18.080000000000002,-0.008488612460347076,2.0015272785186937
1809,18.09,-0.006884531552083271,1.9981326094515357
1810,18.1,0.0017288488037827978,1.9926199937622842
1811,18.11,0.0031631876041876552,2.005954019529685
1812,18.12,0.008117203656473435,2.000540656872099
1813,18.13,-0.009902773556348317,1.9984346066540575
1814,18.14,-0.013752184792661472,2.004945733721787
1815,18.150000000000002,-0.014434397697055816,1.9994531583466002
1816,18.16,0.0029217983738971756,2.0017919028284448
1817,18.17,-0.017697587220936117,2.0008496421999755
1818,18.18,0.002575766951430107,1.9855482678621414
1819,18.19,-0.007694637363397558,1.993293078856196
1820,18.2,0.01714590354314956,1.997668950324462
1821,18.21,-0.005740416188374577,1.9936485428704314
1822,18.22,0.008419760222243548,1.9941267416571828
1823,18.23,-0.008571493433132855,2.0086399462523614
1824,18.240000000000002,0.00441057607731135,2.004972769524347
1825,18.25,-0.0005530397775539651,2.0005931840305142
1826,18.26,0.007670252207003213,2.0002382769095632
1827,18.27,-0.0037061694026130462,2.00344472520046
1828,18.28,0.004218699157847555,2.011256254103774
1829,18.29,0.014132447241913936,1.998128573362352
1830,18.3,-0.007886336885490926,2.008953697327299
1831,18.31,-0.0057756584204698294,1.997029458160443
1832,18.32,-0.0017524865429459791,1.994415319116469
1833,18.330000000000002,-0.00043586850548370156,1.989717632762035
1834,18.34,0.005731818472602032,2.010927083647851
1835,18.35,-0.004670423554049049,2.003355884860356
1836,18.36,0.009258901480553075,2.009790811347949
1837,18.37,0.0006915726279213977,1.9947994612708557
1838,18.38,-0.016670393734096123,2.000226485471611
1839,18.39,0.01147276100418522,1.9898707654284271
1840,18.400000000000002,0.005005800149054193,2.0044732128459617
1841,18.41,-0.021832197558411842,1.9996948639808165
1842,18.42,0.003590884586466076,1.9934221892149406
1843,18.43,-0.021156659537129373,2.0050556170067693
1844,18.44,0.0069152987556128295,1.9943651449146524
1845,18.45,-0.0008566072318004612,1.996626531333585
1846,18.46,0.0030452750419516514,1.9959361181992108
1847,18.47,0.022970303779066576,1.9993573701625629
1848,18.48,-0.004398154236712262,2.0032294530777683
1849,18.490000000000002,-0.009835195791994152,1.9969985604938272
1850,18.5,-0.0039016821018154134,1.9987226439299812
1851,18.51,0.004203116458260197,1.9962550420745002
1852,18.52,0.001632415047665696,2.0001745897813508
1853,18.53,-0.012402713868149838,2.0131003423892095
1854,18.54,0.004667846506498834,1.993386707420899
1855,18.55,0.009583834605871724,2.0050607017552475
1856,18.56,-0.011072206839160458,2.0157463442845405
1857,18.57,0.008987895975477115,1.9973991733124523
1858,18.580000000000002,0.0029646540942087998,1.9946521378066142
1859,18.59,-0.004673564278775025,1.999873686795315
1860,18.6,-0.007500128681724469,1.9909661890474268
1861,18.61,0.00615440899798091,1.9884042873426935
1862,18.62,-0.001916866946211523,2.008535521826534
1863,18.63,-0.004491564104267043,2.001891335619224
1864,18.64,-0.005716879615665774,2.0033060640751947
1865,18.650000000000002,-0.004182706317354763,2.0024064554026126
1866,18.66,0.010772706110146862,2.005235157796467
1867,18.67,0.004483022218505894,1.993690905010771
1868,18.68,-0.002793194452900967,2.007489725314465
1869,18.69,0.000762487965531298,1.992246257031262
1870,18.7,0.0043071138080527345,2.00666406436306
1871,18.71,0.00956464667958316,1.9948984199553852
1872,18.72,0.000480907878105809,2.0066898200067866
1873,18.73,0.008614389022638712,2.0051536311214395
1874,18.740000000000002,0.014270343047235654,1.9908708495638765
1875,18.75,0.0025638486383018906,1.9968735273903044
1876,18.76,0.022919515251272643,1.9968113876224076
1877,18.77,-0.0022365746024475574,1.9933746439123825
1878,18.78,-0.0031109052476762235,1.9972714201232322
1879,18.79,0.001485111318009504,1.9940819242011187
1880,18.8,0.0029031105542260903,1.9960168695777794
1881,18.81,-0.0036179723449100013,1.9981945094762175
1882,18.82,-0.008539116245095665,2.0023347460807903
1883,18.830000000000002,0.004935306745721462,2.0015829324612455
1884,18.84,0.0007521816910377965,1.991832851643936
1885,18.85,-0.005878253687743432,1.9865345354990305
1886,18.86,-0.003006255536663216,1.9994319790218453
1887,18.87,-0.004162196702854347,1.9993318676825536
1888,18.88,-0.007998996770947625,2.0027472904093457
1889,18.89,0.0014410725376327411,1.997062286847847
1890,18.900000000000002,0.0014382152432337468,2.0043181642518557
1891,18.91,0.007182620663757997,2.0061474601137865
1892,18.92,0.005227833843024702,2.008576782166638
1893,18.93,-0.005019237989627625,2.000684280269535
1894,18.94,0.011079389223035991,2.0054111685772975
1895,18.95,-0.00956957035694868,2.0067115069519157
1896,18.96,0.004993933399384043,1.9915943577644981
1897,18.97,0.00845915787164971,1.9992879166939492
1898,18.98,0.010198460539580493,1.9921945499239064
1899,18.990000000000002,0.0029197748391947935,2.014889177147514
1900,19.0,0.012551363636740979,2.002449805867872
1901,19.01,-0.005141265654380392,1.987767122954907
1902,19.02,0.000903456478894642,1.9994608298289782
1903,19.03,-0.013614303214419409,1.9973091871242399
1904,19.04,0.00030409331551902005,1.99549642783016
1905,19.05,-0.005930559077144046,2.000572547645301
1906,19.06,0.007315308066836574,2.010742218034856
1907,19.07,-0.006580542502080404,2.0004735594328364
1908,19.080000000000002,-0.006879715125182923,2.0043435028574086
1909,19.09,0.011511745385160786,1.9996906288226861
1910,19.1,0.004981994385266179,2.0040602286921043
1911,19.11,-0.0009946066937062442,1.9943671235351292
1912,19.12,0.013856436470895185,1.998734667181155
1913,19.13,-0.0049396021882311516,2.0247451816206437
1914,19.14,0.016125398669812222,1.9998429033707292
1915,19.150000000000002,0.006159066669650942,1.9954311318116917
1916,19.16,-0.011205879066978982,2.0127199675234375
1917,19.17,-0.009522987076955921,2.005036103643642
1918,19.18,0.009354952275460134,1.9978873580411582
1919,19.19,-0.005339509471478546,2.0207286248071794
1920,19.2,0.012243993883450684,1.993465132850943
1921,19.21,0.0018301554455532124,2.0095142001686357
1922,19.22,-0.01073460833086512,1.9974664560467505
1923,19.23,-0.0008184859676689252,2.0042389310562325
1924,19.240000000000002,0.011312062652545536,1.9989251603063343
1925,19.25,0.0009708779947503483,1.9860472264617517
1926,19.26,0.009285375447317737,2.002184746153159
1927,19.27,0.003416878323369384,2.0012768270037586
1928,19.28,-0.016351753225959102,1.9982552460432323
1929,19.29,0.005906813287844338,1.9993616489307828
1930,19.3,-0.0006951171051393233,2.0062790536235733
1931,19.31,0.01834213722694395,2.0023288886903727
1932,19.32,0.007840252500495718,2.00130757369895
1933,19.330000000000002,-0.015385711389617708,2.00227889355945
1934,19.34,0.00038246948432948936,2.0040661312094397
1935,19.35,0.0045862201179317575,1.9981320454346696
1936,19.36,0.01508739121968453,2.0070105497150412
1937,19.37,-0.004868026454913627,2.0068121604499787
1938,19.38,0.0018314335083306921,1.9974184101637265
1939,19.39,0.018855100058214964,2.0158538578127176
1940,19.400000000000002,-0.006232371119815454,2.0012998088005296
1941,19.41,0.0021391063096289054,1.9972146026598454
1942,19.42,0.0008009091908125541,2.006085245808176
1943,19.43,0.003918971328323508,1.9970188929729946
1944,19.44,0.012312162265611257,1.999082550126092
1945,19.45,-0.005855375381806859,1.9882098454839714
1946,19.46,-0.0025461114949269256,1.9883008681434298
1947,19.47,0.003910639899041373,2.002046628987076
1948,19.48,-0.00010846294475551584,2.0000303036519727
1949,19.490000000000002,0.000284029948746632,2.00425840404826
1950,19.5,-0.0024657813401465305,2.0051812036110244
1951,19.51,-0.017302154543049987,2.008491807882421
1952,19.52,0.009190179485100801,2.012523347040869
1953,19.53,0.013473705643884204,2.0100173621026207
1954,19.54,0.0015831567554129083,1.9964289950827692
1955,19.55,-0.014807439608424297,2.0070200869255985
1956,19.56,0.003910757467869027,1.9970318869226238
1957,19.57,0.0022721325106208304,1.989604212944052
1958,19.580000000000002,-0.004080340117001093,1.9931259720031413
1959,19.59,-0.003473108943074129,2.0042744723966144
1960,19.6,-0.0112364821031807,1.9990340863135883
1961,19.61,0.012533188160377712,2.0086563697852955
1962,19.62,-0.0002617968476582523,2.000898048155969
1963,19.63,-0.013320949898427187,2.0019914566141077
1964,19.64,-0.017363955158433534,2.001606608389492
1965,19.650000000000002,-0.001854842824733729,1.9944823369319076
1966,19.66,0.004813967444813283,2.0057919358096674
1967,19.67,-3.7568811500628566e-06,2.015258717829538
1968,19.68,0.004530113638334289,2.0040498348656928
1969,19.69,0.0022286237093079395,1.99648987019949
1970,19.7,-0.008641776751643604,1.997629850310706
1971,19.71,-0.006547865124475973,1.9906904546754585
1972,19.72,0.016077885505396777,2.005203520683803
1973,19.73,0.00535840352745193,2.0007732595537684
1974,19.740000000000002,-0.01683916293619148,2.0058397827232795
1975,19.75,0.0044278274806237965,2.0067415590822093
1976,19.76,0.008553066012995736,1.993777041507697
1977,19.77,-0.003003629275043505,1.995927330461716
1978,19.78,-0.0002272342616014625,2.0015236368378235
1979,19.79,0.00761994720478221,1.9937434669974912
1980,19.8,-0.01065808464671597,1.997245586184198
1981,19.81,-0.006256041928376776,2.0048414243237778
1982,19.82,-0.0055076085829354245,2.000423596736331
1983,19.830000000000002,-0.0003531782891252889,1.9924266046169763
1984,19.84,-0.010845037023413119,2.0121314101462584
1985,19.85,0.011694714028005176,1.99196050136376
1986,19.86,0.0006945768176280832,2.0064801046845755
1987,19.87,-0.011372088837607763,1.9966242665323273
1988,19.88,0.011991886852764994,2.00450255224615
1989,19.89,-0.004699937860271938,1.9979932180675588
1990,19.900000000000002,-0.013217378547697634,1.9842992520348754
1991,19.91,0.014308454608636055,1.997295918410839
1992,19.92,-0.004057353216176358,2.002160434909847
1993,19.93,0.0035828430090002967,1.9952791185994743
1994,19.94,0.010458762073708192,1.9989137243508666
1995,19.95,-0.0017684642694929832,2.003459980312144
1996,19.96,-0.0007722145376973604,1.9962112333155424
1997,19.97,0.0017107339670380155,2.0032697692181465
1998,19.98,0.007163547931448789,2.004643486899087
1999,19.990000000000002,0.003524335561944767,2.0016331605681668
2000,20.0,-0.011497555819084172,2.0074383973236505
2001,20.01,0.0031514032393843,2.0006588211395773
2002,20.02,-0.009347344752899776,1.994635726328461
2003,20.03,0.003995570893271804,2.0086780390541756
2004,20.04,-0.0046062908438485395,1.998065415389262
2005,20.05,0.006610990482974046,2.0121112700656556
2006,20.06,-0.014901270021687894,2.001994048257818
2007,20.07,0.0014618834859260839,2.008654370277379
2008,20.080000000000002,0.002929688914366066,1.9972514168532465
2009,20.09,-0.011491269261624847,2.0160347670623135
2010,20.1,0.014069145495918233,1.998909475765316
2011,20.11,-0.0033996907260694367,2.006233745772035
2012,20.12,0.004875203611082836,2.006656946713627
2013,20.13,0.002145739461169301,2.0108894918406426
2014,20.14,-0.0010030030571747063,1.9967384523025746
2015,20.150000000000002,-0.0018410145215526817,1.9885847906422758
2016,20.16,-0.004455723329184519,2.0141440413215896
2017,20.17,-0.015153628717365508,2.00308967322778
2018,20.18,-0.0009237335634751844,2.0044468285389967
2019,20.19,-0.008191770348642989,1.9996352938634527
2020,20.2,-0.0056952894638374555,1.993934677740185
2021,20.21,-0.000299162146331115,1.9983794072315595
2022,20.22,-0.004706091714075919,2.0031849004400746
2023,20.23,-0.00224804595633781,2.000939322007614
2024,20.240000000000002,-0.019168820834586448,2.0041473244610075
2025,20.25,-0.00027980357015632316,2.0138770345657235
2026,20.26,-0.014183328039055774,2.0042414543909226
2027,20.27,-0.0021752702186119154,1.999395154685426
2028,20.28,0.008840096598626902,1.9938459285311814
2029,20.29,-0.004552860805767839,2.0044556099638258
2030,20.3,-0.009661564001842293,2.010166445966268
2031,20.31,-0.0018588371453911478,1.999805983892226
2032,20.32,-0.008839563476093812,2.0020996384660448
2033,20.330000000000002,0.005694639634694837,2.0018574913705804
2034,20.34,0.008893669707746457,2.0066278196797764
2035,20.35,-0.006990551657678286,2.000940778418073
2036,20.36,-0.008750568528662803,1.9936081240021497
2037,20.37,0.007891708081418307,1.997507671356515
2038,20.38,-0.015753000514347117,2.010400554271124
2039,20.39,0.014482291768410914,2.0037896802393416
2040,20.400000000000002,0.008175911895037625,1.9960246022572574
2041,20.41,0.005004556252549345,1.9997071103357813
2042,20.42,0.001741695467770022,2.0017877974306844
2043,20.43,0.004618996318542548,2.0061126501827657
2044,20.44,0.0017688449022344674,2.008408110012477
2045,20.45,-0.0050847726731304554,1.9983655904620061
2046,20.46,-0.0076479142460270395,2.0074380351808974
2047,20.47,-0.007424703881155016,2.00953568775654
2048,20.48,-0.0021034658490227324,1.9969782664111386
2049,20.490000000000002,0.007926149897977396,1.9992311620831311
2050,20.5,0.009778375481063674,2.0051877339040356
2051,20.51,0.015354357654332358,1.9992738025766044
2052,20.52,0.011613982404998465,2.0026494234284526
2053,20.53,0.0033538400454956765,2.0078122769060314
2054,20.54,-0.006844009876161817,2.008776542925497
2055,20.55,-0.006254584663161935,2.003605608657654
2056,20.56,0.0010197072914413347,1.9963959924510688
2057,20.57,0.013340409542789788,2.0073623962540026
2058,20.580000000000002,-0.012982265671846958,1.9948582847401561
2059,20.59,0.005984959045356696,2.0051594493157
2060,20.6,-0.011777535667152039,2.010716391953354
2061,20.61,0.0020783991941569044,1.9834634142934278
2062,20.62,-0.003549302544432784,1.9972398526468704
2063,20.63,-0.011337475017720224,1.9976562354523792
2064,20.64,-2.9078319183671573e-06,1.9973702920083916
2065,20.650000000000002,-0.003832889737725223,1.9914053289815674
2066,20.66,-0.009032257510034994,1.9993466875474857
2067,20.67,0.011687693391112813,1.9919976873129155
2068,20.68,-0.01762058771505366,1.9997556337178495
2069,20.69,0.011805976594460124,1.992954181584614
2070,20.7,-0.0006904171799447324,1.9910338776394452
2071,20.71,-0.0003938099509189783,1.983013200630189
2072,20.72,0.006761855213748382,2.000542129444941
2073,20.73,0.010404567137964513,2.001952574794909
2074,20.740000000000002,0.0015847309593050745,2.0009281730326336
2075,20.75,0.006553415067688608,1.9997809435625349
2076,20.76,-0.01624206005639798,2.0125896703888713
2077,20.77,-0.008860279330013283,1.9992905376653565
2078,20.78,0.0016357881200384514,1.9885070438767627
2079,20.79,0.008210919914520876,1.9981024802098903
2080,20.8,-0.001993957264746778,2.0026858335978237
2081,20.81,0.003914483852294984,2.006494329380078
2082,20.82,0.007955678363320227,2.0045290740634645
2083,20.830000000000002,-0.011560607944263567,2.0005897159871138
2084,20.84,-0.016087735856286325,2.0052425259065694
2085,20.85,0.012979176885146122,2.005245699676599
2086,20.86,0.002875985304702272,2.014953894100285
2087,20.87,0.004982163153661371,1.9972168847717588
2088,20.88,-0.00937007813170851,1.992797158134151
2089,20.89,-0.008509110058174877,1.992571331699031
2090,20.900000000000002,0.005288301030953498,2.004154580414159
2091,20.91,0.008810056299382555,2.008964786041457
2092,20.92,-0.009964219880701482,1.9914183301154447
2093,20.93,-0.006118855124244652,1.9916212039420744
2094,20.94,0.006465186462161902,2.0116467920783014
2095,20.95,0.0007837635241831448,1.9948759311623374
2096,20.96,0.005945832107098695,1.9988074318220472
2097,20.97,-0.0024972827483610532,2.0057047935354757
2098,20.98,-0.0020895287440379226,2.001790765224412
2099,20.990000000000002,0.007042763866168583,1.9946624760417215
2100,21.0,0.024727425398513945,2.004549266983771
2101,21.01,-0.015011461275562151,1.9960759952525955
2102,21.02,0.002087884317548126,1.9925621655695416
2103,21.03,0.01004009557837412,1.9957991790249543
2104,21.04,0.0021422415009999998,2.0059601083023244
2105,21.05,0.02145632673874893,2.0065156751842084
2106,21.06,0.0023202224597628812,1.9972074137034108
2107,21.07,0.005903567916579551,2.0009097752546836
2108,21.080000000000002,-0.0009141220011480804,1.994169661213756
2109,21.09,0.0014310010523208446,1.9933147043953146
2110,21.1,0.009248674794431366,2.007099387889534
2111,21.11,-0.01470454749047971,1.9904941140305552
2112,21.12,0.0022459598948829985,1.9953866320470608
2113,21.13,0.003929064736192754,1.9940797162879178
2114,21.14,-0.0009504872664861987,2.0034327624838633
2115,21.150000000000002,-0.013998474922138132,1.995919075918668
2116,21.16,0.0007226878904979697,2.0076154229007073
2117,21.17,0.003179303951007423,2.0070280894859382
2118,21.18,0.01485493192770669,2.0007232543997517
2119,21.19,0.00221082517351208,1.9918467595394256
2120,21.2,0.0059109497668872295,1.9946403376273207
2121,21.21,0.0030538211715923427,1.9965848547673783
2122,21.22,0.014594096405298174,2.0002237489792503
2123,21.23,-0.0049926890591556325,1.9989926489537297
2124,21.240000000000002,-0.0005842759815540502,2.0048616977945932
2125,21.25,-0.00957039926270789,1.9999997096012112
2126,21.26,-0.009793094094161967,2.0072266003744708
2127,21.27,0.0020746089387795046,1.9933431201161558
2128,21.28,0.009433600205728828,2.0003441020562445
2129,21.29,-0.009686616078858831,1.9911150574109349
2130,21.3,-0.016676513057880274,1.9981099513073022
2131,21.31,0.0006987938559460337,2.0098697182351164
2132,21.32,-0.006152955232994294,2.0027180245641993
2133,21.330000000000002,0.003011318743408337,2.0050180648989944
2134,21.34,-0.005362457026316396,1.994011042324275
2135,21.35,-0.006964755774827912,1.9978679754968263
2136,21.36,0.003306789934272878,1.9897921191356545
2137,21.37,0.0017733781803577185,1.9958016673332817
2138,21.38,-0.0010916925558557688,2.000674812967898
2139,21.39,-0.0038178277306425397,1.9962903314291818
2140,21.400000000000002,-0.013446962843857553,2.0077438567810124
2141,21.41,0.004622517811106992,1.9998999244688425
2142,21.42,-0.004350185393980486,1.9964744148037192
2143,21.43,0.0018954780608152102,1.9973871712044542
2144,21.44,-0.003830771099746461,1.9931975948507215
2145,21.45,0.008147624992564316,2.0112527298378464
2146,21.46,0.011747697019343334,1.9920421139111841
2147,21.47,-0.0035222256999396565,1.9912403837196475
2148,21.48,0.007344322070848489,2.0049501808530157
2149,21.490000000000002,0.012258921177948596,1.9948937959769428
2150,21.5,0.0025113839424444006,2.002676914988446
2151,21.51,0.005386502356498398,2.008580961353255
2152,21.52,0.008936602166549169,2.003352684357691
2153,21.53,-0.0001279614417956084,1.9942791868972223
2154,21.54,0.002597322025737843,1.9920612205930477
2155,21.55,-0.003748911295747922,2.00685082542922
2156,21.56,-0.008613283518461017,2.0028908050493177
2157,21.57,0.0040596504265491455,1.998707807833729
2158,21.580000000000002,-0.0034074120973382385,1.99644348399595
2159,21.59,0.004457670986868219,2.004139011747389
2160,21.6,-0.005124190680083068,1.9973870353889276
2161,21.61,0.013900854778582678,1.9951302326942097
2162,21.62,-0.000471346216625993,2.006374917257249
2163,21.63,-0.008482997426628405,2.005950147821583
2164,21.64,-0.003964608149265441,2.0044256709896477
2165,21.650000000000002,-0.006875718382387709,1.994848388529294
2166,21.66,-0.003319207879096572,1.9934588525325059
2167,21.67,-0.0007604421669794835,1.989859485230041
2168,21.68,0.0041468187806780335,2.0045867480140593
2169,21.69,0.009250513886362423,1.9912286708220752
2170,21.7,0.007401416709179058,1.998521790150996
2171,21.71,0.009188432187340875,2.0013905432441743
2172,21.72,0.008468555205918396,1.9978217858606817
2173,21.73,-0.004668077149110079,2.0016919584165382
2174,21.740000000000002,0.0012584839584798327,2.0073607716932917
2175,21.75,-0.004370802790972487,1.9951644794336756
2176,21.76,0.011000126299363587,1.9978298863653838
2177,21.77,0.0022451995591459334,2.0037600132171653
2178,21.78,0.008136981225318094,1.998111570596235
2179,21.79,0.0060760065431575885,1.9889676413051476
2180,21.8,-0.0009778629643436567,2.0022942555305008
2181,21.81,0.0032004023585638828,2.0046166755866954
2182,21.82,-0.0213959040066788,2.0037854781338793
2183,21.830000000000002,-0.00447309704425763,2.0025609489634952
2184,21.84,-0.0014743447139067666,2.0015958434195698
2185,21.85,0.014914331403847163,1.9990381061728704
2186,21.86,-0.00776070426781483,1.9968033903995948
2187,21.87,-0.003531782145533714,2.00567051669835
2188,21.88,0.00917757366669372,1.9962512813011188
2189,21.89,0.004413426094076561,2.0061416002186503
2190,21.900000000000002,-0.0056395579962105575,1.9992808787678926
2191,21.91,-0.0051705819117754456,2.0081185603952054
2192,21.92,-0.00027657356463293335,1.9996069987824505
2193,21.93,-0.013493066278492822,1.9929072576594389
2194,21.94,-0.00017385716132996604,1.9969894678152469
2195,21.95,0.0005362940843129347,1.9986957952551732
2196,21.96,-0.00557295720525082,1.997851028704574
2197,21.97,0.0032110299934638106,2.018097517679269
2198,21.98,-0.012398592739328607,1.9958991445580763
2199,21.990000000000002,-0.006603856803420347,2.000981074406702
2200,22.0,0.002855173244713891,1.9975575923567785
2201,22.01,0.00201528677016749,1.9984340116328574
2202,22.02,0.01077493924726425,2.015307820112036
2203,22.03,0.004975232075068175,1.9886021910526093
2204,22.04,0.01432915259280075,2.011882303546358
2205,22.05,-0.002428627586459784,1.989347809010783
2206,22.06,-0.00679825568162094,2.0043010327734843
2207,22.07,0.003176591997881128,1.9961519222952833
2208,22.080000000000002,0.00810058096882724,2.0050451867721324
2209,22.09,0.008216071303369663,2.001839284135922
2210,22.1,0.00423832582027581,1.9871994612220265
2211,22.11,0.014146860854798745,2.014226688265913
2212,22.12,0.011061718318287984,2.009323053759773
2213,22.13,-0.0010792642484304719,2.011222742714445
2214,22.14,0.016788948550764085,2.0033421224610146
2215,22.150000000000002,0.013699097745306962,2.011217313081532
2216,22.16,0.0002215938238258391,2.007884847312584
2217,22.17,0.0009148362467237318,1.997043321139835
2218,22.18,0.0023649240548306956,2.004156849033216
2219,22.19,-0.0011915520498788396,2.0086665709223017
2220,22.2,0.007979530763737239,2.002063177572185
2221,22.21,-0.009761048358048438,1.9937452097167367
2222,22.22,-0.0033944687862514263,1.989753668756574
2223,22.23,-0.006483157141698786,2.0033809887392042
2224,22.240000000000002,-0.0034914357435063864,1.9971931611206792
2225,22.25,-0.0008970570695280461,2.000884789043281
2226,22.26,0.009254621375124982,1.9972641280806906
2227,22.27,-0.005240936091913894,2.001975710519527
2228,22.28,0.006019160262254026,1.9975204518580678
2229,22.29,-0.007002386653904451,2.0180677258376845
2230,22.3,-0.006408559245256898,2.0003212320175305
2231,22.31,0.012187103524101814,1.9963747269787826
2232,22.32,-0.026715723044776065,1.9947487118167102
2233,22.330000000000002,-0.013220936207955116,2.0037329799918004
2234,22.34,-0.0011331823625787285,2.000845407493892
2235,22.35,0.004737997798642726,1.9952895043808965
2236,22.36,-0.008840019224972202,2.0064470010808173
2237,22.37,-0.00817512306579157,2.0192667877493085
2238,22.38,-0.010627315459393138,2.0029038461628867
2239,22.39,-0.004222582250759996,2.003237489804454
2240,22.400000000000002,-0.0014867244704533378,2.005293680312519
2241,22.41,0.0008458173217356149,2.0026372438101037
2242,22.42,0.010212431665409144,2.0009368408101995
2243,22.43,0.0029247851925138656,1.9977730699728107
2244,22.44,-0.0074906973434801585,1.99918749160521
2245,22.45,0.0197082472437175,1.995878824423138
2246,22.46,-0.010133139652201532,2.00406706289627
2247,22.47,-0.0002139750147884507,2.0073297397184104
2248,22.48,-0.012100765884371421,1.9890900015665578
2249,22.490000000000002,0.01009601845880406,2.000155142069881
2250,22.5,0.008096309406646143,1.9986170424259952
2251,22.51,0.0003740548124042358,2.0044754438935324
2252,22.52,-0.004010767339406921,2.0026906702108014
2253,22.53,-0.00436736845847387,1.9990938073524822
2254,22.54,-0.011525865387659089,1.9976151556169586
2255,22.55,0.008501969521690885,1.9966798309076956
2256,22.56,0.005315519904806398,1.998602387065256
2257,22.57,0.0007537117669541758,1.9959931752226132
2258,22.580000000000002,-0.020980019093315684,2.002652192991981
2259,22.59,0.006660892199294904,2.0091563033936954
2260,22.6,0.0019617236763202904,2.002846023430686
2261,22.61,-0.00648070467953694,2.0020028866882917
2262,22.62,0.008918858168983973,2.0049991025997262
2263,22.63,0.0005601028055433215,2.0029323845642
2264,22.64,0.0012785789194129935,1.998386659757288
2265,22.650000000000002,-0.0007890619486973674,1.9995343255673736
2266,22.66,0.0030758167429960044,1.9938195675960089
2267,22.67,0.012583235096133405,2.0027348662865667
2268,22.68,0.009153923049433535,2.014982966772208
2269,22.69,-0.002593043051967529,2.0171910084169933
2270,22.7,0.0010815167157598184,2.004207700427592
2271,22.71,0.018310271365897666,1.9877079722134825
2272,22.72,-0.0038121461333335575,1.9991980629689876
2273,22.73,0.011223921412270958,2.004976566444061
2274,22.740000000000002,-0.0012826162400093317,1.99352335372938
2275,22.75,0.005866939491956552,1.999443328045646
2276,22.76,0.01162894738575217,2.0044979275199477
2277,22.77,0.0032696081310833224,2.009587663705441
2278,22.78,-0.0029786697173629765,2.004268116616284
2279,22.79,0.006587270086851521,1.9925200322653425
2280,22.8,0.010299462267803958,1.9930070195915397
2281,22.81,-0.004451111214723629,2.0080281834962923
2282,22.82,-0.0030285828422246834,1.9926165608173552
2283,22.830000000000002,-0.002995184158626789,2.002013399666404
2284,22.84,0.004582767831402976,2.0145746637138107
2285,22.85,0.0010483946101010001,1.9934516872924235
2286,22.86,0.005236931206882085,1.9964779603609852
2287,22.87,0.0010781708905729828,2.0030655688643213
2288,22.88,0.0006189986600598751,2.002631367824574
2289,22.89,0.017347790829366185,1.9846337232233628
2290,22.900000000000002,-0.00014144898855954276,1.9946369882070938
2291,22.91,-4.645096917623556e-05,1.9921925386111774
2292,22.92,-0.002637703875179634,1.9995598311161593
2293,22.93,-0.002723023709287889,1.9965682317555784
2294,22.94,-0.015337700198291932,2.0026361742795227
2295,22.95,0.0006181044863517093,2.004375891344136
2296,22.96,-0.009522849393075962,1.9858049656486174
2297,22.97,-0.003475127804176554,1.9857090465107912
2298,22.98,-0.0021869451047453006,1.9915193502485529
2299,22.990000000000002,-0.004954003686429602,1.9981917932458788
2300,23.0,0.006350154244533339,2.0014438744674177
2301,23.01,-0.013114304732998582,2.00298314668128
2302,23.02,-0.01606326132536177,2.004541713996518
2303,23.03,0.005946580553988066,2.0061848946503815
2304,23.04,0.011352907107838631,2.0066189398407333
2305,23.05,0.008120473968255137,1.9972190327422514
2306,23.06,0.008167200567036285,1.9935516256072154
2307,23.07,-0.00355794472539758,1.9981842933910137
2308,23.080000000000002,0.00041563774427889216,1.992806472258213
2309,23.09,-0.010614859389688916,1.9943814086309513
2310,23.1,0.01990208456909632,2.0025795103944
2311,23.11,0.006272429797236977,1.9989649156565108
2312,23.12,-0.003299100777539933,2.0071940477134618
2313,23.13,-0.004793921565356536,1.9921684038492278
2314,23.14,0.001150261428035661,1.9981431364001667
2315,23.150000000000002,0.009399308804782283,1.9935514947151884
2316,23.16,-0.00995168258294892,2.0095760505303466
2317,23.17,-0.0007296982910005973,2.001984454567133
2318,23.18,0.0015464993394256176,1.9993515546721636
2319,23.19,0.0035149862540366523,2.003896260280421
2320,23.2,-0.001314711862157498,1.9976346948125923
2321,23.21,-0.003443393501109969,2.003078085461346
2322,23.22,0.008352076201507975,1.9999923278843916
2323,23.23,-8.424163274534517e-05,1.995405752381787
2324,23.240000000000002,0.009666644705177986,1.9833389761228948
2325,23.25,0.0006239861999583074,2.0114334322687846
2326,23.26,-0.0064697923190176355,2.004812392231973
2327,23.27,-0.005783610716700573,1.9978212039135723
2328,23.28,-0.009312535213364469,1.9940710696934936
2329,23.29,0.010595341095031175,2.0096161196887525
2330,23.3,-0.006651953616955739,1.9935638202674733
2331,23.31,0.0077666698638601634,1.991498731605731
2332,23.32,0.010955563618153226,1.987595619229087
2333,23.330000000000002,-0.005478190287602478,2.00123397549241
2334,23.34,0.0015480727128390057,2.004657918312875
2335,23.35,-0.0012495857931163498,2.0050189077811824
2336,23.36,0.0035870693015902285,2.0061911230574547
2337,23.37,-0.005152952643926363,2.001332631253435
2338,23.38,0.013824925909319542,2.000879251538216
2339,23.39,0.0013997403757799254,2.0093146533967015
2340,23.400000000000002,0.007163835805919971,1.9963540148870242
2341,23.41,0.0037986107608607603,1.9957882297691598
2342,23.42,0.012512269901260323,2.001354648543144
2343,23.43,0.002833313657421683,1.9983009033549066
2344,23.44,-0.004453786351550376,2.0063542482204477
2345,23.45,0.015710036972849232,1.9950109542957857
2346,23.46,-0.0022283815740754545,1.9973559362428466
2347,23.47,0.01111982204548763,2.00013596808061
2348,23.48,-0.005711213872332055,1.9953216974155363
2349,23.490000000000002,-0.002541851506703819,2.0000016504483713
2350,23.5,-0.01899809181054132,2.008411359055085
2351,23.51,-0.010369050596698091,1.9989144461011026
2352,23.52,0.011435243915153277,1.9956536087335512
2353,23.53,0.013358803405794182,2.009494650526534
2354,23.54,-0.0031047280438564616,2.001772531463091
2355,23.55,-0.008197800079503974,1.9928035356523828
2356,23.56,-0.004815664783886635,2.002601233306438
2357,23.57,0.010539337498609106,2.0121023697668097
2358,23.580000000000002,0.011013807319468726,2.0078812722942883
2359,23.59,-0.002326250874407289,1.9947269507421799
2360,23.6,0.0004701275562520215,1.9885987309729742
2361,23.61,0.007117035934024467,2.0030146824494195
2362,23.62,-0.0021584716558220255,2.0039856823159323
2363,23.63,0.0007698107153717586,2.0016115076477723
2364,23.64,0.006318652874699942,2.0041552386265176
2365,23.650000000000002,-0.004386188916330801,2.00013400982385
2366,23.66,-0.010229804210280295,1.9974773389349474
2367,23.67,0.00578507747950381,2.0043692434659333
2368,23.68,0.007128782666185327,2.0083462450654723
2369,23.69,-0.015038288643300668,1.9953321353603972
2370,23.7,-0.0074613682238401586,2.014003606641245
2371,23.71,0.0024784603756994746,1.9941624068869497
2372,23.72,0.0020969968038201192,2.0013375440283454
2373,23.73,0.007891332571109924,1.9985869210811127
2374,23.740000000000002,-0.004410679160653088,1.9944180120751578
2375,23.75,0.007295969662498994,2.0001491497582697
2376,23.76,0.002350903776428451,1.9970463625901378
2377,23.77,0.013642453682353893,2.0038094254146945
2378,23.78,0.0038129533310681868,2.0032227155800317
2379,23.79,-0.013740598154129171,1.9907743691098319
2380,23.8,-0.00699840054796911,1.9964735398447306
2381,23.81,0.00784761386142785,1.9914063105205722
2382,23.82,-0.01577760398955382,2.006556510473308
2383,23.830000000000002,-0.003386386366977943,1.9871204313565327
2384,23.84,0.007786087888143977,2.007633381221898
2385,23.85,-0.0010567723770665662,2.0028154848433846
2386,23.86,-0.006593597708740184,2.013718597605612
2387,23.87,0.007173324934203187,2.0141489124760192
2388,23.88,0.010870538555231856,1.9949012322896953
2389,23.89,0.0034715820962177204,2.003036932045238
2390,23.900000000000002,-0.0032895712654313256,2.007202770617357
2391,23.91,0.002396003155330013,1.9994898061730233
2392,23.92,-0.00946792764560632,1.9994674959466472
2393,23.93,-0.0032238186707358994,2.0096505074022595
2394,23.94,-0.005728911922177848,1.9946555828652641
2395,23.95,0.0015587529876421502,1.9988420969392393
2396,23.96,-0.01645350698014528,2.0019914495179734
2397,23.97,0.008116939216743736,2.005725935847432
2398,23.98,-0.010324379418049017,2.005007616456498
2399,23.990000000000002,0.0034692432058548448,1.995924624809633
2400,24.0,-0.0093992236414448,2.0073753897431774
2401,24.01,-0.0024986428842507734,1.9932782979825745
2402,24.02,0.0016190833226317342,2.007588999001245
2403,24.03,-0.0029772245532349423,2.002708941286233
2404,24.04,-0.0025669964908225052,1.9976738153755937
2405,24.05,0.006973804965934388,1.996497493083834
2406,24.060000000000002,0.007330095559800769,1.9953455722719957
2407,24.07,-0.009912514567332307,1.9990859644249392
2408,24.080000000000002,-0.014932182844080683,2.0087708732877023
2409,24.09,-0.013086562861977347,1.9998191735653137
2410,24.1,-0.013887840729183112,2.0055852914123755
2411,24.11,1.1193445222518547e-05,1.9928115781879618
2412,24.12,-0.01338454925108151,1.9916857878604968
2413,24.13,-0.012806854166805779,2.00130896098024
2414,24.14,-0.0047965300596752615,2.0043012418610404
2415,24.150000000000002,-0.012235272391256076,2.006433218212111
2416,24.16,-0.009467394716327997,1.9976219037264376
2417,24.17,0.012444981711381755,1.9946577877342664
2418,24.18,0.011715608843263642,2.0152314366206614
2419,24.19,0.012649822162835965,1.9933040435339033
2420,24.2,-0.00532515950589109,2.0008967984364636
2421,24.21,-0.0037638355032187216,1.99981475006159
2422,24.22,0.00010625338225051812,1.986098222523867
2423,24.23,0.004707278804758576,1.9994814785345807
2424,24.240000000000002,0.005468919206643525,2.0056912813310577
2425,24.25,0.0128819615142586,2.0107998187151175
2426,24.26,-0.00302789091108614,2.00688712214631
2427,24.27,-0.017819717325152706,2.0006316596700366
2428,24.28,0.0014666015324444378,2.0020563801307207
2429,24.29,-0.000387229161606046,2.001479017112245
2430,24.3,-0.003890695165498742,1.9970517962792191
2431,24.310000000000002,8.448917636776177e-05,2.0086429580656247
2432,24.32,-0.005045711112726914,1.9947527025543899
2433,24.330000000000002,-0.0036120596592231157,1.9914540797777875
2434,24.34,-0.002754821529010198,1.9956944451517438
2435,24.35,0.0010022948965778663,2.0014838354452253
2436,24.36,-0.0029098221944526704,2.018316646050305
2437,24.37,0.0031044377825839844,2.000987979153888
2438,24.38,0.00553055809241336,1.994107627851299
2439,24.39,-0.017348981190346193,2.0068897893656934
2440,24.400000000000002,0.005968921324527154,2.0007105612536593
2441,24.41,-0.0004976316837878185,2.0018001920373494
2442,24.42,-0.00194628538736892,1.9961230413988191
2443,24.43,-0.0016811737446761007,2.010625947589818
2444,24.44,-0.009949949300390124,1.998086238924742
2445,24.45,0.005254090378100564,2.006183897115664
2446,24.46,0.006644918165272223,1.9914870033438141
2447,24.47,-0.005618975837642845,2.0109886800922876
2448,24.48,0.006399288179758694,1.9954910035327194
2449,24.490000000000002,0.0017034353670428103,2.006968083667019
2450,24.5,0.015393087333223768,2.0029064015207
2451,24.51,-0.02293440935277505,2.00283400938031
2452,24.52,0.00881039229099265,2.001588973145123
2453,24.53,-0.008578767385113822,2.0006055759158783
2454,24.54,-0.0036317317589241362,2.002725257200604
2455,24.55,-0.02135156042821885,1.9933339035885103
2456,24.560000000000002,0.0063183898809917515,1.9961137847419008
2457,24.57,-0.015362219449718235,2.0014470677188854
2458,24.580000000000002,0.007383069093128035,1.9984299502168816
2459,24.59,-0.006897153817395607,1.9977308029069187
2460,24.6,0.0011916640311394496,1.9957694066273741
2461,24.61,0.004073318644887068,1.9963933787663146
2462,24.62,0.0016841779174646956,1.995047253384281
2463,24.63,0.01055852645244622,2.0026086325616763
2464,24.64,0.00784100575388977,1.9977906328368724
2465,24.650000000000002,0.005679011161166926,2.0053006446575314
2466,24.66,-0.0031139921713707105,1.9897128002705846
2467,24.67,0.0014557307046062548,1.9947428076081477
2468,24.68,-0.015812676027395986,2.0062996529948323
2469,24.69,-0.004837238856995638,2.0105959179037822
2470,24.7,-0.0014773256748104296,2.006464950397866
2471,24.71,0.004394339143735215,2.0035981886506904
2472,24.72,0.01252554922097404,1.991751736437203
2473,24.73,0.014488255437219806,1.9951035596767974
2474,24.740000000000002,-0.0074350248417242365,2.0043456250084297
2475,24.75,0.00045062738857270466,2.0044176699388006
2476,24.76,-0.01561105330796331,2.003452000800005
2477,24.77,-0.008652372319299155,1.9973938500681332
2478,24.78,-0.0038380212367678385,2.0070238143436483
2479,24.79,0.0020082458470638575,1.9974553669805097
2480,24.8,0.00014676508198538385,1.998139405844409
2481,24.810000000000002,0.00341227631048642,1.9931465496216874
2482,24.82,-0.013439634808585442,2.0049619456878096
2483,24.830000000000002,0.0017115755062448775,2.005236018318871
2484,24.84,-0.00760505708907294,1.9982038690004176
2485,24.85,0.0013502236501773033,2.0171451445908106
2486,24.86,0.013985961416726166,1.9947738365061822
2487,24.87,0.006299079572555746,1.9979393962950083
2488,24.88,-0.005397284285193476,1.9982490087366567
2489,24.89,-0.017137231602333616,2.0065916295885247
2490,24.900000000000002,-0.0037191033844234775,1.988230226667363
2491,24.91,-0.01095764762567046,1.999913238330834
2492,24.92,-0.0020048891308217507,1.9935001664401018
2493,24.93,0.007068502732063057,1.9944210206970252
2494,24.94,-0.0043100665798441185,2.000479965496561
2495,24.95,0.008712192741758768,1.9912722863075931
2496,24.96,0.010361673151855688,2.0052063721110414
2497,24.97,-0.00022946550343018078,2.003343731009375
2498,24.98,-0.0065133439227479,1.9903668037867042
2499,24.990000000000002,0.012928477390668262,1.9997278025129142
2500,25.0,-0.0039026988880706314,2.00318362817082
2501,25.01,0.0039032125321630372,2.0111730755323802
2502,25.02,-0.006160551656603348,2.00257762133067
2503,25.03,-0.0020366474995798,2.0062576624644604
2504,25.04,-0.013215901569729238,1.9982408012537733
2505,25.05,0.0007955952551466606,1.9983339510498166
2506,25.060000000000002,0.003446598767467988,2.0126023695314106
2507,25.07,-0.0014460152410216988,1.9921752290895167
2508,25.080000000000002,0.011904827307781191,2.0061413046614116
2509,25.09,0.004920172042856053,2.0091516772325986
2510,25.1,-0.011846682340737973,1.9914359548152136
2511,25.11,0.005551184300857952,1.9978688365109984
2512,25.12,-0.0010897287766162792,2.0021036184595906
2513,25.13,0.00068556199914755,2.0049760125996663
2514,25.14,-0.012208352993547299,1.9969966589619914
2515,25.150000000000002,-0.00457719029373683,2.0007683790398687
2516,25.16,0.005545093556863755,2.0096728528002235
2517,25.17,0.014102353726706991,2.009584342233274
2518,25.18,0.002723804925737306,1.994865211588432
2519,25.19,0.0009336314712422773,1.9926447359481176
2520,25.2,-0.015538878273368596,2.0003385105586218
2521,25.21,-0.012587646133890223,1.9999577314369104
2522,25.22,0.0065446401854926586,1.9945430960200854
2523,25.23,0.0029181141868758137,2.0104905810130584
2524,25.240000000000002,0.007803529564559676,2.01268199186128
2525,25.25,-0.0020279696330231488,2.0003695706715927
2526,25.26,0.0019341089490768505,1.9914639942691057
2527,25.27,0.005413219817793688,1.9958188537063923
2528,25.28,-0.003674812682626303,2.003259033691523
2529,25.29,0.005625042329313003,1.997694583616123
2530,25.3,0.004921400772509142,2.0011617962053148
2531,25.310000000000002,-0.00920176466219057,2.0004673470199523
2532,25.32,0.0049018806073987415,2.0180877610852113
2533,25.330000000000002,0.004489841603752855,2.007332721833654
2534,25.34,-0.0020657637947510896,2.0007383925750815
2535,25.35,0.009386608660477207,1.9947477928019988
2536,25.36,0.0003778817928217064,1.9989967211461137
2537,25.37,0.002379284388072645,2.0080924597207948
2538,25.38,-0.010916599719754356,1.9976768475342823
2539,25.39,-0.0007339470216345814,1.9975007460301948
2540,25.400000000000002,-0.0001744111686234244,2.0134369493671236
2541,25.41,-0.028428300470692686,2.011327422745696
2542,25.42,-0.010671942610344208,2.001953144087331
2543,25.43,0.0024119906227878783,2.0069917802282915
2544,25.44,0.0017393914378842346,2.0030549467247267
2545,25.45,-0.00890171552924405,2.0035123000697994
2546,25.46,0.003458570048503837,1.984925612087085
2547,25.47,-0.009780166343037779,2.0003803068341037
2548,25.48,-0.0038253223772094645,2.0083241249311694
2549,25.490000000000002,-0.004441924905991994,2.002700189325022
2550,25.5,-0.014333277102589768,1.9986216674912205
2551,25.51,-0.003996951651536352,1.9899583429038525
2552,25.52,-0.021952733655792672,2.000798296044714
2553,25.53,0.0037855634315834288,1.9925908573759892
2554,25.54,-0.0028609771071326437,2.0003490727494917
2555,25.55,0.014493248090910535,2.0058258964029787
2556,25.560000000000002,-0.0068050232952019075,1.9996350033780355
2557,25.57,0.006159958618976156,2.0117458157078234
2558,25.580000000000002,0.005134209311594144,2.0013573660255384
2559,25.59,-0.003815656722344331,1.9952998524335652
2560,25.6,0.002054299652052074,2.004479873143894
2561,25.61,0.0058026827471362764,2.0031238326566307
2562,25.62,-0.0059238408815152094,2.0061333232205016
2563,25.63,0.00167035615526623,2.0024255597762344
2564,25.64,-0.009735536365244421,1.9994780609034888
2565,25.650000000000002,-0.011040757004028514,1.9969119808300826
2566,25.66,-0.00888147977710803,2.007606921851315
2567,25.67,-0.008254669117717968,2.006627257372291
2568,25.68,0.0011804662800479558,2.003491052360813
2569,25.69,0.0035940809712470515,2.0033328797773966
2570,25.7,0.007364803235510555,2.001793044260279
2571,25.71,0.011298802566584294,1.9930204983992736
2572,25.72,0.002715561604739748,2.002250046494126
2573,25.73,-0.002326214607957022,1.9992658813198516
2574,25.740000000000002,0.012251423061185358,1.9992117029210732
2575,25.75,0.0009940174588148982,1.9941967749293903
2576,25.76,-0.005137323504016346,2.007989034483498
2577,25.77,-0.0015322238282855876,1.989645402122318
2578,25.78,0.006752904093143592,1.9942907476503409
2579,25.79,0.004414249111957312,2.004000517082247
2580,25.8,-0.004753351598981439,1.9995602951896911
2581,25.810000000000002,0.014215418667465018,2.0057921682619773
2582,25.82,-0.0032161940741940627,2.0029785723478257
2583,25.830000000000002,-0.0005909693686275607,2.004363067154393
2584,25.84,0.00010436912661990686,2.0146977832316755
2585,25.85,-0.011783753069054255,1.9890942502051834
2586,25.86,-0.003999379939627412,1.9936595161433737
2587,25.87,0.009460126697413824,2.0052835407624765
2588,25.88,0.010033690589967894,2.000300308660477
2589,25.89,0.004373372732615613,2.0004333386478645
2590,25.900000000000002,0.007575097321917356,2.0067732262083675
2591,25.91,0.014444023860757561,2.005363881083572
2592,25.92,-0.017806335867811794,1.9926030979516784
2593,25.93,-0.011333210462742452,2.0030293204868586
2594,25.94,0.002761301103810997,2.0027926633667392
2595,25.95,8.029589389546793e-05,1.991811592953968
2596,25.96,-0.004303847795500648,1.999565341634106
2597,25.97,0.006353671038629101,1.9997524421532518
2598,25.98,0.002726024204254073,2.0004833443953154
2599,25.990000000000002,0.011507835655006434,2.003020913878019
2600,26.0,0.0008117349670779071,2.0171596722041794
2601,26.01,0.0009148854131438532,1.9909838035934573
2602,26.02,-0.0013923507142820921,2.006878563638149
2603,26.03,-0.010317926181642784,2.000065101593347
2604,26.04,-0.003999767520358707,1.9944341693729764
2605,26.05,-0.004127095685466469,1.9914636135933124
2606,26.060000000000002,0.02434725914821726,1.995139374623056
2607,26.07,-0.017522636302581395,2.0081734181883264
2608,26.080000000000002,-0.0033226354020202604,2.0058916696439324
2609,26.09,0.012969572976338474,1.9885320806684528
2610,26.1,-0.0010203125566344952,1.9876137102850453
2611,26.11,-0.009821036262501625,1.9981531258021774
2612,26.12,0.004434812616301508,2.0033465878539065
2613,26.13,-0.0005887471830644745,2.000839766646436
2614,26.14,0.007786092272960671,1.9991996034647803
2615,26.150000000000002,0.008878202987604219,2.0032152503595935
2616,26.16,-0.01209065837799622,1.9951429285348776
2617,26.17,-0.005660668841228739,1.9990866831472827
2618,26.18,-0.004291359458102509,1.9988558314892824
2619,26.19,-0.006022968098598265,2.001790975571156
2620,26.2,-0.00477900877727856,1.9972829675916555
2621,26.21,0.015025011783650013,2.0097056698301383
2622,26.22,0.004656562353828098,1.9866063832679197
2623,26.23,-0.009290938038595382,2.0009239993497845
2624,26.240000000000002,0.00032245940962888174,2.002700204692823
2625,26.25,-0.013425480055491849,1.9963537510457563
2626,26.26,-0.01699377099576083,2.0014343240535784
2627,26.27,0.001119691973787386,1.9980488455344318
2628,26.28,-0.009743579556604062,2.0051679898558104
2629,26.29,0.000468224902277482,1.9962720568821368
2630,26.3,0.0144498672083751,2.0072294693274744
2631,26.310000000000002,0.004634440059210934,1.9870837919808257
2632,26.32,0.019429395867798554,2.00778035749308
2633,26.330000000000002,0.0019692514407141804,2.005463447542623
2634,26.34,-0.0014102617720626147,2.009067967948008
2635,26.35,-0.004462695688269103,1.9996130524829898
2636,26.36,0.01376307182894878,1.9979064966698732
2637,26.37,-0.01891017855083401,2.0027696244953894
2638,26.38,0.010738911206322721,1.9906588981404196
2639,26.39,-0.006948387725186661,2.002202129373559
2640,26.400000000000002,-0.006225312015219436,1.9965011514975763
2641,26.41,-0.004138373358448798,1.9978011770764479
2642,26.42,0.012371227701724719,1.9984611299358277
2643,26.43,-0.015072686542284611,2.001561417345758
2644,26.44,-0.005603031945138744,1.9931023644439447
2645,26.45,-0.0028909078132982376,2.0074183254121114
2646,26.46,0.010574478541403719,1.9996170703000404
2647,26.47,0.004404737204230958,1.9961521850230883
2648,26.48,-0.009086415283871966,2.007154945723857
2649,26.490000000000002,-0.01701160827237205,2.0032805137394147
2650,26.5,-0.0006914086232799407,2.0011483492184308
2651,26.51,-0.00498388631477455,1.9966221482087174
2652,26.52,0.0073701818313183926,1.9970591482406541
2653,26.53,-0.015441956992150577,2.005388568749651
2654,26.54,0.015484093471864397,2.009383291883141
2655,26.55,-0.003337190679316799,2.0000243315136803
2656,26.560000000000002,-0.006586792083440367,1.9979511725854102
2657,26.57,-0.005978412263108302,1.9988885612388
2658,26.580000000000002,-0.00358049194834024,2.00507998603961
2659,26.59,0.0077667783095853316,1.9987570587854004
2660,26.6,-0.010103068166601113,1.9935288936478228
2661,26.61,-0.0033196869006252724,2.0022709897095035
2662,26.62,-0.005672912557571754,2.0003665464795826
2663,26.63,-0.0010367497112773343,1.9897941474515897
2664,26.64,0.014863170674653006,1.9941701917428587
2665,26.650000000000002,-0.015379218130142279,1.9913719717335463
2666,26.66,0.004000254604509991,1.992255768115836
2667,26.67,-0.011599465604341655,1.9965465764381236
2668,26.68,-0.0030991099012474743,1.995872128452398
2669,26.69,-0.0071186528160039515,1.9978667369750402
2670,26.7,-0.001461655311500685,1.9904521269887858
2671,26.71,0.006954784741037455,1.997846524978306
2672,26.72,-0.017425410912859395,2.002858975849447
2673,26.73,0.003162027951222515,1.984139657007782
2674,26.740000000000002,0.003349343428583716,1.9910929198729328
2675,26.75,-0.009851350253725244,1.9990129716381104
2676,26.76,-0.005778699630335703,2.00343266232125
2677,26.77,0.0009602451531182685,2.0028986993498386
2678,26.78,-0.004508168195805744,1.996417160505341
2679,26.79,-0.00503477715113764,1.9999246324041304
2680,26.8,-0.002555054840116752,1.9984541457491543
2681,26.810000000000002,-0.002795075941982667,2.000525924006079
2682,26.82,-0.00878047791337034,2.0035609881847942
2683,26.830000000000002,0.014194607192342099,1.9897587431972799
2684,26.84,0.010989485821219225,1.9949846940701326
2685,26.85,0.0026275022505285518,1.9894662053030407
2686,26.86,0.0032400210331626753,1.9987023772879888
2687,26.87,-0.006962526981696604,1.9994049058231995
2688,26.88,0.0034650152736083618,1.993997706060038
2689,26.89,0.014794815481265591,2.008085488298272
2690,26.900000000000002,-0.015167376351428856,2.0075730685586524
2691,26.91,0.006049900653706162,1.9984580976854762
2692,26.92,0.0021629560675946345,1.998356353222119
2693,26.93,-0.007708016214556401,2.009305849340684
2694,26.94,0.005208540834530742,2.013985149160589
2695,26.95,0.017160774099796706,2.0125254626875306
2696,26.96,-0.0008898230956156616,2.0029160192266255
2697,26.97,-0.008867416989788901,2.003484708723784
2698,26.98,-0.008834644871673557,2.002216540571978
2699,26.990000000000002,-2.0162257444256046e-05,1.998188633050389
2700,27.0,0.0002571013004579275,2.007161205324984
2701,27.01,-0.0029975410404888127,2.0052189685815187
2702,27.02,-0.008268539050553254,2.002237421045351
2703,27.03,-0.01515323751430787,2.003666320659765
2704,27.04,0.01025518624670056,2.007521873946671
2705,27.05,0.0020941022109297698,2.000372680772398
2706,27.060000000000002,-0.008222670078314879,1.9952111953996605
2707,27.07,-0.009440083298878044,2.0011210836018933
2708,27.080000000000002,-0.006611239983432655,1.9886257402091587
2709,27.09,0.02521503052907753,2.0125873679283925
2710,27.1,-0.0038534823354669794,1.995193401388837
2711,27.11,-0.005126857571402243,2.001209503508695
2712,27.12,-0.01089670410076512,1.9995003200992543
2713,27.13,0.005824743857578867,2.0025360142349844
2714,27.14,-0.003161798980030881,2.0006859264204397
2715,27.150000000000002,-0.0005618019646865425,1.9981780275671466
2716,27.16,-0.022831859016978772,1.9992049633504092
2717,27.17,-0.01716713822324454,2.0065771230440785
2718,27.18,0.004301189071808324,1.9997269116937604
2719,27.19,0.010095833752001635,2.0051496861514173
2720,27.2,0.0003018859443006406,1.9978086390194632
2721,27.21,0.00841237312249544,1.9927872967811506
2722,27.22,-0.013605166164579473,1.994437984369282
2723,27.23,0.010584089067883226,1.9933729106629725
2724,27.240000000000002,-0.00046276079542658657,1.9957615044733703
2725,27.25,0.0005724545486641039,2.000416971687306
2726,27.26,0.005024023823543005,1.998045244684226
2727,27.27,0.011213050967499864,1.9997362974414294
2728,27.28,0.001248971873985163,2.0048235413276627
2729,27.29,-0.0021402138464313167,2.014342149140602
2730,27.3,-0.0026474949614793113,2.004925661146192
2731,27.310000000000002,-0.002275647632708061,1.9982930154382685
2732,27.32,-0.007067401694272574,2.0030641991616362
2733,27.330000000000002,0.003129529735048283,1.990454623379495
2734,27.34,0.007321660182979192,2.0007115729347356
2735,27.35,0.0014268032115049441,1.9880191608721642
2736,27.36,-0.014203573493344257,1.9902128733306155
2737,27.37,0.004788876270307472,2.008254313362873
2738,27.38,0.008776107152037244,2.0068352647508267
2739,27.39,-0.0125336681651583,2.0041990687600517
2740,27.400000000000002,-0.010245419584925274,2.0011084611343963
2741,27.41,0.0008492189326672462,2.008256216563954
2742,27.42,0.007294896323443552,2.0090253410582695
2743,27.43,-0.0067894327085480325,2.0126713969431362
2744,27.44,0.003206493043791259,2.00779425358297
2745,27.45,-0.012794919270333402,2.0063048519121467
2746,27.46,-4.7764484083140515e-05,2.0025918783451218
2747,27.47,-0.005155752900234451,1.9926908924496798
2748,27.48,0.0124750792345454,2.0034245116100124
2749,27.490000000000002,0.0043237281289229155,2.0073338342512557
2750,27.5,0.009047339267877546,1.9940742369091746
2751,27.51,0.01094585039151215,1.998645978672184
2752,27.52,-0.0011441373329105357,1.9984331954666998
2753,27.53,-0.0034591042853658587,2.007517739392566
2754,27.54,0.004855333783109405,1.9989683590546043
2755,27.55,0.003645260364528757,1.9889453996661461
2756,27.560000000000002,-0.005385391165313304,2.0143772685563155
2757,27.57,0.002722112205304659,2.000220331542438
2758,27.580000000000002,-0.010929863499779193,2.0019229235461187
2759,27.59,0.002940888607292706,1.9933672155476279
2760,27.6,0.010148895683986506,2.003176350406522
2761,27.61,-0.0023762775900433106,2.005732419539286
2762,27.62,0.004462529950504681,2.0045960497455955
2763,27.63,-0.0022635754782532836,2.0079930423864667
2764,27.64,0.005422308771959232,1.9993989177367435
2765,27.650000000000002,0.006192171909684891,1.9934475840650157
2766,27.66,0.0027051751358717732,1.9900093395130014
2767,27.67,-0.004549592150092712,2.0068860305628835
2768,27.68,0.0007294296988285675,1.9958235040427665
2769,27.69,0.011894338416752524,2.0041500978610984
2770,27.7,-0.0017278834674089186,2.0060976827880035
2771,27.71,-0.0109579795878178,2.007549202943889
2772,27.72,-0.013592327121609406,1.9939114458115001
2773,27.73,0.012400078024404492,1.9960420306558015
2774,27.740000000000002,0.010471494456594803,2.005591483933241
2775,27.75,-0.00475670431444143,2.001657410554886
2776,27.76,0.01382425968899143,2.0010217584305994
2777,27.77,-0.014388575232557155,1.9974946837081147
2778,27.78,-0.0008879114047712387,1.9927389574576964
2779,27.79,-0.010085248527749899,2.001377762060989
2780,27.8,-0.01667363779955961,2.0015625797235383
2781,27.810000000000002,-0.0018555991294436525,1.9871189868266108
2782,27.82,-4.283527900022576e-05,1.988958762415146
2783,27.830000000000002,0.006440352840064847,2.0036723760802877
2784,27.84,0.004446747752833081,2.004569730114451
2785,27.85,-0.010158319572738066,1.997639998568437
2786,27.86,0.0067225941475001615,2.0096862159948112
2787,27.87,0.023890825891128373,1.9926689314617883
2788,27.88,-0.00036623524874618166,1.993569851316439
2789,27.89,0.006224356660747813,2.0013603468617056
2790,27.900000000000002,0.0039603313796360605,1.9938119086455717
2791,27.91,-0.0016525476596246954,1.9852057517753945
2792,27.92,0.013416460595144737,1.9976542223980518
2793,27.93,0.000674662877102805,2.0009539891524994
2794,27.94,0.0025131190791817235,2.0072716472310828
2795,27.95,0.00858012332357777,2.003557611039428
2796,27.96,0.013933150296017162,2.002500906562893
2797,27.97,0.010961816297109012,1.9963144986576058
2798,27.98,-0.012879993008085868,2.0012104784736167
2799,27.990000000000002,-0.0015578642534635116,2.014216524896264
2800,28.0,0.010866636896279886,2.005624205724739
2801,28.01,-0.008692268744790177,1.993070717350771
2802,28.02,0.007209146225370809,2.0074418955488005
2803,28.03,-0.009778718249325562,1.9979128031756093
2804,28.04,0.001105554445335152,1.9977260116479314
2805,28.05,-0.004563703619875871,2.003431947504469
2806,28.060000000000002,-0.007512759654953215,2.008718124175724
2807,28.07,0.012722590250651563,1.9971627648895791
2808,28.080000000000002,0.007199212917519741,1.9954066793165253
2809,28.09,-0.0040731819120192825,1.9981593805412314
2810,28.1,-0.007932068981868183,1.9932851409168255
2811,28.11,-0.003338033832996735,1.9939399097910941
2812,28.12,-0.009184698408061511,1.9883574975317357
2813,28.13,0.011797640462422763,2.000569251272937
2814,28.14,0.0041465467386877725,1.9918946639265314
2815,28.150000000000002,0.0022124337175242984,2.0042490357100817
2816,28.16,0.002613396461268789,1.9923196589560066
2817,28.17,-0.0003278182342214194,2.0036004724246324
2818,28.18,0.0029450312125211178,1.9931304539559542
2819,28.19,-0.008408909060078174,2.000475986073592
2820,28.2,0.0017660220444888194,1.9889851136872618
2821,28.21,-0.00014560520708588486,1.997107937287284
2822,28.22,0.01902749153306704,1.9986919178608928
2823,28.23,-0.001457370372667444,1.9967608711986515
2824,28.240000000000002,0.008601750435844541,1.9997350979655233
2825,28.25,0.005656929351549404,1.9918539937935957
2826,28.26,-0.011364632812797424,1.9980871209500592
2827,28.27,0.0040770122295209574,1.9865700533217072
2828,28.28,-0.012864652543775015,2.0085593151265844
2829,28.29,-0.004055191799790395,2.000607526045997
2830,28.3,0.013446422294852128,2.005366556733321
2831,28.310000000000002,0.006531387228408243,1.9928481908537312
2832,28.32,-0.006874129749350499,1.9899678789224167
2833,28.330000000000002,-0.01209704172405284,1.9859621314674345
2834,28.34,0.007410550764744279,2.0055317157107373
2835,28.35,-0.003610939445882179,1.9989566478936398
2836,28.36,-0.009421286011061509,2.0026779441167197
2837,28.37,-0.0025411141504945852,1.996046850903761
2838,28.38,-0.008860538324207237,2.0023338182915458
2839,28.39,-0.01307933986791835,1.997636092721683
2840,28.400000000000002,0.005718883802335379,2.0060393536864396
2841,28.41,-0.029157141469464694,1.9877296220159073
2842,28.42,0.003919380824960302,1.988744916369684
2843,28.43,-0.005646182693306464,2.0027204753161
2844,28.44,0.0011625356386663465,1.998420161868271
2845,28.45,0.0009791783026839973,2.0015055459158164
2846,28.46,-0.007803181311211839,2.0061453880771047
2847,28.47,-0.0005971069942876412,1.9963738413828707
2848,28.48,0.0038183335056296026,1.9950010638415185
2849,28.490000000000002,-0.0036103684170774963,2.000090124778789
2850,28.5,-0.004676909006451967,1.9972082621435696
2851,28.51,-0.0024378002220575854,1.9985641374438228
2852,28.52,0.0009314792163919947,2.0096710797415613
2853,28.53,0.0008102715145005524,1.9849564521193737
2854,28.54,0.003741852006150733,2.0051610711998777
2855,28.55,0.0021496506620968543,1.9898148553542423
2856,28.560000000000002,0.0068088615184426935,1.9867885710390873
2857,28.57,0.017138592920285457,1.998030793894588
2858,28.580000000000002,0.01234781869852335,2.0044198878107924
2859,28.59,-8.980827276743131e-05,1.9957245522256049
2860,28.6,-0.003852382864230008,2.0033289776087235
2861,28.61,-0.000830923393080806,1.9957015780842795
2862,28.62,0.008245020544762983,1.9958068314669555
2863,28.63,0.0017478511143624003,1.9970317120819556
2864,28.64,0.015063413960939607,1.9966937287465556
2865,28.650000000000002,-0.0011387897046627815,2.005334894195214
2866,28.66,0.013244618956274561,2.0055740940972187
2867,28.67,0.006217224306248498,2.011454720632017
2868,28.68,0.003792775335322156,2.0001133957287562
2869,28.69,0.006227974777105581,1.9835383627226708
2870,28.7,-0.006236869275393935,2.0043013385171973
2871,28.71,0.006072792566302831,2.0068624467488334
2872,28.72,-0.009325564721463639,2.009919998262622
2873,28.73,-0.006146835419536458,2.0075602753267545
2874,28.740000000000002,-6.918201262883141e-05,1.9956354738613034
2875,28.75,-0.014873614460403002,1.9926312848613346
2876,28.76,0.002957094609565702,1.9930451103680937
2877,28.77,0.0009197575611229611,2.000248853098703
2878,28.78,-0.014060956626309564,1.9951503659567058
2879,28.79,0.0059541371489189926,1.9997618968086428
2880,28.8,-0.012234314433924578,2.0060473427386296
2881,28.810000000000002,-0.00826728571122367,2.003876037284307
2882,28.82,0.008376582201957703,2.001690269608984
2883,28.830000000000002,0.008940159821926924,2.00563493324308
2884,28.84,-0.004971259629197068,2.0062740450417835
2885,28.85,0.007838512294968084,1.9954444406349423
2886,28.86,-0.00564610612417118,1.9943450812674044
2887,28.87,-0.011630326053147984,2.0058583212487506
2888,28.88,0.008308390950937558,1.9922229547812171
2889,28.89,0.011729303608351957,2.0042507100623057
2890,28.900000000000002,-0.010662465480924942,2.002451656596258
2891,28.91,-0.008984341748653398,2.0052130678144553
2892,28.92,-0.0022904641465524107,1.9926594897833934
2893,28.93,-0.002133013140828538,2.010451443907324
2894,28.94,0.005384020625908236,2.0059426611873903
2895,28.95,-0.005789828705571472,2.00674455188807
2896,28.96,-0.009521644126360381,2.00023994360867
2897,28.97,-0.008937151872393106,1.9948731140603542
2898,28.98,-0.01071815202944621,2.0020619420843007
2899,28.990000000000002,-0.0012151019241327784,1.9963300468736465
2900,29.0,-0.011054033601736952,1.9955102553581385
2901,29.01,-0.005849205941830964,2.0083371109778323
2902,29.02,0.0028859261211895294,2.010493022282032
2903,29.03,-0.0022663760150973752,2.0034442453760053
2904,29.04,0.0011053135561731862,2.0019379309666134
2905,29.05,0.007855017103731009,1.9964448091318852
2906,29.060000000000002,-0.004835061698533687,1.9987515421222055
2907,29.07,-0.01433665891684579,2.0028288221758253
2908,29.080000000000002,-0.003458337137879319,1.990300219791055
2909,29.09,0.0059692699632050514,2.0057600157718296
2910,29.1,0.014675956728356934,2.0025229036274106
2911,29.11,-0.016098553702229547,1.994672582247233
2912,29.12,-0.005233349048118377,2.0080163093996983
2913,29.13,-0.005240451828229859,2.005167276743767
2914,29.14,-0.00523442027829661,1.9918808857648005
2915,29.150000000000002,-0.01118149612669235,2.0066245568345997
2916,29.16,-0.004836656244911958,1.9978225787474888
2917,29.17,0.006051341369661838,2.003113164121065
2918,29.18,-3.480615025040755e-05,1.9928070716486606
2919,29.19,-0.004898947065441204,2.00061178589111
2920,29.2,-0.00906640381131858,2.0033038927647064
2921,29.21,-0.0048317325502576945,2.0060430973762635
2922,29.22,-0.021376246861409594,2.008411586353531
2923,29.23,-0.008301493227560464,2.0073019748431493
2924,29.240000000000002,0.010629061496086936,1.9928159074506544
2925,29.25,-0.008772643111267426,1.9947142986395248
2926,29.26,-0.007820193920554119,1.9915529698174879
2927,29.27,0.012514835887075105,2.008278055451383
2928,29.28,0.0033404746327016202,2.0060264081650625
2929,29.29,0.0029088252847321496,2.0013869511666225
2930,29.3,-0.005907192665324795,2.006560847413435
2931,29.310000000000002,0.006667213270563578,1.9981137141522594
2932,29.32,-0.011821702910539772,2.0033175129009657
2933,29.330000000000002,0.003094800596117732,2.0111420981782118
2934,29.34,0.003481621682932111,2.00413127020775
2935,29.35,0.007670510235200901,2.005384436530851
2936,29.36,-0.0021633170686986484,2.0130161831151683
2937,29.37,0.003999500476466574,2.002496128047354
2938,29.38,-0.003009172733286447,2.005229656944969
2939,29.39,0.005994018597354644,1.9989686534248678
2940,29.400000000000002,0.0011123835385320568,2.0088877143637096
2941,29.41,0.006194495632589671,2.0088843357853103
2942,29.42,0.012974853369151154,1.9978500492931586
2943,29.43,0.011784007754896762,2.00268885785362
2944,29.44,0.0009094790288428036,1.987180560687313
2945,29.45,-0.006640691496408872,1.9924904749358219
2946,29.46,-0.013378276484805033,1.997299768148323
2947,29.47,0.01880126167656818,1.9948827903174209
2948,29.48,-0.006715592016154013,2.002304097738484
2949,29.490000000000002,-0.00781402121224217,1.9956519785143836
2950,29.5,-0.006956446011040984,2.00540620454678
2951,29.51,0.018548139990226416,1.9999352718538697
2952,29.52,-0.00885118252250374,2.003754449219792
2953,29.53,0.007223981409971643,1.999389749335115
2954,29.54,-0.018516739148261463,2.0121364856585426
2955,29.55,0.010958067759526369,2.0063319766732546
2956,29.560000000000002,0.0005042339596072242,1.993314531664855
2957,29.57,-0.0013888544656043133,1.996756081986087
2958,29.580000000000002,0.004312689583558621,1.9983948114668795
2959,29.59,-0.010502932737949073,1.9916108446975869
2960,29.6,-0.004580730687892256,2.0071787162712575
2961,29.61,-0.0025596051614468133,1.9947958813694602
2962,29.62,0.011777105616985039,2.008278401622716
2963,29.63,0.004209383209837412,1.9967113507279752
2964,29.64,0.008095550386248714,1.9959817273831688
2965,29.650000000000002,0.0026722217412127017,1.9989636321359807
2966,29.66,-0.01648891956264947,2.0037320566473182
2967,29.67,-0.012242332366656799,1.9997382220797149
2968,29.68,0.0031450198150639605,2.009934553927119
2969,29.69,0.0034569490637824554,1.9921078590656502
2970,29.7,0.01656643042721991,2.006912865505331
2971,29.71,-0.002757228279681722,2.0143838854113794
2972,29.72,0.009177707154425986,2.000082716175522
2973,29.73,0.008037731979399979,2.011071076458558
2974,29.740000000000002,0.011790850887250282,2.0097698865914686
2975,29.75,0.0025780641815574858,2.005835175342777
2976,29.76,-0.0011926248942675708,2.0045744647331456
2977,29.77,-0.0019046056569513774,1.9943983534727114
2978,29.78,-0.0038381518290653677,2.008475795538864
2979,29.79,0.012411888166842812,2.0108008440551672
2980,29.8,-0.0020127414865803777,1.9979723748243445
2981,29.810000000000002,-0.014884741928724441,2.0007680552052807
2982,29.82,0.001528323245549781,1.9961220480358945
2983,29.830000000000002,0.009633266832430883,2.011934029649909
2984,29.84,0.007911562121481652,1.9957272121438194
2985,29.85,-0.001412674849085929,2.0011935958362943
2986,29.86,0.005791724841131729,2.001106856571505
2987,29.87,-0.0064312974453925925,2.0044697985417796
2988,29.88,0.005914318291355664,2.0004878330426883
2989,29.89,-0.009080311461511482,1.990626848074626
2990,29.900000000000002,0.014839769357547428,1.9896924168999164
2991,29.91,0.008997392572360883,2.00128399245673
2992,29.92,-0.00041786376751463375,2.002687944944208
2993,29.93,-0.0006714290001690804,1.9932251273578976
2994,29.94,0.013582126851709453,2.006426881183565
2995,29.95,0.011840133704777833,1.9922161777456477
2996,29.96,0.013064828012437602,2.0043171095994996
2997,29.97,-0.005716945146160162,2.003278878830162
2998,29.98,-0.010311117932861394,2.008371228839146
2999,29.990000000000002,0.011711507037423591,1.9973005682955776
