,t,x,y
0,0.0,0.9998669424856552,3.000437253487422
1,0.01,0.961170468096328,2.942121280095458
2,0.02,0.9255580752914282,2.8878115480817383
3,0.03,0.8923605997423419,2.836993164071973
4,0.04,0.8619976048114326,2.789332428719473
5,0.05,0.8330695748972401,2.745078787527668
6,0.06,0.8065314160656654,2.7028589828420237
7,0.07,0.7812444263637518,2.6632896472681584
8,0.08,0.7573400782977258,2.625179213828662
9,0.09,0.7355788088629593,2.5898841874987055
10,0.1,0.7143802425361965,2.5562135267601116
11,0.11,0.6949384715930351,2.524985226324114
12,0.12,0.6765827466124599,2.494601833438892
13,0.13,0.658551712169551,2.4664814309732876
14,0.14,0.6417770446776913,2.4395042221956778
15,0.15,0.6269739864541625,2.413886933470327
16,0.16,0.6123626142339854,2.3895549310349886
17,0.17,0.5983103910981304,2.366687042456419
18,0.18,0.5849902444003452,2.34458779163991
19,0.19,0.5720353763131484,2.3238614487687164
20,0.2,0.5600422074300285,2.303738362572214
21,0.21,0.5482985270436113,2.284715443388747
22,0.22,0.5373514817482039,2.2656954604329798
23,0.23,0.5264473110502197,2.2483256831927103
24,0.24,0.5160000019352324,2.2308830841651197
25,0.25,0.5056897856220681,2.2145957137575496
26,0.26,0.4962548031495309,2.1988718183463676
27,0.27,0.4866635539953888,2.1838290170901775
28,0.28,0.4781456374284681,2.16936718771754
29,0.29,0.4695860012705653,2.155946393498607
30,0.3,0.4610867944402896,2.1425301931249363
31,0.31,0.4538585160648577,2.1299360400678102
32,0.32,0.4454403620781094,2.1177998586231785
33,0.33,0.4385979167803094,2.1061439182270107
34,0.34,0.43168671773237477,2.0951579176574877
35,0.35000000000000003,0.4242677825449849,2.083802691935852
36,0.36,0.418063255898807,2.07343705520979
37,0.37,0.41107599802323913,2.0638845188324386
38,0.38,0.40564392420075474,2.0541894709035606
39,0.39,0.39956027912486536,2.04521798925435
40,0.4,0.39386090686352737,2.0362678648671437
41,0.41000000000000003,0.3878458713857581,2.0275451468282766
42,0.42,0.38243282451992705,2.0198792285921874
43,0.43,0.37661190167367964,2.011536786763878
44,0.44,0.37217894935665913,2.003928671120224
45,0.45,0.36666255019970423,1.9962389974413122
46,0.46,0.36188603083528004,1.9892716329679239
47,0.47000000000000003,0.3568115455368926,1.9825002367064786
48,0.48,0.35252488408433547,1.9760206578626807
49,0.49,0.3474567702559574,1.9691367383134581
50,0.5,0.3435417910784479,1.9633138555310943
51,0.51,0.3395444830778376,1.9572758662552459
52,0.52,0.3347218624316739,1.9518698288619367
53,0.53,0.3311913626355052,1.945698564943399
54,0.54,0.3266312553512376,1.9409229252809987
55,0.55,0.32305325294509923,1.9352934641734725
56,0.56,0.31927384674745546,1.93047922022089
57,0.5700000000000001,0.3157434999560952,1.9263352689135087
58,0.58,0.31225178229852973,1.92118755168313
59,0.59,0.3080805547180871,1.9172992877329247
60,0.6,0.3053856432858542,1.9129583539151256
61,0.61,0.30148232603505515,1.9088996940649245
62,0.62,0.2983667802879678,1.9047047238161385
63,0.63,0.2949615300176447,1.9009012224037996
64,0.64,0.291996230010398,1.8976410719955659
65,0.65,0.28902444790770465,1.893762761548969
66,0.66,0.2851958643713069,1.8909608867619592
67,0.67,0.28290369152328226,1.8873446841503305
68,0.68,0.27975090727802465,1.884546166397196
69,0.6900000000000001,0.2769915074792169,1.8815892596499706
70,0.7000000000000001,0.2735053182722508,1.8785737410638708
71,0.71,0.271173299321254,1.8756525884410118
72,0.72,0.26832506961185304,1.8730557223768742
73,0.73,0.2656971424722363,1.8708836554628472
74,0.74,0.26272017889387805,1.8683972534002808
75,0.75,0.26023886360348264,1.8651300729843936
76,0.76,0.25803191854519075,1.8629145367516302
77,0.77,0.25566303548902647,1.8612677504082393
78,0.78,0.25265418967464903,1.8590508297807031
79,0.79,0.2505846509979976,1.8567446563038794
80,0.8,0.24790682734087152,1.8551436271452948
81,0.81,0.24602871579627564,1.8530128075969206
82,0.8200000000000001,0.2430824785639644,1.851374309993903
83,0.8300000000000001,0.2409861598860142,1.8496045640912278
84,0.84,0.2386715361094537,1.8480055142888314
85,0.85,0.2364244249872116,1.8461390645888194
86,0.86,0.2344823817813168,1.844793582654179
87,0.87,0.2320668562088375,1.8433260116779888
88,0.88,0.23033884494170828,1.8416814340541219
89,0.89,0.22785155988633576,1.8403250218993021
90,0.9,0.2261056788904842,1.8394124552211206
91,0.91,0.22374527477337802,1.8383486193429177
92,0.92,0.22183112858797216,1.837105491567578
93,0.93,0.21966964635578667,1.836598061809254
94,0.9400000000000001,0.21776171536388206,1.8348165705916313
95,0.9500000000000001,0.21655979440956552,1.8345856583918627
96,0.96,0.2143129420972318,1.8327670553454547
97,0.97,0.21197678071020484,1.8324442755561627
98,0.98,0.2101184122785326,1.8312732287041917
99,0.99,0.20886752625724475,1.83101175884267
100,1.0,0.20667408646019836,1.8301729924083372
101,1.01,0.20501801463277827,1.8294511716645514
102,1.02,0.20384398371976034,1.8288582295042843
103,1.03,0.20173247544051795,1.8279834887750441
104,1.04,0.2001163123735822,1.827943400363972
105,1.05,0.19846835568029458,1.8273673397411474
106,1.06,0.19654145945120438,1.826894791545861
107,1.07,0.19519790966060574,1.8268249583415042
108,1.08,0.19289108222212617,1.8266231320039081
109,1.09,0.19159215604986574,1.8257194689864262
110,1.1,0.1896424154601442,1.825441817206101
111,1.11,0.1885349556230833,1.8251732746147338
112,1.12,0.186655928895889,1.8253188925873793
113,1.1300000000000001,0.18528039051080783,1.8251754387919972
114,1.1400000000000001,0.1834571200238883,1.824674689890607
115,1.1500000000000001,0.1823926420421873,1.8243485096245187
116,1.16,0.18080224585218038,1.8247063642870294
117,1.17,0.1794041975455518,1.8246014601570113
118,1.18,0.17814008972433648,1.824548518851113
119,1.19,0.176033884751564,1.824207504174287
120,1.2,0.17517640277737218,1.8245035989457148
121,1.21,0.1732829948501761,1.8244334604615806
122,1.22,0.17222943759086598,1.824682780971152
123,1.23,0.1712250146288674,1.824064823905363
124,1.24,0.16864604248098822,1.8245237556145555
125,1.25,0.1676289153721179,1.8247872593416419
126,1.26,0.16668226527168617,1.8249939646191822
127,1.27,0.16504837378136444,1.8249231059156994
128,1.28,0.16391557968017276,1.82541949710062
129,1.29,0.16237426422260023,1.825164698026029
130,1.3,0.16126970658687614,1.825365514838951
131,1.31,0.15953593399352212,1.826009433369247
132,1.32,0.15844543469107095,1.8257672724849066
133,1.33,0.15749650015979239,1.8264324036416415
134,1.34,0.15584030448804304,1.8268752646326343
135,1.35,0.15467178190205413,1.8267610701340649
136,1.36,0.15377016487398637,1.8270275694675735
137,1.37,0.15243669808619772,1.827823039935316
138,1.3800000000000001,0.15141606127003293,1.8279406277129906
139,1.3900000000000001,0.15004109973908647,1.8283039955740163
140,1.4000000000000001,0.14882881927402963,1.828623685263777
141,1.41,0.1473570771710978,1.829122000785933
142,1.42,0.14614007268598597,1.8296471404944017
143,1.43,0.1448168105991176,1.830170562168587
144,1.44,0.1438108494584452,1.830669519680082
145,1.45,0.14281896489676263,1.8311528918464777
146,1.46,0.14171133341722034,1.8316708298448807
147,1.47,0.14066772232172028,1.83173003587799
148,1.48,0.13927577990110981,1.8327818125793394
149,1.49,0.1379376439508046,1.8329183715003505
150,1.5,0.13716818574638123,1.83363114331029
151,1.51,0.1367897729169721,1.8343092708280084
152,1.52,0.13480049795081675,1.8353960949903148
153,1.53,0.13393483829595015,1.8352544001708062
154,1.54,0.1336678520146828,1.8358794715010798
155,1.55,0.1325770420264616,1.8367846655365503
156,1.56,0.13089079262534792,1.8372000135231035
157,1.57,0.12935016426605603,1.8380770711995311
158,1.58,0.1288522555005251,1.8385608379234963
159,1.59,0.12780751291548587,1.8390023185549669
160,1.6,0.1262527050670487,1.8395795079157944
161,1.61,0.1253613594022259,1.8401896845092833
162,1.62,0.12513581790043352,1.8412493088353146
163,1.6300000000000001,0.12386440040920943,1.8418426426274346
164,1.6400000000000001,0.12240706381064285,1.8425230213478443
165,1.6500000000000001,0.12141451034803731,1.842883281010512
166,1.6600000000000001,0.1208391920877063,1.8436434917405558
167,1.67,0.11934929073744248,1.8442863008696069
168,1.68,0.11861247668864539,1.8454984834398052
169,1.69,0.11837167514954006,1.8459008247196653
170,1.7,0.11643087854967701,1.8462090398596853
171,1.71,0.1156516987482737,1.846798206793276
172,1.72,0.11457760386728376,1.8476658848537288
173,1.73,0.11476085175118954,1.8480908429745195
174,1.74,0.11294326672202229,1.8488068508319728
175,1.75,0.11252146566912177,1.8498237881917785
176,1.76,0.11165512790819795,1.8505982518831532
177,1.77,0.11036476131611883,1.8514512512122683
178,1.78,0.1093793050408404,1.8515711775070607
179,1.79,0.10848899216120274,1.8523649311395458
180,1.8,0.10741953526171337,1.853306782100852
181,1.81,0.10701339364093511,1.8541010783499372
182,1.82,0.10590934814256775,1.8547425597125404
183,1.83,0.10519636269267903,1.8555841721418924
184,1.84,0.10439912926369396,1.8558703968389194
185,1.85,0.1034173756272061,1.857057635310732
186,1.86,0.10250680366828673,1.857393481087167
187,1.87,0.10186666635762617,1.85832338705621
188,1.8800000000000001,0.10060552739680254,1.8594167917034305
189,1.8900000000000001,0.10039954499950185,1.860017543685205
190,1.9000000000000001,0.09941505745597379,1.860836908531224
191,1.9100000000000001,0.09781397674106465,1.8613172652795849
192,1.92,0.09785656778296552,1.8621761653800804
193,1.93,0.09769250163141031,1.863023058137292
194,1.94,0.09620653341257136,1.8637191877632513
195,1.95,0.09458745942650411,1.864154251922134
196,1.96,0.09400292086618332,1.8652996704668532
197,1.97,0.09380740771134494,1.8660887919823541
198,1.98,0.09313095981513843,1.8663582079918652
199,1.99,0.09171820688756326,1.8675729317467114
200,2.0,0.09192364031993747,1.8683811859089594
201,2.0100000000000002,0.0903291896685673,1.868535852869624
202,2.02,0.09047815350164672,1.8694647802037458
203,2.0300000000000002,0.08878650433944132,1.8701752723593332
204,2.04,0.08854858031459222,1.8709916855425037
205,2.05,0.08727122358264147,1.8717708873725738
206,2.06,0.08679524322416429,1.8728152939298457
207,2.07,0.0868218956483445,1.8737955818872127
208,2.08,0.08526945544546397,1.8742261213098188
209,2.09,0.08510104514403748,1.8747220681448666
210,2.1,0.08420462220741258,1.875749983477784
211,2.11,0.08330057038337137,1.876211372784976
212,2.12,0.08236356405935086,1.8771967988611142
213,2.13,0.08201551516501429,1.8776686506811644
214,2.14,0.08158974650993327,1.878567336796643
215,2.15,0.08077729288682686,1.8792921518893078
216,2.16,0.07984844811966615,1.8801551500669753
217,2.17,0.0792046382411025,1.8805073907589038
218,2.18,0.07897853305490335,1.8814510795039021
219,2.19,0.07820889556476215,1.8821778603080421
220,2.2,0.07754578909549334,1.8825244969902695
221,2.21,0.07623204178745709,1.8843177649282092
222,2.22,0.07607201147907457,1.8848951057422838
223,2.23,0.07570073040921343,1.8857687997729178
224,2.24,0.07511540075075769,1.886095131705801
225,2.25,0.07397713630332176,1.8873177905583758
226,2.2600000000000002,0.07331225773992216,1.887677748210481
227,2.27,0.07273489041005267,1.8884470316363355
228,2.2800000000000002,0.07209412867168088,1.8893358771682989
229,2.29,0.0714374552261208,1.8901348718290323
230,2.3000000000000003,0.07099836840384897,1.89086184315958
231,2.31,0.07047386132315563,1.8916402617394374
232,2.32,0.07012805115394459,1.8919458165453016
233,2.33,0.06901782602497185,1.8927646931125424
234,2.34,0.06874149307028038,1.8937980207845277
235,2.35,0.06825585399630607,1.8941301719110293
236,2.36,0.06726256765158532,1.8949231836976121
237,2.37,0.0670058425369946,1.895500773544173
238,2.38,0.06658897115842233,1.8964715006435229
239,2.39,0.06604415659761774,1.8972344859462285
240,2.4,0.06528041661093942,1.898119278194885
241,2.41,0.06422451235541894,1.8987355938821375
242,2.42,0.06415936434779002,1.8992786854558668
243,2.43,0.0638286619869866,1.8999984241608323
244,2.44,0.0623983160309226,1.9004950090197679
245,2.45,0.062191652084566756,1.9014550115901185
246,2.46,0.06119388575209858,1.9023828537238388
247,2.47,0.06156846125219804,1.9026672897267456
248,2.48,0.061092069028066465,1.9031115237935357
249,2.49,0.06030560913055668,1.904545509039818
250,2.5,0.059679060147668175,1.9046816228213224
251,2.5100000000000002,0.059474601010023366,1.90531509445447
252,2.52,0.059101066300003856,1.905844650265489
253,2.5300000000000002,0.0582963711460939,1.9063491434810338
254,2.54,0.058077922309653196,1.9073583894705222
255,2.5500000000000003,0.05772558407043442,1.908001391430529
256,2.56,0.05683644682669438,1.908435438581765
257,2.57,0.05597809056498388,1.9092274663760385
258,2.58,0.055816709752966986,1.9099984683439168
259,2.59,0.05588359232080533,1.9104943536066608
260,2.6,0.05489008444629402,1.9111030996036322
261,2.61,0.0543683941139687,1.9117376098215053
262,2.62,0.05308168498123586,1.912413763486759
263,2.63,0.05334564049446951,1.9130727000237744
264,2.64,0.053170873483929834,1.9135413565512638
265,2.65,0.052802177323787385,1.9147765940738621
266,2.66,0.052028916800783184,1.9150086507798427
267,2.67,0.05143463977699066,1.9155726636124286
268,2.68,0.051293670059953805,1.91637773122147
269,2.69,0.05032895554980367,1.9167430715852836
270,2.7,0.049866543493261035,1.9175068866091423
271,2.71,0.04962022856943921,1.918089603800026
272,2.72,0.04947479519185811,1.9185698882212183
273,2.73,0.04908183491797568,1.919345094330791
274,2.74,0.048881151407731555,1.9196937488681423
275,2.75,0.048071187632613296,1.9206146257116938
276,2.7600000000000002,0.04758786495797727,1.92084720389121
277,2.77,0.04743096912127402,1.9214438244003875
278,2.7800000000000002,0.047141091242330686,1.9221498111391118
279,2.79,0.046296319920675844,1.922737884658944
280,2.8000000000000003,0.04587033101347723,1.9236585814281577
281,2.81,0.04550645442643931,1.923861922358009
282,2.82,0.04520412452806039,1.9247284658739712
283,2.83,0.04507435855386226,1.9253465125970237
284,2.84,0.044459049383406175,1.925965508019549
285,2.85,0.044178649229731824,1.9265418556892941
286,2.86,0.04373611236618024,1.9269784421724994
287,2.87,0.04299549757246326,1.9271014474089232
288,2.88,0.04278256287315996,1.9281244822091665
289,2.89,0.04236788528744102,1.9286311812097674
290,2.9,0.041654272781022905,1.9293889869988932
291,2.91,0.04162587642110014,1.9297037566791788
292,2.92,0.04131985086492508,1.930513520503754
293,2.93,0.04071948956629175,1.9310450653226956
294,2.94,0.04083203243800678,1.9313045597201686
295,2.95,0.039633073314418635,1.9321098222989201
296,2.96,0.03932901221151804,1.9323339030928721
297,2.97,0.03946523451078129,1.9329106910131597
298,2.98,0.039782947244044714,1.9337649211528396
299,2.99,0.038435179508421964,1.934673239274313
300,3.0,0.038531695045189725,1.9344365451373249
301,3.0100000000000002,0.03812505033594162,1.9351300061228383
302,3.02,0.037254960532813595,1.9356084446338786
303,3.0300000000000002,0.037498383775250714,1.9366516541016872
304,3.04,0.03708000927291562,1.9372946581016413
305,3.0500000000000003,0.036584380185704375,1.9377369153026687
306,3.06,0.036297698363653166,1.937917450998348
307,3.0700000000000003,0.03560996039877182,1.9386478584349294
308,3.08,0.035465009127913165,1.9390481592181195
309,3.09,0.035328529448306216,1.939280561427959
310,3.1,0.03481544257996466,1.9396810838944203
311,3.11,0.03484427373642152,1.9404947114557847
312,3.12,0.034455640328973254,1.9407335620682857
313,3.13,0.03401978449952203,1.9414318864218754
314,3.14,0.03351997571203751,1.9420955770006914
315,3.15,0.033448981881913635,1.941917041660735
316,3.16,0.03357671806666341,1.9427779238669758
317,3.17,0.032903334446630704,1.9437383475212853
318,3.18,0.03273105785072991,1.9438370066033999
319,3.19,0.03257186202080999,1.9443975659063306
320,3.2,0.031900100558296875,1.944195312903018
321,3.21,0.031761154554028455,1.944771065990194
322,3.22,0.03142270541810559,1.9455150467613824
323,3.23,0.03157617880406656,1.9462828869467084
324,3.24,0.030633906246890972,1.9464045029752755
325,3.25,0.030674425175179026,1.9472196396670933
326,3.2600000000000002,0.030668678210023247,1.947186177912481
327,3.27,0.029960703123677133,1.9475943284436257
328,3.2800000000000002,0.029782498716913113,1.948455726505349
329,3.29,0.029266622669598126,1.9489208700468708
330,3.3000000000000003,0.02927787501563612,1.9491237467249451
331,3.31,0.029309673963606734,1.9497283502262868
332,3.3200000000000003,0.028612220955667723,1.9495100144174826
333,3.33,0.02831663645316802,1.9502416937645384
334,3.34,0.02788160674860718,1.950889379478509
335,3.35,0.028118447338903365,1.9509034450380156
336,3.36,0.027338693493695554,1.9513581740744284
337,3.37,0.027418874561320077,1.9523229408157465
338,3.38,0.026948980348133915,1.9525368966081522
339,3.39,0.026712794894003782,1.9526761870091767
340,3.4,0.026357332425441447,1.9531494057283953
341,3.41,0.026420721796000163,1.9535674262680796
342,3.42,0.025669864207590026,1.9540664274984347
343,3.43,0.025312100394978686,1.954179149350627
344,3.44,0.02565186626507345,1.9547329246049956
345,3.45,0.02560329956674638,1.9549649015545356
346,3.46,0.025009025144223915,1.9551587324525848
347,3.47,0.02530704446017842,1.955929990214272
348,3.48,0.024889343746710375,1.9559703227574292
349,3.49,0.023944573170728175,1.9563200567608505
350,3.5,0.0245565200587295,1.9568621826595258
351,3.5100000000000002,0.02378757489433383,1.9575990695031154
352,3.52,0.023761907441242746,1.9572403983424151
353,3.5300000000000002,0.023936271818313027,1.9580449544979792
354,3.54,0.023351184591183575,1.9581616466110119
355,3.5500000000000003,0.023137176334871945,1.9587315732058714
356,3.56,0.02287338651414489,1.9590441486598065
357,3.5700000000000003,0.022719080128584878,1.9594639995863121
358,3.58,0.02239624125037357,1.9595638711944885
359,3.59,0.022686777977135367,1.9600407717460284
360,3.6,0.02139095156104148,1.9602846056858247
361,3.61,0.02184596646294455,1.9609212289508438
362,3.62,0.021966282586021343,1.961080062810301
363,3.63,0.021532863355891756,1.9614364617083375
364,3.64,0.02077576281362085,1.9621492753303302
365,3.65,0.021087687962732242,1.962047893495708
366,3.66,0.02098255121608339,1.9621115939710607
367,3.67,0.02059806100767177,1.9625527112397634
368,3.68,0.020501242799263682,1.9632320839378088
369,3.69,0.02015969540196722,1.963403272861679
370,3.7,0.020254927788914145,1.9637124289881551
371,3.71,0.019513123351987068,1.9637679420431735
372,3.72,0.019989043013064162,1.9643890439267473
373,3.73,0.019171927579097105,1.9644678016382882
374,3.74,0.019201965015917505,1.9647146094055532
375,3.75,0.01863577856569008,1.9648405709518928
376,3.7600000000000002,0.019286499061164725,1.9657179089275159
377,3.77,0.018665609192129243,1.965640119057605
378,3.7800000000000002,0.018946317224606837,1.9659172550016508
379,3.79,0.018377630274479497,1.9666257032753132
380,3.8000000000000003,0.017965329342487152,1.9668763186394789
381,3.81,0.01770612131181674,1.9671248924143891
382,3.8200000000000003,0.01741524538225974,1.9674106805180647
383,3.83,0.017791226680112505,1.9675696912420344
384,3.84,0.01730015872619434,1.967712850636332
385,3.85,0.01708590671819551,1.9681239480047856
386,3.86,0.016863240721561853,1.9687807825188524
387,3.87,0.017099082783920846,1.968893518333752
388,3.88,0.01680987966326303,1.968925101327672
389,3.89,0.016902207629313992,1.9694002561068609
390,3.9,0.01705380551474108,1.9696920869966827
391,3.91,0.016253088973780038,1.9698368682191283
392,3.92,0.016524151060927986,1.9700882624725988
393,3.93,0.015783468101671232,1.9707542059283536
394,3.94,0.015532562768804114,1.9708315162813057
395,3.95,0.015676048932108534,1.970589956290801
396,3.96,0.015822934169344775,1.9713091107006075
397,3.97,0.01575535598575419,1.9718557214755281
398,3.98,0.015432447513619612,1.9721288555312568
399,3.99,0.015356217737276658,1.9719141708378756
400,4.0,0.015043140816413598,1.972524283977251
401,4.01,0.015078518134657104,1.972747192982408
402,4.0200000000000005,0.014818759600244475,1.973004842819455
403,4.03,0.014752874446673316,1.973111067820819
404,4.04,0.014475869775212164,1.9732291784607214
405,4.05,0.014451655151375304,1.9737487601139463
406,4.0600000000000005,0.01409385555490435,1.9739938588375678
407,4.07,0.013995752460792077,1.9738663082056707
408,4.08,0.013746175872784035,1.974420818215266
409,4.09,0.013065207110353555,1.9743996204234948
410,4.1,0.013396520103658481,1.9750487116019617
411,4.11,0.013555741174669761,1.9748036032867446
412,4.12,0.013869639424153184,1.9753093664249957
413,4.13,0.012755365635411254,1.9753964121919612
414,4.14,0.013167752462357048,1.9756286731714148
415,4.15,0.013186913585728117,1.9760881559156187
416,4.16,0.012782205123303431,1.97626352529696
417,4.17,0.012060414811429394,1.9762030599421359
418,4.18,0.012917809440297337,1.9767201839502255
419,4.19,0.012577208405488843,1.9766978277945784
420,4.2,0.012467849753920754,1.97705229860538
421,4.21,0.012853362571267016,1.9772848548245812
422,4.22,0.01190404659146361,1.9772695946120586
423,4.23,0.011909829773692295,1.9775804003068826
424,4.24,0.011632612590644723,1.9778800096047104
425,4.25,0.011555376795457619,1.9779794139058884
426,4.26,0.011998883234927553,1.9781855778457744
427,4.2700000000000005,0.011192276073617308,1.978549679908589
428,4.28,0.011682579410734195,1.9785049786291642
429,4.29,0.011739818601504677,1.97884112304817
430,4.3,0.01143446383821445,1.9791252497454395
431,4.3100000000000005,0.0111283335495688,1.979303494621758
432,4.32,0.011202475393904628,1.979293263002722
433,4.33,0.010724184980018345,1.9793295370967185
434,4.34,0.010735270089333594,1.9801127944352053
435,4.3500000000000005,0.01093143454467858,1.9795885334798364
436,4.36,0.010664715889556177,1.9801535744850012
437,4.37,0.010162272838994431,1.9802676981180558
438,4.38,0.010176622946553589,1.980705540447272
439,4.39,0.010564088218739255,1.980798505951287
440,4.4,0.009996875880480437,1.9808713515712042
441,4.41,0.010110840649373145,1.9809337269943759
442,4.42,0.010422798864383204,1.9809726963784047
443,4.43,0.009512672966853023,1.981039315711961
444,4.44,0.010049202632798881,1.9816381957040647
445,4.45,0.009642306620814247,1.981744812306613
446,4.46,0.009604682633933105,1.9825022610973841
447,4.47,0.009352526514692096,1.9818344088425834
448,4.48,0.009493144274351302,1.9819730044273742
449,4.49,0.009257637075584647,1.9821209677661678
450,4.5,0.009574347666497411,1.9825054131952953
451,4.51,0.008975992906926945,1.982492025737119
452,4.5200000000000005,0.008842917159076813,1.9831151294463005
453,4.53,0.009037944782806949,1.9832063274307552
454,4.54,0.009270303949827545,1.9834906260851364
455,4.55,0.009119004655314027,1.983436482176353
456,4.5600000000000005,0.008191790265403199,1.983305652374271
457,4.57,0.00880784438906911,1.9833968591212472
458,4.58,0.008685815129232216,1.9839653602150935
459,4.59,0.008782298247181273,1.9841319071778498
460,4.6000000000000005,0.008438998754441113,1.9840474867031501
461,4.61,0.00812635100647886,1.9839119884594796
462,4.62,0.008821506977441235,1.984408482206964
463,4.63,0.007855421565425317,1.9845547338884428
464,4.64,0.00780947223116287,1.9845680723216819
465,4.65,0.007582833258400621,1.9849160968971182
466,4.66,0.00797116058786991,1.9848546233328788
467,4.67,0.008287128535424867,1.9852351070225294
468,4.68,0.007753529884557867,1.9851863033838302
469,4.69,0.0077633066450007795,1.9852959463750746
470,4.7,0.007588684857595907,1.9855115759925752
471,4.71,0.007201263703344302,1.9857108745673047
472,4.72,0.007883177855235747,1.9858014375620832
473,4.73,0.0070539487149059036,1.9857388573606598
474,4.74,0.007379593325639064,1.9857378096974314
475,4.75,0.006934260259618549,1.986019022487987
476,4.76,0.007233501451743404,1.9861686148887556
477,4.7700000000000005,0.006732641575326128,1.9861746384228565
478,4.78,0.007065230994384459,1.986581720774928
479,4.79,0.007016572817290182,1.9861834523051765
480,4.8,0.007208825225714856,1.9872626168245593
481,4.8100000000000005,0.006894601100252935,1.9871200280806642
482,4.82,0.006214332380740406,1.9871892947073198
483,4.83,0.0067865382662984156,1.9873070834841762
484,4.84,0.006728754469403644,1.9870715531094487
485,4.8500000000000005,0.006904103738663726,1.98735031147437
486,4.86,0.006841713674381506,1.987786857344922
487,4.87,0.006220368876309382,1.9873854586966324
488,4.88,0.006563818404051091,1.9876751083945903
489,4.89,0.00645833821573566,1.9883083256070069
490,4.9,0.006498261335115144,1.9876982382392299
491,4.91,0.00582042179996564,1.9877624124793807
492,4.92,0.006556027196732663,1.9886776434023792
493,4.93,0.0059312287300578685,1.9880878107006728
494,4.94,0.00537369951621187,1.9883020972903878
495,4.95,0.00612816729410785,1.9884111264418556
496,4.96,0.006174417098142992,1.989134629058618
497,4.97,0.005868214896075867,1.988532787835432
498,4.98,0.005965055214898001,1.989224799160674
499,4.99,0.006016939567922108,1.9892414175324609
500,5.0,0.005942956795692044,1.9890022666817992
501,5.01,0.005857495783516942,1.989065589000402
502,5.0200000000000005,0.005968437607954613,1.989286368706494
503,5.03,0.005051983287209157,1.98908536739112
504,5.04,0.0060191027663183605,1.9895523035693552
505,5.05,0.0053828749527220065,1.9897405846057405
506,5.0600000000000005,0.004743850549081599,1.9899349653644476
507,5.07,0.005317255290639804,1.9896450399243144
508,5.08,0.005533949476733322,1.9900603519961781
509,5.09,0.004683080012308431,1.989938192172536
510,5.1000000000000005,0.005526734521378548,1.9900691671851536
511,5.11,0.004902789686341275,1.9901863621503166
512,5.12,0.004752321965433032,1.9904381190956317
513,5.13,0.004786760843121865,1.9903734891808542
514,5.14,0.005183396391021259,1.9906670622179046
515,5.15,0.005173704857582284,1.990339052905156
516,5.16,0.005140505203654342,1.9906172559049167
517,5.17,0.00460910903637897,1.9906522412064824
518,5.18,0.004355700194912532,1.990586456045044
519,5.19,0.004681939116054715,1.9909841445270748
520,5.2,0.004467615680156798,1.9913678820377054
521,5.21,0.004696890256821042,1.9909888250782772
522,5.22,0.004820741569647833,1.9915053925679236
523,5.23,0.004642340966086064,1.9912759390984527
524,5.24,0.0043085976753521665,1.9909413736115837
525,5.25,0.004743647127521641,1.9914454798259675
526,5.26,0.004506868696140883,1.9916478285062218
527,5.2700000000000005,0.004134721433255466,1.9913686251647682
528,5.28,0.004178079289149613,1.991543805340845
529,5.29,0.0040925162556797135,1.9922931362811183
530,5.3,0.0044592724001416,1.9921287717009735
531,5.3100000000000005,0.004266081482164212,1.992442400905437
532,5.32,0.004236379992501058,1.9923843474966427
533,5.33,0.0036610570860567525,1.9920056312748233
534,5.34,0.004512132349968919,1.9923499173413037
535,5.3500000000000005,0.004387709276880148,1.9926108875774613
536,5.36,0.004157178926075603,1.9923338299985984
537,5.37,0.0036530116459975773,1.9922748636515029
538,5.38,0.0038044467888787444,1.9924680545397326
539,5.39,0.003917246672456809,1.992785703408835
540,5.4,0.003929013439834697,1.9926881465480264
541,5.41,0.00397649724420437,1.9925814400603419
542,5.42,0.004495764240076564,1.9925199409757537
543,5.43,0.0033326786302094904,1.9928506675085829
544,5.44,0.00422481611948603,1.9928923508680123
545,5.45,0.0033502579713708494,1.9929260871191266
546,5.46,0.0034161040088314144,1.9931207102149862
547,5.47,0.0034992196705474557,1.9931254862612537
548,5.48,0.0034209646740729375,1.9932683438613468
549,5.49,0.003541869560686699,1.9929900224845436
550,5.5,0.0035182325842981156,1.993199218681132
551,5.51,0.0030343568594786074,1.9933737477803601
552,5.5200000000000005,0.0035608257951218135,1.9939336814960684
553,5.53,0.0036662440527997454,1.993420986300753
554,5.54,0.0038583089824133325,1.9929984256934652
555,5.55,0.003115035360098495,1.99351769100255
556,5.5600000000000005,0.003356292044638815,1.9935128129886632
557,5.57,0.003026523807183405,1.9933628379029797
558,5.58,0.0031979811959470263,1.9938503737951176
559,5.59,0.002996526653384981,1.9939097921302087
560,5.6000000000000005,0.0033717858182871962,1.9941632151058424
561,5.61,0.003335939605586218,1.9940179818769685
562,5.62,0.0029301580233054634,1.9939970987901598
563,5.63,0.002974297874481533,1.9939471682031555
564,5.64,0.0029958225175934533,1.9941223827059373
565,5.65,0.002840272782684736,1.9939003083192208
566,5.66,0.0028994190485441104,1.9943828497333738
567,5.67,0.0029125864574887327,1.994082527239558
568,5.68,0.003256533493238814,1.9942143773004317
569,5.69,0.0024931647256887005,1.9946272929398448
570,5.7,0.002963268244025703,1.995024339154429
571,5.71,0.0027795426364748826,1.9947624474170156
572,5.72,0.0027133993997083853,1.994361915210046
573,5.73,0.0028834834333007564,1.9944662666810693
574,5.74,0.002316263938844599,1.9945916409087696
575,5.75,0.0029783368410078986,1.9944324649445202
576,5.76,0.002333922542034888,1.9947699865706392
577,5.7700000000000005,0.0026918891795653637,1.994667100553851
578,5.78,0.0026836091240119934,1.9949796164824507
579,5.79,0.002856331805400915,1.9947999489809911
580,5.8,0.0027153393104385414,1.994868506356918
581,5.8100000000000005,0.0026990833535884247,1.9954663123717549
582,5.82,0.002220544298448514,1.9955212388878125
583,5.83,0.0028316891663823667,1.9951344606179564
584,5.84,0.002548649580280124,1.9951838783464835
585,5.8500000000000005,0.002203308851490696,1.9948278320293351
586,5.86,0.0021859457477279463,1.995281367949101
587,5.87,0.002729541979880576,1.9952077301326208
588,5.88,0.0024796095721873576,1.9951769211143509
589,5.89,0.0021749517698524553,1.9953646317697171
590,5.9,0.002570536640606901,1.9954073159140537
591,5.91,0.0016901640532910353,1.9956932498907516
592,5.92,0.002471654403941766,1.9953347813108575
593,5.93,0.0018532961036452878,1.9956158272248958
594,5.94,0.0023948310967560255,1.995491349407808
595,5.95,0.001787644966639548,1.9955328754996207
596,5.96,0.001968017478829097,1.9957015481174405
597,5.97,0.0021573538111680692,1.9958578235712503
598,5.98,0.0020968678258632975,1.9956870582809596
599,5.99,0.002055265285036816,1.9960925647791838
600,6.0,0.002284713758098368,1.9959688876102735
601,6.01,0.00219656942221963,1.996171250318421
602,6.0200000000000005,0.0022449048110861256,1.99600113634034
603,6.03,0.0023452065138248623,1.996120649924071
604,6.04,0.0017465388662351738,1.9960887386247166
605,6.05,0.0016517452762876933,1.9961119918755392
606,6.0600000000000005,0.0018004807811051436,1.995979550907322
607,6.07,0.0015625684256102865,1.996093932829882
608,6.08,0.001349993067269473,1.9957820484393252
609,6.09,0.0017583152566537272,1.9962896022563539
610,6.1000000000000005,0.002227691349910793,1.9965092983930883
611,6.11,0.001607073579089757,1.996403315510548
612,6.12,0.002151592564392136,1.996658397346987
613,6.13,0.0017463727244908134,1.9960750343598992
614,6.140000000000001,0.0017788623580483063,1.996762574447159
615,6.15,0.001303397123869941,1.9962736175595626
616,6.16,0.0022204482187749295,1.9965217436057208
617,6.17,0.002214863435073845,1.996521291846621
618,6.18,0.00198063892940929,1.9962123561711616
619,6.19,0.0014351197075149094,1.99661775486837
620,6.2,0.0015741092705116532,1.9966575690198651
621,6.21,0.0017895111554944731,1.996445664215496
622,6.22,0.0018314950884183755,1.9965963725117202
623,6.23,0.0021528342196882786,1.996453303778594
624,6.24,0.001936748375953068,1.9965366469198595
625,6.25,0.0023218636154187246,1.9968540923638318
626,6.26,0.0013385524500069703,1.9970147018224091
627,6.2700000000000005,0.0016742319077248317,1.9969289954889926
628,6.28,0.0012568651945245733,1.9963958757822877
629,6.29,0.001280361304977037,1.996993664287516
630,6.3,0.0017998758556348703,1.9971915805264495
631,6.3100000000000005,0.0016085622003039284,1.9971206859419492
632,6.32,0.0020378490247673856,1.9968573159742764
633,6.33,0.0016918863834200488,1.9970062019483348
634,6.34,0.0019342392994185068,1.996615434311145
635,6.3500000000000005,0.0018142425212036052,1.9965687264992382
636,6.36,0.0015742915249921973,1.9971600419202065
637,6.37,0.0019650910791383634,1.9972013438605216
638,6.38,0.001647209317619525,1.9974723890647517
639,6.390000000000001,0.0016911533294256369,1.9968833681811795
640,6.4,0.0021660899005785028,1.996965397030333
641,6.41,0.001417432311379513,1.9972263213829684
642,6.42,0.0014553369680783469,1.9969008879164332
643,6.43,0.0010803620314369141,1.9970112950002146
644,6.44,0.0009012253605555378,1.9972463794652566
645,6.45,0.001730301418090623,1.9972341734840744
646,6.46,0.000945571674550573,1.9976205805454987
647,6.47,0.0014778168775308232,1.9973557835051
648,6.48,0.001405539815055558,1.99727595351622
649,6.49,0.0011621090386006745,1.997203437449522
650,6.5,0.0011294887745696665,1.9971304343646967
651,6.51,0.001139808467288862,1.9973271695054415
652,6.5200000000000005,0.0015923610467217864,1.9976548453657215
653,6.53,0.0011800474834644534,1.9971589309072983
654,6.54,0.0016563293287340396,1.9975327176617919
655,6.55,0.0017098049342007973,1.9977122604764614
656,6.5600000000000005,0.0010626142417207718,1.9974958469454087
657,6.57,0.0009188235649857529,1.9976082319988455
658,6.58,0.0012187488969839467,1.9975949958148926
659,6.59,0.001238523103072184,1.9975913942677967
660,6.6000000000000005,0.001160129146749583,1.9976424696372195
661,6.61,0.0010865609527137864,1.9976007850029576
662,6.62,0.001105718825416686,1.9978062401227727
663,6.63,0.0011235391120195458,1.997856505089992
664,6.640000000000001,0.0010620030631929291,1.9978084726729226
665,6.65,0.0014730643512382755,1.9979017035584843
666,6.66,0.0010628979417472892,1.9978790167896758
667,6.67,0.0009154641376785916,1.9974696970743848
668,6.68,0.00127507651367004,1.997786051294295
669,6.69,0.0010293520832129629,1.9980096953732682
670,6.7,0.0011434204841586956,1.9983320021708568
671,6.71,0.0011547380485148154,1.9977352457870505
672,6.72,0.0014885507252110964,1.9982144142112435
673,6.73,0.0006094238330022848,1.9981462525178366
674,6.74,0.000938851441373188,1.997886659632649
675,6.75,0.0006654137477464705,1.9981006479769963
676,6.76,0.0012226859706729195,1.9977225952032311
677,6.7700000000000005,0.0008492731016125189,1.9978892061375673
678,6.78,0.0007033274142479373,1.9980027550391335
679,6.79,0.0007284407417049992,1.9982479680656655
680,6.8,0.0012742598104060032,1.9976273605585975
681,6.8100000000000005,0.00045070475892346044,1.9982763856735124
682,6.82,0.0010187529281879839,1.9983778270205608
683,6.83,0.0005706567460764581,1.9982769406378322
684,6.84,0.0007083032700025296,1.998392782973472
685,6.8500000000000005,0.0005297000128488174,1.9981285742501034
686,6.86,0.0011103789040324953,1.9980456845361734
687,6.87,0.0008504931390346564,1.9983804298377077
688,6.88,0.0011365372992010584,1.997966086706045
689,6.890000000000001,0.000494403613944505,1.9981626548641331
690,6.9,0.0008487287876203316,1.9982727245072802
691,6.91,0.00042426806946502477,1.9980601396023874
692,6.92,0.0009487261213019404,1.998167521019221
693,6.93,0.0005082822110836199,1.998244196656681
694,6.94,0.0012462582114183703,1.9985046801083335
695,6.95,0.000873248296744908,1.9983760529821673
696,6.96,0.0009421705196028681,1.9982769473296926
697,6.97,0.0005427702650183856,1.9983578405933884
698,6.98,0.0007140971734839253,1.998286282402376
699,6.99,0.0010173145698460753,1.9980826301835457
700,7.0,0.0003765552266344349,1.998135285987411
701,7.01,0.000803692733692213,1.998056454943318
702,7.0200000000000005,0.00026241675984782714,1.9986435466193764
703,7.03,0.0006339702334510526,1.998755988183822
704,7.04,0.0010096394854621992,1.998469615825118
705,7.05,0.001049044438632788,1.9983648426870992
706,7.0600000000000005,0.0007191522745018498,1.9983097388233284
707,7.07,0.0007825252494141396,1.9985169048970073
708,7.08,0.0008142252948417743,1.9988531007289316
709,7.09,0.0005061556209012211,1.9987827488274441
710,7.1000000000000005,0.0007841965381813812,1.9984206290665072
711,7.11,0.0004929212265696691,1.9986468321822286
712,7.12,0.0008670254220223218,1.9986170041602374
713,7.13,0.0012375441315266573,1.998532381465032
714,7.140000000000001,0.000589505730358668,1.9989467998059527
715,7.15,0.0008383581501542518,1.9986079955753244
716,7.16,0.0005871346511829145,1.998315009194239
717,7.17,0.0010349025707502273,1.9984835040825029
718,7.18,0.0003010360347802874,1.9985213546945488
719,7.19,0.0005291867429791728,1.9985263687745305
720,7.2,0.00042623458779923035,1.9983798725385595
721,7.21,0.0007474924187110866,1.9987233550599157
722,7.22,0.0007344946406773349,1.9982594837731034
723,7.23,0.0005279787306321842,1.9988565676663395
724,7.24,0.0009632833438486222,1.9985006907915304
725,7.25,0.0005254170880183751,1.9989183704275015
726,7.26,0.0005451855086754231,1.9991097544922087
727,7.2700000000000005,0.00032493337960856606,1.9987655283734194
728,7.28,0.0005257674229204895,1.9990020735433187
729,7.29,0.00019469396990704738,1.9989254745308036
730,7.3,0.0008793672168993462,1.9987819531713318
731,7.3100000000000005,0.00034050193558439105,1.99884640855727
732,7.32,0.00036866795698563265,1.9990248510379462
733,7.33,0.001111661767328978,1.9989978606499577
734,7.34,0.0007936928984053602,1.9988736859288998
735,7.3500000000000005,0.0006156411922382071,1.9990057413863047
736,7.36,0.0006119801716034718,1.998785041335116
737,7.37,0.000701607163011746,1.998929810591116
738,7.38,0.0010672822369181888,1.9984502547329468
739,7.390000000000001,0.0004050207568869254,1.9990241266378526
740,7.4,0.0004557669643819409,1.9988700770550076
741,7.41,0.0004695878408516248,1.9989848973281505
742,7.42,0.0008008682381359463,1.9988501458628944
743,7.43,0.00016457063849371456,1.999036068381712
744,7.44,0.0007453843715288216,1.9990836744692713
745,7.45,0.00034733201492694293,1.999428798087445
746,7.46,0.0011536866037033047,1.9988931062907678
747,7.47,0.0007191806732089714,1.999156904672987
748,7.48,0.0007285647816939985,1.9989847793797983
749,7.49,0.0006342713076679211,1.9989250802630998
750,7.5,0.0005355084788478699,1.999422033236144
751,7.51,0.0003875822041111131,1.9990422985861436
752,7.5200000000000005,0.00023280778839733637,1.9987016819355163
753,7.53,0.0002801531462841714,1.9990798833438512
754,7.54,0.0006781600021970599,1.9993362908771133
755,7.55,0.0007212728888766188,1.9990744157728189
756,7.5600000000000005,0.0010346905049917103,1.9993443920118206
757,7.57,0.0006019018384123057,1.9990337394630877
758,7.58,0.0002983742409251926,1.9991242286547626
759,7.59,0.0006102845291081603,1.999143789202568
760,7.6000000000000005,0.0005377045234734939,1.9991198059614157
761,7.61,0.0005669345376927656,1.9994585584838063
762,7.62,0.00014646104859209212,1.9988250063532558
763,7.63,0.0005188081444533636,1.9991855383178896
764,7.640000000000001,0.0002561396865929708,1.9990621042319066
765,7.65,0.00043770205432935275,1.999246693759509
766,7.66,0.0005510451836084013,1.9993145194652806
767,7.67,0.000610429541180608,1.9992072140819248
768,7.68,0.0007731860308658148,1.9992675478162598
769,7.69,-2.8392367175138135e-05,1.999066164428776
770,7.7,0.00035047571194992625,1.9993764806277545
771,7.71,0.0006249532932017358,1.9990170964572487
772,7.72,0.00044385084759222907,1.9994872447010397
773,7.73,0.0003041260961849508,1.9996962331554096
774,7.74,0.00033893917048135355,1.9991446111163262
775,7.75,0.0008338080486487145,1.9994385912289339
776,7.76,0.0002916245552528753,1.9996231378080076
777,7.7700000000000005,0.00024265915288370065,1.9995193920867995
778,7.78,0.0004716641468050188,1.9991536602899926
779,7.79,0.0006352327282021428,1.9992417054509235
780,7.8,0.00039275687537835245,1.9991988332073227
781,7.8100000000000005,6.409630697410735e-05,1.9995647206501375
782,7.82,0.0008002217505801153,1.9994368723058018
783,7.83,-0.00015354936655965687,1.9994068998648344
784,7.84,0.00024593978230800736,1.999596651947663
785,7.8500000000000005,0.000950105503865456,1.999311657441143
786,7.86,0.0002731687824708689,1.9994224650312635
787,7.87,0.0007688267913609631,1.9997683689443166
788,7.88,0.00011636184526132276,1.9992075857170508
789,7.890000000000001,9.056187140375402e-05,1.9996686516496336
790,7.9,2.2055114598725954e-05,1.9991278136263242
791,7.91,0.00017342370662091767,1.9995047436210156
792,7.92,0.0007040260551671446,1.999627676307171
793,7.930000000000001,0.00038128506169110994,1.999423070395651
794,7.94,0.00034948983760284985,1.9998314652822853
795,7.95,5.01790424433504e-05,1.9993361531199507
796,7.96,0.0006347092089033675,1.9996955478284226
797,7.97,0.00032872489866882525,1.9991342123562914
798,7.98,0.00039744445372554574,1.9993187408434117
799,7.99,0.0004802331904541923,1.9992942445923154
800,8.0,0.00030547557124783434,1.9996403836910712
801,8.01,-0.00013427134167723657,1.999325087704827
802,8.02,0.00031726011928786917,1.9996406974318897
803,8.03,0.000396012564526663,1.9990715722666836
804,8.040000000000001,0.0004077678204739897,1.9992524524780648
805,8.05,0.0003823413185105071,1.999657805502846
806,8.06,0.000405792662471942,1.9990952443104044
807,8.07,0.0008517576842024296,1.9995615862594793
808,8.08,-6.713323618008822e-05,1.9996091248093102
809,8.09,0.00019934306754556657,1.999507022601491
810,8.1,8.854000889397317e-05,1.99971294726395
811,8.11,0.000523360670597905,1.999613039826238
812,8.120000000000001,-5.086064196220254e-05,1.999599135814269
813,8.13,0.0003742761282610412,1.9992471049244425
814,8.14,0.0003083973659485074,1.9995587358048617
815,8.15,0.00048269621036049846,1.9998236272549537
816,8.16,-7.224016786996733e-05,1.9995977401699379
817,8.17,0.00010702933947792095,1.9992392655520694
818,8.18,0.0003185296049092891,1.9992648035555523
819,8.19,0.0001663776219695498,1.9995534514313655
820,8.2,2.9338483940658796e-05,1.9998442304648076
821,8.21,0.00021848439343090484,1.9993909308472217
822,8.22,2.7799776628090596e-05,1.9995225950395519
823,8.23,0.0006008869529166767,1.999627608039696
824,8.24,0.00031639362779866114,1.9993378423679387
825,8.25,1.5478449956263333e-05,1.9996626791880396
826,8.26,0.00024456676196003607,1.9996894339980802
827,8.27,-0.0002080706719698808,1.9994913633332263
828,8.28,0.00040618386256112654,1.9995683271916511
829,8.290000000000001,-0.00027203478773409,2.000012455153695
830,8.3,0.00048746018654904867,1.9991999013025747
831,8.31,0.0008495716979680365,1.9996476709863356
832,8.32,0.0006921835876911422,1.9991824981992241
833,8.33,0.0006393469014634994,1.9994768285902937
834,8.34,-0.00044334956065360384,1.999200255474255
835,8.35,2.9718118772710934e-05,1.9994287012894656
836,8.36,0.00012656211683953933,1.9998559944612833
837,8.370000000000001,0.0006260299707945127,1.999441849666505
838,8.38,-0.0005800441937670024,1.9997144049167181
839,8.39,0.0002542594535594148,1.9999742111539298
840,8.4,0.0005767791001957264,1.999866447350892
841,8.41,-6.80365092620196e-05,1.9995156045111973
842,8.42,0.0002166196084061812,1.999672025378852
843,8.43,0.00010375188857313328,1.999476308807162
844,8.44,-1.3319826479524954e-05,1.999598892803407
845,8.45,0.000285282837968062,1.9998247481557512
846,8.46,1.4425291064773993e-06,1.9994848383641823
847,8.47,8.544818733517159e-07,1.9996004930415052
848,8.48,-8.324929041353017e-05,1.9996752849461155
849,8.49,0.0003220735411238948,1.9999528316434403
850,8.5,0.0003291440778065084,2.0002013160014913
851,8.51,0.00010494082436236789,1.9992434184674426
852,8.52,0.00032158070906938434,1.9996635181267912
853,8.53,0.00035022550008445574,1.9997577628531533
854,8.540000000000001,0.00040151352590405407,1.999377857054581
855,8.55,-7.178781972110883e-05,2.000033717440898
856,8.56,-0.00011168096637745935,1.9994803824967744
857,8.57,0.00054444570948836,1.999838830225292
858,8.58,0.000233782810800891,1.9995337818795382
859,8.59,-0.00011221208954573128,1.9997784566869528
860,8.6,0.0004314157165773673,1.9999747285309522
861,8.61,-4.717409260876257e-05,1.9998073794083344
862,8.620000000000001,-2.102836319432626e-05,1.9994979968302864
863,8.63,-0.0004335211389525324,1.9998142243106432
864,8.64,3.837549744310492e-05,1.9997011017146256
865,8.65,0.00023888738350391677,1.9998768902227226
866,8.66,-0.00016392958234315877,1.9999021442501888
867,8.67,8.760097933782801e-05,1.9999728926682352
868,8.68,7.640849639333101e-05,2.0000607337122607
869,8.69,0.0001558870246309274,1.9995634918153993
870,8.700000000000001,-0.0001440333624369399,1.9995547543295706
871,8.71,0.000217671064255776,1.9999128375087565
872,8.72,0.0003792190096362981,1.9996950079799503
873,8.73,0.00018262180935116478,1.9997588307227643
874,8.74,0.00041010869927939455,1.99977006841951
875,8.75,-0.0005362112799828719,1.9997119965173347
876,8.76,0.0005217659204544841,1.9995783159611662
877,8.77,0.00011452221410981705,1.9996766772549424
878,8.78,4.851342385897078e-05,1.9997839154642698
879,8.790000000000001,-0.0001623525969231336,2.0000645192923288
880,8.8,0.00044614480191102,1.9997712372499727
881,8.81,-8.806277030992628e-05,1.9999433266609934
882,8.82,0.00015241255233009853,2.0000203996241503
883,8.83,0.00023100527835409647,1.9998665653608436
884,8.84,0.0003960631404472597,1.9997519161360031
885,8.85,0.0002472079496132276,1.9998807631258788
886,8.86,0.0002374882545093401,1.9994782154295578
887,8.870000000000001,-0.0003319717563527175,1.9996108280394076
888,8.88,0.00016936901900741516,1.999663395935455
889,8.89,-7.438157195861445e-05,1.9994080911612877
890,8.9,0.00018323553643171178,1.9997800578590992
891,8.91,0.0005586052234378581,1.9995354874159816
892,8.92,-4.7410025381306006e-05,1.9996782970754599
893,8.93,0.00021351615968979795,1.9998222837888457
894,8.94,0.00011409181113709189,1.999993587892237
895,8.950000000000001,-3.1667087743325064e-05,2.0002177196750126
896,8.96,0.00021700458510597707,1.9996201085126166
897,8.97,0.0005845845155516709,1.9997916215724276
898,8.98,-1.3554376537717333e-06,1.9997331572019457
899,8.99,-0.00017969074962115886,2.000099768315914
900,9.0,-0.00010208136632313016,1.9995836662289574
901,9.01,-7.324100081439308e-05,1.9998264565991055
902,9.02,0.0003317508465366703,1.999872777977953
903,9.03,0.00028394808399106206,2.000097916826538
904,9.040000000000001,-0.000218129979415975,1.9999179471572837
905,9.05,0.0004946727635973848,1.9996074886408564
906,9.06,-0.00016011600031409047,1.9997435499409315
907,9.07,-9.088666412345364e-05,2.0003378664039393
908,9.08,0.00028581803664783913,1.9997631357138366
909,9.09,0.0001294360303115341,1.9998886729028684
910,9.1,7.483027024270206e-05,1.9999604704369427
911,9.11,-5.207903163577637e-05,1.9998722796648571
912,9.120000000000001,0.00018258074537694002,1.999938932267507
913,9.13,5.2272836330530075e-06,1.9995147167905492
914,9.14,-0.00033978068421143775,1.9997475773232936
915,9.15,0.0005193386871342415,1.9994278452270777
916,9.16,4.637428898534312e-05,1.9999477113250095
917,9.17,4.547677147049344e-05,2.000066581061211
918,9.18,0.00022139047989358545,2.0002216889748325
919,9.19,-1.5787785208959556e-05,1.9997066306440439
920,9.200000000000001,0.0004812603039847786,1.999769770799404
921,9.21,4.336278754093121e-05,1.9995549570110736
922,9.22,0.00046309118788044054,2.0000133544220913
923,9.23,-0.00024138198983819027,2.0001105249166224
924,9.24,-0.00011687871080210145,1.9997769902321147
925,9.25,8.588941964055556e-05,1.9999545162229617
926,9.26,-3.944418688316157e-05,1.9996964120045337
927,9.27,2.3088570921529216e-05,1.999386636079928
928,9.28,0.0003596161202675072,1.9998068746772886
929,9.290000000000001,0.000341996498058806,1.999888694651709
930,9.3,0.00015833836351433395,2.000229562749884
931,9.31,0.00016319500141834476,2.0002379930774685
932,9.32,-0.00021362617420110343,1.9997806667676303
933,9.33,-0.0001656764331462297,1.9997305976788229
934,9.34,0.0001280513587669098,1.9995144492619519
935,9.35,-0.00016710618360164738,2.000223571895724
936,9.36,-0.00025113859052757826,2.000161863153274
937,9.370000000000001,0.000420264355571682,2.000176052945873
938,9.38,0.00048760991255687963,2.0000004388572896
939,9.39,8.139803881659693e-05,1.9999478398843986
940,9.4,-9.004382631145136e-05,1.9999110060575402
941,9.41,3.928186301440405e-05,2.0000255621559475
942,9.42,0.00022368368083609894,1.9999745484526803
943,9.43,0.0005032752694775275,2.0002101495174553
944,9.44,-0.00020266778559631631,2.0000457371516815
945,9.450000000000001,0.0001361167987543735,1.9999057261687347
946,9.46,-0.00048275276159836296,1.9996328567434587
947,9.47,-0.0002695914302275231,1.9996959700435057
948,9.48,-2.0162489866073095e-05,1.9998809669603894
949,9.49,-5.844090861390128e-06,1.999798968360455
950,9.5,0.0001597535792715738,1.9997477083351025
951,9.51,3.303408469815663e-05,2.0002518773421922
952,9.52,-0.00024576941212061564,1.9998098956838664
953,9.53,0.0002087914356139278,2.0002142359323853
954,9.540000000000001,1.2498709494988274e-05,1.99983730177109
955,9.55,-0.00048091485222839824,2.0002362800951747
956,9.56,0.00026091658580317125,1.9996098862158238
957,9.57,0.00015046013367779295,1.9999620813877503
958,9.58,7.745239409138092e-05,2.000228141387201
959,9.59,4.306414949534511e-05,1.9997129653537138
960,9.6,-0.00019457095551240268,1.9997696157684801
961,9.61,0.00021260080836764424,1.9999948764482773
962,9.620000000000001,-5.4415259982929865e-05,1.999700395239194
963,9.63,-0.000182317301336529,1.9997870018527417
964,9.64,-3.821741300922403e-06,1.9998851247970335
965,9.65,0.0004701647334547881,2.000171187476437
966,9.66,-5.0663661214196175e-05,2.0002238494228504
967,9.67,0.0003277375581706078,1.9997753607066744
968,9.68,-0.00020368782751604771,2.0000716941255594
969,9.69,5.530875356747871e-05,2.000164582721228
970,9.700000000000001,0.00035202808669354617,1.9998308865133834
971,9.71,-1.840966199708278e-05,1.999161400695173
972,9.72,0.0001160416088841565,1.9997422692120614
973,9.73,0.0003868504348981978,1.999736302685104
974,9.74,-0.00042137192186417004,2.0000787195141534
975,9.75,0.00045071539458865767,1.9999366225090072
976,9.76,0.0005224196545589067,2.000118528999208
977,9.77,-3.559785910093112e-06,1.999871706501829
978,9.78,0.00019870692250345586,1.9995936422709883
979,9.790000000000001,-5.116659283325722e-05,1.9999465389831979
980,9.8,0.00024021802298889523,2.0000758263828664
981,9.81,-8.61810488463234e-05,1.999784143354897
982,9.82,-0.0004041000893366041,1.999622828822144
983,9.83,2.0153748017911387e-06,1.99988239404435
984,9.84,-0.00019832835921690202,1.9996952587172558
985,9.85,0.00010411699025415745,1.9996565981923577
986,9.86,-0.00036718892410884024,1.9997391545645857
987,9.870000000000001,1.4213005888079637e-05,2.0002586728565652
988,9.88,3.47222388194457e-05,1.9994918668220159
989,9.89,0.00015985112919745528,2.000065844329086
990,9.9,-9.452156149329177e-05,1.9997455693773643
991,9.91,0.0005783769177797138,1.999955090589983
992,9.92,0.0006370803526319169,2.0002914419813576
993,9.93,0.0001820069505932017,2.0002417854114833
994,9.94,-0.00018552047146218407,2.000107295223353
995,9.950000000000001,-0.00039780562092113053,1.9996205428228708
996,9.96,0.0002842739001595514,2.0002338753877265
997,9.97,-0.0005198022803317658,1.9996226805914035
998,9.98,0.0002673197128552676,1.999538821297006
999,9.99,-6.160931112150108e-05,1.9997863887737999
1000,10.0,0.00023846394963797634,2.0001633426778604
1001,10.01,0.0004539962768329669,2.0001660261962773
1002,10.02,-0.000127215353143875,1.999561502806669
1003,10.03,-5.921334798708175e-05,2.000165743194343
1004,10.040000000000001,0.00013258526659246482,1.9999671696574255
1005,10.05,0.0002527009877880199,2.000215914460771
1006,10.06,-4.679818767520203e-05,2.000008641972981
1007,10.07,-8.811739916119057e-05,1.9998712533790028
1008,10.08,0.0005891123374703206,1.9995354002601364
1009,10.09,0.0002841382051386291,1.9999395772409625
1010,10.1,-0.0002689687153579244,2.0001849209252973
1011,10.11,-0.00029039515900008853,1.9997270464507653
1012,10.120000000000001,0.0002831905253484524,1.9999012694287044
1013,10.13,0.00030366285383071144,2.000222937340065
1014,10.14,-0.00023434599504547164,1.9998599773263663
1015,10.15,0.0005402589536834326,1.9996619430513565
1016,10.16,0.00017349640089330193,2.0002143959310588
1017,10.17,0.0001150223266330295,1.9999585463321952
1018,10.18,0.00012609709410956463,1.9999911725840214
1019,10.19,-0.0004136648136511998,2.0000939833667584
1020,10.200000000000001,-0.00032693107561908167,1.9999787060696432
1021,10.21,-0.0003107400456827031,1.999703723689999
1022,10.22,-0.00027488766877841917,2.000068351130803
1023,10.23,0.00012970483832912215,1.9999354629999306
1024,10.24,0.00014158786390318576,2.0001878257052326
1025,10.25,0.00023639382170402706,2.0001668633489573
1026,10.26,-0.0005934819825260311,2.000275338256589
1027,10.27,0.0004248545482646475,1.9999296554428734
1028,10.28,-0.00020809187453323094,1.9996654982263504
1029,10.290000000000001,-4.6584997530560907e-05,1.9998167100820998
1030,10.3,-0.00030149683055431884,1.9998588723640625
1031,10.31,-3.7815648797936447e-05,2.0001589023879514
1032,10.32,-0.00014740038597288024,1.9997272246326614
1033,10.33,-0.00014150307571670376,2.0001806091289707
1034,10.34,0.0001715762506828344,1.9995674072565877
1035,10.35,-0.00013926792832170458,2.0000028466414697
1036,10.36,0.00038193075411702804,1.9998086274088014
1037,10.370000000000001,0.00011930390367844058,2.0001814003416274
1038,10.38,3.860501557307436e-05,1.999776460522742
1039,10.39,-0.00021165937392782542,1.9997076489300796
1040,10.4,9.590503466449884e-06,2.0000923505653843
1041,10.41,0.0004003691387783276,2.000166541239172
1042,10.42,-0.0002519904747156648,2.0001493479278016
1043,10.43,-0.00017475753106824265,1.9998524810727139
1044,10.44,0.0002943382146135982,1.9999136985925459
1045,10.450000000000001,-0.00030537566106187433,2.0000221088499455
1046,10.46,0.00013137694479836975,1.9998104762522864
1047,10.47,2.0055611119027087e-05,1.9997175218817123
1048,10.48,0.00010902296617725485,1.9996336976521982
1049,10.49,0.00023449006978521893,1.99978477677224
1050,10.5,-7.94298146726192e-05,1.9999734015206374
1051,10.51,-4.024646022846191e-05,2.000334927461251
1052,10.52,-0.0006129197280834353,1.9998280773506751
1053,10.53,-0.00010129456911990231,2.0000475991171958
1054,10.540000000000001,0.00031754627617075135,1.99972944965562
1055,10.55,-0.00042245128018813204,1.9999599838191975
1056,10.56,-0.00017131275343958493,1.9998339638633567
1057,10.57,0.00014994150448655776,1.9999135030827402
1058,10.58,-6.925068555552479e-05,2.0004016799702717
1059,10.59,2.544999529882031e-05,1.9999182138939802
1060,10.6,-8.800694213278601e-05,2.000097588074462
1061,10.61,0.00023512482202468353,2.000033651760733
1062,10.620000000000001,0.00043891705808313746,2.000036510533281
1063,10.63,-8.567124480718859e-06,2.0001049858292963
1064,10.64,0.00047013072033915305,1.9994252035454565
1065,10.65,-0.0003147836368803642,1.9998639548989585
1066,10.66,-9.655725236906167e-05,1.9999215136412958
1067,10.67,0.00035837154444278633,1.9996677591823966
1068,10.68,-0.00037025946284612444,1.9997840947015004
1069,10.69,-0.00013742042031374615,1.9996259151783942
1070,10.700000000000001,0.0002417068870550961,1.999803381577126
1071,10.71,6.462247134483856e-05,2.0000038081373437
1072,10.72,-0.00029700235096218145,1.9998179943416257
1073,10.73,0.0002346451527499385,1.999744494798234
1074,10.74,0.00026258786959259444,2.000277588795189
1075,10.75,-7.855234907667023e-06,2.0002088992332876
1076,10.76,-0.00012943919408449627,1.9999842934007044
1077,10.77,0.00012193332557826472,1.9998622588374095
1078,10.78,-0.000288607303702034,1.9998287412082076
1079,10.790000000000001,-0.00016448212633629603,2.0002738372274433
1080,10.8,0.00029077044838983853,1.9998140330923462
1081,10.81,0.00042652829005435994,1.9999038774757656
1082,10.82,-8.164529042326418e-07,2.000163028157142
1083,10.83,-5.9654824757555445e-05,2.0003344112531107
1084,10.84,-0.0001415614287093277,1.9999289352609473
1085,10.85,0.00027461475403925547,1.999711529769418
1086,10.86,0.00012569823172591725,1.9998833405715606
1087,10.870000000000001,3.0386429411156678e-05,2.0000106608558816
1088,10.88,-0.00039516863119908393,1.9998936721322291
1089,10.89,-2.785708460979126e-05,2.0001762825845595
1090,10.9,0.0001446799409482322,1.99995154688973
1091,10.91,-0.00014568260535864646,2.0001070050683785
1092,10.92,-3.158537669763152e-05,1.999828933119745
1093,10.93,-0.00018504669465316652,2.000021377248405
1094,10.94,-3.49845481622461e-05,1.999788407845538
1095,10.950000000000001,-0.00039457157732945315,2.000268403037781
1096,10.96,0.0003900750314509784,2.00001064659737
1097,10.97,0.0001928214526780497,1.9994824478011421
1098,10.98,-8.713054026832867e-05,1.9997633702628799
1099,10.99,0.00036173129616872573,1.9998858554121333
1100,11.0,-6.302993879015592e-05,1.9999211643917438
1101,11.01,-7.143760574064625e-06,2.0004076927445573
1102,11.02,-0.00016973574533730364,2.0002502578903125
1103,11.03,0.00029402237636399483,1.999849075941888
1104,11.040000000000001,-0.0001848618281814175,1.999968078639787
1105,11.05,-0.00036930648935527333,2.000030939702415
1106,11.06,-0.00022050386930436402,1.9999352439500917
1107,11.07,0.00034861009471050947,1.9999501960039283
1108,11.08,-0.0004636747171374647,1.999803768645041
1109,11.09,-9.410136725449807e-05,1.9999189176410364
1110,11.1,-0.00011197344445136272,1.9999827007443234
1111,11.11,-0.0002800571494105058,1.9998258932949469
1112,11.120000000000001,0.00013736849817267826,1.9997145358714317
1113,11.13,0.00029423273268408984,2.000277801690219
1114,11.14,-0.00025910458002436504,1.9996400991955983
1115,11.15,-0.00027365928055669164,1.9999616485108074
1116,11.16,7.028071961730461e-05,1.999818848336232
1117,11.17,-1.9964256576919786e-05,1.9999731473131166
1118,11.18,0.0005241428277578305,1.9999887447131846
1119,11.19,-9.180654082083824e-07,1.999981503589835
1120,11.200000000000001,0.0002996758118571498,1.999916579661348
1121,11.21,0.00048092635155619036,2.0002677216436373
1122,11.22,-0.00021102866868464285,2.000079112090353
1123,11.23,-2.127866356889312e-05,2.000316677117443
1124,11.24,9.807756550795965e-05,2.000094342649374
1125,11.25,-3.0724168467844654e-05,1.9999602081831545
1126,11.26,-0.0002100121620594272,1.9997197864462442
1127,11.27,6.472185343681932e-05,1.9995293795161402
1128,11.28,0.00046276408428820543,2.0002636398331823
1129,11.290000000000001,-0.0005392758925337319,2.000123924707867
1130,11.3,0.00021021442143879395,1.999845747842491
1131,11.31,-0.0002343970127089855,2.000032089076663
1132,11.32,0.0006238413396916566,1.9995579601688749
1133,11.33,-5.80390037094354e-05,1.9997294096267824
1134,11.34,0.0001715121118425043,1.9995379608696826
1135,11.35,-3.923227033377774e-05,1.9998787493649668
1136,11.36,0.0003054775123268537,2.000047334525866
1137,11.370000000000001,-0.0003160362428457234,2.0000063341044236
1138,11.38,0.0002890621204996507,2.0000730664652338
1139,11.39,-0.00010098112938477816,1.9999855651686518
1140,11.4,0.00023311562744747272,1.999776876022797
1141,11.41,0.0002418722859620676,2.000337180284325
1142,11.42,9.75692903882528e-06,1.9993326427432645
1143,11.43,0.0001363709127696503,2.000047328428598
1144,11.44,0.0005935620093528533,1.9997581097171533
1145,11.450000000000001,0.0007699809457703274,1.99995675818175
1146,11.46,-1.2497055546253116e-05,1.999868361450539
1147,11.47,0.0002946530229051042,1.9999436152684233
1148,11.48,0.00016370585579420763,2.000038276357927
1149,11.49,0.00036249315565621527,1.9998510413857438
1150,11.5,0.00020328000606141758,1.9999931321516282
1151,11.51,0.00014422093201650293,1.9999229837537051
1152,11.52,0.0003330502459152841,2.000192017700357
1153,11.53,-0.00014404117979337853,1.999891668078527
1154,11.540000000000001,-0.00016190319291078684,1.9996698136702
1155,11.55,-0.00019595798936210742,1.9998513752501046
1156,11.56,-2.2898473763799706e-05,1.9999001522216615
1157,11.57,0.00031827416333643244,2.000025908071374
1158,11.58,-1.7108353925850588e-05,2.000237920558078
1159,11.59,-2.5009471271780095e-06,1.9997152440591728
1160,11.6,-0.00018672703538029345,1.9997400653743709
1161,11.61,-5.2954686573692825e-05,2.000173697413544
1162,11.620000000000001,8.919244031963538e-05,1.9999047570045232
1163,11.63,-6.679694836776907e-05,1.999730502817006
1164,11.64,-1.1229513598534987e-05,1.9999560644765741
1165,11.65,-4.235779536702126e-05,2.0001004465660954
1166,11.66,-0.00020453395431479566,1.9999371605458227
1167,11.67,0.0001129617613850641,1.999711869455964
1168,11.68,0.00035141369062463877,1.9994737029009721
1169,11.69,7.324233659064685e-05,2.0000910774223972
1170,11.700000000000001,0.00023487818839459926,1.9998409220650446
1171,11.71,5.9269247780215004e-05,1.9999048131325492
1172,11.72,1.624523489031021e-05,2.0001041584060144
1173,11.73,1.4328850588922832e-05,2.0000116771863428
1174,11.74,8.521242635187385e-05,2.0000550097132845
1175,11.75,9.9646005811744e-05,1.9999904384715808
1176,11.76,-9.707593297863665e-05,2.0000482788064224
1177,11.77,-0.00020555694365121058,1.9997422103342812
1178,11.78,0.00030293153637860363,2.000077137574931
1179,11.790000000000001,-1.2374679399921562e-06,2.000219293245378
1180,11.8,-8.854612198130765e-05,1.9999418261269135
1181,11.81,0.0005841928779534495,1.9996961715933477
1182,11.82,0.00032981633992884975,1.999945407045397
1183,11.83,7.147177865081353e-05,1.9997643866454096
1184,11.84,0.000469902381641531,1.999814779637724
1185,11.85,0.00020977931268971952,1.9999218339099771
1186,11.86,-3.0024066032117046e-05,2.0000737571372067
1187,11.870000000000001,-0.00012409336839687584,1.9995930567240674
1188,11.88,-0.00020723703945152585,1.999929017148006
1189,11.89,0.0001192278343510847,2.0003799896850145
1190,11.9,8.628599922896284e-05,1.9996754752136092
1191,11.91,-4.364802377124167e-05,1.999847026844049
1192,11.92,4.2188369041744724e-05,1.9997950704884804
1193,11.93,-0.00016295837939740034,1.9999076780238585
1194,11.94,-0.00017974790273379512,1.9998438353959036
1195,11.950000000000001,0.0001957864038598457,2.0001523623148785
1196,11.96,0.0005298583583592902,2.000106312129516
1197,11.97,0.00013055808426781158,2.0004203348540384
1198,11.98,0.00017472721849956093,2.0005269762458746
1199,11.99,0.00018132261338115954,2.00004889165572
1200,12.0,-3.847517466706684e-05,1.9999759083268986
1201,12.01,-0.0002884199860135741,2.0000087395212542
1202,12.02,8.071178848395207e-05,2.0002095904140798
1203,12.030000000000001,0.0005165103089825096,2.0000966089582426
1204,12.040000000000001,0.00027417540111422054,2.000534308730175
1205,12.05,-0.00019614223091796182,1.999911574493188
1206,12.06,0.00021508777181958829,1.999943888752196
1207,12.07,0.00019322791966648497,2.000096527142362
1208,12.08,0.00033885430090388534,1.9999071860644144
1209,12.09,3.190586131187435e-05,2.000036800169375
1210,12.1,0.0005660142548376615,2.0001680615252035
1211,12.11,-8.850166191970444e-05,2.000023476072237
1212,12.120000000000001,-0.0004127995695126615,2.0001062517376464
1213,12.13,0.00019426441083585636,1.9997913655420052
1214,12.14,-6.189113796485118e-05,1.999944861487013
1215,12.15,0.0001455559802873472,1.9994823152589023
1216,12.16,0.0003312280650925201,1.999920849620496
1217,12.17,-2.959366281867651e-05,1.9999377023595317
1218,12.18,0.00046588487986490165,2.0002310144270976
1219,12.19,0.00046266517656594607,2.0000628244416747
1220,12.200000000000001,-0.00039253290125516134,2.0001006646961197
1221,12.21,0.00019539480614875137,1.9999573917097255
1222,12.22,-0.00043809930661133306,1.999835445393746
1223,12.23,0.00026820428701605125,1.9995366985904095
1224,12.24,-4.814536506965319e-05,1.99986206743636
1225,12.25,-7.612278595089126e-05,1.9999973744425152
1226,12.26,-0.00019741799408515038,1.9999280962093062
1227,12.27,-0.00047820164168889347,1.99987742231681
1228,12.280000000000001,-9.921319406970054e-05,2.000043768440696
1229,12.290000000000001,0.0003353676589475827,1.9999642632894277
1230,12.3,0.00045779210803119965,1.9996399176693462
1231,12.31,0.00017266541505442558,1.9998604053268032
1232,12.32,0.0001526396600583116,1.9998329221291025
1233,12.33,-0.00022001119720141104,1.9999533940985454
1234,12.34,0.000517848549423004,1.9999694280468376
1235,12.35,-0.0001989621890305215,1.999987880679249
1236,12.36,-0.00026000344166964717,2.000059052114164
1237,12.370000000000001,-0.0003982642506815503,1.9997582940409442
1238,12.38,0.00037609033902476186,1.9998964219027808
1239,12.39,-7.731310604525347e-05,2.000154701430744
1240,12.4,0.00024243345599832746,2.00002081275301
1241,12.41,-7.444113531103652e-05,2.000164559061208
1242,12.42,-0.00011255382554062505,2.000124686283119
1243,12.43,-0.0003142699235797708,1.9995074682418268
1244,12.44,-6.54545678569996e-05,1.9999839172086111
1245,12.450000000000001,0.00014778447762992146,2.000141230656942
1246,12.46,-0.00014433779869786603,1.9997144122317334
1247,12.47,-0.00018880547297880999,2.000356138805228
1248,12.48,-0.00020897274314746238,1.9999701190023336
1249,12.49,-0.00043990293137852426,1.999721481206643
1250,12.5,7.913851585498339e-05,1.999929753930449
1251,12.51,-0.0002080598456459555,1.9999768598964731
1252,12.52,-0.000127186920661021,2.000055366300267
1253,12.530000000000001,0.0002705626661693563,1.9999728973056807
1254,12.540000000000001,0.0003158906772477259,2.0003658471983834
1255,12.55,6.545923680562011e-05,2.0001602565703993
1256,12.56,-0.00043472028887932214,2.0003201750912707
1257,12.57,0.000184768453061415,2.000279469270491
1258,12.58,-0.00022941935294015482,1.999987164481966
1259,12.59,9.280117652945655e-06,2.0000868297197862
1260,12.6,0.0002610884961793888,2.000455992703064
1261,12.61,0.000250942007709554,2.000090839851262
1262,12.620000000000001,0.00020998600015327375,1.9999338222529046
1263,12.63,-0.0006655174495480458,1.9998822245891175
1264,12.64,0.0001384098328483412,1.9999939285946986
1265,12.65,0.00022903884796009592,2.000388772897349
1266,12.66,-0.0002353242556929409,1.9999692257616146
1267,12.67,-0.0006298615844955258,1.9999538159347372
1268,12.68,-0.00038090684761168817,2.000297506689363
1269,12.69,0.00012664054346724462,2.0000075161568476
1270,12.700000000000001,7.801850321102368e-06,2.000102681030357
1271,12.71,-0.0004678189919043783,2.0000584603673213
1272,12.72,4.8655814383812496e-05,1.9996350050534255
1273,12.73,-0.00040440521543472365,1.9993883340846006
1274,12.74,-0.0001099438152140301,2.000036929441296
1275,12.75,-4.3329715127448705e-05,1.9999857229827793
1276,12.76,0.0003272616003516986,2.000235705843636
1277,12.77,-0.00012422696415099728,1.999700548821053
1278,12.780000000000001,0.00016987763493409217,2.0000350199644643
1279,12.790000000000001,0.0006446004344829242,1.9994310120248089
1280,12.8,-0.0003593053773609877,1.9997622031564144
1281,12.81,0.0003128086839650881,1.9999911332176843
1282,12.82,0.0002215902766426854,1.9996409976272096
1283,12.83,0.0002891324743964078,1.9999124033225544
1284,12.84,-0.00019198092141474763,1.9999161407806063
1285,12.85,-0.00029749625736272533,1.9998911386482976
1286,12.86,-4.716559364362125e-05,2.000090874445575
1287,12.870000000000001,-0.00028811936093016774,1.9996040447447834
1288,12.88,-0.00014224939460020448,2.000226004058482
1289,12.89,-6.517745881684711e-05,1.9998035049996803
1290,12.9,-0.0002449484081905076,2.0000802662028816
1291,12.91,0.00024318030316822995,1.9997707108074714
1292,12.92,-0.00036616190358225307,1.9998773196226445
1293,12.93,0.00038796952739194934,2.0000501678541824
1294,12.94,-0.00047077524472142725,1.9999615199148126
1295,12.950000000000001,-0.00045056220942867454,1.9996639326520687
1296,12.96,-0.00021154856275173834,1.9999056779519238
1297,12.97,0.0001867047830693212,1.999963645068581
1298,12.98,-0.00019352325739940287,1.9998370863997181
1299,12.99,0.0002928894926402598,1.9997778099496615
1300,13.0,-0.0004017342393235221,1.999782785859757
1301,13.01,4.6824259906121315e-05,2.0004783106164417
1302,13.02,0.0005642585457773663,2.0000129985179713
1303,13.030000000000001,0.000487533787048203,1.9999637641199686
1304,13.040000000000001,-0.0004108682254770768,1.9998146923587858
1305,13.05,0.0002811699179242381,2.000110194649507
1306,13.06,-0.00017843106881178898,2.0001770636931826
1307,13.07,0.00024840325797869685,1.999781819436517
1308,13.08,0.00027286604974788016,2.000375098537458
1309,13.09,0.00028095990411534987,2.0000307954053262
1310,13.1,0.00012188864706307087,2.000069154407413
1311,13.11,-0.00011488916064918817,2.0000561248568656
1312,13.120000000000001,-4.0616804752910746e-05,2.0000089304142183
1313,13.13,-0.00024556153929714453,1.999818842367058
1314,13.14,0.00016587924985731348,1.9999426391225794
1315,13.15,-5.152013471234997e-05,2.0002347578473203
1316,13.16,5.683115841414657e-05,1.999862708302485
1317,13.17,0.00010672215653354779,1.9999848912352536
1318,13.18,0.00028454037039424865,1.9998602104932872
1319,13.19,0.0002653623762727532,1.9998545421712783
1320,13.200000000000001,0.00020437514844297356,1.9999328453101444
1321,13.21,-5.2323718274688676e-05,2.0001186387661076
1322,13.22,-2.0083906888798518e-05,2.0002351004000207
1323,13.23,-0.00021158590420709505,1.9999439892072934
1324,13.24,-0.0001673118294498114,1.9999383440038607
1325,13.25,-0.0004823190183268514,1.9999362585236604
1326,13.26,-0.00013423928466630583,1.999947407426231
1327,13.27,5.431233650646407e-06,2.0001727113941996
1328,13.280000000000001,-1.7361466695354507e-05,1.9993370826778574
1329,13.290000000000001,1.3761196070325573e-05,2.000040564155506
1330,13.3,0.0002132499353280338,2.0001268813585282
1331,13.31,-3.726986872794914e-05,2.0001201190638405
1332,13.32,-0.0004976030767284137,2.0001852539697036
1333,13.33,-0.00029171407177272057,2.000129242422554
1334,13.34,0.0004061100134050786,1.999684655720584
1335,13.35,-0.00035171163604949334,2.0003160421108612
1336,13.36,-0.000537860200512113,1.9998815188307613
1337,13.370000000000001,9.941536950634477e-05,2.0000830768668596
1338,13.38,0.000335949784461415,2.0004993745070103
1339,13.39,0.00010780799807121695,2.000034237197048
1340,13.4,0.0003776531146726096,2.000115112111299
1341,13.41,4.767462965553895e-05,1.9998576371474597
1342,13.42,-2.6642300189339474e-05,2.0004686146870148
1343,13.43,0.00024339586170162378,2.0002973139680025
1344,13.44,0.00017642164171461646,1.9997301319350627
1345,13.450000000000001,0.00034563619442576837,2.0000070882244048
1346,13.46,-1.6852111393439734e-05,1.9996297210486396
1347,13.47,2.4821980809901987e-05,2.000073296908477
1348,13.48,-0.0003561595332812847,1.999889422442364
1349,13.49,-8.156523168783754e-05,2.000142483368038
1350,13.5,-5.2938843418221935e-05,2.000384292363654
1351,13.51,-0.00022181983671676136,2.000311933398432
1352,13.52,0.0001497717798051302,1.9998196883975632
1353,13.530000000000001,0.00037163950762153947,2.000275474525422
1354,13.540000000000001,-5.6617136049709235e-06,1.9997812720535133
1355,13.55,-0.00023867187262631618,2.000277726811885
1356,13.56,0.00015053878466028328,2.0004554115218487
1357,13.57,0.00016096985940649403,1.9996807481809937
1358,13.58,-6.800660921671572e-05,2.000153985665413
1359,13.59,-0.00033207978320788786,1.999987539370775
1360,13.6,-0.00018926887644251744,1.999952213591806
1361,13.61,9.547354858036328e-05,1.9999992584805157
1362,13.620000000000001,2.712541719001766e-05,2.0000109363738234
1363,13.63,0.00026954508044017616,1.999825461675282
1364,13.64,0.00016114035172861134,2.000015710738117
1365,13.65,2.3325059170179452e-05,1.9999422667001672
1366,13.66,-0.0002478971076087659,1.9999275937854515
1367,13.67,-0.0002551941073943639,1.9999963389023419
1368,13.68,-0.0002730498096287597,1.9998912087632765
1369,13.69,-2.4045912002773625e-05,2.000064710919765
1370,13.700000000000001,0.00027985299461147904,2.000265744762085
1371,13.71,0.0002318837452077582,2.000202671122691
1372,13.72,0.0003391754668377773,2.0001057389576995
1373,13.73,6.668726408978451e-05,1.9998205148130608
1374,13.74,0.0002958578501595288,2.0003122071263357
1375,13.75,-2.506627087371798e-05,2.00015091010508
1376,13.76,0.0002212847208151575,1.999935847934352
1377,13.77,0.00017815949627500641,2.000188088825443
1378,13.780000000000001,-0.0004432470455895307,1.99985969426496
1379,13.790000000000001,-5.139535815443104e-05,1.999937720221438
1380,13.8,-8.523757592852534e-05,2.0002819295950087
1381,13.81,-5.603726218984425e-05,2.000037125668094
1382,13.82,-8.816022059071011e-05,1.9998289829258944
1383,13.83,5.3997717331939526e-05,2.000220493068819
1384,13.84,0.0005033035802748664,2.000221271653036
1385,13.85,4.086395736629687e-05,2.000172887353073
1386,13.86,-0.00013874669346717765,2.0000447430933836
1387,13.870000000000001,-0.00016933886413561555,1.9997684317406
1388,13.88,-0.00029260592544403047,2.000120438967448
1389,13.89,0.00042226412965864514,1.999670869325851
1390,13.9,-6.354597977478239e-05,2.000290034151978
1391,13.91,0.0002722986067256137,1.9999675634583365
1392,13.92,-0.00024853668621433323,2.0003538034920108
1393,13.93,-0.00027851649122334073,2.0001886739881183
1394,13.94,1.987999772444285e-05,2.0002528559827506
1395,13.950000000000001,2.2805883063184082e-05,1.9999390406468198
1396,13.96,9.761661232580266e-05,1.999913777205415
1397,13.97,0.0001243275993192882,1.9996690969460302
1398,13.98,0.0001396198900027137,2.0000364867662093
1399,13.99,-4.6682737247306963e-05,2.000143668489694
1400,14.0,9.328838285917869e-05,1.999813215623229
1401,14.01,7.445658257432696e-05,1.9998453394964797
1402,14.02,-0.00044001574837371145,1.99961609910064
1403,14.030000000000001,-4.040884343536176e-05,1.999909638202189
1404,14.040000000000001,0.0001286528124579813,1.9997055669772945
1405,14.05,-0.0002640289038078511,1.9999994860297254
1406,14.06,-7.70937944966633e-06,2.0002320977486456
1407,14.07,0.00021228739709329233,1.9997613894498165
1408,14.08,-2.116957692810866e-05,2.0000671671255312
1409,14.09,0.00016459914369789413,1.9995781825523262
1410,14.1,-6.195763060618096e-05,1.9999104418329505
1411,14.11,-0.0002110827980129402,1.9999265686506023
1412,14.120000000000001,0.00018545307003901978,2.0004598087218977
1413,14.13,-0.0002586342982044911,2.0001232729515013
1414,14.14,7.571793263069654e-05,1.9998695490420042
1415,14.15,0.00013312656562903367,1.9997532468455073
1416,14.16,-0.00028236924059723125,1.9999237938368375
1417,14.17,-0.00023356354866535065,2.0000337258417793
1418,14.18,0.0004576415747525393,1.9998802565617402
1419,14.19,-1.1997644485571233e-05,2.0001879506475273
1420,14.200000000000001,-0.00015353666998941647,1.9998554659108023
1421,14.21,8.256543027344131e-05,1.9999064133174342
1422,14.22,0.0004140107289826089,1.9999704587402287
1423,14.23,6.446001656444874e-05,2.0000876177650637
1424,14.24,-0.00027090538111345383,2.0000391648850697
1425,14.25,-0.00014457230256988992,1.9998606161528154
1426,14.26,0.0004338855801628487,1.9996282190149686
1427,14.27,-0.0007506847423820954,1.9998342992126639
1428,14.280000000000001,0.00039810950768693216,1.9999950015043335
1429,14.290000000000001,0.0001160341524642604,2.0000435775246816
1430,14.3,-9.060245422116635e-05,2.000072628237225
1431,14.31,0.0002738123273741395,1.9999433348285147
1432,14.32,-9.015833521298524e-05,2.0001940735460093
1433,14.33,-7.509380376719579e-05,2.0002103846022186
1434,14.34,-3.692930036849157e-05,1.9996253635453562
1435,14.35,0.00021131872836577432,2.000217247085291
1436,14.36,6.0075567437863736e-05,2.000168825438032
1437,14.370000000000001,-0.00025183326598951614,2.000024575357133
1438,14.38,-2.1569201175410165e-05,1.9998980996243279
1439,14.39,0.0003037079307217611,2.0002002309627382
1440,14.4,-2.0752716901720234e-06,1.9999611449792576
1441,14.41,0.0003728951681876995,1.9997248649507673
1442,14.42,-0.00012011614586660596,1.9998893822042225
1443,14.43,-0.0002576727502705172,2.0004361035551868
1444,14.44,-0.00016888830093023783,2.000005464607883
1445,14.450000000000001,-0.00026830020267849076,2.0000504981668494
1446,14.46,-0.0002892287525119223,2.000298937787263
1447,14.47,0.0004051338773702543,2.0002215970157846
1448,14.48,-0.00015407931231716223,2.00014736558443
1449,14.49,-0.0002583750609450723,1.9998595689831618
1450,14.5,-0.0005257384142819427,1.9999980651938267
1451,14.51,-0.00032295053447870583,2.000105508535269
1452,14.52,4.939644923771814e-05,1.9999261131045056
1453,14.530000000000001,-0.00024660808605702847,1.9999251732341599
1454,14.540000000000001,0.0001826388225267996,2.0003720292951725
1455,14.55,-0.0004915629006939251,1.9998839539823372
1456,14.56,-0.00017975285621330277,1.9998773069815536
1457,14.57,-0.00011951485903901957,1.9996671640207666
1458,14.58,-0.00027517331206451196,1.9999567819507122
1459,14.59,-3.6464278831615364e-05,1.9996838667345935
1460,14.6,0.00046647796855768943,1.9997778074777621
1461,14.61,0.00018484736286037082,1.9999983546681213
1462,14.620000000000001,0.00018481762141560177,1.9999474579622847
1463,14.63,-0.0001923857593923275,2.000013767360779
1464,14.64,-0.00020013116704118133,1.9999546074604173
1465,14.65,0.0003890239353849385,1.9999703175581456
1466,14.66,-0.0001873467925922811,1.9998981376838312
1467,14.67,-0.0001902349466212064,2.000053993342717
1468,14.68,-0.00022430595755796275,2.0000342613058137
1469,14.69,-0.0002489132225645354,2.000038634528772
1470,14.700000000000001,0.0005244710798038859,2.0001090288784864
1471,14.71,4.061268932509378e-05,2.000073271290069
1472,14.72,0.00015005480800345358,2.0001584452547583
1473,14.73,-0.0004300248531906636,1.999739503512209
1474,14.74,-0.00013854999535587334,1.9999726197350862
1475,14.75,-9.39867517623591e-05,1.9997648966940806
1476,14.76,-0.0005337399032023134,2.00006796714623
1477,14.77,0.0002852444249568166,2.0000510746951905
1478,14.780000000000001,0.00014214916995412063,2.000039721020341
1479,14.790000000000001,0.00019988564318180744,2.0000290298119894
1480,14.8,0.00013249634907813292,1.9997150647970137
1481,14.81,0.00024037268504072278,1.9997943555829643
1482,14.82,9.901606085805348e-05,1.999541900053599
1483,14.83,6.6730878540426e-06,2.0001034478472555
1484,14.84,0.00035671664107412134,1.9999253560269385
1485,14.85,0.00025322021156728915,2.000137690394289
1486,14.86,-0.0006127394281997006,1.999976300542985
1487,14.870000000000001,8.716905938138e-05,1.9999490454903617
1488,14.88,-0.00036518549949407606,2.0003892659653792
1489,14.89,0.00012344326205427454,1.999798151342767
1490,14.9,-8.257898923337354e-05,2.0001255690272255
1491,14.91,0.0002917940969231147,1.9999915641137
1492,14.92,0.00047590686967034833,2.000177757621636
1493,14.93,-0.00039528685126861117,2.0001374622302053
1494,14.94,0.0004090197238705374,2.000397283259977
1495,14.950000000000001,0.00012304466847786526,2.000298461037238
1496,14.96,-1.2436103702369263e-05,1.9999477932503853
1497,14.97,-6.905907222151748e-05,1.999724387192454
1498,14.98,0.0002580021143517878,1.9998223599407605
1499,14.99,0.0002457709836781015,1.9997572567745712
1500,15.0,0.0004146423626143858,2.0000370279370063
1501,15.01,-0.0004529885373546012,1.999859780852737
1502,15.02,8.800197586349003e-05,1.9995614846346357
1503,15.030000000000001,-0.00020863571713044748,2.000019755543321
1504,15.040000000000001,0.00041710219120657556,2.000035548943343
1505,15.05,-0.00024388644334918483,2.0002924989142716
1506,15.06,5.572886358611393e-05,1.999752664226923
1507,15.07,7.138776800000185e-06,2.000077400603453
1508,15.08,-0.00031786193711389615,2.0003267941376595
1509,15.09,-5.447865789956426e-05,2.000300649324325
1510,15.1,0.00016379977252141937,1.9996251635709203
1511,15.11,2.3281219607337987e-05,1.999683959946468
1512,15.120000000000001,0.0003002621868539646,1.9997605009222854
1513,15.13,-0.00031408276258126943,1.9999279597670934
1514,15.14,0.00012832989349155366,2.000044575743395
1515,15.15,0.0005154255722709433,1.9999861378967276
1516,15.16,8.56215219530281e-06,1.9998654283969723
1517,15.17,-0.00013711255901581153,2.0002489501193117
1518,15.18,0.00026574764172782446,1.9999783616821758
1519,15.19,0.00022131173036493546,1.999871883453526
1520,15.200000000000001,0.0002807687370892615,2.000119249058644
1521,15.21,-6.0780218895518706e-05,2.000070991349941
1522,15.22,3.7032299617811444e-05,2.0001184658563713
1523,15.23,2.2268088261062366e-05,1.9999597591782212
1524,15.24,0.00037289472450475575,1.999828351712711
1525,15.25,3.714137350975601e-05,1.9999959069234845
1526,15.26,-0.00014119918206454172,1.9999356788074723
1527,15.27,0.00020292467379879638,1.9998995276984677
1528,15.280000000000001,0.00015897739770681576,2.000124232181787
1529,15.290000000000001,0.00032976402403705704,2.000037028250305
1530,15.3,0.0001625008399262672,1.999847815699572
1531,15.31,0.00013880860114693153,2.0000546417504723
1532,15.32,-1.6879857138682738e-07,1.9997244941188412
1533,15.33,8.344836997518149e-05,1.9999548681537704
1534,15.34,-0.0003485881514694675,1.9995028504295425
1535,15.35,-0.00015098159582188294,2.0001294040741726
1536,15.36,-0.0004507553041320438,1.9998913111732286
1537,15.370000000000001,-0.00017215577783506706,2.0002343476953817
1538,15.38,-6.017371230878264e-06,1.9999383684515
1539,15.39,0.00035694535228464157,2.000136522544189
1540,15.4,-0.0001707991808817882,1.9999629803703702
1541,15.41,5.998574046296389e-05,1.9998194102186873
1542,15.42,0.00010101808035049541,2.0000806928567405
1543,15.43,-0.0004383614254791499,2.0003568258890887
1544,15.44,0.0006467747347537471,1.9995066025728379
1545,15.450000000000001,-0.00018608193688626274,2.0001693444287327
1546,15.46,8.242162066523704e-05,1.999711474605551
1547,15.47,-6.937827260545905e-05,1.999896418752206
1548,15.48,0.00024179473672579035,1.9997363732525173
1549,15.49,-0.00018185207359607428,2.0001900913700306
1550,15.5,-0.000392358782904363,2.0000633192228547
1551,15.51,0.00012693156836821325,2.0001197394536936
1552,15.52,-0.0008539976771377608,2.0001906749426293
1553,15.530000000000001,0.0003836802186387997,2.000004080221615
1554,15.540000000000001,0.0005110583816796314,1.9997618820382166
1555,15.55,0.000442435183617089,1.9998073490991304
1556,15.56,-0.0002447084091605741,1.9997329928385676
1557,15.57,-6.122898258357995e-05,2.0001369170377106
1558,15.58,0.00020082924702134514,1.9998892301456381
1559,15.59,0.0005959419265826276,1.9997981005864693
1560,15.6,5.621092228594516e-05,2.0001320425802698
1561,15.610000000000001,0.0002778732177491997,1.9995037977556442
1562,15.620000000000001,0.00023154273106760137,2.0002592881441026
1563,15.63,-0.00021517896446701572,1.9998634683152237
1564,15.64,0.0001276714251574189,1.9998642148097152
1565,15.65,0.00020357594728803447,2.000232228482991
1566,15.66,-0.0006808923655850732,2.000233300129837
1567,15.67,0.00031912726204612107,2.0002373383880916
1568,15.68,0.00028768483060179125,2.0001950867856935
1569,15.69,5.451786751375351e-05,1.9999116716533194
1570,15.700000000000001,-0.0002936637546822953,1.9997111052876082
1571,15.71,0.0001751240835456256,1.999715475046955
1572,15.72,0.0001283718970443244,2.000009763715427
1573,15.73,-0.0003384444203710772,2.0001091835935583
1574,15.74,-0.00035380029230386593,2.0001142258724864
1575,15.75,0.00021254122765815894,1.999751106673968
1576,15.76,0.0002093987456562859,1.9995680857037965
1577,15.77,-0.000159267712593104,1.9999194615413447
1578,15.780000000000001,-0.00038519867980019374,2.000097607772859
1579,15.790000000000001,-0.00022765413113896762,1.9999464716071107
1580,15.8,5.9821339605113144e-05,2.0003325900257787
1581,15.81,6.301684818852299e-05,2.000068640036756
1582,15.82,-0.0004172802891183376,1.9999476985105658
1583,15.83,-3.6325515092236146e-05,2.000268375231743
1584,15.84,-0.00036798174905428694,1.9999486937391346
1585,15.85,-1.2181855768597507e-06,1.9999156966144924
1586,15.860000000000001,-0.00018765171885812802,2.0001476044869047
1587,15.870000000000001,0.00011823496974952498,2.0002497069186775
1588,15.88,-0.0006089937511947225,2.0000041503385173
1589,15.89,-0.00038217535474917205,2.0002301218669736
1590,15.9,-0.00045585449506980145,1.9995682887053718
1591,15.91,0.00044466826881078944,1.999846299168678
1592,15.92,-6.261888536856597e-06,1.9999076623652583
1593,15.93,-0.00038149277296533745,2.00038557297926
1594,15.94,-0.00023008406260538493,1.9999901970669864
1595,15.950000000000001,-0.00042586235595018187,2.000328087490866
1596,15.96,0.0006250635932226429,2.0003512809675836
1597,15.97,7.469284234628132e-05,1.9997477122780978
1598,15.98,0.00018096298544231781,2.0001851921355303
1599,15.99,-0.00021798995888170942,2.000002921883045
1600,16.0,0.00015231046586238018,1.999962227488346
1601,16.01,0.00015652937077785753,2.0000619098673424
1602,16.02,0.0004561967103565158,1.9997341311349017
1603,16.03,-6.466542263363709e-05,1.9998101381225692
1604,16.04,-5.5137230598527846e-05,1.9999530403243617
1605,16.05,0.0003906473256973886,2.000119150185793
1606,16.06,-0.00021597132804829846,1.9999210103489056
1607,16.07,-3.0201150037648722e-05,2.000278535547299
1608,16.080000000000002,-0.00010215972727828144,1.9998715157745144
1609,16.09,0.0001405330379569315,1.9996076206327706
1610,16.1,3.886965330383701e-05,1.999842981500601
1611,16.11,0.0002206266039459199,2.000032231817585
1612,16.12,-0.0003404308979284372,2.000018324293434
1613,16.13,-0.00017574197081708846,2.00015245732414
1614,16.14,0.00020103598389312714,1.999916785836688
1615,16.15,-0.0003173319750183281,2.0000723492993884
1616,16.16,0.0001390897175342377,1.9997631200291555
1617,16.17,-5.4871284273236255e-05,1.9998374484851018
1618,16.18,-0.0002340024816956811,1.9996695956156982
1619,16.19,0.0002918783028989297,1.9998215393660321
1620,16.2,-0.0003557370422843848,2.0001048961018495
1621,16.21,0.0003155997043132505,2.0001112555185774
1622,16.22,0.00028650302628666806,2.000104070012563
1623,16.23,-4.088954076020635e-05,1.9997209517902157
1624,16.240000000000002,-0.0002223996416256364,2.0000857283384943
1625,16.25,-0.00023825641582490647,2.000277325973158
1626,16.26,0.0004917140497738753,2.000048368761571
1627,16.27,1.9167706478926797e-05,1.9999027988371065
1628,16.28,0.00046939931515948646,1.999655579326846
1629,16.29,-2.0905478288480316e-06,1.9997570697306868
1630,16.3,0.000333419263406299,1.9996457376425212
1631,16.31,-0.0004347734091051876,1.9999145141715462
1632,16.32,-0.00020077461572582658,2.0000853456715784
1633,16.330000000000002,7.152182244157839e-05,2.000021557260234
1634,16.34,0.0001840919739339837,2.000081173260833
1635,16.35,-0.00015621313356239754,1.9999348190457054
1636,16.36,-0.0002513809705305847,2.000035197919393
1637,16.37,-0.00022525723645503104,1.999996298786903
1638,16.38,0.00011921577987502281,1.999880694561043
1639,16.39,-0.00013171187590298988,2.000249098706539
1640,16.4,0.0006562188623208906,1.999926164131033
1641,16.41,6.643939311427245e-05,1.9998809738329517
1642,16.42,0.00025593946757877627,1.9996380177379471
1643,16.43,0.00017929984557051783,1.9999319931216666
1644,16.44,2.570583871923916e-05,1.9999300662517616
1645,16.45,-0.0002665842964645103,1.9998811643605097
1646,16.46,0.00014262031090916312,1.9994815473007175
1647,16.47,7.253355567284941e-05,2.000309027474573
1648,16.48,0.00036631983805598327,1.9999966853971443
1649,16.490000000000002,-0.00030920746701853234,1.9997506597453552
1650,16.5,0.0002464257532476134,1.9999250022942896
1651,16.51,-5.977844762351221e-05,1.999782350349143
1652,16.52,0.0003596539402240699,2.0000287114961086
1653,16.53,-0.0002968105966731888,1.999974744863439
1654,16.54,0.00025402502892617207,1.9996589464041434
1655,16.55,0.0005714319782755096,1.99986554941792
1656,16.56,-0.00011426584882408718,1.999697749726876
1657,16.57,0.0006232848819607578,2.0000629771699385
1658,16.580000000000002,-3.6708068737886295e-05,2.00016280639509
1659,16.59,7.552566690113701e-05,2.0000393507943897
1660,16.6,0.00016095607546495419,1.99987949497598
1661,16.61,0.0001386323872684937,2.000267017389631
1662,16.62,-0.00022408025673205574,1.999797746056735
1663,16.63,0.0007977659104352969,1.9999325664130392
1664,16.64,3.754255754805264e-05,1.9998031087204036
1665,16.65,-0.0003264748544458306,2.00049629098099
1666,16.66,6.028556235549422e-05,2.000510817414645
1667,16.67,0.0001909572631472035,2.0003308539652855
1668,16.68,0.00035661620801908663,1.9996722602404118
1669,16.69,-0.00019933483388317013,2.0000369870504153
1670,16.7,0.00013462145056816223,1.9999832970368117
1671,16.71,-0.00011080876307809232,1.9998285473912867
1672,16.72,-0.000274765833525955,1.9999807341355516
1673,16.73,-0.00048673246787512523,1.99974592484557
1674,16.740000000000002,0.00036859079605341494,1.9998053288294801
1675,16.75,-0.00010158894663162888,1.9996947213067562
1676,16.76,-5.2698049703831975e-05,2.000088430586579
1677,16.77,-8.67708074484664e-05,2.0000525726059744
1678,16.78,0.00013936731971121288,2.000111911035024
1679,16.79,0.00011396765498005877,1.9998372696760485
1680,16.8,1.0642916858806963e-05,2.0001751753282115
1681,16.81,0.00035469772260298885,1.9999560191972092
1682,16.82,4.017920284466463e-05,1.9999293850793987
1683,16.830000000000002,-0.00035641075689742314,1.9998414175789145
1684,16.84,0.00029484617294778774,2.000095150760364
1685,16.85,-0.00012848756443860633,1.9999285954356822
1686,16.86,-0.000270209422538602,1.9998080309097621
1687,16.87,4.997987949626891e-05,1.999988088841264
1688,16.88,-6.397345071126783e-05,1.9998651744775038
1689,16.89,0.0005196684286129187,1.999656300550468
1690,16.9,-6.389353871299235e-05,1.9997749025829072
1691,16.91,-0.00024081620213180308,1.999505597005778
1692,16.92,0.00018216211986897115,1.999460916755979
1693,16.93,0.00043928224137454084,2.000089485634204
1694,16.94,-3.3010946306544265e-05,1.9997804635911944
1695,16.95,-0.00018184038478314638,1.9995366754650312
1696,16.96,-9.302846723423868e-05,2.000253984083828
1697,16.97,-0.00032495259180058503,1.9999494212746285
1698,16.98,0.0002353351439336275,1.9999300004494915
1699,16.990000000000002,-5.859154505925156e-06,1.999784927978811
1700,17.0,0.0003954121771921847,1.999939259783924
1701,17.01,0.0006363328711286543,2.000029286123793
1702,17.02,0.00022729662809861133,2.0002890199031365
1703,17.03,-0.00024276860706977325,2.000025632424208
1704,17.04,0.0003187041763709436,1.99929129190073
1705,17.05,-0.0005480186006454104,1.9998723059789387
1706,17.06,5.314483528867399e-05,2.0002821801964075
1707,17.07,0.00026949624295727657,2.0000039211932212
1708,17.080000000000002,1.8574594780053106e-05,1.9998832032403906
1709,17.09,0.000235100930941092,1.9999540394560398
1710,17.1,-3.579903996416507e-06,1.9998149886844727
1711,17.11,-0.00013415955136484578,2.000105997960226
1712,17.12,4.4552262792917753e-05,1.9998101990403947
1713,17.13,0.00019590466088665454,1.9999890310401518
1714,17.14,-0.0001205705489951666,1.9997318804963709
1715,17.150000000000002,-0.0002804099016207542,1.999397476936709
1716,17.16,-9.890477397806499e-05,2.0000980045524446
1717,17.17,-6.30395593730795e-05,1.999597635048799
1718,17.18,4.084244602847148e-05,1.999941222109952
1719,17.19,-0.00013591511497324237,1.9998812552723155
1720,17.2,6.637564103643822e-05,2.000323227168341
1721,17.21,-0.0004048458813615889,1.999992083066659
1722,17.22,0.0003319773433381294,1.9998043250944177
1723,17.23,0.0005943493992599335,1.9997112133816928
1724,17.240000000000002,0.0002236591101626311,2.0000133225216348
1725,17.25,-7.295415907447882e-05,2.000066187412829
1726,17.26,-0.00019297274813895817,1.9997868374714827
1727,17.27,0.00010459383553954981,1.9995986335201492
1728,17.28,0.00035887476632630945,1.9997617429442303
1729,17.29,-2.1613830310054377e-06,2.0000241347685845
1730,17.3,8.177956460224488e-05,1.9996564440177367
1731,17.31,0.00028570359861807075,2.000310395149228
1732,17.32,0.0002218705794985459,1.9997444155395254
1733,17.330000000000002,-0.0004408274419840657,1.9999417881202963
1734,17.34,0.000296559356723811,1.9996865126363055
1735,17.35,0.00010762192952850648,1.9995727875881675
1736,17.36,-0.0001167396055452291,1.9996050199318398
1737,17.37,-0.0005159285478303302,1.9996299841114853
1738,17.38,-0.00019490490395838544,1.9995096319463403
1739,17.39,0.00020094655334229586,1.9997378404832016
1740,17.400000000000002,-0.0001477047198540677,1.9994073015266849
1741,17.41,-2.052268230967919e-05,1.999669091002041
1742,17.42,-0.00011074881733290053,1.9999675851293903
1743,17.43,-5.056541138785852e-05,1.999888462732689
1744,17.44,7.231921734347102e-05,1.999594378478513
1745,17.45,0.0004115558598167326,1.9996232226853554
1746,17.46,0.00013158996706870527,2.0000233583799645
1747,17.47,-0.00014316588479805907,1.999336398689627
1748,17.48,-0.0002557629453054673,1.9998966735071448
1749,17.490000000000002,-0.000231908664053345,1.9998151124465007
1750,17.5,-4.862252415156252e-06,1.9996732347865067
1751,17.51,1.6658513736124424e-05,1.9993750773266714
1752,17.52,7.927061505797183e-05,1.9996869181573749
1753,17.53,0.00012724175551118651,1.999786696299087
1754,17.54,0.0003776449503573338,1.9999124366482328
1755,17.55,-0.00012198804701925843,1.9998639838802839
1756,17.56,6.38642103368203e-05,1.9996827326882032
1757,17.57,-0.00020255871107041073,1.9997925507410153
1758,17.580000000000002,0.0005721039840449022,1.9998411247466026
1759,17.59,4.000357763694154e-06,1.9998332041905917
1760,17.6,-0.00020806152333504614,1.9999376958880863
1761,17.61,7.131862554875175e-05,1.9996783533291906
1762,17.62,0.0002851433351762653,1.9997404915957169
1763,17.63,-0.00027723728498817575,1.9996477244103785
1764,17.64,-4.938587747484336e-06,1.9995744067200967
1765,17.650000000000002,0.00025622527331030604,1.9999215991727228
1766,17.66,-0.000549324259466692,1.9998053673663942
1767,17.67,2.1182534107184265e-06,1.9993015476128462
1768,17.68,-0.0002356732627249089,1.9994097111514264
1769,17.69,-0.00037812188525560036,1.9994330597360044
1770,17.7,-7.268389007341864e-05,1.999674256720614
1771,17.71,0.0007573859064353644,2.0001485279311795
1772,17.72,0.0001543870960464563,2.000053379660687
1773,17.73,-0.00020151605050731564,1.999585919226623
1774,17.740000000000002,-0.00033990183601817215,1.9997925644044698
1775,17.75,0.00014536131198506064,1.9998637279637639
1776,17.76,-0.00031122553075396084,1.9992895885182633
1777,17.77,-0.0001457587716033136,1.9993795887875172
1778,17.78,-0.0006543412197160542,1.9996257570194664
1779,17.79,0.0003303492593632088,1.999713604700013
1780,17.8,0.00024655373819193916,1.9993237675794078
1781,17.81,-3.059762188496921e-05,1.999659283504352
1782,17.82,0.00021961507067292386,1.9997049154885094
1783,17.830000000000002,-9.027505623327177e-05,1.9998675300711564
1784,17.84,0.00011614091907837253,1.999251096553179
1785,17.85,0.00024602289364990704,1.9996806562513123
1786,17.86,0.0002729146452861287,1.9996855484577827
1787,17.87,-9.287214293078208e-05,1.9996051565897233
1788,17.88,7.366751265990973e-05,1.9999159498120258
1789,17.89,-0.0002958773149160878,1.9993948272418371
1790,17.900000000000002,0.0002212632346855831,1.9994156317977037
1791,17.91,0.0004033290826188947,1.9999021655668265
1792,17.92,6.020145931186826e-05,1.9991234212274818
1793,17.93,-4.755326354737873e-05,1.999715562564828
1794,17.94,-5.48078998411778e-05,1.9995062954282081
1795,17.95,1.918999038056848e-05,1.999732196463054
1796,17.96,-0.0002931791803112617,1.9995765917304635
1797,17.97,-9.413100530446623e-05,1.9996356903627246
1798,17.98,0.00015110926923178334,1.9997385284256695
1799,17.990000000000002,-0.0005847188035900056,1.9993288746252016
1800,18.0,-0.00012863816489613875,2.0000236814043677
1801,18.01,0.00013846942926125342,1.9995001222023538
1802,18.02,-0.00012191846964437007,1.9992916936864387
1803,18.03,2.054587769191245e-06,1.9995312360469741
1804,18.04,3.835959386978439e-05,1.9993153515619724
1805,18.05,-0.0003174976730525931,1.9992093590069944
1806,18.06,0.00011823918343774543,1.999676145327221
1807,18.07,-0.0002004145174392137,1.9994298320772534
1808,18.080000000000002,4.606996318233814e-05,1.9993307846542014
1809,18.09,4.879011018647e-05,1.9997994955926752
1810,18.1,-0.0003309645743126931,1.9996385654170887
1811,18.11,-0.0004984452426677779,1.9996532624418617
1812,18.12,0.00038495407077410236,1.9994948573762206
1813,18.13,0.00032758291487202035,1.9993224130783138
1814,18.14,2.3485456373260586e-05,1.9990769731842168
1815,18.150000000000002,0.00027003242560843415,1.9994750040200382
1816,18.16,-0.00015982004030536186,1.9994250047366684
1817,18.17,-2.574574143176834e-07,1.9992960147786538
1818,18.18,-6.247425325438227e-05,1.9991364644129366
1819,18.19,0.0003250348766281673,1.999305831437177
1820,18.2,-0.0007774009751480776,1.9994631610508442
1821,18.21,0.00019845575969908616,1.999449680617982
1822,18.22,0.00027236938065289913,1.9996131055633657
1823,18.23,0.0002883120947275717,1.9997009250486653
1824,18.240000000000002,0.00010961660957074627,1.9994606789182163
1825,18.25,0.0004888065756421835,1.9994528385635315
1826,18.26,-7.308744648705611e-06,1.9992410051379748
1827,18.27,0.0002894983647936871,1.9992307554681865
1828,18.28,0.0001414176092341905,1.9996915885326427
1829,18.29,-0.00027441896813739747,1.999876494538726
1830,18.3,-0.00011957943102440485,1.9997550809458318
1831,18.31,0.0004021810829283706,1.9998977623330974
1832,18.32,-4.604566146900845e-05,1.999442101908433
1833,18.330000000000002,-3.2962167135258596e-05,1.9991367916992941
1834,18.34,0.000321784414893475,1.9990373899965708
1835,18.35,-0.0006031004358833935,1.9994989979290083
1836,18.36,0.0004162689521645197,1.9994752803436382
1837,18.37,-0.00015305559208535398,1.9996601961687486
1838,18.38,0.00048695832476916464,1.9994734732611403
1839,18.39,-0.0005902373186672173,1.9996396222773287
1840,18.400000000000002,-0.000210881445673439,1.9998071464588436
1841,18.41,0.00017476996874294358,1.999292596181528
1842,18.42,-0.0002661265390209572,1.9993804756272362
1843,18.43,0.0004447084957248021,1.999792857874521
1844,18.44,0.0002212569960080535,1.999308881956854
1845,18.45,6.330799513468823e-05,1.9994845962002137
1846,18.46,-0.0001933130483749539,1.999589661172557
1847,18.47,-0.0003325983135133083,1.9995506118052082
1848,18.48,0.00024435725566069943,1.9995341484686422
1849,18.490000000000002,0.000340582168082105,1.999584578131266
1850,18.5,-1.9424829061534887e-05,1.999265777576737
1851,18.51,0.00026488861256267025,1.9997720269275652
1852,18.52,-0.00013055586371147845,1.9994323670266516
1853,18.53,-0.0002920346418144857,1.99950661389039
1854,18.54,-8.024986164016636e-05,1.99937531551073
1855,18.55,-0.0003877265871827958,1.999461790326664
1856,18.56,0.0001563971640093145,1.9995885043015174
1857,18.57,-0.00019409113383893025,1.9996421605633556
1858,18.580000000000002,0.00025121883940466773,1.999991302015466
1859,18.59,0.0003685956719038447,1.9994091337134612
1860,18.6,0.0006157235425122155,1.9998162419922234
1861,18.61,0.00010537289787515406,1.9997017078242647
1862,18.62,-0.00015099436524079854,1.9996421972121377
1863,18.63,0.0003910964105184672,1.9999540273402976
1864,18.64,9.789949060236523e-05,2.0000815820112354
1865,18.650000000000002,-0.0003078890019488613,1.9995677252935158
1866,18.66,6.79647837325123e-05,1.9996486245605134
1867,18.67,-0.0003445179684417688,1.9995742805135248
1868,18.68,-0.0002919586363091466,1.9999359374279384
1869,18.69,2.5827619369728403e-05,1.999989145087927
1870,18.7,0.00042757416078554927,1.9997476980243274
1871,18.71,0.0005710996160317303,1.9998644430504906
1872,18.72,-0.00026600618616623293,1.9997890795393323
1873,18.73,0.00013306917429419397,1.9996877691473312
1874,18.740000000000002,-0.00014993231665151244,1.999549924578224
1875,18.75,0.000369305466648701,1.9996196607558623
1876,18.76,-8.498124246542688e-05,1.9996971209121224
1877,18.77,-0.00013486816968941994,1.9997517431975462
1878,18.78,1.707576956241194e-05,1.9996458976067026
1879,18.79,-0.00031061483555934596,1.9996770227148248
1880,18.8,0.0001720291730025893,1.9995157282601683
1881,18.81,0.000400661729078156,1.999977605274286
1882,18.82,-0.0002507690464119852,1.9999179010580186
1883,18.830000000000002,-0.0005529018210071112,2.0003984566238717
1884,18.84,0.0006823771390940532,2.0001481581721228
1885,18.85,0.0002012549702365725,1.9995795652609885
1886,18.86,0.000255461447818311,1.9995451393887829
1887,18.87,0.00029521395351744513,2.0000253618661277
1888,18.88,-0.00013417239979793947,1.9999213014358315
1889,18.89,-9.790597545700587e-05,2.0002615221941737
1890,18.900000000000002,-1.5377868317550216e-05,2.0001825574100423
1891,18.91,0.00021723398289376765,1.999634489443704
1892,18.92,0.00024243167353813058,1.9997587665383416
1893,18.93,-0.0002771551534205681,2.0003873129025473
1894,18.94,-0.00045546338301544323,1.99998206372651
1895,18.95,-0.00036191442319349735,1.9996366911883396
1896,18.96,0.00010158259337612358,2.000142274672276
1897,18.97,8.337031122034534e-05,2.000140883207656
1898,18.98,-0.0002661309259292682,2.0003794014836935
1899,18.990000000000002,-0.00010987181846527005,2.0001757175024584
1900,19.0,-0.0001429697992364804,2.0000964004263837
1901,19.01,0.0001729648991893193,1.9999426024338394
1902,19.02,-0.00022487467021508955,2.000036655818126
1903,19.03,-0.00024226980077475516,1.9995811430172326
1904,19.04,-0.00019790622480410754,1.9998266301300132
1905,19.05,0.000191171198154623,2.000197873778551
1906,19.06,-0.00011264551136472932,2.000312962217354
1907,19.07,-4.64209218379438e-05,2.0000240041773254
1908,19.080000000000002,0.00025922232747274725,1.999807246169094
1909,19.09,-0.00015735786635751476,2.000023019462619
1910,19.1,-0.0004863221999052964,2.0003769515959613
1911,19.11,3.778552998175522e-05,2.0000184540299357
1912,19.12,-7.49037488296399e-06,1.9997264189401993
1913,19.13,0.00024385784181740527,2.0002272850424325
1914,19.14,0.0002578267542702189,1.9999195434672423
1915,19.150000000000002,-0.0002022999700067323,1.9998028369002763
1916,19.16,0.00015313981059240356,2.000161278502038
1917,19.17,0.0003137409816240997,2.0003497332155513
1918,19.18,-0.0005647705668949224,2.000099114426061
1919,19.19,-0.0004834950780580679,1.9998353156239126
1920,19.2,0.000422216370236168,2.0002713934198373
1921,19.21,-1.9769618396981903e-05,1.9999602273383377
1922,19.22,-0.0002813456392827793,2.0001426573333605
1923,19.23,0.00024056436873367846,1.999916696711281
1924,19.240000000000002,-0.0002927145192222921,2.000178143145994
1925,19.25,-6.105546143995587e-05,1.9999518685392894
1926,19.26,0.00034778061225252614,1.9999654082664406
1927,19.27,0.0003325080051560706,2.0003029086943767
1928,19.28,-0.00033338540140727494,1.999937636995188
1929,19.29,0.00012546502151050058,2.0003920251771894
1930,19.3,-0.0005042188597288036,2.000177828750743
1931,19.31,6.55197224394938e-05,2.0002783101322272
1932,19.32,9.115850233816462e-05,2.0003615536072945
1933,19.330000000000002,6.0649339101090525e-05,2.0003158547914044
1934,19.34,-3.9968337517897095e-05,2.00032975731681
1935,19.35,-0.0003859703504268014,2.0001664827683676
1936,19.36,0.00027291500968917973,2.0000363821896467
1937,19.37,-0.00014395567848737034,2.000357969939594
1938,19.38,-0.00018672844362017767,2.0006777293917555
1939,19.39,-0.0005013280628139786,2.0006441494289775
1940,19.400000000000002,-0.0003148088164292547,2.0003013636525604
1941,19.41,-0.00035729368331399784,2.0003509667732087
1942,19.42,-6.345341046630592e-06,2.0002795753491824
1943,19.43,-2.2782044949968982e-05,2.000153539787153
1944,19.44,-0.00014666680396283602,2.0002009956958697
1945,19.45,0.00044704877258889484,2.000292381778995
1946,19.46,0.0004055020115748411,2.0002604876881414
1947,19.47,-0.00038358251301652747,2.0005067350663888
1948,19.48,1.095711176131536e-05,2.0002766063650594
1949,19.490000000000002,9.524456737834775e-05,2.000478509042147
1950,19.5,-0.0002784888564526999,2.0003615072895577
1951,19.51,5.75185965254233e-05,2.000097815720847
1952,19.52,-0.00021432295926596852,2.0003388749612685
1953,19.53,-0.00030019877552662637,2.000068635747199
1954,19.54,0.0001510163173809591,2.0003422326491966
1955,19.55,-0.00032377445118742215,2.0006605170797798
1956,19.56,0.00039814370842012746,2.00021560367374
1957,19.57,0.0003383059792223791,2.000733899536043
1958,19.580000000000002,-0.00029456675767996116,2.000350906776394
1959,19.59,0.00030825465582682096,2.0003163150032033
1960,19.6,-0.0004118652424105969,2.000178980147167
1961,19.61,-0.00019207691952583168,2.0007018396972023
1962,19.62,-0.00026010124596931506,2.000331411405977
1963,19.63,3.2153576528415166e-05,2.000701312267973
1964,19.64,0.0002928873604308867,2.0002674146681954
1965,19.650000000000002,-0.0003809469167844555,2.0009949901584467
1966,19.66,0.00018446685849294277,2.0006820810388497
1967,19.67,0.00010092853268480671,2.000627644620149
1968,19.68,5.6159634547694875e-05,2.0006065431160986
1969,19.69,0.0002746723640974326,2.000442082024488
1970,19.7,-0.00024357123393023634,2.000436404976794
1971,19.71,0.0004441739725011723,2.0004020297765446
1972,19.72,-0.0004525394111619442,2.000754570472469
1973,19.73,-3.925196870533212e-05,2.0007676119159337
1974,19.740000000000002,-0.00032296304046193047,2.0004857580041087
1975,19.75,-0.00023794247542224773,2.0003688687573766
1976,19.76,-0.0002659356335567586,2.0010449783745616
1977,19.77,0.0005675062700179952,2.000860576098499
1978,19.78,0.00020214518262512223,2.000650009974113
1979,19.79,-8.434234322891872e-05,2.00038049576929
1980,19.8,-0.0003863949716700699,2.000648345458448
1981,19.81,3.1378143525756394e-05,2.000481664252737
1982,19.82,-0.0002599743007908772,2.000581984287364
1983,19.830000000000002,-0.0003469313764690868,2.000809450016724
1984,19.84,-0.00034231902207569387,2.000534904933719
1985,19.85,-0.0001501321470899957,2.0006609726461595
1986,19.86,-0.00018212880313403588,2.000730513405026
1987,19.87,0.00014207987881445828,2.0005067207624365
1988,19.88,0.00026611780427412306,2.0005093066632877
1989,19.89,9.092187368936514e-05,2.001045206073776
1990,19.900000000000002,4.1615239391300654e-05,2.0005810465138523
1991,19.91,-0.00036186468220127387,2.000603649658404
1992,19.92,0.00011381156294092085,2.00075645405572
1993,19.93,-0.00013544933563138144,2.000313332675959
1994,19.94,0.0005938548236282584,2.000557449917836
1995,19.95,-0.0001916212975641816,2.000790047135317
1996,19.96,0.0001331252991796854,2.000564742983372
1997,19.97,-2.26281141280297e-05,2.000643684379025
1998,19.98,0.00037597319150021904,2.000444372392487
1999,19.990000000000002,-6.987293733036801e-05,2.0005436477585516
2000,20.0,0.00028144950596973884,2.0008534945525227
2001,20.01,0.0005530314144403119,2.000598361749435
2002,20.02,0.0003612582540096189,2.000329978476132
2003,20.03,-0.0002237539389784855,2.0007806192230047
2004,20.04,4.219744454540924e-06,2.0008599572996886
2005,20.05,0.00026451952138790264,2.0009268448182485
2006,20.06,-0.00027763901765902294,2.0009813459166566
2007,20.07,0.00033592949130531875,2.000357936270887
2008,20.080000000000002,6.87512956026019e-05,2.000630868248408
2009,20.09,-0.0002606924578715903,2.0003754287054742
2010,20.1,0.0001687562562119946,2.0008855158607233
2011,20.11,-6.853839559271577e-05,2.000508773279196
2012,20.12,-0.00017631394459943664,2.000485999253775
2013,20.13,9.787532800337569e-05,2.0009486387091218
2014,20.14,4.902819616564092e-05,2.0008709701910594
2015,20.150000000000002,-8.030636276519718e-05,2.001105268675573
2016,20.16,-0.00039484848984104354,2.000723562003095
2017,20.17,-0.0002588007605301606,2.0007950606454115
2018,20.18,0.00023218495840872337,2.0012274443938955
2019,20.19,-0.00019496075991051422,2.000481355289153
2020,20.2,-0.0001293983655705239,2.0007902374817457
2021,20.21,-0.00035680789393317076,2.000898810522152
2022,20.22,5.5563184680426574e-05,2.0004423468196566
2023,20.23,-0.00025532749107389684,2.0005102023976846
2024,20.240000000000002,-0.00028019260100914714,2.000622322234568
2025,20.25,0.00019934109315499984,2.000566911546052
2026,20.26,-0.00032652604976609445,2.000827719090514
2027,20.27,3.3726251346389606e-05,2.000130977986403
2028,20.28,-6.07520641433603e-05,2.0007351767327544
2029,20.29,8.972427490378855e-05,2.0001563490271814
2030,20.3,0.00023411492684445248,2.0004030382839386
2031,20.31,-0.0003547009864470802,2.000726076283243
2032,20.32,-4.509675125454318e-05,2.0006996753220774
2033,20.330000000000002,-0.00023764627056191946,2.0005724594845495
2034,20.34,-1.635474382450913e-05,2.000614032326179
2035,20.35,0.00015412616708200872,2.0004878234903996
2036,20.36,5.8158898498248325e-05,2.000436445279943
2037,20.37,-0.00021604838292366304,2.000529865012186
2038,20.38,0.00019570112727498618,2.000600658138448
2039,20.39,-0.0005264313669747113,2.0007415093785306
2040,20.400000000000002,-0.0002954304438326199,2.0006097505150637
2041,20.41,-1.6947823239896522e-05,1.9997619936404913
2042,20.42,-0.0003995488969105199,2.000168660347105
2043,20.43,9.349411220508418e-06,2.0000304506857116
2044,20.44,7.249773313533664e-06,2.000350987536611
2045,20.45,8.704601811979583e-05,2.000015645657381
2046,20.46,0.0002656532727203485,2.0001854928828036
2047,20.47,-0.0002664061432809708,2.0001975865721855
2048,20.48,7.918307444961393e-05,1.9999873599554312
2049,20.490000000000002,0.00039996975712571934,2.000344222095547
2050,20.5,0.0005615240789962724,2.000075710901014
2051,20.51,-7.974081034718233e-05,2.000207459899226
2052,20.52,0.0003688284476174079,1.9996071917865863
2053,20.53,0.00037158015649840835,2.000258585114415
2054,20.54,4.348631619452653e-05,2.0001804716462805
2055,20.55,-0.0005203498159295811,2.0001845832612473
2056,20.56,0.00035913748243571,2.0000822419314437
2057,20.57,0.0004024185813024,2.000462325393996
2058,20.580000000000002,-0.00018510943735264892,2.000423767052475
2059,20.59,-3.9816163749991634e-05,2.0001696804103304
2060,20.6,-0.00042596226899880804,1.9998105927372904
2061,20.61,-0.00037352428829230455,2.00015074093998
2062,20.62,-0.0001668879733251203,2.000036812103746
2063,20.63,-9.076953728755093e-05,1.9997038412350592
2064,20.64,0.00016928616135768708,1.999949859939632
2065,20.650000000000002,0.00021553725251307858,1.9995003832765517
2066,20.66,-0.000276460443215793,1.9995901919396268
2067,20.67,-0.00027293822249656357,1.999558876685853
2068,20.68,-9.765104723375161e-05,1.9999916926939747
2069,20.69,7.831646847123824e-05,1.9996056458698168
2070,20.7,-0.00012814514947130092,1.9992221608452032
2071,20.71,-0.0003725858345989839,1.9998637275888256
2072,20.72,-0.0002442303495431311,1.9991944885962465
2073,20.73,7.004941573650138e-05,1.999105047312711
2074,20.740000000000002,0.00026434286820873807,1.9997170550820005
2075,20.75,0.00020838407455757993,1.9990962500546128
2076,20.76,-0.00027994570426667555,1.9990735198956848
2077,20.77,-0.0003620067508984933,1.9991135322347957
2078,20.78,1.1355268587140268e-05,1.9989125916681576
2079,20.79,-0.00018326428518698531,1.9991264351285742
2080,20.8,-0.00027559180270769155,1.9994262737326334
2081,20.81,-0.0005750576532541199,1.999389131130092
2082,20.82,-0.00016331620780986238,1.9994336159244794
2083,20.830000000000002,-0.00039688724401458665,1.9986407489062534
2084,20.84,-0.00017601511668900597,1.9989781519921628
2085,20.85,5.624434623098901e-05,1.999001689181063
2086,20.86,-3.58574269272709e-05,1.9990681919918187
2087,20.87,0.00038265636963384127,1.99881732265195
2088,20.88,8.791480640093593e-05,1.9990450952664727
2089,20.89,-0.000467681046902699,1.9989691481375753
2090,20.900000000000002,-0.00041650587468363375,1.9984683703135073
2091,20.91,0.0001582333158156841,1.999223263295709
2092,20.92,0.00027219193152536625,1.9987581799979601
2093,20.93,2.7758513865132135e-05,1.9986996766186513
2094,20.94,4.640464041003158e-05,1.9988367924229213
2095,20.95,-0.0001933067430650901,1.9988853038405279
2096,20.96,-4.299944925428468e-05,1.9990633934317261
2097,20.97,0.000176449867415931,1.9989663002944245
2098,20.98,-0.0005495762012558814,1.998730950819259
2099,20.990000000000002,-0.0005869551230753218,1.9988784468974385
2100,21.0,4.347334372257037e-06,1.9986262744066807
2101,21.01,-8.462622386202779e-05,1.9985249076384015
2102,21.02,-0.0001258936004428043,1.9984269290546093
2103,21.03,0.00019910238211709916,1.9987252878379442
2104,21.04,0.00010924914617316192,1.9986774630616362
2105,21.05,7.74961988864878e-05,1.9986123221076313
2106,21.06,-0.00036402373542068203,1.9986226746342288
2107,21.07,-0.00013036964839821896,1.9988835970642906
2108,21.080000000000002,-2.8923336762094218e-05,1.9986884541965604
2109,21.09,0.00018808785528713387,1.998723218553601
2110,21.1,-0.0005958609505485053,1.9985533828493927
2111,21.11,-2.4868356681312825e-05,1.9983144427308703
2112,21.12,0.000542064163492681,1.9983724148329405
2113,21.13,-0.0005699552721306155,1.9986393923447308
2114,21.14,0.00029357827339172935,1.9987584367987377
2115,21.150000000000002,0.000315540284640021,1.998586098080442
2116,21.16,0.0005315667429884988,1.9987146623142042
2117,21.17,0.0004551856123390809,1.9985560548221946
2118,21.18,0.0003056509593596816,1.9988352992275131
2119,21.19,-3.05381579432365e-06,1.9984768436580613
2120,21.2,-0.00045143676704346254,1.9983885216044053
2121,21.21,-0.0004389300849600209,1.9985896822688631
2122,21.22,-0.0003469987754310078,1.998636073213323
2123,21.23,-9.087467204916814e-05,1.9987939935232626
2124,21.240000000000002,-0.0004164179548795558,1.9992089227517915
2125,21.25,0.0003102030280573351,1.9987886456701147
2126,21.26,-0.00031708144279841803,1.998745047032124
2127,21.27,0.0001746702809024898,1.9986925362905459
2128,21.28,-0.0003273452283085617,1.9984529926970405
2129,21.29,-0.00012843290488845653,1.9989555715234884
2130,21.3,0.0002905764194136912,1.998857138582438
2131,21.31,4.987277958777048e-05,1.9985411977516818
2132,21.32,4.984836441966933e-05,1.998626219404771
2133,21.330000000000002,-0.00028010898287654355,1.998232123533045
2134,21.34,-0.00042051994149036565,1.998944160575218
2135,21.35,0.0001657959282761994,1.9985386710830069
2136,21.36,0.00029858745850791995,1.9989813568477266
2137,21.37,-0.0001028974340416391,1.9985166927993534
2138,21.38,0.00016842629361399982,1.999003988000585
2139,21.39,-0.00010333735025659058,1.9987344644745697
2140,21.400000000000002,-5.6427948251223745e-05,1.9989585352214687
2141,21.41,0.0002797627269085612,1.9987641165342918
2142,21.42,7.353590743857386e-05,1.9988591449118718
2143,21.43,-0.0004351626237313166,1.9992325738926005
2144,21.44,0.0003974244553114127,1.9992125344482574
2145,21.45,0.00028914170221670945,1.9988906606993009
2146,21.46,-0.00014626509356752994,1.9991654869090123
2147,21.47,-0.00032983540621719123,1.9993193778603087
2148,21.48,-4.164238054299105e-06,1.9993249899545673
2149,21.490000000000002,0.0006879143882937687,1.9989205779682306
2150,21.5,4.732509554612025e-05,1.9995921553813705
2151,21.51,-0.0005158821583129306,1.999136872904552
2152,21.52,0.00012942775940327376,1.9994355160765478
2153,21.53,-0.00045326814542893316,1.9991240628152758
2154,21.54,0.0002150484360229823,1.999509274539426
2155,21.55,-7.379321702547888e-05,1.9994389367898873
2156,21.56,0.00010301393910334165,1.9993002817544059
2157,21.57,0.0002871001090516181,1.9996349010894554
2158,21.580000000000002,-0.00017029028335200966,1.9997190896263706
2159,21.59,-0.00037443807644975543,1.999803239603374
2160,21.6,0.0002346268779127532,1.9994290237475172
2161,21.61,-9.637118901657462e-06,1.9998112412524898
2162,21.62,0.0001713934726329194,1.999490278823083
2163,21.63,0.0001813693415301726,1.9999725782002797
2164,21.64,-0.00010374230497614195,1.999866005175889
2165,21.650000000000002,7.897946490704474e-05,1.9998955693002902
2166,21.66,-4.03006715344842e-05,1.9998226742365985
2167,21.67,-2.8680269198380248e-05,2.0001097973169033
2168,21.68,4.127524800656791e-05,2.000392108298079
2169,21.69,0.00048814760154355615,2.000241866778296
2170,21.7,0.0002570583377627264,2.0000924569355254
2171,21.71,-0.000245078651122587,1.9996428387518599
2172,21.72,0.00014828315295029086,2.000101048013412
2173,21.73,0.0004730152467190393,1.9999211018688308
2174,21.740000000000002,0.00022755986237240768,2.0004150964602383
2175,21.75,-0.0002534936260263557,2.0001945724617847
2176,21.76,0.0006530671200092129,2.000336926005843
2177,21.77,0.0004071607599692597,2.0003254840263778
2178,21.78,-0.0004703180156079584,2.0004894050446564
2179,21.79,-0.00032050818279661324,2.000180277960194
2180,21.8,8.150495426282802e-05,2.0005229645757194
2181,21.81,5.2279062272577284e-05,2.0012772055663275
2182,21.82,-0.0004038848753276647,2.00068934972735
2183,21.830000000000002,-9.741208557424845e-06,2.0008697888630524
2184,21.84,0.00037512252518229417,2.0010269676335635
2185,21.85,-0.000140395620690994,2.001072639795224
2186,21.86,-0.0005346076637824529,2.000718904518472
2187,21.87,0.0005523604540088264,2.0007534690124738
2188,21.88,-0.00029572208901238226,2.001207504845536
2189,21.89,0.0002984031540541051,2.00124388510058
2190,21.900000000000002,-0.00045772677369835076,2.0011600520443777
2191,21.91,-0.00021692131425539462,2.0013083705000487
2192,21.92,-0.0008684377642335279,2.0010317056990568
2193,21.93,-6.641260355937949e-05,2.0013015221159116
2194,21.94,-0.0006583160925803069,2.0013524226591057
2195,21.95,7.060473225109504e-05,2.001275625836184
2196,21.96,0.00040537191986286683,2.001284191760748
2197,21.97,-0.00011827026030501702,2.0015437078325387
2198,21.98,0.00023768669415266845,2.001333333934038
2199,21.990000000000002,8.347076050070555e-05,2.0016795782179586
2200,22.0,0.00014829380755341061,2.001498574853128
2201,22.01,-3.423840693397485e-05,2.001399930483731
2202,22.02,0.00027255673803567584,2.001331180634517
2203,22.03,-0.00044740423125828773,2.001520817358568
2204,22.04,7.506186720653071e-05,2.0017017385509375
2205,22.05,-2.0659960003381628e-06,2.001332215741402
2206,22.06,0.00030352029848828237,2.001887993447248
2207,22.07,-0.0002896858371739327,2.0016667566553368
2208,22.080000000000002,-0.00015571066099184864,2.0014083727514693
2209,22.09,0.000187140437559268,2.0016638594057223
2210,22.1,7.435482936560355e-05,2.0022350843902186
2211,22.11,-0.0002847960551782958,2.0019514877237206
2212,22.12,-0.00038554186578077605,2.0018181426158623
2213,22.13,-0.0002444601054538326,2.0014028022194337
2214,22.14,-6.067860633477105e-05,2.0017234772777646
2215,22.150000000000002,0.0006209165479310906,2.001813201948275
2216,22.16,-0.00013231291546605576,2.0018983423842074
2217,22.17,3.156460798924054e-05,2.0016705104647468
2218,22.18,0.0005346291936386032,2.0018096815323525
2219,22.19,0.0001485774100126474,2.0018692046634046
2220,22.2,-0.00021370614886238005,2.0016631082976293
2221,22.21,-0.0003617273274256646,2.001943263868341
2222,22.22,-0.00015996401829670778,2.0016131161057507
2223,22.23,-0.0002707564113543458,2.0021200714200336
2224,22.240000000000002,0.0002777594811139982,2.001846826042434
2225,22.25,-0.00011583912590995392,2.0017358864600965
2226,22.26,-0.000891141445510392,2.0017042024230873
2227,22.27,0.00014110599226956275,2.0018626382428075
2228,22.28,0.00010368605281492365,2.001805533178879
2229,22.29,-0.00030711199842215414,2.0016473154994228
2230,22.3,1.0278605184127269e-05,2.0016521992496106
2231,22.31,-0.00045348222446542157,2.0016441387189228
2232,22.32,1.8321604906233424e-06,2.0014347420715506
2233,22.330000000000002,-0.00015680216130465485,2.001654906154062
2234,22.34,-0.0003497134062867595,2.0014361644116607
2235,22.35,-0.0003695876886696213,2.0019539081128754
2236,22.36,0.00020057162976228044,2.0012576626002057
2237,22.37,-0.00022458514609231985,2.0015577066657313
2238,22.38,0.00041682261230877076,2.001346545582763
2239,22.39,-0.00014426782824453552,2.001388322174577
2240,22.400000000000002,0.0007695227515670118,2.0013928443812836
2241,22.41,0.00011354039519495963,2.0014965736411265
2242,22.42,-5.776742937714411e-05,2.0012435740841505
2243,22.43,0.0005038517773723026,2.0011181929127813
2244,22.44,0.00023683851514607232,2.000978918690456
2245,22.45,-8.202026511787334e-05,2.001244144873651
2246,22.46,0.00030679008919527495,2.0011807547592957
2247,22.47,0.00031571088624989007,2.000905190639313
2248,22.48,-1.964240587193353e-05,2.001077217873328
2249,22.490000000000002,8.905773836910982e-05,2.001095363157064
2250,22.5,0.00047865937994666494,2.001005176350454
2251,22.51,0.000289464687669286,2.001096088283678
2252,22.52,-0.000226874477014136,2.0010975934743813
2253,22.53,4.644386167279365e-06,2.001078333530329
2254,22.54,-7.993348629814484e-05,2.0002312751937437
2255,22.55,-3.7195128807045466e-05,2.000590330240988
2256,22.56,0.0002892935750525465,2.000373656863889
2257,22.57,-0.000354107332944468,2.0004844414217375
2258,22.580000000000002,-0.00018500901078703685,2.0005360048165928
2259,22.59,2.72936089487425e-05,2.0000057146854573
2260,22.6,0.00015501841526493478,2.0004494296824
2261,22.61,2.8881757301382614e-05,2.00038665180909
2262,22.62,0.00022606534081583536,1.9999860680534012
2263,22.63,-0.000557953395394768,2.000049772796665
2264,22.64,0.00022662914579154304,2.0003982678528067
2265,22.650000000000002,-0.000196831199191341,1.999889754100316
2266,22.66,0.00027306407696774804,2.000081264485172
2267,22.67,0.00029560477128345636,1.9996889304130039
2268,22.68,-5.3265268106356187e-05,1.9996245912827124
2269,22.69,-0.00017836889467860533,1.9999039773617953
2270,22.7,-0.0002317511595352268,1.9998107005361216
2271,22.71,-0.000122937033285721,1.9996532723325855
2272,22.72,0.00012715169378939046,1.9994987055646047
2273,22.73,0.00010572324324860971,1.9997498283919943
2274,22.740000000000002,2.8624320607772365e-05,1.9996666263909169
2275,22.75,0.00018601144651578767,2.0000415723905935
2276,22.76,0.0005753648227466666,1.9993619204000175
2277,22.77,0.000408256918902679,1.999461182863355
2278,22.78,-0.00018111059054679276,1.9994229388852849
2279,22.79,0.00010980589783657662,1.999426671940625
2280,22.8,0.0001946762235783534,1.999109502308598
2281,22.81,4.448565297026032e-05,1.9993598154176482
2282,22.82,0.00012717567516930614,1.9991986330033393
2283,22.830000000000002,0.00035979538853446756,1.999564929021173
2284,22.84,0.00046527095247116563,1.9992355120345382
2285,22.85,0.0006015815470596129,1.9990553636453334
2286,22.86,7.697371898538633e-05,1.9991369155071559
2287,22.87,0.0003419700836981094,1.9995408932197742
2288,22.88,-0.00030847164723703306,1.9994723124487452
2289,22.89,0.0005574954947943757,1.9989621170688703
2290,22.900000000000002,0.0002250263740897036,1.9991623034991004
2291,22.91,5.3802997473353166e-05,1.9990330200249953
2292,22.92,-0.0003393631025277074,1.999321797309627
2293,22.93,2.2778404483081805e-05,1.9988871549724418
2294,22.94,-0.00011300704919139256,1.9989997812812361
2295,22.95,-0.00040233358661338856,1.9989568334485055
2296,22.96,0.0003326445174295083,1.9991719763266191
2297,22.97,-0.00016088630829135908,1.998957097365084
2298,22.98,0.0005174103723413566,1.9988211981208854
2299,22.990000000000002,-7.187842659352795e-05,1.9989836101670566
2300,23.0,3.734561967874009e-05,1.9993035772645695
2301,23.01,0.00016913498928180547,1.998929212396883
2302,23.02,-0.00010820260566035174,1.9992343974509788
2303,23.03,-0.0006380845121505573,1.998552195666569
2304,23.04,-4.608317291130653e-05,1.9992929928578163
2305,23.05,-0.00024113740014965724,1.9989464534986665
2306,23.06,-0.0005233451588763742,1.9989343758177163
2307,23.07,0.00021218676243605513,1.9986166277789066
2308,23.080000000000002,-0.0003058224231846165,1.9990067147600596
2309,23.09,-0.00042771553892718365,1.999292754115843
2310,23.1,0.0002796967910574935,1.998987772055574
2311,23.11,-0.0005343850511976085,1.9992646802176115
2312,23.12,7.138133183066959e-05,1.9991900828034603
2313,23.13,0.00025984553847595895,1.9995040049407775
2314,23.14,-0.000543283231880598,1.9987791616880437
2315,23.150000000000002,-0.00022788143735992164,1.9989418978175557
2316,23.16,3.3474566763204577e-06,1.9989346259304492
2317,23.17,-1.2752822016380717e-05,1.99892202888869
2318,23.18,-1.8341886815079195e-05,1.999039678575166
2319,23.19,-3.271043107500932e-05,1.9986688584036956
2320,23.2,0.00014906183089778967,1.9995523375699824
2321,23.21,0.00025960474832390233,1.9994175737139375
2322,23.22,-0.0002648155630100007,1.9990280311977355
2323,23.23,0.0005179759579644963,1.999478118342492
2324,23.240000000000002,0.00014902514249520997,1.9992802049406169
2325,23.25,0.00032638830034616313,1.9991536604516884
2326,23.26,-0.00042290923089036207,1.9994398689144766
2327,23.27,-3.103106922229446e-05,1.999355787308686
2328,23.28,-4.1954358401218024e-05,1.9996986015791398
2329,23.29,-0.0002346204363831222,1.999419368031004
2330,23.3,-0.00030391289107568577,1.9991711884257042
2331,23.31,0.00016561606322060043,1.9997069422046665
2332,23.32,-0.00015224497204030404,1.999830260178063
2333,23.330000000000002,-0.0001510428153606494,1.99987458336608
2334,23.34,-9.646839953984083e-05,1.9996826353787998
2335,23.35,2.77490547789876e-05,1.999897442056423
2336,23.36,-8.249552561014092e-05,1.9994196477781676
2337,23.37,-9.43130234750424e-05,1.9997826494929491
2338,23.38,0.00017868740950904204,2.000345511645003
2339,23.39,-0.00011399331912706552,1.9999609617474148
2340,23.400000000000002,-0.00033554817831107215,2.000012711612786
2341,23.41,0.00040975207309359437,1.999983906222979
2342,23.42,-0.00043661309515527074,2.0005893504879375
2343,23.43,0.00070489860650586,1.999896274536136
2344,23.44,0.00020888502438991673,2.0004216511993747
2345,23.45,0.00018027771712155524,2.0002816498427873
2346,23.46,0.00019823903049412232,2.000067707144288
2347,23.47,0.00022822712207218917,2.000144003125293
2348,23.48,0.00020862517411241696,2.000130111832092
2349,23.490000000000002,-8.512276056172183e-05,1.9998319268968339
2350,23.5,-0.0003474459909109202,2.00042815088778
2351,23.51,-0.0001455440366044333,2.0000351960999727
2352,23.52,4.4560407214098684e-05,2.0007902640131356
2353,23.53,-6.602209956777984e-05,2.0006267819458015
2354,23.54,0.00028733730548186515,2.0005525380888356
2355,23.55,-0.00023586980564119117,2.0008391965650856
2356,23.56,0.00030765242969170203,2.0005197577744407
2357,23.57,0.0006107099013870042,2.000822941501023
2358,23.580000000000002,-8.048754513100115e-05,2.0009712319512754
2359,23.59,0.0005365306377326802,2.0009414970417843
2360,23.6,0.00012907550449905062,2.001318458359437
2361,23.61,0.0001988045707871894,2.0009033921423773
2362,23.62,9.631760576544408e-05,2.001138736976231
2363,23.63,0.00025088410578022236,2.0012318730775878
2364,23.64,0.00020212455918152016,2.0009853278218315
2365,23.650000000000002,-0.00016325810959426704,2.0013681382766966
2366,23.66,0.0002223275225906768,2.001308978189815
2367,23.67,-9.495493516404628e-05,2.0015693491616036
2368,23.68,-0.00010833088028442606,2.0011312668730223
2369,23.69,-0.0003973049163328776,2.0013765152069456
2370,23.7,0.0001252611687832363,2.00153406224938
2371,23.71,0.00012944685541011716,2.00167342539286
2372,23.72,2.1499964114721425e-06,2.0014218084839115
2373,23.73,-4.976289374011962e-05,2.0017298324544717
2374,23.740000000000002,0.00018098079041994037,2.001855265550463
2375,23.75,0.000500198956729703,2.0011860992774086
2376,23.76,0.00020937781864290418,2.001546755562163
2377,23.77,2.5182906658784105e-05,2.0016539479740114
2378,23.78,-0.00022486702793971875,2.0014500895647886
2379,23.79,0.00011476052181174817,2.0018255386294665
2380,23.8,-9.612005232134368e-05,2.0017469818422398
2381,23.81,0.00018495174192523678,2.001584890624027
2382,23.82,-0.00039856060794277116,2.0013839648725797
2383,23.830000000000002,-0.00025541561169224394,2.0016269655437715
2384,23.84,0.0002627827073455651,2.0018956798134853
2385,23.85,0.000655841533733745,2.0013086238796456
2386,23.86,1.5439056081933608e-05,2.002244703704045
2387,23.87,0.0003680549327977213,2.001817720364252
2388,23.88,0.00021261931914530065,2.0016557526707146
2389,23.89,9.494073147637763e-05,2.0012491951842613
2390,23.900000000000002,-0.00021323985278479785,2.0013675428901787
2391,23.91,-0.00015666973048723623,2.0016422934717224
2392,23.92,0.0001924188930116102,2.001520632115811
2393,23.93,0.00011832399319804495,2.001532456872869
2394,23.94,0.00018495891350857696,2.0020223098594583
2395,23.95,-0.00031821280509094054,2.0015744591742703
2396,23.96,-6.123527848069981e-05,2.0016997268250223
2397,23.97,-8.899395224256836e-05,2.001208805821161
2398,23.98,0.00017620509239038345,2.001771946092874
2399,23.990000000000002,-5.456807164901568e-05,2.0016937103178365
2400,24.0,0.00013766960731990488,2.0013162724665405
2401,24.01,-8.351593724735804e-05,2.001470076780749
2402,24.02,-0.0004179255499010546,2.001729884061952
2403,24.03,0.0002636311694263586,2.001359643205549
2404,24.04,-0.00022952683388497366,2.0014741366506974
2405,24.05,7.725645427545159e-05,2.001578603978736
2406,24.060000000000002,0.00024055904260373513,2.001152188794607
2407,24.07,-0.00028825006290415946,2.0011008268519226
2408,24.080000000000002,0.0005834978623163713,2.001322958160451
2409,24.09,0.00030121291195420077,2.0013624769100966
2410,24.1,-0.00011498058785526707,2.0013423239063868
2411,24.11,0.00024961263156157,2.000947015326156
2412,24.12,0.00012855596671035337,2.0008376931564262
2413,24.13,-0.00036366586393839093,2.000584331787195
2414,24.14,-0.00021941433096020314,2.0010861696410482
2415,24.150000000000002,0.00013898158785740386,2.0009763997880774
2416,24.16,-0.0007874790526568557,2.000966271588782
2417,24.17,-0.00014496606707252216,2.0008068517036053
2418,24.18,-0.0002333556256612147,2.0003995995538633
2419,24.19,-9.584282008458662e-05,2.000417252125535
2420,24.2,1.810026501236643e-05,2.000560815824537
2421,24.21,-3.682408190384128e-05,2.0004848665656123
2422,24.22,-9.038433113485465e-05,2.0003376891468903
2423,24.23,-0.0004770101989794507,2.0003653711040728
2424,24.240000000000002,3.9863558659835805e-06,2.0003207734132076
2425,24.25,-0.0003053990600767844,2.0001716265056473
2426,24.26,-8.842202341511811e-05,1.999971502630761
2427,24.27,1.482760032059913e-06,2.0002751186218206
2428,24.28,-0.0004898738767294899,2.00015454164333
2429,24.29,-7.554986967184335e-05,2.000407472067753
2430,24.3,0.0006378006256033735,2.0003020798448636
2431,24.310000000000002,9.028018631138331e-05,1.999993439440092
2432,24.32,-0.00034460277315403873,1.999937301802635
2433,24.330000000000002,0.00019457916922211864,1.9996178464948806
2434,24.34,-2.4615959854518425e-05,2.000097852052186
2435,24.35,0.0001238073179861245,1.9997074402924824
2436,24.36,0.0002625034832592954,1.9997030735740042
2437,24.37,8.1762674266414e-05,1.9996465143829292
2438,24.38,-0.0002622192073135333,1.9998856252886261
2439,24.39,-0.00016038234492795318,1.9998374138470396
2440,24.400000000000002,-8.602171830137126e-05,1.9998111063969208
2441,24.41,-0.00017805546631326615,1.9993558413227726
2442,24.42,-0.00032285118025144146,1.99953561880645
2443,24.43,0.00016498575093582395,1.9991805419036162
2444,24.44,-0.00022749204881401954,1.9995874531815878
2445,24.45,8.866368337837742e-05,1.999362294474662
2446,24.46,-0.0001735308403636053,1.9991750679848845
2447,24.47,-0.0002513692657414116,1.9992092134383286
2448,24.48,-5.0249824074778264e-05,1.9994369436244623
2449,24.490000000000002,-7.978884492898643e-05,1.9994067085284468
2450,24.5,0.0003243761284846411,1.9995457054837373
2451,24.51,-7.230079446218425e-05,1.9994221339257559
2452,24.52,6.128326669005062e-05,1.9994270814651471
2453,24.53,-3.630195632640546e-05,1.9988017055990155
2454,24.54,9.143296473420611e-05,1.999359006464833
2455,24.55,7.77293439973315e-05,1.9988806523357439
2456,24.560000000000002,8.941340199476025e-06,1.9991218748141288
2457,24.57,-0.0002155739377004133,1.9990583938913808
2458,24.580000000000002,-0.00024381337800404447,1.9988594175194614
2459,24.59,0.00024071604024908432,1.9992759606744608
2460,24.6,-0.0002709166615405975,1.998773206756142
2461,24.61,-0.0001009372751206471,1.9991124409642236
2462,24.62,-0.0005301578937804179,1.9992294430086361
2463,24.63,-1.5375423593405633e-05,1.9987492807575415
2464,24.64,-0.0003033450768876861,1.998989949072188
2465,24.650000000000002,-0.0007192911581899776,1.999100655314938
2466,24.66,8.580638705742727e-06,1.9988963795651136
2467,24.67,-0.00010715791886714721,1.998933520430091
2468,24.68,0.0003674787096761849,1.9988238948309787
2469,24.69,-0.0002276467440893773,1.998573784733649
2470,24.7,0.00033809409886823905,1.9989059753385312
2471,24.71,-4.6095174122162786e-05,1.9991934176141168
2472,24.72,0.0001686025625419711,1.9988204605625328
2473,24.73,-0.0004926205727814745,1.9989946875268116
2474,24.740000000000002,0.0004129157594328534,1.999042493168559
2475,24.75,-0.0002220017135265719,1.9988797130343081
2476,24.76,-0.00012878401383160592,1.9991295416262622
2477,24.77,-9.279229248545961e-05,1.9988519718838804
2478,24.78,0.00016134372277374295,1.9990488526839814
2479,24.79,0.00017556149643358448,1.998984781540706
2480,24.8,-0.0006340206456127719,1.9996009338505543
2481,24.810000000000002,0.0003671834146976619,1.9993375343271989
2482,24.82,0.00018845950553972687,1.9990922906826671
2483,24.830000000000002,0.00021475901748146866,1.9992599970558365
2484,24.84,-0.00023964711786778932,1.9993323283294049
2485,24.85,-0.0003532342073574038,1.9992717737649492
2486,24.86,-0.00026329731685532004,1.999508515290608
2487,24.87,0.00031121455525089683,1.9986604408210795
2488,24.88,-0.00014387365344705068,1.999475685848905
2489,24.89,-8.144856190937287e-05,1.9994214431472044
2490,24.900000000000002,-0.0002024943609983907,1.9991079298468881
2491,24.91,-0.00013324775474714168,1.9993463792840636
2492,24.92,-0.0002748231071055875,1.999406035412335
2493,24.93,0.0008881169696497604,1.999478786652307
2494,24.94,0.00012303688381253868,1.99958524420201
2495,24.95,0.00019232238038951454,1.9993430331874966
2496,24.96,2.4133660344286285e-05,1.9992110201834465
2497,24.97,0.00025404700645791843,1.9997717748404555
2498,24.98,-0.00018561608200729537,1.9991537245567716
2499,24.990000000000002,0.0002966554156606975,2.0001471470999177
2500,25.0,-9.729155898618178e-05,1.9999193912899107
2501,25.01,0.0004225639571257484,1.9997082473546384
2502,25.02,-0.0004824183556994259,1.999777138959391
2503,25.03,8.57625770499713e-05,1.9996744355332523
2504,25.04,0.0001461417614202065,2.000025377558227
2505,25.05,0.00030479251421284376,1.9997974106879488
2506,25.060000000000002,-0.00020958217513543815,1.9997198195014845
2507,25.07,4.879627322507655e-05,1.999948536187442
2508,25.080000000000002,-0.00025369782787448147,2.0001256105452097
2509,25.09,-1.7246038777528864e-05,1.99977368560817
2510,25.1,4.158997894057636e-05,1.99994857487122
2511,25.11,-0.0001726706835239462,2.0002750439492956
2512,25.12,-0.0001964454695723164,2.0002386789604283
2513,25.13,-0.00010397902565916438,1.999938172001208
2514,25.14,9.78677977365806e-05,2.0004704189060467
2515,25.150000000000002,-0.0001232685450490704,2.0002101798887657
2516,25.16,0.00016595505029893995,2.0004919600213755
2517,25.17,0.00017837238291806446,2.000146099985621
2518,25.18,-0.00039292693056074043,2.0003168525763355
2519,25.19,7.748830335883155e-05,2.000669666368181
2520,25.2,-0.00011033472367249609,2.000249932565632
2521,25.21,-0.00027751511529535935,2.0003942032179123
2522,25.22,5.9585268058804455e-05,2.000675645258952
2523,25.23,-0.00014535726978510255,2.000587995330922
2524,25.240000000000002,4.9227974785958564e-05,2.000638873065795
2525,25.25,0.00036937731774360345,2.000794664155872
2526,25.26,0.0001979511771302217,2.000873445740175
2527,25.27,0.00023088646774355978,2.0011020592966893
2528,25.28,1.0333614994583987e-06,2.0008920730449895
2529,25.29,0.0007134948840694126,2.00079252736711
2530,25.3,1.793607910534324e-05,2.0011389561308035
2531,25.310000000000002,8.13706294324668e-06,2.00130043615778
2532,25.32,0.00029519096302964943,2.001330363679384
2533,25.330000000000002,0.0003282895156961503,2.0013844363593964
2534,25.34,0.000597122420064833,2.0012406776199683
2535,25.35,-0.00032585360429048015,2.001264965467037
2536,25.36,-0.0001731010330292296,2.0012639474091927
2537,25.37,-7.483467769713167e-05,2.0017356610425887
2538,25.38,0.0003450384965153308,2.001277118754643
2539,25.39,0.00013790140930016966,2.0013785785471336
2540,25.400000000000002,-0.0004370584103358829,2.0017325145719207
2541,25.41,4.143998625338985e-05,2.0012443697922984
2542,25.42,-0.00041071329839140365,2.0016799295521115
2543,25.43,-0.0005088336786815698,2.001423847838717
2544,25.44,-2.61473372671359e-05,2.00164327187671
2545,25.45,-3.850617879588842e-05,2.001373234334889
2546,25.46,0.0006380300216019197,2.0016096619487507
2547,25.47,8.861483869063791e-05,2.0015002043794077
2548,25.48,0.0006719097199557349,2.0020573667009343
2549,25.490000000000002,-0.0008399939433305426,2.0019618987639194
2550,25.5,0.00019204785066109298,2.0017008315606724
2551,25.51,-0.00013852050317438448,2.001590449124694
2552,25.52,0.000226758952825675,2.0017789739690444
2553,25.53,0.0003660707598554205,2.001412727112936
2554,25.54,0.0004473799346661972,2.0016352649059357
2555,25.55,-2.8246396011195638e-05,2.001786904521213
2556,25.560000000000002,0.000443101324168409,2.0018026768921033
2557,25.57,-3.6609172052438074e-05,2.0014768412833512
2558,25.580000000000002,0.0006052971039596647,2.001861322768111
2559,25.59,0.0002096591947319927,2.0014303359519485
2560,25.6,0.00012368224750374353,2.00167992349489
2561,25.61,0.00023155490949275292,2.001724930469025
2562,25.62,4.54102913252294e-06,2.0019729685384746
2563,25.63,-0.0002080713288779567,2.001280787635407
2564,25.64,-0.0001934890668079589,2.001530695037521
2565,25.650000000000002,0.0004103831100025802,2.0013932585963117
2566,25.66,0.00011448356125146317,2.001578027909432
2567,25.67,6.659686202660755e-05,2.0013505940944882
2568,25.68,4.087894962629363e-05,2.000990954500358
2569,25.69,0.00019177640492489583,2.00145084102793
2570,25.7,-0.00029980280745191143,2.0011587700279665
2571,25.71,0.0004302745650766758,2.001135133513836
2572,25.72,-5.385726233637447e-05,2.0011049025545558
2573,25.73,-0.00037480472736100575,2.0012105170770464
2574,25.740000000000002,3.6758836312816236e-05,2.0011053494782125
2575,25.75,-0.00035241943407361833,2.0007810171529785
2576,25.76,-0.00036281945054507354,2.0009439216809506
2577,25.77,3.824624901781329e-05,2.0013548938523305
2578,25.78,0.00041158653580468954,2.000725805400638
2579,25.79,0.0003193010416787622,2.0003764798900083
2580,25.8,0.0003735894962583002,2.00067488995729
2581,25.810000000000002,-0.0002098414709130099,2.0006866118528306
2582,25.82,0.00015500445189601324,2.0004536211922894
2583,25.830000000000002,0.00032016048577861964,2.0005844114098887
2584,25.84,0.00021308636473757556,2.000523163829156
2585,25.85,0.00015659004632218772,2.0007538106022444
2586,25.86,-0.00018519651659708086,2.0005583324714635
2587,25.87,0.0001749386296887708,2.000340236468606
2588,25.88,-0.0002562358065690581,2.000369334762383
2589,25.89,0.00025147880210518866,2.000252156700942
2590,25.900000000000002,0.0003959884486967172,2.000239618503606
2591,25.91,9.158049313365475e-05,2.0001756512782958
2592,25.92,0.00023906958436834133,2.000521356581696
2593,25.93,7.246964712827378e-06,1.9999497648762008
2594,25.94,-0.00043294288553531653,2.000082094343919
2595,25.95,0.00034111987087751195,2.00007201128982
2596,25.96,0.00028701514513360024,1.9999954513598357
2597,25.97,-0.00021147252051062265,1.9999007521771928
2598,25.98,-0.0004093260298666969,1.9996657373494964
2599,25.990000000000002,-7.591893629032007e-05,1.999971227395475
2600,26.0,5.1610973248395506e-05,1.9995222281303402
2601,26.01,-0.0003399944774002889,1.999592744033562
2602,26.02,-0.00041413110066119345,1.99972690959114
2603,26.03,-0.00025387711622028254,1.9997138298677015
2604,26.04,-9.045462325509543e-05,1.9993029287905812
2605,26.05,0.0003110924367471831,1.999759516878286
2606,26.060000000000002,0.0005222053308112629,1.9990759669642646
2607,26.07,-0.0005958358658599036,1.9997999836866374
2608,26.080000000000002,0.00047907622843296595,1.9992625155307038
2609,26.09,-0.00010012878055283573,1.9993165224430642
2610,26.1,-9.300130134162732e-05,1.9995669019848128
2611,26.11,-0.0002674163602616545,1.9994453848394642
2612,26.12,0.00033797037160366683,1.9993941955558305
2613,26.13,-0.00014635123353169563,1.9990023571155586
2614,26.14,-0.00028947656165633385,1.9990714785966013
2615,26.150000000000002,0.0001227031110254251,1.998739158341312
2616,26.16,0.0001581970161570671,1.9988385323298947
2617,26.17,0.0005538815873543863,1.9990346192856294
2618,26.18,-5.782296011793188e-05,1.9989866795025952
2619,26.19,-0.00026247370374077626,1.9987430054326936
2620,26.2,-0.0003386825411249569,1.9993411454996037
2621,26.21,-0.0006086998606668984,1.9988775848899643
2622,26.22,-7.39435203094148e-05,1.99893629754484
2623,26.23,-8.60588169938427e-05,1.9989471436178639
2624,26.240000000000002,-0.00023433052751853289,1.9988249747836253
2625,26.25,-0.0001494340492351482,1.9990738148184823
2626,26.26,-0.00038097351940552765,1.9987876431452845
2627,26.27,7.956707945058687e-06,1.9988282512833915
2628,26.28,0.0001139084972815902,1.998814269757403
2629,26.29,-0.00017881403006241007,1.9989757270504673
2630,26.3,-7.342575504757288e-05,1.998743955439788
2631,26.310000000000002,-1.1343722210569653e-05,1.99869272966398
2632,26.32,-0.00014518692557578057,1.9988377479292898
2633,26.330000000000002,-0.0005453359998776264,1.9986303402374956
2634,26.34,-0.00018176783932138013,1.9987661118920894
2635,26.35,-0.00023446785067671673,1.9984428635322522
2636,26.36,-0.00015365219091858937,1.9987586404999034
2637,26.37,-0.0001296271774786326,1.998852914474244
2638,26.38,-3.641830988570433e-05,1.9985150231969708
2639,26.39,1.2111412493657514e-05,1.9992499615126376
2640,26.400000000000002,-2.54562069147658e-05,1.9989572878467112
2641,26.41,-0.00011610741514359191,1.998871173241818
2642,26.42,0.0002599974058325478,1.9983539860072908
2643,26.43,9.907526210944017e-06,1.998817561512061
2644,26.44,5.455786337249033e-05,1.9988453023663106
2645,26.45,-0.00019090814840150668,1.9989690531790825
2646,26.46,-0.00016383859884077734,1.9987114791327614
2647,26.47,-0.00025046046603734,1.9989228348378758
2648,26.48,2.9627911739491176e-05,1.9988113623692576
2649,26.490000000000002,-2.6739527051191935e-05,1.9989049666286298
2650,26.5,6.884483918013161e-06,1.9988403608671685
2651,26.51,-0.0002034433200608861,1.999050240861268
2652,26.52,-1.688108041291646e-05,1.9990086709710289
2653,26.53,0.00033885398373825277,1.9988704215425765
2654,26.54,-9.796973909331869e-05,1.9991366398602828
2655,26.55,-0.0006118949842389006,1.9991837744106336
2656,26.560000000000002,0.0004130169752053212,1.9991117554949607
2657,26.57,-7.47484039484853e-05,1.9995046050581875
2658,26.580000000000002,4.389481311655456e-05,1.9990724186848379
2659,26.59,-4.854548186016823e-05,1.9992676142120966
2660,26.6,-0.00035991235472715866,1.9989842589075697
2661,26.61,0.0002607221226793373,1.9992888464516438
2662,26.62,7.867888338341262e-05,1.9998047377230868
2663,26.63,-0.0005114809341195937,1.9991988395693316
2664,26.64,-7.915794156302275e-05,1.9992737162710994
2665,26.650000000000002,0.00024903501957533294,1.9994720210729433
2666,26.66,0.0002742895818446505,2.0000140695820714
2667,26.67,-0.00011784085782244643,1.9996831914824467
2668,26.68,-0.0003940869198192311,1.9999724413733573
2669,26.69,-0.0002118940477564575,1.999675836540212
2670,26.7,-0.0005332716090147426,1.999765835810312
2671,26.71,0.00016723811214076697,1.9996415675445178
2672,26.72,3.010512508785475e-05,1.9997664313788526
2673,26.73,-8.660923685967612e-05,1.9999038468930417
2674,26.740000000000002,5.3554283988265876e-05,1.9997497435658231
2675,26.75,0.00019955267820922137,1.9996301808101127
2676,26.76,-7.082622261430332e-05,2.0002168284070696
2677,26.77,7.304088890052838e-05,1.9998271650712105
2678,26.78,0.0003847609207570673,2.000005645188908
2679,26.79,9.085649630036062e-05,2.0000123412080995
2680,26.8,3.311778317330584e-05,2.0003224645149844
2681,26.810000000000002,8.932890933126772e-05,1.999928709011019
2682,26.82,-9.093316718764274e-05,2.000334507518893
2683,26.830000000000002,0.00021020771953120953,2.000518674256591
2684,26.84,4.7367441979906375e-07,2.000244718331253
2685,26.85,4.2262029183518296e-05,2.000220494809253
2686,26.86,0.00017941003604458089,2.0003446454626572
2687,26.87,0.0004568313081809126,2.0005884982759685
2688,26.88,-0.00020554982720955437,2.00053283583628
2689,26.89,0.0005246186486393144,2.0005780089713614
2690,26.900000000000002,0.00012341753451973407,2.0009949609285247
2691,26.91,-9.78800050564284e-05,2.000522045786044
2692,26.92,-6.37710471750529e-05,2.000640019445148
2693,26.93,-0.00011298187137427395,2.0008870885125694
2694,26.94,-7.070197024076876e-05,2.0010971682444016
2695,26.95,0.00033607927143963626,2.0011962841683397
2696,26.96,5.362531711603328e-05,2.000743884287547
2697,26.97,-5.576274929597035e-05,2.00126315493534
2698,26.98,0.0003856588409762114,2.0010807787263354
2699,26.990000000000002,6.417850343717438e-05,2.0011253012925088
2700,27.0,-8.518647326617617e-06,2.001129671857731
2701,27.01,-0.00019438877586587706,2.001293956176369
2702,27.02,-2.5888185306712212e-05,2.001351659395344
2703,27.03,-0.00030633846110097855,2.0014924950842663
2704,27.04,-0.0002294022549203267,2.0017326121731647
2705,27.05,-4.3259514315854696e-05,2.0014475331667154
2706,27.060000000000002,0.0002067198310574607,2.0017139887498274
2707,27.07,-0.0003903136504684812,2.0018131941752504
2708,27.080000000000002,0.0004911111713903956,2.0013630477645648
2709,27.09,0.0001342695460230809,2.001815110439239
2710,27.1,9.029984055922719e-05,2.0018613912620777
2711,27.11,6.090078100544291e-05,2.001761009949289
2712,27.12,-0.0003721752513753535,2.0017729106037643
2713,27.13,8.755447355131549e-05,2.00176744000161
2714,27.14,5.708389534311963e-05,2.0020563058462755
2715,27.150000000000002,7.530444366332745e-05,2.002163895253201
2716,27.16,-0.0002146711301456078,2.0018419896220485
2717,27.17,-0.00041556742201754926,2.0020580860052237
2718,27.18,0.0001538456066073805,2.0020380109149083
2719,27.19,3.729656342820093e-05,2.0018877626510383
2720,27.2,0.0004280198276327332,2.002226115811008
2721,27.21,-5.8248455093906016e-05,2.002253381833284
2722,27.22,0.00018300934919751607,2.002155629699101
2723,27.23,0.0002549458514625233,2.0019695242507725
2724,27.240000000000002,0.00011177903495461344,2.0016951082883834
2725,27.25,0.000308586895757031,2.0017646210446185
2726,27.26,5.9866237125775645e-05,2.0017660496607808
2727,27.27,-0.00014266266273386217,2.0020760005049656
2728,27.28,7.323105012968135e-05,2.001918994560207
2729,27.29,-0.0003686376476759186,2.00211424645327
2730,27.3,-0.0001932751711182365,2.0019380158401097
2731,27.310000000000002,0.00026886649361300327,2.001807138835663
2732,27.32,6.268687017836104e-05,2.0017567939907766
2733,27.330000000000002,0.00035226194292081964,2.0019525789311134
2734,27.34,0.00017698521578242787,2.001844230324629
2735,27.35,2.6330547177376475e-05,2.001842386408846
2736,27.36,-6.856380945395474e-05,2.001363516548087
2737,27.37,-0.00023018869199297175,2.0015522107251176
2738,27.38,0.0001267365240272427,2.0019362964514658
2739,27.39,0.00010709092089744262,2.001608373940293
2740,27.400000000000002,4.0860886828160574e-05,2.0012189449989495
2741,27.41,0.00023039728383076984,2.0016592452427684
2742,27.42,-0.00036030247380314847,2.0015315031980907
2743,27.43,0.00037581312125570856,2.001031498175987
2744,27.44,-6.010496554623425e-05,2.000887660858257
2745,27.45,0.00019402877077314285,2.001047741666642
2746,27.46,2.248774833438414e-05,2.001223785408809
2747,27.47,0.00016279936502736764,2.0011964741772488
2748,27.48,-5.307592683613434e-05,2.000627783904054
2749,27.490000000000002,-0.00032660688113929544,2.001349580358235
2750,27.5,-8.768461788403461e-05,2.000961962950964
2751,27.51,0.00041078145250084434,2.0012769952864637
2752,27.52,-6.531437400021943e-05,2.0006531552838824
2753,27.53,0.0001798752697994867,2.000994223060627
2754,27.54,-0.0005860770588551322,2.000994838642172
2755,27.55,-0.00046770754661899837,2.0007521477621473
2756,27.560000000000002,0.00030915036181161323,2.000343341357142
2757,27.57,4.7620551799284205e-05,2.0009014621734402
2758,27.580000000000002,-2.0110928795545434e-05,2.0003670389631947
2759,27.59,-0.00015124641323096898,2.0001224642082844
2760,27.6,0.0002583961078414619,2.0004054347558617
2761,27.61,-0.00023312418597897443,2.000090199038851
2762,27.62,3.6187985262911755e-05,2.0001400631650452
2763,27.63,0.0008504052828890794,1.9995409944126787
2764,27.64,1.4304074411109958e-05,1.9999279391753915
2765,27.650000000000002,0.00011350891832917174,1.999904954804169
2766,27.66,0.00020643843460713498,2.00002258683646
2767,27.67,-0.0002052580411069335,1.999823287920243
2768,27.68,0.0004842881513236846,2.0002001182548685
2769,27.69,-6.52336862515062e-05,1.9995648101047654
2770,27.7,0.0001300498097594103,1.9996864084232069
2771,27.71,-4.264045063394676e-05,1.999332925934233
2772,27.72,-0.00016074198992693543,1.9997798027801181
2773,27.73,0.00022569953495298536,1.9996869478377617
2774,27.740000000000002,-0.00020295923335143004,1.9993019288880005
2775,27.75,-0.0005899253719360362,1.9989140274236763
2776,27.76,0.00029268960955417753,1.9994818225516222
2777,27.77,0.00015841458571046202,1.9992489889965683
2778,27.78,-9.443291362551687e-05,1.9995702423111976
2779,27.79,0.0003517601606592924,1.9994687382447338
2780,27.8,-0.00037854269989533325,1.9991125031595607
2781,27.810000000000002,-0.0001577613024627086,1.9991814319726966
2782,27.82,0.00014583078909996607,1.9990902518358493
2783,27.830000000000002,9.160347939170458e-05,1.9990078790185881
2784,27.84,-0.0004219069996691693,1.9993308406891896
2785,27.85,6.653124394469791e-05,1.9989143183725546
2786,27.86,-0.00010478611394646341,1.9986825598681393
2787,27.87,6.036072436030228e-05,1.9991579472976049
2788,27.88,0.00024064833917152105,1.999564616893234
2789,27.89,0.0005017780558743482,1.9988842431282228
2790,27.900000000000002,-0.00018721330072910136,1.998762329830931
2791,27.91,-6.85798062548967e-05,1.998921643324483
2792,27.92,-0.0002605923922737371,1.9983555949473495
2793,27.93,0.00014252482111311743,1.9984686958504363
2794,27.94,0.00017202939517773703,1.9985019481866264
2795,27.95,-2.387506858281641e-05,1.9988158647813876
2796,27.96,0.00031189464538086415,1.9992921242018882
2797,27.97,-0.0006321335971701571,1.99879584240613
2798,27.98,-0.00024317352887630143,1.9986142522980177
2799,27.990000000000002,8.803761861593041e-05,1.9985576984965487
2800,28.0,-0.0001455217350734412,1.9989168313714565
2801,28.01,-0.00017734382133469665,1.9985633653799728
2802,28.02,5.867054189585403e-05,1.9987581844086328
2803,28.03,-0.00020320956176071703,1.99884355158036
2804,28.04,0.0001392152022127347,1.9988034529292151
2805,28.05,0.0001559559380321155,1.9986736072492508
2806,28.060000000000002,-5.73247932267839e-05,1.9985181203436804
2807,28.07,0.00013486000681758685,1.99890261224636
2808,28.080000000000002,3.1238263213168764e-05,1.9983221589700637
2809,28.09,-0.00010220544433516327,1.9984360755149866
2810,28.1,0.0003501538661830365,1.998299027587937
2811,28.11,0.00027407149987368246,1.9985891622192369
2812,28.12,6.61107282385289e-05,1.9983360259904608
2813,28.13,-8.921023098902871e-05,1.9983976313227854
2814,28.14,-5.914034280071076e-05,1.9988180562444144
2815,28.150000000000002,-0.00033741432478287173,1.9985032575081498
2816,28.16,0.0005424029228924973,1.9986549348896412
2817,28.17,-3.1770359421788544e-05,1.998818962432717
2818,28.18,7.809772949482483e-05,1.9987742096707843
2819,28.19,0.00023127042769310253,1.9984007515181195
2820,28.2,-0.0002942790940566644,1.9990399692932563
2821,28.21,-0.000555036284642763,1.9990722685548503
2822,28.22,0.0001530358761608418,1.9988748913948935
2823,28.23,-0.00017622905507235143,1.9990104421508816
2824,28.240000000000002,0.00024390703593711604,1.9989874796564946
2825,28.25,0.00015302349478102032,1.9989611245119423
2826,28.26,6.966906329481706e-05,1.9991850000970943
2827,28.27,0.00018040150085754571,1.9986772035080607
2828,28.28,5.00768373421138e-05,1.9991797270595726
2829,28.29,-0.00034416235238847535,1.9989160873144913
2830,28.3,-0.00020079875162397446,1.9994563516965804
2831,28.310000000000002,8.529499885038187e-06,1.999129134061232
2832,28.32,-0.00043375155798801844,1.998921173339583
2833,28.330000000000002,-6.114879549810552e-05,1.999227042575266
2834,28.34,0.0004228051326920337,1.9992457176298617
2835,28.35,0.0002473167309055828,1.9992346225662734
2836,28.36,-6.374867702790329e-05,1.999218532826883
2837,28.37,0.0002163315333641844,1.9992450872563832
2838,28.38,0.00034027116412266637,1.999476071212805
2839,28.39,-0.00039592344810604376,1.9992918335702463
2840,28.400000000000002,0.0003045305703199599,1.9997993138081407
2841,28.41,-3.5936430598392225e-05,1.9996985824804214
2842,28.42,-0.00012258554552785488,1.999534752693932
2843,28.43,-0.00014452492736086083,1.9998476081989318
2844,28.44,-0.00040228923086236976,1.9997827742185725
2845,28.45,0.00030912330869595943,1.9997576691925183
2846,28.46,0.00028867804336982087,2.0000288558050614
2847,28.47,1.476524941017606e-05,2.000113019656941
2848,28.48,3.617631118225946e-05,1.9999688904472883
2849,28.490000000000002,-0.0002549444968366946,1.9999974105652991
2850,28.5,-0.00010091756659470496,2.0002464828904123
2851,28.51,0.0001257838368175747,2.0003425309991094
2852,28.52,-0.0002988378877143337,2.000295248437138
2853,28.53,-0.00033686225323832907,2.000120016936271
2854,28.54,0.00017525921206158429,2.000189449887479
2855,28.55,-0.00019478647456138857,2.0006605339944414
2856,28.560000000000002,0.0005993743057793709,2.000463203882744
2857,28.57,-0.0002516228897683581,2.0000600697116457
2858,28.580000000000002,9.088223028685367e-05,2.0003174036437037
2859,28.59,-0.00037333851679197686,2.0006773439339205
2860,28.6,-0.0001330091936110454,2.0008567815415645
2861,28.61,-0.00042130247273161435,2.000862129950996
2862,28.62,-0.0003258562719700337,2.001126047252569
2863,28.63,0.00044545052255433895,2.0008711113516964
2864,28.64,-7.630513097220659e-05,2.000919394531878
2865,28.650000000000002,-9.408917933206574e-05,2.000989415992419
2866,28.66,0.00022629883091460795,2.001134861229974
2867,28.67,-1.8247393174075913e-06,2.0011042393356337
2868,28.68,-9.573699921813939e-05,2.0012445682467455
2869,28.69,-0.00012523930325858605,2.0014217150836715
2870,28.7,0.0001782011309807105,2.0017393018897662
2871,28.71,-5.7693863608263485e-09,2.001421294233626
2872,28.72,0.00040257002037490087,2.001845977357983
2873,28.73,-0.00014913913357479102,2.001683671168894
2874,28.740000000000002,4.094690372332641e-05,2.001747913229699
2875,28.75,-0.0004702824344519615,2.0013256089014018
2876,28.76,-8.942881567462124e-05,2.001823045056969
2877,28.77,-7.733733982274783e-05,2.001666421657276
2878,28.78,0.00013446247451451277,2.0021613221546244
2879,28.79,0.000107636236702425,2.001875971986301
2880,28.8,0.0006689230487840364,2.0016813550182695
2881,28.810000000000002,-6.280573132977169e-05,2.0022438387834693
2882,28.82,0.0005845173872456716,2.002165151164495
2883,28.830000000000002,0.00034094938257873644,2.0019828646929576
2884,28.84,-5.374900729465002e-05,2.001923696515403
2885,28.85,-8.755679104647793e-05,2.00222533374857
2886,28.86,-0.0001350198797301476,2.0019726037793517
2887,28.87,-0.0003206474772340574,2.0020562603969987
2888,28.88,6.606055312586357e-05,2.0020541283911357
2889,28.89,1.3374944114239835e-06,2.002126085064588
2890,28.900000000000002,0.0005185736464592264,2.002190861041896
2891,28.91,7.094115351864433e-06,2.002251390341833
2892,28.92,-0.00038224146912009646,2.002307498579679
2893,28.93,0.00011219125344333785,2.002210184657429
2894,28.94,-0.00018556946066473475,2.0018507599988173
2895,28.95,3.371102515765163e-05,2.002368274879146
2896,28.96,0.00025521139927672717,2.002195951492332
2897,28.97,-0.00012098386349939844,2.002015228622491
2898,28.98,8.039058974924069e-05,2.002322317715104
2899,28.990000000000002,-8.25548974675931e-05,2.0022881432242756
2900,29.0,-5.1919588009311315e-05,2.002462315736568
2901,29.01,-0.00035186072478086126,2.001710841023687
2902,29.02,-0.0002857108356088642,2.0028131051613087
2903,29.03,-0.00015214192972044736,2.0022490431083346
2904,29.04,-0.0002936045800889688,2.0020037555800263
2905,29.05,0.0007368778468556343,2.0020616353371263
2906,29.060000000000002,0.0004464021347864954,2.0021083784027485
2907,29.07,0.0001364987392589194,2.002244281197652
2908,29.080000000000002,7.447490168026335e-06,2.001939408373116
2909,29.09,0.00017573592824420887,2.0016396069015054
2910,29.1,-0.00019023167442978238,2.0018825007434904
2911,29.11,-4.468210631531107e-05,2.0015734633086564
2912,29.12,-0.00012124899902308248,2.001613864412504
2913,29.13,-7.872987058650719e-05,2.0017534717793963
2914,29.14,7.217365786757732e-05,2.0014825473916655
2915,29.150000000000002,0.00028282161522586054,2.001317576491767
2916,29.16,5.640231635378164e-05,2.001518263810367
2917,29.17,0.00030603289497235363,2.0013659739573404
2918,29.18,6.210413105899809e-05,2.0011362064240936
2919,29.19,-6.78098251469222e-05,2.001072599464362
2920,29.2,0.0002580700698035806,2.0018124075139103
2921,29.21,0.0002932075362615775,2.00122067593487
2922,29.22,-1.3343477966666977e-05,2.001381089241796
2923,29.23,0.0004166802823299025,2.001176748767129
2924,29.240000000000002,-7.46353220613393e-05,2.001694295871826
2925,29.25,-0.00011872331751455788,2.0014060158041005
2926,29.26,-0.0004467042138795688,2.0014350902381803
2927,29.27,-0.0006072070810642786,2.0009367839302383
2928,29.28,-4.053223354916525e-05,2.0012443191826823
2929,29.29,-0.00034501095527692693,2.0010702123296684
2930,29.3,0.0001435200665062284,2.0010904754622576
2931,29.310000000000002,-4.454128090311251e-05,2.001057233278843
2932,29.32,-0.00014785903110632248,2.0005589310877125
2933,29.330000000000002,7.180243663422644e-05,2.0008662669354655
2934,29.34,0.0001398261369614513,2.000776309409698
2935,29.35,0.00012452272291238602,2.0009770705098955
2936,29.36,-0.00010814387243957743,2.001112281126105
2937,29.37,-0.00021957540130536563,2.0011169573116385
2938,29.38,-0.0002955673596424936,2.0010243008955366
2939,29.39,0.0004712129618131795,2.0010690414087415
2940,29.400000000000002,0.00011348457912115671,2.000425602635163
2941,29.41,-0.00016027847219869413,2.0005064997058137
2942,29.42,-0.00013858463617507817,2.0008919305400434
2943,29.43,0.00020714179440420077,2.0009343435662945
2944,29.44,0.0002488408511812611,2.000628819171136
2945,29.45,-0.00035751137523573753,2.0007294924945622
2946,29.46,-1.3205282396935781e-05,2.000970886251755
2947,29.47,0.00018459721146470986,2.001212403704178
2948,29.48,0.00010379831959724472,2.0008371745745333
2949,29.490000000000002,0.0003746022870687789,2.000712537938588
2950,29.5,-0.0003056260763940688,2.0007732575549677
2951,29.51,0.00029071610791306276,2.000951298854007
2952,29.52,-0.00010726266870564132,2.0007894078542074
2953,29.53,0.00010074446579073633,2.0006737609307823
2954,29.54,0.0002721373526572466,2.0010322789864334
2955,29.55,-0.0009250617959662749,2.000508766197957
2956,29.560000000000002,-0.00012332825221229634,2.0003496590327416
2957,29.57,5.692231704401708e-05,2.000954124497758
2958,29.580000000000002,0.00026661244549052,2.000354414810732
2959,29.59,0.0001814793237389279,2.0009481919172076
2960,29.6,8.330429228176719e-05,2.0006247116219336
2961,29.61,-8.582624414803943e-05,2.0007984612191434
2962,29.62,0.00018446787422667836,2.0005059597961115
2963,29.63,4.70657799492594e-05,2.0007339814884904
2964,29.64,-0.00019811160539356368,2.0006040596137704
2965,29.650000000000002,-0.00030463758825313296,2.0005927994664527
2966,29.66,0.0004221013713276958,2.000553261602229
2967,29.67,0.0002477492961191788,2.000806488503348
2968,29.68,-0.0001269802843651269,2.000446088243435
2969,29.69,-6.450444327838492e-05,2.0005763134468606
2970,29.7,-0.000379457815488205,2.0008336267257927
2971,29.71,-0.00033829034653841167,2.000655540639297
2972,29.72,0.0004316441962531721,2.0009395053805963
2973,29.73,0.00018001570400611624,2.000276628594117
2974,29.740000000000002,-7.845946221973585e-05,2.0006967958435102
2975,29.75,-4.7714942290725046e-05,2.000324899941996
2976,29.76,0.00018212425112302074,2.0003252277838484
2977,29.77,0.00027875821082746875,2.000235827205376
2978,29.78,0.0004709955917118579,2.0001670453584715
2979,29.79,0.0003527265767811772,2.0005561971861914
2980,29.8,-5.2603844141027455e-05,2.0005091005079656
2981,29.810000000000002,0.00044205222252173993,2.000648491905444
2982,29.82,-0.0003143369324331222,2.000485714254669
2983,29.830000000000002,-2.3062663076459375e-05,2.0004303894538085
2984,29.84,-0.0001573819235761969,2.0003918262060085
2985,29.85,-0.00042738198449378565,2.000193419152931
2986,29.86,0.00018843250809259647,2.0002427901066904
2987,29.87,0.00026471882871314243,2.0003729554881136
2988,29.88,0.0005311337938891897,2.0001368149655603
2989,29.89,0.00036174506921504956,2.0001674702847883
2990,29.900000000000002,0.0001614578491831204,2.0004528510200132
2991,29.91,-0.00014925080618046917,2.00033001621082
2992,29.92,-8.098060801552931e-06,2.00048529664735
2993,29.93,0.0003645899846361722,2.0006309296195717
2994,29.94,0.00023610142614773397,2.0002315455247515
2995,29.95,9.068177014592136e-05,2.0002899325086343
2996,29.96,-0.00029977451926233495,2.000785807652424
2997,29.97,3.136748990743711e-05,2.0005697476554904
2998,29.98,0.00048760541039183765,2.0000282308761395
2999,29.990000000000002,-0.00049919684340334,2.000606736753811
