,t,x,y
0,0.0,0.9997588557830047,3.0002635217628404
1,0.01,0.9615242823933501,2.942285998741905
2,0.02,0.9258885074048446,2.8876928850450896
3,0.03,0.8927802353835392,2.8373818713872563
4,0.04,0.8623277291784502,2.7896070871062046
5,0.05,0.8337192404626097,2.7450211564327796
6,0.06,0.8069336015151248,2.702721405458813
7,0.07,0.7812077209534478,2.6628784153552636
8,0.08,0.757180189834839,2.6255346906812713
9,0.09,0.7357892301365646,2.5898245434316456
10,0.1,0.7145881014826265,2.556352712331465
11,0.11,0.6947710123391915,2.525287613660511
12,0.12,0.6762696383035629,2.4951136649982586
13,0.13,0.6588348586993091,2.4665598618504774
14,0.14,0.6430283737386174,2.439833590676946
15,0.15,0.6269565059742673,2.414091745379401
16,0.16,0.6123168692768991,2.3897253103908676
17,0.17,0.5986259562408652,2.366468312457936
18,0.18,0.5851092885000271,2.3448474737102583
19,0.19,0.5724708019934873,2.3243768058904672
20,0.2,0.5605561249748117,2.303740207222713
21,0.21,0.5485001832675298,2.284135648897411
22,0.22,0.5372135304931746,2.265957271106402
23,0.23,0.5262396267531134,2.2479673262951825
24,0.24,0.5159710264334627,2.231085043652653
25,0.25,0.5062842034042753,2.214345542445847
26,0.26,0.49600889873549353,2.1989284824130193
27,0.27,0.48701446657479575,2.183757458824278
28,0.28,0.4781312834705488,2.1694731753200474
29,0.29,0.4696519398827605,2.155721662399079
30,0.3,0.4615933174562382,2.1425257506903006
31,0.31,0.45363079820571967,2.130041939264079
32,0.32,0.4458847024499752,2.1173775564356525
33,0.33,0.43871684604941524,2.105799112548371
34,0.34,0.43145885035135184,2.094900241606165
35,0.35000000000000003,0.4247780477752783,2.0845754166264485
36,0.36,0.4180956408878282,2.073887267116828
37,0.37,0.4114225403777234,2.0639551572141546
38,0.38,0.4054313433587412,2.0544111555298326
39,0.39,0.39924521522812423,2.045512217495274
40,0.4,0.3941113897190267,2.035981215001297
41,0.41000000000000003,0.3885149369155311,2.027562982568223
42,0.42,0.38291680173547343,2.019927446042403
43,0.43,0.3769282868853389,2.010855801591309
44,0.44,0.372213714392705,2.0038336501863907
45,0.45,0.3669548646703149,1.9966871595750806
46,0.46,0.36196189534462925,1.9889599021091502
47,0.47000000000000003,0.35740267552691973,1.982428339709783
48,0.48,0.35257180575999214,1.9759973155566193
49,0.49,0.3479546589239671,1.9693545362602791
50,0.5,0.34387822592367845,1.9635191255113793
51,0.51,0.33918710871234065,1.9570534096251875
52,0.52,0.3345625224025172,1.9511293412570214
53,0.53,0.3310813214718493,1.9461432510473193
54,0.54,0.3271092371108296,1.940940900744985
55,0.55,0.3230631829363926,1.935646977252686
56,0.56,0.31918102788629515,1.930625936431541
57,0.5700000000000001,0.3155573924474802,1.9257774992531733
58,0.58,0.31139333734759783,1.921104020372214
59,0.59,0.30852942008523154,1.9174173263134782
60,0.6,0.30481308376265476,1.9131059777448598
61,0.61,0.30121657061376034,1.9086516829248832
62,0.62,0.2980396101670198,1.9048975687781111
63,0.63,0.2949065007372422,1.901363289355169
64,0.64,0.29215492934933524,1.897690402394438
65,0.65,0.2886821566594859,1.8943232797896743
66,0.66,0.28550365418433243,1.890775875792806
67,0.67,0.282604269021875,1.8872303491037485
68,0.68,0.2794856423684449,1.8845894088713784
69,0.6900000000000001,0.2767559718796965,1.8815833682847387
70,0.7000000000000001,0.27384508195910584,1.8785650193442331
71,0.71,0.27150679296739716,1.875568550380959
72,0.72,0.26843589842375665,1.8729406151495926
73,0.73,0.2653162924492595,1.8702493595293193
74,0.74,0.2635447711727237,1.867921959426647
75,0.75,0.26034726560726096,1.8653998682816582
76,0.76,0.25758768602373416,1.862948669574574
77,0.77,0.2556775891909505,1.8607876390124962
78,0.78,0.2529209137777976,1.8588456579491304
79,0.79,0.25094104814186663,1.8569809739387255
80,0.8,0.24815537010503766,1.8548216147573082
81,0.81,0.24592284686414173,1.8530072788782361
82,0.8200000000000001,0.24324166809875475,1.8514070198768682
83,0.8300000000000001,0.24058984728513524,1.8492521490683438
84,0.84,0.2385540225106357,1.847818976529489
85,0.85,0.2367306000613279,1.8462026868360912
86,0.86,0.2343660228722459,1.8445959457494778
87,0.87,0.2320914900920166,1.8431451424467218
88,0.88,0.2300463536197143,1.8416867799319698
89,0.89,0.22788867003601684,1.8407259411964991
90,0.9,0.22640956663828468,1.8391373766959425
91,0.91,0.22401831269195446,1.8382172145183746
92,0.92,0.22199462490318048,1.8377283140862626
93,0.93,0.22003379554823,1.8361418473253028
94,0.9400000000000001,0.21802914886188465,1.8346888500091036
95,0.9500000000000001,0.21635303322134464,1.8340916970231074
96,0.96,0.21439934522928603,1.8332765392819366
97,0.97,0.2126286755529351,1.832092486007931
98,0.98,0.21081381158661813,1.8316768741993026
99,0.99,0.20893547905728135,1.83089593151312
100,1.0,0.20706753089616925,1.8304078822369287
101,1.01,0.20508881157582262,1.8293784646964357
102,1.02,0.20381112638373117,1.828879371220284
103,1.03,0.20183249727413952,1.8285598196123638
104,1.04,0.1999908150676604,1.8281169845970466
105,1.05,0.19829550085454078,1.8277827438891865
106,1.06,0.19679721604584588,1.8273153696791262
107,1.07,0.1948944550850282,1.8268005937578726
108,1.08,0.19331669201924376,1.8262058129575927
109,1.09,0.1915734984265363,1.8261503929846783
110,1.1,0.18971304542275289,1.825582853092076
111,1.11,0.18839703554267284,1.8258836600565118
112,1.12,0.18691728874055266,1.8255466467955035
113,1.1300000000000001,0.1856067000094282,1.8249469233761468
114,1.1400000000000001,0.18375367867963813,1.8249352690963452
115,1.1500000000000001,0.18223184117787658,1.8251871265826458
116,1.16,0.18084350515701061,1.8245620802881597
117,1.17,0.1797222820707837,1.8240061881550818
118,1.18,0.17745005180557566,1.8243302583002885
119,1.19,0.17643199098284756,1.824487096314173
120,1.2,0.17510110325560949,1.8243832909666728
121,1.21,0.17358762526998525,1.824356840768109
122,1.22,0.17216618979228374,1.8245264716742153
123,1.23,0.17104158402345715,1.8245620349987925
124,1.24,0.16938813206506423,1.824636451903421
125,1.25,0.16841745306864409,1.8249396401439102
126,1.26,0.1664945771299606,1.8245447444678795
127,1.27,0.16511058661296388,1.8249749597439464
128,1.28,0.16370486232209688,1.8254761504819463
129,1.29,0.1632491354438502,1.8253019619256585
130,1.3,0.1613505758994757,1.8258301077920946
131,1.31,0.1604577263519471,1.8256888160665612
132,1.32,0.1584465786376711,1.8260598485109902
133,1.33,0.15753318355489931,1.826489575124366
134,1.34,0.15566920220912112,1.8268213852201305
135,1.35,0.15447434274465677,1.8268306690314302
136,1.36,0.15331296658533208,1.8272316544346583
137,1.37,0.15244182192031197,1.8276465453793669
138,1.3800000000000001,0.15083315830087254,1.8282448170993368
139,1.3900000000000001,0.14961743871928593,1.8286917526935207
140,1.4000000000000001,0.14858938815243924,1.8288645525534517
141,1.41,0.1477718395563978,1.829255233363246
142,1.42,0.14614580600797417,1.8297917577812797
143,1.43,0.1448712577986392,1.8299322990663536
144,1.44,0.14399921901111934,1.830534887006765
145,1.45,0.14255015757115952,1.8311180352810164
146,1.46,0.1414927943074992,1.832099673756972
147,1.47,0.14011954813395194,1.8319624887258938
148,1.48,0.13921020058765182,1.8329265611004493
149,1.49,0.13783394445750988,1.832926454817864
150,1.5,0.13734267181276594,1.8337962633398484
151,1.51,0.13606602553803868,1.8339665978287392
152,1.52,0.13525563317321512,1.8349592093018798
153,1.53,0.1340940592712488,1.8353560855652737
154,1.54,0.13312733741559007,1.8363988150260622
155,1.55,0.13242606658870834,1.8365938694236024
156,1.56,0.13095605859432682,1.8373687379723644
157,1.57,0.1299498730599396,1.837982136636691
158,1.58,0.12858336197425924,1.8384199665255996
159,1.59,0.12791721382164553,1.8393867978927778
160,1.6,0.12688149076655084,1.8400819737967322
161,1.61,0.12546181791439992,1.8403542824527372
162,1.62,0.12440950464554566,1.8412971429186071
163,1.6300000000000001,0.12340006821373374,1.8415049631212308
164,1.6400000000000001,0.12214196107878116,1.8426566631318777
165,1.6500000000000001,0.12170883905831506,1.8429814321794784
166,1.6600000000000001,0.12075545432637805,1.8434938433703587
167,1.67,0.1197317296945675,1.8442716967458572
168,1.68,0.11830527280888592,1.8452346690202457
169,1.69,0.11739768356314013,1.8455984293096974
170,1.7,0.11687662288678771,1.8465028704645299
171,1.71,0.11528837799370274,1.8468944404811136
172,1.72,0.11494548280733533,1.847585145921898
173,1.73,0.11390518279288583,1.848289079084739
174,1.74,0.11327827680254465,1.8491442869897363
175,1.75,0.11194136821334148,1.849888819715222
176,1.76,0.11132862438799983,1.8504150062342024
177,1.77,0.11061626563868841,1.8512212438549485
178,1.78,0.10976049909965602,1.851647710549669
179,1.79,0.10869234143488275,1.8523973900876067
180,1.8,0.10771133618533503,1.8534211827311495
181,1.81,0.10652938764261156,1.8538936562907484
182,1.82,0.10651018625599504,1.8549284202307355
183,1.83,0.10519236809357291,1.8553260363084791
184,1.84,0.10433047643905309,1.855765728139077
185,1.85,0.10321631005624567,1.8569953917792084
186,1.86,0.10235562798606748,1.8573794330268443
187,1.87,0.10175380860160789,1.8580381426170138
188,1.8800000000000001,0.10070454843286292,1.8587587289369936
189,1.8900000000000001,0.10017057468927322,1.8598787651242736
190,1.9000000000000001,0.09854595813984404,1.860787885076073
191,1.9100000000000001,0.0976020961517889,1.8613169890751748
192,1.92,0.09743303677918137,1.8620514020656658
193,1.93,0.09661974741309552,1.8629348207526883
194,1.94,0.09629068119812939,1.862916770146743
195,1.95,0.09513477635174475,1.8640885769528872
196,1.96,0.09422438635090476,1.8649731926287192
197,1.97,0.09373812258456951,1.865618209133856
198,1.98,0.09268662896853945,1.8664217388982565
199,1.99,0.09196196516293918,1.8672245077031704
200,2.0,0.09176832699641473,1.8682263338804594
201,2.0100000000000002,0.09076004826894965,1.868529196522297
202,2.02,0.09063631958373186,1.869689317561356
203,2.0300000000000002,0.08951466477999416,1.8706247831218348
204,2.04,0.08864894152549328,1.8709882756212983
205,2.05,0.08726522294624722,1.8714602527903939
206,2.06,0.0866558451570663,1.872472103948776
207,2.07,0.08625685364407651,1.8732784264317055
208,2.08,0.0855929131060406,1.8739252883695496
209,2.09,0.08432229629500484,1.8748835879692787
210,2.1,0.08398673844529789,1.8755904524840419
211,2.11,0.0837161029805208,1.8764244479501677
212,2.12,0.08252305090174801,1.8764673621022665
213,2.13,0.08178782691706622,1.8778518761578018
214,2.14,0.08135036298448016,1.8789199617359111
215,2.15,0.08066381880207389,1.8798097047725266
216,2.16,0.07974598558505129,1.8803455828099
217,2.17,0.07924492263357058,1.8814071902217597
218,2.18,0.07853403549141315,1.8817383648046841
219,2.19,0.07810564648258876,1.882774226496764
220,2.2,0.0773406186530596,1.8832509415363867
221,2.21,0.07661469938524337,1.8841564183900463
222,2.22,0.07617267467133854,1.8845333301994738
223,2.23,0.07502824690770518,1.885691520399353
224,2.24,0.07476533046436205,1.885882370858971
225,2.25,0.074550247987935,1.886976837831241
226,2.2600000000000002,0.07318849669452468,1.887732208263326
227,2.27,0.07301900863537784,1.8881166573334582
228,2.2800000000000002,0.07251808091504024,1.8892678892569381
229,2.29,0.07171487045708107,1.8899500051613172
230,2.3000000000000003,0.0711727401854534,1.8905062460191189
231,2.31,0.07070008023298366,1.8914701678590562
232,2.32,0.0698059106578806,1.8923243923642576
233,2.33,0.06966264002534157,1.8927742312843017
234,2.34,0.06873860183807617,1.893373308331735
235,2.35,0.06828605475591451,1.8945053391595503
236,2.36,0.06713917337830554,1.8950151405359117
237,2.37,0.06715888383386674,1.8958503937803022
238,2.38,0.0663627930727126,1.896591777673107
239,2.39,0.06620665942675084,1.8971944209913605
240,2.4,0.06490860380738386,1.8983458772400943
241,2.41,0.06463259975594687,1.8988505929767174
242,2.42,0.06389468675206249,1.8991342250698076
243,2.43,0.06341930955260557,1.8997908491509663
244,2.44,0.0630168529659194,1.9003759964710791
245,2.45,0.062295229887138585,1.9012438967493532
246,2.46,0.06204110700757438,1.9016542441029893
247,2.47,0.061399979380339746,1.9026714067791548
248,2.48,0.06054896357673163,1.903438811101914
249,2.49,0.06060628702544443,1.904025896099227
250,2.5,0.059491779960072405,1.90457947711207
251,2.5100000000000002,0.059204964739718646,1.9052562132229958
252,2.52,0.05875073451915689,1.906184335999861
253,2.5300000000000002,0.05795957378488901,1.906984086214846
254,2.54,0.05792588375202016,1.9069821657969908
255,2.5500000000000003,0.057602334301063256,1.9078047532436067
256,2.56,0.05694543171373977,1.9088706286156238
257,2.57,0.05654176722187359,1.9092406923814143
258,2.58,0.055539067575359556,1.9100811665445896
259,2.59,0.05576080346180164,1.9107237260990049
260,2.6,0.05468163995985513,1.9107950459266825
261,2.61,0.05424823525936454,1.911952911633417
262,2.62,0.053802201654211394,1.9124293796172467
263,2.63,0.053368782001797364,1.9127761744313827
264,2.64,0.05297034981512562,1.9141992470649796
265,2.65,0.05224454459266768,1.9143472616383774
266,2.66,0.051820641673954386,1.9144739187937143
267,2.67,0.051306333100875345,1.9156136056916373
268,2.68,0.051117041088844954,1.9163056538227767
269,2.69,0.05080434010794289,1.9163832769686517
270,2.7,0.05002103525923703,1.9175562272905702
271,2.71,0.05004767085429258,1.9184947859301436
272,2.72,0.04929658624302228,1.9186763484200824
273,2.73,0.048564432339547686,1.9196697899609876
274,2.74,0.04869195430888089,1.9199361766945024
275,2.75,0.04772638254741675,1.9200899360436594
276,2.7600000000000002,0.047699559367479064,1.921284369307997
277,2.77,0.04672862697958088,1.9213770809977713
278,2.7800000000000002,0.04694796207766589,1.9224958042885325
279,2.79,0.046787619172272886,1.9227266788066053
280,2.8000000000000003,0.04611579048289177,1.923210241157859
281,2.81,0.04563071995806222,1.924047680612465
282,2.82,0.04491026637962774,1.9249040129113955
283,2.83,0.044768638647619076,1.9253337139071613
284,2.84,0.043919539325729104,1.9255147053728536
285,2.85,0.04420357124528856,1.9264585888354258
286,2.86,0.04327249774446468,1.9266650949929653
287,2.87,0.04286230105395551,1.9269763589382827
288,2.88,0.04278115828355706,1.9282103600822298
289,2.89,0.041940805129167424,1.9284967367502153
290,2.9,0.04192210983129479,1.9292780722019565
291,2.91,0.04151029303449798,1.9297346721612934
292,2.92,0.04134703785253633,1.9304283635379567
293,2.93,0.04104084794221332,1.9309506381025754
294,2.94,0.040449101479406085,1.931390616300396
295,2.95,0.040187844871908414,1.9319765870783503
296,2.96,0.03993831779462208,1.9326232744144196
297,2.97,0.0397360739922891,1.9331142035186986
298,2.98,0.03924831273279019,1.9336459124884762
299,2.99,0.03882908425135411,1.934136248507857
300,3.0,0.038204047047829114,1.934819349908514
301,3.0100000000000002,0.03778454779538098,1.9353335414930215
302,3.02,0.03784188137506438,1.9359937715501516
303,3.0300000000000002,0.03737063738790717,1.9362539592144723
304,3.04,0.03702373543835072,1.9370473454995043
305,3.0500000000000003,0.03697480094878939,1.9373706517406086
306,3.06,0.036616290834692596,1.9378362933255688
307,3.0700000000000003,0.03633311165337689,1.9382663832872074
308,3.08,0.03559954778098905,1.9391383989735829
309,3.09,0.03546476011047981,1.9393453683878485
310,3.1,0.035341945657554,1.9398756753553925
311,3.11,0.03498155627011693,1.9405353769429554
312,3.12,0.034735017009333624,1.9410403188521448
313,3.13,0.03404269377984295,1.941552907529283
314,3.14,0.03385240196174387,1.9420403122048668
315,3.15,0.03402770926375265,1.9425667419089059
316,3.16,0.03319513194768115,1.9431655541552721
317,3.17,0.03298520399431754,1.9435006992944792
318,3.18,0.03268585185688993,1.9439174903903946
319,3.19,0.03241543945265154,1.9441386171989308
320,3.2,0.03212137835484809,1.9444619681696358
321,3.21,0.03157471977448866,1.945148498232783
322,3.22,0.0310540735327452,1.945497332850441
323,3.23,0.030937574922734305,1.945961615023547
324,3.24,0.030670878359751592,1.9465533193590865
325,3.25,0.030306575971265983,1.9468289910696903
326,3.2600000000000002,0.03013199142683502,1.9476445414778907
327,3.27,0.03004668160883104,1.9480702547251532
328,3.2800000000000002,0.02951006248974727,1.9486726534921603
329,3.29,0.029351164522540715,1.9488565945497611
330,3.3000000000000003,0.028921983771583875,1.9487719151247196
331,3.31,0.029563725619881846,1.9494710669131528
332,3.3200000000000003,0.028421263979571336,1.9499887012666701
333,3.33,0.02831652091634952,1.9502774697973757
334,3.34,0.027685131742316252,1.9505590753158273
335,3.35,0.028157556875043597,1.9508907318555275
336,3.36,0.02777663414993229,1.951162336588509
337,3.37,0.027225732516520683,1.9515069304728465
338,3.38,0.02759580803186625,1.952615033269448
339,3.39,0.027056263282527263,1.9527386600762886
340,3.4,0.02661832864615935,1.9531790439590162
341,3.41,0.02597454849147085,1.9537679939807493
342,3.42,0.026083381566904155,1.953971244243555
343,3.43,0.02581205206160862,1.9543482492832878
344,3.44,0.025286291007864548,1.9543811977569747
345,3.45,0.025734842179086035,1.9546234862704677
346,3.46,0.025210241593244562,1.9557146651771589
347,3.47,0.024835575017564223,1.9558695354498652
348,3.48,0.024240464185383854,1.9561690550389763
349,3.49,0.02429524556729237,1.9563577144426318
350,3.5,0.02411441485879643,1.9569957444082553
351,3.5100000000000002,0.02406615847423361,1.9576288124042627
352,3.52,0.023542858741906352,1.9576831433072384
353,3.5300000000000002,0.023788064358439186,1.9577559885378224
354,3.54,0.02321202337063537,1.9582967091641132
355,3.5500000000000003,0.023210949523062543,1.9588531325500238
356,3.56,0.023165044384326226,1.9590213406711938
357,3.5700000000000003,0.02272030430870538,1.9597270679438081
358,3.58,0.022700558474189832,1.9598377853079072
359,3.59,0.02173355189854223,1.959938011548903
360,3.6,0.021902618401092727,1.9605999597321098
361,3.61,0.0220023714739688,1.9603226766443151
362,3.62,0.021910442511880335,1.961064187382213
363,3.63,0.02143562940165446,1.9614213766960609
364,3.64,0.021345983203766038,1.9617054170534443
365,3.65,0.02088476768834097,1.962618219294087
366,3.66,0.02086321993901931,1.9623094993716457
367,3.67,0.02035146173692149,1.9628141939571255
368,3.68,0.020368539959745465,1.963246250366702
369,3.69,0.020208722883971932,1.9630045533036211
370,3.7,0.019756140316451135,1.963375678037478
371,3.71,0.019686327851400558,1.964149148883106
372,3.72,0.01898626086804477,1.9645618073539433
373,3.73,0.019482042176588898,1.964690082361361
374,3.74,0.01852200732454241,1.9648001684745007
375,3.75,0.019199034849779518,1.9655540135684066
376,3.7600000000000002,0.01895604661643815,1.9656753099090116
377,3.77,0.018790949524826996,1.9658354245967886
378,3.7800000000000002,0.018354014305402105,1.9661166016610936
379,3.79,0.018804745032166472,1.9663568292260718
380,3.8000000000000003,0.018098302435031865,1.9670073959227083
381,3.81,0.018071252838706076,1.966723930481714
382,3.8200000000000003,0.017614126310778088,1.9672041364469535
383,3.83,0.01754057526371582,1.9676730251755763
384,3.84,0.017235439781924763,1.9681965979126337
385,3.85,0.017383080201437133,1.9682859697464477
386,3.86,0.01678984333637694,1.96886747351069
387,3.87,0.017379107403595686,1.9689597770536302
388,3.88,0.01667560280064665,1.9694538475506487
389,3.89,0.01720431702951677,1.9694067699126572
390,3.9,0.016206462979166964,1.9697563190625067
391,3.91,0.016347549706569924,1.9700016724351304
392,3.92,0.016205880218572066,1.970258728850504
393,3.93,0.016061241931536376,1.9703982982486379
394,3.94,0.016144671359414425,1.970696531335163
395,3.95,0.015756147052609266,1.9703889423395797
396,3.96,0.015641969162214057,1.9712802682892607
397,3.97,0.015476186984837886,1.971542796738506
398,3.98,0.015542167954953175,1.9718848514720133
399,3.99,0.014930869514980608,1.9721144963559947
400,4.0,0.015073924584695312,1.9722409948742403
401,4.01,0.014786473970081728,1.972497677114115
402,4.0200000000000005,0.014978315840204804,1.972384573468271
403,4.03,0.014700687474977181,1.9728336556725226
404,4.04,0.01451692625854763,1.9733128439092855
405,4.05,0.01459985208291561,1.9734115472888267
406,4.0600000000000005,0.014178439647397168,1.973477702476162
407,4.07,0.013786753305992588,1.9738946519749727
408,4.08,0.014161782926192466,1.9745258448554452
409,4.09,0.013525170479489,1.974498164651889
410,4.1,0.013939337588489626,1.9748542599007595
411,4.11,0.013680643566968471,1.975026062239228
412,4.12,0.0139595068178381,1.975260610902442
413,4.13,0.012896435666432457,1.9756090105881767
414,4.14,0.013156018173302692,1.975629557914948
415,4.15,0.012515310191598674,1.9759335888193885
416,4.16,0.0128817563232614,1.9760418465709633
417,4.17,0.012908496892112108,1.9763397555997133
418,4.18,0.012437109229755123,1.9768122973504993
419,4.19,0.012038881750832552,1.9769058010762335
420,4.2,0.012194500672540326,1.9771597241667012
421,4.21,0.01222370354027625,1.9775493100490968
422,4.22,0.012293088399377882,1.977581301523068
423,4.23,0.011800936014269474,1.9775091614818785
424,4.24,0.011823267070927974,1.9773641112988565
425,4.25,0.011656589594788212,1.977820284388986
426,4.26,0.011329976128177944,1.978227803417735
427,4.2700000000000005,0.012194278694051732,1.9784117964515935
428,4.28,0.011302375836007864,1.9785889371685157
429,4.29,0.011321188779658892,1.97895974454458
430,4.3,0.011496489939455427,1.9791750990157169
431,4.3100000000000005,0.011170493899515388,1.978762380520569
432,4.32,0.010953761763385781,1.9792322467359493
433,4.33,0.011007528592066596,1.9792849811942685
434,4.34,0.010901268952130698,1.9796115489003392
435,4.3500000000000005,0.010824517578255146,1.9801996198341296
436,4.36,0.01121471215344302,1.9800455220510509
437,4.37,0.010293413149056295,1.9800489758930417
438,4.38,0.010334811995360158,1.980903910917462
439,4.39,0.010110246406031547,1.9807488193770233
440,4.4,0.010157230400710721,1.9812253366495325
441,4.41,0.01005182435246274,1.9809749881522447
442,4.42,0.010245540957253286,1.9813966884110066
443,4.43,0.009548962825361728,1.9816385584274279
444,4.44,0.010036167669165133,1.9817830345365495
445,4.45,0.01007222161153192,1.9818502385988965
446,4.46,0.009364635529626877,1.981922722280077
447,4.47,0.009837552251804006,1.982122572497968
448,4.48,0.008989971767410296,1.9821899270136498
449,4.49,0.008965449415382657,1.9824167762536447
450,4.5,0.009747783736639603,1.9826710803705054
451,4.51,0.009204798347994326,1.982937506982685
452,4.5200000000000005,0.009562972641742062,1.982993623698285
453,4.53,0.009247508683582163,1.9829240176913323
454,4.54,0.00856360965784784,1.9832587201334093
455,4.55,0.008197524347664353,1.9835588282570462
456,4.5600000000000005,0.008816490414287502,1.9835104957355292
457,4.57,0.0088605182989826,1.983549804798091
458,4.58,0.0088436467484148,1.9833913614682732
459,4.59,0.008377966305106043,1.9837093041136786
460,4.6000000000000005,0.00810382895500618,1.9838128306856355
461,4.61,0.008041489045653393,1.9844434739565542
462,4.62,0.008133374045166867,1.9841966843505678
463,4.63,0.008248435711201558,1.984779018527516
464,4.64,0.008337464607488092,1.9846330034471917
465,4.65,0.008186069047087852,1.9847033027100611
466,4.66,0.008242618053292803,1.9848760736793047
467,4.67,0.007699176778824102,1.9854059411940135
468,4.68,0.0078023448710844295,1.9854648023885395
469,4.69,0.007583348570715906,1.9850612520777176
470,4.7,0.007709280933299239,1.9854382344897097
471,4.71,0.007455923695420438,1.9855959869418685
472,4.72,0.007606812077964356,1.9858808419737661
473,4.73,0.007205674622648424,1.9860483568339207
474,4.74,0.007442635412289632,1.9859590485560779
475,4.75,0.006858141511744764,1.9861413285773433
476,4.76,0.00713201166047371,1.9865905266968518
477,4.7700000000000005,0.007181123582952052,1.9862488013832875
478,4.78,0.007561956234581595,1.9863574115934568
479,4.79,0.007233687001417412,1.986495259121636
480,4.8,0.006963208681952684,1.986528046590181
481,4.8100000000000005,0.007193097939661706,1.9867424267475682
482,4.82,0.006807266903297573,1.9869098901052094
483,4.83,0.00679783770289983,1.9874333515284945
484,4.84,0.006399842448334078,1.9876469218434958
485,4.8500000000000005,0.006559546966056105,1.987516583124824
486,4.86,0.00606279258802554,1.9872491505439043
487,4.87,0.006642563382683339,1.9877242894189462
488,4.88,0.0065726250526062235,1.9881214219445666
489,4.89,0.0059620847827448805,1.9879504527104048
490,4.9,0.006590708416868105,1.9880172630143818
491,4.91,0.005633349119850707,1.9882873233567524
492,4.92,0.006347850824689648,1.9882448937024177
493,4.93,0.00598415666332169,1.988396040979864
494,4.94,0.005890113762666968,1.9884621104341094
495,4.95,0.0057629437838458905,1.9885710280070068
496,4.96,0.006282336575055624,1.9886903617031289
497,4.97,0.006492940206422108,1.9888214496479155
498,4.98,0.005839250476172501,1.988870400958297
499,4.99,0.006274400739232513,1.9888501795955298
500,5.0,0.005261711035589812,1.988942098027867
501,5.01,0.005702034683641023,1.9895575037006927
502,5.0200000000000005,0.005857173987664539,1.9890785095314318
503,5.03,0.005517566201806714,1.9896603151679184
504,5.04,0.00543134747613453,1.9895113642823872
505,5.05,0.006007626076587562,1.9899082599560804
506,5.0600000000000005,0.005556269230588314,1.9898576146198705
507,5.07,0.005622748406123051,1.9894979810074496
508,5.08,0.004956652773561985,1.990306394204314
509,5.09,0.0047340565067007945,1.9898920003374025
510,5.1000000000000005,0.004910054626136427,1.990036258794237
511,5.11,0.005130779416944798,1.9902294123620354
512,5.12,0.005035107238189273,1.9905078769021245
513,5.13,0.005250637681028443,1.9904362796993813
514,5.14,0.005119563702238085,1.9902836200683165
515,5.15,0.004668674286541523,1.9905399094452085
516,5.16,0.0052705314402314496,1.990834305295689
517,5.17,0.004578693617389451,1.9909984501461366
518,5.18,0.004705672555671466,1.9913164937109245
519,5.19,0.004780579254051996,1.9909926590981981
520,5.2,0.004444824726955256,1.9908482974721784
521,5.21,0.004799665433378664,1.9910428407705463
522,5.22,0.004030508833257038,1.9909863610800917
523,5.23,0.004394333981382635,1.9914021710198453
524,5.24,0.004810997568854252,1.9912688126516016
525,5.25,0.004293329074121053,1.9916299497912175
526,5.26,0.004276337734149365,1.9917186971094554
527,5.2700000000000005,0.00401320408465042,1.9919571617627967
528,5.28,0.004197537749304953,1.991644889300567
529,5.29,0.00424494822763055,1.9917120845115306
530,5.3,0.003864086120102251,1.9919532031306606
531,5.3100000000000005,0.003928153869923895,1.9919668153313177
532,5.32,0.0037958988319531503,1.992475911670344
533,5.33,0.004054002777280796,1.991879666024256
534,5.34,0.003931247326533567,1.991833817019986
535,5.3500000000000005,0.003702702589371936,1.992483422853077
536,5.36,0.003607966933499376,1.9917578458107852
537,5.37,0.004167551947711775,1.9924436685759894
538,5.38,0.004104944496911888,1.9926015880932186
539,5.39,0.004008658936401159,1.9926360766720854
540,5.4,0.004107730977823959,1.9925040761917807
541,5.41,0.0037980657309472842,1.9927068876276595
542,5.42,0.0041159496127984,1.9922947637326276
543,5.43,0.003913625111902165,1.992771586702163
544,5.44,0.004103648236105869,1.99277700776572
545,5.45,0.003508626477633311,1.9933089639881527
546,5.46,0.0035636753054227584,1.9928205365712508
547,5.47,0.003400154655583838,1.9930548370670425
548,5.48,0.003712087027222534,1.9932297849184955
549,5.49,0.0031632683430889083,1.9928709886664864
550,5.5,0.0033743303951599348,1.992939127088966
551,5.51,0.0031262378881443346,1.992841218582755
552,5.5200000000000005,0.0036158984767479447,1.9934980442645724
553,5.53,0.003399411138999506,1.9931321472939503
554,5.54,0.003258325413621543,1.9935178099918969
555,5.55,0.003213744511470327,1.9931903780476607
556,5.5600000000000005,0.002972108071711927,1.9939036762841438
557,5.57,0.0029400109478751445,1.9933746779123873
558,5.58,0.0032683742990262843,1.9934275166056508
559,5.59,0.003162485799867387,1.9936879704236838
560,5.6000000000000005,0.002800014634824039,1.9936469137523303
561,5.61,0.003384112674746927,1.9937284919121014
562,5.62,0.0036196441171543535,1.9937288400147526
563,5.63,0.00273933005973928,1.9938240187508864
564,5.64,0.0030083528929779817,1.9944256121652952
565,5.65,0.0028823691389096304,1.9940603225713252
566,5.66,0.0027564319849384886,1.994176512926487
567,5.67,0.002287802599050674,1.9941495937788196
568,5.68,0.0029814943583015576,1.9943084203568777
569,5.69,0.003076600453518618,1.994354477968265
570,5.7,0.0028719777302928223,1.994543432425576
571,5.71,0.0025890721026412327,1.9947642457507169
572,5.72,0.0025923969063322352,1.9947548119932619
573,5.73,0.0031454592179142524,1.9945923594080166
574,5.74,0.0027776140843365823,1.9949785886578564
575,5.75,0.002266293393612803,1.9945581297595298
576,5.76,0.0026273561778207707,1.9948035022801036
577,5.7700000000000005,0.0029051852299651895,1.9948013581398472
578,5.78,0.0027996673404562435,1.9950485730383654
579,5.79,0.002339500333617982,1.995018329681954
580,5.8,0.0027262479126211187,1.995116524462967
581,5.8100000000000005,0.002593437454831836,1.994919180143526
582,5.82,0.002404311347842522,1.9947949498629673
583,5.83,0.0023573165002753454,1.9955098842582717
584,5.84,0.0022511233214056337,1.9950240255223317
585,5.8500000000000005,0.0027394372346752744,1.9951555931189116
586,5.86,0.002428464628818274,1.995303116571418
587,5.87,0.0030110184066256926,1.9953382036920848
588,5.88,0.0021621696283061955,1.99570665084584
589,5.89,0.002431658318772288,1.9953888028023545
590,5.9,0.002128013165073675,1.9953519547841365
591,5.91,0.0026325314655286946,1.9953436834790632
592,5.92,0.002507458476834549,1.9956421926160808
593,5.93,0.0023514178420159237,1.9953767152147341
594,5.94,0.002406915456015297,1.9959329724084547
595,5.95,0.0022983493605078747,1.995492177388088
596,5.96,0.0016412795414965738,1.9953571136341426
597,5.97,0.002662266977187124,1.9958421215626305
598,5.98,0.0022957716654068345,1.9959372284780244
599,5.99,0.001971449232264037,1.9959076764794363
600,6.0,0.00178574297353768,1.996085702443204
601,6.01,0.0021897507132633944,1.9960431643377146
602,6.0200000000000005,0.0020667108561384464,1.9954545572830251
603,6.03,0.002307831705375306,1.9961337129747745
604,6.04,0.002192218234498675,1.9967050414498768
605,6.05,0.0017582623678339706,1.995826804482252
606,6.0600000000000005,0.001862619856811061,1.9963357922447904
607,6.07,0.002081429118316002,1.9961758841515493
608,6.08,0.0021739331328132242,1.9960731770388709
609,6.09,0.0019340530120515917,1.9965327669976387
610,6.1000000000000005,0.0013505064683191964,1.9963819707302812
611,6.11,0.0016882569435418598,1.9963433373176322
612,6.12,0.001632875204897547,1.996239967943773
613,6.13,0.0018934824285790476,1.9961256757671548
614,6.140000000000001,0.0019730360867463367,1.9964643536237567
615,6.15,0.0018134830975812713,1.9963073992356577
616,6.16,0.00238211816931724,1.996469152118017
617,6.17,0.001997631681670455,1.9965866696531933
618,6.18,0.0013548845341131118,1.9962180171321922
619,6.19,0.0020309080841862987,1.9969285662830814
620,6.2,0.0014585888189469678,1.9964600758144178
621,6.21,0.0015628379130414294,1.9967296292930052
622,6.22,0.001663127912197019,1.996607472247659
623,6.23,0.001635884467479982,1.9967897443215372
624,6.24,0.0017094718535227897,1.9967748036796786
625,6.25,0.002132476803529564,1.9967277741426568
626,6.26,0.0018332151506974166,1.9965663136921115
627,6.2700000000000005,0.001981625875791819,1.9965878038033515
628,6.28,0.0018920484489869417,1.996842695951887
629,6.29,0.001600384664956989,1.9968484882335749
630,6.3,0.0015861879093053098,1.9965934533892202
631,6.3100000000000005,0.0011916151180832685,1.9967422267011252
632,6.32,0.0016663743300479683,1.997011903494932
633,6.33,0.0017145253156088973,1.9970363798665853
634,6.34,0.0015292560108830992,1.9970792691302601
635,6.3500000000000005,0.0011905071128317686,1.9973183196102589
636,6.36,0.0023073368031222737,1.9972298597139
637,6.37,0.0014226625636505085,1.9973121394016424
638,6.38,0.0010952762641368706,1.9972350461588326
639,6.390000000000001,0.0018784083427753496,1.9972469019618369
640,6.4,0.0016470702564494715,1.9975236084414771
641,6.41,0.0013943918617710218,1.997333274312068
642,6.42,0.0016316113867739187,1.997168080943312
643,6.43,0.001701369021465514,1.997405506321538
644,6.44,0.0012659025908264292,1.997429314438542
645,6.45,0.001433960348425564,1.9975099100860239
646,6.46,0.0016115474159334694,1.9972507826024504
647,6.47,0.001014230824659571,1.9973756601628379
648,6.48,0.0014903577269853444,1.9971587295059718
649,6.49,0.0016864834782458035,1.9972909839162385
650,6.5,0.00160717900679586,1.997115287805836
651,6.51,0.0010640337688507312,1.9976032482070913
652,6.5200000000000005,0.0012357950443342704,1.9973002985896977
653,6.53,0.0016999610926450122,1.9975562217482201
654,6.54,0.0014945469859146488,1.9976587275527067
655,6.55,0.001387732201522165,1.9976832413826249
656,6.5600000000000005,0.0017903669683187705,1.997506046659563
657,6.57,0.0012029765156771,1.997613663329542
658,6.58,0.0009715858967141035,1.9978987506500034
659,6.59,0.0015329596116640753,1.997760278894648
660,6.6000000000000005,0.0014276380298733848,1.9977924428608782
661,6.61,0.0006033012450918325,1.997444684117116
662,6.62,0.0009822204683249112,1.9979139347534416
663,6.63,0.0009365305914636942,1.9974418631706217
664,6.640000000000001,0.0009539974425993058,1.9979912460056506
665,6.65,0.0013628093493924646,1.9977390597385125
666,6.66,0.0009951126156009433,1.9977056164884308
667,6.67,0.001754905480655876,1.9977286329640616
668,6.68,0.0009715873286305947,1.998050777275283
669,6.69,0.0009550888337412902,1.9978229186260406
670,6.7,0.0012722265400860933,1.9977952001323178
671,6.71,0.0012704681034646115,1.9977459960667099
672,6.72,0.0015634589859103445,1.9979974647368008
673,6.73,0.0010029005035877008,1.9978892079834145
674,6.74,0.0007862989110386474,1.997876145423159
675,6.75,0.0008762131164335,1.9981276459761304
676,6.76,0.0002942369729853476,1.9980096839309274
677,6.7700000000000005,0.0007285180830920912,1.9982145697275946
678,6.78,0.0011810726880295765,1.9982725565048949
679,6.79,0.0006185516210799103,1.9982397878391358
680,6.8,0.0004971507815687507,1.998106756434455
681,6.8100000000000005,0.0008601755985520638,1.997985513378676
682,6.82,0.001047232009647757,1.9984440937449897
683,6.83,0.0011939294163629962,1.998493408312416
684,6.84,0.0008184290617734754,1.9981384530026303
685,6.8500000000000005,0.0010414736729233932,1.997990073112371
686,6.86,0.0011065537028410021,1.9981939562639677
687,6.87,0.0005168944639308832,1.998209302766332
688,6.88,0.0011074760078103648,1.9983637838944894
689,6.890000000000001,0.001024255792438429,1.9983933123155242
690,6.9,0.00031024404536304415,1.9981311143798102
691,6.91,0.0012426681534213274,1.9984658663011095
692,6.92,0.0009972698294187215,1.9982151971156166
693,6.93,0.0007137233816671886,1.9984719217755487
694,6.94,0.0009030784828994965,1.9980081921991577
695,6.95,0.0009965084111866133,1.9987799068210186
696,6.96,0.0005266243322905299,1.9983214050548332
697,6.97,0.0007378481597257776,1.998464597165924
698,6.98,0.0003370244609218135,1.9983833478467439
699,6.99,0.0011887242615291943,1.9982660261612741
700,7.0,0.0007844977871041668,1.9984673524238905
701,7.01,0.001048410552681014,1.9982163944080449
702,7.0200000000000005,0.0006414451446942241,1.9983260552200657
703,7.03,0.0010562102820662444,1.998759048269212
704,7.04,0.0005432496674895632,1.9983308768689345
705,7.05,0.0009567400575395712,1.9991024553702925
706,7.0600000000000005,0.0007301748943199736,1.9987349705260058
707,7.07,0.0010674176581582824,1.9986533001651199
708,7.08,0.0008053714900673874,1.9986678800433
709,7.09,0.0009809674536308403,1.9986403432740385
710,7.1000000000000005,0.001058577880408236,1.9984070841431611
711,7.11,0.0007374132209267177,1.9983652729633496
712,7.12,0.0005345369861731938,1.9984357196780649
713,7.13,0.000865126174910184,1.9987820780578154
714,7.140000000000001,0.0006218487493580055,1.9986734179819834
715,7.15,0.00047303540776743707,1.99886748897972
716,7.16,0.0004267333603018827,1.9989831703554881
717,7.17,0.00023464392734147714,1.9987845073196537
718,7.18,0.0007928517785895963,1.9986399382126883
719,7.19,0.00036476838368029415,1.998952505411585
720,7.2,0.00034369573190864234,1.9986605055350646
721,7.21,0.0006690067656356827,1.998562557503587
722,7.22,0.0004728042670665677,1.999114117450595
723,7.23,0.0004815520803436008,1.9988678138596458
724,7.24,0.0004350705489484651,1.9987610236579172
725,7.25,0.00035220250307070166,1.999057867130319
726,7.26,0.0005018325226385993,1.998449871101161
727,7.2700000000000005,0.0003759965958204881,1.998816373851185
728,7.28,0.0006865004600942768,1.999088158602777
729,7.29,0.0010214706497007006,1.9982012179803472
730,7.3,0.0006670699602736562,1.998932041712495
731,7.3100000000000005,0.00019285216177483396,1.9990307166695407
732,7.32,0.0003737025026384423,1.998635802118449
733,7.33,0.0005926301373075377,1.9987051009818273
734,7.34,0.0009275216193515338,1.9988724562397178
735,7.3500000000000005,0.00020357761585656185,1.998706328100658
736,7.36,0.0007408477879624446,1.998976860994569
737,7.37,0.0007144305599576378,1.9990422927451372
738,7.38,0.0009637100204333583,1.9985842369344144
739,7.390000000000001,0.0006207687931607949,1.998476659429534
740,7.4,0.0009219483393995177,1.9987504187891532
741,7.41,0.000781695616968897,1.998784635048105
742,7.42,0.00046635040894916016,1.9987903931523403
743,7.43,0.00031523588863872757,1.9986373566672355
744,7.44,0.0006432651593927715,1.9993975580270107
745,7.45,0.0004984995432977065,1.9988775142644926
746,7.46,0.00035802765825257703,1.999459970626223
747,7.47,0.00010294043085315555,1.9992457563230683
748,7.48,0.0005239648674440733,1.9994187978952584
749,7.49,0.00023435264017712584,1.9990088307446428
750,7.5,0.0005698658061631642,1.9990001138024052
751,7.51,0.0005213903456001722,1.9990102861721093
752,7.5200000000000005,0.0004985251628318939,1.9990644712929742
753,7.53,0.0004345110362129866,1.999133955728354
754,7.54,0.0005501643775651038,1.9990215109506986
755,7.55,0.00037795736083350094,1.999381090786888
756,7.5600000000000005,0.0012352834359932033,1.998922824603823
757,7.57,0.0008333232236923138,1.9990950552660889
758,7.58,0.00013469515594829193,1.9991407427597532
759,7.59,3.323972901408262e-05,1.999384633110514
760,7.6000000000000005,0.0007411911729404868,1.9993187334291855
761,7.61,0.0005250826504161138,1.9988895122928187
762,7.62,0.00039009642592814707,1.9991636009717706
763,7.63,0.0006716625406599517,1.999062176163013
764,7.640000000000001,0.00020104475281229966,1.999270406284124
765,7.65,0.00034445306464889387,1.9991817057040737
766,7.66,0.0003571286132683859,1.9991725718317956
767,7.67,0.00013868449679702087,1.9990465775801258
768,7.68,-0.0001565436070212967,1.9990633820144714
769,7.69,0.0004817746760012256,1.9994562099401165
770,7.7,0.0003569308384486781,1.999160524548117
771,7.71,0.000544958878180471,1.9991464062262727
772,7.72,8.35558015524702e-05,1.9993938863078862
773,7.73,5.278014052557831e-05,1.999397759628795
774,7.74,-6.289411123826808e-05,1.9992711655705802
775,7.75,0.00044457503877136454,1.9991373336813394
776,7.76,0.00042067986456467054,1.998801902196645
777,7.7700000000000005,5.1657694797674944e-05,1.9994382733715113
778,7.78,0.0004929259558014271,1.9994713750899995
779,7.79,1.813901484040909e-05,1.9994115814152886
780,7.8,0.0002606250622010948,1.999225685858334
781,7.8100000000000005,0.00018301650402040146,1.9991126279934146
782,7.82,0.00026273442400169577,1.99908727266145
783,7.83,0.00011111776902815191,1.999394394008459
784,7.84,0.0006975366488407177,1.9992218413198906
785,7.8500000000000005,0.0003903014923701649,1.9993864464073805
786,7.86,0.0006819120854548034,1.9992399947030173
787,7.87,0.00015871443645232186,1.9991388395131162
788,7.88,0.0005571184413201524,1.9994460770804299
789,7.890000000000001,0.0004761501046958022,1.9992210473021563
790,7.9,0.0008567160877148089,1.9992737821863795
791,7.91,0.0004046319977009892,1.9991715230397902
792,7.92,0.0006107640441913242,1.9992350731623252
793,7.930000000000001,-0.00026265690690776823,1.9993075834647716
794,7.94,0.0007278353845311719,1.9991950558365064
795,7.95,0.0004768029743119272,1.999837047586238
796,7.96,0.0002317580969017293,1.9996429098027415
797,7.97,0.00017571310114169753,1.9995801801162247
798,7.98,0.00031327735335625164,1.9992496876475574
799,7.99,1.7875265407216537e-05,1.9996933011013742
800,8.0,0.0005728690069082194,1.999380348633108
801,8.01,0.000474230029743039,1.9995928303486659
802,8.02,6.457421612145599e-05,1.9991894940009085
803,8.03,0.0005837763269526903,1.9993294508104822
804,8.040000000000001,0.0005242564902442887,1.9992036469689967
805,8.05,4.786655573109125e-05,1.9995883525275193
806,8.06,0.00039464083841711506,2.000032270841833
807,8.07,0.00022813979685205513,1.9991866757916854
808,8.08,3.280012936867762e-05,1.9994252078489985
809,8.09,0.0007489981823236938,1.99978325149986
810,8.1,0.00016645582245636807,1.999543449968524
811,8.11,1.0207645678797029e-05,1.9994241722095407
812,8.120000000000001,0.00034491264966395355,1.9991714122198003
813,8.13,-9.840351424609715e-05,1.9998158806338635
814,8.14,3.246658272576121e-05,1.9993911453369682
815,8.15,0.00029804925493779916,1.9993950167499477
816,8.16,0.00036975270820602707,1.9996079230396004
817,8.17,8.360124367591339e-05,1.99955629181289
818,8.18,0.0001414994310678967,1.9994941375178654
819,8.19,0.0003357574817598064,1.9992353159831489
820,8.2,-7.977476718044868e-05,1.999209908283271
821,8.21,0.00046953840648401976,1.9994772850510294
822,8.22,0.0001406812707118745,1.9995800614771244
823,8.23,-0.00015887396715715733,1.9989125499430869
824,8.24,0.00011850596008303304,1.9997061931651015
825,8.25,-0.000169587168401456,1.9992514248788513
826,8.26,0.000337394502579305,1.9994754272377315
827,8.27,0.00010311562602077808,1.9996631734544106
828,8.28,0.00015418044491639368,1.9994839753611926
829,8.290000000000001,0.0002908103819007126,1.9992802614205973
830,8.3,0.00013569092554698185,1.9996382165011608
831,8.31,-0.0004034845210677049,1.9995757112351409
832,8.32,0.00028164146347906335,1.9993933753246123
833,8.33,0.00029423158820105215,1.9997411038098136
834,8.34,0.0003546334302192151,2.000058137279226
835,8.35,0.0005333165591211804,1.9993851077580975
836,8.36,-7.726922619415212e-05,1.9993277885983933
837,8.370000000000001,-3.3989998498023524e-05,1.9996429259859978
838,8.38,-0.000394106547133098,1.9997732362000218
839,8.39,4.8414332300093516e-05,1.999841896116615
840,8.4,0.00021078138583076418,1.9996697971160753
841,8.41,-7.661327195239063e-06,1.9992262686235394
842,8.42,0.0005219600440624116,1.9992097531499011
843,8.43,1.4188020254164767e-06,1.999828532724356
844,8.44,4.94061953701177e-06,1.999455986173448
845,8.45,0.0004397240623759262,1.9996855011900727
846,8.46,-5.5016491468746006e-05,1.9992819470198833
847,8.47,0.00016043079929493076,1.9999261403418023
848,8.48,-6.598599092415638e-05,1.9996597422988036
849,8.49,0.0006659708620829366,1.999494486090412
850,8.5,9.925461049794297e-05,1.999908335068094
851,8.51,-0.0002829562661732136,1.999607485804104
852,8.52,0.00012521443945741207,1.9992223881650089
853,8.53,4.392749712029144e-05,1.9995033066517829
854,8.540000000000001,4.369189685472194e-05,1.999650079350253
855,8.55,0.00025765571067882425,2.0001267494358044
856,8.56,3.527131128879462e-05,1.9997330877118749
857,8.57,6.24461158101928e-05,1.999698288651615
858,8.58,2.7410336918635877e-05,1.999431407560785
859,8.59,-3.417748805148934e-05,2.00003566643619
860,8.6,0.0002866534927410898,1.9998115656615745
861,8.61,0.00010740345655199678,2.0001622061276834
862,8.620000000000001,0.00036923707069460665,1.9995014158900735
863,8.63,0.0002956288809251833,1.999445360951074
864,8.64,-0.000286887291775343,1.9993742531349337
865,8.65,0.00041913362211401593,1.9995838860871027
866,8.66,0.00014429839594638595,2.000085413086602
867,8.67,8.49766372616663e-05,1.999780058546942
868,8.68,-7.490260650627831e-05,1.99973530239815
869,8.69,-0.00015285934573817014,1.9996809945811889
870,8.700000000000001,-0.00013714975929212216,2.0000444043336105
871,8.71,-0.0002459819375485436,1.999796375249284
872,8.72,0.00037438406510044767,1.9997106473910444
873,8.73,0.00022247616603681666,1.9998393802017636
874,8.74,-0.00010554258102746044,1.9998162731869462
875,8.75,0.0003721323757004847,2.000079534842848
876,8.76,0.00017704605738198142,1.9997209292341827
877,8.77,0.00035525004151595304,1.9998245744402878
878,8.78,4.446496038064732e-05,2.000055454328559
879,8.790000000000001,-0.00025695528499922,1.999586612062531
880,8.8,0.0003283889879146024,1.999789943880562
881,8.81,-9.74756510794232e-05,1.9998606813466253
882,8.82,-0.00033983312906014104,1.999721000030844
883,8.83,4.615563998740665e-05,1.9996059782160118
884,8.84,0.000370638998528302,1.9993676465561123
885,8.85,0.0004027599264165925,1.9998092218489818
886,8.86,0.00031328104239664826,1.9995389653871882
887,8.870000000000001,0.0005448568597931681,2.0003485655151727
888,8.88,-0.0002460473135455956,1.999583577244868
889,8.89,0.00013041600838511227,1.999623324569524
890,8.9,-2.0100866321093314e-05,1.999767740249118
891,8.91,0.000351874095515812,1.9996211929438443
892,8.92,0.0005742692280276282,1.9995874071371609
893,8.93,0.0003430804455071524,1.999779154763382
894,8.94,0.0002950229142519588,1.9994747088309381
895,8.950000000000001,-0.00022362144217077034,1.9997942313222583
896,8.96,-0.00015115903491988067,1.9999814585503024
897,8.97,-0.00046965433271897814,1.9998918315211236
898,8.98,0.00025896740792421137,1.9996671298934638
899,8.99,7.160371866831465e-05,2.000061821061379
900,9.0,-5.675312734275363e-05,1.9996920842028651
901,9.01,0.0005741279433729742,1.99971206117229
902,9.02,3.692787922283589e-05,2.0000004354124954
903,9.03,-0.0002882341697313831,1.999791677744858
904,9.040000000000001,0.0001401896835753049,1.9997121713152348
905,9.05,-0.00030860335901975,1.999729170195784
906,9.06,0.00016729275185350855,2.000183908888335
907,9.07,-0.0002202622236566755,1.9998593412228696
908,9.08,-0.00010050354881499103,1.9998851741493995
909,9.09,0.00045898189028658573,1.9997578043632949
910,9.1,-0.00024729239952241047,1.9997152828063918
911,9.11,4.0399351624474645e-05,1.9994764484432905
912,9.120000000000001,0.0002919982439511061,1.9994441168876975
913,9.13,0.00014571438494716921,2.000079524685558
914,9.14,-0.0001799753640355645,2.0004285031359514
915,9.15,0.00010253769830247927,1.9995065709187352
916,9.16,9.449632656323474e-05,1.999958564910493
917,9.17,-0.00017287145556919509,1.999670160973706
918,9.18,-7.531847876396036e-05,1.9999802203367913
919,9.19,7.919904357231854e-05,1.9996694777913047
920,9.200000000000001,-5.699826658886746e-05,2.0002633400168652
921,9.21,4.050494844587782e-05,1.9998032879752008
922,9.22,-0.0003163098631559294,1.9996250712067236
923,9.23,6.601023410152427e-05,1.9999105292453982
924,9.24,2.5641204915076654e-06,1.99977436626992
925,9.25,0.00044557319037803636,2.000171379866825
926,9.26,0.00045872009828822605,1.9994208534599096
927,9.27,-0.00022227040122989788,1.999925697684185
928,9.28,-6.714191841762713e-05,1.9999322215820285
929,9.290000000000001,4.874335063168585e-05,1.9996025729268232
930,9.3,0.00023470998381204197,1.999482255060947
931,9.31,0.0009285200429352829,1.9998597208534483
932,9.32,1.2215936976474169e-05,2.000033054555134
933,9.33,2.5214315036846124e-05,2.0002096449478013
934,9.34,0.0001959439494866131,1.9998465211377137
935,9.35,-0.00015943609556263677,2.000090831504313
936,9.36,-0.00018526162355577108,2.0002727502902222
937,9.370000000000001,0.0001507365318617468,1.9998586677146866
938,9.38,-0.00012491578465616138,1.9999250306815506
939,9.39,0.00012933663146891478,1.9998551815931749
940,9.4,0.00041695220261227044,1.9998838996782395
941,9.41,0.00032448609280354206,1.9996195793984155
942,9.42,0.0002886518202043962,2.0000688349991114
943,9.43,0.00022096486960361392,1.999988708782812
944,9.44,-0.00035778555120743793,1.9998794534599067
945,9.450000000000001,-9.910287254235377e-06,1.9996278458622636
946,9.46,-0.0004014972608407561,1.9998154095758913
947,9.47,-9.633568339447796e-05,1.9999277933240651
948,9.48,0.0002594240184880898,1.9997014714839128
949,9.49,4.3251386261270456e-05,2.0004437596989124
950,9.5,-0.00030758836407434665,1.9999802839934135
951,9.51,0.00025603465762994164,1.9999980784654432
952,9.52,-0.00036625553383835385,1.9998871151253197
953,9.53,-0.000260444203384866,2.0001286721587226
954,9.540000000000001,2.5241028808245724e-05,2.00009881404917
955,9.55,3.0035824329253233e-05,2.0002376291994994
956,9.56,0.0004762307618867657,1.999910746840273
957,9.57,1.2601782495286012e-05,1.9995211431128692
958,9.58,-5.027704424990529e-05,1.9998236304865962
959,9.59,0.00012425689067992673,1.9996872211214791
960,9.6,0.0002514088550116566,1.9998098096764747
961,9.61,6.089988448005871e-05,1.999827686711688
962,9.620000000000001,0.00023324699005880203,1.9996875176304951
963,9.63,-0.00037803248986240773,1.999898635761956
964,9.64,0.00017189231891885922,1.9996151679894631
965,9.65,0.0002468844871938119,1.9999231831791346
966,9.66,8.773566322609687e-05,2.0000675501639753
967,9.67,4.551301041237708e-05,1.9998695382391705
968,9.68,0.00029969121536317525,1.9999608581228752
969,9.69,-6.895766705057784e-05,1.9999276971085724
970,9.700000000000001,3.358966102554667e-05,1.9995912728095633
971,9.71,-0.00029963651089599114,2.0000937407523454
972,9.72,-0.00011348105732223625,1.99984139814178
973,9.73,-0.00011829031026375527,2.000068288546925
974,9.74,-0.0002539801175568366,1.9999493315525303
975,9.75,0.0004885912444399258,1.9996407568702368
976,9.76,5.771229351600478e-05,2.0002388319145616
977,9.77,7.633109538643059e-05,1.9998520174606005
978,9.78,-0.00012597212163251124,2.000291514122758
979,9.790000000000001,0.0003871662013322261,1.9999014095198209
980,9.8,-6.011484418937685e-05,1.9998600672316778
981,9.81,8.259841648563477e-05,1.999679284682976
982,9.82,3.630360130356081e-05,2.0000308045653035
983,9.83,0.00025190213358022623,1.9997501250468086
984,9.84,-0.0005681372827249411,2.0001368176168315
985,9.85,-0.0004295165562165149,1.9998704821791335
986,9.86,6.096820062582368e-05,1.9998547543560528
987,9.870000000000001,-0.00028071162053832185,1.9996832091560768
988,9.88,0.00027269144625621534,2.000041483013803
989,9.89,0.00022165526598829955,1.9998256708840831
990,9.9,-1.7373628552694496e-05,1.9996452230730983
991,9.91,0.0002522881904345099,2.0001873298191666
992,9.92,-0.00016835134481274814,1.9998541985721914
993,9.93,-0.00025167629788850894,1.9999935664854778
994,9.94,0.0001256996052640811,1.9998076289162154
995,9.950000000000001,0.00027912800699708186,1.9998303194137124
996,9.96,0.00015694405536675592,1.9999129295327847
997,9.97,-0.00020333000646713002,1.9995356523408832
998,9.98,-0.00022039203697420834,2.000117262380877
999,9.99,0.00023719232991984316,1.999915826631371
1000,10.0,0.00019046648908502056,1.999536174241022
1001,10.01,-0.00010081033041798755,1.9997051950188975
1002,10.02,4.026632870227569e-05,1.9996583121671843
1003,10.03,8.683509148560866e-05,1.9998103774765084
1004,10.040000000000001,9.726614845812795e-05,2.0000865748995795
1005,10.05,-0.00025846890538206444,2.0001448363530567
1006,10.06,0.00024142984318677068,1.9997429593014855
1007,10.07,-0.0001441850248086641,1.9998478906902788
1008,10.08,0.00046140280617476033,1.9999114135007676
1009,10.09,-0.00022483539819764302,2.000226213603907
1010,10.1,0.0004211354010108926,2.0000806996299643
1011,10.11,0.00023571742866801236,2.0001660965206565
1012,10.120000000000001,-0.00015986672048217562,2.0001647326183836
1013,10.13,0.0001799198162426007,1.9999914836101802
1014,10.14,0.0001838289859712766,2.000106323219281
1015,10.15,0.0003867775311401794,1.999936752435673
1016,10.16,-5.9549203550992036e-05,1.9997667389716927
1017,10.17,-0.00020768587475041223,1.9999768748675364
1018,10.18,0.000320927096851523,2.000092165590783
1019,10.19,0.00037823877071032724,2.000119061850103
1020,10.200000000000001,0.00032057999180984745,1.99996845134383
1021,10.21,4.261093968486014e-05,1.9997508005818412
1022,10.22,-0.000248121737750299,2.000032042218231
1023,10.23,-0.00031468260330976775,1.9997762602073783
1024,10.24,6.43779476281986e-05,2.0001279057450794
1025,10.25,0.00022784715827500374,2.0000346611895434
1026,10.26,-0.00014328857682569822,1.9996722045156217
1027,10.27,-0.00048248027683229263,2.0001050919521735
1028,10.28,0.0003904210581607996,2.0001208370926515
1029,10.290000000000001,7.124543214628799e-05,1.9999053331934127
1030,10.3,-0.00012376018004087264,1.9996189917534604
1031,10.31,-0.00015871442922674444,2.0002394924358087
1032,10.32,-0.00031487158142841544,2.0000253681483304
1033,10.33,7.426053151359487e-05,1.9999239622827103
1034,10.34,-0.0004383151195431406,2.0002417919659106
1035,10.35,-0.0001656376997753409,1.9998040824065437
1036,10.36,8.144504847046197e-05,1.9999794585356476
1037,10.370000000000001,5.873219268899122e-06,2.0000718703553533
1038,10.38,0.0003243307750251971,2.000040586543455
1039,10.39,-0.0001392202084718976,1.9999309191984027
1040,10.4,0.00021019257712162826,1.9996367721154678
1041,10.41,0.0005932501067152122,1.9998935306050845
1042,10.42,0.0005011310493083811,1.9997015620149363
1043,10.43,-3.315899850857564e-05,1.9995639624884396
1044,10.44,-5.510896511937407e-06,1.9997368540505915
1045,10.450000000000001,-0.00017299985497543047,1.9999669850719393
1046,10.46,0.00025588804983460423,1.9999453887743899
1047,10.47,-2.622723203294296e-05,1.999620900517103
1048,10.48,-0.0005881319922775842,1.9997032626626048
1049,10.49,0.00012051154481340797,1.9997950937609603
1050,10.5,-0.0002752283821999324,1.999648753354207
1051,10.51,-0.000220927142000966,2.000022497314057
1052,10.52,-0.00016285191345598445,1.9997480606318583
1053,10.53,8.623611356715222e-05,1.9999229413206858
1054,10.540000000000001,4.899976328857986e-05,2.000339222162185
1055,10.55,0.0001519091362826471,1.9995253669036621
1056,10.56,-2.6663441582092112e-05,1.9999393530281757
1057,10.57,0.00038062514434051144,1.9999548720801297
1058,10.58,-0.00021615144119619745,1.9998149955191935
1059,10.59,-0.0004059820866566219,2.0000652544028097
1060,10.6,-0.0004346381660597405,2.0000286699172762
1061,10.61,0.00018930662355178115,2.0000422081626867
1062,10.620000000000001,7.290928460125791e-05,2.00015688704043
1063,10.63,-0.00033254466253093196,1.9999352856197918
1064,10.64,0.0001840966524097997,2.0001008541887764
1065,10.65,0.000312104351757525,2.000162644605725
1066,10.66,0.00015363146739302152,2.0003843310178158
1067,10.67,-0.000370674899351248,2.000066458797645
1068,10.68,-6.804543289384447e-05,2.000358601320373
1069,10.69,0.0002722209191028577,2.0002412598975634
1070,10.700000000000001,-8.487351112902231e-05,1.9995396816795128
1071,10.71,0.0005583024338163675,1.9999365462263752
1072,10.72,0.0003730714010310156,1.9999674308601554
1073,10.73,-0.00011215006767479306,2.000333063334355
1074,10.74,-0.0002738411649490239,1.9999342268756783
1075,10.75,-0.00014120642983064967,2.0001158667221657
1076,10.76,4.946843944571248e-06,2.0001203377598915
1077,10.77,0.00010078008707844545,1.9999450012100894
1078,10.78,-4.2545369873546186e-05,1.9998836369088246
1079,10.790000000000001,5.402143267282849e-05,2.0000935758114777
1080,10.8,2.127696189577528e-05,1.999582401549218
1081,10.81,-0.00019722977223098878,2.000499638354319
1082,10.82,3.7349967870788125e-05,1.9999741696872668
1083,10.83,0.00024223447115671916,1.9999983188418824
1084,10.84,9.612880197192524e-05,1.9999606157527747
1085,10.85,-0.00039963673250556297,2.0002409974311637
1086,10.86,0.0002562155641221627,1.999946458742601
1087,10.870000000000001,-0.00033893211783735225,1.999823578514067
1088,10.88,-0.0001256652792291462,1.9999692819875543
1089,10.89,-0.0003519632499288228,2.000168699755213
1090,10.9,0.00010030385425723506,2.000021245574391
1091,10.91,0.0002637171779859847,2.000290857657036
1092,10.92,-0.00041261060180977855,2.0002982899551833
1093,10.93,0.00024057583801039638,1.9995888414178962
1094,10.94,8.426730592956638e-06,1.9998098634600903
1095,10.950000000000001,0.0001363684090943698,1.9999826060650143
1096,10.96,0.00021780008799052698,1.9999804041817568
1097,10.97,0.0002697825065017414,2.0000693222473527
1098,10.98,-0.00021294662563878548,1.9997662759507089
1099,10.99,0.00045055078770490133,2.000474687089398
1100,11.0,-0.00011528896109805047,2.0000719191685175
1101,11.01,0.00046674161363396624,2.0003050164464837
1102,11.02,0.00012251608531724215,1.9999396437975372
1103,11.03,0.00020122958176545965,1.9998985445073028
1104,11.040000000000001,-9.302179365894289e-05,2.0000814986662925
1105,11.05,-0.0001134134440917078,2.0000882417838843
1106,11.06,0.0004513339836893818,1.9998970826534148
1107,11.07,0.0004223917983119931,2.000322246002807
1108,11.08,0.0008603935126320383,2.0001505882076374
1109,11.09,-0.0003553463625852979,2.0003180189961838
1110,11.1,-0.00010359021385640785,1.999786372676478
1111,11.11,0.0005830876923353794,1.9999991708310187
1112,11.120000000000001,0.00014618873154893583,2.0000091912919777
1113,11.13,-0.0003654737630657198,2.0003806205263643
1114,11.14,0.00023347179015291973,2.000080159018928
1115,11.15,-0.00035183077162868345,1.999938964074443
1116,11.16,-0.00017690995166040317,1.9998635739054251
1117,11.17,0.00011020784229708559,2.000042669599948
1118,11.18,-0.0003939515965357011,1.9999124488672981
1119,11.19,5.071161869065215e-06,1.9999121883129836
1120,11.200000000000001,-0.00024269479894133752,1.9997897660354238
1121,11.21,8.821204554868143e-05,2.0006406383039264
1122,11.22,-0.0007812440564499115,1.9998619865471088
1123,11.23,0.0005043635192375099,2.0003371862872865
1124,11.24,-0.00012580735616031733,2.000307886886638
1125,11.25,-9.92027936076036e-05,1.9999222494847273
1126,11.26,-0.0005938887611823477,2.0002930524447016
1127,11.27,-0.00011612686736139131,1.9998855587879254
1128,11.28,7.651630409616425e-05,1.9998231870397598
1129,11.290000000000001,-0.00019234100390699157,2.0001528648424496
1130,11.3,0.00016933304327856492,1.9999840021524178
1131,11.31,-0.0005491037101213081,1.9997435199278786
1132,11.32,0.00015787857264618025,1.9998885894541887
1133,11.33,0.00013847425411657853,1.9999645184338837
1134,11.34,-0.00031573641077504544,1.9997400567474488
1135,11.35,-6.59767011066229e-05,2.000308802492755
1136,11.36,0.0006210330961839157,1.9999967108632195
1137,11.370000000000001,-0.0002783980291621138,2.000261922788634
1138,11.38,3.914117579941281e-05,1.999523297866037
1139,11.39,9.787854761878439e-05,1.9998622708970815
1140,11.4,0.00040291616637780115,2.0001619264979578
1141,11.41,-7.903546773808224e-05,1.99959537073328
1142,11.42,-0.0001298807960665812,2.0001285598518015
1143,11.43,-0.0004146228467786282,2.000288397615782
1144,11.44,-0.00012507901803661482,2.0002067262505836
1145,11.450000000000001,-0.00016288217647846825,2.0001925145697474
1146,11.46,-0.0001523197927960442,1.9998163505535556
1147,11.47,0.0003127441898958901,2.000394822256609
1148,11.48,7.778165958785034e-05,1.999913935408958
1149,11.49,8.46171372538484e-05,1.9999982569715404
1150,11.5,3.788130765795796e-05,1.9998133369416091
1151,11.51,0.0004576102449951422,1.9997986178667595
1152,11.52,-6.887530426041689e-06,1.9995761281188809
1153,11.53,-0.0002897439251518439,2.000278084240251
1154,11.540000000000001,0.0005092831354882793,2.0000883249595502
1155,11.55,-0.0003590046888666221,2.0000054779763947
1156,11.56,4.838108096325645e-05,2.0001123381253185
1157,11.57,-2.82988439300221e-05,2.0001106123454973
1158,11.58,-1.5384799849066663e-05,1.9997849029493457
1159,11.59,5.835846271873613e-05,1.99992105663295
1160,11.6,0.00022744845910575856,1.9998448742192996
1161,11.61,0.0001498352564931365,1.9999110230284955
1162,11.620000000000001,0.00016885198099605959,2.000229250796997
1163,11.63,6.57141828024239e-05,1.9998629767671496
1164,11.64,0.00017957884352549585,2.000095129690311
1165,11.65,-4.4242908104944344e-05,1.99984722846376
1166,11.66,0.00029441643141908826,2.000051942040127
1167,11.67,0.00037262268333557885,2.000276570650875
1168,11.68,0.00023115468655467538,1.9997891033305026
1169,11.69,5.755923734393367e-05,2.0000608735767775
1170,11.700000000000001,-0.00017222947734290834,1.9998620755841083
1171,11.71,9.646880292563749e-05,2.000373359211966
1172,11.72,1.8184568144379532e-05,2.0001239347746234
1173,11.73,-0.0001327856661563896,1.9996515829049828
1174,11.74,0.0004754344762729836,1.9996471799884736
1175,11.75,-8.052795577230571e-05,1.9995257802170454
1176,11.76,0.0002665339744759209,1.9999115455401812
1177,11.77,0.0003001209691736952,1.9999748066070662
1178,11.78,-0.0001455797955710486,1.9999367569347328
1179,11.790000000000001,5.428976446166492e-05,1.9998987582597698
1180,11.8,-9.906433592151678e-05,1.9998875570642998
1181,11.81,-0.0001165071791847915,2.000267220707093
1182,11.82,-0.00021420867086437704,2.00021645092258
1183,11.83,0.00016409275627761525,1.9998263119443251
1184,11.84,0.00014873450362147504,1.9997688851279243
1185,11.85,0.00011853855024079514,2.0001852693926754
1186,11.86,0.0004285077738401963,2.0000776371887086
1187,11.870000000000001,0.00036758252046718235,1.9998013237439252
1188,11.88,1.3833895059332027e-05,1.999854459503641
1189,11.89,-9.514452573823701e-05,1.9999620166425365
1190,11.9,-0.00010843933583202466,1.9993811856395605
1191,11.91,0.00018902297731129952,1.9998183489632075
1192,11.92,-0.0001658306887741954,2.000078555062668
1193,11.93,0.0002709254109494095,2.0001384285321864
1194,11.94,-0.0003211211964500497,1.9998544495724213
1195,11.950000000000001,-9.319228505193771e-05,1.999893252890377
1196,11.96,3.80931504595962e-05,1.9993056549287316
1197,11.97,7.570479393710454e-05,1.99997950803529
1198,11.98,4.3963843404122074e-05,2.0000995090959934
1199,11.99,-0.0001931873159908695,1.999698499933668
1200,12.0,6.497192884252815e-05,2.00023073104999
1201,12.01,0.00014942588117822548,1.9998958990264069
1202,12.02,-5.1450768724928145e-05,2.000002446927168
1203,12.030000000000001,7.415779622198983e-05,2.0002006205298475
1204,12.040000000000001,0.00011433089586142851,2.0000561967342683
1205,12.05,0.0001487304919385328,1.9998758525421994
1206,12.06,0.00011197259847137554,1.9999298564329129
1207,12.07,-0.00019710365562701322,2.0003174550036102
1208,12.08,0.00019175491504496155,1.9997887663554648
1209,12.09,0.00018475207424944738,1.9998418198836312
1210,12.1,0.000713612832786641,2.000083244585244
1211,12.11,0.00019742165515073375,1.9999064160185143
1212,12.120000000000001,-0.0004031541521317308,1.9995672466467294
1213,12.13,0.0005103541358484558,1.9997117067422308
1214,12.14,0.00014684972558645125,2.000260695945567
1215,12.15,-8.008853090755388e-06,2.0002143974776327
1216,12.16,-3.196151709812216e-05,2.0001629772280896
1217,12.17,0.00020557174351542164,1.999712545927072
1218,12.18,0.0002814361771244821,2.0000031661443325
1219,12.19,0.00014355738284193526,2.000122522928784
1220,12.200000000000001,-2.329426929783451e-05,2.000293967214749
1221,12.21,-0.00013397084667348823,2.000120877392664
1222,12.22,-1.600348070115821e-05,1.9998672808562252
1223,12.23,0.0001860132946010809,2.0001321970641173
1224,12.24,-7.10170152870879e-06,1.9997806188318548
1225,12.25,-4.627196795718498e-05,1.9997820925941894
1226,12.26,5.6449956998531854e-05,1.9996376423609543
1227,12.27,-0.0003286666093752659,2.000194261366591
1228,12.280000000000001,0.0002917892320251845,1.9998998787645181
1229,12.290000000000001,0.00013868647908218422,2.00001340096579
1230,12.3,0.000266252722586642,2.0001374082368986
1231,12.31,0.00030626459698843096,1.9998398601398648
1232,12.32,-0.0001575184994027214,1.9998916535240507
1233,12.33,-0.00011023845274056204,2.000435081196496
1234,12.34,-0.00034471138263053597,1.9999450453481962
1235,12.35,-0.0005215807831144427,2.0001308776935303
1236,12.36,0.0001525394487788655,2.0002994272794474
1237,12.370000000000001,8.431230360758089e-05,1.9996769068491191
1238,12.38,0.00012290889836990535,2.0002663264553204
1239,12.39,-3.7613658640882133e-07,1.9999754225118518
1240,12.4,-0.00015534612546510662,2.0005083020770686
1241,12.41,-0.00048824232923831685,1.9999785139808037
1242,12.42,-0.0006314254896158196,2.000350148366831
1243,12.43,0.00032290022273431807,1.999978000447268
1244,12.44,-0.00024683983204507845,2.000131809873382
1245,12.450000000000001,0.0003491792845807258,1.9999767261291226
1246,12.46,1.8523053525338393e-05,2.0001973129866726
1247,12.47,-0.0001581069467361583,2.000250205725664
1248,12.48,7.01476294263553e-05,1.9999198735987576
1249,12.49,-7.798265565021211e-05,2.0002959220904533
1250,12.5,-0.00011759331714366773,1.999559094769736
1251,12.51,4.157280720639109e-05,1.9999246495126117
1252,12.52,-9.33931213013121e-06,2.0000576252903572
1253,12.530000000000001,-9.286218090535114e-05,1.9998370201904074
1254,12.540000000000001,-6.878702323341316e-05,1.9998941135503117
1255,12.55,-0.00020246984091754904,1.9998773736642168
1256,12.56,-0.0002937445339029013,2.000236539030897
1257,12.57,5.699791394955236e-05,1.9996954096103188
1258,12.58,2.089825432013725e-05,2.0001602321475684
1259,12.59,0.0007146036000046915,1.999792847146704
1260,12.6,0.00042350331691113583,1.9997149848894502
1261,12.61,0.000191266041344901,2.0000811847978968
1262,12.620000000000001,-0.00025118095075324576,1.9997518405726722
1263,12.63,0.00015835102537340283,2.000185408676416
1264,12.64,6.711322795899325e-05,2.000348440468741
1265,12.65,-0.00038108048013021543,1.9999487729852057
1266,12.66,0.00012420216457895524,1.9998950684599188
1267,12.67,0.00037068316383505914,1.9998709703233504
1268,12.68,-0.00037506881155168013,1.999979808710294
1269,12.69,0.00033297006403938765,1.9997100838209616
1270,12.700000000000001,0.0002770930529851158,1.9995997360222266
1271,12.71,-0.00016861962971538398,2.0000499543562835
1272,12.72,-0.00013639428220625136,2.0000950224824794
1273,12.73,-6.511834974998294e-07,1.999805481996057
1274,12.74,-0.000289355396373673,2.0000757128154767
1275,12.75,-8.506515156086703e-05,2.0000230581328626
1276,12.76,-0.00016245267449704477,1.9997896037905185
1277,12.77,0.0002684886345823564,2.000135752907435
1278,12.780000000000001,-7.577851868351704e-05,2.000173612219045
1279,12.790000000000001,-0.00016327295765023331,1.9997634303718341
1280,12.8,0.0002664875723257346,2.0003970506097097
1281,12.81,3.4445052287922703e-06,2.0000009974216106
1282,12.82,-5.111600455395504e-05,2.0000528447513775
1283,12.83,-0.00015313653159713104,1.9999184605723814
1284,12.84,-0.0001473159125770605,2.0000122619012677
1285,12.85,0.0002876162292087549,1.9998440449456523
1286,12.86,0.00038005816234371964,2.000128064309199
1287,12.870000000000001,1.0450406960874328e-05,1.9999186957861783
1288,12.88,0.0004661191171423207,1.9996082663982417
1289,12.89,-8.048690014384862e-05,1.9998216359761238
1290,12.9,0.00016034321460096901,2.0001672503696595
1291,12.91,0.0005185922968203473,2.0002387940782604
1292,12.92,-0.0003707775838990334,1.99994884012117
1293,12.93,-0.0006719213998881545,2.000194840746542
1294,12.94,0.00020369512066156816,2.000004263727298
1295,12.950000000000001,-0.000226459410618748,2.000002484831149
1296,12.96,-9.740641783256821e-06,2.0001145601279253
1297,12.97,0.00027661391287839575,2.0002077915058676
1298,12.98,0.0005169653791346774,1.9998221931107625
1299,12.99,-0.0005190227248273904,2.0001071067307588
1300,13.0,-0.00024372527803977222,2.000106252815065
1301,13.01,0.00032211898276492405,2.000205191810744
1302,13.02,0.0001955539009987784,2.000052963049139
1303,13.030000000000001,7.322201302184086e-05,1.9999376538796994
1304,13.040000000000001,0.00047716567134001785,1.999919621268392
1305,13.05,0.0003171089393389577,2.000096970016976
1306,13.06,0.00040836273649440496,2.000025337515405
1307,13.07,0.00014076143272713854,2.00007399345908
1308,13.08,-0.0002451533898709622,1.9999414015480206
1309,13.09,-0.00015714485621534064,2.000128041821843
1310,13.1,-0.00022031063522507695,1.9998753339900606
1311,13.11,-0.00023009315745929588,2.000252835869368
1312,13.120000000000001,7.365060141881635e-05,1.9999104878911425
1313,13.13,0.0003151999678520762,1.9999044735895095
1314,13.14,3.443203417570794e-05,1.9996578155884082
1315,13.15,-0.00042163763423707344,1.999781640734837
1316,13.16,4.080093918841888e-05,2.0000007629130874
1317,13.17,0.0003594302839202753,1.9997678873554066
1318,13.18,-3.188223009021595e-05,1.9999062720575458
1319,13.19,9.367811786130816e-05,1.999517997175137
1320,13.200000000000001,-5.8036889956519453e-05,1.9998960348612251
1321,13.21,0.00027759511191747296,2.000279534993613
1322,13.22,-0.00013081056547698328,2.000126600056384
1323,13.23,0.00010781785759671687,2.000046166930582
1324,13.24,7.204405838069449e-05,2.000524913595681
1325,13.25,-0.0005066448137310456,2.0003437448030716
1326,13.26,0.00020472898512125724,1.9997994502774308
1327,13.27,0.00011141613573014445,1.9999446305398116
1328,13.280000000000001,-0.00013419528785419373,2.00049287828264
1329,13.290000000000001,1.58530288302544e-05,2.000167261771405
1330,13.3,6.9332509915312895e-06,1.9998710217719888
1331,13.31,0.0003654947380750037,2.0001295544159747
1332,13.32,5.2701034031045854e-05,1.9999819776419347
1333,13.33,-0.00044905286179058575,1.9999865066466807
1334,13.34,-6.93634510970998e-05,2.000057015649707
1335,13.35,6.618847536266344e-05,1.999649450131984
1336,13.36,-0.00035338264899756957,1.9996572436355766
1337,13.370000000000001,9.331592096168385e-05,2.0000621239154857
1338,13.38,-0.00018221073098154524,1.999865855993395
1339,13.39,-9.230760174476098e-05,1.999596152586344
1340,13.4,-2.9588436004531224e-05,1.9998315209257058
1341,13.41,7.474329012556904e-05,2.000105666856687
1342,13.42,0.00026045216998485225,2.00027878962402
1343,13.43,0.0006322155042003,2.000117465644246
1344,13.44,0.00018414395298062107,2.0000560144222903
1345,13.450000000000001,-0.0003284009236837575,1.9998226933265293
1346,13.46,-0.00043949940347702825,1.999772077038449
1347,13.47,0.0003193212517426296,2.0002533926998636
1348,13.48,0.00039941736685681457,1.999837595888484
1349,13.49,4.1231156462939154e-05,2.000210230552754
1350,13.5,7.18946951140879e-05,2.0002097454737524
1351,13.51,5.936990163156525e-05,2.000263029719391
1352,13.52,-3.651654718065895e-05,1.9996285835089553
1353,13.530000000000001,0.00020338187845069167,2.000229868672915
1354,13.540000000000001,-8.329533198612886e-05,2.0001491658877044
1355,13.55,0.0003133262704531195,2.0001723053828324
1356,13.56,-8.36635588887535e-05,1.9998231689803494
1357,13.57,0.00021247692149481604,1.9996894992711463
1358,13.58,0.00011490083438835283,1.9998349622257574
1359,13.59,7.277492259303558e-06,2.0000210366272193
1360,13.6,0.0004737320110871806,1.9996586266568688
1361,13.61,-0.00017384351853182376,2.0000292744030865
1362,13.620000000000001,-0.0001285673604445607,2.0001005656021245
1363,13.63,0.00022920356653565507,2.000199064767784
1364,13.64,-0.0002660204398010045,2.0002382171426807
1365,13.65,-8.962726816734896e-05,1.9999388366223314
1366,13.66,-9.390420113013356e-05,2.0001486096260654
1367,13.67,7.70215785815544e-05,2.000042202915637
1368,13.68,0.00030790061866226004,1.9999534075596987
1369,13.69,0.00024080989308777187,2.000041055973142
1370,13.700000000000001,7.743567391170616e-05,1.999801877338501
1371,13.71,2.7045923851976534e-05,2.000016475108188
1372,13.72,-0.00016922686791201236,1.999968912846086
1373,13.73,6.116632067440195e-05,1.9999155695889985
1374,13.74,1.939332601257954e-05,2.0001430843588395
1375,13.75,0.00019248299852631334,1.9999928103481182
1376,13.76,-3.014555784774182e-05,2.000003873314645
1377,13.77,0.0006601001268506286,1.99992838492487
1378,13.780000000000001,0.00013363837310484975,2.000052499393866
1379,13.790000000000001,0.00032127640946274426,1.9998363303513904
1380,13.8,-8.022234224401086e-05,1.999700898754101
1381,13.81,9.235355459685328e-05,2.000091746299464
1382,13.82,0.0004918140249482709,1.9997678556935845
1383,13.83,0.00048108081496744346,2.0002819548746142
1384,13.84,-0.00020511234591141347,2.000008117108552
1385,13.85,0.0001654067871562565,1.999821326241479
1386,13.86,-9.344816863894788e-05,1.9999432640893622
1387,13.870000000000001,0.00017696549703264278,1.9999287353853321
1388,13.88,0.00014355700045586678,1.9999971865985713
1389,13.89,7.542642337804124e-05,1.999696518027907
1390,13.9,0.000451544491813873,2.0004935133198334
1391,13.91,0.00019172632387721538,2.0004027649014615
1392,13.92,-0.00010792297487023609,2.000054880563231
1393,13.93,0.00016976485074869896,1.9999957601645726
1394,13.94,-8.265410437870103e-05,1.9998644287530127
1395,13.950000000000001,2.6748295762997513e-05,1.9998378392848475
1396,13.96,-0.000343800860920375,1.9996239878428188
1397,13.97,-9.63743062427276e-06,1.9998631640078104
1398,13.98,-0.00017066490247340902,1.9999656680629025
1399,13.99,-8.036481297057556e-05,1.9999728691757483
1400,14.0,7.789882869343328e-05,2.000049480884322
1401,14.01,-0.00015396988680620386,2.0001360533818358
1402,14.02,0.00027159236094696375,1.9998391515389056
1403,14.030000000000001,-3.2235110038774864e-05,1.9998310680165128
1404,14.040000000000001,-0.0002948763669174184,1.9998956478485188
1405,14.05,0.0004429880845884561,1.9998219388948333
1406,14.06,-0.0004752340335792581,1.9997348592929993
1407,14.07,0.00026032991874869253,1.99981842369101
1408,14.08,-0.00018793500386986796,2.0000495069595865
1409,14.09,-0.00018327359873644336,2.00000841688515
1410,14.1,-0.0001808494625510141,1.9995065361928002
1411,14.11,-2.9690212232393933e-05,1.9997299248203684
1412,14.120000000000001,0.00045212242416920725,2.000147940219253
1413,14.13,-0.00012369159006843508,1.9999740338825842
1414,14.14,0.0002463521957155435,2.0002185561956987
1415,14.15,-0.0001836420594805629,2.0002176574074637
1416,14.16,0.00026094903071236647,2.00015620751072
1417,14.17,-0.00018453572664549363,1.9998579247996655
1418,14.18,-0.00028990901376314154,1.9999454630787152
1419,14.19,0.00031101273915047265,1.9997927631415398
1420,14.200000000000001,0.00021457993609282,1.9996997964735186
1421,14.21,-0.00011169960255325771,2.0005094266611203
1422,14.22,4.438775013164943e-05,1.9999769044871036
1423,14.23,0.000345354664658608,2.0002749243472726
1424,14.24,0.00013503382603169875,2.0003593488939826
1425,14.25,-0.00043280354524836517,2.0001342904616193
1426,14.26,0.0001261845462587382,1.9998367496353235
1427,14.27,-2.0621924863174406e-05,1.9999825846375536
1428,14.280000000000001,0.0003495441747666445,1.9999674134247127
1429,14.290000000000001,1.3650654324602086e-05,1.9999060136596765
1430,14.3,-6.379537700090098e-05,2.0003052329864155
1431,14.31,0.00029509100729360396,1.9999812106803687
1432,14.32,0.000290517102298568,1.9999518693583496
1433,14.33,0.00028736641375765574,2.000283084254671
1434,14.34,-0.0007159062854174335,1.999957458661711
1435,14.35,0.0003400412359166129,2.0000161132188268
1436,14.36,0.0001379421412118146,2.000070850898659
1437,14.370000000000001,4.241973624750197e-05,2.0002214970895165
1438,14.38,-0.00025321454488042895,1.9997662566035295
1439,14.39,-5.221581679770058e-05,2.0000739177390443
1440,14.4,-0.0004860458541322177,1.999684161287277
1441,14.41,0.0003470380172549119,1.9999072953255512
1442,14.42,-0.0008164451000446511,1.9997414313992532
1443,14.43,-0.00028915113692290457,2.0001799655297288
1444,14.44,0.0003169484699607277,2.0000655008808383
1445,14.450000000000001,0.0003417102614060097,1.9999139035354596
1446,14.46,-6.655241565898338e-05,2.000023490855172
1447,14.47,0.00014334134765859672,1.999769964621976
1448,14.48,-7.197367760411904e-05,1.9999796996907548
1449,14.49,9.62438720336601e-05,1.9999149225203494
1450,14.5,0.00024349404649026885,1.9999541998829968
1451,14.51,-9.283976940089178e-05,1.9997673067494686
1452,14.52,8.51568042891851e-05,1.9997684844252264
1453,14.530000000000001,0.000865192106969273,2.000283751278644
1454,14.540000000000001,-0.00030542442685287325,2.0000166085849282
1455,14.55,-0.00018721569763020826,2.0004864073904067
1456,14.56,-0.00024276837035014967,2.0000359521517397
1457,14.57,-0.00020579116442867416,2.0001597980585384
1458,14.58,-0.00023559776570538157,1.9999136987917663
1459,14.59,0.00034281754176106286,2.000035643490835
1460,14.6,-0.00038371548740209196,2.0001948143309787
1461,14.61,2.502413783540866e-06,2.0001020236315137
1462,14.620000000000001,0.00019093077010655772,2.00004872083006
1463,14.63,-0.00015522879906568356,2.000398519688067
1464,14.64,-0.00012402206190782134,1.9999286677080315
1465,14.65,0.00010002623169435631,1.9994530364234027
1466,14.66,1.699888534742011e-05,1.9999409663446237
1467,14.67,0.00033614722821072535,2.000197293762057
1468,14.68,-0.0002507209368381732,2.000233621194965
1469,14.69,-0.00023345181640982844,1.9998221230983328
1470,14.700000000000001,-0.00027026186007220556,2.00016617231401
1471,14.71,9.726439057673782e-05,2.000169768782432
1472,14.72,-3.5803316537843445e-05,2.000154192088743
1473,14.73,0.0005198193584053437,2.0000486311994896
1474,14.74,-0.000521160944649832,1.9996733582489357
1475,14.75,-3.5544504964426926e-05,1.9997634149437151
1476,14.76,-1.936178098409664e-05,2.0004041111875743
1477,14.77,-5.355084644885176e-05,2.0002069956277237
1478,14.780000000000001,2.903054545019528e-05,2.000444611602958
1479,14.790000000000001,-8.449478171683964e-05,2.000298688393514
1480,14.8,0.0003622138741086865,2.000182887472859
1481,14.81,0.0004004628364384158,2.0001234011674622
1482,14.82,7.425057748154526e-05,1.9996347271229293
1483,14.83,-0.00014291077029317462,2.0002595786982664
1484,14.84,0.000262349208129045,1.999772249044023
1485,14.85,0.0005015658505868487,2.000134240991873
1486,14.86,-0.00013411005492919813,2.000223192109307
1487,14.870000000000001,-7.966162008079964e-05,1.9999003913100646
1488,14.88,-2.46071129664399e-05,1.9998545967820163
1489,14.89,-0.0002566239732225394,2.0004697987845548
1490,14.9,0.00017719501530805146,1.9999161250507893
1491,14.91,5.195493606235568e-07,2.0000618779884904
1492,14.92,0.0007402312399429747,2.000030035760438
1493,14.93,0.0005874080124977302,2.000004095939167
1494,14.94,-0.00020877274623944925,1.9998130923185014
1495,14.950000000000001,-4.848720592484346e-05,1.9995366099596756
1496,14.96,-0.00012103783755913851,1.9999539547185536
1497,14.97,-0.0002697691661361049,1.9999494718291946
1498,14.98,-0.0002481016758749553,1.9998237724991084
1499,14.99,-3.0818449505156576e-05,1.9999164962801264
1500,15.0,-0.00028205555725417403,2.0001026418062953
1501,15.01,7.828790991735317e-05,1.9998303969971358
1502,15.02,-0.00044369890174642186,1.9995668131189808
1503,15.030000000000001,-9.531195344557578e-05,2.000011453839568
1504,15.040000000000001,-0.0004945232835846075,2.000117201572336
1505,15.05,-0.0001229877153604898,2.000000595696725
1506,15.06,-0.00012982187890906593,2.0001955448458535
1507,15.07,4.268515981110542e-05,2.0001528066817973
1508,15.08,0.0002633128397467238,1.9998095729222234
1509,15.09,1.9432359672684878e-05,1.9999602455063619
1510,15.1,0.0002825509964342554,1.9998397229835956
1511,15.11,-0.0002776400859001819,2.0003339580972592
1512,15.120000000000001,-1.0765691787911712e-05,2.000361846467253
1513,15.13,-2.6878186187344617e-05,2.000215432406922
1514,15.14,0.0005172120259140251,1.9998755880663346
1515,15.15,0.0003911641025254532,2.0001393270731747
1516,15.16,0.00020172557478170415,1.999700370112359
1517,15.17,0.0004018085606663823,2.0003489264338343
1518,15.18,0.00015037034718856738,1.9999622804422468
1519,15.19,0.0003175566015682893,2.0000920960186326
1520,15.200000000000001,-0.0001285782119145669,1.9999311707853864
1521,15.21,9.00224420951969e-05,1.9998890916946441
1522,15.22,8.683702216620703e-05,2.0000937509794525
1523,15.23,0.00023381894881869048,2.0003120678781348
1524,15.24,0.00025457798498075817,2.000216770607682
1525,15.25,0.0003236160503335477,2.0003112121122046
1526,15.26,-9.559308519754756e-05,1.9998946487248013
1527,15.27,0.0001166491298149036,2.000010879936006
1528,15.280000000000001,-3.334721964004568e-05,1.999935985741276
1529,15.290000000000001,-4.6732765409394854e-05,1.9997768096248694
1530,15.3,0.00034812896770699755,1.9997790656172045
1531,15.31,-0.0004735246271393167,1.9997840391943098
1532,15.32,-6.472238821659007e-05,1.999924119147883
1533,15.33,-0.0001541399690982098,1.999925945251963
1534,15.34,3.646051557271934e-05,2.000000421212233
1535,15.35,2.8538451781124738e-05,2.000169251045641
1536,15.36,0.0001804985378266484,2.00015428730214
1537,15.370000000000001,-0.0003312174386774103,2.000466565012439
1538,15.38,-0.0002212777542683648,1.9997247244363494
1539,15.39,-0.00017885163090389285,2.0001180782757277
1540,15.4,-1.6607177180961247e-05,1.9998691196497658
1541,15.41,-0.0001411485398038173,2.0001704723128886
1542,15.42,-0.00040643034633985523,1.9999589522166186
1543,15.43,7.71788838219629e-05,2.0004682881850337
1544,15.44,-0.00011851049659244913,1.9999281447689872
1545,15.450000000000001,-5.038394144486524e-05,2.000027022453347
1546,15.46,-7.172994177457428e-05,1.999968438673804
1547,15.47,0.00015247786227284084,1.9999283323480601
1548,15.48,0.00017958884264722554,2.000477609356668
1549,15.49,0.0004942308674810875,1.999727320024583
1550,15.5,-0.0003179471810475158,2.0001464484532865
1551,15.51,0.0002905095300355441,2.0000667366326303
1552,15.52,-0.00014292026029892008,2.000071333392698
1553,15.530000000000001,0.00046238183392324517,1.9998037725442126
1554,15.540000000000001,0.000236908924580577,2.000007115371513
1555,15.55,8.135303173068456e-05,2.000216371021992
1556,15.56,-4.417402001580712e-05,1.9996916454305491
1557,15.57,0.0002200881100962072,1.9999850234248269
1558,15.58,9.908811265416866e-05,2.000364865771647
1559,15.59,-7.62807634884451e-05,1.9998948818322766
1560,15.6,0.0005726655685811367,1.99990220812782
1561,15.610000000000001,0.000630424432331145,2.000040932369523
1562,15.620000000000001,-0.00020596871016920158,1.9999951815749115
1563,15.63,-2.4230153218002183e-05,1.9997308423090476
1564,15.64,-0.00018468025377565956,2.000033851322886
1565,15.65,-0.000190063880736088,2.000013580087502
1566,15.66,-0.00021721220980054474,1.999766261004531
1567,15.67,0.00015722234749139386,2.00024131302092
1568,15.68,-0.0004041732777174689,1.999778326236564
1569,15.69,0.0001877695357932955,1.9999397851460883
1570,15.700000000000001,1.5914903834917893e-05,2.000155959307323
1571,15.71,-0.0001072953408731982,1.999933294413954
1572,15.72,-4.100060593719094e-05,1.9998772945986134
1573,15.73,-0.00016769077124213574,2.0002388072986323
1574,15.74,0.0001593619615699822,1.999927092988255
1575,15.75,9.549804473018181e-05,2.0001497270068445
1576,15.76,0.0007031012458983184,1.9999823475173237
1577,15.77,-0.0002132287830783304,1.9999677199234578
1578,15.780000000000001,-8.325820143033042e-05,1.9998689285196034
1579,15.790000000000001,-0.00022836556949826716,2.000141383249749
1580,15.8,5.2962018865660694e-05,2.000022107091259
1581,15.81,-0.0003525948670300618,2.000203796807463
1582,15.82,1.2810876485967152e-06,1.999919139587773
1583,15.83,0.00012523041584081124,1.9998811169042
1584,15.84,0.0001814179390688474,1.9998584574686644
1585,15.85,-2.2595446177363034e-05,2.00005567393005
1586,15.860000000000001,0.00033940382141883644,2.0001811482103355
1587,15.870000000000001,0.0002509100730263674,1.9997880044472238
1588,15.88,-0.0004020756045995352,1.9997088793483404
1589,15.89,0.00031931988443141096,2.0001710644595754
1590,15.9,0.00016329801721831437,2.000159857227896
1591,15.91,1.714458533417199e-06,1.9997905938131886
1592,15.92,0.00023015313746680335,1.9997646549902957
1593,15.93,-0.0002716034132808288,1.9996077310015337
1594,15.94,-5.116740327796425e-05,2.0000448797065857
1595,15.950000000000001,-0.00036562365508700225,1.9999230542150634
1596,15.96,0.00032498350967764545,2.0002282739853317
1597,15.97,0.00015025667614722594,1.9997867635470696
1598,15.98,-2.1377948634202897e-05,2.00000263214321
1599,15.99,8.304023318442925e-05,2.0000206769916113
1600,16.0,-0.0001607129673193874,2.000329281004767
1601,16.01,-0.00016554043393494865,1.999883813904276
1602,16.02,1.693293820988478e-05,1.999945882053656
1603,16.03,-0.00016583934151193888,1.9996909318045009
1604,16.04,4.308683114725578e-05,2.0000477279084894
1605,16.05,9.959786772542248e-05,2.0001812073549354
1606,16.06,-0.00012048182801679505,2.0004224836601985
1607,16.07,-0.00013176921270495684,2.0003309845940414
1608,16.080000000000002,0.00021601595297932882,1.9997248569191446
1609,16.09,-0.00022467162943235527,1.9999011374893823
1610,16.1,0.00017292049225761931,1.9998434791681203
1611,16.11,0.0001766310180021193,2.0000235179613415
1612,16.12,2.317861789381581e-05,2.0001390437642472
1613,16.13,-0.00011710478766933356,1.9999615559342978
1614,16.14,-0.00038515160258842667,1.999846664067771
1615,16.15,-0.00019634580883665887,2.0004786037898943
1616,16.16,0.00015876458462801404,1.9996911167404792
1617,16.17,0.00010796514407475537,1.9998206097491602
1618,16.18,-0.00016301382591350162,2.0001661695948405
1619,16.19,-5.465754169592216e-05,1.9996199021254324
1620,16.2,0.00014307531624074555,1.999951679328533
1621,16.21,-7.89424496627822e-05,2.000274909952478
1622,16.22,-7.747858745722248e-05,2.0005091403487256
1623,16.23,0.00032409148768487115,2.0001309557796345
1624,16.240000000000002,0.0004507988003666818,2.0001450130443477
1625,16.25,0.0002748723073011216,2.0001174222814453
1626,16.26,0.0002779335679018043,2.0001182442821714
1627,16.27,-3.1840150664021135e-05,2.000428065918946
1628,16.28,6.159396143386223e-05,1.9994965746946791
1629,16.29,3.989399181139451e-06,1.9996589371694038
1630,16.3,0.00022973226123050453,1.99997446114894
1631,16.31,0.0002992980572689606,2.0001451295639048
1632,16.32,0.0001887165123658361,2.0001332415108446
1633,16.330000000000002,-0.000302708416640594,1.9997246095330299
1634,16.34,-0.0004167803211094566,2.0000214158886336
1635,16.35,-5.3670147652362104e-05,2.0000191510694485
1636,16.36,0.00015248038262313495,2.0000792136024077
1637,16.37,-0.00022618884998321827,1.9998094048641941
1638,16.38,0.0002287681813264956,2.0000347342437066
1639,16.39,-0.0002547416478114008,1.9998507997505928
1640,16.4,7.638008319726312e-05,2.0001800664071667
1641,16.41,0.0003674701352492376,1.9998253268393886
1642,16.42,-2.2349626574060076e-06,2.00027292636102
1643,16.43,-0.00018315993925824465,2.0004823505257345
1644,16.44,-0.00023527212462717885,2.0003146462673254
1645,16.45,-8.119848596732235e-05,1.9999675301250361
1646,16.46,0.000499563029254302,2.000284720913171
1647,16.47,-0.00024878943877030895,2.0005235334013656
1648,16.48,0.00013553717418989425,2.0002281981860714
1649,16.490000000000002,0.0003739965986261121,2.0001923480100845
1650,16.5,-0.000548568490554642,2.0002568333995407
1651,16.51,7.337153809751805e-06,1.9995860481972314
1652,16.52,0.00011015579198624563,2.0000800372943597
1653,16.53,-4.907480184139243e-05,2.000135280068444
1654,16.54,0.0001587630178213128,2.0000908602713947
1655,16.55,4.006571881176556e-05,2.0000061752266065
1656,16.56,0.00016688926024429474,1.9993660010209107
1657,16.57,0.0006087913301616815,1.9999130450520155
1658,16.580000000000002,0.0003975565499946537,2.000063794890978
1659,16.59,-0.00018992244544873622,1.999967511601326
1660,16.6,-0.0004294318281673178,2.0002203422673155
1661,16.61,0.0004235440812197585,1.999727066801467
1662,16.62,0.00035310810341180227,2.0002550161493375
1663,16.63,6.515252201320931e-06,1.9999429180901924
1664,16.64,0.00040538475385523513,1.9998946423257606
1665,16.65,8.040860222223937e-05,1.9995921127930765
1666,16.66,-0.0001158206959487769,2.0000655767847615
1667,16.67,-0.0002038090368514196,1.9998916304356305
1668,16.68,-0.00020103477501912863,1.9999215941458537
1669,16.69,0.00010985988976829551,2.00009604552365
1670,16.7,-5.108294419073505e-05,2.0001330268306896
1671,16.71,7.02042172809216e-05,2.000447148175078
1672,16.72,0.00010441755690508888,1.9999462120083809
1673,16.73,-0.00017779927736652373,1.9997537409028907
1674,16.740000000000002,7.019170846143529e-05,2.0001037640691735
1675,16.75,0.0008313652515598112,2.0000324164324628
1676,16.76,-0.00014868598781109393,1.9998963145468611
1677,16.77,-0.00017523759652762272,1.999744143019174
1678,16.78,0.0005464927294503884,1.999855092105626
1679,16.79,0.00016596377979895505,1.9998610915246742
1680,16.8,0.0002894216191972363,1.9998166851631705
1681,16.81,0.00020031098788707847,2.000463897454905
1682,16.82,-0.00057122681150197,2.0003406768787744
1683,16.830000000000002,-7.377950907872857e-05,1.9996687463529739
1684,16.84,0.00010679003479224215,2.0001883838221186
1685,16.85,0.0003482489978392938,1.9998554672384792
1686,16.86,-0.0001998740224396526,2.000202978311939
1687,16.87,-0.00015790346795703844,2.000096930166665
1688,16.88,0.0003249114883611064,1.9998212417353918
1689,16.89,0.00024889128609463805,2.000312257096144
1690,16.9,-0.00010875981867544464,2.0002591543194144
1691,16.91,0.00020894084215779724,2.0001087689822823
1692,16.92,0.00026630260552829786,1.9997758378594161
1693,16.93,-0.00015831840946214183,1.999734431144445
1694,16.94,0.00047858702820209365,2.0000896436122813
1695,16.95,0.0002368485360302848,1.9997052042756134
1696,16.96,-0.00013260959065019345,1.9998206217495411
1697,16.97,-0.0001453053196608977,2.000345544244774
1698,16.98,0.00025090938839119145,1.999852430436051
1699,16.990000000000002,-6.527351775415937e-05,1.99987198468982
1700,17.0,0.0002191160195442956,1.9997113011406071
1701,17.01,0.0003088932180399358,1.9998505815021717
1702,17.02,-0.00017652362384186309,1.9994841872069176
1703,17.03,9.917257485700899e-05,2.0000360845050134
1704,17.04,0.0003459597064418982,2.0003282031129612
1705,17.05,0.0002732429772158544,2.0001832954603502
1706,17.06,-2.5779043573120513e-05,1.9997951624758292
1707,17.07,0.0004058350379872123,1.999650930491332
1708,17.080000000000002,-0.00023981297821370855,1.9998238003381152
1709,17.09,3.161767815642309e-05,1.9998660443686873
1710,17.1,9.900393910621844e-05,1.9996936905173133
1711,17.11,4.501959480021175e-06,1.9999425196134637
1712,17.12,0.000368638528385258,2.0003020066094703
1713,17.13,0.00013841201148353415,1.9995708962445444
1714,17.14,9.390659079511219e-05,1.999943043926427
1715,17.150000000000002,-0.000303610702990032,1.9995556521624314
1716,17.16,-7.76762540653955e-05,2.0004446019196114
1717,17.17,0.00026497647188233837,1.9998419310589408
1718,17.18,0.000534389537377156,1.9995746268976853
1719,17.19,0.00024121141226767106,2.000172013634684
1720,17.2,-0.00012075314484169245,1.9997378895050506
1721,17.21,-5.586991577537081e-05,2.0000965831330655
1722,17.22,0.00034684242345379615,1.9998376083449958
1723,17.23,0.0007834931411686182,2.0001419589678533
1724,17.240000000000002,-0.0001643144233469987,1.9999469518293753
1725,17.25,-7.82476246085357e-05,1.9998335058173347
1726,17.26,-0.0004461509777195255,1.999876143988808
1727,17.27,-0.00025569189486822423,1.9997847528063706
1728,17.28,-0.00040838354723458144,1.999817932636235
1729,17.29,-8.765176854688716e-05,1.9997527649541427
1730,17.3,-0.0002348167741797934,1.99959612583716
1731,17.31,7.136763005466944e-05,1.9999094765532803
1732,17.32,-0.00023815879293840803,1.9999978136499366
1733,17.330000000000002,-0.00023594436308647322,1.9998635645747762
1734,17.34,0.0002695837733830415,1.999877977191669
1735,17.35,-0.00023439565215623012,1.9995194594610128
1736,17.36,0.0002637627137957495,1.9999057415359671
1737,17.37,-0.0002385323241191592,1.9999631036476104
1738,17.38,-0.0002204148914706221,2.0000238042430336
1739,17.39,-4.171120971517123e-05,1.9998302289157157
1740,17.400000000000002,0.00023541755401048533,1.999749049083144
1741,17.41,0.00011678812056633393,2.0000803774649225
1742,17.42,-7.96501310693306e-06,1.9998041152205779
1743,17.43,-0.00033764757207504706,1.99978168171913
1744,17.44,0.0003727448428871515,1.999508272284947
1745,17.45,-5.050092834233976e-05,1.9997177232233903
1746,17.46,9.449711971629489e-05,1.9995641602886505
1747,17.47,-0.00024152438915161272,1.9999413732200724
1748,17.48,-0.00010106829280493488,1.9995777526892264
1749,17.490000000000002,-0.0002374562244221442,1.9995031878265117
1750,17.5,0.00023192922300334642,2.000096541931593
1751,17.51,0.00015524294698452103,2.0000575418620192
1752,17.52,-0.0004063453807773658,1.9993482420218849
1753,17.53,-0.00012966733504153093,1.9995803010122006
1754,17.54,0.0009408759796604059,2.0000398374779245
1755,17.55,2.3521568327264466e-06,1.9998204541602191
1756,17.56,4.109033598193241e-05,1.9996100731406503
1757,17.57,-0.000331922801673583,1.999999306671769
1758,17.580000000000002,-0.0002670111511496172,1.999575863233382
1759,17.59,0.0003155687661691461,1.9994948121502611
1760,17.6,-0.00012681881148571023,1.9996538516705025
1761,17.61,0.0007518830535675647,1.9999739801039487
1762,17.62,0.00035740476850186297,1.9994605486407124
1763,17.63,2.9477242734573995e-06,1.9995614404383342
1764,17.64,-0.0002406220150871213,1.9996638948575824
1765,17.650000000000002,0.0004264384721427802,1.9999329097943996
1766,17.66,0.0005227122675162906,1.9997788023993688
1767,17.67,0.00036421066039446997,1.9997601728922554
1768,17.68,0.00010606567044809886,1.9996611555747361
1769,17.69,2.186712263193173e-05,1.9995847578672847
1770,17.7,0.00011090816197714257,1.999484312977327
1771,17.71,0.00033081039827768645,1.9994775107588962
1772,17.72,0.00021942269653290095,1.9994365535511558
1773,17.73,0.0003203158872064638,1.999483629674216
1774,17.740000000000002,-0.00034291574035865156,1.999101697665084
1775,17.75,-0.0004584704735457233,1.9998945848880805
1776,17.76,-0.00010660961038930173,1.9995431911800894
1777,17.77,-0.00016620388883788786,1.999678688250112
1778,17.78,-0.00020960803255634026,1.999355970682176
1779,17.79,-0.00044098769157406846,1.9991697601731717
1780,17.8,0.00025017781506406607,1.9994030804322125
1781,17.81,0.00019289917064331375,1.999722634141785
1782,17.82,0.0004009171751991992,1.9993853158554649
1783,17.830000000000002,-7.58023073649006e-05,1.9995772170336392
1784,17.84,-0.0004114571983791006,1.999585457417013
1785,17.85,-8.875446753110174e-05,1.999443137462727
1786,17.86,0.00055614626204327,1.9994920653153305
1787,17.87,8.67602489665148e-05,1.9994702689772619
1788,17.88,-9.060460341522793e-05,1.9996387525495898
1789,17.89,-0.000149141819509863,1.9998442059621417
1790,17.900000000000002,-0.00012476437034403598,1.9997752615706286
1791,17.91,0.0001490653906214343,1.999791749025978
1792,17.92,-0.00040266194438755276,1.9997987036202032
1793,17.93,9.769561388501421e-05,1.9996627365372193
1794,17.94,-5.9462874141727286e-05,1.9992953470606452
1795,17.95,-0.00030284247267506066,1.9996265413888445
1796,17.96,5.788596497678348e-05,1.9997069855145664
1797,17.97,0.00012042947301481834,1.9998378200138618
1798,17.98,0.00022557286833267584,1.9994187108217054
1799,17.990000000000002,-0.0005928732991705715,1.9990952166347884
1800,18.0,0.0004452221233250869,1.9995250635691681
1801,18.01,-0.00019075408018510471,1.999230812062295
1802,18.02,4.436042628985347e-05,1.9998824020186483
1803,18.03,-0.0006990155807182475,1.9991899056244373
1804,18.04,7.183983642642664e-05,2.0000960783980637
1805,18.05,-0.00033003748262957843,1.9994623524124282
1806,18.06,0.000533062559468313,1.9994335789419626
1807,18.07,0.00019791791904183068,1.9993718381983974
1808,18.080000000000002,0.00028064178782886967,1.999502037233997
1809,18.09,-0.00012715560552374594,1.9992331425242529
1810,18.1,-0.0004462880039481869,1.9992443973664173
1811,18.11,0.0003508144174701528,1.9994555880020919
1812,18.12,-4.640580335131458e-05,1.9995731265058416
1813,18.13,-0.0002695654498994014,1.9994906940751072
1814,18.14,-0.00010314056235992636,1.9998064124645725
1815,18.150000000000002,0.0001738384215450722,1.999446824040369
1816,18.16,-0.0002169106692393341,1.9996244494263322
1817,18.17,-0.000195465973620975,1.9995622627686098
1818,18.18,-0.00029655459359141857,1.9997880149965057
1819,18.19,-0.0003323365868954889,1.9995678706537379
1820,18.2,0.00011868219603010717,1.9995354859567762
1821,18.21,7.813494894853326e-05,1.9995296234252493
1822,18.22,0.00012692467773785284,1.9991578408694952
1823,18.23,-0.0001617858185737813,2.0000559053025606
1824,18.240000000000002,-3.5658049704299504e-05,1.9991076500197755
1825,18.25,0.0001602866415016162,1.9995071640991544
1826,18.26,4.758922708162589e-05,1.9992137794806735
1827,18.27,4.3612458847673744e-06,1.999135637343014
1828,18.28,-8.468474600282685e-05,1.999448103385965
1829,18.29,-6.286354052999546e-05,1.9993947567928707
1830,18.3,2.377110370666154e-05,1.999425103261384
1831,18.31,-0.00025261805235479885,1.9998685981271807
1832,18.32,0.0002826406003796692,1.9999151219135711
1833,18.330000000000002,-0.0001639976077851513,1.9995628286528881
1834,18.34,0.00023501644160344893,1.999223020483833
1835,18.35,0.00014300413980473505,1.9993641439025318
1836,18.36,0.00042912477996649777,1.9997060663877881
1837,18.37,2.206891630677034e-05,1.9996357154434674
1838,18.38,6.761002078418263e-05,1.999790136772855
1839,18.39,-0.00016867407828708407,1.999685759746309
1840,18.400000000000002,-0.0001462177659266621,1.99946183204762
1841,18.41,-0.0002879161736908035,1.9992650434150698
1842,18.42,2.7684269703147048e-05,1.9996311027596199
1843,18.43,-0.00026191417153745105,1.999525667657144
1844,18.44,-6.197361976302521e-07,1.9994430656815865
1845,18.45,0.000469810318325206,1.9994419131605998
1846,18.46,0.00021243826171113653,1.9996917506861978
1847,18.47,-0.00032017386036627463,1.9995429423039233
1848,18.48,0.0003781503945498408,1.9994625009221552
1849,18.490000000000002,-0.00029186330277824855,1.9997943230795718
1850,18.5,-0.00017226965201228958,1.999652152308739
1851,18.51,4.056432470719277e-05,1.9996256147025473
1852,18.52,0.00019739989869737066,1.9998061210557274
1853,18.53,-0.0001470688072370792,1.9996221672741954
1854,18.54,0.00011797076692241823,1.9995327851063205
1855,18.55,0.00018888579314547258,2.000044622283596
1856,18.56,0.0007306515407964903,1.999427044046229
1857,18.57,-0.00035146650047885637,1.9993048575970862
1858,18.580000000000002,0.0003544919977775821,1.9995555168917487
1859,18.59,-3.361688459429423e-05,1.9998263865489008
1860,18.6,3.669925985467874e-05,1.9996541330449544
1861,18.61,0.00028611846079661227,1.9993541289497705
1862,18.62,0.00022203200233504263,1.9994840566413241
1863,18.63,0.00032307568056652824,1.9995713375876534
1864,18.64,-0.00014065971652555613,1.9991988677871488
1865,18.650000000000002,0.00032405075765307384,1.9995158138528926
1866,18.66,0.00017067239052285689,1.9995077047679377
1867,18.67,4.5214826066486364e-05,1.9989899215144031
1868,18.68,4.715725295727772e-05,2.000021582046097
1869,18.69,0.0005246886221094332,1.9996972383924447
1870,18.7,0.00025352870301132167,2.00005584737456
1871,18.71,-0.00013227039324382182,1.9995038923807091
1872,18.72,-0.00023124432987048197,1.9997375668734705
1873,18.73,-0.00011504282248741779,1.9996991360505505
1874,18.740000000000002,-0.00016003162419469527,1.9996638722952795
1875,18.75,0.0002876937157909401,1.9999841735145227
1876,18.76,0.0004140036664982032,1.9997846029922124
1877,18.77,-0.0007289262646714412,1.9999775688406027
1878,18.78,8.126631535130142e-05,1.9996876991087105
1879,18.79,-0.0002579140989039786,2.000235440937046
1880,18.8,0.0004226806821919,1.9999875774528157
1881,18.81,-3.665767524173007e-05,1.9995715711384225
1882,18.82,-0.0002268936238233652,1.9999415992704406
1883,18.830000000000002,7.708164465208387e-05,1.999975550980336
1884,18.84,-0.00018562509801095192,1.999890022547226
1885,18.85,-5.566276235275805e-05,1.999548933916611
1886,18.86,-0.00016205852391094745,1.999921281630164
1887,18.87,-0.000194444152308734,1.9996209805526548
1888,18.88,-7.220068608080696e-05,1.999894675858709
1889,18.89,-0.0003743762548691351,1.999780643653251
1890,18.900000000000002,6.252148857899564e-05,2.000327904017922
1891,18.91,0.00022070869994822925,1.9996042354331505
1892,18.92,-8.891722241396586e-05,1.9997470340005117
1893,18.93,0.00011222988802192047,2.000074691127048
1894,18.94,-3.107271560455269e-06,1.9999041725728341
1895,18.95,0.00011315261641795173,1.9996186342260571
1896,18.96,0.00014768255973702528,1.9997503829082344
1897,18.97,0.00031291069539274226,1.9996092362447375
1898,18.98,-0.00050906463978831,2.000044972166903
1899,18.990000000000002,0.00034218654626023954,1.9998984290258044
1900,19.0,5.5255300108798386e-05,1.9999419027126863
1901,19.01,0.00030175531962476016,1.9999045697488282
1902,19.02,0.00031051048124381434,1.9997727101022336
1903,19.03,-0.00012189651131975279,2.0000932300699836
1904,19.04,0.00029327742825264476,1.999909750996978
1905,19.05,-0.0007954175935812234,1.9999145961859872
1906,19.06,-0.00039845348752599326,2.000120315973918
1907,19.07,0.00027668718867631065,1.999733758700704
1908,19.080000000000002,-0.00040313505959603177,2.0000518013282877
1909,19.09,0.0002741550246983819,2.0000520570309983
1910,19.1,-0.00027877016092164544,2.0000372504854065
1911,19.11,0.00010399700460879727,1.9996331493958814
1912,19.12,0.00017468967611207432,2.0000484672489915
1913,19.13,0.00022326792295915575,2.000155826847817
1914,19.14,0.00011777021009076813,2.000029675996095
1915,19.150000000000002,-9.999667301425204e-05,2.0002578173346044
1916,19.16,-0.0003555965340862036,2.000328274128898
1917,19.17,-0.00034146896970511253,2.000279762514808
1918,19.18,5.622355195710175e-05,2.000329936025907
1919,19.19,-0.00017784632949347873,2.0002926316270333
1920,19.2,-0.00021743543572323146,1.9999898642861584
1921,19.21,4.4728205883811874e-05,2.0002787100339283
1922,19.22,-0.000348978395757464,2.000214678331982
1923,19.23,9.065942014173132e-05,2.00002220713915
1924,19.240000000000002,3.5802267577147506e-05,1.999908522787123
1925,19.25,-0.000538968964201191,2.000487948335162
1926,19.26,-9.244070443740118e-05,1.9998786560431063
1927,19.27,0.00013501264123397515,2.0004287128936222
1928,19.28,0.00019584278850547792,1.9998562046660837
1929,19.29,0.00011463686633047772,2.0002666568077476
1930,19.3,-0.0005313368829365326,2.0000284356858895
1931,19.31,0.0001510208342974163,2.0004799021371085
1932,19.32,-0.00017712068897212792,2.000344855264201
1933,19.330000000000002,0.00015913452045139128,2.000096350636417
1934,19.34,-0.0001668324229675083,2.0001616766273327
1935,19.35,3.207932379812196e-05,1.9999291934177175
1936,19.36,0.00035639757366953977,2.0001324467047223
1937,19.37,7.495263708612814e-05,2.0004406522328715
1938,19.38,5.876936165233073e-05,2.00045851191243
1939,19.39,0.0003888247007833158,2.0000912496177206
1940,19.400000000000002,0.00025911859335687066,2.000174797282442
1941,19.41,0.00038890414238020114,2.0001954104126787
1942,19.42,-0.00018474690660178077,2.0002205266365305
1943,19.43,0.00023054990932060176,2.0002650686959007
1944,19.44,3.242665416794697e-05,2.00051796963501
1945,19.45,-4.119073410664511e-05,2.000368975559502
1946,19.46,-0.0001232794580124468,2.0005559469230842
1947,19.47,0.00010210519299958859,2.000769089185992
1948,19.48,-0.0001404344910119465,2.0008298830762734
1949,19.490000000000002,0.00022563777762465843,2.0004631212028277
1950,19.5,-0.00016341851855253327,2.0005131900812776
1951,19.51,-0.00013842328980564155,2.0000867192807843
1952,19.52,0.00010824075088463677,2.000707217338805
1953,19.53,-0.000283057997729357,2.000567059267433
1954,19.54,-0.00015575363788453825,2.0002125517893963
1955,19.55,0.00045304265325586825,2.0002196366686444
1956,19.56,-0.00016345589643826448,2.0005880576153565
1957,19.57,-0.00014315390412691968,2.000519539965412
1958,19.580000000000002,-0.0001669729919699437,2.000653086992754
1959,19.59,0.00044364393116823174,2.0008525162156854
1960,19.6,-7.01279791983589e-05,2.0007906886132814
1961,19.61,0.0001685942458646328,2.0006446895935426
1962,19.62,9.344626517750602e-05,2.000849965705353
1963,19.63,4.620109065555068e-05,2.0005637154595504
1964,19.64,-0.00019577466866653586,2.000523525964432
1965,19.650000000000002,-0.00030705175303033695,2.0004415221497567
1966,19.66,0.00035847322903585955,2.0006947656477907
1967,19.67,5.442275565845601e-06,2.0004793616933676
1968,19.68,-0.0005655338447189677,2.000411898420122
1969,19.69,-0.0004983010660013485,2.0006454374426847
1970,19.7,0.00018157092128774364,2.000642970302526
1971,19.71,0.00038049380639034895,2.0005581607247698
1972,19.72,0.00046946883925689603,2.0007972111223746
1973,19.73,-0.00018321743116036615,2.0006900230109275
1974,19.740000000000002,0.00022287074865126532,2.0008207765592587
1975,19.75,-0.0006558243099844545,2.0003348609556464
1976,19.76,-0.00014320260109504832,2.0008524807737973
1977,19.77,0.0005564516562804944,2.000737506794539
1978,19.78,0.00013475460619003944,2.0005744274167894
1979,19.79,-0.00021090835987975192,2.0004078535830496
1980,19.8,5.664276859259898e-05,2.0009744317271796
1981,19.81,-9.790173239618017e-05,2.0008758608888226
1982,19.82,0.000704030685440472,2.0006977291274004
1983,19.830000000000002,0.00021047666396661232,2.0007656506859925
1984,19.84,0.0002481848919843213,2.0004726734688747
1985,19.85,0.00027590099169001096,2.0009406241293077
1986,19.86,7.17884354690821e-05,2.0007149201355525
1987,19.87,-0.0001560722650612026,2.0006787664600307
1988,19.88,-2.033360834531393e-05,2.000993655590889
1989,19.89,-9.587009146663138e-05,2.0002723616236717
1990,19.900000000000002,-9.164046171070142e-06,2.0008110366090968
1991,19.91,-4.485735420842898e-05,2.0003391310716365
1992,19.92,0.0001033167151126989,2.0008370380839366
1993,19.93,-0.00039380061911577766,2.001123370011033
1994,19.94,-0.00046170332342187315,2.000386740101911
1995,19.95,-6.209861959076102e-05,2.0008668104413507
1996,19.96,0.00012340444539685595,2.0007577630154576
1997,19.97,0.00042016378725863744,2.0008260414424304
1998,19.98,0.0002229638106754567,2.0009982463019695
1999,19.990000000000002,-0.0003120255138212836,2.000707642352372
2000,20.0,-0.00014246223417104388,2.0004454867800066
2001,20.01,-0.00020787207309353337,2.0005725382348216
2002,20.02,-8.687237968859394e-05,2.0007185591345937
2003,20.03,7.758002912259657e-05,2.0004016292541213
2004,20.04,-0.0004330371139459238,2.0004452840400644
2005,20.05,0.0005267598437190067,2.000726324575029
2006,20.06,0.00013952605927140664,2.0008591103974447
2007,20.07,0.0002629843184640806,2.0004716619990934
2008,20.080000000000002,-3.863600222463529e-05,2.0009404393418087
2009,20.09,-7.574847284378293e-06,2.0007547342481953
2010,20.1,-0.00015119002413411335,2.000616678708372
2011,20.11,-0.00016270581899211338,2.000900577797595
2012,20.12,0.00026163888631584566,2.0003802241263346
2013,20.13,0.0005034367373793105,2.000428363981045
2014,20.14,-0.00023833510373797362,2.0010089302582617
2015,20.150000000000002,-6.642546333918862e-06,2.0006161603311186
2016,20.16,2.0046101811082235e-06,2.0004676337965472
2017,20.17,-8.590232986734996e-06,2.000822327790695
2018,20.18,0.0001412562466305825,2.0007847971897013
2019,20.19,-9.30146753185594e-05,2.000929671278488
2020,20.2,5.7676727494679354e-05,2.000715712492828
2021,20.21,-0.000280967128165787,2.0007081722211546
2022,20.22,-9.261792158817085e-05,2.0003634437867563
2023,20.23,0.0002527816775268327,2.0004326830156733
2024,20.240000000000002,6.634466123711442e-05,2.0009683210834552
2025,20.25,0.00011260821784939471,2.0005475818574117
2026,20.26,5.7811021151318225e-05,2.000351649780934
2027,20.27,0.00016992358461048417,2.0007173402093654
2028,20.28,-0.00040161127738667094,2.001044444782917
2029,20.29,0.00015831598039380796,2.0004040121705025
2030,20.3,0.00017406046404110846,2.0008132572898094
2031,20.31,-0.00037857068167529645,2.000687872833101
2032,20.32,0.0003258758494854283,2.000266418047882
2033,20.330000000000002,-0.00020111580304472653,2.000870997129854
2034,20.34,-0.0002878625945070533,2.00023635281877
2035,20.35,0.00012142474044368817,2.000335434349495
2036,20.36,-0.0004829597256192299,2.0009948177123227
2037,20.37,8.829457217029116e-06,2.0006233898893484
2038,20.38,-0.0001951670853595207,2.0005764348311996
2039,20.39,-8.162713999351648e-05,2.000457864813862
2040,20.400000000000002,8.670145321090133e-05,2.000669492969548
2041,20.41,0.00021138108866696422,2.0005485392659863
2042,20.42,-7.952474718082519e-05,2.0003519300975205
2043,20.43,-0.00041914350476101523,2.0004698960239833
2044,20.44,-0.0001649905942619742,2.000446136560868
2045,20.45,-0.0006646787422551236,2.0000202711321253
2046,20.46,-0.0001097016722321172,2.000347973038224
2047,20.47,0.00010994558446405615,2.0003483007277274
2048,20.48,-5.616680781352054e-05,2.000324717006331
2049,20.490000000000002,2.0804941370481e-05,1.999982835828962
2050,20.5,-0.0003060818833222396,2.0005926498066238
2051,20.51,-0.0002785624826075614,1.9999380874904888
2052,20.52,9.690312369083964e-05,2.000087825737948
2053,20.53,5.21134907905523e-05,1.9997724511330348
2054,20.54,-4.27025884630646e-05,2.0002664267368853
2055,20.55,9.92503286789399e-05,1.9999773619728705
2056,20.56,-0.0002880242621601594,2.0001532590322775
2057,20.57,0.00026627287295140546,1.9999975929999203
2058,20.580000000000002,-0.00016917779183924195,2.0003285093472027
2059,20.59,-0.00022021563923064336,1.999730742584126
2060,20.6,4.386149824585531e-05,1.999760483073943
2061,20.61,-0.0002623597728987861,2.000061062104633
2062,20.62,2.1672907549290197e-05,1.9998700573379926
2063,20.63,-0.0007671788634589912,1.9997422491635553
2064,20.64,0.00039942255638415665,1.9994044191772078
2065,20.650000000000002,4.070006423935353e-05,1.999385310043969
2066,20.66,0.00047372289114619713,1.9993552567790427
2067,20.67,3.116966404156722e-05,1.999606468914141
2068,20.68,4.0469435108689945e-05,1.9993447636852049
2069,20.69,5.5498793381368384e-05,1.9995219609172241
2070,20.7,3.7129024420218626e-06,1.9995285506494032
2071,20.71,-6.65059576555428e-05,1.9992401129431863
2072,20.72,-0.00030858486451018353,1.9991290562711161
2073,20.73,9.47503559939078e-06,1.9994352952882861
2074,20.740000000000002,0.000444299055814873,1.998937605663166
2075,20.75,-8.829845438797126e-05,1.9993472491596256
2076,20.76,-6.337516116889165e-05,1.9993507761912919
2077,20.77,0.00028522571901996494,1.999663231225756
2078,20.78,0.00012664859204055277,1.9990281973448587
2079,20.79,-9.385266405106538e-05,1.9992686187503375
2080,20.8,-3.5282486777447772e-06,1.9992590389137557
2081,20.81,0.00029312471813347344,1.9991875061181803
2082,20.82,0.0006068989213654117,1.9993228129530984
2083,20.830000000000002,8.414000627298824e-05,1.9990671148765058
2084,20.84,-4.005869874314534e-05,1.999039234275828
2085,20.85,-0.00012321409572957492,1.9990329684983354
2086,20.86,-0.0004557839896349618,1.9990909454404675
2087,20.87,0.0001510460307659696,1.999045161548193
2088,20.88,0.0002681906901382524,1.9987558493586093
2089,20.89,-0.0005282976226894636,1.998812727620139
2090,20.900000000000002,-0.00012639911590352733,1.9988145846659948
2091,20.91,-5.694979024682768e-05,1.9987084172811629
2092,20.92,-0.0002010421653060319,1.9986728120200297
2093,20.93,-0.00011331079978170377,1.9987276677880894
2094,20.94,5.57974466181041e-05,1.9987416450767626
2095,20.95,0.00022170401316719377,1.9987413153415943
2096,20.96,3.602009987822821e-05,1.9985792822733026
2097,20.97,-0.00020256507023913258,1.9987350764144074
2098,20.98,-0.00014319292118061702,1.9987396895435046
2099,20.990000000000002,-0.0002590291692039395,1.9986056201463027
2100,21.0,-4.3983716687467994e-05,1.998419912714095
2101,21.01,0.00018298339742558255,1.9989585255145315
2102,21.02,0.0002477896291613436,1.9985513980796388
2103,21.03,0.0001668777578726448,1.998608475844721
2104,21.04,0.0001901990869191184,1.9988331047241368
2105,21.05,-0.00022252280098051765,1.998521474172054
2106,21.06,0.00013385666000620953,1.9985587145092127
2107,21.07,-0.0002887135411631089,1.9986490549827092
2108,21.080000000000002,-0.0004620029309037646,1.9988112508193174
2109,21.09,7.0570133427626e-05,1.9981669964037765
2110,21.1,0.0001674668055569623,1.9983485304606043
2111,21.11,0.0006827014367440494,1.998344217075747
2112,21.12,-0.00013384221856311345,1.9987416157374502
2113,21.13,-0.00026211886856590603,1.9985540455606472
2114,21.14,3.55345587470406e-05,1.9980834211210425
2115,21.150000000000002,-0.00011580674013421216,1.9984961002957915
2116,21.16,0.0003791750067967106,1.9983689361136354
2117,21.17,-0.00019704214072785138,1.9986364164464803
2118,21.18,0.00026843579395265067,1.9985740263137515
2119,21.19,0.0005418013844975708,1.9989215461666396
2120,21.2,-0.00014328103646563044,1.9984047643713414
2121,21.21,-7.794048608973879e-05,1.998801270556655
2122,21.22,9.961305731037213e-05,1.9988376778552008
2123,21.23,0.00017057765439433312,1.9984197163774584
2124,21.240000000000002,0.00021743454107797823,1.9987803463636729
2125,21.25,0.0001969949361947218,1.9984742455703435
2126,21.26,0.00029301822250199267,1.9987468452377997
2127,21.27,0.00037471343172716784,1.9987554343111662
2128,21.28,0.0002748207274327963,1.998727223346225
2129,21.29,0.00014519287762084092,1.9985050865035217
2130,21.3,0.00021867290899683556,1.998874054752001
2131,21.31,0.0005083236216101647,1.998544553880102
2132,21.32,-0.0004887557777043997,1.998961267383673
2133,21.330000000000002,0.00024353038013417533,1.9987412266075422
2134,21.34,2.4466325840065364e-05,1.9986323758582614
2135,21.35,0.0001033295911829068,1.9987558019517688
2136,21.36,2.1826280605623092e-05,1.9988454268920584
2137,21.37,-0.000173290722680721,1.9993043166678386
2138,21.38,0.0003760801303480547,1.998760025155317
2139,21.39,4.8166591089603166e-05,1.9990483396276044
2140,21.400000000000002,0.0001602984184300179,1.9993546681924443
2141,21.41,1.3338398738258628e-05,1.999245532562638
2142,21.42,-5.67140565716364e-05,1.9993436800299724
2143,21.43,-0.00010146083329877277,1.99904004496894
2144,21.44,0.00034649091535743804,1.9995295824500934
2145,21.45,-0.0003535450897664312,1.9989934903109128
2146,21.46,-5.021948664377581e-05,1.999424132670083
2147,21.47,0.00025717449252439756,1.9990879783315179
2148,21.48,1.0223678061581687e-07,1.999247993188413
2149,21.490000000000002,0.00041026184664935716,1.9989016421501513
2150,21.5,-0.00014024246380740156,1.9993422381400552
2151,21.51,0.0003420087592050697,1.9992346177640123
2152,21.52,2.590186485527214e-06,1.9996231330836072
2153,21.53,-0.00020428719612062806,1.9992560497300147
2154,21.54,6.157406370933908e-05,1.999489356398434
2155,21.55,0.00038074444161859355,2.0001120369311858
2156,21.56,0.00033829604891747893,1.9998564047122873
2157,21.57,0.0004114991297990713,1.9998407428768843
2158,21.580000000000002,0.0001628722353978908,1.999527800406818
2159,21.59,9.965823391093603e-05,1.9998382777515835
2160,21.6,-0.0002707891659923067,1.9994047369949293
2161,21.61,-4.2858268310326914e-05,1.99925675861779
2162,21.62,-0.00024620294245430324,1.9999619645930995
2163,21.63,0.0002003052813227073,1.9997089416777185
2164,21.64,-0.00017695062293500842,2.000180558559677
2165,21.650000000000002,0.0004737512847817037,1.9998481650487263
2166,21.66,-0.00033101341396818315,2.0003010087705193
2167,21.67,0.0001232666786229051,1.9999418003890719
2168,21.68,-0.00025621870125065835,1.99991020651545
2169,21.69,-0.0003987153162542806,2.0004288505188534
2170,21.7,-0.00035992509681557393,2.0004070731169876
2171,21.71,0.00010899171282576581,2.0002625250123263
2172,21.72,0.00010640415238800432,2.000266731602882
2173,21.73,-0.00020786818461333262,2.0004449890946936
2174,21.740000000000002,-0.0003298275243252706,2.0004855214621897
2175,21.75,-5.08941391229259e-06,2.000560440291217
2176,21.76,-0.00023770934958151983,2.0006433221165896
2177,21.77,-0.00014023295386039432,2.0003229868537193
2178,21.78,0.00011547444940483366,2.000360654152655
2179,21.79,-0.00023054682544184388,2.0004387398382413
2180,21.8,0.00031777796034906887,2.0005209713728176
2181,21.81,-8.621171256344513e-05,2.000657522671516
2182,21.82,0.0001422283989535574,2.0006835800335723
2183,21.830000000000002,-0.0003750333401308595,2.000536700398607
2184,21.84,-0.00011727846586902162,2.0009405955310138
2185,21.85,0.0001533523221667994,2.000610316918649
2186,21.86,3.924109681684606e-05,2.000716070798727
2187,21.87,0.0002125943258374899,2.0013110498232245
2188,21.88,0.0002385357561928297,2.0009778059696446
2189,21.89,-0.00015488907509307394,2.0010095012096563
2190,21.900000000000002,-0.0002795359206997906,2.000815766063784
2191,21.91,-0.00012768398542352464,2.001339217280107
2192,21.92,5.3417622679999644e-05,2.0010660359325443
2193,21.93,-5.3183787407921006e-05,2.001199363746175
2194,21.94,-0.0001857250687568061,2.00150549265724
2195,21.95,0.00016802899393570801,2.001519017347627
2196,21.96,0.00019794377542836538,2.001318142053911
2197,21.97,0.00018055326300165357,2.001670778429705
2198,21.98,7.126494968535153e-05,2.0014208720378646
2199,21.990000000000002,-9.023352641409614e-05,2.0015060232195174
2200,22.0,-7.876159589158992e-05,2.001751190573042
2201,22.01,-2.2569637978343193e-05,2.00178553758372
2202,22.02,-0.0005630476838339491,2.0016126255841953
2203,22.03,-2.724184452372979e-06,2.0018636362416142
2204,22.04,0.00015593089263340765,2.0019644618774652
2205,22.05,0.0002430998341833904,2.001575355972646
2206,22.06,-0.0002659943788061352,2.0017255031877412
2207,22.07,2.585903858768624e-05,2.001600356137752
2208,22.080000000000002,0.0005143980939274772,2.001504706356078
2209,22.09,-0.00016752796552994768,2.0018802820516566
2210,22.1,3.630651173174625e-05,2.0015480699687287
2211,22.11,5.268878503756946e-06,2.0019430128387348
2212,22.12,-2.9751838096763214e-05,2.0019164951962893
2213,22.13,0.0003438493487247235,2.0014261380758653
2214,22.14,0.0005992480078294368,2.002104428248992
2215,22.150000000000002,-0.0001635672297622882,2.001966047398521
2216,22.16,-0.00015474309129324303,2.0018875341389117
2217,22.17,0.0003656656861056332,2.0019891320229877
2218,22.18,0.00028956481800503146,2.0016643090718675
2219,22.19,-0.00022801413879478623,2.0018794652290253
2220,22.2,-0.00010807014089736443,2.0018981322919998
2221,22.21,0.00017037097291111236,2.0018917664063167
2222,22.22,9.956937134963905e-05,2.0016912841557244
2223,22.23,-0.00023999146251544288,2.001761117003423
2224,22.240000000000002,-0.00024060845021216912,2.001889899458558
2225,22.25,4.341817500520827e-05,2.001695810350068
2226,22.26,0.0002916992799349306,2.001996565549929
2227,22.27,-0.00019946029480349012,2.001890890644167
2228,22.28,6.213293371220534e-05,2.001871372822176
2229,22.29,-5.444436147319715e-05,2.0018836217914173
2230,22.3,0.0001977428706295651,2.0017629211065207
2231,22.31,0.0004756676064818031,2.0019066902047036
2232,22.32,0.0001428257654737695,2.0019551354493137
2233,22.330000000000002,-2.6379093906918655e-05,2.00162615463785
2234,22.34,-0.00021934199274810157,2.0015234325509685
2235,22.35,0.00011680280086697037,2.001466865052641
2236,22.36,0.00025593591947016694,2.001210601579982
2237,22.37,0.0002062202507970533,2.001588805644254
2238,22.38,-0.0001551639499921887,2.0012316543938207
2239,22.39,-4.615039726486279e-05,2.0015692351004946
2240,22.400000000000002,6.819724352154818e-05,2.0014894098491167
2241,22.41,-7.23527499275451e-05,2.00145585650253
2242,22.42,0.00017327567035429591,2.001447139502464
2243,22.43,0.00014004246790690915,2.001159389574166
2244,22.44,0.00012495863329074433,2.0009650052406194
2245,22.45,4.2907123721292964e-05,2.001347745399084
2246,22.46,-0.0002561037779877168,2.0009995347600222
2247,22.47,-0.00017761472698256902,2.0007745682559697
2248,22.48,-0.0005660987350315624,2.000491464347547
2249,22.490000000000002,-0.00014054139073498397,2.0006868257967354
2250,22.5,-1.7412670536474965e-06,2.000296829951429
2251,22.51,0.00011852017689300416,2.0008617289028283
2252,22.52,-0.00028061046431790643,2.00051818309041
2253,22.53,-1.026898549059091e-05,2.0002551307759338
2254,22.54,-0.0003007565558848771,2.000337061698652
2255,22.55,6.436911396673922e-05,2.0003103621752856
2256,22.56,8.19779143907354e-05,2.0003994158329106
2257,22.57,-0.0003774092627498518,2.0008137866069804
2258,22.580000000000002,3.9354999721390045e-05,2.0004028275170747
2259,22.59,9.194123240409791e-05,1.9998580578199365
2260,22.6,9.151263674095498e-05,2.000478221240042
2261,22.61,8.335216126394082e-05,2.0003503990063223
2262,22.62,-8.801269499718462e-05,2.0001308190257667
2263,22.63,-0.00036653767598770977,2.000470987293483
2264,22.64,-0.0006717735766319993,1.9998649246078168
2265,22.650000000000002,0.0003251517082198318,1.9997634025524627
2266,22.66,-0.0001448858451732963,1.9996151349123974
2267,22.67,0.00011589848546836015,2.000042726984758
2268,22.68,9.84333923105937e-05,1.9993523823854709
2269,22.69,8.652235611991329e-05,2.00039029701716
2270,22.7,0.0001855686652509049,1.9996821128776512
2271,22.71,0.0004491428595360274,1.999559450577199
2272,22.72,8.961087973651576e-05,1.9996370717964496
2273,22.73,5.917617565040027e-05,1.9991579542085556
2274,22.740000000000002,-5.422467603517746e-05,1.999520595978728
2275,22.75,-0.00019809416514878137,1.9995709874447751
2276,22.76,-4.21236037207752e-05,1.9997419301496315
2277,22.77,-6.28449809321228e-05,1.9991536443715525
2278,22.78,-9.141785789935706e-05,1.9992543486864134
2279,22.79,-0.0003222727482023003,1.9995689833373957
2280,22.8,-0.000383649394879985,1.9998343674551007
2281,22.81,-0.00027730857885871474,1.999496128265045
2282,22.82,0.0006070890023059668,1.999364927968342
2283,22.830000000000002,5.5193710671577425e-05,1.9993241664820944
2284,22.84,-0.00017228027099814544,1.9992482437526031
2285,22.85,-0.00018566565969004904,1.9991583403293285
2286,22.86,-0.0005982840044952965,1.9994963868920896
2287,22.87,0.0006307731560160896,1.9990936723717356
2288,22.88,0.0001250051918730658,1.9990102197378001
2289,22.89,0.0003209361847335134,1.9989612403072965
2290,22.900000000000002,6.567962634849022e-05,1.9989372923394224
2291,22.91,-0.0001680260432630073,1.9991392682532225
2292,22.92,-4.5896218445878435e-06,1.9991727494366842
2293,22.93,8.812449364271423e-05,1.9992213847791462
2294,22.94,0.0003186479566603991,1.9989343820819279
2295,22.95,1.8908310542872283e-05,1.9990435436050995
2296,22.96,7.289836475798424e-05,1.9989349388124906
2297,22.97,4.0292847269671204e-05,1.999006509637226
2298,22.98,8.498620058309042e-05,1.9989738865054891
2299,22.990000000000002,0.00011024577795782831,1.9992110456795507
2300,23.0,9.214593509516534e-05,1.9988259587635628
2301,23.01,-4.342450543403209e-05,1.999220898857497
2302,23.02,-6.349427076116201e-05,1.9984147500884362
2303,23.03,-0.0002028801761254471,1.9991189792022526
2304,23.04,0.00022863742713490867,1.999285553834513
2305,23.05,-0.00027953871335198606,1.9988670322411453
2306,23.06,0.0002722259909358093,1.9991465736489662
2307,23.07,0.00019522224381239716,1.9990437452728764
2308,23.080000000000002,0.00015338732588560003,1.9987030282281515
2309,23.09,0.0006617278882468327,1.9989624401530701
2310,23.1,0.00012526748698909614,1.9991220952753412
2311,23.11,-9.210964136167923e-05,1.9989811320948618
2312,23.12,0.0002922247274808942,1.9988414447992073
2313,23.13,2.9533060579263922e-05,1.999058010091394
2314,23.14,-0.0002744062438047714,1.999015102984699
2315,23.150000000000002,-0.0003099889312813178,1.9991627058049
2316,23.16,-0.00011338541301847021,1.9988917679270182
2317,23.17,-3.6554756228722874e-05,1.9988383501652986
2318,23.18,0.0002742450329764639,1.9994639268849514
2319,23.19,-0.00016925726278066672,1.9990016165495643
2320,23.2,9.048107086191939e-05,1.9990559050978463
2321,23.21,-0.00025416269867724735,1.9990605305060136
2322,23.22,0.00023247608953697702,1.999105178195155
2323,23.23,-0.00040825831401921573,1.9994382918097213
2324,23.240000000000002,0.00034861124979974103,1.9992370836434288
2325,23.25,0.0005142124573840965,1.9991939157418097
2326,23.26,0.0004852158012355055,1.9993886218126433
2327,23.27,-1.5570624419476687e-05,1.9992327474805682
2328,23.28,0.0002784373303088561,1.999449309165579
2329,23.29,0.00040942981525682304,1.999057869889023
2330,23.3,0.0005553548341479431,1.9996550577886907
2331,23.31,-0.00014516500567889228,1.9993601889494106
2332,23.32,-0.000399943221382393,1.9995082650070402
2333,23.330000000000002,-4.7353357136941154e-05,1.9996145348695946
2334,23.34,-0.0004291242376650842,1.999714599866805
2335,23.35,-0.00032052784387578314,1.9998454247107549
2336,23.36,1.0538952070761593e-06,1.999347973761917
2337,23.37,0.00011482022649542513,1.9997540361590929
2338,23.38,-0.00025677200283895363,1.9995098355435381
2339,23.39,-0.0006959912691363547,1.9998530015524496
2340,23.400000000000002,-0.00020540762038160287,2.000222679554464
2341,23.41,-0.00021579719806284517,1.999904845371723
2342,23.42,-0.00023850065254508242,1.9999917410610575
2343,23.43,0.0001735505957103661,2.000187595457252
2344,23.44,0.00021117335101907675,2.000067321158391
2345,23.45,-0.00032821003696907955,2.0003188451673948
2346,23.46,-0.00040058322243271936,2.000193867820767
2347,23.47,-0.00023609949716215425,2.000247074313651
2348,23.48,-8.480817503665075e-05,1.9999445181277717
2349,23.490000000000002,0.00037184573062766393,2.000441136294374
2350,23.5,-3.5208750853484246e-05,2.000412124084058
2351,23.51,0.00013442457762355103,2.0005887729795857
2352,23.52,0.0002641048362212771,2.000314460446361
2353,23.53,0.00022638539720853975,2.000408037695249
2354,23.54,4.68632517983647e-05,2.0007455447732156
2355,23.55,-0.00027101719359125725,2.0006197773314227
2356,23.56,0.0004748697462693226,2.0007216790508044
2357,23.57,0.00042942152863622803,2.0008527783456382
2358,23.580000000000002,-0.0001313003656480581,2.001237047302729
2359,23.59,0.00019708082423467907,2.0008474941641445
2360,23.6,0.00011855393989100819,2.000606806969864
2361,23.61,-0.00020373760375400228,2.0007229638823616
2362,23.62,0.00015264657368647144,2.0008235195569295
2363,23.63,4.439823370358384e-05,2.0012213636228027
2364,23.64,0.0002521306732109093,2.0009882023196854
2365,23.650000000000002,3.173822925762492e-05,2.001076697164356
2366,23.66,-1.812499523208764e-05,2.0009846855477367
2367,23.67,-7.670599306254251e-05,2.0013109227580745
2368,23.68,0.00013918606281111259,2.0010503794373036
2369,23.69,0.0004317509177690839,2.0013683425715616
2370,23.7,-0.00041327100603105645,2.0012269497440047
2371,23.71,0.00032027750361508854,2.001709483699629
2372,23.72,0.00033167409181441166,2.001080515078739
2373,23.73,0.00015291280079940091,2.0012215889883733
2374,23.740000000000002,-3.4257543416944724e-05,2.0013601777476016
2375,23.75,0.0001118483432514268,2.0016424151353713
2376,23.76,-0.00024731145396451773,2.001599561825851
2377,23.77,0.0002579829903655335,2.0015952288951375
2378,23.78,-0.000482197949031827,2.00155310665545
2379,23.79,-0.00020456740825812905,2.001764544831313
2380,23.8,0.00020464971928690773,2.00202082064258
2381,23.81,-0.00017062396766275535,2.001735170830182
2382,23.82,0.0003818663462235047,2.0017451891999496
2383,23.830000000000002,0.000546242239883368,2.0017716400166137
2384,23.84,-0.0004316224838666678,2.0014930432934794
2385,23.85,8.729745059356597e-05,2.001760222992042
2386,23.86,-0.00012547818187826578,2.0014455422068083
2387,23.87,2.5740581344636917e-05,2.0019495212591765
2388,23.88,1.4933216093000098e-05,2.001923583159848
2389,23.89,1.108449830013693e-05,2.001653738343562
2390,23.900000000000002,0.00013084931676711083,2.0016870094301664
2391,23.91,-0.0002139003115515743,2.0017908840453003
2392,23.92,-0.0005337723395668571,2.0017929231845013
2393,23.93,-0.0001125099276659362,2.001768972239107
2394,23.94,0.00024372562230449388,2.001682261961894
2395,23.95,3.0046749664176846e-05,2.0020707218226605
2396,23.96,0.00012951300157620669,2.0017190121145108
2397,23.97,-0.0003389012417761586,2.00215568413401
2398,23.98,-1.2065879858013813e-05,2.0018646544231005
2399,23.990000000000002,0.00018310915885324096,2.00152459831605
2400,24.0,-0.00032104408880922385,2.0015102791952186
2401,24.01,-0.0001710647012385239,2.001029709983223
2402,24.02,0.00011339197581224969,2.0014250388791597
2403,24.03,7.447372303308935e-05,2.001470947540947
2404,24.04,0.00016303601581949787,2.00143413307047
2405,24.05,0.00013163648589489956,2.001212453159955
2406,24.060000000000002,-0.00017723163681116814,2.001705051247049
2407,24.07,-0.00028770033550297176,2.0009933796558874
2408,24.080000000000002,0.0004069288012516651,2.0010991826705085
2409,24.09,-0.00010638143346286449,2.001198601534163
2410,24.1,-0.00019173424032062304,2.0007831004535106
2411,24.11,0.0002503604188449297,2.000693838490616
2412,24.12,0.00038040581111385176,2.0011510306581832
2413,24.13,-8.787891187665333e-05,2.0011320467776197
2414,24.14,-0.00018644416452839936,2.000656413376744
2415,24.150000000000002,0.0005293268386336366,2.000400680027189
2416,24.16,9.091131678963944e-05,2.0011491876720333
2417,24.17,0.0003375784164579527,2.000673646811767
2418,24.18,0.00025293155503651243,2.0005964445908675
2419,24.19,-0.00017089274537374928,2.000515932318594
2420,24.2,-8.889484275985965e-05,2.0003632639712943
2421,24.21,0.00015438125692250287,2.000427709132548
2422,24.22,9.225545844289599e-06,2.0002644275802677
2423,24.23,-0.0005706352251379754,2.000600886990419
2424,24.240000000000002,-0.0008388346375946059,2.000224478156509
2425,24.25,9.302752379087583e-05,1.9999881029782471
2426,24.26,0.00019838417674178187,2.000354385836971
2427,24.27,0.00010566613226264475,2.0005491486428633
2428,24.28,-0.00011637323193024095,2.000278253320418
2429,24.29,-0.00010762469187256758,2.000174170323492
2430,24.3,-0.0005041271314284751,2.0003186769618866
2431,24.310000000000002,-0.0004963636247270235,2.0000152543355028
2432,24.32,-0.00041034773061887837,1.9998908444197672
2433,24.330000000000002,9.748981882456017e-05,2.0001052381867717
2434,24.34,0.00047429401059988614,1.9995924798289046
2435,24.35,0.0002700886645787582,2.0000443186254877
2436,24.36,-0.0002909558865354803,1.999825562912367
2437,24.37,-0.00021199968257067675,1.9996042791924422
2438,24.38,-0.00017666823091173239,1.9997856814841022
2439,24.39,-0.00015764528864476378,1.9995887871293725
2440,24.400000000000002,-0.00027101076737029016,1.9993609149382006
2441,24.41,0.00024627054500717533,1.9994775875535882
2442,24.42,-0.00022386034781533905,1.9995321745313133
2443,24.43,-5.630083050473919e-06,1.9998265145251246
2444,24.44,-8.120995823660091e-05,1.9993429500795712
2445,24.45,-0.0001076488410655159,1.9993226308400411
2446,24.46,-0.0002552025911636504,1.9992576751412447
2447,24.47,9.789692333988158e-05,1.9994476042181903
2448,24.48,-0.00032388325486025493,1.9992074126596233
2449,24.490000000000002,0.00010290406653891334,1.9993797655452574
2450,24.5,2.0022777140342644e-05,1.9993715083846286
2451,24.51,6.611611263790788e-06,1.9995700466193955
2452,24.52,-0.00014670933823090703,1.9997052063472323
2453,24.53,-0.00014351964072570423,1.9990738155239482
2454,24.54,-5.485970003822445e-06,1.9992661611073266
2455,24.55,0.00026198809627415325,1.9993585897860024
2456,24.560000000000002,-0.00023793838498692543,1.9986320978436252
2457,24.57,-8.187745553232891e-05,1.9990347190374078
2458,24.580000000000002,-0.00018854400478581472,1.9992126655687557
2459,24.59,0.0006143110864176319,1.9990894265460064
2460,24.6,-0.00028864100559606107,1.9986183921936167
2461,24.61,-6.89461043359683e-05,1.9990987454625737
2462,24.62,1.915705076690417e-05,1.998750204492263
2463,24.63,0.00024137754239234946,1.9991234661402348
2464,24.64,-0.00037680892318943155,1.9993775092134582
2465,24.650000000000002,0.00039097581938141824,1.9986113706570867
2466,24.66,0.00011754477326775527,1.9990025448759094
2467,24.67,0.0003581679807329484,1.9988962925857374
2468,24.68,0.00041798859633389063,1.9992084268361743
2469,24.69,-7.59571059313681e-06,1.9991004642385088
2470,24.7,-3.4762559414033106e-05,1.9993407787658717
2471,24.71,0.0004642322574479799,1.9988496129848814
2472,24.72,0.0004864485592066915,1.9986457222575582
2473,24.73,-0.0001426439878579957,1.998928825200956
2474,24.740000000000002,0.00035771005104443584,1.9988503279202379
2475,24.75,5.479203368164446e-05,1.9988123510637377
2476,24.76,0.00015714085310283992,1.9993970830168657
2477,24.77,0.00036261008476543336,1.9990757033708229
2478,24.78,0.0004842300392627126,1.9992471377478038
2479,24.79,-2.814096597339383e-05,1.9989493511876082
2480,24.8,-0.00011483136332616501,1.9993983411310916
2481,24.810000000000002,-0.00020449784856405582,1.9988956499764194
2482,24.82,0.0002889188207404223,1.9992577272152954
2483,24.830000000000002,-2.9746197704371006e-06,1.999010670452527
2484,24.84,-0.000208563609231916,1.999151450027723
2485,24.85,-0.00017709273274780265,1.999134802244658
2486,24.86,0.000441024548381238,1.999293175659278
2487,24.87,-0.000550055938720187,1.9991446852396961
2488,24.88,-0.00037978914429953354,1.999334409088853
2489,24.89,-0.0002472464523353601,1.9992533508178019
2490,24.900000000000002,0.0002496686974441264,1.9995574474107216
2491,24.91,-6.72194637289753e-05,1.9993969923128594
2492,24.92,0.00029335042407132244,1.999474650828011
2493,24.93,0.0003397081589130886,1.999989192423803
2494,24.94,0.00028479012559176224,1.999124954901613
2495,24.95,-5.538892460481697e-05,1.9993735811220965
2496,24.96,-0.0001565556067853074,1.999322828624606
2497,24.97,-0.00040177119747833315,2.0000206176740196
2498,24.98,0.00013160212876397066,1.999453656515886
2499,24.990000000000002,-7.346855620422378e-06,1.999678065978771
2500,25.0,-5.3905468507552686e-05,1.9999373118057207
2501,25.01,0.000582669393603429,1.9994533168777455
2502,25.02,0.0004462805537970163,1.9996911136152606
2503,25.03,-0.00012549003774736802,1.999803139386919
2504,25.04,-3.4058201037956754e-05,1.9994495540292159
2505,25.05,-0.00033286325551496024,1.9996566659550876
2506,25.060000000000002,-0.00023716039212528123,1.9999471891521827
2507,25.07,0.0003904158814904461,2.0000436499686463
2508,25.080000000000002,0.000423800296890644,1.999980127641232
2509,25.09,-0.0002619594845804334,1.9997188151220853
2510,25.1,-7.247716920785243e-05,2.000471520356577
2511,25.11,0.00036635157812048806,2.0002720927399964
2512,25.12,-0.00030132107886692353,1.9998795334788673
2513,25.13,-0.0002640824791234938,2.000343212300919
2514,25.14,0.0007604514190819922,2.0004411372691173
2515,25.150000000000002,-0.00029084510233432246,2.0004367536776844
2516,25.16,-0.00012990309059540317,2.000585049387293
2517,25.17,-0.00034016782103906274,2.0005117822806233
2518,25.18,2.7322605603718612e-05,2.0004858686299944
2519,25.19,-0.0004929703440553433,2.000635400722054
2520,25.2,0.00013610359316087854,2.000652083950603
2521,25.21,-5.736652381625047e-05,2.0005759178853677
2522,25.22,-9.167023268608337e-05,2.0006124051094276
2523,25.23,-0.0003409684142439275,2.0005450939609672
2524,25.240000000000002,-0.0001677762932592792,2.001017404944423
2525,25.25,-1.692549907116267e-05,2.000668692762583
2526,25.26,-0.00021269244276727494,2.0006407641778425
2527,25.27,-0.00037769500240168903,2.0011824229222923
2528,25.28,0.00012902428494118964,2.0011720665994424
2529,25.29,0.00026138869913308913,2.0009010187376073
2530,25.3,0.00032696609024212485,2.000859295333736
2531,25.310000000000002,0.00019175222233729083,2.0008617002860793
2532,25.32,-0.0002717664867204217,2.001117393909113
2533,25.330000000000002,0.0006564083539700011,2.001600411783962
2534,25.34,-7.665236738374903e-05,2.0011564297910156
2535,25.35,-0.00023807775861701085,2.001800226170313
2536,25.36,-0.00017747231734820045,2.0014235562491787
2537,25.37,-0.00026954015248839585,2.001403004752571
2538,25.38,0.0001784175471070704,2.001353880335262
2539,25.39,7.627077473736287e-05,2.0013880284934085
2540,25.400000000000002,0.00022111090611815672,2.0014727829276904
2541,25.41,0.0003005984238231192,2.0014516660803046
2542,25.42,0.00043878945184568026,2.00165261291434
2543,25.43,-0.00023866473753129597,2.0014733109371994
2544,25.44,-7.348219617522694e-05,2.001491745021414
2545,25.45,6.215291464888262e-05,2.001602987879615
2546,25.46,-7.453547646439324e-05,2.001497984699751
2547,25.47,0.00019371596797944444,2.0016274948724186
2548,25.48,-0.00010591847777281897,2.0016626761575016
2549,25.490000000000002,-0.0007015197845480425,2.00153321770328
2550,25.5,0.00014096015643603687,2.002267191826289
2551,25.51,7.87708180613425e-05,2.001745050626125
2552,25.52,-0.0001564474037908049,2.0015620527499087
2553,25.53,0.0005712787048206252,2.001306452072382
2554,25.54,-0.00011369177741429851,2.001661153942358
2555,25.55,-0.00026366209273904383,2.001887759700219
2556,25.560000000000002,4.4205416541391e-05,2.0017657590562536
2557,25.57,-0.0002227083458530489,2.0017557109872866
2558,25.580000000000002,0.00015210103892014318,2.001593339614314
2559,25.59,0.0001890721686129047,2.0016891762210105
2560,25.6,-0.0004956987671169651,2.001734369537216
2561,25.61,-0.00036369072555593717,2.0016355242687176
2562,25.62,0.00031698349522431485,2.001541464104189
2563,25.63,-0.00030877362319504037,2.001829529909832
2564,25.64,-0.0001231076015528948,2.0014814268719996
2565,25.650000000000002,-0.0002520341869630874,2.0018809659630543
2566,25.66,0.00030904157449002963,2.001041850702906
2567,25.67,-4.812500225510145e-05,2.0016971577033416
2568,25.68,-5.426130122333241e-05,2.0014910087360787
2569,25.69,-3.266581980828288e-05,2.0015705636632526
2570,25.7,-8.100955834319791e-05,2.0014586141493176
2571,25.71,-0.00013031971389127929,2.0010543500898996
2572,25.72,-0.00015587198565563578,2.0010777221380223
2573,25.73,-0.0006231653417477069,2.0011969677867
2574,25.740000000000002,-1.9239880390570054e-05,2.0012689419740055
2575,25.75,-0.00013213647652268463,2.0010202436482354
2576,25.76,0.0005215514026235245,2.0011799820490097
2577,25.77,-0.00020998402373159227,2.0006858622969164
2578,25.78,-0.00014201248399134766,2.0010073568172824
2579,25.79,0.0004731254722777588,2.001107589740012
2580,25.8,-0.0003584187466885804,2.0009629046720296
2581,25.810000000000002,-0.00019939196482638054,2.000350418608487
2582,25.82,-0.00017965116577422656,2.0006945640130884
2583,25.830000000000002,0.00027005139861163734,2.000507707512927
2584,25.84,-0.00045533323878436667,2.0006624416775662
2585,25.85,0.0001306177321964446,2.0004130767314052
2586,25.86,0.00040625474254290156,2.000360186546569
2587,25.87,0.00013625445758252684,2.000954389771796
2588,25.88,0.00020597262348792097,2.0003371342656275
2589,25.89,-0.00020816338922803696,2.000248656054988
2590,25.900000000000002,-0.00010122508306844559,1.9999962458888596
2591,25.91,-2.8175726654087313e-06,2.000520382100942
2592,25.92,-0.0004342647614446223,2.000180780684733
2593,25.93,0.0007240576033507664,1.9999950293310402
2594,25.94,0.00018835076870719693,1.9998888721481998
2595,25.95,0.00013681193321426417,1.9999687103508337
2596,25.96,0.0001619232286275897,2.000120517965714
2597,25.97,-0.00023768609729393035,2.000086979241137
2598,25.98,-0.0001281940542250432,1.9998698872580147
2599,25.990000000000002,3.0824516653448114e-05,1.9997302568472481
2600,26.0,0.00012364948743205949,1.9998374154931493
2601,26.01,0.00025854335752424265,1.9998109833741482
2602,26.02,1.0371827637603526e-05,1.9997114937118656
2603,26.03,0.0005190489400481409,1.9993615441057826
2604,26.04,0.00022572906373984994,1.999262017739787
2605,26.05,-0.0004018823852278326,1.9996318261487558
2606,26.060000000000002,-2.959850326604441e-05,1.9995517487915757
2607,26.07,5.254385118072028e-05,1.9991864321133428
2608,26.080000000000002,-0.00022033503732980488,1.9997444464242111
2609,26.09,-0.00040029958027984627,1.9992561486690266
2610,26.1,6.114514729944875e-05,1.9990317764226608
2611,26.11,0.00045185685235650313,1.99926589975335
2612,26.12,-0.00027642140549445426,1.999122244180354
2613,26.13,0.00019212352146153293,1.9994395912446656
2614,26.14,0.00017526594016068042,1.999510379772264
2615,26.150000000000002,0.00011342830249103512,1.9989421367711324
2616,26.16,2.6961571729321317e-05,1.9988716403477662
2617,26.17,0.00026668764693975246,1.9989149235949701
2618,26.18,0.0003125895367844276,1.9988797357827188
2619,26.19,-0.000470780490961563,1.9989797108466467
2620,26.2,0.00017442765962830218,1.9992390093631678
2621,26.21,-0.00026245154789619356,1.999058709725118
2622,26.22,-0.00022777668475562604,1.9986817484211412
2623,26.23,2.8934319923539318e-05,1.9990500921630951
2624,26.240000000000002,-2.826984215018164e-05,1.9987478283460869
2625,26.25,6.321581379881672e-05,1.9986968967247583
2626,26.26,-0.00019456037790117585,1.9986148123399587
2627,26.27,0.0005344498210238868,1.9989332054238622
2628,26.28,-0.0006537180864509631,1.9989277050257983
2629,26.29,0.0004545154958249322,1.9987472054525064
2630,26.3,-0.00023991369642897982,1.9988848696468797
2631,26.310000000000002,-0.0004115328014865735,1.9989564503678272
2632,26.32,0.0003058203826033529,1.999203267324415
2633,26.330000000000002,7.944028390124322e-05,1.998723340036664
2634,26.34,-8.29122706161426e-05,1.9988684379986148
2635,26.35,-0.0004706980476070643,1.998460473953643
2636,26.36,0.0004930884482905873,1.9988717142327885
2637,26.37,0.00022972168400078345,1.9990451811228709
2638,26.38,0.00017372676129959777,1.9985466609395997
2639,26.39,1.2411072914091511e-05,1.9985718558078804
2640,26.400000000000002,-0.00019878910891860395,1.9991056104519416
2641,26.41,0.0001332702660636309,1.9987705663437552
2642,26.42,0.0001356458979263461,1.998597661499746
2643,26.43,7.905253559154109e-05,1.9991170036696793
2644,26.44,0.0002722696648519567,1.998842691374305
2645,26.45,0.0002821227803724125,1.998958057799723
2646,26.46,0.00018100847309590736,1.9989608585733767
2647,26.47,-0.00027497930573527516,1.9988999148409377
2648,26.48,6.479544878903899e-05,1.9988760437796813
2649,26.490000000000002,0.000305533501372405,1.9992235305775268
2650,26.5,0.00047974231243702364,1.9993475493798645
2651,26.51,-0.00044619760336714,1.9990714192405155
2652,26.52,0.00011876840031458444,1.999125554752534
2653,26.53,0.0006079389228901955,1.9987867821328693
2654,26.54,0.00016657724314487197,1.9993407008785522
2655,26.55,0.00023281794196162563,1.9991945123219022
2656,26.560000000000002,-0.00023296148082101566,1.9985880471133708
2657,26.57,0.00037348769790065533,1.9992295808296972
2658,26.580000000000002,7.710704080491162e-05,1.9990490295057866
2659,26.59,-0.0006030580244086309,1.999481980388937
2660,26.6,-0.0001775254401889565,1.9994246095891435
2661,26.61,6.920175101698832e-05,1.9995776110394292
2662,26.62,-0.0003342046484195644,1.999056998826989
2663,26.63,-0.0003798381265824385,1.9988919368795708
2664,26.64,0.00027855455236234074,1.9998381726213936
2665,26.650000000000002,1.933057693043303e-05,1.9990179936914783
2666,26.66,-9.42100053325387e-05,1.9993164461880482
2667,26.67,-0.00014829798511380263,1.9995614730805065
2668,26.68,-0.00043183265893517964,1.9993791252223319
2669,26.69,0.00025657780336307037,1.9993466182303263
2670,26.7,-0.0005012513731773926,1.9994310893374945
2671,26.71,0.0002084200822767506,1.9998666887041776
2672,26.72,6.762350689823004e-05,1.999624115892131
2673,26.73,0.00017678026442450706,1.9999956638949197
2674,26.740000000000002,-0.0001498761159670033,1.999498342451978
2675,26.75,-0.00022202328550296525,2.000130227093217
2676,26.76,0.000574221640014078,1.9998085129231036
2677,26.77,0.00019067605034532725,2.000126673478361
2678,26.78,-0.00031125647447255336,2.000463232358705
2679,26.79,-5.425785303306084e-05,1.9996708054048618
2680,26.8,-0.0001670694537310526,2.0000774924024167
2681,26.810000000000002,-9.008529304668584e-06,2.000228527628919
2682,26.82,-0.00039145707428726856,1.999821335958477
2683,26.830000000000002,7.137915328411981e-05,2.0004635017518213
2684,26.84,0.00015577920431966605,2.000250106756921
2685,26.85,0.0008307596861981529,2.0005093374403535
2686,26.86,-0.0001129557093767173,2.0000749835858143
2687,26.87,0.00021599527376451935,2.0006922616171408
2688,26.88,-6.882343710817748e-05,2.000861930735585
2689,26.89,0.000195188933617021,2.000823827638732
2690,26.900000000000002,0.00023768261973530384,2.0006988576132825
2691,26.91,0.00010377992730174747,2.0008197763962774
2692,26.92,0.0001828734826003033,2.001017993517338
2693,26.93,-4.546274545307176e-05,2.0012522396309205
2694,26.94,0.0004049740002083608,2.0010671293491944
2695,26.95,0.00010605665868209495,2.0012150073881108
2696,26.96,7.864775106253056e-09,2.001093269886639
2697,26.97,0.0002267768005597476,2.0010801894734467
2698,26.98,8.155862812057273e-05,2.0011089331212997
2699,26.990000000000002,2.265523520586087e-05,2.0009914091182726
2700,27.0,0.00013398459985191195,2.0011769886172743
2701,27.01,0.0002380587183829534,2.0013033596917547
2702,27.02,0.0003438093721187963,2.001814884339172
2703,27.03,0.00011171749376025262,2.0015653157036755
2704,27.04,7.525505405201723e-05,2.0011397153476964
2705,27.05,-0.00011721118859156421,2.0011693814587574
2706,27.060000000000002,-6.722229022703758e-05,2.001286115487197
2707,27.07,-8.002832841097891e-05,2.001840347360179
2708,27.080000000000002,0.00022045674900942925,2.0013119562810786
2709,27.09,0.0003831555292539629,2.0016562751188904
2710,27.1,-6.655303768932474e-05,2.001529108622164
2711,27.11,-0.00021916604648699434,2.001965661302152
2712,27.12,0.0004495751109113052,2.0020462180169782
2713,27.13,0.00016773121480838778,2.0012974329346473
2714,27.14,8.565414175898471e-05,2.0019848552540473
2715,27.150000000000002,0.0002749986814965551,2.0018371038074614
2716,27.16,0.0004541034253274641,2.001524551942559
2717,27.17,-0.00025017163900974756,2.002165195454092
2718,27.18,-0.0001908402416946489,2.0021424127114984
2719,27.19,-0.0002505015266060152,2.0023921618641563
2720,27.2,5.942639792126056e-05,2.0019321954364875
2721,27.21,-0.0002133843815905801,2.002051802522061
2722,27.22,5.2662543501889495e-05,2.0023371826549927
2723,27.23,0.00033848839553722295,2.001855084465851
2724,27.240000000000002,7.419500504303819e-05,2.00240306543875
2725,27.25,0.00010498544097703937,2.0022781546363864
2726,27.26,-0.00018610256349973605,2.0017709135317974
2727,27.27,-0.00014994440304184745,2.0020500391771123
2728,27.28,-7.758452394222086e-05,2.0020222874232814
2729,27.29,-0.00013386262707098233,2.001673596109414
2730,27.3,0.000405557506707984,2.0014963725999064
2731,27.310000000000002,0.00013149737254985032,2.0019750429599905
2732,27.32,-0.0001929552282505449,2.001786319474758
2733,27.330000000000002,0.0002810730417019345,2.0019395618740896
2734,27.34,7.826779647786846e-05,2.0017806757062595
2735,27.35,-0.0001466717259484312,2.001863540392757
2736,27.36,0.00014161548080057158,2.0019217567948058
2737,27.37,-0.00028335128562565864,2.0016560696423302
2738,27.38,0.00011624240914493865,2.0015335420271696
2739,27.39,0.0005184017882203246,2.001361490341064
2740,27.400000000000002,-0.0001582493390432014,2.0015104811133697
2741,27.41,8.274450737303344e-05,2.0010552581870282
2742,27.42,-9.673894774883413e-05,2.0012574702445916
2743,27.43,0.00014465286212791194,2.0014672436000716
2744,27.44,-3.690806390805037e-05,2.001486316209901
2745,27.45,-0.00034450183301963476,2.0012242198969106
2746,27.46,-0.0002236809543644454,2.0008792297441196
2747,27.47,0.00022875304354120176,2.0011961297630867
2748,27.48,-0.00041696469183052145,2.0014390129859945
2749,27.490000000000002,-0.00010244895082326808,2.0012097690522577
2750,27.5,-0.0004280735959391938,2.000934828676328
2751,27.51,-5.489764326107279e-05,2.0005078832766485
2752,27.52,8.080400457268681e-05,2.0009959578628127
2753,27.53,-3.835395215347649e-05,2.000388447050888
2754,27.54,-1.1151279639951695e-05,2.0008580002777476
2755,27.55,-0.0002880738910253867,2.000574815630931
2756,27.560000000000002,0.00011919205634644156,2.000492782798695
2757,27.57,2.879897738764288e-05,2.000411793033722
2758,27.580000000000002,-9.407485572771747e-05,2.0006021575182213
2759,27.59,-0.0007876297394100701,2.0001698425593544
2760,27.6,4.344575446507538e-05,2.0007549131123863
2761,27.61,0.0006549663740141119,2.0004060355758604
2762,27.62,8.184670539681814e-06,2.000524344675546
2763,27.63,0.00016367469813378228,1.9999254917168645
2764,27.64,-0.0001774663242134199,2.000114344735701
2765,27.650000000000002,-8.16524418169623e-05,1.999938895173364
2766,27.66,-0.0002753836116253549,1.9999243966305684
2767,27.67,0.0002746679313361027,1.9995025863002893
2768,27.68,-7.446152706222452e-05,1.9996999334078502
2769,27.69,0.0004580630737270774,1.9994951163033148
2770,27.7,0.00018058770199405437,1.9993400738285068
2771,27.71,0.0004611606532209123,1.9996519076920949
2772,27.72,-8.387652751769841e-05,1.9996423961239937
2773,27.73,0.00016318001570107433,1.9992780192577095
2774,27.740000000000002,-0.00016639285447706155,1.9992668370932443
2775,27.75,0.00024119183581342187,1.999785453186948
2776,27.76,0.00015187485932378582,1.9991949354308254
2777,27.77,0.00011468959594207425,1.999529905240268
2778,27.78,-0.0002044431283223103,1.9993074772494395
2779,27.79,0.0003007528152728448,1.9994657421626354
2780,27.8,-0.00029729398464923196,1.9993549220144007
2781,27.810000000000002,0.00020111066638051916,1.9992411198499485
2782,27.82,-5.557172872154442e-05,1.9990770079293607
2783,27.830000000000002,-0.00023664517711047934,1.998456884816791
2784,27.84,1.7328000354307442e-05,1.9990997571339963
2785,27.85,-1.8793679190840877e-08,1.9988311307428461
2786,27.86,-0.0002451411221863595,1.999087406519453
2787,27.87,0.00010964134486045221,1.9987489521558561
2788,27.88,0.00018167531472588057,1.9993084902078067
2789,27.89,6.381945748485582e-05,1.9988146251504342
2790,27.900000000000002,-0.0002573847593578868,1.998724497658167
2791,27.91,3.51556585136811e-05,1.99865795740415
2792,27.92,-8.43346844962024e-05,1.9988565045239686
2793,27.93,5.7760372054469646e-05,1.9990073385444207
2794,27.94,-0.0002739972223334727,1.9988405009794996
2795,27.95,-0.0001534006256756037,1.99864144917164
2796,27.96,0.00019522504416071446,1.9986427993175708
2797,27.97,-9.671640089974789e-05,1.9988658301220903
2798,27.98,0.0001343537763025941,1.9985789151462174
2799,27.990000000000002,0.0001384995651300769,1.9984994792617259
2800,28.0,0.0003234811557472179,1.9984521282488683
2801,28.01,-0.00010679350280764614,1.9985560913987592
2802,28.02,5.022035231264046e-05,1.9983882464522196
2803,28.03,0.0002542083121238329,1.998584960496565
2804,28.04,0.00030064750172564017,1.9987104592951657
2805,28.05,-9.395548114970221e-05,1.9987194532584174
2806,28.060000000000002,-1.8685218587934325e-05,1.9985188898932431
2807,28.07,-3.24433982696555e-05,1.9985726286356043
2808,28.080000000000002,0.00011763745522619741,1.9984892259972173
2809,28.09,-0.0002643726705184198,1.9987882302657376
2810,28.1,4.347774209256161e-05,1.9983585322955009
2811,28.11,0.00011121927907060691,1.9988708097894523
2812,28.12,0.00012996255282328963,1.998454767803355
2813,28.13,-8.267209820088653e-05,1.998527379588531
2814,28.14,0.0001679517692038192,1.9990671708242362
2815,28.150000000000002,-0.0003086799724161571,1.9985471013318898
2816,28.16,0.00021547095786885866,1.9988662870364498
2817,28.17,3.782492972472081e-05,1.998876241473997
2818,28.18,-0.0002234135341643251,1.9984608718899277
2819,28.19,0.0003630915435699853,1.9990256549553134
2820,28.2,8.835790126081498e-05,1.9987773043954862
2821,28.21,6.895693381736063e-05,1.9988694144717671
2822,28.22,0.00010178931551298592,1.998765712078621
2823,28.23,0.00012828660922519067,1.998701415896001
2824,28.240000000000002,-0.0003399481617715665,1.9990481851104316
2825,28.25,0.00016524155459036552,1.9990284821708195
2826,28.26,4.417941420312442e-05,1.9989652727028588
2827,28.27,7.239229362551731e-05,1.9988229812464826
2828,28.28,-4.233832698983489e-06,1.998891750151678
2829,28.29,0.0001138121607317295,1.9994397708263765
2830,28.3,0.00014780784106001706,1.9993171371112268
2831,28.310000000000002,0.0001106025366734096,1.9991568403765672
2832,28.32,6.82721582860223e-05,1.9994154825234554
2833,28.330000000000002,0.00043232863192591996,1.9992811582398216
2834,28.34,-1.9615351702660882e-05,1.9995541036979199
2835,28.35,-0.00028549641803850273,1.9994748890376637
2836,28.36,-0.0004030643462570699,1.9992012737440048
2837,28.37,-0.00021773838213869044,1.9992977804131267
2838,28.38,5.274528637324482e-05,1.9994337188521307
2839,28.39,-0.0008436875268937779,1.9994958802666207
2840,28.400000000000002,-1.6356760535663507e-06,1.9994609995716028
2841,28.41,-0.0005650592468750158,1.999493742230286
2842,28.42,0.0001529353612593779,1.9996386446353576
2843,28.43,-5.1954861186248857e-05,1.999831836467375
2844,28.44,0.0002371798665197129,1.9999288853992758
2845,28.45,0.00014654803565084668,1.9996137998372678
2846,28.46,-0.0002811922862399376,2.0001293427297555
2847,28.47,-0.00038197487649783746,2.000013330656093
2848,28.48,7.640439001581022e-05,2.000076533461695
2849,28.490000000000002,-0.0003075068826285133,2.0000944753566485
2850,28.5,-0.0008113068380294668,2.0002254869207055
2851,28.51,-0.00011830853340128552,2.000135692438174
2852,28.52,5.781853604951118e-06,2.0003325347841976
2853,28.53,5.412043321388621e-05,2.0008333093922186
2854,28.54,-5.946169900506112e-05,2.0003713911994003
2855,28.55,-0.00040407086163959173,2.000263520550918
2856,28.560000000000002,-0.0003611515754700958,2.0007813804727217
2857,28.57,-0.00047743511796975664,2.000690914166456
2858,28.580000000000002,-0.00010303575786762297,2.0007203233875797
2859,28.59,0.0004887113917993849,2.000369219877731
2860,28.6,-0.0002123925058030619,2.0007287803076554
2861,28.61,6.920290474278036e-05,2.0009872485103224
2862,28.62,-0.0001387679816714482,2.0007334596711632
2863,28.63,0.0003922396662656402,2.0012878971453527
2864,28.64,0.0007282963414517215,2.0012464479405074
2865,28.650000000000002,0.0005446040477170608,2.0011507695088295
2866,28.66,-3.2468017432936776e-05,2.000867150963697
2867,28.67,-2.9979122067847955e-05,2.0009241646198603
2868,28.68,-0.0004773217462790048,2.001074220234644
2869,28.69,-0.00026218140910433017,2.0014891509037356
2870,28.7,-0.00032364095728855017,2.001766556161363
2871,28.71,0.0001888580523323538,2.0017640420703504
2872,28.72,3.417554743099624e-05,2.0013766945863942
2873,28.73,0.00025881773219834866,2.001787598526613
2874,28.740000000000002,-0.00021641331272361002,2.0018323328251526
2875,28.75,-0.000498197502335112,2.0016900216579483
2876,28.76,0.0002054077811145708,2.001932774861772
2877,28.77,-7.047806413655881e-05,2.001886886532039
2878,28.78,-6.240842394009283e-05,2.0022413626591535
2879,28.79,-9.87182041120642e-05,2.001809591069795
2880,28.8,7.815891043453102e-05,2.00214029970569
2881,28.810000000000002,-0.00023878850833655615,2.0021788191706875
2882,28.82,0.00041571183640209134,2.0022318678717284
2883,28.830000000000002,0.0005262588134527564,2.001988747029882
2884,28.84,2.3382706325124735e-05,2.002127291144843
2885,28.85,-0.00022144174234864334,2.0020343678121026
2886,28.86,0.00019778606596479518,2.0023040091576645
2887,28.87,-5.845890492242123e-06,2.001958134922573
2888,28.88,-0.0003952836477915642,2.0022821065646226
2889,28.89,-0.0002633231938070465,2.002209403667104
2890,28.900000000000002,-0.00012524969598156876,2.0021585482178677
2891,28.91,0.00022979917953975008,2.002447500698541
2892,28.92,0.00013568753154895273,2.002132394054392
2893,28.93,0.0002909002436720862,2.001854913562822
2894,28.94,0.0002617975469823915,2.002320632124186
2895,28.95,0.00019840553222288845,2.0025534954806052
2896,28.96,-0.00033200653766477455,2.0021241891201487
2897,28.97,-0.00011363143499892914,2.00238609706039
2898,28.98,-0.0004652794448401728,2.0018999640139707
2899,28.990000000000002,-0.0002850352276496274,2.0021242247317255
2900,29.0,-0.00010979954744515519,2.0021652684614484
2901,29.01,9.500301949710464e-05,2.0020613788726895
2902,29.02,-0.0004445523913556184,2.001769124105335
2903,29.03,0.00025255255185350567,2.002377375931787
2904,29.04,-0.00019252896147350986,2.002073552791236
2905,29.05,-0.00023015723912212205,2.002051643869449
2906,29.060000000000002,-0.00025715838958430937,2.00201460339588
2907,29.07,-0.00013509213574477752,2.001920215351053
2908,29.080000000000002,-0.00016025207263004856,2.0015267562555334
2909,29.09,3.405478007759717e-05,2.0014787374373673
2910,29.1,0.00022652269159346953,2.0019317721789154
2911,29.11,1.5546304880820737e-05,2.00153702442339
2912,29.12,0.00032980736833091063,2.0013644076671615
2913,29.13,-0.00044309673258249746,2.0018130347652234
2914,29.14,0.0002916119704253314,2.0015060353556025
2915,29.150000000000002,0.00025843826867958584,2.001855014032272
2916,29.16,-0.00036257752609698905,2.0014063215073414
2917,29.17,-0.0002866359183731968,2.0014800279463993
2918,29.18,-3.340929231125899e-05,2.001598788867763
2919,29.19,-0.0002968534012187227,2.001522256062929
2920,29.2,0.0003926389650778719,2.0012438888248423
2921,29.21,-0.0003270450651351037,2.0014746303988877
2922,29.22,0.00019082617845836205,2.001147903148754
2923,29.23,0.0004274728267183457,2.0013956099001726
2924,29.240000000000002,6.495640408045411e-05,2.0012907871291374
2925,29.25,-0.00039776449415988185,2.001175093506639
2926,29.26,-1.9597736138762102e-05,2.000922996422375
2927,29.27,0.0001045624693656063,2.0014860980619016
2928,29.28,0.00016482445944339248,2.0011173068531134
2929,29.29,1.6948628587868254e-05,2.0007561949757577
2930,29.3,2.3161870502517685e-05,2.001087223572982
2931,29.310000000000002,-6.513369675977539e-05,2.0012625975885694
2932,29.32,0.00025415409270879505,2.000861293736949
2933,29.330000000000002,0.00011060863910317066,2.000833417566899
2934,29.34,-0.0002678122680985386,2.000921704152561
2935,29.35,0.00029994805799778975,2.000887603845791
2936,29.36,0.00017172298934594693,2.0013538740040544
2937,29.37,-6.716063941158665e-05,2.0007331373380337
2938,29.38,2.71633768948699e-05,2.000739272938431
2939,29.39,-0.00011498487496175548,2.0008935175857134
2940,29.400000000000002,-0.00016754621384489963,2.000788133746099
2941,29.41,8.628558414154159e-05,2.001116876585934
2942,29.42,0.00043983617883995303,2.00107366824291
2943,29.43,0.00013836753383719813,2.0007958457840975
2944,29.44,-0.00019573039193285222,2.0009261809542753
2945,29.45,0.0003440021144057354,2.0006818284275525
2946,29.46,7.051284330245962e-05,2.0009569240412155
2947,29.47,0.00046824380776122463,2.0004872145918946
2948,29.48,0.00016250165534349159,2.0005452577633287
2949,29.490000000000002,-0.00010830601569027515,2.000550631001108
2950,29.5,-0.0005784227756011531,2.0007013072379727
2951,29.51,-0.00035511000430162644,2.000445595358246
2952,29.52,1.7177057647956767e-05,2.0007571267497557
2953,29.53,-9.273692192827626e-05,2.0005634549614513
2954,29.54,-4.560330111312746e-05,2.000504516795782
2955,29.55,-4.1945182638132935e-05,2.0006662467173175
2956,29.560000000000002,-0.00013392459675147723,2.0006590256774515
2957,29.57,0.00012113652183465723,2.00057104171909
2958,29.580000000000002,0.0004013943601138375,2.0005484968494804
2959,29.59,0.00018326380729323267,2.000260068631726
2960,29.6,-0.0004852328427450936,2.0008606060753333
2961,29.61,-6.501039461935995e-05,2.0005453904043096
2962,29.62,-0.0003954755822453227,2.0005178981596767
2963,29.63,-8.491639970330124e-05,2.0005884927625806
2964,29.64,8.264435527362983e-05,2.0004542170785076
2965,29.650000000000002,8.150735775512794e-05,2.0004325189076777
2966,29.66,-0.0003293327152159965,2.0007744220191555
2967,29.67,0.00026707965834683607,2.0004523296121155
2968,29.68,-0.00043032620527933484,2.0006855004656545
2969,29.69,-0.0003777405443539431,2.0007227959822176
2970,29.7,-4.0203370722653315e-05,2.000814681539716
2971,29.71,4.564129485251774e-05,2.0003428223426245
2972,29.72,-0.0005376201343612677,2.001015672845752
2973,29.73,-3.230349751030387e-05,2.0005675558480447
2974,29.740000000000002,0.0007347758569267557,2.000314946910745
2975,29.75,5.9389721075748295e-05,2.000667080194954
2976,29.76,-8.74862767998023e-05,2.000199924963957
2977,29.77,-0.0004216950717795733,2.0002640398119635
2978,29.78,0.00020931056200954924,2.0003378414507487
2979,29.79,0.0001336688988135266,2.0003120952397215
2980,29.8,4.845537230744738e-05,2.000420132023469
2981,29.810000000000002,0.0001809418922223586,2.000374960480717
2982,29.82,8.711933790032743e-05,2.000565791835144
2983,29.830000000000002,-0.00014054065165473823,2.0003853092966684
2984,29.84,0.00039845710774170473,2.00065538748966
2985,29.85,-0.00038046555004199066,2.000398891099211
2986,29.86,-0.0003146857152881308,2.0006061360513114
2987,29.87,-0.0004991258889179445,2.00051268925171
2988,29.88,-8.201829342555646e-06,2.0011821014420184
2989,29.89,0.0001635874652183357,2.000547926493273
2990,29.900000000000002,-0.000189757179051911,2.000481506360982
2991,29.91,-0.0002847703420080825,2.000905607563829
2992,29.92,0.00019057029101192751,1.9998377978378186
2993,29.93,0.0003103110979228644,2.0001397449117913
2994,29.94,9.060283766354115e-05,2.000433574439153
2995,29.95,4.9053570142380484e-05,2.0006096149294055
2996,29.96,-5.482794949004581e-05,2.000300226054089
2997,29.97,-0.0002946934343324377,2.000197484693046
2998,29.98,0.0004130179577701451,2.000229037869912
2999,29.990000000000002,-9.357507930417618e-05,2.0001754926396975
