,t,x,y
0,0.0,0.9996937750222957,3.000006140072193
1,0.01,0.9615568742924897,2.941627162717683
2,0.02,0.9255646184355779,2.8880337054824845
3,0.03,0.8928551825506321,2.836923783226033
4,0.04,0.8626354010178785,2.78969575040135
5,0.05,0.8330069735552972,2.744704227518928
6,0.06,0.8070303991118071,2.7026293072617245
7,0.07,0.7814170927194102,2.6630371807266293
8,0.08,0.7580049623797993,2.625457119411078
9,0.09,0.7356824737159748,2.590562254858405
10,0.1,0.7149088408244871,2.5566130799362927
11,0.11,0.6949185173479009,2.524865167433178
12,0.12,0.6763673128468172,2.495186703472649
13,0.13,0.6587376595142933,2.4667836479389558
14,0.14,0.6423257800468567,2.4394041599762066
15,0.15,0.6268784530712783,2.413933038608065
16,0.16,0.6125982615262229,2.3898966311259815
17,0.17,0.597838534640634,2.3670061704073624
18,0.18,0.5847000595189247,2.344470036478029
19,0.19,0.5722779217152326,2.323942150692973
20,0.2,0.5599363557847105,2.3037201037987676
21,0.21,0.5489842552053802,2.284658200958831
22,0.22,0.5371949975126555,2.2658305548160693
23,0.23,0.5264096116456585,2.247947370365583
24,0.24,0.516018397954453,2.230807762889074
25,0.25,0.5057571052048305,2.214624837406656
26,0.26,0.4957739224608036,2.1991661168301384
27,0.27,0.4874936783307799,2.18429652854971
28,0.28,0.47833960951903726,2.1694298242801464
29,0.29,0.46972793354074177,2.156067839501465
30,0.3,0.46131032991566945,2.142431638009501
31,0.31,0.4531195899661197,2.129671404053973
32,0.32,0.4457441299794403,2.117677646674804
33,0.33,0.4385906539756456,2.106285534198825
34,0.34,0.43107415230877133,2.0952301498414863
35,0.35000000000000003,0.42422792464282594,2.0841097473646313
36,0.36,0.4181285441061432,2.07375176811707
37,0.37,0.4115693963890436,2.0639329786139364
38,0.38,0.40589220952909844,2.054476128136662
39,0.39,0.39999846841821646,2.04522947727111
40,0.4,0.3932231545417712,2.0361132153789376
41,0.41000000000000003,0.3880292293595545,2.027866070590201
42,0.42,0.3823148013978184,2.0194255920018507
43,0.43,0.37759396987031635,2.01126301518444
44,0.44,0.37187914075156153,2.0036392859619307
45,0.45,0.36723905350765845,1.9967780665450574
46,0.46,0.36197436154398127,1.989626415962576
47,0.47000000000000003,0.35705093107282315,1.9827612397699743
48,0.48,0.35252633307842296,1.9755180869171156
49,0.49,0.3484202405553573,1.9693738621545445
50,0.5,0.3438446670706281,1.9634987230025336
51,0.51,0.339002989983018,1.9571114465440393
52,0.52,0.33538804489869084,1.9516495096880275
53,0.53,0.33074616417386843,1.946278264313372
54,0.54,0.3269859970182323,1.9408717419919967
55,0.55,0.32231876268782816,1.9355841308609363
56,0.56,0.31914933106367266,1.9308419434935336
57,0.5700000000000001,0.31513307340299895,1.9262296962897398
58,0.58,0.31178256768338314,1.9215620554016726
59,0.59,0.30838251266307404,1.916929372774692
60,0.6,0.30473368113112026,1.9132401117384223
61,0.61,0.3013186328687897,1.9085136134327352
62,0.62,0.29780765650766555,1.904778452355244
63,0.63,0.2945495147446925,1.901168730208311
64,0.64,0.2912364067888192,1.8976850994889833
65,0.65,0.2887315535912248,1.8943544505523557
66,0.66,0.28600948203485144,1.891294289939851
67,0.67,0.2824054659395431,1.8873466909468504
68,0.68,0.2800788349166666,1.8842976728461975
69,0.6900000000000001,0.27613949097151486,1.8815178646859525
70,0.7000000000000001,0.273922502152607,1.878531777309336
71,0.71,0.2716667576150144,1.8754538512577228
72,0.72,0.2683777134058241,1.873220560714064
73,0.73,0.26562990219687305,1.8703111195980298
74,0.74,0.26329946424316547,1.8681961467634192
75,0.75,0.26105784409240085,1.8654515798304157
76,0.76,0.258125379827048,1.8630244040910189
77,0.77,0.25536384973277065,1.8608523255364957
78,0.78,0.25322002059116844,1.858674208813114
79,0.79,0.25054595576415867,1.8567276699066801
80,0.8,0.24807869399535157,1.8548629901632367
81,0.81,0.24562920991638953,1.85317493228185
82,0.8200000000000001,0.24383835393774073,1.8509013109516768
83,0.8300000000000001,0.24140397751006112,1.8494540660110392
84,0.84,0.2388484387159556,1.8478643522891618
85,0.85,0.23699381605679676,1.8460741103329532
86,0.86,0.23427599253928175,1.8446440617630417
87,0.87,0.23238647606546306,1.843500406378602
88,0.88,0.2305898600634646,1.8417680528371543
89,0.89,0.22844896021244132,1.8406458367283922
90,0.9,0.22576131440280303,1.839451152882527
91,0.91,0.2237625723203301,1.8382517359101134
92,0.92,0.2219301157737693,1.8368672555232075
93,0.93,0.22009066463339483,1.8360205096108824
94,0.9400000000000001,0.21766992995722942,1.8349602188780052
95,0.9500000000000001,0.21599017345100602,1.834285678722955
96,0.96,0.21428192736459334,1.8331615897532294
97,0.97,0.21180664320763737,1.832240214148705
98,0.98,0.21051145391383563,1.8317965202089648
99,0.99,0.20854570454507682,1.830831507164488
100,1.0,0.2069198823859406,1.8301209555501863
101,1.01,0.2052791650127996,1.8292367305780588
102,1.02,0.2032397974228027,1.8288305058581562
103,1.03,0.2017969062634416,1.8280395163272372
104,1.04,0.19964995603421232,1.8282361998702625
105,1.05,0.19827446671204507,1.8275752247925476
106,1.06,0.1971875398897408,1.8273716106651354
107,1.07,0.1948435367171585,1.82674496765875
108,1.08,0.19362101484734764,1.8265292376484912
109,1.09,0.19193999805021714,1.825934389953218
110,1.1,0.19049733787793907,1.8257569209102793
111,1.11,0.18844012192001752,1.8253679829850091
112,1.12,0.1866683348713669,1.8250487006587968
113,1.1300000000000001,0.18524921323603985,1.8253637462358139
114,1.1400000000000001,0.18407458400984922,1.8246621544446078
115,1.1500000000000001,0.1822943696964215,1.8246305705075743
116,1.16,0.1806181995176219,1.8247589166556026
117,1.17,0.17903736373363285,1.8249254940796222
118,1.18,0.1778457542393899,1.8240276209530701
119,1.19,0.17623728374210182,1.8244194956807795
120,1.2,0.174892004614358,1.8245552624296852
121,1.21,0.17356389485826362,1.8245037131953776
122,1.22,0.17239856238232681,1.824548351734284
123,1.23,0.17065090994612192,1.8245815429185293
124,1.24,0.16920905537258873,1.8245599445915037
125,1.25,0.1681774954225053,1.8244381723158904
126,1.26,0.16701020005474287,1.8246683849588543
127,1.27,0.16504072793100732,1.8249584829677066
128,1.28,0.16365365713355054,1.8254986788333167
129,1.29,0.1621447554036108,1.8258338573252286
130,1.3,0.16123222927627184,1.8252710535289063
131,1.31,0.15963826889080926,1.8260190961409695
132,1.32,0.15870273409103436,1.8259465179982313
133,1.33,0.15715233382849642,1.8264595012625653
134,1.34,0.15602932234129388,1.8267803420488464
135,1.35,0.1547119009379605,1.8270109677591122
136,1.36,0.15373939030361058,1.8272924181783086
137,1.37,0.15226453624608133,1.8271557109517493
138,1.3800000000000001,0.15075383983546847,1.8280397812872269
139,1.3900000000000001,0.150385818850788,1.8287088309559092
140,1.4000000000000001,0.148119732598449,1.8289959344790505
141,1.41,0.14743726990996212,1.8289987423521925
142,1.42,0.14650016228508086,1.8296363375541518
143,1.43,0.14538771908306458,1.830059531732605
144,1.44,0.14389501412366712,1.83047024155823
145,1.45,0.14314387534391257,1.8312213678010267
146,1.46,0.141124428864468,1.8316710526214561
147,1.47,0.14028764302547284,1.8321304571050672
148,1.48,0.1394533342893472,1.832597904518913
149,1.49,0.13821660661630228,1.8334834190589289
150,1.5,0.1374912585268168,1.8338985693887522
151,1.51,0.13628375198513637,1.8341049952076174
152,1.52,0.1351611661631922,1.8347679348226826
153,1.53,0.13375343404208834,1.8351516570636601
154,1.54,0.1330825743814042,1.836059224709891
155,1.55,0.1319729370200996,1.8364481229282732
156,1.56,0.1302635718863181,1.837549306624864
157,1.57,0.12955349069077238,1.8380347056303514
158,1.58,0.12833592388124593,1.8386134124888598
159,1.59,0.12787430724127774,1.8391331593171654
160,1.6,0.12636849715649004,1.839694862321989
161,1.61,0.1251015055857686,1.8404645501064192
162,1.62,0.12402645216777482,1.841093360197922
163,1.6300000000000001,0.12342560484880814,1.841758038124257
164,1.6400000000000001,0.12279854775437338,1.8422665582912252
165,1.6500000000000001,0.12151704362196138,1.842845542567888
166,1.6600000000000001,0.12087009612360504,1.8435990527419437
167,1.67,0.11971028472487504,1.8443634740290293
168,1.68,0.11862979139368479,1.8451906486693643
169,1.69,0.11791635825318558,1.8461028991109152
170,1.7,0.11675435967058448,1.8463652964452029
171,1.71,0.11572820662089413,1.8467334196517913
172,1.72,0.11498409077635657,1.8474171288956498
173,1.73,0.11440817147998016,1.8482421609552688
174,1.74,0.11314762110551727,1.848679655478889
175,1.75,0.11223982152876545,1.84965477616118
176,1.76,0.11154897228237302,1.8505289642056262
177,1.77,0.11011650257915188,1.8511418031240434
178,1.78,0.10916477638005041,1.8520256433464726
179,1.79,0.1082877856465118,1.85245771622822
180,1.8,0.10755295543647624,1.8530416903493192
181,1.81,0.10690409935246115,1.8536781406861298
182,1.82,0.10564592692876158,1.8547371296740973
183,1.83,0.10499546230990711,1.8554403391978207
184,1.84,0.10443974801031468,1.8556266186100225
185,1.85,0.10280042062074876,1.856783334525475
186,1.86,0.10261306955289654,1.8575276974346513
187,1.87,0.10168293966788367,1.858319098441018
188,1.8800000000000001,0.10044370713589648,1.8593248828583095
189,1.8900000000000001,0.10029823954870518,1.8597738459301485
190,1.9000000000000001,0.09931006942705672,1.860525158479069
191,1.9100000000000001,0.09819192551097475,1.8615477148812045
192,1.92,0.09707105066580654,1.8621620473884535
193,1.93,0.09700439207861637,1.8624117452956983
194,1.94,0.09623630010680918,1.8637296297495887
195,1.95,0.09522000838977036,1.864322385575385
196,1.96,0.0944344760573254,1.8652012682189845
197,1.97,0.09346017610165665,1.8660387157902993
198,1.98,0.09283879579180243,1.866301880815046
199,1.99,0.09198843371608041,1.8670501033509335
200,2.0,0.0913464226995725,1.8679404127204848
201,2.0100000000000002,0.09036625669165105,1.8689443715516498
202,2.02,0.09013055828426333,1.8694672611272674
203,2.0300000000000002,0.08917891653259423,1.870373623699874
204,2.04,0.08811200653123764,1.8709853292585235
205,2.05,0.08768818275284482,1.8715837113221434
206,2.06,0.08640449921221822,1.872578680913468
207,2.07,0.08612837304069093,1.87383315026529
208,2.08,0.08573673697090627,1.8746471059490408
209,2.09,0.08499601988170219,1.8755383686327887
210,2.1,0.08393464041470133,1.8755426650595326
211,2.11,0.08304092597178217,1.876296307073869
212,2.12,0.08254604003060044,1.877129318656467
213,2.13,0.08214627687033757,1.8780853979072294
214,2.14,0.0815111125409679,1.8788653311337664
215,2.15,0.08056997172387148,1.8796950317185506
216,2.16,0.0799003090903796,1.8802328202246987
217,2.17,0.07947626114511126,1.8811733441481555
218,2.18,0.07862777511254676,1.8820585640968894
219,2.19,0.07796057371371154,1.8824006683108327
220,2.2,0.07704304539177306,1.8833630147715406
221,2.21,0.07653915330531695,1.884129313194333
222,2.22,0.07555308480934003,1.8848013213454118
223,2.23,0.07547329439523096,1.8852827748996572
224,2.24,0.07465602891696706,1.8860088641762442
225,2.25,0.07405004307972406,1.886791143782832
226,2.2600000000000002,0.07378721994001165,1.8876775949348055
227,2.27,0.07286496199303101,1.8885694437612732
228,2.2800000000000002,0.07222625826685028,1.8889273583612363
229,2.29,0.07151237946326298,1.890040828566676
230,2.3000000000000003,0.0713036245088448,1.8909242200639051
231,2.31,0.0704083674681941,1.8917284029308126
232,2.32,0.07034838772308687,1.8921571956322603
233,2.33,0.06979085772909037,1.8927939323499594
234,2.34,0.06890342761940192,1.8934962319559614
235,2.35,0.06834348854752033,1.8945923365539283
236,2.36,0.06746136103652141,1.8951806167828056
237,2.37,0.06693566977598678,1.895688506802594
238,2.38,0.06621547859495117,1.896275475266379
239,2.39,0.06546580896037106,1.8976129020964825
240,2.4,0.06549012243349442,1.8977541236323239
241,2.41,0.0646575597409805,1.8985220793197621
242,2.42,0.06366655666085065,1.8995585424329093
243,2.43,0.06322971600360314,1.9001349417886737
244,2.44,0.0632386135472166,1.9005737015944233
245,2.45,0.06251049938849677,1.9014384748514626
246,2.46,0.06145205255385914,1.9020950766057814
247,2.47,0.06189658226551743,1.9025027734237807
248,2.48,0.06104637518007384,1.9032425739186256
249,2.49,0.05957330232881521,1.9034725818622436
250,2.5,0.059712223525271356,1.905163391068342
251,2.5100000000000002,0.05986157678811681,1.9052632936857719
252,2.52,0.05897254220063909,1.9059666852836137
253,2.5300000000000002,0.058251801779786984,1.9067487093486695
254,2.54,0.05805649771980543,1.9075054889260972
255,2.5500000000000003,0.05744681826994148,1.9079872892663923
256,2.56,0.056942061672409124,1.9084623161648047
257,2.57,0.05638446695356006,1.9095254537697208
258,2.58,0.0559487295441108,1.9100452731355637
259,2.59,0.05534396914643819,1.910464482025486
260,2.6,0.055055131104837916,1.910884720888924
261,2.61,0.054740328428637554,1.9116469720569045
262,2.62,0.054230611521315246,1.9129040595008115
263,2.63,0.05298934420436149,1.9129530961012045
264,2.64,0.05303010207803077,1.9138230461838026
265,2.65,0.05265406948845908,1.9144430277198112
266,2.66,0.0522619566721842,1.914867320438025
267,2.67,0.05162360973329925,1.9157068288041066
268,2.68,0.05048025612643769,1.9163646254910003
269,2.69,0.050595354575684204,1.9168498805119671
270,2.7,0.05018705972561316,1.9174267571220844
271,2.71,0.049325673216221846,1.9179770058598626
272,2.72,0.049248335551977135,1.9185501691582192
273,2.73,0.048876441801348924,1.9192478061777276
274,2.74,0.048635334734696285,1.9198417609357024
275,2.75,0.04833897633488856,1.9200983720493099
276,2.7600000000000002,0.047347348858444584,1.9212562429094984
277,2.77,0.046712355817454525,1.9218304839391835
278,2.7800000000000002,0.04680176823374055,1.9223122809886093
279,2.79,0.04630701201291897,1.9226296121178608
280,2.8000000000000003,0.045711939405457584,1.9232435860520265
281,2.81,0.04541044512700295,1.924217854757517
282,2.82,0.04522346918785684,1.9246542667604458
283,2.83,0.04490710807890305,1.9250557392356797
284,2.84,0.044748035703462995,1.9258060149813512
285,2.85,0.0440531311012392,1.9261122041522245
286,2.86,0.043509575765589066,1.9267867104294303
287,2.87,0.0434287289376386,1.9272459001831581
288,2.88,0.042660856892760037,1.9284649410615184
289,2.89,0.0422959698910951,1.9290218249248283
290,2.9,0.04230102228784914,1.929067124248569
291,2.91,0.04125433693275564,1.9300437318821235
292,2.92,0.041409634169688694,1.9303264887028733
293,2.93,0.04089840855890292,1.930641974870943
294,2.94,0.04036475231414336,1.9313193618045617
295,2.95,0.040132289147606776,1.9323367226138428
296,2.96,0.03948060211767831,1.9326326187362766
297,2.97,0.0395241819003778,1.9329507656654634
298,2.98,0.03936305894253724,1.9339464400371424
299,2.99,0.038896535321257156,1.9342267482683457
300,3.0,0.03831003240811034,1.934928620328899
301,3.0100000000000002,0.03800573000423251,1.9354869249895275
302,3.02,0.03813826305620844,1.9358748378775867
303,3.0300000000000002,0.03776564873513746,1.936435459664648
304,3.04,0.03652721718375886,1.9366214901603578
305,3.0500000000000003,0.036360366374237375,1.937712469309498
306,3.06,0.03650242226900425,1.9381822951145886
307,3.0700000000000003,0.03621457365523789,1.9386673478102598
308,3.08,0.03595417121585797,1.938977092002582
309,3.09,0.03504404232347601,1.939243425308392
310,3.1,0.03472791179368077,1.939770687029489
311,3.11,0.034769939704787346,1.940192939945473
312,3.12,0.03489564295722835,1.9403207818719475
313,3.13,0.03432578465551838,1.9414184287401453
314,3.14,0.03391423258422615,1.9421289412303262
315,3.15,0.033161727052715535,1.9421827120618504
316,3.16,0.03334907434188992,1.9426401217285825
317,3.17,0.03280320856423613,1.9433419875691196
318,3.18,0.03264032856909937,1.9433668403660738
319,3.19,0.032154900909177525,1.9442269112647956
320,3.2,0.03153248707857499,1.9445205964881174
321,3.21,0.03173921584601589,1.945128724396514
322,3.22,0.03157532936467036,1.9455438028163037
323,3.23,0.03139109198690912,1.946386198120397
324,3.24,0.03092407313784338,1.9461498135359647
325,3.25,0.030891933877449335,1.9469411655228819
326,3.2600000000000002,0.03044485824022905,1.9475535518881089
327,3.27,0.029969757093917655,1.9477972503137744
328,3.2800000000000002,0.029884112724986703,1.9482842619362097
329,3.29,0.028897666770050373,1.9488588368895046
330,3.3000000000000003,0.029269701501137103,1.9489521857097039
331,3.31,0.02855605936694335,1.9493653040884091
332,3.3200000000000003,0.02883439753985185,1.949855261402356
333,3.33,0.02843465070501411,1.9505092716189305
334,3.34,0.028373240466165364,1.9505331161313375
335,3.35,0.02773968874068516,1.9510650314361737
336,3.36,0.027540739605694118,1.9517510644732026
337,3.37,0.02791524804735674,1.95196544050896
338,3.38,0.02679933881197212,1.9520805850711316
339,3.39,0.026664637429772486,1.952613077442024
340,3.4,0.02596378016400115,1.9526619086231338
341,3.41,0.026881206729129477,1.9536097923199653
342,3.42,0.02581458749288562,1.9541498176605074
343,3.43,0.025663941802258342,1.9540217542151779
344,3.44,0.025425008899997305,1.9543951762580385
345,3.45,0.0253106466685866,1.9548881457099718
346,3.46,0.02489106520765903,1.9550894009441815
347,3.47,0.025143141426505533,1.9557895146701472
348,3.48,0.024245461535034617,1.9558981612048811
349,3.49,0.024565437983680615,1.9564382753956744
350,3.5,0.02415202600230637,1.9569418533059708
351,3.5100000000000002,0.023835416313703225,1.9571038305720139
352,3.52,0.02395977502671304,1.9578678402689829
353,3.5300000000000002,0.02380811942996604,1.9582852878310792
354,3.54,0.02316655113355477,1.9577830942735148
355,3.5500000000000003,0.023279332882942726,1.9587596666739822
356,3.56,0.02304005443076136,1.9593762271780715
357,3.5700000000000003,0.022363492398483033,1.959503611879583
358,3.58,0.02203017747590178,1.9595303095227767
359,3.59,0.021748504315053187,1.9597646701293898
360,3.6,0.02229550823696881,1.9602009631729451
361,3.61,0.021584729132704594,1.960965802039867
362,3.62,0.02208578862138863,1.961057810527694
363,3.63,0.021446863406620824,1.9614299574261012
364,3.64,0.02092763519338569,1.9614542034671736
365,3.65,0.020927390685669827,1.962161009370822
366,3.66,0.020773406045287303,1.9625059788058834
367,3.67,0.02038383720257051,1.9624200823688882
368,3.68,0.02030148497476801,1.9632323901472348
369,3.69,0.020213656964796156,1.9634134843283744
370,3.7,0.020600448465366787,1.9638818514904104
371,3.71,0.019790764061772395,1.9641230517179153
372,3.72,0.01983345328235329,1.9639701449588634
373,3.73,0.019562903809631788,1.9646603872028083
374,3.74,0.019150984711129547,1.9649706216969485
375,3.75,0.019211186370637616,1.9651361262440696
376,3.7600000000000002,0.018859551804390584,1.9655332438121915
377,3.77,0.018371230466685446,1.966197667089952
378,3.7800000000000002,0.018623356818004234,1.9659066467181219
379,3.79,0.018609783119742408,1.9665200926002102
380,3.8000000000000003,0.01798010861262479,1.9667315317828065
381,3.81,0.017968188791291785,1.9669237259451926
382,3.8200000000000003,0.01838348305520689,1.9671996060019208
383,3.83,0.018023903330306606,1.9675073625166806
384,3.84,0.01777545552430684,1.9681001473828694
385,3.85,0.016523453629302704,1.9684521415584635
386,3.86,0.017451744015876243,1.9684739709517862
387,3.87,0.01737382422474502,1.9691687425485793
388,3.88,0.016142199645141048,1.9693103521975053
389,3.89,0.016574301076673098,1.9693904466695347
390,3.9,0.016047561149259603,1.9699360390828384
391,3.91,0.016587180740602066,1.9701030869722715
392,3.92,0.016457655074404467,1.9699123248228554
393,3.93,0.016114334918036242,1.9705589056894384
394,3.94,0.01579290845444767,1.970686778304894
395,3.95,0.016134828351207612,1.9713222182804762
396,3.96,0.015789454885405497,1.9712011298926004
397,3.97,0.015536615718793634,1.9715409118145948
398,3.98,0.015333367749574842,1.9714077171421076
399,3.99,0.014927200571792138,1.972458936935588
400,4.0,0.014447314034658716,1.972505822455408
401,4.01,0.01493146139152498,1.9724321178451902
402,4.0200000000000005,0.01493045225593253,1.9729405412916419
403,4.03,0.015030216917201567,1.9727594031637856
404,4.04,0.014623349466371947,1.9732960164072058
405,4.05,0.01405361122453674,1.973665930890309
406,4.0600000000000005,0.014354119791597246,1.9741154312309697
407,4.07,0.01415794176179755,1.9743299682389355
408,4.08,0.014416633095490856,1.9744065432698483
409,4.09,0.01377167930713,1.9742691795078737
410,4.1,0.01354574835165959,1.9748770807932516
411,4.11,0.014076635927519648,1.9751806602531485
412,4.12,0.0133895116623016,1.9755444905247252
413,4.13,0.012993514962585927,1.97552977363201
414,4.14,0.013139835793764385,1.9757981902789765
415,4.15,0.012964639734800923,1.9758071838263853
416,4.16,0.013120622625187208,1.9762766093290733
417,4.17,0.013154905546795072,1.9762818220967837
418,4.18,0.01274107963381435,1.9767442826770398
419,4.19,0.012931068134961761,1.9769801754940166
420,4.2,0.012348778054309928,1.9771068323238414
421,4.21,0.011880323253302493,1.9770510120265474
422,4.22,0.011526455861598879,1.9774726845468145
423,4.23,0.01192106238483066,1.9775261483731907
424,4.24,0.01182783631343245,1.9776188410199425
425,4.25,0.012158476167601026,1.9785466148315167
426,4.26,0.011321177968825844,1.9782946391033125
427,4.2700000000000005,0.011890039760454756,1.9783754907798672
428,4.28,0.011464168055456808,1.978585472560512
429,4.29,0.011586086676383429,1.9792323478605607
430,4.3,0.011138007713071505,1.9790418787022148
431,4.3100000000000005,0.011049256759926431,1.9791293345418353
432,4.32,0.011085171023801356,1.9793676817892387
433,4.33,0.010725825596627266,1.9791649869042092
434,4.34,0.010938010286458901,1.9798445150808042
435,4.3500000000000005,0.010905554541261415,1.9799899923260065
436,4.36,0.010571094966847227,1.9799957000261965
437,4.37,0.01088437221038999,1.9804462257213626
438,4.38,0.010634620920914068,1.9801643466731595
439,4.39,0.010367606372756707,1.9806784246226865
440,4.4,0.010534972414355205,1.9807144895325826
441,4.41,0.010215212874354446,1.9812761799770995
442,4.42,0.010025955026535013,1.9813325463080764
443,4.43,0.010001971651072026,1.9813496670499384
444,4.44,0.00964918216991718,1.981773583481505
445,4.45,0.010051554180426372,1.9818441225454604
446,4.46,0.00980833493921909,1.982036849788015
447,4.47,0.009127708292373507,1.9820547442147083
448,4.48,0.00946676200705016,1.9820542569816304
449,4.49,0.009425071242437815,1.9822164594527067
450,4.5,0.009564219857311537,1.982264419899753
451,4.51,0.009176366403531862,1.9831778911013596
452,4.5200000000000005,0.00920148851549251,1.9828350483791821
453,4.53,0.008642017091608532,1.9826723890032771
454,4.54,0.008537034916521176,1.9832391813073256
455,4.55,0.00873182364273571,1.983111280650845
456,4.5600000000000005,0.008867768031076882,1.9834880616388264
457,4.57,0.008393862177208774,1.9836297766008175
458,4.58,0.00842204713403053,1.9836785121389888
459,4.59,0.008417731871344376,1.98380013150688
460,4.6000000000000005,0.00845248913244107,1.9839230405014892
461,4.61,0.008511147936445253,1.9838427279991993
462,4.62,0.008275264784512824,1.984345439512873
463,4.63,0.007668897286604626,1.9848488435622416
464,4.64,0.008406297555269084,1.9848174425576655
465,4.65,0.008050847905178411,1.9843225936387685
466,4.66,0.008266138884335805,1.9849182052764673
467,4.67,0.007649838561051358,1.9849732396076187
468,4.68,0.007497319580523796,1.985235464537342
469,4.69,0.007587760510455112,1.985733889039855
470,4.7,0.007563245455865495,1.985635631965502
471,4.71,0.007708283994084497,1.9859443731239153
472,4.72,0.007899858238900393,1.9857576859916275
473,4.73,0.007174286613006761,1.9858017435106634
474,4.74,0.007564049668399468,1.9862693492477783
475,4.75,0.00761376918264826,1.9862711707721652
476,4.76,0.007323628462063516,1.9858664148944418
477,4.7700000000000005,0.007686799494191003,1.986586256439768
478,4.78,0.007167682165406981,1.9864431589716194
479,4.79,0.006893547323027119,1.9872147402685039
480,4.8,0.006913687265169336,1.9868668170128212
481,4.8100000000000005,0.0069379136913655095,1.9870125232904088
482,4.82,0.006215950438259066,1.9870790062223416
483,4.83,0.00641624278968052,1.987332735826262
484,4.84,0.007078744950489986,1.987552451616109
485,4.8500000000000005,0.006082393953535445,1.9870973248257957
486,4.86,0.0064819963649226636,1.9876750636054092
487,4.87,0.006466311804565935,1.987431808115442
488,4.88,0.006776378992618502,1.9876951679593773
489,4.89,0.006399511929005588,1.988022617656417
490,4.9,0.006367367814070747,1.9879912285939592
491,4.91,0.006289785442347602,1.9879925715653273
492,4.92,0.006195009421939918,1.9881554345350394
493,4.93,0.006168172296861878,1.9877529171350936
494,4.94,0.0065783428557800545,1.9883411934373105
495,4.95,0.00604499120939822,1.9886427923307128
496,4.96,0.005761686330553098,1.9887366393172037
497,4.97,0.006143036991523082,1.9886212095802318
498,4.98,0.005357718581637758,1.988782788930609
499,4.99,0.005908665538146836,1.9890022141295147
500,5.0,0.005712129768216912,1.9894377416668025
501,5.01,0.005344206357802498,1.9889334318762546
502,5.0200000000000005,0.00588838959704454,1.9895797144944238
503,5.03,0.005507722240733342,1.9897646776520073
504,5.04,0.005502625520466206,1.9892116673195452
505,5.05,0.005137207848431644,1.9895682245057222
506,5.0600000000000005,0.005218573873822183,1.989854364907444
507,5.07,0.005158590576708016,1.9897807689407452
508,5.08,0.005088448921348725,1.9893206630689646
509,5.09,0.005686950278229574,1.989927597527312
510,5.1000000000000005,0.0051149747540854915,1.990094391213547
511,5.11,0.005838106686694159,1.9904071134732197
512,5.12,0.004916721560213392,1.9903605235711415
513,5.13,0.004854310007668608,1.9901963613025022
514,5.14,0.004934926389212811,1.9905954197953624
515,5.15,0.004762421779021987,1.9905132335428695
516,5.16,0.005161757253906594,1.9904524530316363
517,5.17,0.005063847422651686,1.990800167251529
518,5.18,0.0048739233652045156,1.9905569059644344
519,5.19,0.004526170313182998,1.990673642711068
520,5.2,0.004562447844469552,1.9909009925233014
521,5.21,0.004489248587910659,1.9912802572126458
522,5.22,0.005048959037016307,1.9908560145018952
523,5.23,0.004702168363059869,1.9911882649109665
524,5.24,0.004447898833181858,1.9915524750376057
525,5.25,0.0049781435220435715,1.9918718806284528
526,5.26,0.004702430000171614,1.9913496514384204
527,5.2700000000000005,0.004673378277864606,1.9915889909705604
528,5.28,0.0045855712282755106,1.991948741515913
529,5.29,0.004606484536448095,1.9918830984281837
530,5.3,0.003978354281933072,1.9915654142615253
531,5.3100000000000005,0.004274548391955468,1.9920021235049172
532,5.32,0.003545248699644428,1.9921165406833374
533,5.33,0.004176375339614861,1.992412451098156
534,5.34,0.004152823501095949,1.9921923426160748
535,5.3500000000000005,0.0041987613804173336,1.9923899880558518
536,5.36,0.003856768172515397,1.9924234298156482
537,5.37,0.0039649260550682144,1.9925437002849216
538,5.38,0.004031843048394129,1.992062029847943
539,5.39,0.003941262958471045,1.9925229975188832
540,5.4,0.003956091503985679,1.9925542533174718
541,5.41,0.00345364109304169,1.9924678877570203
542,5.42,0.00402808487893593,1.9929839233628297
543,5.43,0.0038477258934482683,1.993250054923254
544,5.44,0.0034410918709755745,1.9930356008609715
545,5.45,0.003671949098607829,1.9929356614120295
546,5.46,0.0037951012457217775,1.9928715541031337
547,5.47,0.004219358842158165,1.9928737767001103
548,5.48,0.003783991482182654,1.9929966488189776
549,5.49,0.003670443056648317,1.993058772755197
550,5.5,0.003439566352118877,1.9928613954394205
551,5.51,0.003469469441104889,1.993257707540714
552,5.5200000000000005,0.003372607178738022,1.9935002989945914
553,5.53,0.00310245557407195,1.9935955666982457
554,5.54,0.0034984837459105587,1.9936788334420885
555,5.55,0.003353476583470967,1.9937167448237954
556,5.5600000000000005,0.002631964354534196,1.9935426168111534
557,5.57,0.003447667541580864,1.9939511992201229
558,5.58,0.003037821122594369,1.9936736284677476
559,5.59,0.0027346090810823173,1.994352222309135
560,5.6000000000000005,0.002645336613825731,1.99415533195765
561,5.61,0.0030600789537580234,1.9938405538905313
562,5.62,0.0029729295936312275,1.9939792321796819
563,5.63,0.003344274703121695,1.9940584258850966
564,5.64,0.003253913535795657,1.9938879316893738
565,5.65,0.002696784956825646,1.9940994803092462
566,5.66,0.002826531107507595,1.9941561488650137
567,5.67,0.003051852759907338,1.9942491037877226
568,5.68,0.002786238248218145,1.9942584174897542
569,5.69,0.0027235138235666657,1.9943153425909208
570,5.7,0.0025652777614681675,1.9947162194226578
571,5.71,0.0031977911979063265,1.9946013787963908
572,5.72,0.002957221070785598,1.9945962055416615
573,5.73,0.003211373430607571,1.9946779823470424
574,5.74,0.003006629342739052,1.994569077227093
575,5.75,0.0030387168473495806,1.9948501190351218
576,5.76,0.002488307143900532,1.9950350014390104
577,5.7700000000000005,0.003013079068290112,1.9947080588100703
578,5.78,0.0027573858783970008,1.9947270627013658
579,5.79,0.003382723351116105,1.9949377941168822
580,5.8,0.002962342042684971,1.9951336714072385
581,5.8100000000000005,0.0024401682037136162,1.9948767902857425
582,5.82,0.002491294521108985,1.9949213443456497
583,5.83,0.002438094335714784,1.9953013832880644
584,5.84,0.0027361207397856298,1.995336262825917
585,5.8500000000000005,0.0027091360062522314,1.9950404176868444
586,5.86,0.0026471348873715207,1.9952565669458144
587,5.87,0.0023469630763822713,1.9950423061174993
588,5.88,0.0027883738819547087,1.9952777693505104
589,5.89,0.0023408336236354324,1.995570689877985
590,5.9,0.002598595111646055,1.9954748444641914
591,5.91,0.0023763862978379664,1.9956201055828313
592,5.92,0.002223098638615612,1.9954567203818514
593,5.93,0.0024279090331298034,1.9956940685032896
594,5.94,0.0026309409063366733,1.9954514497747677
595,5.95,0.0028340024568878413,1.9958081048368455
596,5.96,0.0021731030992366797,1.9958711496454236
597,5.97,0.0021071144630827273,1.9957742546304558
598,5.98,0.0018197654527094455,1.9959844737111947
599,5.99,0.0020755292826945665,1.995660953110972
600,6.0,0.0018949273195958633,1.9959915388235168
601,6.01,0.0022098367372791645,1.9954980607896164
602,6.0200000000000005,0.002436291095479977,1.9958498393581912
603,6.03,0.002067906046643951,1.995614993751698
604,6.04,0.0017595520564554373,1.9961361666095163
605,6.05,0.0021786273505874283,1.9962214718582392
606,6.0600000000000005,0.0016766341404990844,1.9962413849277603
607,6.07,0.001825820785584021,1.9961686440523392
608,6.08,0.0021800110352175003,1.9963983138320616
609,6.09,0.0019957790009506853,1.9961550599157591
610,6.1000000000000005,0.002329145793077662,1.9961446580888054
611,6.11,0.001886770656000701,1.996428607494767
612,6.12,0.002234989823666617,1.9960228159185454
613,6.13,0.0019304318643615153,1.9961693582087838
614,6.140000000000001,0.002047238306241258,1.9966525815075389
615,6.15,0.001837238430032143,1.9965972506774967
616,6.16,0.0016557630956869065,1.9967053691998466
617,6.17,0.0017337917551729601,1.996553278639473
618,6.18,0.0018669586872629763,1.996573913236611
619,6.19,0.0018515502000948257,1.9964977958926422
620,6.2,0.0020143976251110187,1.9966617224537155
621,6.21,0.0021269403416643165,1.9962837069611403
622,6.22,0.0014496561412970187,1.9967836216525328
623,6.23,0.0015918771848133786,1.9965663971803866
624,6.24,0.0014681468295157788,1.9968186922364404
625,6.25,0.001663439621443892,1.9963406016194725
626,6.26,0.0017888243901859693,1.9966551327824997
627,6.2700000000000005,0.0018821374820003555,1.9969593938761234
628,6.28,0.001628052108409501,1.996685894428264
629,6.29,0.001798289182575919,1.9971353903710969
630,6.3,0.001634464463143989,1.9969086970242402
631,6.3100000000000005,0.001551895497833235,1.9968403192816557
632,6.32,0.001560751712090967,1.9970212627382902
633,6.33,0.0017114565836311199,1.9970631132293817
634,6.34,0.001594111407809035,1.9970049712262379
635,6.3500000000000005,0.0015681744074016357,1.9967060903010974
636,6.36,0.00169198743180361,1.997206219236395
637,6.37,0.001902102925623242,1.9973028279340947
638,6.38,0.001175525547996194,1.9972275098233225
639,6.390000000000001,0.0017557914919307377,1.9971229231548895
640,6.4,0.0013391888987378039,1.9973413221570235
641,6.41,0.0008707287938536251,1.9971435234631796
642,6.42,0.0014815569833447743,1.9973992802483895
643,6.43,0.0012701936906563858,1.997069043500629
644,6.44,0.0015987456242098068,1.9971172018242047
645,6.45,0.0012923433039546705,1.9969904328331467
646,6.46,0.0013703653897073052,1.9969323997239399
647,6.47,0.0009319556151295429,1.9972592676526615
648,6.48,0.0013072393600106666,1.997269919899528
649,6.49,0.0009758889254060008,1.9973792501644376
650,6.5,0.001119266548520421,1.9974440529169235
651,6.51,0.001387587242785097,1.997617939345993
652,6.5200000000000005,0.0016339541769517935,1.9974789569375577
653,6.53,0.0017029938595986974,1.9975014566839095
654,6.54,0.0013058982434288335,1.9972314813067669
655,6.55,0.0008186624377042142,1.9977361787658456
656,6.5600000000000005,0.0012493872071307806,1.9975592937888802
657,6.57,0.0010807657758936525,1.9975777467002584
658,6.58,0.0009555691595864748,1.9974742299249788
659,6.59,0.0012567022203876343,1.9976744837134333
660,6.6000000000000005,0.0012781944987959807,1.9975626919044338
661,6.61,0.0011211781130278408,1.9975666397987297
662,6.62,0.0010856144363604473,1.9978226430842236
663,6.63,0.0010681004427466985,1.997774213807695
664,6.640000000000001,0.0011532963415224258,1.998015919241002
665,6.65,0.001017568944848386,1.99775522418703
666,6.66,0.001230411514686638,1.9975294670182542
667,6.67,0.0009092612798142308,1.9980343994077985
668,6.68,0.001333833871601211,1.9979525952277484
669,6.69,0.0009469220742409436,1.9982051196698882
670,6.7,0.0010978222364550676,1.9978289244647225
671,6.71,0.001187934822022385,1.998278404723191
672,6.72,0.0006330469423955602,1.9979891603820221
673,6.73,0.0012155864818243667,1.9977767052791269
674,6.74,0.001064448630263359,1.9978426018191082
675,6.75,0.0008794951097242943,1.9983306205273474
676,6.76,0.000977501801171884,1.998456840195
677,6.7700000000000005,0.0007986878510695124,1.998002058724127
678,6.78,0.0011119426875975283,1.9982985160568867
679,6.79,0.0006145757886662276,1.9978864066573574
680,6.8,0.0008649362541160824,1.9981483390068813
681,6.8100000000000005,0.0011388901402322863,1.9983555708367773
682,6.82,0.000990866097445145,1.998442736991885
683,6.83,0.0007717481604376605,1.9985717794258613
684,6.84,0.0007932930312624643,1.9980797012281142
685,6.8500000000000005,0.0012599194799988787,1.9979250391549355
686,6.86,0.0005915273252923307,1.9985518616844393
687,6.87,0.0012716283492311038,1.9985310528940274
688,6.88,0.0008997277366395208,1.9981227884049437
689,6.890000000000001,0.0010656564477907365,1.9980066592273336
690,6.9,0.00042905368412433323,1.9985227635155385
691,6.91,0.0005602037431919977,1.998068038894789
692,6.92,0.000823664961136133,1.9983374348033318
693,6.93,0.0007013542047280587,1.9985309405147786
694,6.94,0.0014112936131454082,1.998336679696498
695,6.95,0.001042645081831487,1.9983226250209847
696,6.96,0.0005855913900950944,1.998305281517813
697,6.97,0.0008228236525308981,1.9982840021376265
698,6.98,0.0009577114401620969,1.998436161699013
699,6.99,0.0005250976663094293,1.998540386129899
700,7.0,0.0009643945530163752,1.998772097089945
701,7.01,0.0008584447410102103,1.9982546127008944
702,7.0200000000000005,0.0003015229464258102,1.9985516253745428
703,7.03,0.000764734868032665,1.9986991547499058
704,7.04,0.001114197349299761,1.9983826521679853
705,7.05,0.0006913073053582072,1.9985091194025495
706,7.0600000000000005,0.0007633075868358308,1.9987790597193165
707,7.07,0.0008198573549599437,1.9985006895612847
708,7.08,0.0003022579192830303,1.99868452680621
709,7.09,0.0008721521959361137,1.9985267682066148
710,7.1000000000000005,0.0013166366040781206,1.9985315552696343
711,7.11,0.0014021886676345875,1.9985626004054584
712,7.12,0.0006016210922051682,1.9984314181164522
713,7.13,0.0008160283677172602,1.9985893413939295
714,7.140000000000001,0.0009256235332425209,1.9986199332736228
715,7.15,0.0006802893261205102,1.9984909079119897
716,7.16,0.0002585581630956146,1.9985455157112968
717,7.17,0.0007782306599969429,1.9986871414765495
718,7.18,0.0005230148040542964,1.998637963698591
719,7.19,0.0006942548074203664,1.9988590520582177
720,7.2,-0.00022662401851026648,1.9986218859563027
721,7.21,0.0007394935095547228,1.998705513749215
722,7.22,0.0004672448755732904,1.9986137405105635
723,7.23,0.0003123159230261287,1.9985433829442258
724,7.24,0.0002738620622493524,1.9986697546676289
725,7.25,-4.532272086454079e-06,1.9988714401267336
726,7.26,0.0006331795418131488,1.9986677172495106
727,7.2700000000000005,0.0003846815777047213,1.998766601628023
728,7.28,0.0007064315223731933,1.9988882105461057
729,7.29,0.0008171081927577619,1.99881188691214
730,7.3,0.0009879596099705715,1.998684000352987
731,7.3100000000000005,0.0006544774054170941,1.9988165050125066
732,7.32,-7.820403027911354e-06,1.9988380043738332
733,7.33,0.00048797850552157357,1.998738408732953
734,7.34,0.0007970041390333957,1.9985357612755368
735,7.3500000000000005,0.0004541124112549595,1.9988883774670652
736,7.36,0.0004000615864712409,1.9989275380093767
737,7.37,0.00020026287632005465,1.9993670319317944
738,7.38,0.0007981771751905773,1.998946243658368
739,7.390000000000001,0.0005094798047668222,1.9986493132088834
740,7.4,0.0007436698432168396,1.998857177005638
741,7.41,0.0005588282502473215,1.9987058771927793
742,7.42,0.0008430699541564738,1.998795447816795
743,7.43,0.0006474081203954509,1.9987127113993062
744,7.44,0.0002531085798154499,1.9991602466259308
745,7.45,0.00011922140529360128,1.9991154465578738
746,7.46,0.0006031115119051019,1.9992827643517592
747,7.47,0.0006594928382949726,1.999003429545363
748,7.48,0.0005714249301215158,1.9990668886094372
749,7.49,0.0002940550649750516,1.998840310920873
750,7.5,0.0007624755597263706,1.9988602427881403
751,7.51,0.0005888423657715978,1.999113394045795
752,7.5200000000000005,0.0003795159079643799,1.9986367584280054
753,7.53,0.00048317855306436255,1.9992888212197046
754,7.54,0.0003808272656610984,1.999003959620792
755,7.55,0.0003096880630135084,1.9992775443314168
756,7.5600000000000005,0.00028652189810262534,1.9991381003428923
757,7.57,0.0007041555793328087,1.9988825315363208
758,7.58,0.0002891092140051818,1.9992077174992346
759,7.59,0.0006693874662010962,1.9990552294856516
760,7.6000000000000005,0.0002411576377105417,1.9992244080613688
761,7.61,0.0004198453286887256,1.9991118410245738
762,7.62,0.0005669687149296876,1.999411326106419
763,7.63,0.00014807439657781463,1.9992127522954783
764,7.640000000000001,0.00046608029785782766,1.9991366356819424
765,7.65,0.0007515611172130166,1.9993941216909827
766,7.66,0.0006373597681074519,1.9991588767539845
767,7.67,0.00020969064887503964,1.9990417085334957
768,7.68,0.0003755589953481618,1.999275939340534
769,7.69,0.000519687817848603,1.9987965452597696
770,7.7,5.098646360960881e-05,1.9995729940571305
771,7.71,0.0002533376296892027,1.998772799250588
772,7.72,0.0006389496893368881,1.9988361411923925
773,7.73,0.00019743831804766958,1.9993781958834702
774,7.74,0.000317192591933881,1.9995179278506203
775,7.75,0.0007799867765810233,1.9990660749979858
776,7.76,0.0006622880745810798,1.99890555776444
777,7.7700000000000005,1.1951741712135891e-06,1.999538308953124
778,7.78,0.0004383838863731138,1.9992385712652818
779,7.79,0.00022521702115881057,1.9990018772885714
780,7.8,0.0007752309943136945,1.9992043206454109
781,7.8100000000000005,0.00030136617711415317,1.999346394335814
782,7.82,0.0005504684862222422,1.9990505370342846
783,7.83,0.0003822984536245369,1.9992978211990207
784,7.84,6.480461921375494e-05,1.9994533394337086
785,7.8500000000000005,0.0003206071926508552,1.9990170906574987
786,7.86,0.00017020285290339526,1.9993435041820329
787,7.87,8.641164834591149e-05,1.9993786229301238
788,7.88,0.00046189134403218097,1.9996035351396755
789,7.890000000000001,0.0004043518307419871,1.9998602780427908
790,7.9,0.00047248863986245807,1.9993478258860409
791,7.91,0.0001873612261643451,1.999383408267089
792,7.92,0.0004253173955116657,1.9990909296455566
793,7.930000000000001,-0.0002354424670593331,1.9990998302715606
794,7.94,0.0006210365132650684,1.9995789984908006
795,7.95,0.00033230752686120365,1.9993715631728501
796,7.96,2.2017199171890124e-05,1.99917054763602
797,7.97,0.0004651594021875696,1.9996267385535824
798,7.98,0.00025868003335940135,1.9991270780170334
799,7.99,7.038636730294948e-05,1.999396960107144
800,8.0,0.00021791508276543855,1.9992414452092833
801,8.01,0.0004617816970731961,1.999318514093991
802,8.02,0.0005545659932536557,1.9994969200283579
803,8.03,0.00027616359433822366,1.999255028949098
804,8.040000000000001,5.931800762517186e-05,1.999597677170942
805,8.05,-1.210998538554004e-05,1.9995219447189032
806,8.06,0.0003126665473753879,1.9997138689598828
807,8.07,0.0006227948803423221,1.9996988374356515
808,8.08,9.686705190529421e-05,1.99937989594881
809,8.09,0.0004861053646354681,1.9994332000183503
810,8.1,0.0007521086863538976,1.9993617531592522
811,8.11,-0.00011647197824414204,1.9997168616206125
812,8.120000000000001,0.0003566818668663892,1.9997548382474855
813,8.13,0.0006373384452010148,1.9991827059550018
814,8.14,0.0001963247683895013,1.9993193842730546
815,8.15,-0.00022085044141744706,1.9994199782064537
816,8.16,9.547186007312613e-05,1.999381228600674
817,8.17,0.0006133080670077831,1.9996229943617376
818,8.18,0.00015415979225710282,1.9994925099699965
819,8.19,-2.8941887154561557e-05,1.9996512758005907
820,8.2,-3.633706314126896e-05,1.9999976107672768
821,8.21,-0.0001088055230482228,1.9993259219687134
822,8.22,0.00033879265492777426,1.9995745719797733
823,8.23,0.00045447261841679415,1.9996498191424845
824,8.24,-5.344003194117342e-06,1.9994028980381962
825,8.25,0.0003661278804338872,1.999664723068322
826,8.26,0.0003432381316105254,1.999621772452048
827,8.27,0.0005741220768703272,1.9995954170996975
828,8.28,0.0005829431751466177,2.0000428130012
829,8.290000000000001,0.00036923339850235905,1.999385198610982
830,8.3,0.00023206101284737072,1.999327906723869
831,8.31,0.0002737723357895179,1.999330416113799
832,8.32,9.68379170691423e-05,1.999476810996128
833,8.33,-0.0002224797435822718,1.9998603879399188
834,8.34,0.0001295484035169168,1.9996823001258632
835,8.35,0.00020976558628955295,1.9992448301013284
836,8.36,9.89244023543833e-05,1.9995931586725118
837,8.370000000000001,0.00012324439071943386,1.9995334064162014
838,8.38,5.219622650966114e-05,1.999477302809971
839,8.39,-1.8035817836107714e-05,1.9997530052238528
840,8.4,-2.9827932142628314e-05,1.9994995726750708
841,8.41,0.0002564538661804657,1.9995791831548646
842,8.42,0.0001356261923125608,1.9996127879810563
843,8.43,3.919191588127113e-05,1.9996263460110435
844,8.44,-0.00013078931690237386,1.9994856663533251
845,8.45,-0.0002026662159095851,1.999539377605606
846,8.46,0.0007387486978295439,1.9994745490380663
847,8.47,0.00036720671199229175,1.9997890797599345
848,8.48,-5.275349574278214e-05,1.9994836813466508
849,8.49,0.0003579826346634136,1.9996427890552642
850,8.5,0.0005783274324076797,1.9996656457775497
851,8.51,0.0005924652015736059,1.9997283120698794
852,8.52,0.0005158347677136796,1.9996771648189793
853,8.53,0.00043636756819525734,1.9994189993939804
854,8.540000000000001,0.00017633385621560626,1.9992361153525235
855,8.55,-7.054814226900347e-05,1.9998967091695452
856,8.56,-0.00018081116084844487,1.9995225899764886
857,8.57,0.0006088784997160244,1.9995461906297516
858,8.58,-0.0001803448900426582,1.9998149876627243
859,8.59,2.5355244981811086e-05,1.9999401396394278
860,8.6,0.0004723885026308809,1.9996421703112004
861,8.61,9.495284309867003e-05,1.999765538666135
862,8.620000000000001,0.000492139811569288,1.999467081545239
863,8.63,0.0003692505574281341,1.9996637124653693
864,8.64,0.0004223196213360459,1.9996560435226098
865,8.65,0.0007279010431014149,1.9996609746288725
866,8.66,0.00017715500206992016,1.9994087276295112
867,8.67,0.00024885891127586577,1.9999669800049618
868,8.68,-0.00019143733467160014,2.0000983279417084
869,8.69,0.00010179888347725804,1.999901175101072
870,8.700000000000001,0.00020347614565090135,1.9995780832962473
871,8.71,-0.0001149409067276571,1.9995402974029717
872,8.72,0.0005143586568491001,1.9995816967542215
873,8.73,-3.157086329152049e-07,1.9998436875857641
874,8.74,9.269804827465749e-05,1.9998084967732017
875,8.75,-0.00016566761291503222,1.9995290623214392
876,8.76,0.0006893259190708133,1.9996360170941385
877,8.77,0.00012874328035646933,1.999669978295257
878,8.78,0.0001417515198342251,1.9998794480984494
879,8.790000000000001,-0.00018343004999165727,1.9996284257960426
880,8.8,-0.00020180099014406754,1.9996344526318073
881,8.81,8.757783786875645e-05,1.9998441118006436
882,8.82,0.00041150557403923466,1.9999514678328438
883,8.83,-0.0004811092903807962,1.9995925649714137
884,8.84,-4.178755456456023e-05,2.000211228782109
885,8.85,0.00023098011041449768,1.9997317991297785
886,8.86,0.0005930343292365262,1.9996187758746862
887,8.870000000000001,-9.480092186559437e-05,1.9997131925273746
888,8.88,-0.00021828028505911184,1.9996203010176508
889,8.89,-0.0001286565964157292,1.9994383424929993
890,8.9,-7.199075644988181e-06,1.9996753945582195
891,8.91,-3.100230621649869e-05,1.9994692145909065
892,8.92,-0.0003370370925700611,1.9998347526013813
893,8.93,-0.00043497301157878276,1.9999442492320012
894,8.94,0.00024834486454913655,1.9994410243340242
895,8.950000000000001,0.0002621142074644673,1.9998632779978385
896,8.96,0.00015666130869336527,1.9998805072827304
897,8.97,0.0003515220497432736,1.9997394519031853
898,8.98,-7.156431363219002e-05,1.9999325462229711
899,8.99,5.73514909252222e-05,1.999484468119061
900,9.0,0.0002238758752202272,1.999977997424175
901,9.01,0.0003498175987027843,1.9999234679453237
902,9.02,-2.61183315840277e-05,2.000078198913382
903,9.03,6.127946083166191e-05,1.999580741468304
904,9.040000000000001,-0.0002816538500233346,1.9998918092745517
905,9.05,1.1152065386652531e-05,1.9998225123503655
906,9.06,0.00023096596344702682,1.999500882858486
907,9.07,0.0004024962310799734,1.999839856780513
908,9.08,0.0001347689794369075,1.9998514049937635
909,9.09,-6.853288649237213e-07,1.9995802882000202
910,9.1,0.0004879560298012862,1.9997217814115373
911,9.11,0.0005471647355687189,1.999829788694145
912,9.120000000000001,6.675213109967322e-05,2.0001598483509686
913,9.13,-8.797238003347262e-05,1.999472788616368
914,9.14,0.0004635320720363745,1.9999541859740992
915,9.15,-6.417107349270429e-05,2.0002328581256097
916,9.16,0.0003901515587428028,1.9997176940056132
917,9.17,-4.372555764856642e-05,1.9996903762996403
918,9.18,1.5044240463218036e-05,1.999713753239855
919,9.19,-0.00015049074545367373,1.9996288347252231
920,9.200000000000001,0.0009134009602768102,2.0000644115907376
921,9.21,-6.226040217713333e-06,1.9997902735516135
922,9.22,0.0002954957505971682,1.9997152100809756
923,9.23,0.0003001638039004424,1.9999526333850637
924,9.24,-0.00024187831900004313,1.9999199335845774
925,9.25,-0.0002227636783708082,1.9997916466220975
926,9.26,3.317171411415615e-05,1.999853940663179
927,9.27,0.00041076075024671266,2.0000248615632175
928,9.28,-0.0002239446300519566,1.9997712142580788
929,9.290000000000001,0.00017803811332815498,1.9998849238751835
930,9.3,0.00018444367894705153,2.0000091875305483
931,9.31,0.0002962779281382958,1.9996261053640962
932,9.32,0.00013302749900989403,1.9999093405765411
933,9.33,0.0001030363315604077,1.9995855477562223
934,9.34,-2.0461381537856464e-05,1.9998867413889778
935,9.35,-0.00045982523030434533,2.0001440024389217
936,9.36,-0.00031215605202959397,1.999724954703008
937,9.370000000000001,6.391764014415526e-05,1.9997834249122308
938,9.38,0.0002632450283956058,1.9997067784267273
939,9.39,0.00030521142931511287,1.9998415658433766
940,9.4,-0.00010952987089458995,1.9996868614564085
941,9.41,0.000309425849200488,1.9997756330149945
942,9.42,-0.0004943159800154865,1.9997636739470381
943,9.43,0.00023601933950257521,1.9997534158015149
944,9.44,0.0003904878613135825,1.9997133290615152
945,9.450000000000001,-4.671922658878246e-05,2.000068614251234
946,9.46,0.0002979940952247867,1.9997160067692656
947,9.47,0.00015163089263296303,1.9999191978430315
948,9.48,-9.014816896543692e-05,1.9999966668674527
949,9.49,-0.00012581475794488022,2.0000395221964316
950,9.5,-2.8589748947216982e-05,1.9998965736476733
951,9.51,0.00011048274007534589,1.9997175585098816
952,9.52,0.0003332792901229299,1.9998404142169381
953,9.53,0.00022204109875684713,1.999888148506178
954,9.540000000000001,-0.00024101595515896583,1.9995969439232992
955,9.55,0.00037047170338129655,1.9997215155576364
956,9.56,0.0004083119695880082,1.999606203675277
957,9.57,-4.2105242877577754e-05,1.999811492437593
958,9.58,-0.0001452053656224917,1.9996446630006715
959,9.59,0.00035988877922690207,1.9997297427096103
960,9.6,0.0007797383026217568,1.9997423521885782
961,9.61,-7.066329155825293e-06,2.0000860693149844
962,9.620000000000001,0.0001374082680481738,2.0003314349945245
963,9.63,0.00020272234491741653,1.999911819954384
964,9.64,0.0003048686132725346,1.9995779616504634
965,9.65,-0.00039254624270260136,1.9997560206022007
966,9.66,-0.0004084945468638648,1.9998935801561646
967,9.67,5.7752832124434555e-05,1.9999121935143904
968,9.68,0.0003874935824668567,1.9998158352646997
969,9.69,-0.00029651189546984195,1.999960774346554
970,9.700000000000001,0.00017828728299089315,1.999380228202134
971,9.71,-0.0006842792011145835,2.000283401620268
972,9.72,0.00035341067982083333,1.9998480171435549
973,9.73,-0.0002908820324131437,1.999900935901054
974,9.74,-3.7461201992855154e-05,1.9998954715816748
975,9.75,3.510969750238497e-05,1.9998016380640435
976,9.76,0.00012382328503884605,2.0004074474926012
977,9.77,-0.00020067545479742686,1.999918584420119
978,9.78,0.00031806405923016603,1.9998449298878511
979,9.790000000000001,-0.00013898565098975846,1.9999334907039839
980,9.8,-5.592583414890002e-05,1.9996365576260076
981,9.81,0.0001091428827825873,1.9996350668472866
982,9.82,0.0005477811297837109,2.0003039462318126
983,9.83,-5.518777165474367e-05,2.0000598667669642
984,9.84,3.024571463885575e-06,1.9997865793849052
985,9.85,0.00014146211380000652,1.9995811126058751
986,9.86,-0.00018748830100699082,2.0002284706585747
987,9.870000000000001,4.560632504549814e-05,2.000376191306376
988,9.88,-0.0001265662615638173,1.999773509111745
989,9.89,0.0006827910365084845,1.9997003207233641
990,9.9,-1.3629288384539259e-05,2.0001157022629354
991,9.91,6.477261439020293e-07,1.9997259693272937
992,9.92,0.00010165198858755422,1.9999013183003935
993,9.93,0.00014512065828850974,1.9995801871336938
994,9.94,-0.0004960185266046532,2.000111743157155
995,9.950000000000001,0.0007522248880470337,2.0002366015142856
996,9.96,-0.0002511968791757223,1.9999904021692314
997,9.97,0.00041492230552015586,1.9997281624398138
998,9.98,-0.00015041760740346885,2.0001169566426418
999,9.99,0.0001105649619660086,2.0000117642118824
1000,10.0,-4.76159444107344e-05,2.0000066159999963
1001,10.01,-0.0002695001048651802,1.9996195705630269
1002,10.02,-0.00014273073242066653,2.000093734641334
1003,10.03,-8.639828943398921e-05,1.9999617773558744
1004,10.040000000000001,0.00011794934797554327,1.999911737525856
1005,10.05,-0.0005276217523429063,1.9995355774110477
1006,10.06,-0.0003021911767475442,1.9998115461882706
1007,10.07,-4.600453811837308e-05,2.000164668362129
1008,10.08,0.00018459763801173315,1.999925193227372
1009,10.09,-0.0002992392416350563,1.9998377819977875
1010,10.1,6.849071534116304e-05,1.9998876872586275
1011,10.11,-0.00013438046848008705,2.0001169109736296
1012,10.120000000000001,-0.00011354049556625974,1.9999731558119878
1013,10.13,0.00013464260768074394,2.0001667535678735
1014,10.14,0.0004185781538715665,1.999957239678893
1015,10.15,-0.00015060450099534805,1.9999194475287396
1016,10.16,-0.00020029606812182207,1.9999005490911623
1017,10.17,0.00011256397710858693,1.9999406094531098
1018,10.18,-0.00014264957675828367,2.0000431947413815
1019,10.19,0.00030509502700274663,1.9998923213081805
1020,10.200000000000001,-0.0003460434604003549,1.9998939084045195
1021,10.21,-3.095821310474986e-05,1.9998772641021088
1022,10.22,0.00029294065098852654,1.9999763734239016
1023,10.23,-0.00017670256998006522,1.9998960786463438
1024,10.24,-3.2512146761547044e-05,2.000028418625878
1025,10.25,-8.723305226277216e-05,1.9998122345465423
1026,10.26,0.00038715257095491554,1.9997420121761407
1027,10.27,-0.0002910028886396955,2.00037173689134
1028,10.28,-0.0001593830365903306,1.999944688586369
1029,10.290000000000001,-3.824997194408856e-05,2.0001658205959254
1030,10.3,-0.0002948391592070982,2.0003802386550547
1031,10.31,1.2128665506144316e-05,2.000273420915302
1032,10.32,0.00014406357250262657,2.0001287253238296
1033,10.33,3.8733138054807634e-05,1.9999071188146504
1034,10.34,-0.00021965853463730032,1.999965952944034
1035,10.35,0.0002591178016178256,2.0001593851169654
1036,10.36,-3.672903385542738e-06,1.9995523387438086
1037,10.370000000000001,5.217870052348464e-05,1.9996506078436853
1038,10.38,-0.00033545802635662447,1.9997837530695788
1039,10.39,0.0002340062490593625,1.9998586378460883
1040,10.4,-3.348129338123862e-05,1.9997735284208944
1041,10.41,0.0003782716760266241,1.9995864851976262
1042,10.42,0.00029368217677393015,2.000050039586739
1043,10.43,-5.360798047691603e-05,2.000266425711538
1044,10.44,-0.00024893041986375896,2.0000813160446524
1045,10.450000000000001,-5.481504795955138e-05,1.9998647454011023
1046,10.46,-0.0001279287586068757,2.000040944052222
1047,10.47,0.0005706742750233829,2.000022900873861
1048,10.48,-3.2534951717773496e-05,2.0001544993582048
1049,10.49,-0.00015687832161541182,2.000071719102196
1050,10.5,0.00015156302170510783,2.0000420059282855
1051,10.51,-0.00025604257803180173,1.999967047498871
1052,10.52,-0.00019084607506897236,2.000156643531226
1053,10.53,6.363300013731185e-05,1.999687222341899
1054,10.540000000000001,-0.0004063457751921336,2.000203688804542
1055,10.55,-0.00018996388217353745,1.9996907214621558
1056,10.56,0.0003024192296444962,1.9995985083171557
1057,10.57,0.00012006631811302933,1.9998786097823076
1058,10.58,-0.00016323713780583648,1.9997215893663876
1059,10.59,-8.70290626309848e-05,1.9997977568908716
1060,10.6,-0.00012113100410968532,2.0003131854329155
1061,10.61,-9.38870048566214e-05,1.999952422361289
1062,10.620000000000001,0.00010241005959340526,2.0001065330108725
1063,10.63,-4.223451396125395e-05,1.9996611922451883
1064,10.64,9.26953742699822e-05,2.00003404183357
1065,10.65,7.058076115267414e-05,2.000162230303223
1066,10.66,-0.0002671553917780316,1.9999614254616747
1067,10.67,0.0002871379066629191,2.0001055972690547
1068,10.68,0.00020629367284640855,1.9998142258377556
1069,10.69,0.00028185975953427247,1.9998014658843324
1070,10.700000000000001,8.619696452117704e-05,2.0000960507611945
1071,10.71,-8.671371717735915e-05,2.000105626290677
1072,10.72,0.0005649784512091848,2.000208348316467
1073,10.73,0.0004941683342581396,1.999872216267206
1074,10.74,-0.00015961589040041228,1.999590403201855
1075,10.75,-0.00019507738671211566,1.999867620130711
1076,10.76,8.416402146068586e-05,1.9998735368026648
1077,10.77,0.00018455572440264105,1.9998624055313523
1078,10.78,-0.0001936000427305396,2.000008023435371
1079,10.790000000000001,0.0005501398887077613,1.9999678899747373
1080,10.8,-0.00018933823729515694,2.000041281468168
1081,10.81,-0.0002290993756997637,2.0003382281524384
1082,10.82,-0.00011169433768785133,1.9997600700715328
1083,10.83,0.00018584078536561707,1.9996807908931367
1084,10.84,5.770831016486641e-05,1.9996933197506834
1085,10.85,-4.2162414777426497e-05,1.9997743740256186
1086,10.86,0.00042935548382687713,1.9997780710015127
1087,10.870000000000001,2.5270411412155595e-05,2.0002722357813654
1088,10.88,0.00012031806979824769,1.9999234296978492
1089,10.89,-1.8221484925180537e-05,2.0000303374426216
1090,10.9,0.00017173949280317207,1.9996644034873097
1091,10.91,3.516765715760611e-05,1.999991655999378
1092,10.92,0.00021280278368516464,1.9997532145582089
1093,10.93,-0.00025436297886757364,1.9996044438806029
1094,10.94,-0.00013635368949071704,1.9998950620852658
1095,10.950000000000001,-0.0003032103777175502,1.9997773540442956
1096,10.96,-1.2204830901622319e-05,2.0001784624591425
1097,10.97,-0.0003575943519079447,2.0004276653131132
1098,10.98,-6.691793083406296e-05,1.9998541655830522
1099,10.99,0.00020882947924352483,2.0000362911881195
1100,11.0,-3.096346383426639e-05,2.00012556276272
1101,11.01,-0.00020439153944633746,1.9996653957722823
1102,11.02,1.9125165726731933e-05,1.9998449703995709
1103,11.03,-4.860868361087129e-05,1.9996147208605015
1104,11.040000000000001,-4.379343806424217e-05,2.000052477780816
1105,11.05,-0.00032818066243308063,2.000103147726517
1106,11.06,0.0002719349305882768,1.9998187026443375
1107,11.07,-0.00033420131179011153,2.0001158089797766
1108,11.08,-8.160510724707371e-06,1.999946457964563
1109,11.09,0.0004024618758159348,1.9999334698704136
1110,11.1,-5.6829334204342736e-05,1.9998512341340828
1111,11.11,0.0003025572170355279,1.9998827712219645
1112,11.120000000000001,-0.0003024291791080613,2.000223199177331
1113,11.13,-0.00018557077948111168,1.999732761282596
1114,11.14,3.990111567468342e-05,1.9996493417300627
1115,11.15,0.00046875963741213156,2.000211582995408
1116,11.16,0.00020847215215071438,1.9999342787863656
1117,11.17,-1.670015625580857e-05,1.9998243821632842
1118,11.18,0.00021099567814423877,1.999818411741149
1119,11.19,0.00015409818314843538,1.9999524780668834
1120,11.200000000000001,0.00039501198521479404,2.000034116253016
1121,11.21,0.0001061715976440299,2.0001961049314176
1122,11.22,0.0001363908798615047,1.9998228389303079
1123,11.23,4.785414083389698e-05,2.0000402012196496
1124,11.24,-9.307299673087861e-05,2.0001984656123057
1125,11.25,3.1566531368690126e-06,1.9998632967765155
1126,11.26,-0.00037148226377708385,1.9999734039331374
1127,11.27,7.118541661534291e-05,2.000052604854923
1128,11.28,0.00010496115948199804,2.0000379122546
1129,11.290000000000001,-0.00021772273847863322,1.999880917814203
1130,11.3,0.0004780778335854346,1.999862056065098
1131,11.31,0.0003240244712490283,2.0000397498406355
1132,11.32,1.975669265506494e-05,2.0002352775836227
1133,11.33,-0.0002587144192004928,2.000123163968426
1134,11.34,-0.0004873130714972889,1.9999569971058455
1135,11.35,-9.101045688704228e-05,1.9996327350264866
1136,11.36,0.0005903923582781604,1.9998526924370643
1137,11.370000000000001,-0.00025302109836791806,1.9999063174731964
1138,11.38,-0.0005497009119135968,1.9997489086240057
1139,11.39,0.0003026381485696609,1.9999639878350453
1140,11.4,9.232322119451875e-05,1.999863892919789
1141,11.41,-5.652195716009867e-05,2.000024881395358
1142,11.42,0.00033407683497221267,2.000118317457337
1143,11.43,9.441108176041772e-05,2.0001216510622184
1144,11.44,9.522846941101143e-05,1.9999284121066867
1145,11.450000000000001,-1.9087907990070923e-05,2.0000313902819435
1146,11.46,-0.00023161896067476422,1.999915411014475
1147,11.47,-0.00033044554323691087,2.000085630316014
1148,11.48,0.00018684459657043067,2.000246332193779
1149,11.49,-0.00041358779985135527,1.9997788823269547
1150,11.5,-0.00011023306303811627,1.999955131293697
1151,11.51,7.462997047094326e-05,2.000124597776938
1152,11.52,2.7516923948673442e-05,2.0001392198301917
1153,11.53,-0.00010598507694361932,1.9999253996356678
1154,11.540000000000001,9.956268894794673e-05,2.0000026706021274
1155,11.55,-2.2070587802115257e-05,2.0000305610149427
1156,11.56,0.0002026332378256781,2.000066123980189
1157,11.57,0.0005907129659045049,2.000073050938436
1158,11.58,0.00011752151714387652,1.9998895368209826
1159,11.59,0.00034864277358841015,1.9999664466917373
1160,11.6,0.0003177957860566158,2.0005128382516593
1161,11.61,8.918912364618783e-05,1.999926488866993
1162,11.620000000000001,-0.00012824891961964738,1.9998396082617989
1163,11.63,-0.00023475671047048285,2.000170283209432
1164,11.64,3.419040128200311e-05,2.000213280369177
1165,11.65,0.00013707124749818826,2.000206777779711
1166,11.66,0.00021814947757610011,2.0000686444293465
1167,11.67,0.0002561816170283697,2.0000621908747833
1168,11.68,-0.00011327158029905525,1.999981652380587
1169,11.69,-0.00013997209032072443,1.9999728620293369
1170,11.700000000000001,-0.00021453130902951588,1.9999656869052087
1171,11.71,0.00024206784635860416,2.000049970958571
1172,11.72,0.00047962694624079555,2.0000802241896025
1173,11.73,-0.000192712508369747,1.9999962040881256
1174,11.74,-0.000183895208029226,1.9998005030212023
1175,11.75,1.6855371197685493e-06,1.9999649211536203
1176,11.76,0.0001611191152449071,1.999908483872513
1177,11.77,-0.00013180460665640834,2.0000234828539787
1178,11.78,0.00043070505144323187,2.0000215312873344
1179,11.790000000000001,-0.00010445338175682622,1.999803765893111
1180,11.8,0.000388134117893622,1.9998920298509912
1181,11.81,-0.0005077821479416079,1.9995945041435066
1182,11.82,-9.40255167710245e-05,2.0003076740438046
1183,11.83,-9.755863789568249e-05,1.999347860985665
1184,11.84,-0.00016328983443942232,1.9997882434754166
1185,11.85,-1.3434302470081881e-06,1.9998204005892466
1186,11.86,0.00020874841927330455,1.9996854306706782
1187,11.870000000000001,-0.00010958682854808801,2.000291469493825
1188,11.88,-0.00024079824401892957,1.9998608414670271
1189,11.89,0.00016948185189223088,2.0001226297630565
1190,11.9,-3.990549045106899e-05,1.9998668844098404
1191,11.91,7.548976100441328e-05,2.0002383161344413
1192,11.92,0.00021920078980114204,2.0005065855110047
1193,11.93,-3.139825086973557e-05,1.9999762119680167
1194,11.94,-0.00028333658738839923,1.9997078875176395
1195,11.950000000000001,-9.620296213227748e-05,2.000306547384711
1196,11.96,-0.0003292320505220241,1.9997862595716125
1197,11.97,-8.986816112647588e-05,1.9998425465963823
1198,11.98,0.00019846610905601076,2.0000312832330667
1199,11.99,0.0004973592481729628,2.000040435092132
1200,12.0,-0.0003690700199582277,2.0000141905851447
1201,12.01,0.00015303069541822972,1.9998805576161403
1202,12.02,9.882520055005541e-05,2.0000328276367285
1203,12.030000000000001,-6.15275267722436e-05,2.000021427014287
1204,12.040000000000001,-0.00012399981343956225,1.9997002367452938
1205,12.05,-1.2742632632860714e-05,2.0003493454230363
1206,12.06,9.8009135681574e-06,1.9998299904682613
1207,12.07,0.00014396979279419298,1.9996670996178492
1208,12.08,-0.00017778433994500783,2.0001578757685534
1209,12.09,0.00011708694340775267,2.0003967385564807
1210,12.1,9.214906811668346e-05,2.0001138019207327
1211,12.11,-0.00011383722775740204,1.999932197603051
1212,12.120000000000001,0.00019281214346719038,1.9999951705061965
1213,12.13,-0.0002907012962791694,1.9999388722122744
1214,12.14,0.00010567490502750487,1.9999842914139219
1215,12.15,0.0001786580657258446,1.9998709859655934
1216,12.16,9.492145012301321e-05,1.9998033107496849
1217,12.17,5.382877117530811e-05,1.9999616689135293
1218,12.18,-0.00011081814605242734,1.999580658706584
1219,12.19,4.3607586823172226e-05,2.000353163812662
1220,12.200000000000001,0.0004642078035811289,1.9998558862651583
1221,12.21,0.00026563242768254814,2.0001761582338147
1222,12.22,0.0002724756807152425,1.9999951955645263
1223,12.23,6.72820013570823e-05,2.00022320248692
1224,12.24,-2.7479269583357776e-06,2.0000464672971194
1225,12.25,0.0001252968081400458,1.9997603689552783
1226,12.26,5.3799497668918e-05,2.000062484050802
1227,12.27,-0.00010082406707769489,2.000301892895666
1228,12.280000000000001,0.00010812777146897967,2.0001703351202487
1229,12.290000000000001,7.268256974511443e-05,2.000228660943866
1230,12.3,-0.00043653749623021195,2.000237289717426
1231,12.31,-0.00010654272899226453,2.000025601393501
1232,12.32,-0.00014348240338381713,1.9998570601421704
1233,12.33,-5.5691645767410546e-05,1.9997603816307676
1234,12.34,0.00037148819094901295,1.999849003019362
1235,12.35,5.790696514320365e-05,2.0001168738887385
1236,12.36,0.0001667005398035598,2.000034122178222
1237,12.370000000000001,-9.8473476394093e-09,2.0003553136710432
1238,12.38,-0.00012873710521234225,2.000223023331809
1239,12.39,-2.6702358710630436e-05,2.0000349209538677
1240,12.4,0.00033500870604559506,2.0002226763974873
1241,12.41,0.0003157626336114626,1.999900105283044
1242,12.42,-0.0002762672097346192,2.000011667760071
1243,12.43,-0.0001595823081327378,1.9996280785076646
1244,12.44,-0.0004357842651695089,1.9997647471194526
1245,12.450000000000001,5.025076602869684e-05,2.0002511939413785
1246,12.46,0.00030264179527879847,1.9996272448203338
1247,12.47,0.0002340764540370527,1.9998973967108855
1248,12.48,-0.0001662930262640603,2.000252506512191
1249,12.49,-0.0007184949031022749,1.9997324736387805
1250,12.5,-2.1940609949453206e-05,2.0001839243922612
1251,12.51,0.0001139596131534921,2.00013203003405
1252,12.52,4.499329284873857e-05,2.0000686532928396
1253,12.530000000000001,0.000492186278538196,2.000045879029777
1254,12.540000000000001,6.3492281845704164e-06,1.9993514463123563
1255,12.55,5.896767168067609e-06,2.000012286970342
1256,12.56,-7.490744235556979e-07,2.0000805884467607
1257,12.57,0.0003538704189233573,2.000002089387903
1258,12.58,-0.00023075126040970773,2.0000740080266928
1259,12.59,-0.00046435274388279197,1.999896383362076
1260,12.6,0.00018121537224640994,2.000087658975364
1261,12.61,-3.776423231406284e-05,2.000097859218799
1262,12.620000000000001,0.0002055905794624682,1.9994534214827306
1263,12.63,0.0002468324208593282,1.999342406638537
1264,12.64,-0.00016791837554328375,2.0000189767904146
1265,12.65,0.00044031854111796183,1.9998928284899666
1266,12.66,-0.0002073166687988582,1.999702576592433
1267,12.67,-8.395285688700376e-06,1.9996726575630939
1268,12.68,0.00010714409293929625,2.000184076227557
1269,12.69,-0.00010527332799337091,1.9998683823213352
1270,12.700000000000001,-0.0004994202347399303,1.9996954144101649
1271,12.71,3.1237715231693545e-05,2.000034816407072
1272,12.72,0.00013087330230996004,2.0001749251330003
1273,12.73,0.00031479892708486073,2.00004777615037
1274,12.74,-0.00017974020281065424,2.000208463791024
1275,12.75,0.0004377637473511545,2.000022730438823
1276,12.76,-0.0004332548392645038,2.000072684863509
1277,12.77,-0.00011869752327106711,2.0000828893806037
1278,12.780000000000001,0.00012377949622402075,2.000202042119603
1279,12.790000000000001,0.00010007835425115734,1.9998639784620942
1280,12.8,0.00030924166293171476,1.9996941576347376
1281,12.81,0.00011126147502803158,1.9997355641017192
1282,12.82,0.00014821437486102197,2.0001372564950013
1283,12.83,-0.00014071263994695426,1.9999139826737078
1284,12.84,-0.0003354207417981762,1.9999046564436762
1285,12.85,-0.00045324500975607324,1.9999515607447325
1286,12.86,-1.564444926755121e-05,1.9999082573091942
1287,12.870000000000001,-0.0005344524843932483,1.9996813831006022
1288,12.88,6.325008495286781e-06,1.9999782924293712
1289,12.89,-0.00024211908695937018,2.0005646063873144
1290,12.9,-0.00020554323905768248,2.0001838274052557
1291,12.91,-0.0004657626395946797,1.9998061333966268
1292,12.92,-6.844422632721283e-05,2.0000674425346325
1293,12.93,0.00031768424414951554,1.9997771668083566
1294,12.94,0.00045960935366114565,1.9998497604248735
1295,12.950000000000001,0.00025186093724208723,1.999732133618206
1296,12.96,0.0002789975996773541,1.9999605831332117
1297,12.97,0.00016117117439239182,2.0003516716507947
1298,12.98,-0.00019460742465697987,2.0001759301351747
1299,12.99,-0.00040399612266869535,2.0001411166677596
1300,13.0,0.00016498809738755004,1.9998488826982874
1301,13.01,-3.5788121338515045e-05,1.9997168914302221
1302,13.02,-4.338267784232889e-05,1.999580344434246
1303,13.030000000000001,0.00031410928270676503,2.0001768924337147
1304,13.040000000000001,7.598817603178303e-05,2.000148259196896
1305,13.05,0.00021591612186110066,1.999779212273527
1306,13.06,-0.00038161915015682017,1.9997863848403095
1307,13.07,0.0006048207075057148,2.000419639216525
1308,13.08,0.00018374927346097455,2.000236417602077
1309,13.09,-0.00042391746523304485,2.0000528564790585
1310,13.1,4.8940383003899526e-05,2.0000552714737942
1311,13.11,-9.974250155656605e-05,1.9998049322608102
1312,13.120000000000001,0.0006255725244032947,1.9999942665897594
1313,13.13,-0.00044985133541717545,2.0000728812641735
1314,13.14,-1.7958540437555618e-05,1.9998063070270253
1315,13.15,0.00012968503244543874,2.000145573045582
1316,13.16,-0.0001543006758333393,2.0001147154002727
1317,13.17,0.0003231369414033344,1.9999501418843133
1318,13.18,-0.00023044557185475368,1.9994750440882356
1319,13.19,-0.00019612049026908505,2.000320017674107
1320,13.200000000000001,0.0003305171832514971,2.0000989888846434
1321,13.21,0.00018737021834246522,2.000149039584148
1322,13.22,-6.681502080627295e-05,2.000307371267385
1323,13.23,-0.0008897147360528663,1.9998194591962328
1324,13.24,2.3825520609049654e-05,2.000159458569588
1325,13.25,-0.00026569515166016515,1.9997224780557243
1326,13.26,0.0004021993966181215,2.0001949468022198
1327,13.27,-3.4951047291378026e-05,1.9998405409549893
1328,13.280000000000001,1.400449347649975e-05,2.0000939944319907
1329,13.290000000000001,-0.00038649357404184326,2.0001829192571625
1330,13.3,0.0003394244443771279,2.000004922427111
1331,13.31,-0.0001639180085049633,1.9996109230588266
1332,13.32,9.398163859081495e-05,1.9998425778082685
1333,13.33,0.0003532755654098338,1.9997205066265555
1334,13.34,-3.0162334126577453e-05,2.0004504118815287
1335,13.35,-0.00011921338268903977,1.999877223255167
1336,13.36,-0.00030491386495178416,2.000393221896348
1337,13.370000000000001,0.0003580342037494124,2.000120809310451
1338,13.38,0.00017410631912539827,1.9999530653441004
1339,13.39,0.0003819336114067201,2.000090958717328
1340,13.4,0.00021953931498902592,1.999913586462052
1341,13.41,0.00011875910788050826,2.0003156737930796
1342,13.42,-0.0004896581250684356,1.999828793433975
1343,13.43,-0.000542157004771665,1.9996592273592788
1344,13.44,-0.0005901086902437593,1.9996466023730748
1345,13.450000000000001,-0.0003484154409030951,1.999492911366986
1346,13.46,-1.701618807356902e-05,2.000194833282282
1347,13.47,-3.254858814872697e-05,1.9995287073266865
1348,13.48,0.00014101816877508985,2.0000090589354196
1349,13.49,0.00012702887142383384,1.9997386323534279
1350,13.5,0.0003999480710375338,2.0001703940113544
1351,13.51,-0.00013489137403109035,2.000253249604261
1352,13.52,0.00012889512134403662,1.9999933090779927
1353,13.530000000000001,0.0002060361737844349,2.0001289173467507
1354,13.540000000000001,-5.644688403807914e-05,2.0000161866387822
1355,13.55,-0.00012593850864996644,1.9994809692149362
1356,13.56,0.00014836713708463983,1.9999868503116704
1357,13.57,-2.7811929595340613e-05,1.999809325065526
1358,13.58,0.00018569576479655073,2.000353825806045
1359,13.59,-5.4907499307541617e-05,2.0001405093576703
1360,13.6,-0.0003948544207210214,2.0001081731326376
1361,13.61,4.1355333837850585e-05,1.9997128281504244
1362,13.620000000000001,0.00022164622784447813,1.9998055261437668
1363,13.63,-0.00041905361676946077,2.0004100487568364
1364,13.64,0.0001822722153097064,1.9999493675665339
1365,13.65,6.585674587454687e-05,2.0000725009938067
1366,13.66,-0.00015134712100259995,2.0000461782254177
1367,13.67,-0.0002925044366380069,2.0000938315001133
1368,13.68,3.941931583304379e-05,1.9998831668556103
1369,13.69,6.461529378002546e-05,1.9999041517194935
1370,13.700000000000001,0.00013615758834759474,1.9996443532553125
1371,13.71,-0.0001303746371814659,1.9998072788731949
1372,13.72,-0.0006547304165361016,1.9998211130348107
1373,13.73,0.00036843210296176625,1.9999406597779266
1374,13.74,-0.00023115863565387643,2.000307167922948
1375,13.75,0.00031166663119037654,1.9998874805295244
1376,13.76,-6.647754010826533e-05,1.9996753084610508
1377,13.77,0.00011868007230959493,1.9999953343914172
1378,13.780000000000001,8.027455041225719e-05,1.9998062008410629
1379,13.790000000000001,-0.000995298830337917,1.9995902532928642
1380,13.8,6.76321258352098e-05,2.000120673283073
1381,13.81,-0.0007728415248780855,1.9995672956629995
1382,13.82,0.00018059732555857926,2.0001774842231805
1383,13.83,-0.0002513550570146901,1.9997649404468552
1384,13.84,2.0791123251572862e-05,2.0000197936327075
1385,13.85,-0.00024076724382414338,1.9999010602948557
1386,13.86,-3.1823277389859167e-06,1.9999415184519607
1387,13.870000000000001,-2.2189785733949435e-05,2.000069524206676
1388,13.88,-0.00017139897325318485,1.9998861863470705
1389,13.89,0.00023229380370082077,1.9998022661784303
1390,13.9,0.00020404277664377185,2.000158474651147
1391,13.91,-0.00019520365040841088,1.999699600444826
1392,13.92,-0.00016488132438850328,2.000249305673051
1393,13.93,6.977535683897184e-05,2.0000745881293494
1394,13.94,-0.00014863821126892503,2.0000500130137557
1395,13.950000000000001,0.0002483865665439829,1.9995973411511438
1396,13.96,-0.0003559539139241273,1.9996734372117055
1397,13.97,0.00024416355519362137,2.0000452768956
1398,13.98,0.0003541815054927674,2.0002198900514006
1399,13.99,4.602193758595804e-05,2.0000302383029416
1400,14.0,0.00023075496752652085,2.0001693077791907
1401,14.01,-0.00013365968538221412,1.999918641734688
1402,14.02,-0.0003096766710317412,1.9999343744872846
1403,14.030000000000001,-0.000541055893246946,2.0002755465054727
1404,14.040000000000001,0.0003578525374513812,1.999987083862676
1405,14.05,-0.00026679663514257034,1.9999997575392237
1406,14.06,0.0003837900241639627,2.00010750871571
1407,14.07,0.0002685969583668077,2.000023228207654
1408,14.08,-4.002523684080704e-05,1.9999090639061272
1409,14.09,6.852497306396697e-06,2.0002176785387418
1410,14.1,-0.0002208841984525897,1.9997135218493194
1411,14.11,-0.00031310674796228483,2.0000940296583956
1412,14.120000000000001,-0.0003505633347459148,1.9999752431163385
1413,14.13,-0.00027009539930595623,1.9998260737483438
1414,14.14,-0.00039211368538384184,2.0000152060053935
1415,14.15,-5.520967154551102e-06,1.99999079542478
1416,14.16,0.0002950902785299239,1.9999060306014915
1417,14.17,0.00023245158554712758,1.9997096309962188
1418,14.18,9.477214231805158e-05,2.000006843539987
1419,14.19,-2.5252419211417876e-05,2.000153729342977
1420,14.200000000000001,-0.00020257181284692103,2.000136477381219
1421,14.21,7.816985988283181e-05,2.000344034331406
1422,14.22,0.0003612804526211464,1.9996536997883796
1423,14.23,7.527482204397182e-05,2.0001873436175726
1424,14.24,-0.00020426346290748377,2.0001135891360438
1425,14.25,-0.00017046101512225792,2.00023407775396
1426,14.26,-1.4305492780966108e-06,1.9998841813310255
1427,14.27,-0.00011353578222726652,2.000191752691789
1428,14.280000000000001,0.0002521815927970551,2.000197924302084
1429,14.290000000000001,-0.00036442387010096925,2.0000210659261612
1430,14.3,0.00024039003842950876,1.9998646537142435
1431,14.31,0.0002712414952939944,2.0000102009711083
1432,14.32,-0.00015087818956089377,2.0000461406569245
1433,14.33,-0.00033862304560401614,1.999977583246081
1434,14.34,-0.0002825998193679548,1.9998973810641876
1435,14.35,0.00042295306029158027,1.999933296964714
1436,14.36,0.00013683407066527947,1.9998248067136128
1437,14.370000000000001,6.535085427835304e-05,1.9995888526671428
1438,14.38,0.00026521415704719605,1.9999245139005637
1439,14.39,-2.6486573670605885e-05,1.999993524719464
1440,14.4,-5.7332378230492186e-05,1.9999199132128607
1441,14.41,5.272059268910444e-05,1.999937659333684
1442,14.42,-1.0654921257988507e-06,1.9996676796523791
1443,14.43,-0.0001290354193954787,2.0004639315393637
1444,14.44,0.0002621046399337263,2.0002251585603195
1445,14.450000000000001,0.00011103756498681042,2.0000142160437924
1446,14.46,1.3738491045773346e-05,1.999880558763385
1447,14.47,-0.0003228056234815783,1.9999692953371508
1448,14.48,0.00011436384521297601,2.0003463575547675
1449,14.49,-0.00026716368682377044,1.9998574817587838
1450,14.5,0.000654271277658895,1.9998942363692387
1451,14.51,0.0001343974167232447,2.0002272516237487
1452,14.52,0.0004186227008763897,2.0001777459979206
1453,14.530000000000001,0.0007596401939037769,1.9997895964937562
1454,14.540000000000001,0.00046184726718050514,1.9999157623857284
1455,14.55,-0.00019943427290830055,2.000001650511059
1456,14.56,0.0004049359554145409,2.000230104789464
1457,14.57,-0.00020224700736320663,1.9997702353444635
1458,14.58,-0.00026337544218330087,2.00011768314675
1459,14.59,-0.00014424454437795962,2.000186359032456
1460,14.6,0.00046451416963379477,1.9999933579501987
1461,14.61,0.00011506358128480606,1.999964587940514
1462,14.620000000000001,1.8523477735571397e-05,1.9999303216443156
1463,14.63,0.0001254067078191638,2.000130764100037
1464,14.64,0.00019126482105570437,2.0003419135208667
1465,14.65,0.00044453161218094473,2.0003333918000723
1466,14.66,0.0003146545816291839,1.9996846869134446
1467,14.67,-0.00021459522320921908,2.000077771872954
1468,14.68,-0.0006158236739385919,2.0001116902960474
1469,14.69,7.331440391551843e-05,1.9997480896475184
1470,14.700000000000001,0.0004232725709638847,2.000184815257959
1471,14.71,-0.00033542710380655023,2.0001856918101413
1472,14.72,0.0002908735238793483,1.9999107288982836
1473,14.73,0.00010210363328455452,2.0000107351217244
1474,14.74,-0.00048690565940191067,1.9997310742671532
1475,14.75,-0.00013154135282681677,2.0002115746968614
1476,14.76,-0.0002761723724489522,1.9997508118876364
1477,14.77,-0.0002814686088102735,2.000114921427533
1478,14.780000000000001,9.03250924712302e-05,1.999995875199821
1479,14.790000000000001,7.850723714062793e-05,2.000438906419073
1480,14.8,-0.00018392062307073087,2.000001187906964
1481,14.81,-0.0004432026449833699,2.0003522200547343
1482,14.82,0.00010319161878600679,2.00004948194822
1483,14.83,9.160841533607663e-05,2.0001837298792178
1484,14.84,0.000546361976462713,2.000071516518225
1485,14.85,-0.0003162673274262625,2.00015863851457
1486,14.86,0.0003116802867995515,2.000188707203101
1487,14.870000000000001,5.233644388424319e-06,2.000092785162126
1488,14.88,0.00024127510433071754,1.9998255228734478
1489,14.89,0.00018738562923158734,1.9998511304695386
1490,14.9,-3.632156856382292e-05,2.0000074727453256
1491,14.91,0.00044539556089150643,2.0002224389540424
1492,14.92,-0.0001293222160217647,2.0001224527925
1493,14.93,-0.00033704021969444177,2.000026090932162
1494,14.94,-0.0005253266983018748,2.0002654814217316
1495,14.950000000000001,-8.114102368868224e-05,1.9998632674418357
1496,14.96,0.00036859600518209564,2.0000696522723977
1497,14.97,9.00683013887615e-05,1.9999039386208117
1498,14.98,-0.00011579525333381115,1.9998019893083174
1499,14.99,0.00014820740490950894,2.000216365648474
1500,15.0,-0.00027656583306030384,2.0002754200623567
1501,15.01,0.00019021370811162506,1.9998214996256296
1502,15.02,0.00041872709933657844,2.0001212373275457
1503,15.030000000000001,-4.484096788742952e-05,1.9997920644467726
1504,15.040000000000001,6.401862720027411e-05,2.0002831471491818
1505,15.05,0.00030711918081374366,1.9999156292862448
1506,15.06,0.0001714331918154118,2.0001094956139687
1507,15.07,0.00011439236805446337,2.000106497584083
1508,15.08,0.0004730643377186682,1.9997843282331647
1509,15.09,-1.9845323008145934e-05,1.9999159737673817
1510,15.1,0.00012825700383634094,1.999785675661229
1511,15.11,0.00039967577477364986,2.000036512798927
1512,15.120000000000001,0.0001375149268231102,2.000442038248909
1513,15.13,-0.000194972966252105,1.9998529353847345
1514,15.14,-0.0001904588317490966,1.9997335677974266
1515,15.15,-0.00026927163421263154,1.999996636005605
1516,15.16,0.00021160657538724773,2.0003843418381075
1517,15.17,5.174244867047361e-05,2.000238718216663
1518,15.18,0.0003830497093247473,2.000171372157016
1519,15.19,2.1307815803406973e-05,2.0000193323772413
1520,15.200000000000001,-0.00022833755186244027,2.0002404213873914
1521,15.21,0.00012520860908947463,1.9996024046610303
1522,15.22,-0.0002120041872924208,1.9998852355478796
1523,15.23,0.00015681506397965887,2.0000989763721435
1524,15.24,-0.00011212664085050621,2.0000370850284037
1525,15.25,-0.00023097735097410006,2.000026823857968
1526,15.26,0.00029384150755173283,1.9998633678170725
1527,15.27,-8.505266142473078e-05,2.000578876625492
1528,15.280000000000001,0.00017547989066449686,1.9998667044073606
1529,15.290000000000001,0.00014160349532805848,2.000428463239156
1530,15.3,0.00013969602859325824,2.000413237599876
1531,15.31,-9.818427666117438e-05,1.999742906218971
1532,15.32,-0.00015651358382932912,2.000132213630679
1533,15.33,0.0001501169772578838,1.9997882545679344
1534,15.34,0.00020072409647532488,1.9999074889778519
1535,15.35,-0.0001176437299189688,2.000429149918937
1536,15.36,-0.00019968321809078085,1.9996895351443187
1537,15.370000000000001,0.00028644201445771327,2.0000288849716195
1538,15.38,-0.0003351609517000439,1.9997567590272893
1539,15.39,-6.006925973230044e-05,2.000372445397225
1540,15.4,0.0002246674949743391,1.9997025671278454
1541,15.41,0.00030390941430308554,1.9999792214242282
1542,15.42,0.0006754321589763567,1.9999040001827673
1543,15.43,-0.00023864446856993534,2.00030304061524
1544,15.44,0.0002793109112951344,1.9998513163230274
1545,15.450000000000001,0.00012220008747255672,2.0001439169161968
1546,15.46,0.0003048695505483901,1.999887866725581
1547,15.47,-5.218864263391912e-05,2.000500253081282
1548,15.48,0.00017522999376129705,2.0002259068312696
1549,15.49,0.0002344474425496503,2.0000020892041035
1550,15.5,-0.0002521272761832462,1.999808845294033
1551,15.51,0.00017270469600611687,1.9999941904845202
1552,15.52,-1.037231370669581e-05,2.0002348897904016
1553,15.530000000000001,0.0001383052884006348,2.000018497119241
1554,15.540000000000001,-3.054403401916025e-05,1.999988326069008
1555,15.55,0.000289590595815547,2.000087480965495
1556,15.56,1.4373321622188066e-05,2.0001628633278066
1557,15.57,-0.00017232265742762377,2.000288100432253
1558,15.58,-0.00015510000608760834,2.0001323713538
1559,15.59,-0.00022282677176501398,1.9997207236555794
1560,15.6,0.00017894156826200362,1.9998545432862156
1561,15.610000000000001,0.00015992971908048036,2.0002511981643925
1562,15.620000000000001,0.0002024007033443883,2.0002528553921874
1563,15.63,-0.0003826532780721014,2.0002892276928668
1564,15.64,7.956960878788359e-05,1.9998176028504047
1565,15.65,-0.0003596719702932573,1.9995247234235947
1566,15.66,3.411923221524506e-05,1.9997638746301565
1567,15.67,3.894408719925824e-06,1.9999843335440681
1568,15.68,2.7393757575561413e-05,2.00018872395293
1569,15.69,-2.23907673765413e-06,2.0000798407697817
1570,15.700000000000001,0.00027488965378436546,2.0003806631190018
1571,15.71,-0.00012533101821370242,2.0004941266327063
1572,15.72,-0.00045890486308338167,1.9999043652169795
1573,15.73,-0.00021294292102465767,1.9998378084446986
1574,15.74,0.0004646145580381895,1.9999856784753978
1575,15.75,-1.7829354494305907e-05,2.000002086280049
1576,15.76,-0.00013225360695307264,2.000041146387603
1577,15.77,-9.178152520539146e-06,2.0000207578171816
1578,15.780000000000001,-0.0004762917407933475,1.9999477074195873
1579,15.790000000000001,-8.071949491346082e-05,1.9996276935707034
1580,15.8,7.522921339862815e-05,1.9999741654214018
1581,15.81,-0.00028788268228005005,2.0000827603798434
1582,15.82,0.00024810945541584137,1.99957305897538
1583,15.83,0.0001505255217814162,1.99997935312139
1584,15.84,0.00043404770880045053,2.0002427540129544
1585,15.85,-0.00019310339078135364,1.9997576936634514
1586,15.860000000000001,-0.000502668382060654,1.999716312215919
1587,15.870000000000001,9.332600419993961e-05,2.000199176911306
1588,15.88,-7.462533560955336e-05,1.9998986121254503
1589,15.89,0.00031195739483746076,1.9998528214427072
1590,15.9,0.00029088622709489613,1.9999622043118441
1591,15.91,0.0006077925157579549,2.000263872846571
1592,15.92,-0.00016104448824052567,2.000126115269374
1593,15.93,-3.4475588435709655e-05,1.9997903123564909
1594,15.94,0.0004729520433969028,2.0003791963069
1595,15.950000000000001,-9.599831112467624e-06,2.0002017202173255
1596,15.96,0.0009984089256617928,2.0000024285913294
1597,15.97,-0.00025616642842254196,2.000228371224467
1598,15.98,-0.00020839348858294718,2.0000253859166097
1599,15.99,8.760486454166025e-05,1.9999385860565921
1600,16.0,-0.0002998272979762958,2.0004082421161806
1601,16.01,-0.0003946104672587558,2.000310751175587
1602,16.02,-4.124502477027248e-05,2.0000631299557776
1603,16.03,9.038763446210562e-05,2.0000590148960833
1604,16.04,3.4649499343966525e-05,1.999927437918689
1605,16.05,-9.878235194643669e-05,1.9999616646787095
1606,16.06,-5.441558515080043e-05,2.000182075313781
1607,16.07,0.00019500757422602185,1.9999929738655826
1608,16.080000000000002,2.1634793398029533e-05,2.000148075429169
1609,16.09,0.0005818945844060612,2.0002642915104527
1610,16.1,0.00017783013447395877,2.0003309897452084
1611,16.11,0.00022243584374794602,2.000348255427602
1612,16.12,-7.927308260471697e-05,1.9997076067063317
1613,16.13,-0.0008776222949977384,2.0000179837312664
1614,16.14,-0.00018117084010250636,1.9998517672194835
1615,16.15,0.0003480582297617724,1.999898724547855
1616,16.16,-0.0003961533960932974,1.999894389988489
1617,16.17,-5.573578892130769e-05,1.9998699472287078
1618,16.18,-0.0001120375220775285,1.9998309916350627
1619,16.19,0.0002985873419512324,2.0000355843758473
1620,16.2,0.00018898776128341535,2.000233522875491
1621,16.21,0.00040045138155452514,2.0001686038122712
1622,16.22,0.0001044432801024167,1.9999777380846904
1623,16.23,-0.000280313942075333,2.000277703091469
1624,16.240000000000002,0.00023153438959961953,2.000106174488453
1625,16.25,0.00040380999785035045,2.0002110614767017
1626,16.26,0.00013565867775708825,1.9997764039733292
1627,16.27,0.00026049970021943823,2.000171621260982
1628,16.28,-4.539282627757069e-05,1.9997988867211682
1629,16.29,0.00012361739277543438,2.0001425170881886
1630,16.3,-0.0003424454661363268,1.9999286340263152
1631,16.31,-0.0004106654802898255,2.000111388302111
1632,16.32,6.461819918605336e-05,2.00027838701467
1633,16.330000000000002,-0.0004901204533548748,1.9998646673143259
1634,16.34,-0.00036186654475061947,1.9999055479171899
1635,16.35,-0.00018451953958303278,2.0003332663887483
1636,16.36,-0.00011606809873081264,1.99981864043456
1637,16.37,-0.00043441547391677145,1.9998883134921206
1638,16.38,-0.0002955511328003355,2.0000293660425363
1639,16.39,0.0002832312454871003,1.999754782877254
1640,16.4,-0.00041138170087441785,2.000265369766991
1641,16.41,-0.0001988225954436823,1.9998523503928998
1642,16.42,7.38739587725864e-05,2.0000452574992007
1643,16.43,0.0004319986078108673,1.9999525514402814
1644,16.44,-5.078638934247034e-05,1.9996332961422194
1645,16.45,-0.00021662077713974331,1.9998521889018932
1646,16.46,0.0002486686125607147,1.999916116800673
1647,16.47,0.0002608753179480681,2.000344900435816
1648,16.48,0.0002341191199440004,2.0000080514803367
1649,16.490000000000002,-0.00022673079213511493,2.0000001750189296
1650,16.5,3.2375844147037076e-05,1.9999929539328127
1651,16.51,0.00014352374262203133,2.000000653892674
1652,16.52,-0.00015214990638333037,1.9998865822576244
1653,16.53,0.0002550363431979004,1.9995949773386195
1654,16.54,0.00023475428507874227,2.0002797776212002
1655,16.55,0.000766090333139136,1.9999412976694264
1656,16.56,-4.1516975430459454e-05,2.0000335393151785
1657,16.57,-0.0006790595160470954,2.0002122137534446
1658,16.580000000000002,-0.00021703369988370518,1.9999934214580104
1659,16.59,-0.00021934582772465696,2.0000587557669496
1660,16.6,0.0003411570831578998,2.0002467030062867
1661,16.61,-0.00016840845863269586,2.00002265953055
1662,16.62,-0.0002744621335284827,2.0000062454169925
1663,16.63,0.00032535453594670735,1.999822326185575
1664,16.64,0.0003658911203116143,2.0002212600623057
1665,16.65,0.00015193833172025858,2.0000580564181205
1666,16.66,0.00011759127760196787,2.0002285248117992
1667,16.67,0.0003575731731616425,2.0002348891915416
1668,16.68,0.00022751529569536036,1.9996705458382409
1669,16.69,-0.00020948602853074165,1.9998718517837608
1670,16.7,0.00025828229857627506,1.999774992045882
1671,16.71,8.317179673946968e-05,2.000269283015525
1672,16.72,-0.00017118541070689457,2.000340675053053
1673,16.73,-0.00038184335082292815,2.0000296702385683
1674,16.740000000000002,-6.794962090468732e-05,2.0001585943207916
1675,16.75,4.906085866910884e-06,1.999827240340251
1676,16.76,-0.0002155543653804803,2.000168828551579
1677,16.77,0.00016747976423060239,2.000182977176985
1678,16.78,-8.622658152552488e-05,2.00002677937537
1679,16.79,-2.8724062114497127e-05,2.0001990562723386
1680,16.8,0.0001844042705572793,2.000135958851283
1681,16.81,-5.745668174803457e-05,2.0001031277680976
1682,16.82,-0.0004451070193782591,2.000197416014668
1683,16.830000000000002,-1.0597541736302932e-05,2.0000848284753774
1684,16.84,9.816088800066974e-05,2.0000117622619884
1685,16.85,-3.6860770589713026e-06,2.000539812367573
1686,16.86,-0.0004247392897184145,2.0001519426918835
1687,16.87,1.0889305099811555e-05,1.9995836665433442
1688,16.88,-0.0003858404243734768,1.9999473077089533
1689,16.89,0.00019945682149738475,2.000178332415818
1690,16.9,6.257261379442276e-05,2.0005559451231356
1691,16.91,0.00019928897169113505,1.999928549322734
1692,16.92,7.249613149185997e-05,1.9998508129475931
1693,16.93,4.5044170700028884e-05,2.000090807908782
1694,16.94,0.00018617797435404552,2.0000259020353743
1695,16.95,-0.0003480657626991539,1.999932574197098
1696,16.96,0.00015334210678574113,1.9999944421488112
1697,16.97,-0.000402952843778952,2.000116668505234
1698,16.98,0.0002516136318445298,2.0001136908604504
1699,16.990000000000002,-8.817972271568517e-05,1.999965554713187
1700,17.0,-4.232473294820436e-05,1.9998235392222448
1701,17.01,9.229405817024047e-05,1.9996271213913779
1702,17.02,0.00029444105911351356,1.9999295031860531
1703,17.03,0.0003591869378700853,1.9999617785882546
1704,17.04,7.58833177175769e-05,2.000085937557129
1705,17.05,0.0003855767827232014,1.9996287354311097
1706,17.06,-0.0002238604449021984,1.9999116734393019
1707,17.07,0.0005096744037740264,1.9998317008086326
1708,17.080000000000002,0.00012199898633891489,1.9999948611679188
1709,17.09,4.5917040144421723e-05,2.000008589678153
1710,17.1,2.8592187684223157e-05,2.0000352571343245
1711,17.11,5.417664038256716e-05,1.9999036876073653
1712,17.12,0.00011466447651397728,1.9994021727677083
1713,17.13,0.0003008745410506863,1.9998738864124115
1714,17.14,-0.00012687942967076098,2.000054921276378
1715,17.150000000000002,-0.0002031574514282335,1.9998688096887935
1716,17.16,0.00011568995357757923,2.000195251173734
1717,17.17,-6.279458003126131e-05,1.9999848940326606
1718,17.18,0.0004066640565034676,1.99997113886998
1719,17.19,0.00026854429668736647,1.9999557809793016
1720,17.2,-0.0003658299734399208,2.000335597030978
1721,17.21,0.00028951641206644403,2.000009053959353
1722,17.22,3.502573215661791e-05,1.9995461262006229
1723,17.23,-0.00028887543009820853,1.9999804092496267
1724,17.240000000000002,0.00011991469240492206,2.0000572586723657
1725,17.25,4.08962071756152e-05,2.000412305411947
1726,17.26,0.0005545975532427608,1.999842929382602
1727,17.27,-6.165755192668233e-05,1.9995266530044111
1728,17.28,-1.4874821486679034e-05,1.9997582418723017
1729,17.29,-0.00019587498190505012,2.000002902409916
1730,17.3,0.0005940050643570335,1.9995672906166209
1731,17.31,-6.921975647371332e-05,1.9999786245535227
1732,17.32,-0.00030109247808939607,2.000089413067829
1733,17.330000000000002,9.053883158202812e-05,1.999926579860766
1734,17.34,9.58836691736876e-05,1.9997230340437537
1735,17.35,2.9948790392930517e-05,1.9999755772798313
1736,17.36,-2.2238265312767293e-05,1.9996377668378416
1737,17.37,-0.0002295901897003438,2.0003150909864105
1738,17.38,-1.7423108454424507e-05,1.9997536659629296
1739,17.39,7.332522351014242e-08,1.999930319137763
1740,17.400000000000002,0.0003072749204701746,1.999736137686775
1741,17.41,5.3596999243748095e-05,1.9999546509992516
1742,17.42,-0.00024191611238164252,2.000002667780542
1743,17.43,-0.00018107636879672256,1.9994397870883838
1744,17.44,0.0002080802110940809,1.9998167833956781
1745,17.45,-0.0002300364269034393,1.9993817705395989
1746,17.46,-0.00010730643234105284,2.0000564683789475
1747,17.47,0.0003465807971021251,1.999777450969934
1748,17.48,-0.00020436650552739397,2.0000715057331178
1749,17.490000000000002,-0.00017408687125556298,1.9997680349337974
1750,17.5,-4.287553699086857e-05,1.999651397129217
1751,17.51,-0.0003473811724320324,1.9994128452988762
1752,17.52,-0.00016130086327423204,1.9995279459724644
1753,17.53,-0.0002938926840949236,1.9994461631712979
1754,17.54,-7.024048476872506e-05,1.9994690600703486
1755,17.55,-0.0004902882336292854,2.0000440643504467
1756,17.56,-0.0002210156840628205,1.9995364737346835
1757,17.57,-4.618499632680892e-05,1.9995796334228202
1758,17.580000000000002,-0.00030583949360289567,1.9997602916340236
1759,17.59,-3.810594669410465e-05,1.9995959304258673
1760,17.6,0.00019960104229333346,1.999617079052208
1761,17.61,0.000512859208543155,1.999467704354655
1762,17.62,-0.00026983190222920335,1.9995416136047943
1763,17.63,-0.00017144939138320623,1.9994034703874115
1764,17.64,0.00012068613558185579,2.000190626356058
1765,17.650000000000002,-9.235624876556816e-05,1.9995798390933357
1766,17.66,-0.00012496045089873154,1.9996636859335783
1767,17.67,4.651699537599609e-05,1.9998084589731275
1768,17.68,-0.00018674463429034372,1.9991213139632789
1769,17.69,0.00033473077773614587,1.999437532551393
1770,17.7,-0.000490810503767171,1.9999319854897846
1771,17.71,-0.00021632623090107162,1.9996847857399838
1772,17.72,0.00011105835370390474,1.9998109229433212
1773,17.73,-0.0001562782343773851,1.9994212323640483
1774,17.740000000000002,-9.259088257788878e-05,1.9993720654467446
1775,17.75,-8.073020760901179e-05,1.9996839106359063
1776,17.76,0.00042853665673088645,1.9991753021771663
1777,17.77,-0.0001865139662413181,1.9993711496735662
1778,17.78,-0.00021527830221154846,1.999411055998193
1779,17.79,0.00033147478105609865,1.9995603058215858
1780,17.8,0.00028109075057555354,1.9996308319856306
1781,17.81,-0.00015883405988712722,1.9994035392532548
1782,17.82,-0.00036226854940611707,1.9997934847143424
1783,17.830000000000002,-8.78924338722006e-05,1.9996814554225641
1784,17.84,0.00012892604448193018,1.9994604947556087
1785,17.85,-0.00015266104778903402,1.999545089089745
1786,17.86,0.0002904662358482691,1.9994052559553108
1787,17.87,1.594285226178115e-05,1.9995468772384668
1788,17.88,-0.00043212013172368174,1.9997326676021105
1789,17.89,0.00025637175191190424,1.9994909902936635
1790,17.900000000000002,-0.00017737924217197534,1.9997709712917342
1791,17.91,6.376109527290557e-06,1.9996086771112591
1792,17.92,-0.00028856602801433974,1.9992981806727164
1793,17.93,-0.00019685026231063663,1.9993575003573867
1794,17.94,0.00012792393404148148,1.9995636325758905
1795,17.95,-0.0001465389431244611,1.9997320221807855
1796,17.96,-0.0001555686924092366,1.9994446192127606
1797,17.97,0.0005629400982089021,1.999540342427278
1798,17.98,-0.00039820817519691534,1.999977186706806
1799,17.990000000000002,-0.00038315893907605615,1.999257083778239
1800,18.0,4.4854037590092175e-06,1.9993484408317517
1801,18.01,0.00022901667457393799,2.0000357094228955
1802,18.02,-0.00011103638393543053,1.9995374048867505
1803,18.03,-0.00012681628172671368,1.9993488314072996
1804,18.04,0.0003906965657982486,1.9996212505695032
1805,18.05,-0.00024143623352385903,1.9994006748194944
1806,18.06,-0.0001421190767754329,1.9994676340595914
1807,18.07,-3.548765352461645e-05,1.9995128931189183
1808,18.080000000000002,0.0001037561859176109,1.999249805373973
1809,18.09,-0.0002483756633694413,1.9994876534626815
1810,18.1,2.9600817907581067e-05,1.99958409560263
1811,18.11,-0.0001240263786754525,1.9992213519137583
1812,18.12,0.00035062480732460876,1.9992681275330728
1813,18.13,0.0003267536072160189,1.9995757804357135
1814,18.14,5.971415646513912e-05,1.9994191093909466
1815,18.150000000000002,0.00032415790109481296,1.9992068896920463
1816,18.16,-0.0004570204104281615,1.9993315081144025
1817,18.17,0.0004886693512044148,1.9995371725018036
1818,18.18,0.00032122103550957836,1.9990955044996277
1819,18.19,-9.933975284411348e-05,1.999328797908298
1820,18.2,0.000583133115153214,1.9990863260420668
1821,18.21,-0.00024574996124560294,1.9999238546575737
1822,18.22,0.00010000689232991196,1.9993621615095212
1823,18.23,-1.619808412485198e-05,1.9996340166866562
1824,18.240000000000002,-0.00010665520276435986,1.9992528967682954
1825,18.25,0.0003070962862515785,1.999159922409654
1826,18.26,0.00027772408748423825,1.9994365498287678
1827,18.27,-0.00031916033155644514,1.9996937971841477
1828,18.28,-0.0002076502082975364,1.999894542153134
1829,18.29,-6.090849414085903e-05,1.9993427006553406
1830,18.3,4.468366995183577e-05,1.9994119559504808
1831,18.31,0.0003722478113799706,1.9997352040135852
1832,18.32,-0.00039465683245958945,1.9992277588146181
1833,18.330000000000002,-0.0007860338150615155,1.9990786976664068
1834,18.34,5.073385836794102e-05,1.9993057745715501
1835,18.35,-0.00017187073530733267,1.9992283054846256
1836,18.36,-0.00010918212456434308,1.999343402533945
1837,18.37,-6.262114924476006e-05,1.9990542657583907
1838,18.38,-7.397078050755634e-06,1.9996025379343023
1839,18.39,0.00023899103788806164,1.9994506576917062
1840,18.400000000000002,-4.740766427405117e-05,1.9997192255514695
1841,18.41,9.509199763520966e-05,1.9998464989904936
1842,18.42,-0.0001545103062076291,1.9997206953848765
1843,18.43,-0.00015738765516258915,1.9997654390170891
1844,18.44,0.0002384296142528363,1.999350436434032
1845,18.45,0.0006111447053485902,1.9990861501078476
1846,18.46,-2.9944219832747275e-05,1.9993886296029006
1847,18.47,0.0003323289558970716,1.999535809503558
1848,18.48,-0.00010641619624508337,1.999553758172951
1849,18.490000000000002,0.000714409183923229,1.9996494415928234
1850,18.5,-5.967133401314519e-05,1.9996356264029411
1851,18.51,0.00014841939276494232,1.9996226169218447
1852,18.52,-0.0003725554333123007,1.9996933638890582
1853,18.53,0.00043200264871669626,1.9995545208685166
1854,18.54,-0.00046727820242941753,1.9999132441709313
1855,18.55,-0.0002415167763642457,1.9994569068815125
1856,18.56,0.00011200073985592902,1.999380227438295
1857,18.57,0.00047711755948512104,1.9995335491779482
1858,18.580000000000002,-0.00018050665040987357,1.999713130168618
1859,18.59,-8.50115355953093e-05,1.9994076367694458
1860,18.6,-0.00030132066261777027,1.9995981901638438
1861,18.61,0.0004865976115080535,1.9994942745170674
1862,18.62,-0.00026621344113698985,1.9999497744204793
1863,18.63,-2.6126489122020752e-05,1.9997916816222927
1864,18.64,0.00010722004026584011,1.9996323236640718
1865,18.650000000000002,-0.00014672041398019683,1.9995761373063656
1866,18.66,6.635822495304303e-05,1.9998117983419854
1867,18.67,4.343727017542843e-05,1.9995510265357597
1868,18.68,-0.00023190407886836213,2.000052501493168
1869,18.69,-5.837004441915765e-05,1.9996030424133155
1870,18.7,-3.7426919840375e-05,1.9996636801007432
1871,18.71,-0.0002212746504003388,1.9995252445941463
1872,18.72,-0.0002811119084728755,1.9999825532533715
1873,18.73,0.00046755225430474766,1.9997029929983583
1874,18.740000000000002,0.00012770119978240864,1.9996846571746816
1875,18.75,-0.0002725374089698445,1.9997436360009337
1876,18.76,-7.100919991310869e-06,1.9997682734858269
1877,18.77,-0.0005444360098592708,1.9997350678586463
1878,18.78,5.753502475792878e-05,1.9997579592186254
1879,18.79,3.402306243487098e-05,1.999728514044649
1880,18.8,-2.196934598412134e-05,1.9998821882481357
1881,18.81,2.8204889246464458e-05,1.9995805256849788
1882,18.82,-7.987865655372572e-05,1.9996636579784397
1883,18.830000000000002,-0.00031127619234937854,1.9997878375696394
1884,18.84,6.72652263293387e-05,1.9997370695194054
1885,18.85,0.0005287625045418711,1.9999298187126195
1886,18.86,0.00019575797112590445,1.999534995949557
1887,18.87,0.0005659135147337034,1.9997256669916263
1888,18.88,0.00012230975897768934,1.9996737990812046
1889,18.89,-1.084963490905648e-05,1.9995607197801941
1890,18.900000000000002,0.0004329821904455278,1.9995854178739678
1891,18.91,9.840419933036763e-05,1.9998956855021852
1892,18.92,0.0004415364514753235,1.9995803415111748
1893,18.93,-4.575338882002593e-05,2.0002913848780466
1894,18.94,-7.789653087384781e-05,1.9998484568596113
1895,18.95,9.39411785515498e-05,2.000083466538247
1896,18.96,-0.00010042795976988135,2.0000143642910895
1897,18.97,-0.00010020092382162076,1.9999445570621945
1898,18.98,0.00010349518457152162,1.9997756967110145
1899,18.990000000000002,0.00028883136343917993,1.9998695495006296
1900,19.0,-0.0006121613575826825,1.9997205795763289
1901,19.01,6.631928384039686e-05,1.999680745378764
1902,19.02,0.0002183391624966814,1.9998554556718917
1903,19.03,0.0004980106038890144,1.9999024016710374
1904,19.04,5.543024203954897e-06,2.000266877324324
1905,19.05,0.00028424946873317796,2.000053109902857
1906,19.06,0.0001537684389319851,1.999934520546559
1907,19.07,-0.00015429984434101228,1.9997510254396933
1908,19.080000000000002,-0.00031956552463901117,2.0001272108591053
1909,19.09,-0.0003940381530866954,1.9996379644492892
1910,19.1,0.000398783745874354,1.999916126850747
1911,19.11,8.943418645307683e-05,2.000072292913703
1912,19.12,0.0004036221512208763,1.9997012383088952
1913,19.13,-0.0004109317051652226,2.0000822578116324
1914,19.14,-5.707832520137753e-05,2.0000550441732177
1915,19.150000000000002,6.0189669080602516e-05,2.0001570685910433
1916,19.16,-0.0009245023730163888,2.000334983587787
1917,19.17,-0.0005315449983976739,1.9999055422383267
1918,19.18,-0.00018883708204313853,2.000360680092704
1919,19.19,-6.904684786294717e-06,2.000116798923885
1920,19.2,2.7906606715190593e-05,1.9994906120934262
1921,19.21,4.3784594732780025e-06,2.0002471055479574
1922,19.22,-0.00011974861623114491,2.0003629325091206
1923,19.23,-0.00015439896008818537,1.9998746842918167
1924,19.240000000000002,0.0006384399294829858,2.0001128035979874
1925,19.25,0.0001414243733162138,2.0001142599746453
1926,19.26,0.0002495493862372489,2.000416690907108
1927,19.27,-0.0004873038580617056,2.000064875873268
1928,19.28,-6.038503149354227e-05,2.000071314360493
1929,19.29,3.621166279369611e-05,1.9999413092180318
1930,19.3,0.00010511851911832762,2.0003145325218123
1931,19.31,-8.132115602218254e-05,2.0001468731965613
1932,19.32,3.585993182870778e-05,2.0002456405061166
1933,19.330000000000002,-0.00010032460798550116,2.000137122401409
1934,19.34,-7.953249588638711e-05,2.000570167121063
1935,19.35,-0.00021376255971368246,2.0003518246294023
1936,19.36,0.0002810931885197058,2.0007689564331
1937,19.37,0.0001421946180237732,2.0002282504234445
1938,19.38,0.00043639050252801105,2.0000411880048294
1939,19.39,-0.000375236106894326,2.0001831713879703
1940,19.400000000000002,-0.0002244403360106986,2.0003181585219885
1941,19.41,4.745575307431652e-06,2.000292388294871
1942,19.42,-0.0001261371128549213,2.0003486683056244
1943,19.43,0.00014916673557634514,1.9999094104719257
1944,19.44,-6.662379380337872e-06,2.0001444056596216
1945,19.45,-0.00036091895810787933,2.000306795966713
1946,19.46,0.00023366020907773268,2.000305879834249
1947,19.47,0.00023457892737500753,2.000554712855742
1948,19.48,-0.00017139891465422233,2.0001836113971314
1949,19.490000000000002,-0.0003326256276588794,2.0002905788416814
1950,19.5,9.955649017438019e-05,2.0002268335126963
1951,19.51,-0.00024663255341051657,2.0000374624985664
1952,19.52,-1.4064954759605746e-05,2.000753387793632
1953,19.53,-0.00043508802144394426,2.0006300002719013
1954,19.54,6.376645782665713e-05,2.0006766020644897
1955,19.55,-1.0586464468363432e-05,2.0003204004080937
1956,19.56,8.842511192482644e-05,2.0002257889157526
1957,19.57,0.00037229094910127923,2.0005822579516224
1958,19.580000000000002,5.120014308519998e-05,2.0005299277321527
1959,19.59,4.906501216727204e-06,2.0004977552562915
1960,19.6,-0.00017089345325655998,2.000951255976698
1961,19.61,-0.00036591269108674434,2.000783467377529
1962,19.62,-0.0002552877108374376,2.0004542991714627
1963,19.63,-2.5338105009810967e-05,2.0005781775314793
1964,19.64,-3.945644871473737e-05,2.000584392940631
1965,19.650000000000002,5.5724965060190144e-05,2.000830082082562
1966,19.66,-0.00013369840661319417,2.0006094564093897
1967,19.67,2.840296086080981e-05,2.0007476210626667
1968,19.68,0.0005433379998927623,2.0007678984492347
1969,19.69,0.00013530413916748498,2.0006454562641105
1970,19.7,3.149425274280338e-05,2.0006325914469922
1971,19.71,-0.0001151457345672702,2.000705540787642
1972,19.72,0.0003640330686308888,2.000127805278158
1973,19.73,-0.00036991890211192873,2.0009946730292136
1974,19.740000000000002,0.00012697128573168782,2.0003998826791585
1975,19.75,0.00034736859113690036,2.0007667773851816
1976,19.76,-0.00035677752095652235,2.0007738158150956
1977,19.77,0.0003075945866914283,2.000464389986697
1978,19.78,-0.00013882330053412316,2.0009471862701353
1979,19.79,-0.00033763111760295176,2.0005761066967627
1980,19.8,0.0001232103660692489,2.000488477663393
1981,19.81,-2.2363052195772585e-05,2.000475469295886
1982,19.82,0.0002039563806879914,2.0005831738363717
1983,19.830000000000002,0.00021695789780895857,2.0005094018251603
1984,19.84,0.00040264494230817996,2.001002285160024
1985,19.85,0.0004051203770035805,2.0006429947606454
1986,19.86,-0.0005443714302277276,2.0008782913812935
1987,19.87,6.389792605293975e-05,2.0004060026142176
1988,19.88,0.00016648286666067898,2.0007169560475813
1989,19.89,-0.0004059104765226583,2.0007835661893862
1990,19.900000000000002,-6.008809472853261e-05,2.0006592415167925
1991,19.91,-0.00027812248640876494,2.000757170636068
1992,19.92,2.0502247361341535e-05,2.0006446268461904
1993,19.93,-0.00013219937850577994,2.0009462173150103
1994,19.94,-0.00013811262629829564,2.0008491969743836
1995,19.95,0.0006450667733644351,2.0005669418400602
1996,19.96,5.485050835735126e-05,2.0006040344976523
1997,19.97,0.00027684898521093123,2.0009947261454752
1998,19.98,-3.4840123878303765e-05,2.0007511641774363
1999,19.990000000000002,0.00025465766420334866,2.0007180407586542
2000,20.0,-0.00011665953385307714,2.000824835378543
2001,20.01,-0.0002565754520450916,2.000655657215233
2002,20.02,2.4821150478637995e-05,2.0005306420808178
2003,20.03,-0.00024201792788827164,2.000719441197249
2004,20.04,0.00037783922830305933,2.000729997895616
2005,20.05,-0.000255734025846298,2.0006825271757798
2006,20.06,0.0007694584301328718,2.000895679108455
2007,20.07,0.0002905093292140781,2.0010251541942843
2008,20.080000000000002,-0.00024316491069526129,2.0006865254869157
2009,20.09,0.00025460632127768685,2.0005052736570343
2010,20.1,0.0006435619787457721,2.0004850299656223
2011,20.11,-6.46149977499068e-05,2.000639340774051
2012,20.12,-8.182119270445217e-05,2.0006652628251715
2013,20.13,-0.0005120576942990822,2.000864240855769
2014,20.14,0.0003486142697621424,2.0008610300600917
2015,20.150000000000002,0.00046982352940745897,2.000613868114581
2016,20.16,0.00014204543082014837,2.001052892665505
2017,20.17,-0.00034498111778304765,2.0004485264578915
2018,20.18,0.000234737049015673,2.0005773188879146
2019,20.19,0.000599038748138368,2.0009489049736158
2020,20.2,1.2920078425088653e-05,2.0003289788035037
2021,20.21,-9.26666610737538e-05,2.000610774732857
2022,20.22,0.0003368251414950565,2.0005951043349346
2023,20.23,-0.00015425490154133387,2.0006820109211603
2024,20.240000000000002,0.00012890489526637785,2.0005636288883966
2025,20.25,-0.000408597576825655,2.00056480304282
2026,20.26,0.0003404323538790943,2.000688451852671
2027,20.27,8.213087669498993e-05,2.0005907192374606
2028,20.28,-5.9949805672878474e-05,2.000281686919924
2029,20.29,7.227584578916042e-05,2.0008264110515075
2030,20.3,0.00029534369771289196,2.0005032870715658
2031,20.31,-0.0002244520091213534,2.0006571082764646
2032,20.32,-0.00024171254345004475,2.0004866175032454
2033,20.330000000000002,2.7886882400295556e-05,2.0005402298458446
2034,20.34,-0.00019077894231596246,2.00007600872715
2035,20.35,0.0006425513463445443,2.0002972119861813
2036,20.36,-0.00010999339833823767,2.0007663041135824
2037,20.37,-0.0001568736992473984,2.000472113528039
2038,20.38,-5.546850901233569e-05,2.0003716461622116
2039,20.39,-0.0004428393055056892,2.000825406625425
2040,20.400000000000002,0.0001540564493775205,2.0001725329335187
2041,20.41,-9.84029490747553e-05,2.0004387135252935
2042,20.42,0.0003607550050434749,2.000133141213358
2043,20.43,-2.8758784056727426e-06,1.9999461430662762
2044,20.44,5.3435168130339436e-05,2.0001778582045064
2045,20.45,3.808218200390269e-05,2.0005810962702077
2046,20.46,-0.0001441874048642286,2.0004172745989957
2047,20.47,0.00024964526656551635,2.0001427992885885
2048,20.48,-0.00012310015449788634,2.0001255930462256
2049,20.490000000000002,0.00028038616560715595,2.0000869043996374
2050,20.5,0.0007915048656342107,2.0002889215802773
2051,20.51,-6.451161781192597e-05,2.000659203699037
2052,20.52,0.0001281811880073389,1.9999117520654237
2053,20.53,0.00022077542443760888,1.9999020449566522
2054,20.54,-0.00017010606592690142,1.999766968938055
2055,20.55,0.0004376022049105958,2.000008125518534
2056,20.56,0.0005125594065344083,2.000132784566757
2057,20.57,0.000565970100300098,2.0000248597623718
2058,20.580000000000002,0.00016070025240834924,1.9998232372852427
2059,20.59,-0.0003418141083872783,2.000030723383912
2060,20.6,5.3895238770629975e-05,1.9998068813978604
2061,20.61,2.6631661917653534e-05,1.9993240141308952
2062,20.62,-5.5082063413666075e-05,1.999851627226522
2063,20.63,0.00048547779622048706,1.9998964629822167
2064,20.64,0.0002660488682368874,1.9999885748471518
2065,20.650000000000002,0.00018064617372314933,1.9996046412352486
2066,20.66,0.0003339576638788335,1.9991072172591857
2067,20.67,0.00026376730807307924,1.9995950713562696
2068,20.68,-0.0006564594644838561,1.9993751702857547
2069,20.69,-0.00042563705948432266,1.9993718078056302
2070,20.7,0.0004532342445145323,1.9994531796077082
2071,20.71,6.76958410309091e-05,1.9996716382679034
2072,20.72,-0.00010749622274396809,1.9994267662284808
2073,20.73,-0.00024154875175579145,1.9995080080011864
2074,20.740000000000002,-0.0004962445412508331,1.9992935620924432
2075,20.75,2.3749831482949285e-05,1.999002971226648
2076,20.76,-8.073978027650613e-05,1.9991595494333645
2077,20.77,-0.00019902327242447683,1.9995836724519271
2078,20.78,0.00011245849310641715,1.9988352763147557
2079,20.79,0.00018602177098245615,1.999164634606336
2080,20.8,-0.0003045729424937788,1.9993100478603567
2081,20.81,0.00042236174022271413,1.9993020040342917
2082,20.82,-0.00014926791323450315,1.9994468913707228
2083,20.830000000000002,1.2197039570719824e-05,1.998919916005325
2084,20.84,0.00011356111858468899,1.998977785631349
2085,20.85,-0.00014692293034895593,1.999352367131361
2086,20.86,-3.8703473148331765e-05,1.9991621126842811
2087,20.87,-0.0004014568102007679,1.9991167052488177
2088,20.88,0.0004316966683829223,1.9987896760471684
2089,20.89,-8.900359218696674e-05,1.999035551231122
2090,20.900000000000002,0.0001563903540728754,1.9987939603690807
2091,20.91,-0.00010245302324689184,1.998837760696628
2092,20.92,0.000313109853396584,1.9984638750273132
2093,20.93,0.0003705725958302349,1.998640744496286
2094,20.94,-6.226817850854136e-05,1.9988077846935028
2095,20.95,-3.77578403368103e-05,1.9988435328310241
2096,20.96,-0.0002490757305019428,1.999000605149968
2097,20.97,0.0002944220791759599,1.998579950285569
2098,20.98,-0.00016323593562313508,1.9986157478540276
2099,20.990000000000002,0.00020186268178140355,1.9988865295882339
2100,21.0,-0.00010290101302622263,1.9987704721893085
2101,21.01,0.00030501000668382356,1.998670953888707
2102,21.02,0.00047414849095827087,1.9990408459922713
2103,21.03,9.675161463198574e-05,1.9984520572488502
2104,21.04,0.00013790739252729427,1.998718456039763
2105,21.05,-0.00014834423092370799,1.9986647818643812
2106,21.06,0.0004923704748492377,1.9984748038679774
2107,21.07,0.0006409208864259848,1.9987925814357652
2108,21.080000000000002,-0.0002876724454891278,1.9984075082688049
2109,21.09,-4.052121342610401e-05,1.9983959516824439
2110,21.1,0.0005089791491665866,1.9988577687239675
2111,21.11,-0.0002954325801286495,1.998501846973086
2112,21.12,2.2651945614084015e-05,1.9984036616557321
2113,21.13,0.00012599110049825148,1.998550604690263
2114,21.14,-0.0005367948006531741,1.9983851654617566
2115,21.150000000000002,0.000370492446905681,1.9983418906136836
2116,21.16,-0.0002810944157468451,1.9987734478079944
2117,21.17,-0.0002393541944355485,1.9984611057634443
2118,21.18,-0.00011035842054658963,1.9988292849285758
2119,21.19,0.0002642993274081779,1.9988759131889957
2120,21.2,-0.0004381680883921175,1.998433429451546
2121,21.21,8.673272408997534e-05,1.9985826016124484
2122,21.22,0.0002912952436736601,1.9989497994559335
2123,21.23,-0.00015440414493652195,1.9987641708365154
2124,21.240000000000002,-0.00017583033903701738,1.999252933088599
2125,21.25,-1.5452251107251312e-05,1.9984008954841097
2126,21.26,-2.3740238215481035e-05,1.9989575989654753
2127,21.27,0.0004519637037261417,1.9985319176511567
2128,21.28,1.9598558223555624e-05,1.998853131061359
2129,21.29,6.135920520999261e-05,1.9990948241501596
2130,21.3,-0.0001249796925666887,1.9985147864457915
2131,21.31,-0.00010279951661985604,1.99863456571902
2132,21.32,-0.0003750683984591793,1.9987699335293354
2133,21.330000000000002,0.00025708441588888256,1.9987266132116879
2134,21.34,0.00015402526069327119,1.9991582147556626
2135,21.35,0.00017261663334647583,1.9988810059444397
2136,21.36,0.0003842534451612582,1.9985435583178992
2137,21.37,-0.00019328932960043755,1.9990460167450992
2138,21.38,-0.0002137994226081087,1.998927047175183
2139,21.39,-0.00014046398309425313,1.9987958785536368
2140,21.400000000000002,-4.333076012869815e-05,1.9989359237357243
2141,21.41,-7.932790126933772e-05,1.9991848173135354
2142,21.42,0.0005040710326495016,1.9992437912098124
2143,21.43,-0.0002877991793276648,1.9991856192162483
2144,21.44,0.00035570033546878505,1.9994006225779781
2145,21.45,5.7366485804935335e-05,1.999053574954281
2146,21.46,-0.00015751869897515382,1.999005218375591
2147,21.47,0.000127793246458004,1.9992844174185742
2148,21.48,-0.0002462322646303771,1.9989619510978025
2149,21.490000000000002,-0.00014719232065937095,1.9990880241327722
2150,21.5,0.00014298398898705667,1.9990499247640618
2151,21.51,-0.0003370356797533957,1.9993835130321211
2152,21.52,-0.00031080613066890723,1.9994800906239807
2153,21.53,-9.19148861819273e-05,1.9993578196682513
2154,21.54,0.00011173770305525951,1.9996145346785044
2155,21.55,-0.00010866628374099731,1.9994651258934575
2156,21.56,0.0003169356473138222,1.9994795262750304
2157,21.57,1.5447729996630323e-05,1.9993489153222395
2158,21.580000000000002,-0.00018107656973043412,1.9995405946802758
2159,21.59,-0.0011415120022590524,1.999478012508226
2160,21.6,-0.0001233717541491557,1.9997720588766366
2161,21.61,6.009880180469355e-05,1.9998122170973633
2162,21.62,-0.0004742054176525645,1.9996400672241255
2163,21.63,0.00022657429573007167,1.9996773583579641
2164,21.64,-0.00013809677224965904,2.0002198698538174
2165,21.650000000000002,0.00037261001603770073,1.9997836265052233
2166,21.66,5.021707262442912e-05,2.000173557476223
2167,21.67,-0.000410842119542345,2.0000787583999933
2168,21.68,-0.000530807406471284,2.000192156089669
2169,21.69,-0.00024990393578167046,2.0001523390394698
2170,21.7,-0.00028453356999689377,2.000304140964527
2171,21.71,-7.53058261656337e-05,2.0003777341318636
2172,21.72,-0.0002576360336178214,2.0001081998956
2173,21.73,0.0002111236809777762,2.0000373067582116
2174,21.740000000000002,-0.00024359919797403866,2.00036268818201
2175,21.75,-0.00039839835181797694,2.000627510525762
2176,21.76,1.853525566530153e-05,2.0005720315187356
2177,21.77,-6.131990670841451e-05,2.0008519069257225
2178,21.78,0.0004703781228041825,2.0005586415099037
2179,21.79,-9.206159677065535e-05,2.0009591835417604
2180,21.8,4.898094309957885e-06,2.000701986541603
2181,21.81,4.7872915904942314e-05,2.0006383552673928
2182,21.82,0.00020864144123441107,2.0008847169231414
2183,21.830000000000002,-2.308306123341565e-05,2.001061376634975
2184,21.84,-0.00027185951160673853,2.0009068840932875
2185,21.85,0.00019046305638912168,2.0009541120793743
2186,21.86,-0.0001582817237578347,2.0007674824335373
2187,21.87,-0.00016057982550614748,2.001025185882989
2188,21.88,-0.00028914348589884216,2.0010221735108544
2189,21.89,-0.0003797335796764058,2.000905618467276
2190,21.900000000000002,0.0003136518493421664,2.001113587818786
2191,21.91,-0.0007369573987126393,2.001279508253246
2192,21.92,2.485201101402824e-05,2.001301646547725
2193,21.93,0.00034046084699142166,2.000973612206883
2194,21.94,4.539610772390988e-05,2.001190825773652
2195,21.95,-0.0004439575158351634,2.001440058391675
2196,21.96,-0.00012444672920632876,2.0010360162338086
2197,21.97,1.7067189206856364e-05,2.001668400080263
2198,21.98,-0.0003037845733698792,2.0012464500470477
2199,21.990000000000002,-0.00011555836296023478,2.001706891098455
2200,22.0,0.00039571018683261857,2.001535409048536
2201,22.01,-0.00021653736539719508,2.001384231276191
2202,22.02,-0.0005055376024717895,2.0016522388795357
2203,22.03,-0.0001408276459118041,2.001393688002124
2204,22.04,0.0005562304458111855,2.0015881878445234
2205,22.05,0.0001361099972086026,2.0017914870713707
2206,22.06,-0.00012479070936957895,2.0017018223899306
2207,22.07,0.0003841147426972514,2.001522020563947
2208,22.080000000000002,-0.00046536917900638484,2.001920750638994
2209,22.09,9.203587466908848e-05,2.001723745431601
2210,22.1,0.00014258568357965938,2.001487937701476
2211,22.11,0.00014469165836577,2.0017208035528973
2212,22.12,9.518412220653623e-05,2.001437265837405
2213,22.13,-0.00021390379934793378,2.001521350015853
2214,22.14,0.0002142587172699099,2.0019283092059372
2215,22.150000000000002,0.0002591278008225458,2.0016534044081578
2216,22.16,-0.0001427238040279451,2.001931678528909
2217,22.17,-0.00029983896568012665,2.001563172288152
2218,22.18,0.0003931391583697999,2.0020045326230123
2219,22.19,-0.00020833904445694636,2.0018395379081664
2220,22.2,-0.00019367147999306168,2.00194458714946
2221,22.21,-0.00020334525389553284,2.0020607265622226
2222,22.22,0.0002833333739109289,2.0022488032508985
2223,22.23,-3.282829594402957e-07,2.001553043912512
2224,22.240000000000002,9.874179647683743e-05,2.001989235991432
2225,22.25,-0.00042604564593176473,2.0016519304117453
2226,22.26,0.00017381649284140276,2.0019504827202876
2227,22.27,-9.024787880990112e-05,2.0020148912971636
2228,22.28,0.00014254498015509433,2.001648703737311
2229,22.29,0.00021775875214681304,2.0015783170258175
2230,22.3,3.4861657490847435e-05,2.0015384689387843
2231,22.31,0.00028346814244058525,2.001844981195921
2232,22.32,-0.0001486333539500332,2.0017650812441055
2233,22.330000000000002,-1.7785297460237963e-05,2.0015919972183114
2234,22.34,0.00030893868522978673,2.0016499782612556
2235,22.35,-0.0003610344754687278,2.0014192973158185
2236,22.36,-4.6710538216620325e-05,2.0012650059429915
2237,22.37,8.142264896296805e-05,2.0011898892226405
2238,22.38,-5.0441966871706125e-05,2.001486090237981
2239,22.39,-0.0003433973831677462,2.0011890636293024
2240,22.400000000000002,-0.00013656386350651835,2.0013486235555873
2241,22.41,-0.00014355491756988623,2.00090165222352
2242,22.42,-0.00026248386405126347,2.001249246351523
2243,22.43,-0.00038074273364885753,2.0011292946377806
2244,22.44,-0.00015287528973199593,2.001012143482335
2245,22.45,3.281987404906147e-06,2.0010666896611715
2246,22.46,-0.0001586247990804544,2.0012508812292644
2247,22.47,-0.00013434237010955945,2.00105664357753
2248,22.48,-0.00016795979822139572,2.000690687158312
2249,22.490000000000002,0.00027963893157167773,2.0008016887006517
2250,22.5,0.000110579993284781,2.000843963841859
2251,22.51,-0.0001575488038798023,2.0006923211090943
2252,22.52,-0.0003820925860868731,2.000777571726183
2253,22.53,-0.0003280506592664644,2.0006368393259177
2254,22.54,-7.521159141128459e-05,2.000784264389882
2255,22.55,0.00030957211417877183,2.0001652074761402
2256,22.56,0.00028297122306047317,2.0005915361330215
2257,22.57,3.9370820498308874e-05,2.0007939606778526
2258,22.580000000000002,0.000222699061917612,2.000361540466396
2259,22.59,0.0001040215374624249,2.000655131901734
2260,22.6,0.0005471941138810132,2.0003795416472854
2261,22.61,0.0001462613300736903,2.000232615375226
2262,22.62,-0.00047404229557598186,1.9999491835141452
2263,22.63,-0.0004651716771258448,1.9997975316301428
2264,22.64,-0.00011362893947430598,2.000273749562292
2265,22.650000000000002,0.00020071634873091397,2.0000316176777373
2266,22.66,0.00027799131665717574,1.999984215372757
2267,22.67,-0.0003518154532342483,2.0001338768369257
2268,22.68,-0.0002870575727493609,1.999870632322412
2269,22.69,0.0001806411530344437,2.0001032121097455
2270,22.7,-6.622699163697019e-06,1.999862852784849
2271,22.71,0.00015188010790118372,2.000312535765354
2272,22.72,0.00027918359596428705,1.9997557417839051
2273,22.73,-2.4702830838062034e-05,2.000071399401088
2274,22.740000000000002,-0.00015277724712547798,1.999542840376028
2275,22.75,-0.00027596049503400723,1.9997693601324764
2276,22.76,-0.00025158113856745587,1.9997458322848585
2277,22.77,-0.00010166117983548762,1.9994764062993453
2278,22.78,0.00017514475520491856,1.9998030672036784
2279,22.79,-3.009611538614309e-05,1.999457950181904
2280,22.8,0.0006117673581690099,1.9992779099345235
2281,22.81,-8.312090957079533e-05,1.9987843202947864
2282,22.82,-2.6916439117598306e-05,1.9992028507068633
2283,22.830000000000002,-0.00024263172727237415,1.9994146819261058
2284,22.84,0.0003876599446831758,1.9992431884151713
2285,22.85,0.00015258496775800466,1.9994740096750803
2286,22.86,0.000299144423309913,1.9991639712709914
2287,22.87,-0.0008835340063792667,1.9988388696239447
2288,22.88,0.0003512107859110271,1.9991895791344754
2289,22.89,0.00015484849472607992,1.9990526245521165
2290,22.900000000000002,-0.0005611610350309538,1.9989259781370425
2291,22.91,8.764475516940897e-05,1.9991139702088179
2292,22.92,0.000223003164547073,1.9987572133587952
2293,22.93,-0.00019223204769351705,1.99902049902242
2294,22.94,0.00012319145107610467,1.999296678187832
2295,22.95,0.00041095663834205215,1.9991208818603086
2296,22.96,0.00014234620961863968,1.9987645439486406
2297,22.97,-0.0008840433568295443,1.9989169229671184
2298,22.98,0.0001615219089794738,1.9989524978741824
2299,22.990000000000002,0.00019599213260704481,1.99910127249072
2300,23.0,7.362661182646814e-05,1.9987568988823794
2301,23.01,-2.641560502854961e-05,1.998829642031704
2302,23.02,-5.050843711618704e-05,1.9986050949216814
2303,23.03,9.929187522995536e-05,1.9986448577939808
2304,23.04,-0.0005326200774474488,1.9991598539259747
2305,23.05,-0.0001263461199307495,1.9992136768987734
2306,23.06,0.00031770330005815466,1.9989486489509862
2307,23.07,-0.000290896371861451,1.99898074352111
2308,23.080000000000002,0.00047992053570739706,1.998858664427372
2309,23.09,8.449732823179914e-05,1.99898037368639
2310,23.1,4.065288862588443e-05,1.998956345338421
2311,23.11,0.00042814804898749743,1.998822279945498
2312,23.12,-0.0004831083997730506,1.9988435187922955
2313,23.13,-2.3750729939331765e-05,1.9991197455229837
2314,23.14,-0.00018892383023420256,1.9989559386109041
2315,23.150000000000002,-7.407849986244734e-05,1.9992432902157178
2316,23.16,0.0005983074786589406,1.9992805483788945
2317,23.17,0.00014846623320740305,1.9989873038360513
2318,23.18,-9.532831040898012e-05,1.9990246230372888
2319,23.19,0.0003374592942499401,1.9990648741456785
2320,23.2,0.0002069722337580328,1.9994470962966204
2321,23.21,-8.40180101360595e-05,1.9990705829008217
2322,23.22,0.0001940509491085449,1.9991881627346302
2323,23.23,-3.3742874810612666e-05,1.999086181854554
2324,23.240000000000002,-9.442050172849119e-05,1.9992056188909237
2325,23.25,-0.0005484772424269054,1.999426611811546
2326,23.26,-6.96163289166722e-05,1.999332351727106
2327,23.27,0.0002630659180893127,1.9995082156463206
2328,23.28,-0.00044160513334836986,1.999339505419828
2329,23.29,1.545735597454533e-05,1.999573408328558
2330,23.3,-0.0002503311524160626,1.9993286049671413
2331,23.31,-0.00023365486396206213,1.9996606545049518
2332,23.32,7.894199506557885e-05,1.9997990668999408
2333,23.330000000000002,-0.0004620167853644559,1.9994725734734453
2334,23.34,-0.0001978715819067326,2.0000027105233804
2335,23.35,0.0003971778523644578,1.9994166523021457
2336,23.36,0.0001706295417896552,1.9997250535090683
2337,23.37,-0.0003719875004310916,1.999863011571375
2338,23.38,0.00036037970438043763,1.9994843583313338
2339,23.39,0.0005922737850044077,1.999378033426078
2340,23.400000000000002,0.0002315421842730483,1.999796313553724
2341,23.41,2.8028656243056207e-05,1.999966205582706
2342,23.42,0.00016751613973189892,2.0000139304854625
2343,23.43,9.358546037421445e-05,2.000050808358514
2344,23.44,0.0001958313659739841,2.00027737869162
2345,23.45,-4.149474411787578e-05,1.9997680527114157
2346,23.46,-0.0003203489441323022,2.0001669383948464
2347,23.47,-0.0002655082910602659,2.000243275369563
2348,23.48,-0.00010178959510148893,2.0000681053564424
2349,23.490000000000002,0.0001759889875731279,1.99996007473307
2350,23.5,-0.00012635013057054847,2.0005928363959526
2351,23.51,-0.00019981818428999994,2.0004717311611504
2352,23.52,-0.000395950690481088,2.0006012277875134
2353,23.53,-0.00012136878796896049,2.0008417298837027
2354,23.54,-0.00026410556132724526,2.0006048040014006
2355,23.55,-0.0002091892238695226,2.0005541019608155
2356,23.56,-2.367921175376313e-05,2.0005614273981176
2357,23.57,-0.0003346230066811007,2.0007570409894466
2358,23.580000000000002,-0.0003494663142171336,2.0012264849433943
2359,23.59,-0.00020212901180670422,2.0011999700479493
2360,23.6,0.00016308757507195305,2.0005979814440025
2361,23.61,-0.0004968818000594462,2.000931069966799
2362,23.62,-7.426034258511606e-05,2.000948580964489
2363,23.63,-0.0004290683511437825,2.001409103842956
2364,23.64,0.00023231715701000575,2.0012858003720813
2365,23.650000000000002,7.790080939962615e-05,2.001484241762897
2366,23.66,-0.00045596674054723484,2.0014191865921593
2367,23.67,0.00013962245026216558,2.0012066473090186
2368,23.68,-3.30086786142849e-05,2.00140225191132
2369,23.69,-4.704118639117254e-05,2.0013567905934626
2370,23.7,8.90333004876782e-05,2.002136435718148
2371,23.71,0.00022549239113954078,2.0016611993854583
2372,23.72,-2.5996471960047625e-05,2.0011946401711476
2373,23.73,7.951242950462018e-05,2.0014010334510592
2374,23.740000000000002,0.00015804566785404436,2.0012238054565747
2375,23.75,7.13732925429703e-05,2.001478228743945
2376,23.76,0.00041640910044190714,2.001476701964582
2377,23.77,0.00032930925197377254,2.0017904081526856
2378,23.78,0.00026883756072583286,2.001521389754791
2379,23.79,-0.0001563134654240934,2.001647629939477
2380,23.8,-0.00015888286916144998,2.0020674788741157
2381,23.81,0.0003507662450952808,2.001773686607703
2382,23.82,-9.530746489996953e-05,2.0017170587181843
2383,23.830000000000002,8.026567091543347e-05,2.001450234862675
2384,23.84,-0.00013077617826375037,2.0021076856788187
2385,23.85,-0.00012646395967824084,2.0016821821651223
2386,23.86,-0.00013933463205391847,2.0017715075483773
2387,23.87,-0.0002095875737371406,2.0018254311787658
2388,23.88,-0.00019382475170143078,2.0015029006305363
2389,23.89,1.5596103615629986e-05,2.001602279188598
2390,23.900000000000002,0.00026119408372359535,2.0016343020718006
2391,23.91,0.0002693259942869431,2.0019129222377936
2392,23.92,0.00016256594434202077,2.001867455315935
2393,23.93,0.00025981924712775646,2.001890611563357
2394,23.94,0.00025586324349961923,2.0015895073310226
2395,23.95,0.0002250941312622927,2.001429703334335
2396,23.96,-0.0003318665336147559,2.0017188955566123
2397,23.97,-5.3219182732879094e-05,2.001775933581073
2398,23.98,-0.00043000566365005425,2.001601393371268
2399,23.990000000000002,-0.0004707685829171563,2.001845327446221
2400,24.0,0.0005984180623553487,2.0017754703000676
2401,24.01,-0.0002619136877745554,2.001340144481541
2402,24.02,-0.00038496456488168706,2.0014491995418022
2403,24.03,0.0003781616360980237,2.001356001367254
2404,24.04,-0.00017367042953216966,2.001199714804187
2405,24.05,-1.9730600063800674e-05,2.001474327161269
2406,24.060000000000002,-0.00020024297878619868,2.000983870331404
2407,24.07,-0.0001227168094144593,2.0012765712549605
2408,24.080000000000002,-4.835499087867243e-06,2.0011911851085924
2409,24.09,-0.0005576359570663932,2.0011666282241687
2410,24.1,0.000450315553946986,2.0007920281695335
2411,24.11,-0.0002850373036683642,2.0010440012957713
2412,24.12,-0.0006276559664363248,2.0009580413955472
2413,24.13,-2.6508987448103195e-05,2.000831458277636
2414,24.14,0.00037672017445598637,2.0009000625355435
2415,24.150000000000002,-0.00022759915017786929,2.0007335199976275
2416,24.16,-0.00016863772323343312,2.0007751574858763
2417,24.17,0.00015525774283295593,2.000588877418608
2418,24.18,-0.00029974351946838096,2.000698110654855
2419,24.19,-0.0003673828673355171,2.0005032740688593
2420,24.2,-5.185815279007809e-05,2.0005193998285127
2421,24.21,3.6435758034521695e-05,2.000214812346477
2422,24.22,0.00031567061834323224,2.000580801903597
2423,24.23,-4.054402652725369e-05,2.0005667643132865
2424,24.240000000000002,0.00039415706389787106,2.00061974380803
2425,24.25,0.00037675595888568065,2.000541989411913
2426,24.26,-7.924239193756977e-06,2.0002365779074984
2427,24.27,-0.00010369738593941443,2.0001481948085003
2428,24.28,-0.0008106181843936104,2.0002194236908446
2429,24.29,-0.0003860017920227199,2.000494550348096
2430,24.3,-0.0001505845835039719,2.0005418355195586
2431,24.310000000000002,-7.947349280383836e-05,1.9999011878642694
2432,24.32,0.00010216360421039042,2.0001487501748896
2433,24.330000000000002,0.00031683878139161797,2.0000016070287523
2434,24.34,0.00035411085694409065,1.999883616298756
2435,24.35,-5.31840061939827e-05,1.9996951484771264
2436,24.36,1.4462314790759778e-06,1.999560881971228
2437,24.37,-0.0001973437552362897,1.9998963127364942
2438,24.38,0.00022343511470138063,1.99971635122324
2439,24.39,-0.0004249195055812156,1.9998526766959743
2440,24.400000000000002,-9.521459562746163e-05,1.999634875635893
2441,24.41,0.00020976356493231045,1.9993175394573557
2442,24.42,-0.0003213735238659794,1.9993205662943003
2443,24.43,8.420868584252534e-05,1.999574128389437
2444,24.44,-0.0001493181866587439,1.9992302616875512
2445,24.45,-0.00011000580380808448,1.9996284853919717
2446,24.46,0.00022648481018005772,1.9993912896421218
2447,24.47,2.5404731499704877e-05,1.999703970229109
2448,24.48,-0.0002646839813142692,1.9993090297764704
2449,24.490000000000002,0.000441040268951209,1.9991119044231758
2450,24.5,6.516117224745687e-05,1.9990279307771797
2451,24.51,-0.0001206496046634862,1.999485034653052
2452,24.52,-0.00014409288352517467,1.9992616001948151
2453,24.53,0.00013789882949992774,1.9989749910030103
2454,24.54,-0.0001072200122915659,1.9989708203170733
2455,24.55,0.0003579974634641253,1.999236168432455
2456,24.560000000000002,-8.11221041337333e-05,1.9991859689565028
2457,24.57,0.00010188775361942947,1.9991298614890125
2458,24.580000000000002,-2.5581713589270408e-05,1.999029891936748
2459,24.59,0.0004559059029838521,1.9988321990066065
2460,24.6,-0.0003870452805523458,1.9993022015345194
2461,24.61,9.072519505873847e-05,1.998902712014923
2462,24.62,-0.0003550012832055444,1.9987917380595501
2463,24.63,-1.8284386371777017e-05,1.9991486360091653
2464,24.64,0.00045381401455310707,1.9989485760218426
2465,24.650000000000002,-0.00010412320941337116,1.9985224531930874
2466,24.66,-0.0004337118700447256,1.998967093422417
2467,24.67,-6.279906988681281e-05,1.9991295868749563
2468,24.68,-0.0004466123036369138,1.9990241844971985
2469,24.69,-5.452852995008263e-05,1.9989544503992656
2470,24.7,-0.00035938224053571943,1.9986721814723591
2471,24.71,-0.00020298286566217903,1.9992551400018228
2472,24.72,0.0006693261132416842,1.9987185002436565
2473,24.73,-0.000601207197911987,1.9988726480707715
2474,24.740000000000002,-2.6892699977142895e-05,1.9986460497369662
2475,24.75,-0.00032407108782799113,1.9987982681904906
2476,24.76,-0.0002623821614636769,1.99885409985038
2477,24.77,-0.0002953534345413461,1.9989178531292155
2478,24.78,0.0001783683528967835,1.9988296974264919
2479,24.79,0.0002727379834563976,1.9993382825480903
2480,24.8,8.635924186348072e-05,1.9992548554434066
2481,24.810000000000002,-0.0002902049199549724,1.9990515439640368
2482,24.82,-4.541469491424226e-05,1.9990498650039115
2483,24.830000000000002,9.489512315024522e-05,1.9993087433678753
2484,24.84,-0.000377909267170387,1.9990719054490098
2485,24.85,4.817081608254718e-05,1.9993614461547633
2486,24.86,0.00018617414840860094,1.9992147479765652
2487,24.87,0.0001457602039047746,1.9994632660550982
2488,24.88,-0.00011865500486451253,1.999472442342675
2489,24.89,0.00020954480296374734,1.999157516415797
2490,24.900000000000002,0.00024111027207516692,1.999435958413837
2491,24.91,0.00021729817471339156,1.9996181522866363
2492,24.92,-0.00038542910871901465,1.9991710247910541
2493,24.93,8.29701003127597e-05,1.99938743890268
2494,24.94,-0.00038831501113171287,1.9993667516171412
2495,24.95,-8.898661377606866e-05,1.9997454095122036
2496,24.96,-0.00030251305926823585,1.999236816569802
2497,24.97,0.00020756930953034686,1.9997788769775136
2498,24.98,-9.542987261589324e-05,1.9993874784282506
2499,24.990000000000002,-0.0001663357508160132,1.9999954917638758
2500,25.0,0.00014203532447905744,1.9997108396547032
2501,25.01,0.00045877097855994456,1.9996029635506656
2502,25.02,8.420500545166166e-05,1.9998238982281287
2503,25.03,-4.6195739512986476e-06,1.9998654685381718
2504,25.04,-4.066569746304546e-05,1.9996728741839183
2505,25.05,0.00016703587008583173,1.9995766042262382
2506,25.060000000000002,-9.029911977907557e-05,2.0000930476410015
2507,25.07,8.798531390044137e-05,1.9995045755946599
2508,25.080000000000002,0.00039822161377118685,1.999793592384716
2509,25.09,0.0005088393592313842,2.000252420639373
2510,25.1,4.720629683781252e-05,2.0001669161330424
2511,25.11,-0.0005310159606248947,2.0004910903837527
2512,25.12,0.00015119322036112528,2.0003689988069917
2513,25.13,-0.0005824276376078265,2.000427809460314
2514,25.14,-1.1074221911160692e-05,2.0002015770684958
2515,25.150000000000002,0.0002704544882267671,2.000481216614455
2516,25.16,0.0005510004162829126,2.0004660289765512
2517,25.17,-0.00037845803863822573,2.000625525552012
2518,25.18,-7.91508123169003e-05,2.0003535875260434
2519,25.19,9.552092704720096e-05,2.000515164822496
2520,25.2,0.0002596635814325429,2.0007616870949136
2521,25.21,1.8604780350935275e-05,2.0000098017374537
2522,25.22,-0.00015337011807078373,2.0004820571060002
2523,25.23,-0.00013095829306575916,2.001061347966356
2524,25.240000000000002,-4.720400112201394e-05,2.0005373216150573
2525,25.25,-0.00023020664268866517,2.0006875280737777
2526,25.26,-0.0002957962916243326,2.0008327110826163
2527,25.27,-0.0005259627454496282,2.0006205589081127
2528,25.28,4.306186235421316e-05,2.0012014216430085
2529,25.29,0.00018893578657887353,2.0009634134755903
2530,25.3,0.0003707803251978935,2.0011781975512455
2531,25.310000000000002,-0.0003106758049672342,2.000867116144486
2532,25.32,0.0002884029787862325,2.001201045395486
2533,25.330000000000002,-8.209876798359264e-05,2.0014059330170992
2534,25.34,-0.0001949685237885013,2.0012031079272004
2535,25.35,-1.7631142282361085e-05,2.0013632467395586
2536,25.36,0.00035462393003065403,2.0009330586515026
2537,25.37,-0.0001334271903698245,2.001486463179031
2538,25.38,-3.712986350683606e-06,2.001434462814141
2539,25.39,-5.0926511612908395e-06,2.001835249457719
2540,25.400000000000002,-0.00019873999334211613,2.001335767042801
2541,25.41,4.7415173242405596e-05,2.0018085314515472
2542,25.42,7.106934737981153e-06,2.0017772290976987
2543,25.43,-0.0003002011492697881,2.001586270141844
2544,25.44,4.69312460367827e-06,2.001804685032536
2545,25.45,-1.8106706808605363e-05,2.0017944249275654
2546,25.46,0.0004337844411422236,2.0014614860746103
2547,25.47,0.0003727753997664797,2.0020131518406035
2548,25.48,-0.0003607049238138049,2.0016170065125194
2549,25.490000000000002,9.86859043671797e-05,2.0017006555832157
2550,25.5,6.158649258658383e-05,2.0017117766672783
2551,25.51,-0.0001765273013203091,2.0017690767898664
2552,25.52,4.530723070283748e-05,2.0017251699279153
2553,25.53,-0.000444411787839163,2.001996648346474
2554,25.54,-0.0002895144891995771,2.0016826620535086
2555,25.55,-0.00022625782428250732,2.0018491576878046
2556,25.560000000000002,-0.00048385909144280044,2.0018102314837645
2557,25.57,-0.00039364368650060864,2.001646724592887
2558,25.580000000000002,-7.081036424533899e-05,2.001714475998291
2559,25.59,0.00044041834070699927,2.001493995648067
2560,25.6,0.00043928119385195,2.001574239937959
2561,25.61,0.00046524513248808716,2.001880580995454
2562,25.62,-0.0004445802708219863,2.001962966944514
2563,25.63,0.00030695748928460703,2.0016407551465862
2564,25.64,-0.00022923235721863038,2.001522329688763
2565,25.650000000000002,0.00011835329005654032,2.0009665137386334
2566,25.66,-9.666029060037533e-05,2.00119572192844
2567,25.67,7.546036828261133e-05,2.0017501970381932
2568,25.68,8.020079649182921e-06,2.0012221652976723
2569,25.69,-0.00011110420037485131,2.0010574010591418
2570,25.7,0.00021516553140882457,2.001266156969972
2571,25.71,-0.0001263060868079311,2.001033087157262
2572,25.72,0.00031055681563373327,2.001199037461089
2573,25.73,3.8520365420902525e-05,2.001477422595303
2574,25.740000000000002,-0.00037846398395206983,2.0010114228568465
2575,25.75,0.00010647765181858624,2.001068581575727
2576,25.76,2.7412036782520267e-06,2.0010104351018168
2577,25.77,-2.0508022026441324e-05,2.000915497683213
2578,25.78,-0.000211551384880572,2.000917662908001
2579,25.79,-6.287284079625805e-05,2.0008248503867057
2580,25.8,0.0003182793042268082,2.0005910921767325
2581,25.810000000000002,-0.00021687447253416426,2.000857052869216
2582,25.82,0.00021455150645059815,2.0006929698297196
2583,25.830000000000002,-6.709808755421861e-05,2.000785889059938
2584,25.84,-2.033385520877419e-05,2.000563413437551
2585,25.85,-0.00016229251338690978,2.0005264571519343
2586,25.86,0.00030066156478103707,2.0005809151169887
2587,25.87,-0.0002417081587310722,2.0007757385334695
2588,25.88,-4.928801802723311e-05,2.0004813698251858
2589,25.89,-0.00038904012372100014,2.000125859163632
2590,25.900000000000002,-0.0003047928523189235,1.999978691140128
2591,25.91,3.5436588075255067e-06,2.000127634268255
2592,25.92,-0.00029745316560978423,2.000419507890529
2593,25.93,2.7139923006075456e-06,1.9997622065835947
2594,25.94,-0.00032390279678433777,2.0003077228241346
2595,25.95,-0.00032444104963937444,2.000041486830556
2596,25.96,-7.041052435932836e-05,2.000144888705037
2597,25.97,-0.0001768279638062482,1.9999517695709896
2598,25.98,-0.00023905177374378971,1.9996434970658223
2599,25.990000000000002,-0.00024475992490608845,2.0000733736250007
2600,26.0,-0.0005413722273544361,1.9994841184517214
2601,26.01,8.161649151129836e-05,1.9998297824074616
2602,26.02,0.00027597846630853694,1.9998959551817743
2603,26.03,-0.0003102941684065552,1.999621862246234
2604,26.04,-0.0001709248837879262,1.9997431169990758
2605,26.05,-2.5500131506545745e-05,1.9992219651568837
2606,26.060000000000002,-0.00027417809010172125,1.9996651818851758
2607,26.07,-0.00010381515809262251,1.9992652057588043
2608,26.080000000000002,0.0001385363289379452,1.9994866662785806
2609,26.09,-0.0002795894259923817,1.999433286142306
2610,26.1,8.136014037775346e-05,1.9991884634494543
2611,26.11,0.000707944469514401,1.999349305235719
2612,26.12,6.720297724070246e-05,1.9992486069009099
2613,26.13,-0.000333325782668951,1.9992260457082556
2614,26.14,-0.0001771853344430826,1.9992109285944553
2615,26.150000000000002,0.0001951365102303713,1.999314558680194
2616,26.16,5.7712577388252205e-08,1.9991723138480995
2617,26.17,1.68167183412357e-05,1.9988505777186873
2618,26.18,-0.00018117786746476663,1.9993025636749517
2619,26.19,9.711278650887063e-05,1.9992267611552759
2620,26.2,-4.005991524389786e-05,1.9993501015348747
2621,26.21,-0.0004232422038391354,1.9990162280191528
2622,26.22,8.247325437835194e-05,1.9991203715120724
2623,26.23,0.0001419706746245854,1.9987580530821
2624,26.240000000000002,0.00010835749624806051,1.998695992261023
2625,26.25,-0.0002461073937259817,1.9987493501878477
2626,26.26,-0.00022480245240420743,1.999014676473304
2627,26.27,-0.0001976035049119527,1.9987439863057992
2628,26.28,-0.00023171228461495218,1.99883204408908
2629,26.29,-6.731325332989375e-05,1.9988712477842832
2630,26.3,-0.00013387986545949072,1.9988360679425825
2631,26.310000000000002,0.000587058192132504,1.9988818289977694
2632,26.32,-2.3841116303770018e-05,1.9990114281677822
2633,26.330000000000002,0.0003291236985384816,1.9989639122189842
2634,26.34,-0.00014681843043992652,1.9988104104649285
2635,26.35,0.00021568815537566664,1.9990342706847084
2636,26.36,0.0003011286696446132,1.9988324854701107
2637,26.37,0.00039865749839982273,1.998725818847756
2638,26.38,-0.0005473377672811208,1.9987968534533893
2639,26.39,0.00011728703505540589,1.9987964123510058
2640,26.400000000000002,-3.1546852831766686e-05,1.9986805625038786
2641,26.41,1.3423858571236935e-05,1.9989516831423588
2642,26.42,-6.071447278297753e-05,1.9985570147209872
2643,26.43,0.00017604756398117757,1.9982963492247299
2644,26.44,0.00014835581067558498,1.998978812890543
2645,26.45,0.00016042975775202795,1.9990552966441926
2646,26.46,-0.0005002615263915312,1.9989139347292042
2647,26.47,-6.202671334868067e-05,1.9989783252378528
2648,26.48,0.0003249513808641351,1.9987880986433266
2649,26.490000000000002,-1.261821253763339e-05,1.9987060606832723
2650,26.5,-0.0003165554282519057,1.9991877649831225
2651,26.51,-4.562241236381697e-06,1.9991178114292762
2652,26.52,-9.317031847974207e-05,1.9991636682206704
2653,26.53,1.2220199334370321e-05,1.9989216737724917
2654,26.54,-0.0004045256619241757,1.999271581995137
2655,26.55,-9.555024353049824e-05,1.9987195459940192
2656,26.560000000000002,0.00018384042928948788,1.999150628577556
2657,26.57,0.00011650738803154136,1.9990294573240144
2658,26.580000000000002,0.00012298693330069278,1.9991135790591141
2659,26.59,-5.730677313735731e-05,1.9986525580701882
2660,26.6,0.0006952785486417068,1.999523412976364
2661,26.61,0.00046742070424327,1.9988346330919233
2662,26.62,-0.00012452572171181366,1.9989411320041177
2663,26.63,-0.0002695696162452527,1.999425251477753
2664,26.64,6.11802903863697e-06,2.000116064062867
2665,26.650000000000002,-0.00022380223685143852,1.9997384261740045
2666,26.66,0.0002573310366785613,1.9997560178523137
2667,26.67,0.00023020117461997243,1.9992500049188924
2668,26.68,9.411368791859017e-05,1.9996796774257601
2669,26.69,-0.0002773531770242889,1.999403349966576
2670,26.7,0.00010669560650159078,1.9996979610871775
2671,26.71,0.0001588227452035213,1.9997056114636098
2672,26.72,-0.00010821914483823377,1.9995940939098247
2673,26.73,-3.207170343218791e-05,2.0000165628131983
2674,26.740000000000002,2.987938269804339e-05,1.9996844236607376
2675,26.75,3.25025600525444e-05,1.9995379460494829
2676,26.76,4.7620227717859334e-05,1.9998114365994941
2677,26.77,0.00019770435606287663,2.000074786309025
2678,26.78,-9.364544029202533e-05,2.0002647248978307
2679,26.79,-0.0003163551434555399,2.000055987572508
2680,26.8,-0.00027452180239230224,1.9996795048990967
2681,26.810000000000002,1.4262790168750486e-05,2.000314062748079
2682,26.82,0.0004049767089139503,2.0004641381120023
2683,26.830000000000002,-0.0001372885972874049,2.000429084815412
2684,26.84,0.0002205967425445287,2.00041169621275
2685,26.85,0.0001073202593181824,2.0003154548415107
2686,26.86,-0.00011469066314893122,2.000563616940438
2687,26.87,0.0001374685648084434,2.000344269392294
2688,26.88,7.309933516347987e-05,2.0007833411566205
2689,26.89,8.34274986435595e-05,2.0007716454921143
2690,26.900000000000002,0.00018214232924782285,2.000897638021109
2691,26.91,-6.925897880340755e-05,2.000879387406277
2692,26.92,6.867721392561872e-05,2.0008798774633063
2693,26.93,0.00015725286432125306,2.000955525940908
2694,26.94,3.562248444788222e-05,2.0008522507014117
2695,26.95,0.0003117020257908624,2.0009367006271743
2696,26.96,-0.00017961097210529074,2.001087178077772
2697,26.97,9.390162943693963e-05,2.0012049099103444
2698,26.98,-0.0003833866124287468,2.001167687665103
2699,26.990000000000002,2.196653908845947e-06,2.000818769363062
2700,27.0,0.0004054798593273726,2.001141502525005
2701,27.01,0.0003354067469143711,2.0013943878555676
2702,27.02,-0.00034510557252426363,2.001233780720884
2703,27.03,0.00029458812161526824,2.0012928245039956
2704,27.04,-0.00017774810160637214,2.001479287905069
2705,27.05,-0.00015105156632008789,2.001692953165445
2706,27.060000000000002,0.00020586230414374037,2.0014620821371634
2707,27.07,0.0002962049837082166,2.0012349751469007
2708,27.080000000000002,-7.548726518845077e-05,2.0020209861277163
2709,27.09,0.0005214645291051805,2.0018287871152856
2710,27.1,9.79693252384625e-05,2.0016539343647017
2711,27.11,0.00010611607766921215,2.001694901601646
2712,27.12,-0.00010557215250128993,2.0020615827651786
2713,27.13,0.00010095736205480412,2.0020112348239554
2714,27.14,8.286617851571899e-05,2.001629027989024
2715,27.150000000000002,-2.206282596063564e-05,2.0017788648879593
2716,27.16,0.0002685537849994804,2.001711192427413
2717,27.17,0.0001419596478832388,2.002083907272719
2718,27.18,-0.0003738017279167526,2.002299101079236
2719,27.19,-0.0002565602755042771,2.001904566121377
2720,27.2,0.0005055551429237487,2.0017389475326777
2721,27.21,0.00032533528252594036,2.002075110373358
2722,27.22,-0.0001117198387064305,2.002019439457966
2723,27.23,-0.00037812904221512544,2.0020177113162885
2724,27.240000000000002,0.00014706793103834624,2.0019284763501926
2725,27.25,0.0003073955638850354,2.0018727186062577
2726,27.26,-1.299458910032812e-05,2.0019534608870173
2727,27.27,-0.00012111757449353456,2.0018334014968353
2728,27.28,-0.0001952676441141014,2.0020295791902076
2729,27.29,-0.00018496480111171665,2.001971865735061
2730,27.3,-0.00011146128748389614,2.0018709710512343
2731,27.310000000000002,0.0002213475443738808,2.0018301738267055
2732,27.32,6.311344796323496e-05,2.0018196829278048
2733,27.330000000000002,-0.00031604678105969707,2.0021446850693896
2734,27.34,-0.0004132315442388513,2.0020622201144938
2735,27.35,-1.1286968402180267e-05,2.0018754310505797
2736,27.36,-0.0003754726254331842,2.0017982968152914
2737,27.37,0.0005117873116307246,2.0015621609034677
2738,27.38,0.00017684406613292314,2.0020120298874087
2739,27.39,-5.2535578340847514e-05,2.0019152703903553
2740,27.400000000000002,-0.00019160393306155628,2.001610945269487
2741,27.41,0.00012831263168382333,2.000893614805195
2742,27.42,5.95407750111237e-05,2.001653065831203
2743,27.43,-0.00029152698530463184,2.0016591446699055
2744,27.44,-0.0002343647471427104,2.001119877337865
2745,27.45,-0.00042202578545248774,2.00107228713247
2746,27.46,0.0001311946056238437,2.0010369970446296
2747,27.47,-4.812807401481642e-05,2.000989563559418
2748,27.48,-0.00020004246453876262,2.0011714564697685
2749,27.490000000000002,0.0005419747733516709,2.000925924431817
2750,27.5,-5.4975491570548747e-05,2.0008437666221677
2751,27.51,-2.3384338965993625e-05,2.000832985568381
2752,27.52,7.290805724640408e-05,2.0008329344867715
2753,27.53,-0.0002688377512956082,2.000970034960873
2754,27.54,9.833839153500379e-05,2.0007832796781373
2755,27.55,-0.0004509211105664378,2.00081215887749
2756,27.560000000000002,0.0002302082101554748,2.000609935018666
2757,27.57,9.725972331872802e-05,2.0003777751508776
2758,27.580000000000002,-0.00011359280097937639,2.0002711471594465
2759,27.59,-0.000682982863076326,2.0003487260612483
2760,27.6,-4.065603620835821e-05,2.0001753767213386
2761,27.61,0.0002251649418182973,2.0002042158824875
2762,27.62,-9.794091812275786e-05,2.0000379504371115
2763,27.63,-0.0005443043628393559,2.000240129578538
2764,27.64,0.0001998387214956618,1.9999765821731144
2765,27.650000000000002,-2.320643551887792e-05,1.9997746357295036
2766,27.66,-6.317964500413364e-05,2.000172904466744
2767,27.67,-0.00044144526538600576,2.0002423777687666
2768,27.68,-0.00021606646641789167,2.000157602279151
2769,27.69,4.689941513317985e-06,1.9999995295491015
2770,27.7,9.902026028354129e-05,1.9995146811582896
2771,27.71,0.0003435310777114809,1.9998653406183526
2772,27.72,-0.00042267440662204604,1.9996963731979944
2773,27.73,0.0004957827440894631,1.9996042652479857
2774,27.740000000000002,0.00019570961873135125,1.9994573999221714
2775,27.75,0.00020440372602353017,1.9991883002353568
2776,27.76,0.00024754047514842124,1.999666401593945
2777,27.77,0.00019324775806803143,1.9993033004855818
2778,27.78,6.442953493931092e-05,1.9990238166959868
2779,27.79,-0.00021678516839548928,1.9991748200927275
2780,27.8,-0.00040195080836537744,1.9990978708391285
2781,27.810000000000002,-0.00014834801764536493,1.9988632169621268
2782,27.82,2.4861235245092986e-05,1.999422360412595
2783,27.830000000000002,-2.4694313022196238e-05,1.9991832302831316
2784,27.84,0.00015652358959938046,1.9988119342270845
2785,27.85,0.0003488843975962358,1.9991731014616028
2786,27.86,-0.00018870229420406588,1.999046238495638
2787,27.87,0.00013829770272574303,1.999194453338481
2788,27.88,-0.00012104786760923793,1.99925155340728
2789,27.89,-0.00011396939970397858,1.9993397337972634
2790,27.900000000000002,-0.00025635506138749014,1.9992566003506584
2791,27.91,-0.00013406803920512771,1.9990147469042405
2792,27.92,0.0001368904697090349,1.9988755617304403
2793,27.93,0.00016370746012983554,1.9988903644321725
2794,27.94,-6.074366661383086e-06,1.999012026224169
2795,27.95,0.00019265109131661004,1.99889096794451
2796,27.96,0.00010491838697266813,1.9985204858176315
2797,27.97,0.00010838906656666376,1.9986930940023164
2798,27.98,-0.0001593707321385883,1.9985285264933181
2799,27.990000000000002,-3.523147404243507e-05,1.9987820283836253
2800,28.0,0.0005229012746321201,1.9985188911598515
2801,28.01,-8.496239982293624e-05,1.9985979110462826
2802,28.02,0.00011269625923673805,1.9987164514995075
2803,28.03,-0.00011425990212071903,1.9984875779554547
2804,28.04,-0.00029668022728467324,1.99878864666117
2805,28.05,-7.082890823268026e-06,1.9987752213176277
2806,28.060000000000002,-0.0003667091746064656,1.9984364473088467
2807,28.07,-0.00040520690727624325,1.998764249295697
2808,28.080000000000002,8.20458401944019e-06,1.9985304321842738
2809,28.09,0.00034345619739859016,1.9985286751969022
2810,28.1,0.0002536114003804015,1.9987910967326334
2811,28.11,-0.00042842309360360586,1.9982815797847808
2812,28.12,-0.00010230805125067621,1.9985773367149755
2813,28.13,0.00019619287566420974,1.99814625135087
2814,28.14,8.644022117509269e-05,1.9987325636015452
2815,28.150000000000002,9.32332575002547e-05,1.9986994479336968
2816,28.16,0.00026042319057178353,1.9983165394956677
2817,28.17,0.00021031599324123138,1.9983807154642277
2818,28.18,0.00029024304078320844,1.9987411496372087
2819,28.19,0.00027470661151324157,1.9989167271232917
2820,28.2,-0.00025315760306970426,1.9989241453600366
2821,28.21,-5.524453885699902e-05,1.9992448767357252
2822,28.22,9.1826449521519e-05,1.9986628136597042
2823,28.23,0.0001474272930207813,1.9987061956282592
2824,28.240000000000002,-7.800400567144614e-05,1.9988222483223388
2825,28.25,0.0003426502106939088,1.9988955184373767
2826,28.26,0.0006104555829464277,1.9992121184289227
2827,28.27,0.00021253068843253608,1.9991738311614387
2828,28.28,-7.373526041478401e-05,1.9988275193078144
2829,28.29,7.637872891030818e-05,1.9991723813972029
2830,28.3,0.00019346462604065675,1.9989478240095633
2831,28.310000000000002,0.000400862210202682,1.9989090435802948
2832,28.32,-0.00021224188511723862,1.9991775927641253
2833,28.330000000000002,-1.605615200172552e-05,1.999317039368814
2834,28.34,0.00017660933432559516,1.9999255051400142
2835,28.35,-0.00015334918628894564,1.9992294626098266
2836,28.36,3.585746055220631e-05,1.9995043810676625
2837,28.37,-0.00010257500679510705,1.9999148551133434
2838,28.38,0.00010507383606812131,1.999394214984624
2839,28.39,-0.0003127250928307085,1.999381911354058
2840,28.400000000000002,-3.667751457473045e-05,1.9994582457561247
2841,28.41,-9.804092999978801e-05,1.9995355013325669
2842,28.42,-0.00012405762671908278,1.9994527276964227
2843,28.43,0.0001542014121921822,1.9995666346653926
2844,28.44,-0.0005442786801803532,1.99960080829738
2845,28.45,6.125003167111932e-05,1.999737064948479
2846,28.46,-0.00015270199338904449,1.999741606544539
2847,28.47,0.0002862557333747704,1.9999911335932756
2848,28.48,0.00011541953414645427,1.9997872282386706
2849,28.490000000000002,5.9997601882377944e-05,2.0002763645414268
2850,28.5,0.00011687499893171386,2.0006817407795645
2851,28.51,9.734072051490604e-05,2.0002786503602756
2852,28.52,-7.625793415551667e-05,2.0007631248192763
2853,28.53,-3.558889627830592e-05,2.0003141818549945
2854,28.54,0.00011833003428265866,2.000819167496646
2855,28.55,6.062404392803654e-05,2.0007924555460823
2856,28.560000000000002,0.0001159202805666215,2.0003664276454804
2857,28.57,-0.00019377218316479696,2.0006785712754787
2858,28.580000000000002,0.0001758437390163441,2.0005419491342296
2859,28.59,0.00027228354601463526,2.001134169208673
2860,28.6,0.00019838857576475374,2.000767776165906
2861,28.61,4.2569319893153056e-05,2.000942269760646
2862,28.62,1.5169948509534931e-05,2.0008839741009377
2863,28.63,0.000417983782709799,2.001023589868029
2864,28.64,-0.00020023779485050144,2.0010272854725892
2865,28.650000000000002,0.0001949091335659809,2.0011512751985183
2866,28.66,-1.1833592753626048e-05,2.000774722444325
2867,28.67,-0.0002095576688503638,2.0012648929857235
2868,28.68,0.0005077914623907053,2.0006691412006594
2869,28.69,-0.0002132472064806556,2.001193335011441
2870,28.7,0.0001748852373728109,2.0015186431025054
2871,28.71,-0.00040600875917547543,2.001390439684098
2872,28.72,-0.00025462468278985494,2.001855986338763
2873,28.73,0.0006662395653672659,2.001634164505113
2874,28.740000000000002,-0.00025975713373115435,2.0018672348052613
2875,28.75,0.00011065458844968557,2.0016897148492485
2876,28.76,0.0002992562057518374,2.0016774434263485
2877,28.77,-0.0001050115221225379,2.0020704495579213
2878,28.78,-0.00029441319135114135,2.001889139692403
2879,28.79,-0.00011813054705365209,2.0016434118097783
2880,28.8,-0.00019318207616378044,2.0017647140750636
2881,28.810000000000002,-5.9111439168543705e-05,2.0017774499911827
2882,28.82,0.0005060945695877404,2.001727775878607
2883,28.830000000000002,-0.0003611653963659948,2.002249826986056
2884,28.84,-1.532004289535214e-05,2.0019492709898135
2885,28.85,-5.9433750506924706e-05,2.002048670765987
2886,28.86,9.209537288824175e-05,2.002246378855827
2887,28.87,5.052930730837698e-05,2.00220288360601
2888,28.88,0.00017245332929418758,2.002060442305027
2889,28.89,-0.00018758331331610175,2.002181098134989
2890,28.900000000000002,-0.0008565598168936481,2.0026059216663605
2891,28.91,0.0003619651247572198,2.002380301338543
2892,28.92,0.00024604251107874803,2.002182752263174
2893,28.93,-0.0005899225038797229,2.0023466579212537
2894,28.94,0.00013473459690792902,2.0022807514867726
2895,28.95,-0.00037717214139425226,2.0025524424683194
2896,28.96,0.00025718680964678534,2.0023373602631116
2897,28.97,0.00023006586209236446,2.0021587238296865
2898,28.98,-0.000774596333639128,2.0019845310009803
2899,28.990000000000002,-9.266262400154114e-05,2.002020720343544
2900,29.0,0.00012056759346590995,2.002083813761694
2901,29.01,-0.0005452612743501185,2.0024067083531985
2902,29.02,0.0001701759489510105,2.0021853387051265
2903,29.03,0.00027668887062692914,2.0021601278746446
2904,29.04,0.0005611847603499729,2.0015033699063145
2905,29.05,0.00013888087930510396,2.0020455632906033
2906,29.060000000000002,-8.260080279261357e-05,2.0017106571332057
2907,29.07,-0.00039878556080501004,2.0018987876018324
2908,29.080000000000002,-0.00010241639081775825,2.002083405527499
2909,29.09,0.0004247359666893866,2.001784280298533
2910,29.1,0.00024937769004380336,2.0019085367690335
2911,29.11,-2.6264435115377737e-05,2.0017235285680783
2912,29.12,0.00014747114104097776,2.0017260398374566
2913,29.13,-0.00034671469671860574,2.0018883810791057
2914,29.14,0.0003082662220348336,2.0021057705646883
2915,29.150000000000002,0.00016553247138056428,2.001692042937177
2916,29.16,0.00017778958409749113,2.002052740775474
2917,29.17,5.764587895641748e-05,2.0014648286185306
2918,29.18,7.532822434462759e-05,2.0010016807058992
2919,29.19,0.0003243822857531289,2.001626676442284
2920,29.2,-0.0005406040897321098,2.0011565368382405
2921,29.21,-0.00015496701489563312,2.001159307550923
2922,29.22,0.0005495144675177591,2.0012449498171287
2923,29.23,-5.844628163763134e-05,2.0012317822252577
2924,29.240000000000002,-0.0005539656153419873,2.001703404842118
2925,29.25,0.0003255758572705992,2.001287882688896
2926,29.26,-6.506655863341362e-05,2.0011488103896675
2927,29.27,-0.0001463959203625493,2.001281137896711
2928,29.28,-0.000323794646048528,2.001339764751898
2929,29.29,-0.00039805869387025353,2.0008557971312473
2930,29.3,0.00016968036031689323,2.0009530060391505
2931,29.310000000000002,-0.0004416682458896421,2.0012115641202497
2932,29.32,-8.371754680856835e-05,2.0012193805353116
2933,29.330000000000002,-0.00019383697864275404,2.0011644044027395
2934,29.34,-0.0004008499929648114,2.001097620655676
2935,29.35,-0.0004301742223871933,2.0011572219644806
2936,29.36,-0.0005099706340638169,2.0007903271949177
2937,29.37,0.0003525714605317439,2.0008506757699625
2938,29.38,-0.00015636713914183163,2.0009548373031474
2939,29.39,-0.00022010316672259255,2.000697226035576
2940,29.400000000000002,0.00011541117746396962,2.001069813820464
2941,29.41,0.00014092224812857672,2.0013411494384576
2942,29.42,-0.00014077611509386693,2.0010381519852727
2943,29.43,-0.00011963723427295868,2.0015671405267694
2944,29.44,-7.19142121371749e-05,2.001124746403001
2945,29.45,0.0002559122515665067,2.000692452396932
2946,29.46,-0.0005358336169468533,2.0007470164190613
2947,29.47,-0.0002879866959361597,2.000538899841835
2948,29.48,0.00024031028619487296,2.0007264513092298
2949,29.490000000000002,0.00028843198553023675,2.0007624273547697
2950,29.5,-0.00042157571462223377,2.0010229324532607
2951,29.51,-4.36833926913508e-05,2.00039016529576
2952,29.52,0.00018830453618413957,2.0007593148660123
2953,29.53,-0.0004900300976060071,2.0007541015816432
2954,29.54,0.0002167340265342195,2.000557079680167
2955,29.55,-7.770314044173373e-05,2.0006526581199133
2956,29.560000000000002,-7.699416413893746e-05,2.0005416505554523
2957,29.57,-0.0004251409515451804,2.000472887618484
2958,29.580000000000002,-0.000324259345978007,2.000992602178057
2959,29.59,0.00013761281612159504,2.000393435622561
2960,29.6,-0.00039192489910926066,2.0008151245375814
2961,29.61,0.00029620892868998554,2.000605878894381
2962,29.62,9.822338521432124e-05,2.000320786704765
2963,29.63,0.00026612063558254266,2.000919695736333
2964,29.64,0.0006730935866688696,2.0004362739854002
2965,29.650000000000002,-0.0003305943598649255,2.00035065866829
2966,29.66,0.00018065755958829863,2.0001479775992195
2967,29.67,-0.0005301333675495472,2.0005392878769204
2968,29.68,0.00048560111126004165,2.000415097837875
2969,29.69,0.00016281398529433642,2.0003521095843797
2970,29.7,0.00044206403197659324,2.0006647869743857
2971,29.71,0.0003730529417694013,2.000928703089187
2972,29.72,-0.00028198835790583864,2.000514878165551
2973,29.73,-0.00038159693320613975,2.0003134762932966
2974,29.740000000000002,0.00012879726030761465,2.0005692278449034
2975,29.75,0.00022354688330127878,2.000160701251256
2976,29.76,-0.0006576174774235412,2.000742222917834
2977,29.77,3.618709834874238e-05,2.0002984220715345
2978,29.78,-0.00033508807231844896,2.0004468501388
2979,29.79,8.111104638823661e-05,2.0004803679756926
2980,29.8,0.0002878240107574784,2.0003530719634828
2981,29.810000000000002,0.00011396435398677293,2.0004937502864806
2982,29.82,-0.00017112195175361534,2.000374457928398
2983,29.830000000000002,8.388658437853463e-05,2.0001270050692646
2984,29.84,-0.00010492241448875344,2.000048819849371
2985,29.85,0.0004159979903745111,2.0004305417192523
2986,29.86,-0.00016036102925321024,2.000249405563022
2987,29.87,-7.793840989949263e-05,2.00035043792565
2988,29.88,0.00031606419484778316,2.000208407939606
2989,29.89,3.049752040740455e-05,2.000761356638197
2990,29.900000000000002,0.000220137188752497,2.0004759285576466
2991,29.91,0.000669830300505614,2.000146256093161
2992,29.92,-0.00020766675437753525,2.000449430131008
2993,29.93,-0.0001307364462478236,2.000648458611107
2994,29.94,-0.000502334689688177,2.000226736336356
2995,29.95,-0.0001276731413348141,2.000652625647595
2996,29.96,0.0006932178620121511,2.0002976756168027
2997,29.97,0.0004590387735659566,1.9999252440161757
2998,29.98,0.00034217958897831655,2.0002895248744554
2999,29.990000000000002,0.00034390577224259803,1.9998296886534541
