,t,x,y
0,0.0,4.861822793151161,11.501268955607728
1,0.01,4.7307742484783395,11.498219601525589
2,0.02,4.601311265757669,11.502128524295562
3,0.03,4.480826122183794,11.485086639875504
4,0.04,4.37119471359712,11.480115685339388
5,0.05,4.263410346360082,11.485851472748106
6,0.06,4.16552699743752,11.48342163619415
7,0.07,4.071103992035273,11.474075652339408
8,0.08,3.977137966686765,11.468450529058334
9,0.09,3.887348384222976,11.46228823786678
10,0.1,3.8007859181264587,11.441961614864336
11,0.11,3.7159172290480322,11.42845473010299
12,0.12,3.6402172202843666,11.429984950104455
13,0.13,3.563386342806158,11.422139901313002
14,0.14,3.4837932800622684,11.408805069690972
15,0.15,3.416773917424922,11.407158027872086
16,0.16,3.3517171117852778,11.391619018117709
17,0.17,3.286802824021389,11.394225056160055
18,0.18,3.223397120944491,11.379587555303527
19,0.19,3.161551530163907,11.35602351409913
20,0.2,3.108643508796057,11.354700370136808
21,0.21,3.056740699534176,11.34345480685365
22,0.22,2.995221073965477,11.333672628669097
23,0.23,2.945399219030893,11.31189286264716
24,0.24,2.8969431329436865,11.317035780288867
25,0.25,2.84475706569219,11.298227170496709
26,0.26,2.7957437068258946,11.297874557202423
27,0.27,2.7567679089534938,11.280142294835828
28,0.28,2.70336534605967,11.270041605687343
29,0.29,2.6585112484210724,11.248930336383129
30,0.3,2.6149995756071727,11.239016070455648
31,0.31,2.563072544142824,11.2365434659755
32,0.32,2.5269809552014006,11.207540202053645
33,0.33,2.481056287433003,11.196321477410496
34,0.34,2.4418627262956023,11.193922374557216
35,0.35000000000000003,2.399375530086017,11.157447464733652
36,0.36,2.358852297596355,11.158651576963196
37,0.37,2.3192489480527825,11.140049864988002
38,0.38,2.2834923452293703,11.132994718679893
39,0.39,2.2440656018882974,11.10932442950663
40,0.4,2.205985601731322,11.092008333676462
41,0.41000000000000003,2.166467845383196,11.085146272723332
42,0.42,2.1364962803127034,11.065378506698789
43,0.43,2.0982810944123855,11.039361864006198
44,0.44,2.063569700912511,11.030206728389908
45,0.45,2.0311637915665677,11.015282077739538
46,0.46,1.9954405600638074,10.994352013006752
47,0.47000000000000003,1.9610588289074544,10.974060910130152
48,0.48,1.9342626750592635,10.961482393774261
49,0.49,1.8997270749437407,10.95178905977361
50,0.5,1.8696302296775156,10.927780183593566
51,0.51,1.8392541074211333,10.89826696750965
52,0.52,1.809311768909734,10.89384904981396
53,0.53,1.776285451692517,10.863846043981354
54,0.54,1.748704711823321,10.841957972331027
55,0.55,1.7165826822022332,10.820437420962977
56,0.56,1.6860145145366454,10.80380221056876
57,0.5700000000000001,1.6613693623371528,10.78296128973046
58,0.58,1.6291815781695984,10.769600493291463
59,0.59,1.5998752241122558,10.75439039195931
60,0.6,1.577728790237856,10.724489221157617
61,0.61,1.5480246752302051,10.700703232514739
62,0.62,1.5283477509516803,10.682497587526584
63,0.63,1.4968946792095965,10.673468915578168
64,0.64,1.4712537136363415,10.64093078892454
65,0.65,1.4460326240011345,10.626012664890915
66,0.66,1.4181206351458522,10.604651207851191
67,0.67,1.3939598731607181,10.57815913416739
68,0.68,1.365649896765122,10.560435524906389
69,0.6900000000000001,1.3405707677986942,10.538740088203921
70,0.7000000000000001,1.3182058860202532,10.50526689657799
71,0.71,1.2924410961684447,10.485434103717132
72,0.72,1.270599659261406,10.464711367422936
73,0.73,1.2457069001280479,10.437178476308233
74,0.74,1.2218174637166082,10.41126777622218
75,0.75,1.2005724788973804,10.39016914493969
76,0.76,1.175306021699815,10.37380529763779
77,0.77,1.157024085697992,10.34023954582769
78,0.78,1.1296980734230984,10.313038778907702
79,0.79,1.1138571756581666,10.298519895541583
80,0.8,1.0864524633593784,10.277025699972892
81,0.81,1.0667697851485825,10.249235305617642
82,0.8200000000000001,1.0451253071122895,10.202208287897493
83,0.8300000000000001,1.0171674670368929,10.185426219398359
84,0.84,0.9994117494765906,10.160901815759168
85,0.85,0.9787123141233585,10.146619098432733
86,0.86,0.9580890326848327,10.104053035031887
87,0.87,0.9376120065903574,10.07861658691843
88,0.88,0.9205253401779602,10.050684064247728
89,0.89,0.9009598660769611,10.024894995617364
90,0.9,0.8814267392297239,10.008357252860069
91,0.91,0.8570650161945709,9.976930843473035
92,0.92,0.8446390479309077,9.949685792263061
93,0.93,0.8235842477779446,9.92139301585446
94,0.9400000000000001,0.8009547503936364,9.878831971157854
95,0.9500000000000001,0.7866975911782981,9.85488121599218
96,0.96,0.7725096370872786,9.82631591112254
97,0.97,0.7537626000699064,9.79056890995288
98,0.98,0.7345116687014519,9.763145829090906
99,0.99,0.7141326692257385,9.730158924939829
100,1.0,0.6948345663612449,9.712544662197756
101,1.01,0.6795558643154875,9.67207358629201
102,1.02,0.6655200744020054,9.65022182226688
103,1.03,0.648188193991611,9.610238716108887
104,1.04,0.6390011400751889,9.580818052739511
105,1.05,0.6169792785336992,9.552986269637264
106,1.06,0.606332102609683,9.522208141157911
107,1.07,0.5864178107087314,9.505515538408114
108,1.08,0.5764022774625381,9.455022386742522
109,1.09,0.5617823353791286,9.424962718428647
110,1.1,0.5459863609196649,9.394760247078034
111,1.11,0.5291143570475187,9.359204303392659
112,1.12,0.5185619655438379,9.314033984065345
113,1.1300000000000001,0.5026259163309128,9.28415985472787
114,1.1400000000000001,0.48768695324832284,9.247085738355825
115,1.1500000000000001,0.4805891876016687,9.215906545906927
116,1.16,0.46591799353678043,9.172210054318361
117,1.17,0.45215830189883416,9.143130262725126
118,1.18,0.4361832331423065,9.118658979568302
119,1.19,0.4270804253556184,9.085454119667878
120,1.2,0.4094862386816823,9.047820222314597
121,1.21,0.404894751986358,9.0054193098425
122,1.22,0.3892293173746611,8.96837059969793
123,1.23,0.376027621860483,8.935924614481118
124,1.24,0.36986760328424434,8.902316353344428
125,1.25,0.35510127086874427,8.878673850141041
126,1.26,0.34497460241777367,8.844396688666313
127,1.27,0.3367755591757636,8.803578988832554
128,1.28,0.3294228539169515,8.77199199747743
129,1.29,0.3180282107351942,8.723365821548374
130,1.3,0.3066235299001173,8.695567883796732
131,1.31,0.30449905160915147,8.655002568585026
132,1.32,0.2967486381714199,8.618630491731748
133,1.33,0.27948809682923814,8.583913396752688
134,1.34,0.27689775750522766,8.547606677091544
135,1.35,0.2717398305507587,8.517189938451883
136,1.36,0.26258422368182244,8.476719790637798
137,1.37,0.2490089740443002,8.439741934064212
138,1.3800000000000001,0.2407319349186144,8.388926773651155
139,1.3900000000000001,0.23336325007334846,8.352854712917662
140,1.4000000000000001,0.2285584631869987,8.323694678164998
141,1.41,0.22101517147384242,8.298627014278733
142,1.42,0.21679140162128685,8.255439579399324
143,1.43,0.21132129429880367,8.218526071213049
144,1.44,0.20836022733719423,8.18808673705227
145,1.45,0.19731665749343472,8.152282247329257
146,1.46,0.19433356499612833,8.108689193162276
147,1.47,0.18242594573913365,8.07946638292624
148,1.48,0.18329250606123132,8.04294143709169
149,1.49,0.17188288599188378,8.003963743454308
150,1.5,0.16809536580756274,7.964187548267309
151,1.51,0.1686809492545115,7.9230278660741975
152,1.52,0.15755190332116314,7.89783144274274
153,1.53,0.15481131735726128,7.8710423339671545
154,1.54,0.15334482750421108,7.837948605119187
155,1.55,0.1467200742724116,7.770155103796058
156,1.56,0.14221265336846695,7.747637650611258
157,1.57,0.14053508815972604,7.715876516586004
158,1.58,0.13031746993143783,7.686099184756058
159,1.59,0.1324612729799307,7.635909435714163
160,1.6,0.12642941650448836,7.616778517444872
161,1.61,0.12527918543308456,7.565705565836823
162,1.62,0.11983686775684506,7.546073828505283
163,1.6300000000000001,0.11853733074545977,7.499927168528365
164,1.6400000000000001,0.11394413583058223,7.467093081114542
165,1.6500000000000001,0.11260721602818238,7.436647625030408
166,1.6600000000000001,0.10785037081743269,7.407918922693799
167,1.67,0.10412425613512714,7.37764516106655
168,1.68,0.10250289589518921,7.332084323446652
169,1.69,0.09586710822780377,7.312964355722738
170,1.7,0.09740437905041949,7.2695569939213245
171,1.71,0.09807007611038536,7.232964953734036
172,1.72,0.0893906342240279,7.211731332046546
173,1.73,0.09141797744733447,7.169172281946379
174,1.74,0.08822129335024742,7.1233798359719
175,1.75,0.08808918117529156,7.111050266228503
176,1.76,0.08640052387664657,7.077340692445355
177,1.77,0.08136724182460113,7.04806750300017
178,1.78,0.07331601935526108,7.0171061926384475
179,1.79,0.07379157550188559,6.973877168531693
180,1.8,0.0730146331816625,6.9359604576938425
181,1.81,0.06812249190831621,6.921361346905086
182,1.82,0.07023038566630581,6.885661597912714
183,1.83,0.06868248141134863,6.865982060826033
184,1.84,0.06462654278660923,6.815204550882776
185,1.85,0.06241317534213865,6.78662039137751
186,1.86,0.06500069621381749,6.768387115960804
187,1.87,0.0646712267294577,6.718966906473653
188,1.8800000000000001,0.05890699375867392,6.696989147829156
189,1.8900000000000001,0.05738914050328626,6.6827684192148284
190,1.9000000000000001,0.05634199684812854,6.639795843718086
191,1.9100000000000001,0.059792933900108446,6.633302591881181
192,1.92,0.051958672303764976,6.585387048112277
193,1.93,0.05294936147883359,6.55011282739536
194,1.94,0.053260940547681,6.52004999808497
195,1.95,0.05211274908929088,6.4854354957709734
196,1.96,0.046447278907165025,6.460100369955981
197,1.97,0.050128622162080944,6.442352725641203
198,1.98,0.048323852639869824,6.415741119845123
199,1.99,0.047024854153346896,6.3852778132616255
200,2.0,0.04648905836251941,6.359277882962374
201,2.0100000000000002,0.042680208311089846,6.331402234632686
202,2.02,0.04630076253452933,6.304404911596065
203,2.0300000000000002,0.0421334284597792,6.26970532680629
204,2.04,0.04566925913849218,6.253319754407322
205,2.05,0.041468390968756486,6.227198934531789
206,2.06,0.038644983400347874,6.191382887762568
207,2.07,0.040296265790909516,6.177876256822323
208,2.08,0.03867121128825639,6.145258683198482
209,2.09,0.03583052162460955,6.107066526236996
210,2.1,0.03890718457396661,6.08858961759074
211,2.11,0.0441883770902282,6.069462452564765
212,2.12,0.03872421804220357,6.040994127951087
213,2.13,0.034818643191007394,6.0222364897801715
214,2.14,0.0375690646031846,5.9900865982045275
215,2.15,0.03386724451189754,5.972641050299244
216,2.16,0.03572291798641445,5.94612559505239
217,2.17,0.03392852144964842,5.901659903182204
218,2.18,0.03336725779032283,5.892791941196726
219,2.19,0.034704906284732946,5.8667299702904225
220,2.2,0.029836494491649726,5.846797797098436
221,2.21,0.03277820312844401,5.827853284573827
222,2.22,0.030599792164655356,5.797306549297252
223,2.23,0.03204486258936953,5.7762175868978725
224,2.24,0.031729469119872955,5.743340014492461
225,2.25,0.028379152615739724,5.733970700201687
226,2.2600000000000002,0.023960545589339154,5.700180912581907
227,2.27,0.031771230978795355,5.676311832826823
228,2.2800000000000002,0.029431860351943707,5.659940822800525
229,2.29,0.027644336027454707,5.6319280105053355
230,2.3000000000000003,0.027332827357438118,5.6175474364111695
231,2.31,0.026777307081501826,5.592152644203737
232,2.32,0.023060732566165868,5.570891561361504
233,2.33,0.030691162165131926,5.550969374046047
234,2.34,0.025628933419026223,5.543351828001226
235,2.35,0.02285758012414859,5.505299813669851
236,2.36,0.026098720927514977,5.487810976354051
237,2.37,0.02304798801131982,5.461766313810101
238,2.38,0.02503192265213099,5.438515941833253
239,2.39,0.02660523007761054,5.435411557345722
240,2.4,0.02318382121251839,5.40858366551564
241,2.41,0.020849778556481714,5.382678696913214
242,2.42,0.02296873603201311,5.349463727402818
243,2.43,0.02393905077994647,5.333226560222808
244,2.44,0.018830352702447806,5.310799353650732
245,2.45,0.02063843055532929,5.300102353292498
246,2.46,0.02535025069377267,5.2780237558557195
247,2.47,0.018712692801005112,5.257266325771215
248,2.48,0.01542324955361403,5.242130066358427
249,2.49,0.024387643627081873,5.209784316271776
250,2.5,0.019671529883713852,5.1939871843685825
251,2.5100000000000002,0.021292844393027567,5.1776783218800375
252,2.52,0.019329169289477807,5.180975092638712
253,2.5300000000000002,0.019618539258969708,5.137118405419679
254,2.54,0.017418695932600207,5.12718694103804
255,2.5500000000000003,0.015494651531621391,5.100075018933105
256,2.56,0.02215768678400482,5.088256864926382
257,2.57,0.021226750417574505,5.06367563816007
258,2.58,0.01845483739975433,5.049731171378525
259,2.59,0.020936955935898643,5.038148811252646
260,2.6,0.017417067870017653,5.011312765471489
261,2.61,0.012250549605657307,4.993423211515375
262,2.62,0.017002044658074696,4.984361177819362
263,2.63,0.01868650894854046,4.9724198592626925
264,2.64,0.020103676401514906,4.9334034950707455
265,2.65,0.018046553277520392,4.934820075220871
266,2.66,0.02134878568712349,4.911871157810643
267,2.67,0.017403544632120887,4.893141486671089
268,2.68,0.017650857683012892,4.864498476935171
269,2.69,0.016815678012305196,4.864371168206982
270,2.7,0.014463809375747856,4.8336052979515145
271,2.71,0.014335924218721954,4.8193255450969845
272,2.72,0.020781299289310756,4.81308930871323
273,2.73,0.018974837826732493,4.799860055188248
274,2.74,0.017850446001729657,4.781776336719545
275,2.75,0.012183856133871278,4.767773177487574
276,2.7600000000000002,0.017991422302546967,4.75008239959922
277,2.77,0.01846155278810839,4.735293930005381
278,2.7800000000000002,0.018788517379914185,4.7150408347739585
279,2.79,0.016908247942779682,4.703037814018568
280,2.8000000000000003,0.012800222822453269,4.690866415489412
281,2.81,0.012882471118624924,4.658593937929614
282,2.82,0.013167783695185082,4.650119616730926
283,2.83,0.011390320847032816,4.635140137062945
284,2.84,0.016840738242539503,4.618692926534101
285,2.85,0.015357368895555919,4.604543184011474
286,2.86,0.015801304121584273,4.594380243417236
287,2.87,0.011307485358445772,4.570890404732546
288,2.88,0.01759615081417493,4.561496448443547
289,2.89,0.015776989919968686,4.543884840215015
290,2.9,0.013323521018995641,4.539901944894395
291,2.91,0.01645183494873593,4.5134941043890535
292,2.92,0.020100378890477298,4.497071665253956
293,2.93,0.019063074990344164,4.48043494561332
294,2.94,0.014893397242234126,4.475496714409818
295,2.95,0.011505992614593561,4.458339867020086
296,2.96,0.01869476782515298,4.447755054429961
297,2.97,0.014714489627731541,4.431248747812096
298,2.98,0.013332522199203922,4.416582197178726
299,2.99,0.01437622081496696,4.396926073096108
300,3.0,0.015004400844148327,4.379920828450907
301,3.0100000000000002,0.01092604232839183,4.374581282538663
302,3.02,0.013077017594700792,4.363223649540651
303,3.0300000000000002,0.014700885462702474,4.342516338624319
304,3.04,0.01842121268338308,4.323857195117464
305,3.0500000000000003,0.014115663084479374,4.31099665896029
306,3.06,0.010581554042660465,4.312747330301322
307,3.0700000000000003,0.012369377412218736,4.2843369597875265
308,3.08,0.014799120598507978,4.272871641063492
309,3.09,0.009662979931659352,4.254671574162154
310,3.1,0.016667734804919173,4.251326732735527
311,3.11,0.013810740930387673,4.228059195556013
312,3.12,0.017507392789522458,4.224603629772237
313,3.13,0.01970833741991172,4.199777155385152
314,3.14,0.014004543432276771,4.1995555215546485
315,3.15,0.0136420299831491,4.196522792916769
316,3.16,0.013267379976476864,4.167195778721875
317,3.17,0.012834794393008931,4.16684184259454
318,3.18,0.013076035963775124,4.147996017933913
319,3.19,0.01600408117617248,4.136714492346239
320,3.2,0.01761299035379447,4.127424255765168
321,3.21,0.01416101602187307,4.118161036393933
322,3.22,0.014880512852438634,4.104973167635343
323,3.23,0.011535197283643195,4.086518060730563
324,3.24,0.00775968390705811,4.081179654667441
325,3.25,0.01239628974835216,4.069741914939495
326,3.2600000000000002,0.014610381245424724,4.062451880529836
327,3.27,0.013933896237723923,4.0415904434826615
328,3.2800000000000002,0.015889495586863287,4.0303060300386
329,3.29,0.015590726439552428,4.021898274886989
330,3.3000000000000003,0.016596950382000136,4.00700277995536
331,3.31,0.014527848889736295,3.991824159338246
332,3.3200000000000003,0.01438526262303788,3.985875015349461
333,3.33,0.010228770345285316,3.9696927651656018
334,3.34,0.009788128264086073,3.962008447571496
335,3.35,0.014594936770805107,3.953635641869708
336,3.36,0.01706262774752009,3.9385878657295894
337,3.37,0.011079047209958972,3.928089858694625
338,3.38,0.017095710289557756,3.9242704596226203
339,3.39,0.011471288628841194,3.902064222735439
340,3.4,0.012054482027326816,3.8901724173103207
341,3.41,0.009751368189449699,3.8808000949008616
342,3.42,0.015358221733705792,3.8826580596288904
343,3.43,0.013890254863642435,3.864261447760984
344,3.44,0.013338455178609076,3.8474910936866054
345,3.45,0.015088269980608627,3.83718199815412
346,3.46,0.01588735533210348,3.825572795411417
347,3.47,0.015217007469715261,3.833657662615649
348,3.48,0.0071247376558672025,3.80597366729542
349,3.49,0.012005259636483388,3.798887066105307
350,3.5,0.017709462055916326,3.786485142059437
351,3.5100000000000002,0.01599777583534393,3.778850330297876
352,3.52,0.011254350579882586,3.770639970267296
353,3.5300000000000002,0.015917828284615878,3.754954713442553
354,3.54,0.016382184676774332,3.748972720298138
355,3.5500000000000003,0.014153357818709402,3.73576752333176
356,3.56,0.01580422451428459,3.7317918504174763
357,3.5700000000000003,0.015426250665411837,3.723458567010699
358,3.58,0.017222312191637165,3.720959503438239
359,3.59,0.01629707177176718,3.706142892794496
360,3.6,0.016404354375689146,3.700091018689088
361,3.61,0.010161719455615177,3.680567376004818
362,3.62,0.011356650121265296,3.6785483613095904
363,3.63,0.01619984038372616,3.6589548588135257
364,3.64,0.017468079070223574,3.6492862071554226
365,3.65,0.018400559413801764,3.642340695763618
366,3.66,0.008019982266619482,3.633627118340118
367,3.67,0.013133692043710584,3.624503361743291
368,3.68,0.011723730622983672,3.6130139445385074
369,3.69,0.011905483172714365,3.6075039860693874
370,3.7,0.0159549534050546,3.60959943946804
371,3.71,0.020185116534226506,3.599554517691786
372,3.72,0.010816487899466235,3.5736910234378194
373,3.73,0.01724422097278342,3.5737290068660874
374,3.74,0.016659182405696728,3.5624457209829807
375,3.75,0.016045260526160034,3.547207812455231
376,3.7600000000000002,0.014389050350907689,3.543579918751493
377,3.77,0.012416516754920698,3.5242116375409873
378,3.7800000000000002,0.020613398249979112,3.527208541086222
379,3.79,0.014962704172215032,3.5210246365312052
380,3.8000000000000003,0.01247374304124552,3.509052972929888
381,3.81,0.015094585418351176,3.5029618100231406
382,3.8200000000000003,0.01620394183631863,3.495009810992011
383,3.83,0.018445072796393673,3.4848992831655488
384,3.84,0.015492382788026558,3.4675633199221796
385,3.85,0.01253491470753674,3.469115041105303
386,3.86,0.020884074076281553,3.447465902705594
387,3.87,0.018295529405713277,3.435364543792624
388,3.88,0.020413679241543553,3.452709948993469
389,3.89,0.019314342244835733,3.4340617395504855
390,3.9,0.017593052786644598,3.416174462530608
391,3.91,0.016079743166797417,3.4153328859375294
392,3.92,0.019208012606242643,3.3946061829964624
393,3.93,0.01725710533598147,3.396967478448773
394,3.94,0.01652479276318937,3.3919913147892657
395,3.95,0.0238222317122924,3.3890221525636655
396,3.96,0.013398032846314226,3.3640383617000316
397,3.97,0.016801322922246006,3.36823201814951
398,3.98,0.01960559371102206,3.3486005237696803
399,3.99,0.019926232317039362,3.352235367279157
400,4.0,0.019131296907424614,3.340208326807125
401,4.01,0.0169707563380254,3.3301530786315405
402,4.0200000000000005,0.017867943444719814,3.3287328842616857
403,4.03,0.015891703501024083,3.3190233904306283
404,4.04,0.0201817838884148,3.309811539436642
405,4.05,0.016544741059553447,3.3087946766023744
406,4.0600000000000005,0.01627449751728233,3.29583591848029
407,4.07,0.014834241140867389,3.2922807844734474
408,4.08,0.016741752702934935,3.2730558384597015
409,4.09,0.014955020437283428,3.277834865462179
410,4.1,0.01898339369260241,3.2710798244432153
411,4.11,0.017638737971698994,3.2661571741190376
412,4.12,0.017693276148203544,3.245395592090612
413,4.13,0.015537380150130394,3.238007692143818
414,4.14,0.020995197434357103,3.2315526429844907
415,4.15,0.021843678428880266,3.232901810876646
416,4.16,0.022845301437504708,3.2139039770670945
417,4.17,0.020121351364553296,3.2102702536435808
418,4.18,0.01681810456911878,3.2181858941220525
419,4.19,0.016792308208347963,3.192701707412905
420,4.2,0.02278363353599221,3.181230582143909
421,4.21,0.01801910191974387,3.196305068023587
422,4.22,0.021619175911906412,3.187005620726796
423,4.23,0.02729266873967108,3.173977601110481
424,4.24,0.01755927390733921,3.1775015296375777
425,4.25,0.02247829048012192,3.160642936111784
426,4.26,0.02697081287270986,3.1576307958781755
427,4.2700000000000005,0.01935836884387615,3.137555402063004
428,4.28,0.0248217265437618,3.140850041463957
429,4.29,0.02581395727667144,3.129661586055446
430,4.3,0.02020398639368164,3.1282734724059478
431,4.3100000000000005,0.020836835435543714,3.120760761960334
432,4.32,0.02249102314429163,3.116345052262906
433,4.33,0.02116349684268553,3.1159932916543815
434,4.34,0.028164989570119297,3.109321996719867
435,4.3500000000000005,0.02375443866208896,3.1028846624542403
436,4.36,0.02487302977943092,3.0947313081173284
437,4.37,0.023930403850896852,3.068670916013184
438,4.38,0.029060231060579807,3.074305864526557
439,4.39,0.024586056061056655,3.0641397467285243
440,4.4,0.026308269321092002,3.0569164022174538
441,4.41,0.02738030206643766,3.0537976700778
442,4.42,0.025925040012529762,3.0523398565051996
443,4.43,0.02533445553834764,3.0484838618701953
444,4.44,0.02727505240081755,3.0317016165728914
445,4.45,0.027535064916229222,3.0352994830832536
446,4.46,0.027365015559847942,3.0276443709591048
447,4.47,0.030688161555352794,3.0173473769800574
448,4.48,0.028138875922355054,3.013535177296047
449,4.49,0.029019355378502833,3.0142470989470613
450,4.5,0.036363283113748604,3.001646203230591
451,4.51,0.033173472090322925,3.005343366467848
452,4.5200000000000005,0.030974022589962603,2.9853286426886565
453,4.53,0.0283360107186455,2.9954373513723502
454,4.54,0.0309266501440382,2.9852503174628224
455,4.55,0.030164976364786687,2.973316116156069
456,4.5600000000000005,0.032392787702872114,2.9651130189086374
457,4.57,0.030553516666775627,2.950671631414705
458,4.58,0.028295509058429483,2.9498336761000274
459,4.59,0.02867233828489924,2.948625041463341
460,4.6000000000000005,0.029224008620442207,2.944270266074487
461,4.61,0.03228535567257811,2.941858322304928
462,4.62,0.03459370191000606,2.9355048488529176
463,4.63,0.03306435648346382,2.9267324196294657
464,4.64,0.030718585081899005,2.914703527176496
465,4.65,0.032616253339655565,2.909842617195072
466,4.66,0.033559562758521455,2.9101389062326515
467,4.67,0.03531054838407728,2.9094254560988384
468,4.68,0.03329240956641537,2.8980341833850143
469,4.69,0.033250191407256276,2.899546487945488
470,4.7,0.03236059694541826,2.8826752342230884
471,4.71,0.03437232447471241,2.882895155539083
472,4.72,0.03537981253406086,2.879237612668167
473,4.73,0.03640238745518134,2.8667461264089664
474,4.74,0.03667998748721803,2.855852086606982
475,4.75,0.04060089848818128,2.8565044302684
476,4.76,0.036705201991627426,2.854976796245491
477,4.7700000000000005,0.03833976181593395,2.8492895192603798
478,4.78,0.040260681344326026,2.849136041087759
479,4.79,0.03983496488205707,2.839814282503057
480,4.8,0.04114708919158345,2.831913284531046
481,4.8100000000000005,0.03714519291650637,2.827909939330182
482,4.82,0.043514030723677724,2.8270203811229075
483,4.83,0.04000856177632036,2.8299786985366455
484,4.84,0.04434022710736588,2.826288985284787
485,4.8500000000000005,0.04760815544882668,2.8100554234156445
486,4.86,0.04052581970013675,2.8048736143182675
487,4.87,0.040454881960749325,2.8127474373683095
488,4.88,0.044574914171059035,2.794004871379607
489,4.89,0.040502555907754194,2.789556842618521
490,4.9,0.048773149421095036,2.78670276156863
491,4.91,0.045763008708529215,2.787832407641465
492,4.92,0.051409975536023646,2.785653586308357
493,4.93,0.04976049417655155,2.769479169007342
494,4.94,0.04513093732576432,2.777497628198396
495,4.95,0.048887796776515856,2.7599189450476516
496,4.96,0.04796639072591277,2.757311001911523
497,4.97,0.04910462169466473,2.7678739474816085
498,4.98,0.04345372800635471,2.751560859963043
499,4.99,0.05075751892624817,2.7461790611686614
500,5.0,0.05084335022327337,2.761527184412646
501,5.01,0.0505062614040254,2.7304268098859077
502,5.0200000000000005,0.055632630902396125,2.7442706498855176
503,5.03,0.053300178512965944,2.737988497407702
504,5.04,0.05408472596532153,2.7275157442749576
505,5.05,0.053031239632343255,2.7231615179669992
506,5.0600000000000005,0.05669973560680497,2.722517521108581
507,5.07,0.05642314655901223,2.7116123565978456
508,5.08,0.0569702945529301,2.7093123488703674
509,5.09,0.06173317175531173,2.70866157881254
510,5.1000000000000005,0.05954314987288089,2.6943763236321256
511,5.11,0.05712885383557179,2.695512316396806
512,5.12,0.05770439585088347,2.703477075739726
513,5.13,0.062783067997272,2.6930800942066195
514,5.14,0.057681832235544094,2.6893756657110983
515,5.15,0.0634850857246101,2.6918185230904768
516,5.16,0.0673889238080128,2.686777914013431
517,5.17,0.061806688291537355,2.6762997783959483
518,5.18,0.06270222668440846,2.6720838867935246
519,5.19,0.06500849366209878,2.674046329269716
520,5.2,0.06687895894574437,2.664031737570622
521,5.21,0.06616702096667862,2.6559357430539996
522,5.22,0.06676169229728122,2.6629472799505134
523,5.23,0.06922212702333148,2.6542216126435108
524,5.24,0.07161924506514113,2.64583054355877
525,5.25,0.07395216430539409,2.6483280337167563
526,5.26,0.06979624549608317,2.6390818530627462
527,5.2700000000000005,0.07723525924032516,2.6388540681860624
528,5.28,0.07720178157418098,2.6339025402282523
529,5.29,0.0725910801126476,2.636764621182927
530,5.3,0.07904574399307339,2.6282554862301204
531,5.3100000000000005,0.07881676144744511,2.6220193000483003
532,5.32,0.08332017436633074,2.619561355490532
533,5.33,0.07627471302057985,2.617955682887844
534,5.34,0.08092223806376463,2.6217804239492373
535,5.3500000000000005,0.07728431115030193,2.6253536391623964
536,5.36,0.08661353452515566,2.613317593782084
537,5.37,0.08639225922118056,2.605612334801486
538,5.38,0.09000030145155605,2.6099747915519527
539,5.39,0.08766839017452978,2.5939272674254927
540,5.4,0.09009809270351395,2.6048329915175126
541,5.41,0.09211118140929506,2.5963287190007964
542,5.42,0.09416650357116126,2.5953969831987695
543,5.43,0.09857912826940364,2.5874060147699414
544,5.44,0.09557967504552407,2.5885659631112934
545,5.45,0.09489969412549071,2.5827931397430275
546,5.46,0.09619562971559968,2.586509028310519
547,5.47,0.1001957581592631,2.5869572524363953
548,5.48,0.10120680881629378,2.58242510356054
549,5.49,0.10347999387462292,2.576578041913915
550,5.5,0.10841089552772688,2.568332087750797
551,5.51,0.10881039208821534,2.5696923713834825
552,5.5200000000000005,0.10536237191470392,2.563838975335354
553,5.53,0.10942629286111354,2.5761979063821157
554,5.54,0.11085226093114597,2.5611463426223
555,5.55,0.1138781635900024,2.558726164786461
556,5.5600000000000005,0.119259260891447,2.557394255005908
557,5.57,0.11446310281461435,2.555482604838291
558,5.58,0.11554177003716484,2.557819423783926
559,5.59,0.12187373355502752,2.5516847820762485
560,5.6000000000000005,0.1269909000259443,2.5513722817314286
561,5.61,0.12778269052310398,2.5520086236517265
562,5.62,0.12452829798861507,2.5444679924836002
563,5.63,0.12941150195010906,2.5436045858649474
564,5.64,0.13395401441390373,2.554911437452942
565,5.65,0.13459036905375346,2.550224692927068
566,5.66,0.13959737370541683,2.5271742691118733
567,5.67,0.1344310359110164,2.5374908256769113
568,5.68,0.13958297667692968,2.525897414154241
569,5.69,0.14231487444496493,2.529659159707161
570,5.7,0.14938321566008533,2.5344905383051177
571,5.71,0.14881667916456853,2.5371978432885793
572,5.72,0.14641258269009322,2.529720782991373
573,5.73,0.15097499389755636,2.525509073317015
574,5.74,0.1518191775720349,2.5212140345160714
575,5.75,0.15837802830617848,2.522560033094497
576,5.76,0.16497842561070095,2.5149029240186866
577,5.7700000000000005,0.162390464944858,2.5163177009506694
578,5.78,0.1621824881316455,2.52074554009993
579,5.79,0.1693847476837123,2.5047856432155395
580,5.8,0.1710409086904399,2.5199523505839174
581,5.8100000000000005,0.17092563906972563,2.51533234135078
582,5.82,0.17170335459378033,2.514983952737031
583,5.83,0.1768928485476497,2.5059069798883185
584,5.84,0.18297281262758572,2.5083964304767403
585,5.8500000000000005,0.17871834712985699,2.514823386390965
586,5.86,0.18449713882391908,2.5196928541874892
587,5.87,0.19343840372631782,2.515071470808178
588,5.88,0.19633536841789773,2.5123493175704645
589,5.89,0.19639054477474027,2.5075569068287713
590,5.9,0.20220894556964727,2.5104615467036773
591,5.91,0.2049649235702094,2.4961865654323723
592,5.92,0.21201160280591658,2.5056863193581713
593,5.93,0.2132149318940092,2.4911902501470613
594,5.94,0.21204561035960795,2.5049899584920348
595,5.95,0.22157139581303353,2.5059193653185576
596,5.96,0.22541779805295087,2.5063306256289195
597,5.97,0.22827776057752144,2.5100444105866724
598,5.98,0.23440050687854352,2.500005903038669
599,5.99,0.23213549034702965,2.4964574028858126
600,6.0,0.24354979806875018,2.510452333138129
601,6.01,0.24169378402656577,2.5019617501850706
602,6.0200000000000005,0.24958349821976636,2.5194183921631668
603,6.03,0.252526427399622,2.5201099172360992
604,6.04,0.25874330534859313,2.507380822617827
605,6.05,0.25923434437857806,2.5146991457286756
606,6.0600000000000005,0.26360101771667077,2.51108209412548
607,6.07,0.2670521618919788,2.501016603193884
608,6.08,0.27860666060822775,2.507531465990227
609,6.09,0.2818237175218426,2.5068208640065395
610,6.1000000000000005,0.2867104399718156,2.509495715992718
611,6.11,0.28997119926310283,2.509294911226992
612,6.12,0.2945668950125605,2.5153770860462923
613,6.13,0.3057350458803142,2.513813915644287
614,6.140000000000001,0.30883670938531577,2.512911394235898
615,6.15,0.31090040662124446,2.5160237885559287
616,6.16,0.3234144506525857,2.521750330499757
617,6.17,0.3254585799138379,2.5196550079342837
618,6.18,0.33075906484936557,2.5158386950702876
619,6.19,0.3378626249696287,2.518271137780115
620,6.2,0.3462793031036871,2.52173445318792
621,6.21,0.3490429546381443,2.5233400337357113
622,6.22,0.3586093207262737,2.5335558074200337
623,6.23,0.3636611433265129,2.5317325451283534
624,6.24,0.3706546886326067,2.540309972411306
625,6.25,0.38025185889382834,2.523535434896272
626,6.26,0.385500806494589,2.532635456674627
627,6.2700000000000005,0.38743824146963746,2.541836722837569
628,6.28,0.3963920879122935,2.532402974681792
629,6.29,0.4049277843704434,2.5438907679570875
630,6.3,0.41423486933795595,2.5511480069401165
631,6.3100000000000005,0.42260090970371206,2.549376109822413
632,6.32,0.4265560179709617,2.5565696661723645
633,6.33,0.43662835644445613,2.544171942535784
634,6.34,0.4412119590577361,2.5601320760109387
635,6.3500000000000005,0.4500989665273472,2.55819717118376
636,6.36,0.4615573985610716,2.56772200903261
637,6.37,0.47322918190113894,2.5741485834494964
638,6.38,0.4729881866180452,2.5813434867660714
639,6.390000000000001,0.4854391749425651,2.5660010412786267
640,6.4,0.4916825312923606,2.5768128194855815
641,6.41,0.5024091799767278,2.571929057916226
642,6.42,0.5085817638821998,2.5916414629929703
643,6.43,0.5206374713162091,2.587351684562609
644,6.44,0.5323550282090586,2.595736398631227
645,6.45,0.5381456435731973,2.593296034196901
646,6.46,0.5458276209551399,2.5998012070344467
647,6.47,0.5614380066823179,2.62401109539197
648,6.48,0.5652771583538859,2.6123731698244734
649,6.49,0.5810479042222494,2.614881467413672
650,6.5,0.5878041255679407,2.6165730788710704
651,6.51,0.6062565041936031,2.6384081257256327
652,6.5200000000000005,0.6117611284945669,2.6288906824225813
653,6.53,0.6189832867809746,2.6355968878203453
654,6.54,0.6311311634851675,2.6434819401323186
655,6.55,0.6430231004426419,2.643145105154633
656,6.5600000000000005,0.6559169263148211,2.6503441191912156
657,6.57,0.6643037432095003,2.6500938065620567
658,6.58,0.6806994574875629,2.6505165505672474
659,6.59,0.6852907209483369,2.667702337508619
660,6.6000000000000005,0.7064510029731617,2.6648620218395718
661,6.61,0.7182517661306045,2.6746633324403337
662,6.62,0.7254110175157163,2.6771192721398966
663,6.63,0.7377338959901728,2.6892494928070083
664,6.640000000000001,0.751516565064001,2.6985278381555045
665,6.65,0.7636330255322946,2.6845563473499774
666,6.66,0.7769007097922325,2.697081567197688
667,6.67,0.7940938283106597,2.714898213118526
668,6.68,0.805816354356201,2.727910454996726
669,6.69,0.818817251689084,2.722797587219951
670,6.7,0.8333398607059178,2.73138680371959
671,6.71,0.8511532519392636,2.7424154379281904
672,6.72,0.8569754776094282,2.7439239639665254
673,6.73,0.8755240139089991,2.755396044963385
674,6.74,0.8897605163979518,2.773246834758697
675,6.75,0.9040189414877962,2.7641367349887713
676,6.76,0.9191139594485429,2.7775267049066286
677,6.7700000000000005,0.9304571594191412,2.777758548367657
678,6.78,0.9479012374579794,2.789520834439313
679,6.79,0.9593925124253717,2.8006782660557508
680,6.8,0.980646509998743,2.814446782973114
681,6.8100000000000005,0.9961121428649106,2.808229260816941
682,6.82,1.0158128650241727,2.824889521903861
683,6.83,1.027446297250164,2.8386826559590173
684,6.84,1.0481689164609085,2.841425685011866
685,6.8500000000000005,1.061230994796037,2.8455909575611926
686,6.86,1.077562280526628,2.8562411957062723
687,6.87,1.093050605907522,2.857783998423621
688,6.88,1.1108651305771542,2.872124285767718
689,6.890000000000001,1.1319803716889474,2.8872506309221255
690,6.9,1.1484326896920312,2.895173588233162
691,6.91,1.159340563051863,2.8936012979202124
692,6.92,1.1779863342741088,2.913473410667112
693,6.93,1.1949927131444338,2.9151565167018307
694,6.94,1.2142388712385803,2.924147576652856
695,6.95,1.2322760129520196,2.9379441718623687
696,6.96,1.2494157119916975,2.9519365875801498
697,6.97,1.2675374112318272,2.9563704045401415
698,6.98,1.2869150921591272,2.9722779285191563
699,6.99,1.310821315052162,2.9754563082719754
700,7.0,1.323487144998274,2.9945959598053196
701,7.01,1.337430812613405,3.0129084062958875
702,7.0200000000000005,1.3594501406017552,3.0042917822175452
703,7.03,1.3789074730239193,3.020013693695026
704,7.04,1.3995342740456405,3.0356455623674004
705,7.05,1.4208276874808239,3.040316430405258
706,7.0600000000000005,1.440167806399403,3.0534565070412194
707,7.07,1.455133191504513,3.065064783209484
708,7.08,1.4778047768775826,3.0782905718635276
709,7.09,1.4927238100243752,3.086883194793229
710,7.1000000000000005,1.5146898087963525,3.1062413648026377
711,7.11,1.528648903864517,3.108908911353248
712,7.12,1.547362192445937,3.1179577036008466
713,7.13,1.5690973880678556,3.1296844558407133
714,7.140000000000001,1.5843750743724108,3.138445951577944
715,7.15,1.6083852597368806,3.152758070160307
716,7.16,1.622893966554165,3.1668739534280643
717,7.17,1.6407160146253352,3.18201061703036
718,7.18,1.6607418833711916,3.1963748875854656
719,7.19,1.6819326637940328,3.198256946926572
720,7.2,1.6997043447801239,3.221319942612069
721,7.21,1.719129814379327,3.2330397706263643
722,7.22,1.7440945761814197,3.23194490588107
723,7.23,1.7574052463873115,3.256959190892884
724,7.24,1.7735082309053964,3.272111002634461
725,7.25,1.7942223583364305,3.281128393210653
726,7.26,1.8089401640537837,3.2919513266145914
727,7.2700000000000005,1.8347182102571473,3.3071188346135796
728,7.28,1.845845476877011,3.3126901288645585
729,7.29,1.8692812276438193,3.332979576105457
730,7.3,1.8815977394274352,3.3404476238325134
731,7.3100000000000005,1.9029041570353018,3.3615025529501636
732,7.32,1.9181676346308751,3.3782840025846017
733,7.33,1.9401752656222027,3.381370295529995
734,7.34,1.955781123346568,3.40177182313056
735,7.3500000000000005,1.9799084740873196,3.415464564747075
736,7.36,1.9902631999413707,3.4288918263362183
737,7.37,2.0124929329043026,3.443967039962738
738,7.38,2.026339489786816,3.461778033195052
739,7.390000000000001,2.0451690863242424,3.4695888956582817
740,7.4,2.0554966512333057,3.499762442150285
741,7.41,2.071266974170024,3.4992596292436593
742,7.42,2.092133898533447,3.514328016737069
743,7.43,2.1082247191398262,3.544602743813927
744,7.44,2.1275242824024265,3.5430337792105284
745,7.45,2.14380843178314,3.562561300879008
746,7.46,2.159863868807947,3.582081183363022
747,7.47,2.170378472625299,3.6002236116199917
748,7.48,2.1830268281650698,3.6041977260906175
749,7.49,2.204973729719552,3.6170342012433436
750,7.5,2.221818213479447,3.639438161045525
751,7.51,2.2302414915458053,3.6454377568086507
752,7.5200000000000005,2.241704758120669,3.668174920241774
753,7.53,2.258806613370053,3.6785182913956076
754,7.54,2.2770856488727786,3.6953346130389897
755,7.55,2.287263456624636,3.7221154420309928
756,7.5600000000000005,2.2971084512137856,3.7183087994220876
757,7.57,2.3093909166775517,3.746091311968481
758,7.58,2.3225285355352754,3.7610980123008138
759,7.59,2.3398216234508684,3.771032286095189
760,7.6000000000000005,2.34987757409628,3.7934214661734087
761,7.61,2.363622384305373,3.802397128163414
762,7.62,2.3738526282693617,3.8290754217117358
763,7.63,2.3832098021661032,3.830982694748976
764,7.640000000000001,2.3960527055228145,3.852503248510762
765,7.65,2.4101394236154325,3.8696887034559637
766,7.66,2.418841890998718,3.87058162128388
767,7.67,2.425421406783033,3.9142304919878974
768,7.68,2.4391457333344184,3.924171707003012
769,7.69,2.4452415539086236,3.912622345715115
770,7.7,2.4585791082860684,3.9522440366050358
771,7.71,2.4715562117886236,3.963730307281807
772,7.72,2.4793108135758026,3.9842991615693775
773,7.73,2.48691733257208,3.9869111854177066
774,7.74,2.500731830997089,4.0162233864247145
775,7.75,2.5032234638535438,4.026179242547563
776,7.76,2.5094874372104288,4.054941003372207
777,7.7700000000000005,2.519858542606715,4.068835483506183
778,7.78,2.528644602937353,4.078868794939483
779,7.79,2.534621942115064,4.094875552950456
780,7.8,2.5444762223289352,4.114523085232156
781,7.8100000000000005,2.5562027090443062,4.130184360495948
782,7.82,2.562562132925285,4.160546850865572
783,7.83,2.56811453811809,4.1693599500537
784,7.84,2.573882003635123,4.187887798926761
785,7.8500000000000005,2.578720398851915,4.197017313575245
786,7.86,2.5828004161549503,4.220153693850351
787,7.87,2.590809997376847,4.235651928401866
788,7.88,2.5975741715669765,4.2544613512916385
789,7.890000000000001,2.6061417667208264,4.277506371031909
790,7.9,2.6136348540164596,4.288824543768036
791,7.91,2.6112917069843102,4.2943700579885435
792,7.92,2.62417286857864,4.313912180939533
793,7.930000000000001,2.626604368590202,4.340641729704787
794,7.94,2.630622586406752,4.354636465909224
795,7.95,2.6313341713969276,4.374549818200662
796,7.96,2.6404977654591653,4.389446366747146
797,7.97,2.642095936383595,4.4133717323608685
798,7.98,2.6502389829301354,4.422317135483437
799,7.99,2.6504870600098207,4.458106130777529
800,8.0,2.658145040555462,4.466017157046633
801,8.01,2.656459609157868,4.475207208658242
802,8.02,2.6601131448307385,4.506378551411173
803,8.03,2.660149147479217,4.518303638454804
804,8.040000000000001,2.6662735053025632,4.533845737714334
805,8.05,2.6709922867120968,4.561249994707061
806,8.06,2.6703249862211735,4.56091317857731
807,8.07,2.675046967561029,4.58454319255243
808,8.08,2.6775141523594073,4.597392708010069
809,8.09,2.6778250928509113,4.621528718120205
810,8.1,2.679238481570878,4.63988223667088
811,8.11,2.6795613371997207,4.656372032329976
812,8.120000000000001,2.68335153782588,4.668317164208466
813,8.13,2.683559924644999,4.683149474051835
814,8.14,2.6901830515516565,4.712754525107908
815,8.15,2.6900922214335914,4.725917874965133
816,8.16,2.6922901674889865,4.739316622392577
817,8.17,2.688655879312892,4.76324962844224
818,8.18,2.6874037880796675,4.769258969934437
819,8.19,2.6864158661656266,4.796671438387792
820,8.2,2.69574993200065,4.810780426511785
821,8.21,2.6926013271906117,4.827858863612752
822,8.22,2.68967378048141,4.8427149640073575
823,8.23,2.69404629874119,4.870173614915423
824,8.24,2.6905504135589777,4.887708315882872
825,8.25,2.6938859109551143,4.904634876768271
826,8.26,2.6854947922898145,4.9235738255996075
827,8.27,2.6912997304261186,4.929938839275851
828,8.28,2.6914325168334265,4.953333784757912
829,8.290000000000001,2.6845527048653732,4.972940568292373
830,8.3,2.687521225753143,4.99193634882887
831,8.31,2.6858328853145217,5.011140247000844
832,8.32,2.684892516779939,5.025122336821375
833,8.33,2.6788780988618286,5.046090283570931
834,8.34,2.6800732880840212,5.064908840309564
835,8.35,2.680532176953454,5.080033172608791
836,8.36,2.676183114681854,5.098267919494378
837,8.370000000000001,2.6766132051824916,5.1192391939737885
838,8.38,2.6777703339311207,5.1357770935175635
839,8.39,2.6742310467648536,5.147316694530868
840,8.4,2.6665766233586914,5.166564139511936
841,8.41,2.667624477985566,5.1873224325749465
842,8.42,2.663443416216003,5.201655034090953
843,8.43,2.6611020387566344,5.203293235566951
844,8.44,2.6633178096809913,5.229713750211844
845,8.45,2.6610309950384745,5.255227379150948
846,8.46,2.6551516642245465,5.272453554513595
847,8.47,2.652795430665367,5.285647522231416
848,8.48,2.6495351350531604,5.3117516126499025
849,8.49,2.6478639411686604,5.32786632565286
850,8.5,2.6426964573122627,5.341476696722022
851,8.51,2.644512969371808,5.355315105485197
852,8.52,2.6356026360723637,5.378347436119575
853,8.53,2.636484663102037,5.380523318736476
854,8.540000000000001,2.634730320706791,5.4064264922710725
855,8.55,2.626755370693459,5.42541276483576
856,8.56,2.6229654689519872,5.442631142535398
857,8.57,2.6244191721110974,5.45896196314498
858,8.58,2.618135608060741,5.478602939048099
859,8.59,2.6150576457459445,5.495015905675343
860,8.6,2.608803162654866,5.516858540758442
861,8.61,2.6076360983410405,5.529095622095692
862,8.620000000000001,2.6005012870944313,5.552026413760044
863,8.63,2.6000258631195434,5.557276117924816
864,8.64,2.597919015608096,5.586726530634392
865,8.65,2.5933263831066893,5.594432840331904
866,8.66,2.5901811918400837,5.632098572125285
867,8.67,2.58356356715018,5.63167984311945
868,8.68,2.578503398820769,5.646974761723418
869,8.69,2.5728303866779796,5.658358194743925
870,8.700000000000001,2.568446011779679,5.684632118264298
871,8.71,2.567076851277322,5.6868905956376254
872,8.72,2.5642753356601955,5.714984118821033
873,8.73,2.5625935108202555,5.733788523770254
874,8.74,2.5508782267893895,5.738157944166292
875,8.75,2.5527405119161197,5.77442324467513
876,8.76,2.5469046624176026,5.789993008756715
877,8.77,2.5473192627975876,5.797121043787081
878,8.78,2.5366434514705327,5.816732997461967
879,8.790000000000001,2.5357838952738905,5.828315542208332
880,8.8,2.5252307723430176,5.845558442516979
881,8.81,2.5230054065535943,5.865072514342676
882,8.82,2.523898212272999,5.881572001784841
883,8.83,2.513838449770334,5.886252029252455
884,8.84,2.5158757560637968,5.9096564043094615
885,8.85,2.506290590869519,5.923499916504025
886,8.86,2.505459800532053,5.951090188398875
887,8.870000000000001,2.496106428125712,5.962839951274348
888,8.88,2.4949414931473837,5.981841507422396
889,8.89,2.483273399431382,5.992347957372972
890,8.9,2.48120829054488,6.0107738029823805
891,8.91,2.4746871531135466,6.036637130281413
892,8.92,2.4682319394047125,6.0429504419084985
893,8.93,2.470865291610636,6.055392788512256
894,8.94,2.4622109866067756,6.06851567402639
895,8.950000000000001,2.4568601118498385,6.089014623761906
896,8.96,2.450524433981054,6.097579814705399
897,8.97,2.4426982100003176,6.117356452445509
898,8.98,2.438642305973991,6.133474743179608
899,8.99,2.4351098450077227,6.1359375434441485
900,9.0,2.4330418521003776,6.1758142888340055
901,9.01,2.4263034989955607,6.173193335657517
902,9.02,2.4234311446378807,6.194281261405615
903,9.03,2.4169448361582924,6.2120902902031885
904,9.040000000000001,2.407226270300339,6.228893383382666
905,9.05,2.4007414364674773,6.2351617726885955
906,9.06,2.392904225348828,6.258645414275533
907,9.07,2.3936530948962322,6.27583009963361
908,9.08,2.3919217879357504,6.286165374723752
909,9.09,2.383800716843608,6.298646913049363
910,9.1,2.3790714206359045,6.315180352607251
911,9.11,2.3694807413422434,6.323347796907985
912,9.120000000000001,2.366852012746936,6.344958276321917
913,9.13,2.3583484145438915,6.364897387128366
914,9.14,2.3489016358294275,6.377990778293287
915,9.15,2.3457126429440684,6.387331047626161
916,9.16,2.3384558632318533,6.394493290701842
917,9.17,2.3355108670869305,6.412966990072888
918,9.18,2.3268977384490617,6.434731470703575
919,9.19,2.3183217907514377,6.445967135859478
920,9.200000000000001,2.3101264854256987,6.45497623837323
921,9.21,2.3099331924360182,6.471634392202437
922,9.22,2.304786803676997,6.478237532154264
923,9.23,2.29435942102888,6.496390761028204
924,9.24,2.287545714219513,6.513225736242837
925,9.25,2.2830957228475577,6.528407558012795
926,9.26,2.2779130731256862,6.549370189504391
927,9.27,2.273070570932742,6.555837746199181
928,9.28,2.26730111561582,6.554532660543358
929,9.290000000000001,2.2589788165229066,6.570945118292844
930,9.3,2.2561462889409887,6.589341390051326
931,9.31,2.249983549943714,6.59219834044904
932,9.32,2.2393704087866633,6.612708262418197
933,9.33,2.226430001900762,6.639061572633249
934,9.34,2.2250823371731023,6.638148585060907
935,9.35,2.224109591430704,6.654329196096469
936,9.36,2.213018654619064,6.657390097517009
937,9.370000000000001,2.2063611150293863,6.678155190723999
938,9.38,2.20006240692544,6.6951241979928815
939,9.39,2.192862825940096,6.697469282198131
940,9.4,2.188768593095159,6.71582969388392
941,9.41,2.18310145515378,6.725631292005617
942,9.42,2.177418236949573,6.741471306399126
943,9.43,2.166723999437145,6.757970360038561
944,9.44,2.164103227949232,6.758042112328538
945,9.450000000000001,2.1507858659722325,6.7806269063359945
946,9.46,2.146280863633561,6.796177944612042
947,9.47,2.1411442142958137,6.804137505432853
948,9.48,2.1356168001741453,6.808101052303705
949,9.49,2.1320774507928175,6.823616405462939
950,9.5,2.123114622835723,6.828692341065977
951,9.51,2.1171627998348175,6.8472827324806085
952,9.52,2.108036990697941,6.853705428529521
953,9.53,2.102383710245888,6.867394717498103
954,9.540000000000001,2.0950576686485607,6.883785642402344
955,9.55,2.0886014323260866,6.884015380443273
956,9.56,2.0822446056815846,6.900013604447175
957,9.57,2.0766064982329806,6.92152500236298
958,9.58,2.0734717004462397,6.926200429365197
959,9.59,2.0610975199233144,6.934306070684747
960,9.6,2.0558181927857784,6.951485785999879
961,9.61,2.050900996032409,6.958279458126609
962,9.620000000000001,2.0442387659161634,6.960809369894449
963,9.63,2.033138014476584,6.974502160460436
964,9.64,2.030553917918074,6.980661637871132
965,9.65,2.0230044902011457,6.999748534662807
966,9.66,2.014124325017014,7.0048525522795995
967,9.67,2.012326064520103,7.007427663113333
968,9.68,2.001413031889709,7.035858487756254
969,9.69,1.996231949356727,7.030744916677969
970,9.700000000000001,1.991307027363624,7.047102164800853
971,9.71,1.9825359818490071,7.055873062784408
972,9.72,1.9763698814467332,7.074367727141514
973,9.73,1.9657222400597438,7.073499282594859
974,9.74,1.9608838677826161,7.079002911188791
975,9.75,1.9563445593973783,7.091524388138371
976,9.76,1.948597112373549,7.1065894031193295
977,9.77,1.9400046078190478,7.108677680666605
978,9.78,1.9353054971042682,7.118816946594618
979,9.790000000000001,1.9264197962598613,7.128629390172806
980,9.8,1.9213385642631227,7.141695749381802
981,9.81,1.9104923373420197,7.144569537168606
982,9.82,1.9071986590448233,7.156024072884338
983,9.83,1.9008280287247912,7.170576936051894
984,9.84,1.8940883388225702,7.16527509251635
985,9.85,1.8854004374474567,7.1800670721543
986,9.86,1.884522086094282,7.184505168263322
987,9.870000000000001,1.87336471190739,7.194476848239168
988,9.88,1.859121215887767,7.203881191869973
989,9.89,1.8576180633325257,7.215817235585519
990,9.9,1.8537428668688174,7.2221833060549
991,9.91,1.8434808060972872,7.226609584364183
992,9.92,1.8403885387626506,7.2296628688041285
993,9.93,1.8316289570227158,7.239225447581271
994,9.94,1.8230581700274213,7.256872748254573
995,9.950000000000001,1.8158909056643373,7.276064731621752
996,9.96,1.81247431813371,7.267439315724163
997,9.97,1.8001171331309436,7.270803653146437
998,9.98,1.7999615021074313,7.272806734895374
999,9.99,1.7902612763047303,7.28810729295376
1000,10.0,1.7786102287300554,7.301044927050763
1001,10.01,1.7752929591314976,7.307320043058635
1002,10.02,1.765757505520215,7.304747153940275
1003,10.03,1.7610437812882165,7.306607372753073
1004,10.040000000000001,1.7572872727042934,7.315914536809011
1005,10.05,1.74811002986627,7.324007682090207
1006,10.06,1.7409595697106552,7.342831775095534
1007,10.07,1.7274826722677954,7.332664330150768
1008,10.08,1.7286358835610551,7.341123935188102
1009,10.09,1.7164230319954303,7.3451184896622
1010,10.1,1.7099802536100681,7.354804703573274
1011,10.11,1.7025556358657836,7.358110073723326
1012,10.120000000000001,1.6983041677899096,7.372677810054829
1013,10.13,1.685408810739407,7.380809885071587
1014,10.14,1.6811836857076066,7.3839688801313335
1015,10.15,1.668748566321909,7.389893944654645
1016,10.16,1.6629408148633475,7.3934300711127605
1017,10.17,1.6600128664177203,7.3954492966476195
1018,10.18,1.654713898909491,7.401428228306297
1019,10.19,1.6451539266866833,7.407867344322365
1020,10.200000000000001,1.6380137485462931,7.41470498753419
1021,10.21,1.6308435359352202,7.415663571884565
1022,10.22,1.6240906641947492,7.429703084465014
1023,10.23,1.6161906275202533,7.414307472300606
1024,10.24,1.606533915945536,7.427965136105294
1025,10.25,1.6032362090369314,7.444172603245637
1026,10.26,1.5939074864249614,7.428058043094405
1027,10.27,1.586099204939648,7.444651127446611
1028,10.28,1.5774268708799453,7.444106057643707
1029,10.290000000000001,1.5688070643287788,7.4488957809120135
1030,10.3,1.565984139971384,7.461129106600153
1031,10.31,1.5579974931106801,7.457582291609279
1032,10.32,1.5471538677343062,7.463787385470565
1033,10.33,1.5381920719471351,7.464161827046048
1034,10.34,1.5315140810324332,7.479739956496177
1035,10.35,1.5208059268158498,7.475125969104776
1036,10.36,1.5177365074932723,7.474235427371925
1037,10.370000000000001,1.5098627259091575,7.480404447604876
1038,10.38,1.5002208528661485,7.4799985129516795
1039,10.39,1.496061847484099,7.481556690694531
1040,10.4,1.4846524464801534,7.476782825985657
1041,10.41,1.4902374052637084,7.490244693796805
1042,10.42,1.4737651028646572,7.499389577982959
1043,10.43,1.4713462367712844,7.495655724474777
1044,10.44,1.4619609449691087,7.498468928445856
1045,10.450000000000001,1.4503343318427921,7.495960901856805
1046,10.46,1.4462458518450072,7.50159670344416
1047,10.47,1.4385046731055549,7.507130448545946
1048,10.48,1.4307384496383058,7.5173216138094165
1049,10.49,1.4233453640074178,7.505887213141085
1050,10.5,1.4137247413135023,7.517155123576549
1051,10.51,1.402888869849854,7.519568442396804
1052,10.52,1.4030739613235674,7.519533411150743
1053,10.53,1.3959887430325997,7.511307278491804
1054,10.540000000000001,1.387126723778928,7.520505613986341
1055,10.55,1.377179575667654,7.514347692304461
1056,10.56,1.3725120819549568,7.519232950120432
1057,10.57,1.366440051149676,7.536429531502432
1058,10.58,1.3540807967057853,7.519656145029516
1059,10.59,1.350681520848085,7.527338820655341
1060,10.6,1.338748216120148,7.517107828434526
1061,10.61,1.3364492521241063,7.5327899011134525
1062,10.620000000000001,1.3192950404077544,7.524696301820128
1063,10.63,1.3174262398606589,7.5205788752608855
1064,10.64,1.315191198586716,7.525985637887419
1065,10.65,1.3044470301238562,7.528479207762385
1066,10.66,1.2904544786692278,7.535266774760948
1067,10.67,1.2919259354744321,7.523488926238234
1068,10.68,1.2851526198831964,7.527263033500293
1069,10.69,1.2735157777640216,7.527868325256603
1070,10.700000000000001,1.2624856908239857,7.518789301129563
1071,10.71,1.254052702102784,7.524144545065733
1072,10.72,1.2524928902719565,7.517231630237804
1073,10.73,1.2452139663444493,7.530453037163883
1074,10.74,1.2363102299773832,7.513486458582675
1075,10.75,1.230513319840064,7.51856058931808
1076,10.76,1.2204180985339084,7.513063448750104
1077,10.77,1.2122464231053525,7.521082088696663
1078,10.78,1.2061649121026738,7.506849905418876
1079,10.790000000000001,1.1961339476022388,7.5184538413125095
1080,10.8,1.1927054672915058,7.504265440039942
1081,10.81,1.1876255039142583,7.510075272497844
1082,10.82,1.1825236276422488,7.521825339681186
1083,10.83,1.171077896196095,7.5075063258822965
1084,10.84,1.1644771636136908,7.510271034024928
1085,10.85,1.1575863923782193,7.5041578381551455
1086,10.86,1.150459238901254,7.504443694085099
1087,10.870000000000001,1.1412858090932212,7.496206468966952
1088,10.88,1.1351424025083445,7.504223606154848
1089,10.89,1.1298141734880194,7.4978401202842635
1090,10.9,1.1204053349357777,7.49421490149044
1091,10.91,1.113525034168779,7.491519267557147
1092,10.92,1.1088302339667142,7.487677251247462
1093,10.93,1.1007745679224241,7.493163049780107
1094,10.94,1.0925817142745495,7.491413308654098
1095,10.950000000000001,1.0821093813163496,7.48677472839019
1096,10.96,1.0795157821012762,7.48421991430766
1097,10.97,1.075344127037865,7.474967795908879
1098,10.98,1.0649939829911719,7.467183410814374
1099,10.99,1.0525922368897154,7.468724077065683
1100,11.0,1.0487944030371925,7.466880114457311
1101,11.01,1.0427462919622832,7.469193429068491
1102,11.02,1.0315932133097898,7.469220140341886
1103,11.03,1.0212125923412738,7.457866622087643
1104,11.040000000000001,1.018132733432175,7.4545676113229975
1105,11.05,1.0112717954736337,7.455253713830987
1106,11.06,1.0070127265082955,7.455618187978571
1107,11.07,0.9941801228897666,7.446592857978569
1108,11.08,0.9917781143005454,7.4330610566387
1109,11.09,0.9849619737293637,7.438807092208043
1110,11.1,0.9744322628912562,7.426236494262849
1111,11.11,0.9689756079491323,7.429501361986199
1112,11.120000000000001,0.9626361461951469,7.420557547531973
1113,11.13,0.9585755920722666,7.41789173050571
1114,11.14,0.9467491451407752,7.398951142485202
1115,11.15,0.9432184804187423,7.392526566296856
1116,11.16,0.9372693243009709,7.40280336083113
1117,11.17,0.9289236890877788,7.4008364153921615
1118,11.18,0.9236500813262736,7.381028628539952
1119,11.19,0.9047350515211271,7.3837228959669785
1120,11.200000000000001,0.9049741778042274,7.37124995314531
1121,11.21,0.8980256584052638,7.37594785946576
1122,11.22,0.891546584077579,7.351838963471222
1123,11.23,0.8833796313199178,7.360640080655792
1124,11.24,0.8787962141586926,7.355446566420659
1125,11.25,0.8712075113959268,7.336202298135954
1126,11.26,0.8628827366899754,7.333524581320257
1127,11.27,0.8544530320728371,7.324748549491453
1128,11.28,0.8537847704378807,7.342100449238308
1129,11.290000000000001,0.8462890121852039,7.3216202538617985
1130,11.3,0.836836053750985,7.312101097884075
1131,11.31,0.8254850213519805,7.3072382614317775
1132,11.32,0.8228494739724236,7.285883964768748
1133,11.33,0.8124246035891605,7.286890513513196
1134,11.34,0.8103616070571791,7.2905971016383155
1135,11.35,0.8040538253269602,7.2772982304154015
1136,11.36,0.7973340148932487,7.271331167672609
1137,11.370000000000001,0.7869615946518611,7.278953374488831
1138,11.38,0.7821858918982528,7.25852305178702
1139,11.39,0.7743361109509354,7.23783418021951
1140,11.4,0.7707828884458188,7.239245859886018
1141,11.41,0.7657853649342891,7.223882717619177
1142,11.42,0.7575012760995649,7.222006499791264
1143,11.43,0.7485256111100855,7.210822867246801
1144,11.44,0.7432332411417273,7.206272760434444
1145,11.450000000000001,0.7368822204065406,7.19808610371541
1146,11.46,0.731757998012634,7.181330678448298
1147,11.47,0.7204298002325953,7.1887177681454535
1148,11.48,0.7169477583629477,7.174457607809701
1149,11.49,0.7100300963441379,7.163706518983799
1150,11.5,0.7039039218104348,7.16114365357974
1151,11.51,0.6968404795342394,7.142284343180446
1152,11.52,0.6883447694565592,7.128718318856071
1153,11.53,0.6883998577593563,7.1153871454116695
1154,11.540000000000001,0.6738414450890893,7.118857735653274
1155,11.55,0.6735003203049557,7.10256976647754
1156,11.56,0.6692212462576396,7.104484298287714
1157,11.57,0.6643143766356635,7.085412364501285
1158,11.58,0.6539970819509177,7.070099340241126
1159,11.59,0.648916399991917,7.0789796344601665
1160,11.6,0.6413103085472855,7.068123248773448
1161,11.61,0.6383977687194898,7.050265220158015
1162,11.620000000000001,0.6312447224032041,7.045901536250011
1163,11.63,0.6306232603174964,7.032626562818209
1164,11.64,0.6162258189594024,7.020019024667853
1165,11.65,0.6096146149508721,7.011756073186714
1166,11.66,0.6064969740007,6.998883909070963
1167,11.67,0.5985621962265233,6.996178111648607
1168,11.68,0.5886723910429981,6.978017402964833
1169,11.69,0.587109065525958,6.96755356051099
1170,11.700000000000001,0.5836397438456313,6.966347941625789
1171,11.71,0.580915435074591,6.940832139999776
1172,11.72,0.5729062547581084,6.931162361375834
1173,11.73,0.5666117711801226,6.92169094973793
1174,11.74,0.557721276944219,6.902723698459157
1175,11.75,0.5538896413898423,6.898838397111022
1176,11.76,0.5468384644799392,6.894894987906516
1177,11.77,0.5435447429450333,6.881472642739731
1178,11.78,0.5337817813063558,6.86495135507198
1179,11.790000000000001,0.5351666070812681,6.865794083012968
1180,11.8,0.5290487306445192,6.843531917449452
1181,11.81,0.5188272414287823,6.834338117846585
1182,11.82,0.516961743987058,6.819369219726571
1183,11.83,0.5145520024808906,6.814557624066798
1184,11.84,0.5072874295150636,6.802023900025168
1185,11.85,0.5029510150501456,6.785469973194833
1186,11.86,0.4961572780662343,6.7859740949105305
1187,11.870000000000001,0.49199803677309967,6.759232639574556
1188,11.88,0.48681975165543273,6.75271189316347
1189,11.89,0.474592258872069,6.7431584647839165
1190,11.9,0.47236084107656545,6.730349647289574
1191,11.91,0.4690091161819512,6.720376277512781
1192,11.92,0.47004106951300006,6.716942824730657
1193,11.93,0.4609141473750706,6.68801857511039
1194,11.94,0.4615871929974393,6.683056526047155
1195,11.950000000000001,0.45217928933168366,6.668480197734026
1196,11.96,0.44437814016546,6.657436471219864
1197,11.97,0.4468740114193203,6.648412579931014
1198,11.98,0.4342425325610206,6.627760096538844
1199,11.99,0.4314480687506573,6.614246149004396
1200,12.0,0.429029784950072,6.596953092719054
1201,12.01,0.42360239527731935,6.586672909915327
1202,12.02,0.41730298204369287,6.573562164555327
1203,12.030000000000001,0.4160525794255602,6.558834192667114
1204,12.040000000000001,0.41021011794886997,6.557626994491519
1205,12.05,0.4061176475260458,6.550167529178824
1206,12.06,0.40014176691999875,6.5344331269041085
1207,12.07,0.39968977112331944,6.5141109535783555
1208,12.08,0.3927356438191396,6.506105166060496
1209,12.09,0.38894947302337063,6.494191021933004
1210,12.1,0.3842638908635955,6.469226213178518
1211,12.11,0.3788014984915412,6.45833438438204
1212,12.120000000000001,0.37884997419093286,6.444014990713849
1213,12.13,0.3727761227620644,6.439406118850263
1214,12.14,0.36916940156720346,6.425770963320272
1215,12.15,0.36286974560168495,6.418956504973015
1216,12.16,0.36205358938804816,6.391804316649044
1217,12.17,0.3566745909193763,6.370283717660821
1218,12.18,0.35687423599412277,6.371640440965278
1219,12.19,0.3515555386345943,6.357484117430718
1220,12.200000000000001,0.3483052120100261,6.333311588128508
1221,12.21,0.3428468797017444,6.322513660253949
1222,12.22,0.3405974434532488,6.3230555870924166
1223,12.23,0.3345597043979173,6.292685729000294
1224,12.24,0.32680529289459964,6.295008237403048
1225,12.25,0.3259745227612543,6.272459068114506
1226,12.26,0.322983553087288,6.263675886735037
1227,12.27,0.32011547236785176,6.252153641632436
1228,12.280000000000001,0.3150270271302363,6.232026879053107
1229,12.290000000000001,0.31138500943253644,6.214942476855473
1230,12.3,0.3135700773446848,6.196694456745558
1231,12.31,0.30528757393534817,6.180504450565949
1232,12.32,0.30260791394235004,6.171589182871831
1233,12.33,0.2980296808954342,6.16926823971302
1234,12.34,0.3011262747917464,6.1369393977185105
1235,12.35,0.29569923192903375,6.132090490457803
1236,12.36,0.28910591428246657,6.116030159036362
1237,12.370000000000001,0.2892519584585942,6.099954552029966
1238,12.38,0.28947482018813697,6.084794778735284
1239,12.39,0.28715924012571786,6.075264783844343
1240,12.4,0.2802196199351172,6.049865828096755
1241,12.41,0.27331152946330256,6.039184901712835
1242,12.42,0.2760334914259775,6.02469373301827
1243,12.43,0.27452858695074134,6.017215028545541
1244,12.44,0.27351353575609244,6.0029764170364865
1245,12.450000000000001,0.26336798834577696,5.98403284027631
1246,12.46,0.2628318769612245,5.973297212811266
1247,12.47,0.26392966217931496,5.966640304942183
1248,12.48,0.25831620652758475,5.944980410186608
1249,12.49,0.25264133834011243,5.9340811283769535
1250,12.5,0.25415776542149654,5.914643008250047
1251,12.51,0.25634361275256634,5.901426852364992
1252,12.52,0.24816575291221393,5.890131360891189
1253,12.530000000000001,0.25109715059378485,5.877423654487176
1254,12.540000000000001,0.24188366309665804,5.859841926509854
1255,12.55,0.240962100951069,5.844989693392067
1256,12.56,0.24007339216304244,5.830017498224436
1257,12.57,0.2376009164361127,5.822044304845386
1258,12.58,0.2391636149606803,5.797458296923618
1259,12.59,0.23061133999950464,5.7829395927402505
1260,12.6,0.22759596820480926,5.770257539867311
1261,12.61,0.22558221972307252,5.759802759776061
1262,12.620000000000001,0.23130852228137447,5.7315136997213285
1263,12.63,0.2210393396713019,5.721640052714813
1264,12.64,0.2168306259930372,5.709010863935985
1265,12.65,0.2234237697901622,5.699526825566286
1266,12.66,0.21914021276987594,5.685022249541642
1267,12.67,0.21848849573928594,5.673594630378557
1268,12.68,0.21729857434797012,5.665250345558319
1269,12.69,0.2158413674517381,5.655118425884484
1270,12.700000000000001,0.21125444623984632,5.631652188491468
1271,12.71,0.20440815062307885,5.609973354705294
1272,12.72,0.20683121298535145,5.598668642052308
1273,12.73,0.20349737865525364,5.593111884017148
1274,12.74,0.20804680769428865,5.571202189157694
1275,12.75,0.20294929006299284,5.557232454271119
1276,12.76,0.2001562316946555,5.544147954444382
1277,12.77,0.20282681156839927,5.538774827905748
1278,12.780000000000001,0.1973708481793444,5.519018425255841
1279,12.790000000000001,0.1986559131022809,5.517111382316257
1280,12.8,0.19219070279303765,5.5018199037321
1281,12.81,0.19817830413835416,5.479844955889299
1282,12.82,0.19232020389039495,5.470150091062387
1283,12.83,0.1902910407924569,5.4592777015138
1284,12.84,0.18819689892990304,5.437310285986859
1285,12.85,0.18976140424714508,5.424529225432927
1286,12.86,0.1862747755461389,5.410620286000637
1287,12.870000000000001,0.18202992929616013,5.392130348605174
1288,12.88,0.1813802197096292,5.386550080570822
1289,12.89,0.17830716215044162,5.383417670936041
1290,12.9,0.17594789520086335,5.366973965019025
1291,12.91,0.1744630314295739,5.343585993585218
1292,12.92,0.18148725982879457,5.3332584026925325
1293,12.93,0.17314131694265364,5.321193945669248
1294,12.94,0.17338223077111478,5.310739789897494
1295,12.950000000000001,0.17831698305492508,5.284878126885537
1296,12.96,0.17448766523519446,5.280465209076572
1297,12.97,0.17237789907009052,5.263327904550906
1298,12.98,0.1709914885594486,5.262226544677072
1299,12.99,0.16608834027640157,5.23731907652435
1300,13.0,0.1700548012958942,5.235591149746255
1301,13.01,0.16438037898726832,5.217348095987183
1302,13.02,0.16580265544437534,5.200918982401431
1303,13.030000000000001,0.16300962926194276,5.189440934026375
1304,13.040000000000001,0.1613589600977203,5.175851459668572
1305,13.05,0.16024986188955284,5.166764031506427
1306,13.06,0.1603919687033219,5.156397203531501
1307,13.07,0.16709806249722742,5.1349426203114685
1308,13.08,0.15923334401247255,5.123478907583904
1309,13.09,0.1622351363093449,5.120526347991511
1310,13.1,0.1586269920818073,5.09929007623015
1311,13.11,0.1548105422377106,5.092743566900392
1312,13.120000000000001,0.1556959554654259,5.0858895316380375
1313,13.13,0.15591264773292363,5.060071194099223
1314,13.14,0.15301823124577627,5.061726028815752
1315,13.15,0.15649928023661147,5.0377900895698255
1316,13.16,0.153752888167335,5.020105471850132
1317,13.17,0.1499462888803037,5.01265083321716
1318,13.18,0.1486778416421708,5.0088060614766095
1319,13.19,0.15162153496826666,4.9936027656493485
1320,13.200000000000001,0.15235390737789067,4.988573761948874
1321,13.21,0.14841650461307074,4.970446663125115
1322,13.22,0.1483749031012719,4.967741748194585
1323,13.23,0.14919433826138803,4.944606004333194
1324,13.24,0.14381009910818404,4.930759563627664
1325,13.25,0.1457320090858351,4.936482283220488
1326,13.26,0.14386179129563503,4.902103505101754
1327,13.27,0.14180176700421596,4.8893242728800725
1328,13.280000000000001,0.13957173675483636,4.877612374513454
1329,13.290000000000001,0.1450743037139712,4.873362789374698
1330,13.3,0.14343168791908642,4.87584660459708
1331,13.31,0.14393308160217896,4.844166132222056
1332,13.32,0.1452075729359631,4.843858927650385
1333,13.33,0.13838294228180528,4.835620401761751
1334,13.34,0.1360421111934973,4.807269340987906
1335,13.35,0.14614865927299436,4.810737712712698
1336,13.36,0.14070650947287366,4.798350237426989
1337,13.370000000000001,0.1416569433438154,4.783872826593235
1338,13.38,0.14190618695646312,4.765427430318389
1339,13.39,0.1353003186706955,4.764840494839777
1340,13.4,0.13921144900577168,4.750765147989489
1341,13.41,0.13579790338970424,4.736814846965316
1342,13.42,0.13628604684599985,4.726063948477132
1343,13.43,0.13512515182081553,4.717777442747889
1344,13.44,0.13323169049231845,4.708730038010995
1345,13.450000000000001,0.14230890243402516,4.702276195837772
1346,13.46,0.1336225179570502,4.6805796658687395
1347,13.47,0.13416402297859215,4.680973484749462
1348,13.48,0.13956405816981848,4.659499447298727
1349,13.49,0.13382888869669873,4.650737880144776
1350,13.5,0.1330493369627195,4.646112587553997
1351,13.51,0.14202847782367228,4.632936663824635
1352,13.52,0.13359179581027883,4.635826995745341
1353,13.530000000000001,0.13208447750417895,4.6012937240354725
1354,13.540000000000001,0.13038300902201697,4.596224517216345
1355,13.55,0.13321660541047115,4.593966089176459
1356,13.56,0.12992676362260952,4.584970774361225
1357,13.57,0.13356152229129117,4.572981275239549
1358,13.58,0.13381503586212196,4.552893578633666
1359,13.59,0.1341427504290407,4.550059004302771
1360,13.6,0.1371100287384009,4.53935166706811
1361,13.61,0.12972536938062726,4.5242709605382645
1362,13.620000000000001,0.13592279535380042,4.522875875552305
1363,13.63,0.133535653832152,4.507815144977774
1364,13.64,0.14113260918131357,4.490400089308374
1365,13.65,0.1297361974113268,4.4723779643671575
1366,13.66,0.12899999612513746,4.468218196594248
1367,13.67,0.12972694781073893,4.479623278212101
1368,13.68,0.12631301557885954,4.457651382814482
1369,13.69,0.1324156072115001,4.452329442486197
1370,13.700000000000001,0.13380930511869477,4.440854259956664
1371,13.71,0.12866503282361477,4.437535596599419
1372,13.72,0.12908199213314983,4.404428680111665
1373,13.73,0.12957372297214628,4.416936570148566
1374,13.74,0.12955716174932713,4.3961873997583485
1375,13.75,0.1340573293137073,4.396218436617969
1376,13.76,0.1285519731561836,4.388078400112279
1377,13.77,0.13178397884362705,4.3739818691091275
1378,13.780000000000001,0.12963644394719298,4.369169382093495
1379,13.790000000000001,0.13339374348235628,4.340807691079686
1380,13.8,0.1302408322103459,4.351549326138059
1381,13.81,0.12884889225881332,4.338186858608392
1382,13.82,0.13324248110444967,4.329054966611884
1383,13.83,0.13360923649543444,4.312667301393944
1384,13.84,0.13277652966585457,4.305246438341782
1385,13.85,0.1319983031478213,4.295854481009419
1386,13.86,0.13695169380656408,4.290182539023625
1387,13.870000000000001,0.13209212027094716,4.277317383016176
1388,13.88,0.13488906024985578,4.270304329814006
1389,13.89,0.13246841896672296,4.266193050650273
1390,13.9,0.12959932712768601,4.250159402968804
1391,13.91,0.13268873846183848,4.257186184157186
1392,13.92,0.13328569740390495,4.23508860816821
1393,13.93,0.1340293143969648,4.228580795647959
1394,13.94,0.13163035525780784,4.2298539959133405
1395,13.950000000000001,0.12987553933512497,4.200913732721063
1396,13.96,0.1331326257394717,4.204928417637526
1397,13.97,0.13245436164969002,4.192914409326764
1398,13.98,0.1305985138584082,4.188419268974877
1399,13.99,0.1360568376788645,4.169899505414643
1400,14.0,0.1356746931228292,4.171585973086967
1401,14.01,0.1343237316552795,4.167176930056249
1402,14.02,0.1382363880360505,4.15719513841477
1403,14.030000000000001,0.13128732454526773,4.15148311368908
1404,14.040000000000001,0.13264325330698398,4.138133752687983
1405,14.05,0.13004630769306819,4.1254335059160265
1406,14.06,0.13514459342719753,4.11874025712043
1407,14.07,0.13313698567215163,4.105828663385707
1408,14.08,0.13741544698939104,4.113117065214494
1409,14.09,0.13543071101685494,4.09801632489446
1410,14.1,0.13613693604222057,4.0955842004067575
1411,14.11,0.13493100508104283,4.070683350170484
1412,14.120000000000001,0.13245471253293079,4.07855274466661
1413,14.13,0.1391548019080115,4.061313933572819
1414,14.14,0.14085149842135958,4.0670895907899
1415,14.15,0.13534456975220396,4.053088690234381
1416,14.16,0.13982521924126298,4.045350959307421
1417,14.17,0.13805503178060308,4.050823002854656
1418,14.18,0.14564941190564418,4.0475577923974395
1419,14.19,0.14047733050654765,4.027442692151231
1420,14.200000000000001,0.14371251879862376,4.021666330520281
1421,14.21,0.14208253144259583,4.007800366493175
1422,14.22,0.14688993725045726,4.013151824993836
1423,14.23,0.1417923110152492,3.999958213295651
1424,14.24,0.14301470781663855,3.998131951269091
1425,14.25,0.14373540474099464,3.9847561834394774
1426,14.26,0.14225444259279926,3.9717253794084475
1427,14.27,0.14366932915256428,3.9705263134023867
1428,14.280000000000001,0.14168903998512986,3.9554129587138434
1429,14.290000000000001,0.1500229208737819,3.965000535073543
1430,14.3,0.14266704841924954,3.9495932134327116
1431,14.31,0.1474390805674871,3.943188811857915
1432,14.32,0.1493541671286139,3.9363031734722735
1433,14.33,0.14626966418998427,3.933290213196409
1434,14.34,0.14530439915541746,3.9179075373143073
1435,14.35,0.1508905096125588,3.9130251411862877
1436,14.36,0.1449776398872648,3.9062016643715496
1437,14.370000000000001,0.151170714179494,3.906164129047016
1438,14.38,0.1504110829037588,3.90796078133859
1439,14.39,0.15107375704033005,3.8922630303792296
1440,14.4,0.15314398753478128,3.8823818326019026
1441,14.41,0.1530985443340798,3.8847048216052613
1442,14.42,0.15504890720530126,3.8746154986720995
1443,14.43,0.14990047219284344,3.871211324447093
1444,14.44,0.1594831507188343,3.8594986674290133
1445,14.450000000000001,0.1518703143435345,3.8640261470661414
1446,14.46,0.16283012607699257,3.8619843916898464
1447,14.47,0.15716797918172004,3.8456112337684973
1448,14.48,0.15507162714848466,3.841699239188311
1449,14.49,0.16356247751220693,3.8301006136570246
1450,14.5,0.16077040597505346,3.8300063759628595
1451,14.51,0.16278456781508963,3.8110502394476806
1452,14.52,0.1623645557858056,3.824542059707548
1453,14.530000000000001,0.16252585475273076,3.8112802234315097
1454,14.540000000000001,0.16439112202806008,3.799020934957659
1455,14.55,0.1650496175692697,3.811049618067552
1456,14.56,0.16773648999910307,3.7907363140791004
1457,14.57,0.1669680229478031,3.7882164926828406
1458,14.58,0.16849896715018714,3.7851659804114486
1459,14.59,0.16999824776239755,3.768936351721949
1460,14.6,0.1699900072242559,3.769919649824807
1461,14.61,0.16880897804832243,3.761734462726365
1462,14.620000000000001,0.1658216523479542,3.7501899054822116
1463,14.63,0.17594868533841823,3.75103550331768
1464,14.64,0.17370829592490253,3.751424073834842
1465,14.65,0.17279644973492062,3.74484997195262
1466,14.66,0.17628559342624098,3.734609765416187
1467,14.67,0.17578616949850098,3.751653861630403
1468,14.68,0.1775264040043474,3.7305743661120108
1469,14.69,0.17973152176090906,3.7214572719781
1470,14.700000000000001,0.18118015461667036,3.712138185120951
1471,14.71,0.17987017780748327,3.722944844777745
1472,14.72,0.18678810981392577,3.7198075166337725
1473,14.73,0.1860606386379802,3.7125749799372865
1474,14.74,0.18642816454707092,3.7039879609276727
1475,14.75,0.1867004451320376,3.7046085595969993
1476,14.76,0.18621808738954548,3.6939437016202277
1477,14.77,0.19106246488961753,3.693723109427267
1478,14.780000000000001,0.19185825307516338,3.6912093930986676
1479,14.790000000000001,0.18895240332869714,3.6816955637201443
1480,14.8,0.19252617204714884,3.6770814232979636
1481,14.81,0.1993956370681276,3.6743410693727943
1482,14.82,0.1931156878132372,3.6733129965590243
1483,14.83,0.19738401620025803,3.666845823317311
1484,14.84,0.20122638783388302,3.67897159730011
1485,14.85,0.20383831920386944,3.663748568403871
1486,14.86,0.20232426744333876,3.6528277583312967
1487,14.870000000000001,0.20378220783631648,3.646643542818874
1488,14.88,0.20547337281934483,3.637243579303643
1489,14.89,0.20968668507450947,3.6445467652937906
1490,14.9,0.2125535302875951,3.646812106269404
1491,14.91,0.20922770772735877,3.6386837885268473
1492,14.92,0.209866701153733,3.624855632113862
1493,14.93,0.2153510678599435,3.622188690701436
1494,14.94,0.21176501636075354,3.6273777110498635
1495,14.950000000000001,0.21264326296538044,3.6212738465611474
1496,14.96,0.21769906818614448,3.617067180658329
1497,14.97,0.21601290270943765,3.6080466006558196
1498,14.98,0.2238191018813062,3.6087366213018175
1499,14.99,0.22849870522755553,3.612031019108176
1500,15.0,0.22667467177869474,3.6053484078406624
1501,15.01,0.2326142438048021,3.611803831409463
1502,15.02,0.22587003247478155,3.5990495184487967
1503,15.030000000000001,0.23082792709250752,3.60315530372988
1504,15.040000000000001,0.23722085045389957,3.5971015806126
1505,15.05,0.23606465857902798,3.5867171826320727
1506,15.06,0.24299761142172646,3.585199582362102
1507,15.07,0.24050262932600977,3.5887202494709074
1508,15.08,0.24089065354370245,3.5794558632820124
1509,15.09,0.24303903406660318,3.585318881888373
1510,15.1,0.24349760468244502,3.578198648419467
1511,15.11,0.24620339343997227,3.572299552298147
1512,15.120000000000001,0.2522023167686318,3.5657813812218095
1513,15.13,0.256096727376192,3.572454666237693
1514,15.14,0.25524285379153017,3.555089207026652
1515,15.15,0.2553420943750452,3.5601843813136385
1516,15.16,0.260674821394934,3.5631161947202084
1517,15.17,0.2619814545538787,3.559539832985602
1518,15.18,0.2660222652035457,3.544360095379861
1519,15.19,0.26863018179443776,3.5494113586310223
1520,15.200000000000001,0.27089402378985894,3.5605888223158244
1521,15.21,0.27231735532387585,3.559374369690607
1522,15.22,0.2759069439648576,3.5431679494033768
1523,15.23,0.2771668553271594,3.559492800926691
1524,15.24,0.27961854574075334,3.545160305804397
1525,15.25,0.28105116852378204,3.54322225004144
1526,15.26,0.2835734409790896,3.542608780578772
1527,15.27,0.2932831111249218,3.528104810260925
1528,15.280000000000001,0.2948723762458359,3.553275565566933
1529,15.290000000000001,0.2980651043926517,3.552305909189461
1530,15.3,0.29872114999550053,3.5340259879791813
1531,15.31,0.294990778305631,3.5337991648252722
1532,15.32,0.3055700441393438,3.5353479998222257
1533,15.33,0.3105711638635971,3.5358404733297446
1534,15.34,0.31139562115282204,3.542425259114702
1535,15.35,0.31164130160415926,3.5255844811389974
1536,15.36,0.31632914689519304,3.535330741636915
1537,15.370000000000001,0.3220668974045501,3.531853603808909
1538,15.38,0.3179545645121886,3.535507688993454
1539,15.39,0.32858523380836496,3.532341776402059
1540,15.4,0.3231690164845642,3.525678690431532
1541,15.41,0.3307720866129869,3.5397684697842675
1542,15.42,0.3360939594325844,3.5384186052497357
1543,15.43,0.34599808649584973,3.530312946897574
1544,15.44,0.33915068179210517,3.51989285801562
1545,15.450000000000001,0.34272036676486195,3.5252940064706513
1546,15.46,0.3510199158059808,3.5186243245014994
1547,15.47,0.3516345665197767,3.5237954972702417
1548,15.48,0.35312367713344106,3.5242357736842815
1549,15.49,0.35654599052654384,3.522369091993504
1550,15.5,0.36318600453976313,3.5200689497416495
1551,15.51,0.36091094090120973,3.536591024004704
1552,15.52,0.37032183293249143,3.5294168719880683
1553,15.530000000000001,0.37557769362636817,3.531517408741549
1554,15.540000000000001,0.37889513124847,3.513863197728899
1555,15.55,0.38408578606260524,3.529720442476885
1556,15.56,0.3897716295037383,3.5247565209495586
1557,15.57,0.396356160505718,3.5233261935863402
1558,15.58,0.38938753120258957,3.5267465628688917
1559,15.59,0.4003611055536946,3.5272619186114613
1560,15.6,0.40923063545359667,3.535114869409141
1561,15.610000000000001,0.40705496332525093,3.536096199475077
1562,15.620000000000001,0.4158842103276449,3.5303155669228707
1563,15.63,0.41710026857264443,3.5364933762301
1564,15.64,0.4203645754504179,3.5330696334035996
1565,15.65,0.42382075391461466,3.533155732934948
1566,15.66,0.4303918504906724,3.546600831443282
1567,15.67,0.4361862692449083,3.544186634339347
1568,15.68,0.44059433316375723,3.538824119433119
1569,15.69,0.44935071268148136,3.5394382635096813
1570,15.700000000000001,0.450519391206587,3.540785717457725
1571,15.71,0.45540106875771785,3.5516706398919324
1572,15.72,0.4634077905180667,3.539033769939393
1573,15.73,0.4679149271596882,3.559445432191416
1574,15.74,0.48032311248817094,3.5592234694693663
1575,15.75,0.47388838097079383,3.545086170889883
1576,15.76,0.4842417869439632,3.551719414733295
1577,15.77,0.4881860371326788,3.557307889914055
1578,15.780000000000001,0.49588418271701085,3.5607620683793733
1579,15.790000000000001,0.5040355181392149,3.5539769107845998
1580,15.8,0.5024002879789422,3.566279681308495
1581,15.81,0.5066259218975494,3.5636321461234344
1582,15.82,0.5203264142993802,3.56417925658018
1583,15.83,0.5199441333817922,3.571590891499463
1584,15.84,0.5275114815410589,3.5776972217203964
1585,15.85,0.5367047559501968,3.581519886421845
1586,15.860000000000001,0.5430823714451107,3.582073648688395
1587,15.870000000000001,0.5444464291461386,3.593731401515958
1588,15.88,0.5558563694340037,3.5883276129500667
1589,15.89,0.5593192881081225,3.602170038463081
1590,15.9,0.5671287867785665,3.5888207713039
1591,15.91,0.5711846714345943,3.5923749116730117
1592,15.92,0.5815881559303668,3.6066718067763177
1593,15.93,0.588170545955399,3.606783261608904
1594,15.94,0.5918137407765764,3.603487558329485
1595,15.950000000000001,0.5959239657674457,3.6053135034927872
1596,15.96,0.608135978855698,3.6173596946459123
1597,15.97,0.6104724966099452,3.6093564410649686
1598,15.98,0.6211050633594293,3.6207948774482093
1599,15.99,0.6300335610578351,3.6267376969442333
1600,16.0,0.6362414609953119,3.630026471862319
1601,16.01,0.6446680689767755,3.631378087151879
1602,16.02,0.6501887325872048,3.6370683783802877
1603,16.03,0.6603573077631842,3.6446646265415903
1604,16.04,0.6628136196453909,3.6530442182607055
1605,16.05,0.6760998876948792,3.652232556234757
1606,16.06,0.6810200193500248,3.647851508413281
1607,16.07,0.6860297768171141,3.6585851218089416
1608,16.080000000000002,0.6954804814890824,3.669021471808225
1609,16.09,0.7037540581413566,3.6760133896837512
1610,16.1,0.711137023665038,3.6820804597008174
1611,16.11,0.7254404543935982,3.682423754516586
1612,16.12,0.730181916329449,3.6762637807021017
1613,16.13,0.7354000776101958,3.683604234781759
1614,16.14,0.7437791851535879,3.6911336296419472
1615,16.15,0.7595123616694593,3.693883469375392
1616,16.16,0.7657888403971717,3.7043694570323593
1617,16.17,0.7776366410546557,3.723027277247338
1618,16.18,0.7803170929888209,3.7189230091264522
1619,16.19,0.7859130900465277,3.7190623424897544
1620,16.2,0.7987131129239718,3.7286033028395176
1621,16.21,0.8067715647685048,3.7343615467792377
1622,16.22,0.8167584825397002,3.7506778364875286
1623,16.23,0.8284062731307745,3.7556159332067214
1624,16.240000000000002,0.8364566876392632,3.7613568886912647
1625,16.25,0.841883650323564,3.7566671762506547
1626,16.26,0.8561633365999995,3.7701273589135877
1627,16.27,0.8674565856817855,3.7780009045234104
1628,16.28,0.8715429779508017,3.7743428319751438
1629,16.29,0.8811398901896957,3.7870437760254156
1630,16.3,0.8939006403842839,3.7957235090855863
1631,16.31,0.9025226651427067,3.8002889606336123
1632,16.32,0.9085658486193501,3.811751695086795
1633,16.330000000000002,0.9231577902796599,3.8209112231371787
1634,16.34,0.9352409146034902,3.8264450095332267
1635,16.35,0.9432494873879569,3.832975426692824
1636,16.36,0.9485709532778852,3.8425828560167408
1637,16.37,0.9672350590368465,3.8538324258265897
1638,16.38,0.9732788816928415,3.8600332157157236
1639,16.39,0.9865675446987373,3.8661090115524117
1640,16.4,0.9901872661996535,3.8803339408721738
1641,16.41,1.0041463646645485,3.880373605148905
1642,16.42,1.0186063698256975,3.888908837345738
1643,16.43,1.026444513957249,3.89110016376165
1644,16.44,1.0387971297639047,3.9163985851288605
1645,16.45,1.0506513976338436,3.917259985314876
1646,16.46,1.0494183113114426,3.927021507081065
1647,16.47,1.0681650304196935,3.9350201862088006
1648,16.48,1.07928780044311,3.9316829672480402
1649,16.490000000000002,1.0923483530650002,3.9559695323797297
1650,16.5,1.0979694240008575,3.9469119000335717
1651,16.51,1.1145098518795247,3.9761829845182475
1652,16.52,1.1247862724023177,3.9783418702277475
1653,16.53,1.138627903821471,3.9861699410845732
1654,16.54,1.151118527793472,4.007984939736725
1655,16.55,1.1567331777935215,4.0088289514602575
1656,16.56,1.170963877052868,4.017572172153099
1657,16.57,1.1828715870154392,4.022898066669021
1658,16.580000000000002,1.1898569846333678,4.028259402543097
1659,16.59,1.208548240722408,4.047056499630719
1660,16.6,1.2169706232595563,4.049043034361495
1661,16.61,1.2262817900242655,4.0625116115056255
1662,16.62,1.2388703023803795,4.062802136035754
1663,16.63,1.2527633374428326,4.087927624463061
1664,16.64,1.2593495043394471,4.088308311712776
1665,16.65,1.2772671515999536,4.110294154590848
1666,16.66,1.28641436363777,4.115713766026981
1667,16.67,1.2954876065675818,4.125820919560222
1668,16.68,1.304772564884214,4.142255301419557
1669,16.69,1.3252674533780646,4.1446145138391275
1670,16.7,1.3353684715348564,4.157977309255792
1671,16.71,1.3405904128196633,4.175139045763725
1672,16.72,1.3579919593927878,4.18562382221552
1673,16.73,1.3710834867643145,4.197985132572977
1674,16.740000000000002,1.3804319311776247,4.206692432891919
1675,16.75,1.392748710998195,4.211065434578799
1676,16.76,1.4045097668652458,4.222270108234335
1677,16.77,1.4150472914845005,4.234057623055605
1678,16.78,1.427517288623446,4.2590659243353235
1679,16.79,1.4454998416277594,4.268028647562667
1680,16.8,1.4520529583821864,4.273256534507277
1681,16.81,1.4622503536941387,4.279779831712581
1682,16.82,1.4715684355663623,4.2963809437308695
1683,16.830000000000002,1.4867893558409755,4.297835432842134
1684,16.84,1.5015655289245617,4.322237024188828
1685,16.85,1.5115391502824247,4.326454332567582
1686,16.86,1.5219835654734042,4.343222394561497
1687,16.87,1.5293580839325596,4.346168363117134
1688,16.88,1.5477225431384374,4.364752647040478
1689,16.89,1.5569220989219434,4.3706547126778705
1690,16.9,1.5718590047983392,4.394857853243562
1691,16.91,1.5789153262548425,4.403916381069816
1692,16.92,1.5879880716637793,4.4219942434125725
1693,16.93,1.6032721462195159,4.429434786054738
1694,16.94,1.612605101718411,4.435944349957634
1695,16.95,1.6266176911763992,4.451305278871509
1696,16.96,1.6299704792194853,4.464681920824773
1697,16.97,1.6452435968019425,4.483431071138681
1698,16.98,1.6579011210569197,4.499652941481677
1699,16.990000000000002,1.6687093824516381,4.503777179455899
1700,17.0,1.6768933609306302,4.522542926003717
1701,17.01,1.691830626793811,4.530116896024924
1702,17.02,1.6986289715156093,4.544803790012301
1703,17.03,1.715468512008368,4.559015738342475
1704,17.04,1.7219126896075543,4.565854549701254
1705,17.05,1.732737366170149,4.578948060001917
1706,17.06,1.7389055981780972,4.595849715365682
1707,17.07,1.7515894308357847,4.606442181241337
1708,17.080000000000002,1.760332433100933,4.6125269436509795
1709,17.09,1.7738242102908455,4.640095410745683
1710,17.1,1.7790509534959613,4.653270573089359
1711,17.11,1.7903221838997363,4.652557990582214
1712,17.12,1.799964012663858,4.673553688408679
1713,17.13,1.8127025971230715,4.697231093142485
1714,17.14,1.8180865722055162,4.71127108344033
1715,17.150000000000002,1.8245056446263728,4.719123281108961
1716,17.16,1.8377239921575428,4.734914420898904
1717,17.17,1.8488401060610926,4.743433948437977
1718,17.18,1.8524683235328152,4.745932162479166
1719,17.19,1.862091585541676,4.765863150562955
1720,17.2,1.8720290838334142,4.78709922646359
1721,17.21,1.8761477155354116,4.801025304413371
1722,17.22,1.8886993965543193,4.813885388620511
1723,17.23,1.8956386691937885,4.84118459261761
1724,17.240000000000002,1.9083084989417167,4.839585378769359
1725,17.25,1.9126645745120892,4.855961202829727
1726,17.26,1.9227268132266349,4.872955769311879
1727,17.27,1.9292745838370955,4.875483820539931
1728,17.28,1.9328348827550865,4.89985571014278
1729,17.29,1.943699988745876,4.912026189384482
1730,17.3,1.952477804807885,4.926644554679849
1731,17.31,1.957519186286404,4.950863311776607
1732,17.32,1.9648400264669665,4.957345181409235
1733,17.330000000000002,1.9743868992131803,4.981584860012378
1734,17.34,1.979889202776372,4.993434995762512
1735,17.35,1.9870642218372032,5.000610700066856
1736,17.36,1.9909342044119953,5.011828055582577
1737,17.37,1.9929774912437692,5.037353056416548
1738,17.38,2.003969939236515,5.046678654396123
1739,17.39,2.0093886250667263,5.056747559181265
1740,17.400000000000002,2.028897744538653,5.0788938863353605
1741,17.41,2.0255308070178657,5.0764646771927175
1742,17.42,2.0303613145389274,5.107465855609727
1743,17.43,2.038553264382498,5.119276592221309
1744,17.44,2.04323913042199,5.134634122984992
1745,17.45,2.0449904442081155,5.149174269950608
1746,17.46,2.056152365075087,5.168634858657
1747,17.47,2.0595408970268316,5.182482129360772
1748,17.48,2.0669829247299205,5.198987783786256
1749,17.490000000000002,2.070635705675054,5.205467041640251
1750,17.5,2.0703892684632654,5.227631006329279
1751,17.51,2.079267617336215,5.235354628799345
1752,17.52,2.0816826116332914,5.257153932661613
1753,17.53,2.0843521994720913,5.277293532350213
1754,17.54,2.0905441780750533,5.28323763243443
1755,17.55,2.09090412772392,5.298767634601443
1756,17.56,2.1029568867005777,5.31400790380511
1757,17.57,2.1059706533757736,5.338150596763652
1758,17.580000000000002,2.105814098246198,5.338188301928928
1759,17.59,2.11029739679004,5.360307858780086
1760,17.6,2.1129458676316513,5.368666886360832
1761,17.61,2.1175590288139237,5.391142663986868
1762,17.62,2.1224255421045846,5.407254851997759
1763,17.63,2.1231760731520133,5.405414513221253
1764,17.64,2.1263332667278196,5.429795313069641
1765,17.650000000000002,2.126800404931325,5.442971757776936
1766,17.66,2.133267440472855,5.457758208140835
1767,17.67,2.1304946203882773,5.47991149054234
1768,17.68,2.1349914941771027,5.496886730843973
1769,17.69,2.140302935060826,5.499414513181988
1770,17.7,2.142056747339806,5.513107728472078
1771,17.71,2.142481025355497,5.540163936784588
1772,17.72,2.147532720168472,5.552884333418852
1773,17.73,2.148648143725428,5.562139209745013
1774,17.740000000000002,2.1497412497970165,5.57279738536818
1775,17.75,2.1501515883395035,5.581277515010169
1776,17.76,2.1511194829426614,5.611910481147404
1777,17.77,2.1516503121910446,5.625291677951146
1778,17.78,2.1570727049896243,5.634577604083481
1779,17.79,2.157324655153885,5.650714937383199
1780,17.8,2.1581656412948926,5.656423253330475
1781,17.81,2.1593131499472205,5.674505806052662
1782,17.82,2.1582236750432293,5.699018683493051
1783,17.830000000000002,2.1607747664151318,5.702003745214652
1784,17.84,2.16394439989152,5.729676941513172
1785,17.85,2.1623130252543787,5.73697864413997
1786,17.86,2.163027705224672,5.746597139722655
1787,17.87,2.159212136209872,5.768223988825838
1788,17.88,2.1658546295675962,5.786176355497581
1789,17.89,2.1608301225345055,5.801804134432687
1790,17.900000000000002,2.16197490170879,5.815563706984358
1791,17.91,2.1606067271597906,5.828493071364031
1792,17.92,2.1673499776629774,5.84719473114011
1793,17.93,2.1604732800572846,5.8499796858300455
1794,17.94,2.1613030849283437,5.864406542017431
1795,17.95,2.15793988431833,5.874161972926231
1796,17.96,2.1618919234487572,5.898518398685606
1797,17.97,2.160943027156471,5.907033675483408
1798,17.98,2.158655378836994,5.92667486126463
1799,17.990000000000002,2.157462289199181,5.944559745015151
1800,18.0,2.1629438917223553,5.948526544115832
1801,18.01,2.160083528825555,5.960908641500757
1802,18.02,2.1555043948310475,5.967174798023036
1803,18.03,2.155817535526995,6.002702093940431
1804,18.04,2.155248151847834,6.0083058722411415
1805,18.05,2.1532525150806414,6.013801143588238
1806,18.06,2.145970291599539,6.041408362284548
1807,18.07,2.149322269708542,6.0603510591374
1808,18.080000000000002,2.146878933342706,6.058579047609949
1809,18.09,2.145061512211423,6.078061314504541
1810,18.1,2.1400277734337028,6.082170742903058
1811,18.11,2.141935411134857,6.102968541594619
1812,18.12,2.141825664484585,6.11194297893446
1813,18.13,2.1391833657505654,6.131673262702013
1814,18.14,2.140151572879534,6.140399400360113
1815,18.150000000000002,2.1341461078428723,6.1619439920374575
1816,18.16,2.131365775409333,6.176877777878969
1817,18.17,2.1357492337691903,6.184584876331559
1818,18.18,2.1300389878166643,6.196178758648808
1819,18.19,2.1262369466221287,6.217801348814625
1820,18.2,2.1208151889714384,6.236969425604418
1821,18.21,2.1198819648740965,6.246312406366794
1822,18.22,2.1179877027105043,6.252968480408031
1823,18.23,2.115206503390363,6.269354989917853
1824,18.240000000000002,2.1169313742712026,6.2784873622805355
1825,18.25,2.102548128524657,6.29661965306971
1826,18.26,2.1065472884648964,6.320257833773475
1827,18.27,2.1038928120911136,6.326369069944478
1828,18.28,2.10123261855483,6.329875530208075
1829,18.29,2.0991276377838624,6.334476873238255
1830,18.3,2.0955985953325587,6.359325427899656
1831,18.31,2.0937046595172557,6.371409875682384
1832,18.32,2.091945214008785,6.3770767938853306
1833,18.330000000000002,2.0835614589760127,6.405117669217232
1834,18.34,2.0839060502645945,6.406548241411035
1835,18.35,2.073909982480674,6.419417865834879
1836,18.36,2.0754122107278055,6.429499331272804
1837,18.37,2.0740122681225097,6.453025492219716
1838,18.38,2.067143061532951,6.4678450193157575
1839,18.39,2.0664461412114905,6.4583309941150695
1840,18.400000000000002,2.0553696661511913,6.488234559983628
1841,18.41,2.0573970996678597,6.495792020157283
1842,18.42,2.0500605679786323,6.5005350973724525
1843,18.43,2.050524936745709,6.527363492825916
1844,18.44,2.0489660573950785,6.527976264019926
1845,18.45,2.0391267955095898,6.536708468523361
1846,18.46,2.042084329333163,6.553014671620155
1847,18.47,2.0345562228248206,6.562409020015227
1848,18.48,2.0281364742705543,6.5774829603385605
1849,18.490000000000002,2.021641276669059,6.589991738328175
1850,18.5,2.022564728822491,6.6004548388702196
1851,18.51,2.0156717919185936,6.596675464657408
1852,18.52,2.010039045040664,6.61511112621014
1853,18.53,2.0101965982537355,6.637728087060307
1854,18.54,2.0050240580374568,6.640504623118508
1855,18.55,2.002631085096307,6.663387640090401
1856,18.56,1.991683528693816,6.677045395394571
1857,18.57,1.9867755500151862,6.6834172484595555
1858,18.580000000000002,1.986722999600591,6.678242427106305
1859,18.59,1.9831741951992312,6.706870738962734
1860,18.6,1.975407793572707,6.708781782514638
1861,18.61,1.9711788512249313,6.718208100836821
1862,18.62,1.9624074007493741,6.731724397698921
1863,18.63,1.9685900035049926,6.744215621363311
1864,18.64,1.9584959590580007,6.750919762524122
1865,18.650000000000002,1.9507415958868368,6.761760583731544
1866,18.66,1.9465913562944548,6.766528136326319
1867,18.67,1.9455271811744546,6.78370827608409
1868,18.68,1.9404479175129865,6.804499607801226
1869,18.69,1.9367145907828307,6.792715564621658
1870,18.7,1.9261434789729548,6.814703838042532
1871,18.71,1.9221968305108115,6.828844044737306
1872,18.72,1.9165483197754276,6.848623166816988
1873,18.73,1.910082971737699,6.851534500988528
1874,18.740000000000002,1.912339678532715,6.858212901998483
1875,18.75,1.9083522718612662,6.869099572679658
1876,18.76,1.8972240183619495,6.873888057802335
1877,18.77,1.891945172107043,6.885841909714319
1878,18.78,1.8879421842226571,6.889725850224003
1879,18.79,1.880386533616717,6.9071719173584
1880,18.8,1.8802874400199585,6.903258817208468
1881,18.81,1.8724002990760096,6.916792428509559
1882,18.82,1.8663462539709492,6.929094967415837
1883,18.830000000000002,1.865400830579308,6.923157649527801
1884,18.84,1.8567226897404747,6.952815350637303
1885,18.85,1.8491199255233994,6.9619565701385655
1886,18.86,1.8434526360282917,6.960216167102787
1887,18.87,1.8426029752200814,6.960708589469011
1888,18.88,1.8305035611862708,6.978485502016821
1889,18.89,1.826849786217418,6.993618954131527
1890,18.900000000000002,1.8270391759888827,7.007413089976694
1891,18.91,1.822278691843023,7.012471368709741
1892,18.92,1.8167239208295909,7.016323479817978
1893,18.93,1.8093915998952768,7.015427226847531
1894,18.94,1.804003184463501,7.028561335021321
1895,18.95,1.8001073527473717,7.048311419426844
1896,18.96,1.7940763984575798,7.055380998143242
1897,18.97,1.7917804562532513,7.055135309224396
1898,18.98,1.781424604990509,7.077499708795124
1899,18.990000000000002,1.7789096567422416,7.076721203944412
1900,19.0,1.770407868716859,7.091773084141399
1901,19.01,1.770340317922959,7.096339392000697
1902,19.02,1.7633556537491353,7.1031978870125405
1903,19.03,1.7552900190709495,7.109445416002109
1904,19.04,1.7464854347882781,7.109255368398828
1905,19.05,1.7422956827354132,7.111340148625422
1906,19.06,1.7341257091128168,7.125837484279777
1907,19.07,1.7294571067820246,7.127739988954879
1908,19.080000000000002,1.7247023762447395,7.147359554828659
1909,19.09,1.7188988145936803,7.1448826962787
1910,19.1,1.7139048391702647,7.146599947059342
1911,19.11,1.7108836716277447,7.168825984516761
1912,19.12,1.6992528698606086,7.1719550425813186
1913,19.13,1.6983337293579943,7.176089446433351
1914,19.14,1.6907516904221007,7.163248250020591
1915,19.150000000000002,1.6856777645739869,7.184720824453978
1916,19.16,1.6791396153463838,7.198497277680398
1917,19.17,1.6725425862493117,7.200071894885847
1918,19.18,1.663165213151512,7.213921470046862
1919,19.19,1.6594395305202718,7.222134804734244
1920,19.2,1.6541265011764803,7.218250858476482
1921,19.21,1.6456402813296513,7.231877935147527
1922,19.22,1.6461143320331006,7.236134073253139
1923,19.23,1.6317981698987185,7.236742699827899
1924,19.240000000000002,1.625560881038061,7.23957826618592
1925,19.25,1.6224603536079216,7.246320158657158
1926,19.26,1.6138977660898344,7.257027154894694
1927,19.27,1.6090101828733203,7.262840074724386
1928,19.28,1.6051683558120389,7.267444747850102
1929,19.29,1.596802315240246,7.275607215653077
1930,19.3,1.5932810539345061,7.274275902551494
1931,19.31,1.5821786056992293,7.280674960195414
1932,19.32,1.5776573897091826,7.272182724569268
1933,19.330000000000002,1.5723213778464287,7.280082640917408
1934,19.34,1.5649826441733947,7.291386366489274
1935,19.35,1.559588409418732,7.295914218771148
1936,19.36,1.5541266383947234,7.301739478960792
1937,19.37,1.5486790809730766,7.303886526799423
1938,19.38,1.5378298234281762,7.311725871255804
1939,19.39,1.5394051508797109,7.306271968106049
1940,19.400000000000002,1.5290342347876613,7.305582420324482
1941,19.41,1.5172431812552198,7.323799782636644
1942,19.42,1.5127124810993189,7.32703323904278
1943,19.43,1.5103831099983456,7.325110495872456
1944,19.44,1.5002890922357215,7.336281198211841
1945,19.45,1.5015030147340274,7.338035604214626
1946,19.46,1.4876865489889062,7.344475223146597
1947,19.47,1.4836872471636153,7.354191821051943
1948,19.48,1.4733984819544188,7.35736882246216
1949,19.490000000000002,1.4691131206993844,7.359558709269296
1950,19.5,1.4623791758230196,7.354733276595067
1951,19.51,1.4527919499954511,7.369992286007769
1952,19.52,1.4495370849557343,7.368882752654105
1953,19.53,1.4451034324017362,7.367017061203744
1954,19.54,1.4375584536900359,7.3588071844242355
1955,19.55,1.4296697510638317,7.384295388322641
1956,19.56,1.4235872801388085,7.360226010087412
1957,19.57,1.4184072787070268,7.382072335123235
1958,19.580000000000002,1.4122782921595,7.379232947551017
1959,19.59,1.4026901314330917,7.381243972595567
1960,19.6,1.3955842951355804,7.375393062123011
1961,19.61,1.390675731713271,7.387090483456724
1962,19.62,1.383584110966625,7.389126537813982
1963,19.63,1.3765146359427376,7.385871924516299
1964,19.64,1.3667380103754192,7.39136333097312
1965,19.650000000000002,1.363598341393576,7.386789007890073
1966,19.66,1.3537294858387086,7.3920904364079
1967,19.67,1.3501799399246712,7.389296994446366
1968,19.68,1.3389022698300963,7.388779013606419
1969,19.69,1.3393498506978652,7.399991094950416
1970,19.7,1.3320086169777197,7.405779964780184
1971,19.71,1.314886914835719,7.399258620624208
1972,19.72,1.3125936882730243,7.4017991036510296
1973,19.73,1.3077906803708534,7.4107302169678295
1974,19.740000000000002,1.302533280367906,7.405109903216212
1975,19.75,1.290640933391161,7.400583154132472
1976,19.76,1.2860409933510366,7.3994568634070745
1977,19.77,1.2780738751609557,7.405680907843412
1978,19.78,1.275932814964614,7.399215561830737
1979,19.79,1.2721276046745862,7.401812960892772
1980,19.8,1.2600842854825685,7.400925062922683
1981,19.81,1.2566566381846338,7.410088660310578
1982,19.82,1.2428449762564004,7.412198795411943
1983,19.830000000000002,1.2434492417554663,7.392641400214062
1984,19.84,1.2336118943221914,7.393355930579543
1985,19.85,1.2286866448049913,7.40998108871604
1986,19.86,1.2235337988461752,7.394660554680242
1987,19.87,1.2157111370428038,7.414954548570815
1988,19.88,1.2076540288336846,7.400082147565167
1989,19.89,1.2039540992016102,7.394142422810939
1990,19.900000000000002,1.1875788877502793,7.394132887634861
1991,19.91,1.189608606098721,7.408067134831068
1992,19.92,1.1836751519562785,7.403758092559587
1993,19.93,1.176364749742162,7.393312507604746
1994,19.94,1.1686851963843687,7.400803281798031
1995,19.95,1.1522027592813069,7.403198060866097
1996,19.96,1.1487609600161968,7.385894378684765
1997,19.97,1.1504150349049196,7.395182438834239
1998,19.98,1.1415884979632842,7.4011119425284635
1999,19.990000000000002,1.1338202970052045,7.391330180412214
2000,20.0,1.1287787896829489,7.389717502650518
2001,20.01,1.1239752796187705,7.38046747698967
2002,20.02,1.1186925590761914,7.375521393677347
2003,20.03,1.1043057415817685,7.385846557264141
2004,20.04,1.096640305604166,7.392108806609212
2005,20.05,1.0959348293374327,7.378876150997786
2006,20.06,1.0864232203238242,7.371723478807213
2007,20.07,1.081486843971417,7.382416182952337
2008,20.080000000000002,1.0704312422793296,7.373052238275409
2009,20.09,1.066384779916916,7.3688357520545535
2010,20.1,1.0573240474402135,7.368170239953953
2011,20.11,1.054295319001919,7.367618938392903
2012,20.12,1.0458646494119475,7.373844324640437
2013,20.13,1.0377424119338594,7.362601333263634
2014,20.14,1.0295100419885634,7.346408319482504
2015,20.150000000000002,1.0272843748717169,7.348849140815739
2016,20.16,1.0201525077634261,7.355825495799021
2017,20.17,1.0167488021624274,7.340430702120253
2018,20.18,1.0068127534425613,7.346039744944292
2019,20.19,1.001484142584685,7.343640871818305
2020,20.2,0.9910120419176486,7.321053481181489
2021,20.21,0.9844115307551916,7.3313348032292724
2022,20.22,0.9748530985963813,7.327223043955396
2023,20.23,0.9712190713802638,7.330283892966483
2024,20.240000000000002,0.964796014917274,7.320574973013196
2025,20.25,0.9550211184043307,7.309408198069249
2026,20.26,0.9496312906947268,7.306537623949248
2027,20.27,0.9429854324894138,7.294151846060525
2028,20.28,0.9388120993164196,7.294091859957552
2029,20.29,0.9353663729711734,7.298522669208642
2030,20.3,0.9255832347623653,7.293923975449438
2031,20.31,0.9172908205227652,7.283718524883282
2032,20.32,0.9170206824640732,7.278714939907781
2033,20.330000000000002,0.9034265404797452,7.283121509471788
2034,20.34,0.9030391429823478,7.276777695760487
2035,20.35,0.8947431202951809,7.261430065631407
2036,20.36,0.8873596902830296,7.266565067909307
2037,20.37,0.8790703707465694,7.258745226320025
2038,20.38,0.8764477263514046,7.244648961590984
2039,20.39,0.8676478266249704,7.245291350524256
2040,20.400000000000002,0.8632186483859812,7.236018742180596
2041,20.41,0.8531210906257652,7.230573735667479
2042,20.42,0.8499124249157357,7.233539189156362
2043,20.43,0.8435878037337234,7.229719916838069
2044,20.44,0.837739553174489,7.220547633174506
2045,20.45,0.8300664422632654,7.214195311063222
2046,20.46,0.8195743435622597,7.198781446288606
2047,20.47,0.8133762212971436,7.1869858415254795
2048,20.48,0.8092234839368961,7.182523733782931
2049,20.490000000000002,0.8020074943756487,7.189129417556359
2050,20.5,0.7971095260847116,7.165383268008421
2051,20.51,0.7929249856309715,7.1648968066146015
2052,20.52,0.7850512493525621,7.1575085122290805
2053,20.53,0.7742679236493818,7.145630522974186
2054,20.54,0.7750003535244097,7.1415136302789035
2055,20.55,0.7640846422860298,7.13621535452937
2056,20.56,0.7620191007717219,7.129443139181524
2057,20.57,0.7565577561368463,7.131276192244155
2058,20.580000000000002,0.7436954146929236,7.122166727216378
2059,20.59,0.7379977248623578,7.108514360130675
2060,20.6,0.7375616564740507,7.103110843309987
2061,20.61,0.7275852250291244,7.092776658646717
2062,20.62,0.7233468456914413,7.083526362190726
2063,20.63,0.7169296429081171,7.073176623005842
2064,20.64,0.7121042512222858,7.051866867617531
2065,20.650000000000002,0.7031539434707286,7.053013400458754
2066,20.66,0.6967009951929374,7.040691900265251
2067,20.67,0.6904529757216813,7.04295020039357
2068,20.68,0.6856005995742932,7.032382602389363
2069,20.69,0.6821739569094919,7.025791191130469
2070,20.7,0.6771574142055042,7.008797219084909
2071,20.71,0.6704758107880656,7.004264095278306
2072,20.72,0.6679861269861345,7.001088625012681
2073,20.73,0.6564969945533922,6.991579222768779
2074,20.740000000000002,0.6501256725192869,6.9748373400461094
2075,20.75,0.6501487391156362,6.969188518640429
2076,20.76,0.6425659145862086,6.974577269109445
2077,20.77,0.6367363239777081,6.939981397148004
2078,20.78,0.6294170954635074,6.951591908097545
2079,20.79,0.6241037146708555,6.926131122358643
2080,20.8,0.618525729260561,6.934446728510954
2081,20.81,0.6123550656900999,6.926224027886323
2082,20.82,0.6044079092311965,6.90380874721659
2083,20.830000000000002,0.6014453372645711,6.899805589306541
2084,20.84,0.5943612647200514,6.894180081503034
2085,20.85,0.5888855657281088,6.884225337795892
2086,20.86,0.5829585320902592,6.875828091496899
2087,20.87,0.581730296175369,6.862195341579684
2088,20.88,0.5763244821204859,6.8484090362173395
2089,20.89,0.5670776648490536,6.847234040686497
2090,20.900000000000002,0.5630075893215384,6.836867956263175
2091,20.91,0.5643476981988003,6.817134364716371
2092,20.92,0.5506236759701876,6.812980649201919
2093,20.93,0.5476433024765721,6.808177305044911
2094,20.94,0.5400569658528487,6.789762801154465
2095,20.95,0.5334134899859587,6.790884432321977
2096,20.96,0.5343016838781939,6.759553566396393
2097,20.97,0.5293263825114273,6.760283112317218
2098,20.98,0.5188617560174491,6.745818978708594
2099,20.990000000000002,0.5174291626641444,6.7334256763361715
2100,21.0,0.5104605569282621,6.729162988109705
2101,21.01,0.5066307912052744,6.710174304753182
2102,21.02,0.5000378183745994,6.703792078278626
2103,21.03,0.49763965703989704,6.696254316908542
2104,21.04,0.4956833056766578,6.683381757482043
2105,21.05,0.4822740012822476,6.672366688589645
2106,21.06,0.484120188964083,6.660165706722538
2107,21.07,0.47805350229270394,6.6473281162844975
2108,21.080000000000002,0.47298127239728266,6.635195334296364
2109,21.09,0.4717240776450449,6.621613585703874
2110,21.1,0.46308652196713057,6.6106927118974745
2111,21.11,0.45834145413676114,6.600998947822409
2112,21.12,0.45487688776643226,6.591190677686242
2113,21.13,0.4505910177698605,6.567485623038226
2114,21.14,0.44299554727855006,6.564276639803824
2115,21.150000000000002,0.4461881451438792,6.555787177659916
2116,21.16,0.43754366960612223,6.547223652229899
2117,21.17,0.4303898062643066,6.524906825040747
2118,21.18,0.42758704735949365,6.523655434970584
2119,21.19,0.4265854180201574,6.502152307257793
2120,21.2,0.4181822480689973,6.483499824514742
2121,21.21,0.4129378840728698,6.477845550685223
2122,21.22,0.4115442375044384,6.464816692418794
2123,21.23,0.4047032263915869,6.457519749557862
2124,21.240000000000002,0.4052634285010156,6.429850995265314
2125,21.25,0.3987668107525978,6.425815066287753
2126,21.26,0.3955160578574223,6.424558998315397
2127,21.27,0.3908500728757425,6.402183172129438
2128,21.28,0.3867472894124537,6.394026573403747
2129,21.29,0.38147911498115056,6.369475724194037
2130,21.3,0.38368852723858204,6.372899313256873
2131,21.31,0.3744554921645811,6.358031055497508
2132,21.32,0.36627944372657967,6.345603518444641
2133,21.330000000000002,0.3646795784218953,6.330608396395021
2134,21.34,0.36662916670535994,6.313217421784825
2135,21.35,0.3628275071281891,6.306506585334413
2136,21.36,0.3556072701840174,6.285182062500352
2137,21.37,0.34857913310062133,6.273910235410053
2138,21.38,0.3491003260759781,6.267206809876944
2139,21.39,0.3510702870235645,6.252210585324257
2140,21.400000000000002,0.34440373374129535,6.237316672249855
2141,21.41,0.33970858258889536,6.23278426421381
2142,21.42,0.3341968050410532,6.210172386086799
2143,21.43,0.3315551127780346,6.199008891975406
2144,21.44,0.3336778591668766,6.197600561891781
2145,21.45,0.3302957693242853,6.170327299831665
2146,21.46,0.32169877065243363,6.157700541182269
2147,21.47,0.318913022463242,6.148677652831139
2148,21.48,0.3194074355438648,6.130372282016853
2149,21.490000000000002,0.3101664279123904,6.128709729986574
2150,21.5,0.31238258457930224,6.111370836860901
2151,21.51,0.3089217571589727,6.099419039606435
2152,21.52,0.3009286841442223,6.083176327937736
2153,21.53,0.30341690426223633,6.062228658096156
2154,21.54,0.2978873305527962,6.051715805085336
2155,21.55,0.29792980279698206,6.040505936554972
2156,21.56,0.29120306268286733,6.0274811271573165
2157,21.57,0.28779318139054466,6.000011291105866
2158,21.580000000000002,0.29082143305526836,5.995856143351878
2159,21.59,0.2862696603162364,5.992303375759473
2160,21.6,0.28326221240086186,5.970328311815924
2161,21.61,0.2806098976522823,5.958594274141511
2162,21.62,0.2780866642137073,5.942432017306562
2163,21.63,0.27548244761797924,5.931665475402814
2164,21.64,0.2747045737919056,5.905002824666552
2165,21.650000000000002,0.26925440516832333,5.894417650513664
2166,21.66,0.26902492698023195,5.886283760494382
2167,21.67,0.2633988229476922,5.875243422332222
2168,21.68,0.26507476354868587,5.862972070066294
2169,21.69,0.25954391325382253,5.844050949316251
2170,21.7,0.26083245699871677,5.827965926727253
2171,21.71,0.2570374472798546,5.818888601422118
2172,21.72,0.25513052586398105,5.802149849551059
2173,21.73,0.2524766123370556,5.794845614628757
2174,21.740000000000002,0.2485927507224631,5.776857554825348
2175,21.75,0.2493465320971325,5.755664885535734
2176,21.76,0.24367622962348418,5.744971965150194
2177,21.77,0.23924758154051598,5.737887256997499
2178,21.78,0.24291733733046167,5.717955838178705
2179,21.79,0.24474728921927474,5.705429507165201
2180,21.8,0.2370355465346875,5.691871743263581
2181,21.81,0.2403439643109006,5.670682427684304
2182,21.82,0.23818437463039094,5.6826858170165035
2183,21.830000000000002,0.23212878875780488,5.668694487732441
2184,21.84,0.2332579148940706,5.644062057451273
2185,21.85,0.22863599302278698,5.626330305291087
2186,21.86,0.2231568650699912,5.611341083685547
2187,21.87,0.22861965341485868,5.594186532641014
2188,21.88,0.22105193813458066,5.582905376164365
2189,21.89,0.22101752252996623,5.577596568909305
2190,21.900000000000002,0.21930041795213967,5.560888431159166
2191,21.91,0.214906083928436,5.5482100370232
2192,21.92,0.21138494314542638,5.552782287883582
2193,21.93,0.21561735805206023,5.527562490002995
2194,21.94,0.2110697571933956,5.501589090487464
2195,21.95,0.2112499909250036,5.494225330743222
2196,21.96,0.20964493426337477,5.483297452181771
2197,21.97,0.20629733663604727,5.472601332498271
2198,21.98,0.20126707277111092,5.463291879091393
2199,21.990000000000002,0.2099352676006279,5.458480920876586
2200,22.0,0.20384129807821302,5.4385958321768335
2201,22.01,0.20267610154502932,5.413616290643491
2202,22.02,0.20096478104886387,5.3966247752226835
2203,22.03,0.20368518537486496,5.400972854784099
2204,22.04,0.19556061258233995,5.386825410060747
2205,22.05,0.19534469111953204,5.374817103110481
2206,22.06,0.19132746838214867,5.357547438219928
2207,22.07,0.19122276272893285,5.348747250347013
2208,22.080000000000002,0.18826660671055967,5.327364885369385
2209,22.09,0.19504174028277044,5.31223456335782
2210,22.1,0.18612330812142952,5.3159879272460655
2211,22.11,0.18859040516179781,5.3006636471731206
2212,22.12,0.1875343844070051,5.282070139243764
2213,22.13,0.18409448754937108,5.274057001936119
2214,22.14,0.18148626727065775,5.249344039236013
2215,22.150000000000002,0.18812080070309503,5.25052847855843
2216,22.16,0.18346649464110248,5.225030008926997
2217,22.17,0.18112587051025483,5.2052174756308265
2218,22.18,0.18256454081323237,5.210638370418616
2219,22.19,0.1852674428212936,5.204073829005783
2220,22.2,0.17927796719371505,5.191751425071419
2221,22.21,0.1761807245251033,5.164634376252127
2222,22.22,0.1762625136372836,5.160248097844513
2223,22.23,0.17452572015941015,5.145991585149086
2224,22.240000000000002,0.17240837740528703,5.143603871776972
2225,22.25,0.17255861100191483,5.13136193450406
2226,22.26,0.1722514037762495,5.104069789791257
2227,22.27,0.17015560516614484,5.104764393464847
2228,22.28,0.17059082343536575,5.079071236879038
2229,22.29,0.17324883965809754,5.0746237928918445
2230,22.3,0.1651240694226973,5.068498413412867
2231,22.31,0.1686323297813403,5.043036038465649
2232,22.32,0.16934504989584812,5.0378946733078775
2233,22.330000000000002,0.16546235424905825,5.032280567349193
2234,22.34,0.16546299084134905,5.017218021161978
2235,22.35,0.171811735110105,5.005347371787375
2236,22.36,0.1656297819727098,4.988719237593922
2237,22.37,0.16710009688752084,4.990693635871323
2238,22.38,0.1586782076221207,4.976650059469889
2239,22.39,0.16113513836859014,4.951702375678087
2240,22.400000000000002,0.15906408537155697,4.941586112650804
2241,22.41,0.16319615436781662,4.939371493921746
2242,22.42,0.16542902338509774,4.924948155627551
2243,22.43,0.1628008961958989,4.903569533856079
2244,22.44,0.15694546902742584,4.902320197307413
2245,22.45,0.16237146959881057,4.8972012323458465
2246,22.46,0.15465154158937575,4.881266902160219
2247,22.47,0.15263513949077306,4.869066090491948
2248,22.48,0.1522212415610285,4.858964509418683
2249,22.490000000000002,0.15329033331933367,4.848187675729413
2250,22.5,0.15442128415650472,4.834362460698701
2251,22.51,0.157404962820169,4.820704187828677
2252,22.52,0.15586101910875597,4.823920391648539
2253,22.53,0.15748801872851614,4.805812954277035
2254,22.54,0.15701604269768246,4.808636787015524
2255,22.55,0.15372627997178892,4.7725392975778895
2256,22.56,0.15436836952479832,4.772465979293891
2257,22.57,0.1529801653899218,4.759284623996761
2258,22.580000000000002,0.15793049851116123,4.742120390251891
2259,22.59,0.15423846810149444,4.733895619958537
2260,22.6,0.15443890200018665,4.730668578293533
2261,22.61,0.15163427103512642,4.729984188364792
2262,22.62,0.15060911748176417,4.699253083674856
2263,22.63,0.15407822647903777,4.694803110382258
2264,22.64,0.14696591241331503,4.681859825561728
2265,22.650000000000002,0.1508732885417035,4.6756947006698635
2266,22.66,0.15196925726625576,4.672061017884964
2267,22.67,0.14090112726460519,4.654971005808047
2268,22.68,0.14426177179513192,4.641281657355078
2269,22.69,0.15262174310610144,4.639431402475221
2270,22.7,0.14642749420005152,4.631927401161622
2271,22.71,0.14749184327548262,4.609828177405994
2272,22.72,0.1463367597453718,4.618627592676873
2273,22.73,0.1500933731616729,4.596595210379329
2274,22.740000000000002,0.15088190498397402,4.582951113360113
2275,22.75,0.15136679622343982,4.573709344654825
2276,22.76,0.1487108160932769,4.574773827166289
2277,22.77,0.14625484369691089,4.562851928110461
2278,22.78,0.14567487674558346,4.54207410142626
2279,22.79,0.14859160814629127,4.53627352166802
2280,22.8,0.143900168768536,4.5408261458391275
2281,22.81,0.14713336215573658,4.522426645919588
2282,22.82,0.14346834876328324,4.511933391651027
2283,22.830000000000002,0.14605220897728555,4.503411324410302
2284,22.84,0.14892867130747348,4.495970676954792
2285,22.85,0.14892884130209683,4.474581470579275
2286,22.86,0.1502823610790863,4.478409960281439
2287,22.87,0.15128511811670248,4.460858796996103
2288,22.88,0.14853644191263052,4.455121970622681
2289,22.89,0.14806626363511308,4.438638292529952
2290,22.900000000000002,0.14645465958678028,4.433570079029315
2291,22.91,0.14766086280343732,4.4249358221636665
2292,22.92,0.14470106567593372,4.414752858592089
2293,22.93,0.14668031474093313,4.4134621879002465
2294,22.94,0.14306591651957645,4.404595066891803
2295,22.95,0.14476461277187108,4.381496279574173
2296,22.96,0.14961590894226798,4.382285428741909
2297,22.97,0.14379740471626914,4.369255117239037
2298,22.98,0.1422164066723509,4.366934340137488
2299,22.990000000000002,0.1486446510420849,4.350016781496524
2300,23.0,0.1451799196274455,4.346641288350313
2301,23.01,0.14702466496271308,4.336731354986971
2302,23.02,0.14850916860848712,4.319961965845878
2303,23.03,0.1514285645165506,4.321997449292606
2304,23.04,0.14562564598561226,4.308701728840653
2305,23.05,0.150667264341789,4.313056641151563
2306,23.06,0.14770599886331043,4.295713959535705
2307,23.07,0.14726753818858151,4.295095364610067
2308,23.080000000000002,0.14913097163787908,4.279008166984997
2309,23.09,0.14581655054594012,4.275884145678535
2310,23.1,0.1476792096890925,4.254825727386406
2311,23.11,0.1510231038964075,4.257735553108927
2312,23.12,0.14668209336419452,4.228470825982949
2313,23.13,0.15114580571790637,4.242659891412342
2314,23.14,0.1528185715451017,4.235882541469154
2315,23.150000000000002,0.15431239054343784,4.217776633214867
2316,23.16,0.14612251219690248,4.216675054325851
2317,23.17,0.14921060104160327,4.206894561897149
2318,23.18,0.14576671651548542,4.199769761614983
2319,23.19,0.14666225042393022,4.181279036734456
2320,23.2,0.145721034873238,4.185580156221356
2321,23.21,0.14965744356241562,4.181774278175434
2322,23.22,0.15222992157727722,4.164947752550378
2323,23.23,0.15288001834003495,4.154615694609235
2324,23.240000000000002,0.15542068215789848,4.150611376517768
2325,23.25,0.15291751923236696,4.144308203598302
2326,23.26,0.154352199735584,4.139465927012481
2327,23.27,0.1502944670728402,4.137142576243411
2328,23.28,0.15097151689330462,4.126990990478357
2329,23.29,0.1573499605292608,4.125179580875341
2330,23.3,0.1523886391999508,4.116348208184975
2331,23.31,0.15265844686710864,4.1030369934868824
2332,23.32,0.15685387855840574,4.09683343361896
2333,23.330000000000002,0.15732387202204473,4.078594119671301
2334,23.34,0.1569184107647757,4.077744878774448
2335,23.35,0.15626265043510493,4.06637263157034
2336,23.36,0.1583341643493357,4.070645140224126
2337,23.37,0.15992993764260974,4.051221013524958
2338,23.38,0.15484483770653393,4.056477657380558
2339,23.39,0.15489352900601952,4.041890744433919
2340,23.400000000000002,0.1558921971269539,4.035687039953144
2341,23.41,0.15858773693127426,4.033911570471111
2342,23.42,0.16017935132963432,4.024600491751878
2343,23.43,0.15855468784951418,4.021749630652185
2344,23.44,0.16514817520991426,4.005416913266586
2345,23.45,0.1637374905192221,4.001309835061549
2346,23.46,0.16436791338765758,4.006839799559972
2347,23.47,0.1593295956021248,3.9932695512514367
2348,23.48,0.16518240062375625,3.9884427261839632
2349,23.490000000000002,0.16306083535812274,3.979950639401631
2350,23.5,0.16427376197840488,3.976799569939313
2351,23.51,0.16572373987417877,3.966346958472627
2352,23.52,0.16848255476249385,3.9642225667551463
2353,23.53,0.1680922689361175,3.9581990914789382
2354,23.54,0.16913827134226492,3.9578154024550556
2355,23.55,0.16906517685468195,3.9511152875865156
2356,23.56,0.17360468147695093,3.944752123085939
2357,23.57,0.17161990588404738,3.9346990762547693
2358,23.580000000000002,0.17370101490810808,3.9288300584575615
2359,23.59,0.17314202030059722,3.9168957953969814
2360,23.6,0.17835616666118936,3.927758752154793
2361,23.61,0.17655711935053636,3.9205809238875275
2362,23.62,0.17461971921761826,3.9098926636403104
2363,23.63,0.1813884861964182,3.9057932150218844
2364,23.64,0.17712128717153552,3.8941101923527457
2365,23.650000000000002,0.17877918010258587,3.906369742799962
2366,23.66,0.18131521049703236,3.885147881743585
2367,23.67,0.17826358538890646,3.8749210774968113
2368,23.68,0.17732731108315877,3.8827824775458453
2369,23.69,0.1777487242051555,3.855082811293424
2370,23.7,0.18320485337348502,3.8727358034177723
2371,23.71,0.18283636564179329,3.858692531893409
2372,23.72,0.1827503656307472,3.8523225466183453
2373,23.73,0.17917418823743633,3.839430216258818
2374,23.740000000000002,0.18784444184395385,3.844295259214985
2375,23.75,0.18431429853894163,3.832665353662034
2376,23.76,0.19201018370757478,3.832580224134722
2377,23.77,0.19296780582921608,3.825996802992292
2378,23.78,0.18996868352693452,3.82661667099543
2379,23.79,0.19540167130925234,3.821047829809473
2380,23.8,0.18833511501651173,3.8114791803241608
2381,23.81,0.19878186247597715,3.814028675775357
2382,23.82,0.19491775747771503,3.809175647667686
2383,23.830000000000002,0.19910632909021497,3.8050542663300577
2384,23.84,0.1959432243801856,3.8130295056967607
2385,23.85,0.20007945631031693,3.795878059269333
2386,23.86,0.20281688972388065,3.7874411758359865
2387,23.87,0.20189016458175163,3.7843111044038933
2388,23.88,0.20472007203624876,3.7777984013149717
2389,23.89,0.20665797393492735,3.781796222917815
2390,23.900000000000002,0.20220533999928247,3.763212089451683
2391,23.91,0.20597909828239772,3.7657050628459885
2392,23.92,0.2088691761652532,3.7622656017712344
2393,23.93,0.2089257524344184,3.7578974262399947
2394,23.94,0.213640076329879,3.757273233699067
2395,23.95,0.20881021431588306,3.7509391647870913
2396,23.96,0.2105431727167908,3.752405532740567
2397,23.97,0.21624111474095134,3.737953855315689
2398,23.98,0.2209804404590076,3.741564831814195
2399,23.990000000000002,0.21755694620046587,3.735452755733917
2400,24.0,0.21896605060812063,3.7294339509672993
2401,24.01,0.22210975477850078,3.719767032898683
2402,24.02,0.22692572512575687,3.7072846494265432
2403,24.03,0.22707742125597744,3.713820037297219
2404,24.04,0.22566686814551123,3.714483786633329
2405,24.05,0.22338013497312753,3.709556414145619
2406,24.060000000000002,0.23219906490130174,3.704163286559147
2407,24.07,0.23170142072374952,3.706618476539756
2408,24.080000000000002,0.23497066464123756,3.6910298017860854
2409,24.09,0.23065298413487065,3.685953851979842
2410,24.1,0.2374125496273035,3.6978158700043084
2411,24.11,0.2429179149297112,3.6863271638458373
2412,24.12,0.24434455651271408,3.6788485364642343
2413,24.13,0.2401768266249713,3.694597047398248
2414,24.14,0.24637992871440395,3.685190575252138
2415,24.150000000000002,0.2458365763360348,3.6827801484314575
2416,24.16,0.2487103312427392,3.6821190571528812
2417,24.17,0.2518691328651082,3.671527771084442
2418,24.18,0.25472294134666895,3.6690581574897183
2419,24.19,0.2575379625420004,3.666339028687466
2420,24.2,0.25998764861962576,3.672396170690371
2421,24.21,0.2594372434455619,3.65950261844246
2422,24.22,0.26284521405236594,3.6647774156113364
2423,24.23,0.2598294229560524,3.6534318996561415
2424,24.240000000000002,0.2683437521292393,3.6550417853261163
2425,24.25,0.26830021227397316,3.6590481795657195
2426,24.26,0.27181537132492345,3.6512291686785856
2427,24.27,0.2717817848522881,3.647633684352962
2428,24.28,0.2772014747177796,3.6464120213237003
2429,24.29,0.2769880190959463,3.6379732099150894
2430,24.3,0.27931286542073125,3.64421179472205
2431,24.310000000000002,0.280106993816327,3.63863364623078
2432,24.32,0.2871993760107317,3.645489242373805
2433,24.330000000000002,0.28695947125360166,3.6482090199897144
2434,24.34,0.28759750616722835,3.636179201268046
2435,24.35,0.2962859444578448,3.644205289920876
2436,24.36,0.300453646324964,3.6306216842494266
2437,24.37,0.29704357547383553,3.6317854015625097
2438,24.38,0.2996245052810917,3.628193889189601
2439,24.39,0.305610666522318,3.6272361609618398
2440,24.400000000000002,0.30361445778624563,3.619983561584673
2441,24.41,0.3069714946857714,3.632946249600228
2442,24.42,0.3115755613327893,3.614048645198419
2443,24.43,0.3152015502568483,3.6294713531220237
2444,24.44,0.3190763860566147,3.61888194277428
2445,24.45,0.3213536717116384,3.6338398472210254
2446,24.46,0.32654801468005434,3.626070770940953
2447,24.47,0.32771831816405,3.610037125464677
2448,24.48,0.32514311928786777,3.61940590755163
2449,24.490000000000002,0.3306960028408569,3.611168793640221
2450,24.5,0.33682051985865274,3.6206946313749784
2451,24.51,0.34325511795464564,3.62255541165206
2452,24.52,0.3408360206527106,3.621004625450016
2453,24.53,0.34808768994670186,3.6189221090618027
2454,24.54,0.34718570142273425,3.617482880689675
2455,24.55,0.35326969701675537,3.6130173376210046
2456,24.560000000000002,0.3518501519142484,3.606771299643653
2457,24.57,0.3635948231786986,3.6102403408452983
2458,24.580000000000002,0.3632744641811069,3.612519428687161
2459,24.59,0.37006568853927174,3.6134396969531566
2460,24.6,0.3750166929313863,3.616202032560364
2461,24.61,0.3779012570478936,3.614238211552087
2462,24.62,0.3776452064602228,3.613946923111328
2463,24.63,0.3796058110216899,3.6127902489439
2464,24.64,0.38393171055838693,3.613081111384127
2465,24.650000000000002,0.3879990158674344,3.61695581796926
2466,24.66,0.39634849626015684,3.617271790694413
2467,24.67,0.40145247140699253,3.6076674394702977
2468,24.68,0.40081518649240483,3.6123158725683018
2469,24.69,0.4062317318190566,3.613908015686849
2470,24.7,0.40681567212932307,3.6118105191925185
2471,24.71,0.4169150289384493,3.615520267208169
2472,24.72,0.41785922167444034,3.6140465586432997
2473,24.73,0.4209491623699482,3.622705183170739
2474,24.740000000000002,0.4295498572455629,3.6298101442567883
2475,24.75,0.4315481424833624,3.6196208384911106
2476,24.76,0.43602259303564334,3.6318926149032755
2477,24.77,0.4389290244492364,3.626360061696403
2478,24.78,0.44971011301226516,3.6231726925609036
2479,24.79,0.4532455577023749,3.6252228412198204
2480,24.8,0.4557041609699422,3.63508024763201
2481,24.810000000000002,0.4627325799725476,3.630499087215072
2482,24.82,0.4649880748279125,3.6310558434807105
2483,24.830000000000002,0.47520562187878157,3.6268287434513318
2484,24.84,0.4761277996277029,3.6266097992935635
2485,24.85,0.4864878321477139,3.6402792760691463
2486,24.86,0.48193335189142594,3.6391835325621025
2487,24.87,0.49392809290170636,3.6399394160965
2488,24.88,0.490537402279091,3.640910943264182
2489,24.89,0.5036036466629452,3.6396402272154056
2490,24.900000000000002,0.514428868656703,3.635032078705136
2491,24.91,0.5189239107502455,3.6494883603602393
2492,24.92,0.5229824970716889,3.6474644209108114
2493,24.93,0.5237345119764119,3.659881425375294
2494,24.94,0.5358020883671153,3.65376918540522
2495,24.95,0.5350320863203036,3.6473964724667374
2496,24.96,0.5403831960321019,3.6590827779980724
2497,24.97,0.5506584056631214,3.6750590622060724
2498,24.98,0.5567762066461317,3.669644914138129
2499,24.990000000000002,0.5637551817240773,3.666800376002051
2500,25.0,0.5663150719457749,3.6615074310344338
2501,25.01,0.5748149185605876,3.6779724117755785
2502,25.02,0.5748807491228115,3.6779830406292024
2503,25.03,0.5831109623565227,3.6829029269821363
2504,25.04,0.5929448643064913,3.688712410466011
2505,25.05,0.5996056950566797,3.6871350985662956
2506,25.060000000000002,0.607782694432098,3.6894551610871873
2507,25.07,0.604743993256847,3.70040362462313
2508,25.080000000000002,0.6179866165393196,3.7054239498032917
2509,25.09,0.6229190452807928,3.7034618275477884
2510,25.1,0.6366806663183184,3.7106930858892233
2511,25.11,0.6407497858636176,3.7179980793578453
2512,25.12,0.6481110700409388,3.72585097195796
2513,25.13,0.653159110271012,3.7218428956123035
2514,25.14,0.6638582823938998,3.73019796774286
2515,25.150000000000002,0.6707383228048244,3.7280013995796755
2516,25.16,0.6724968706544889,3.7331851641585443
2517,25.17,0.6803027197905843,3.7439533276312273
2518,25.18,0.6861061068112095,3.7363936083042706
2519,25.19,0.6978175353251347,3.745329423672647
2520,25.2,0.7034237265480695,3.7496724303928097
2521,25.21,0.7112055289541863,3.7512408345568633
2522,25.22,0.7220472053019426,3.7710097409570653
2523,25.23,0.7278391702204166,3.775737602118096
2524,25.240000000000002,0.7361666051166407,3.774096571481332
2525,25.25,0.7390013878028784,3.775477933726342
2526,25.26,0.7532288348462204,3.786468636900299
2527,25.27,0.7616467350448833,3.7938930386863756
2528,25.28,0.7680400193900986,3.8004687873829193
2529,25.29,0.7766065379493057,3.7965826313625586
2530,25.3,0.7879595830212625,3.8194075161770464
2531,25.310000000000002,0.7924284214080124,3.8267257358217077
2532,25.32,0.8015996836271364,3.8182782326939524
2533,25.330000000000002,0.8137130806498444,3.8114504186563667
2534,25.34,0.8222228542854138,3.834663287736303
2535,25.35,0.8267984347072793,3.8443191506043655
2536,25.36,0.838933894297177,3.837125436379386
2537,25.37,0.8437117532766786,3.8431214299308265
2538,25.38,0.8573999695170179,3.854900943563719
2539,25.39,0.8646384489282098,3.8745176769052563
2540,25.400000000000002,0.8707325375207071,3.8678502428209987
2541,25.41,0.8839040745754579,3.8816119031673813
2542,25.42,0.8916822524426479,3.893735531369163
2543,25.43,0.9063315843810006,3.8957212367305685
2544,25.44,0.9135402850839109,3.8929805118175524
2545,25.45,0.9166984614910373,3.906811790965507
2546,25.46,0.9290374840110394,3.9007594642463608
2547,25.47,0.9386799984859743,3.9233289849296464
2548,25.48,0.9504758670156799,3.920178074287407
2549,25.490000000000002,0.9636364701454244,3.9390270443794764
2550,25.5,0.9723326514370274,3.944465472879195
2551,25.51,0.9810543337771733,3.9593999141514393
2552,25.52,0.9920285286698803,3.956743587863662
2553,25.53,1.000865167067798,3.9663602751143405
2554,25.54,1.0053720640238535,3.9753838853446735
2555,25.55,1.019959624861865,3.991892796502861
2556,25.560000000000002,1.0338389765333102,3.9987025643447898
2557,25.57,1.0409141769073917,3.9922092333507777
2558,25.580000000000002,1.0512897574287232,4.018018641053391
2559,25.59,1.060080885720639,4.005674118970239
2560,25.6,1.0698991845420611,4.0335703287620595
2561,25.61,1.0912466765007918,4.0386357976344245
2562,25.62,1.095096686801396,4.040424306936944
2563,25.63,1.1083235749843359,4.053534286517907
2564,25.64,1.11236891226537,4.054142306167384
2565,25.650000000000002,1.1255863121229401,4.071759944836816
2566,25.66,1.1341161311106802,4.086065416438858
2567,25.67,1.14769927786,4.096233863568546
2568,25.68,1.1609400590315953,4.1044457760664965
2569,25.69,1.1684809721436458,4.1051596645672355
2570,25.7,1.1780554902069473,4.117293520962476
2571,25.71,1.1925742740848824,4.131338367631018
2572,25.72,1.2079888345348269,4.130248562781687
2573,25.73,1.2154776925663884,4.1442427896576834
2574,25.740000000000002,1.2222429036408564,4.161035884704737
2575,25.75,1.2386838909545137,4.169523786224903
2576,25.76,1.245835712042344,4.184573477869968
2577,25.77,1.2557306462130533,4.183747746105269
2578,25.78,1.2680234749317887,4.193855882872607
2579,25.79,1.2787566817327924,4.199454336913291
2580,25.8,1.299981420302458,4.218746219262882
2581,25.810000000000002,1.3006639121340058,4.237485272103994
2582,25.82,1.3125043531850342,4.233830970318525
2583,25.830000000000002,1.3275150647718517,4.256949447736207
2584,25.84,1.3355288255357414,4.262032192758276
2585,25.85,1.3484266684101764,4.274323386148402
2586,25.86,1.3582311516939962,4.280892786299261
2587,25.87,1.37149765833455,4.289650283643888
2588,25.88,1.3814758213084313,4.304695518328185
2589,25.89,1.3941398789600459,4.3220536250141866
2590,25.900000000000002,1.4067815906866439,4.327428973628203
2591,25.91,1.4155590886383527,4.337721714229089
2592,25.92,1.429825976448527,4.35052230078135
2593,25.93,1.4394665554823605,4.357515970710114
2594,25.94,1.4520182865304214,4.373876343850519
2595,25.95,1.4587165485134856,4.3814428552702545
2596,25.96,1.4674875380218237,4.399589248591556
2597,25.97,1.4846191971437326,4.4068853255940805
2598,25.98,1.4955385798844303,4.412308322108394
2599,25.990000000000002,1.5092539880600162,4.428361667189414
2600,26.0,1.5126113752412915,4.433408434214955
2601,26.01,1.525979278178,4.454890000403494
2602,26.02,1.5375610996397746,4.464452586025833
2603,26.03,1.5510685217057252,4.47442004106569
2604,26.04,1.5606852138587681,4.48708226177825
2605,26.05,1.567799068551112,4.499788661787302
2606,26.060000000000002,1.5837898662523602,4.52424777608683
2607,26.07,1.5893461767708894,4.544339752752603
2608,26.080000000000002,1.601099695124909,4.543059001393645
2609,26.09,1.6104165403755424,4.565686436939323
2610,26.1,1.6241666084894684,4.563152899160678
2611,26.11,1.6323962966979542,4.5767971133350835
2612,26.12,1.643275499885893,4.593930184985443
2613,26.13,1.6574509600174074,4.611406181859913
2614,26.14,1.6608459039582082,4.618551370124517
2615,26.150000000000002,1.6741200620953596,4.640990130138283
2616,26.16,1.6834722534750595,4.646998112740615
2617,26.17,1.6923000323670834,4.663501400924256
2618,26.18,1.701161550004001,4.675246593949157
2619,26.19,1.7126568307057448,4.6834954670155655
2620,26.2,1.7248397473287413,4.70037828535604
2621,26.21,1.7329087004109842,4.704032754295082
2622,26.22,1.7434106711671236,4.717433828128733
2623,26.23,1.7528890994053279,4.7328901932784655
2624,26.240000000000002,1.7604340119047939,4.746617479442677
2625,26.25,1.7711361653011786,4.757500871359397
2626,26.26,1.7722858020068033,4.783407396964382
2627,26.27,1.7885868162036627,4.792253346278905
2628,26.28,1.7910017793701984,4.800222333975373
2629,26.29,1.8050899756719794,4.816713386894356
2630,26.3,1.8119121152082325,4.82198344204435
2631,26.310000000000002,1.8215922039188712,4.847453280340084
2632,26.32,1.837785009816683,4.865026676402122
2633,26.330000000000002,1.8372670422092707,4.879530917952795
2634,26.34,1.8483776393071067,4.880213135558342
2635,26.35,1.8509517710970063,4.896673133348083
2636,26.36,1.8624505361955694,4.912783206409817
2637,26.37,1.872451908413076,4.9364719461539455
2638,26.38,1.8799682817421457,4.932670793042993
2639,26.39,1.8834205297377555,4.964207106714895
2640,26.400000000000002,1.8946743784695912,4.95983713075028
2641,26.41,1.900503621279551,4.983455220448384
2642,26.42,1.9121056499202675,4.994656130187083
2643,26.43,1.9109308646627308,5.01314186237522
2644,26.44,1.9243703820688018,5.026152299052417
2645,26.45,1.9228356383666052,5.035753636289454
2646,26.46,1.9360547292257884,5.057389520527279
2647,26.47,1.9423895619741696,5.064683930084968
2648,26.48,1.949995482233998,5.085710442492585
2649,26.490000000000002,1.9547642599262816,5.0806479206403665
2650,26.5,1.9597352489402329,5.10913194012221
2651,26.51,1.9691922726081164,5.1318971514567755
2652,26.52,1.9729548854552181,5.144361155614273
2653,26.53,1.9774134407780979,5.152016486169624
2654,26.54,1.9830582170563102,5.159849378757669
2655,26.55,1.9956375518975475,5.179214574450066
2656,26.560000000000002,1.9922102668035726,5.199077706919632
2657,26.57,2.0010361192419768,5.199308310833005
2658,26.580000000000002,2.0085623822985377,5.211638237156033
2659,26.59,2.014052809728466,5.2402349117787335
2660,26.6,2.0186356237328824,5.252009135709343
2661,26.61,2.0181739301348016,5.257470951024907
2662,26.62,2.019409385609637,5.27730197380798
2663,26.63,2.024275575448828,5.297896648432383
2664,26.64,2.033110466850496,5.298952383233691
2665,26.650000000000002,2.0362347489555024,5.325729837931135
2666,26.66,2.0465826321049723,5.342026651655729
2667,26.67,2.0442128438331957,5.361912031319691
2668,26.68,2.05114107128511,5.3627292564401845
2669,26.69,2.054083442818118,5.387333465386179
2670,26.7,2.0577055152738755,5.409014336436231
2671,26.71,2.062608151785381,5.417379218966678
2672,26.72,2.0691241119699835,5.42903709852756
2673,26.73,2.0665734052859897,5.4488923261265585
2674,26.740000000000002,2.0751602843854386,5.456285695174205
2675,26.75,2.0733887695828046,5.464692153869142
2676,26.76,2.0767368607570735,5.479138082996363
2677,26.77,2.0804221726442185,5.489156070093754
2678,26.78,2.0819961503344078,5.512033554118007
2679,26.79,2.0926147544221556,5.530840716244389
2680,26.8,2.085768902428872,5.540108562997978
2681,26.810000000000002,2.0864717345682178,5.562452639382534
2682,26.82,2.0934806980754885,5.575854095804436
2683,26.830000000000002,2.0950333019783773,5.582892369776054
2684,26.84,2.100575799952618,5.602048388410703
2685,26.85,2.0961791354408374,5.621106305432824
2686,26.86,2.1033447237110687,5.628711458729817
2687,26.87,2.1003298737713725,5.636480917183147
2688,26.88,2.105290658733331,5.651369106462864
2689,26.89,2.108319766219892,5.687487161418111
2690,26.900000000000002,2.111089182330194,5.695713126592813
2691,26.91,2.1070935234507098,5.715226750745351
2692,26.92,2.11384106619572,5.71193408592596
2693,26.93,2.1096628536122304,5.727347862566754
2694,26.94,2.1136497197925888,5.756435651426609
2695,26.95,2.1086435066200644,5.764168438183493
2696,26.96,2.112601430314938,5.77736357106988
2697,26.97,2.116297016005737,5.784118229731607
2698,26.98,2.116822282650003,5.792175861112463
2699,26.990000000000002,2.116539492334872,5.806284365213495
2700,27.0,2.115725095847587,5.827129946870867
2701,27.01,2.1213883237077833,5.842223152623519
2702,27.02,2.1195324677631193,5.853767585110169
2703,27.03,2.1137548809134574,5.867322079984177
2704,27.04,2.120336899841016,5.885952075971265
2705,27.05,2.113161174286031,5.907441113035578
2706,27.060000000000002,2.1147376665109734,5.923164266351815
2707,27.07,2.1187003549110623,5.920869056303929
2708,27.080000000000002,2.115553017833329,5.935178257187278
2709,27.09,2.1140880544993705,5.963466690405277
2710,27.1,2.110389013349076,5.968805471397067
2711,27.11,2.1089301996805663,5.987341798594351
2712,27.12,2.109899469747719,5.994042668943
2713,27.13,2.115032903392075,6.015878840052628
2714,27.14,2.1123251992762127,6.024107365258627
2715,27.150000000000002,2.1076454737616332,6.027813102112292
2716,27.16,2.1098562834801733,6.04743447299598
2717,27.17,2.1113159458932382,6.057767506556323
2718,27.18,2.1043818872372064,6.081775004495558
2719,27.19,2.1078077402756863,6.093176881766846
2720,27.2,2.100489112885063,6.103400867556731
2721,27.21,2.104469127078524,6.122456780997391
2722,27.22,2.1019355057998994,6.119709683480249
2723,27.23,2.095438762245958,6.1372200711074605
2724,27.240000000000002,2.0946867589641673,6.154285889627196
2725,27.25,2.0959162542734036,6.172869148972263
2726,27.26,2.090247584186958,6.179366645779277
2727,27.27,2.08694308146328,6.1979130550928785
2728,27.28,2.0838882727006753,6.211387922819748
2729,27.29,2.0844054902226214,6.219990434491958
2730,27.3,2.089502686337906,6.233954447721271
2731,27.310000000000002,2.0784467762507117,6.241005830150136
2732,27.32,2.0784611267246644,6.261291416889619
2733,27.330000000000002,2.0760438433881534,6.270023362694824
2734,27.34,2.0748876996087158,6.2811010827861695
2735,27.35,2.0722059777215187,6.286730138022567
2736,27.36,2.0651403733208062,6.324957041135697
2737,27.37,2.0684413037014666,6.33341418123885
2738,27.38,2.0587075856671553,6.341504562915805
2739,27.39,2.05846179321821,6.354294763030976
2740,27.400000000000002,2.0613201275521655,6.371484268413469
2741,27.41,2.0571704382877254,6.376592079940023
2742,27.42,2.0543050580008058,6.386393282104086
2743,27.43,2.0484494473021795,6.408194326736889
2744,27.44,2.045624259888697,6.402099766123528
2745,27.45,2.0431467450863754,6.411703337732794
2746,27.46,2.034564825707472,6.433717615261918
2747,27.47,2.036012644688668,6.44472219743745
2748,27.48,2.027614735564008,6.465660578254894
2749,27.490000000000002,2.0265688846515144,6.473933294542249
2750,27.5,2.0227269939521055,6.490869107065076
2751,27.51,2.0230957313209035,6.495048439143619
2752,27.52,2.0176719394726956,6.513677979581529
2753,27.53,2.0138419021921132,6.516111718301396
2754,27.54,2.008797967828315,6.527949648563066
2755,27.55,2.0106356801843672,6.548718726896208
2756,27.560000000000002,2.0075443758870577,6.552804645555318
2757,27.57,2.0010031249380353,6.559945823746655
2758,27.580000000000002,1.9969262684065296,6.590815539209924
2759,27.59,1.99396822519076,6.585553890938664
2760,27.6,1.9869094621616905,6.600454009171687
2761,27.61,1.9845150839214931,6.605441486803757
2762,27.62,1.9822029556257235,6.628657005897121
2763,27.63,1.9769633288083759,6.636934646721513
2764,27.64,1.9714562332383394,6.642111756771925
2765,27.650000000000002,1.9684533570290204,6.6496218292345075
2766,27.66,1.9625541323887103,6.6664820743394095
2767,27.67,1.959819761178208,6.6749405670489965
2768,27.68,1.9553282268936507,6.693700123345596
2769,27.69,1.952249305482639,6.709810820977043
2770,27.7,1.946448569812928,6.705366245066165
2771,27.71,1.9425864045020127,6.723039920695914
2772,27.72,1.9397138294088687,6.72584657029496
2773,27.73,1.9353243245082643,6.7413698574482
2774,27.740000000000002,1.9379094851512393,6.747392227221839
2775,27.75,1.9232999398134096,6.764512376421676
2776,27.76,1.9201276751832794,6.769245022085742
2777,27.77,1.9173612896111762,6.781927998769766
2778,27.78,1.9138438387659367,6.79672101926552
2779,27.79,1.9054724140044805,6.802418908858211
2780,27.8,1.9056113358612905,6.812954955963407
2781,27.810000000000002,1.8992362725685008,6.827464216283631
2782,27.82,1.900211051890537,6.829776198473292
2783,27.830000000000002,1.888850282590072,6.845932160841812
2784,27.84,1.884534851068244,6.855380755876988
2785,27.85,1.8798088070536727,6.868469816777694
2786,27.86,1.8747354530447087,6.86466337002627
2787,27.87,1.871598949351126,6.885589161729973
2788,27.88,1.8675858747236844,6.890208601173344
2789,27.89,1.864725912500423,6.899269176032271
2790,27.900000000000002,1.8558199156934556,6.923376081949842
2791,27.91,1.8506855838669312,6.915416764487163
2792,27.92,1.8493105706313593,6.927340473414203
2793,27.93,1.842286401436305,6.947498545880364
2794,27.94,1.8400050236559848,6.949153840784638
2795,27.95,1.8321117186400795,6.94694054801197
2796,27.96,1.8274733039775442,6.960389155681661
2797,27.97,1.821244225698195,6.976509697468976
2798,27.98,1.813091604491793,6.981467184836083
2799,27.990000000000002,1.8142520354996505,6.998066139041294
2800,28.0,1.8072967800953903,6.996893093536955
2801,28.01,1.8013676013543551,7.009887207490702
2802,28.02,1.7972657511043164,7.013426569332059
2803,28.03,1.7872876708291752,7.012868627456698
2804,28.04,1.7908209528401955,7.027610377923675
2805,28.05,1.7838974144782898,7.042654640205317
2806,28.060000000000002,1.7715951699190695,7.036528533845567
2807,28.07,1.773701387330261,7.046775259230072
2808,28.080000000000002,1.768042896624334,7.062605325010946
2809,28.09,1.762751395670736,7.0651894803890505
2810,28.1,1.7546052479682177,7.070670631721461
2811,28.11,1.7495818497110178,7.093988010251286
2812,28.12,1.7358428358407596,7.09331507859805
2813,28.13,1.7357906152372538,7.102499504892772
2814,28.14,1.7326386685764288,7.102617677400534
2815,28.150000000000002,1.728601012652852,7.112932927210196
2816,28.16,1.7201617343549682,7.126745902041979
2817,28.17,1.7107746275191151,7.132644908936493
2818,28.18,1.7081487729227265,7.130065554643384
2819,28.19,1.7023698802091822,7.132696392170065
2820,28.2,1.6934208492182816,7.155940441313526
2821,28.21,1.6845436821629514,7.153161012906909
2822,28.22,1.6811086939681505,7.158320794832656
2823,28.23,1.67468295646145,7.162671030593795
2824,28.240000000000002,1.6665870007892154,7.170691725045315
2825,28.25,1.6648855481281706,7.176223268003892
2826,28.26,1.657258717295971,7.184146959873893
2827,28.27,1.654793326909206,7.174910549741008
2828,28.28,1.6481377191750328,7.200409940984782
2829,28.29,1.6479252410558716,7.2051902769139415
2830,28.3,1.628992012353443,7.215728741798472
2831,28.310000000000002,1.6241315289128213,7.215488636358468
2832,28.32,1.620229278684354,7.223966251543694
2833,28.330000000000002,1.6187915941699649,7.225018082651313
2834,28.34,1.608003853707847,7.224274086619462
2835,28.35,1.6021191452137271,7.228248682789676
2836,28.36,1.5993644330723187,7.236536125257681
2837,28.37,1.5892032163054923,7.250162290781627
2838,28.38,1.5843745755359695,7.238009214148086
2839,28.39,1.5814312280390266,7.248406996528757
2840,28.400000000000002,1.5757070951082726,7.255338514024018
2841,28.41,1.5683268530457763,7.277323663763644
2842,28.42,1.5605674145718622,7.26763652481353
2843,28.43,1.5534026152171856,7.272415633607707
2844,28.44,1.5467437366884849,7.286175871222988
2845,28.45,1.5428046361649028,7.282397616159034
2846,28.46,1.5326825768635939,7.284348151723462
2847,28.47,1.529282012758695,7.297153500808756
2848,28.48,1.5235437858056453,7.2967018177823455
2849,28.490000000000002,1.515682043226951,7.30788841210685
2850,28.5,1.5109664413937707,7.307003861394223
2851,28.51,1.5047252016802941,7.302716104168173
2852,28.52,1.4972197798577147,7.316148062825746
2853,28.53,1.4867436905858689,7.316685298403455
2854,28.54,1.4865506322453315,7.322672117666691
2855,28.55,1.4788401306047336,7.327776323336346
2856,28.560000000000002,1.4728676779686671,7.333769024546982
2857,28.57,1.4636824316696317,7.343848573290484
2858,28.580000000000002,1.4623896966983205,7.341739194847265
2859,28.59,1.4548281974350452,7.338446153036392
2860,28.6,1.445968630235898,7.335057653765046
2861,28.61,1.4357566681698708,7.35061102894765
2862,28.62,1.4305765707676181,7.337146518267496
2863,28.63,1.4271366095322153,7.349916363769052
2864,28.64,1.4230704688164144,7.341304138795868
2865,28.650000000000002,1.4155085034744836,7.355701952080315
2866,28.66,1.4108635308623059,7.358061420378925
2867,28.67,1.396328871571265,7.34436848698659
2868,28.68,1.3976254034726934,7.358326836392991
2869,28.69,1.390604302869813,7.369805956047866
2870,28.7,1.3822945834177476,7.360669207308865
2871,28.71,1.3753364796180836,7.383917090419994
2872,28.72,1.371297076993462,7.363938075801711
2873,28.73,1.3619868945972344,7.373770642850423
2874,28.740000000000002,1.3607569600755425,7.378662091134271
2875,28.75,1.3451979033509989,7.373667520407209
2876,28.76,1.339031940797108,7.378869210809141
2877,28.77,1.3381267085191035,7.378148240696544
2878,28.78,1.3252896080649283,7.375777715289844
2879,28.79,1.3247734497232346,7.380460640455271
2880,28.8,1.3125301899403947,7.368144223671396
2881,28.810000000000002,1.3125925474555709,7.372328569862732
2882,28.82,1.301439746707989,7.386650180335149
2883,28.830000000000002,1.2986417504870162,7.398837622273756
2884,28.84,1.2841667885525843,7.385312803058786
2885,28.85,1.2845415212501172,7.394965409870321
2886,28.86,1.2830252684829915,7.389331908509971
2887,28.87,1.2725118531165989,7.3900038655648155
2888,28.88,1.2645680150675218,7.387020306164386
2889,28.89,1.2595522451468326,7.373605560624465
2890,28.900000000000002,1.2453049446086435,7.395667225403765
2891,28.91,1.2483964058381276,7.392203853025934
2892,28.92,1.2334161635545324,7.391163763351689
2893,28.93,1.225606930142542,7.398614408296567
2894,28.94,1.2185230472812656,7.385064973268006
2895,28.95,1.2110833815939246,7.386655830621178
2896,28.96,1.2101071079993957,7.385779713113325
2897,28.97,1.201991892472024,7.379245104569362
2898,28.98,1.195021523415143,7.381108723120846
2899,28.990000000000002,1.1935118465107941,7.375827414499185
2900,29.0,1.1868962977283386,7.399295722607266
2901,29.01,1.1768732677366776,7.392993208876917
2902,29.02,1.1680955639538584,7.381231642555169
2903,29.03,1.1574650358971448,7.377858313869557
2904,29.04,1.1536625110007148,7.38369963641173
2905,29.05,1.1495147080403503,7.369081268261659
2906,29.060000000000002,1.1428255863021524,7.373267340611509
2907,29.07,1.1393688026297555,7.370317957414203
2908,29.080000000000002,1.1268541110102643,7.375685645271524
2909,29.09,1.1263578676566868,7.365438145055128
2910,29.1,1.1122795790646207,7.370315459727582
2911,29.11,1.1088028026095629,7.369763516166948
2912,29.12,1.1065412378444313,7.365683932664264
2913,29.13,1.0972560696399245,7.359814414119191
2914,29.14,1.0905949485079138,7.359827268703145
2915,29.150000000000002,1.0837996737344604,7.364975064477084
2916,29.16,1.0765008288920348,7.360281439282005
2917,29.17,1.069775543415359,7.3516363935974605
2918,29.18,1.0614659255451202,7.349936813707223
2919,29.19,1.0568012015620851,7.343095354210334
2920,29.2,1.0517480939226898,7.346990725829866
2921,29.21,1.0427952795284314,7.3442448753571705
2922,29.22,1.0383100799961602,7.3354599812999455
2923,29.23,1.0258435930053973,7.3397601101280685
2924,29.240000000000002,1.0220633908884509,7.327161715645941
2925,29.25,1.0191438277662273,7.3283828964823226
2926,29.26,1.0098888281645493,7.329027050281731
2927,29.27,1.0032203286398969,7.320069094351889
2928,29.28,0.9943551091751589,7.323801897942916
2929,29.29,0.9874660261121821,7.32072434980826
2930,29.3,0.9846076620803582,7.304910899319015
2931,29.310000000000002,0.9755084680120913,7.3097158331945336
2932,29.32,0.9695112475454212,7.295106683911033
2933,29.330000000000002,0.9602780412937221,7.3091340986778786
2934,29.34,0.9571502075626838,7.301413912392365
2935,29.35,0.9522349821656105,7.283733685201831
2936,29.36,0.9473691313776889,7.2923136115319815
2937,29.37,0.9384343871985921,7.284964645573646
2938,29.38,0.9309578410987769,7.281409480442064
2939,29.39,0.9231155498536543,7.283771772911045
2940,29.400000000000002,0.9135719495255575,7.274789931027135
2941,29.41,0.911740040835995,7.267526906134681
2942,29.42,0.908565934001859,7.262403074905789
2943,29.43,0.8985808801351135,7.245208104896885
2944,29.44,0.8920946365047461,7.246562898591525
2945,29.45,0.8821010251633424,7.240133312813836
2946,29.46,0.883448897281825,7.23465550093825
2947,29.47,0.8704288517183407,7.2280340191801775
2948,29.48,0.8668401745464739,7.234426233923765
2949,29.490000000000002,0.8623201814946382,7.214319961966079
2950,29.5,0.8512787041184807,7.207039284261962
2951,29.51,0.8437295468239521,7.200134996947224
2952,29.52,0.838899692928032,7.207351811322578
2953,29.53,0.8374012854749269,7.20545778474384
2954,29.54,0.822636593138278,7.194556694685969
2955,29.55,0.8173605574884527,7.188182059253258
2956,29.560000000000002,0.8144052905608373,7.173404985513959
2957,29.57,0.8047819593876228,7.173785242564846
2958,29.580000000000002,0.8020855683229215,7.1501867206370155
2959,29.59,0.794858391154345,7.15798812026588
2960,29.6,0.7873513914312638,7.144140568335132
2961,29.61,0.7831287945826219,7.158766843056525
2962,29.62,0.7810325939534355,7.133104778049708
2963,29.63,0.7746316746254521,7.132363566902122
2964,29.64,0.7705638263963178,7.113248139159517
2965,29.650000000000002,0.7617877077541124,7.115415052178288
2966,29.66,0.7529651195664306,7.120884892246795
2967,29.67,0.748475394808318,7.103123871066837
2968,29.68,0.7456100183132358,7.089987058388141
2969,29.69,0.7323762979637843,7.09408008707222
2970,29.7,0.7333696184921242,7.090443316929877
2971,29.71,0.717658110462404,7.074524652157895
2972,29.72,0.716509944860805,7.063848585703001
2973,29.73,0.7130361069790884,7.0642660547661436
2974,29.740000000000002,0.7124829580941913,7.047866762524047
2975,29.75,0.6971199633600192,7.041178249252873
2976,29.76,0.6949408425235398,7.031849159160988
2977,29.77,0.682973459011472,7.023056818815599
2978,29.78,0.6854656997934279,7.009544245499636
2979,29.79,0.6747716702748233,7.001832073053668
2980,29.8,0.6735511307375553,7.002494168346187
2981,29.810000000000002,0.6623766572295511,7.007283103020512
2982,29.82,0.6575555936915698,6.98504766493119
2983,29.830000000000002,0.6517651857116165,6.9722881866868285
2984,29.84,0.6445442305123429,6.959063231515832
2985,29.85,0.6448884069648534,6.955464363597849
2986,29.86,0.6352492502934879,6.952676685228221
2987,29.87,0.6297106833386963,6.9250441215165655
2988,29.88,0.6229781796725283,6.925033551530675
2989,29.89,0.6154101706673295,6.915409258334537
2990,29.900000000000002,0.6076350955632245,6.898448613255027
2991,29.91,0.6103217479590277,6.893503577253216
2992,29.92,0.6066633669540226,6.89036313991073
2993,29.93,0.6024172942519351,6.872535116883935
2994,29.94,0.5908901646967982,6.865524677809941
2995,29.95,0.5858765472114618,6.865611881721564
2996,29.96,0.579765026162812,6.853564312131616
2997,29.97,0.573880708447204,6.8384879205655436
2998,29.98,0.5677605654160439,6.836533045671321
2999,29.990000000000002,0.565561060490704,6.822635853920822
