,t,x,y
0,0.0,4.804766130429957,11.429810004842022
1,0.01,4.680995516649186,11.642318181410582
2,0.02,4.388751016139887,11.457935618059436
3,0.03,4.4695808368858385,11.614329536985489
4,0.04,4.354385291316868,11.342080397157
5,0.05,4.327392221425104,11.441808224985001
6,0.06,4.155445137751912,11.732273811988394
7,0.07,4.258393637995628,11.741861543160237
8,0.08,3.996866448269419,10.985070287766868
9,0.09,3.7905879312194566,11.710337960847925
10,0.1,3.770245329553693,11.659145510918277
11,0.11,3.665900215765748,11.50973089843147
12,0.12,3.598712293191526,11.48433285176123
13,0.13,3.7310315401610223,11.450076101513826
14,0.14,3.5900337174136694,11.280396346662267
15,0.15,3.493295503425407,11.6568071957009
16,0.16,3.2907716524088952,11.157531684264981
17,0.17,3.3096867759651194,11.444744714146598
18,0.18,3.256204580318014,11.384411325756897
19,0.19,3.1702805976430013,11.536947281392523
20,0.2,3.25229190485483,11.698331170346226
21,0.21,3.136809237896201,11.071793068533868
22,0.22,2.9605886996059394,11.440459568757808
23,0.23,2.854565655571052,11.37319862322858
24,0.24,2.849446713713007,11.366641699191446
25,0.25,2.8662800978153355,11.570604271723116
26,0.26,2.8495347477485544,11.088978387391709
27,0.27,2.795644172192519,11.318472822501743
28,0.28,2.6231189946612052,11.237888304654822
29,0.29,2.6530958513949003,11.269385916473093
30,0.3,2.5829826847402075,11.170620656027777
31,0.31,2.592853732475592,11.360373974912493
32,0.32,2.6094319376257427,11.142341456811987
33,0.33,2.6263259018992593,11.063111971919286
34,0.34,2.383298396109079,11.180981359533645
35,0.35000000000000003,2.374065306277101,11.054968774053359
36,0.36,2.441781892939195,11.230017242137489
37,0.37,2.3930564291438454,11.073195806932448
38,0.38,2.450747521328004,10.911002520318878
39,0.39,2.163474021152651,10.980531576806664
40,0.4,2.157989150724741,11.288727133434719
41,0.41000000000000003,2.0321759535580943,10.999808396396386
42,0.42,2.1901784460549036,10.947127961543929
43,0.43,2.1122570992091148,11.06244155354016
44,0.44,2.023466485537636,11.195181708466633
45,0.45,2.080502318968086,10.990066495689874
46,0.46,1.860691864388813,10.960429483176677
47,0.47000000000000003,1.8453430530711354,11.018769150682793
48,0.48,1.8272399997678248,11.16364692823035
49,0.49,1.8489177651464592,10.699653237402547
50,0.5,1.9239229198738828,10.930786494297841
51,0.51,1.9547558954103639,10.752800866516344
52,0.52,1.8708048024182617,11.21477323250246
53,0.53,1.861438528734419,10.976385685950955
54,0.54,1.6641035517286007,10.728141512793885
55,0.55,1.711508261508226,10.714316071771607
56,0.56,1.6417401112970729,11.09136107472651
57,0.5700000000000001,1.604621165366612,11.128225768973742
58,0.58,1.4524297394433168,10.50130804065528
59,0.59,1.4656132329750693,10.721866187426233
60,0.6,1.5701088631087123,10.8256792276548
61,0.61,1.5204748149753662,10.668249997760197
62,0.62,1.4952400544620146,10.637596866103852
63,0.63,1.5147959993637024,10.960507807436123
64,0.64,1.4533012126219025,10.65807954221546
65,0.65,1.5100707723482603,10.605303765205225
66,0.66,1.5707018817034482,10.6023323754385
67,0.67,1.6135289042243581,10.572616975312465
68,0.68,1.4532339327908461,10.298531846088048
69,0.6900000000000001,1.2831014692470113,10.484347378106897
70,0.7000000000000001,1.3459911480117608,10.553481487973501
71,0.71,1.2652926626040037,10.561129541561163
72,0.72,1.3758019138463253,10.488327053814825
73,0.73,1.2436064943934402,10.334146366913274
74,0.74,1.2653452992068566,10.247580628041181
75,0.75,1.394561469672216,10.584735891085803
76,0.76,1.1882680928494926,10.367354258054897
77,0.77,1.159036076826847,10.072279915717326
78,0.78,1.1340912459265364,10.306269815744674
79,0.79,1.0564818080628282,10.100683903971479
80,0.8,1.083120894062769,10.399532440742119
81,0.81,1.134734133431074,10.221291051812875
82,0.8200000000000001,1.0707517311465364,10.099004199372834
83,0.8300000000000001,1.1008646513410956,10.077868061620132
84,0.84,0.9556796990945765,9.976927431698902
85,0.85,1.0771444681489435,10.193232384633879
86,0.86,1.0288656277313868,10.22911556880938
87,0.87,0.9964678355077958,10.5218414527554
88,0.88,0.9001639479461977,10.037393602110578
89,0.89,0.8783133432939555,10.092367874834293
90,0.9,0.854663458427968,10.09329161717552
91,0.91,0.8186919999829336,9.740384911055923
92,0.92,0.8518613096177424,9.689247776792687
93,0.93,0.728567556114762,10.202613093692154
94,0.9400000000000001,0.8277058536221439,9.841781561979738
95,0.9500000000000001,0.9041049283045173,9.699581208806771
96,0.96,0.7267099142591846,9.620123393384272
97,0.97,0.6934757943779967,9.921019455370828
98,0.98,0.6505000692378514,9.875663423773922
99,0.99,0.6579499393776437,9.475246765931686
100,1.0,0.6986224079632716,9.735576544529284
101,1.01,0.6138167806920223,9.883375367615631
102,1.02,0.8365911268957589,9.643115282284203
103,1.03,0.6147969199569813,9.513188299699719
104,1.04,0.6400942064488083,9.555452675222211
105,1.05,0.42082438518082027,9.503481704744297
106,1.06,0.604035383156748,9.29714047787389
107,1.07,0.6275017620190698,9.52828596790841
108,1.08,0.5075293299894588,9.677543742625499
109,1.09,0.5644255882369047,9.897970345153167
110,1.1,0.7158492004646095,9.567453649133572
111,1.11,0.5619981987245876,9.39547296586631
112,1.12,0.43214598467235177,9.139548123810153
113,1.1300000000000001,0.4745341310221682,9.2025431407305
114,1.1400000000000001,0.44235012018936193,9.26916504226989
115,1.1500000000000001,0.4666299457866933,9.266697057776373
116,1.16,0.40904669314101705,9.006836786214784
117,1.17,0.43775889813298985,9.292979801292129
118,1.18,0.5307435255943597,9.130158148487867
119,1.19,0.3726357862496602,9.334749676005476
120,1.2,0.24314538026128435,9.0751429571641
121,1.21,0.39931661238487864,8.880660974399618
122,1.22,0.5051250436671708,8.912560907340282
123,1.23,0.34565828732031,8.868210195236259
124,1.24,0.31184117892666113,8.883661770824066
125,1.25,0.3925152602190077,8.703913375568497
126,1.26,0.35719072233019344,8.455272781270537
127,1.27,0.28574141527528324,8.525392090276245
128,1.28,0.3689225808974485,8.920282661368498
129,1.29,0.34590002334997594,8.638891799000634
130,1.3,0.3687744788869248,8.889064396646535
131,1.31,0.19323926272603165,8.698580929364217
132,1.32,0.3231308833195659,8.737261997311553
133,1.33,0.3379277448430358,8.828749778672048
134,1.34,0.31370630809182704,8.322563948494532
135,1.35,0.25230158544208486,8.305873839900185
136,1.36,0.3575139251117933,8.15918223013374
137,1.37,0.17588326110092228,8.458802339418092
138,1.3800000000000001,0.28240636637092514,8.471156023332952
139,1.3900000000000001,0.2743560310306463,8.645738237374973
140,1.4000000000000001,0.11178791838182048,8.131338625063835
141,1.41,0.2524400823520036,8.541418814666581
142,1.42,0.22847120116062494,8.076271582737126
143,1.43,0.12098555147292123,8.177137337378722
144,1.44,0.32142203728842555,8.238843189129017
145,1.45,0.12261028511062359,8.110503430127471
146,1.46,0.23064395698015888,7.936737724641516
147,1.47,0.19277840508303698,8.375225721672438
148,1.48,0.19286889299640392,7.85195588801887
149,1.49,0.3015547284504179,8.002820952038633
150,1.5,0.14753827424873292,7.874451304528441
151,1.51,0.22594148982515244,8.151331840634946
152,1.52,0.10264743810843104,7.974911444359897
153,1.53,0.3128087678338465,7.959414404865281
154,1.54,0.07000269654160358,8.053302004611393
155,1.55,0.17719675659206785,7.995033547126899
156,1.56,0.06223933333396228,7.690260784928396
157,1.57,0.22750374536582174,7.781855059351179
158,1.58,0.0162373532145592,7.58621379647769
159,1.59,0.07358584119078394,7.676215394840891
160,1.6,0.15783379745237447,7.604144141454262
161,1.61,0.032592847340700004,8.033005977703802
162,1.62,0.08116793573642431,7.881925384809767
163,1.6300000000000001,0.24607440422118265,7.433304218300083
164,1.6400000000000001,0.10303586676846069,7.50651373061409
165,1.6500000000000001,0.059150070903913096,7.53425436090887
166,1.6600000000000001,0.12430631347664403,7.38627332014132
167,1.67,0.116445458991572,7.548435266423158
168,1.68,0.2077935140109255,7.649795549530317
169,1.69,0.1601380151135748,7.249337174442337
170,1.7,0.1135282849375204,7.547044677756913
171,1.71,-0.010369626429598156,7.105201895202254
172,1.72,0.2074335639459046,7.504252749119779
173,1.73,0.07276804656998662,7.401377631328417
174,1.74,0.07612412687500222,7.042443931326725
175,1.75,-0.0010182464497649896,7.160116898779122
176,1.76,0.17527169694746375,6.946217612012714
177,1.77,0.13534249895225325,6.694242848591263
178,1.78,0.05552988957915978,7.181692719676152
179,1.79,0.024021921751832445,7.209713134594181
180,1.8,0.18066469104775856,7.470051197657215
181,1.81,0.01436453612906418,7.142406424635433
182,1.82,0.017743374672123148,6.566217088193033
183,1.83,0.07989342975260863,6.958293480631116
184,1.84,0.11916896905635618,6.950678732225978
185,1.85,0.056968745218179184,7.045026076146739
186,1.86,0.0962616924924383,6.895153975279309
187,1.87,0.10348153327402784,6.575905020914055
188,1.8800000000000001,0.06211546864229115,6.509299829113496
189,1.8900000000000001,-0.14130586072374246,6.496108453101015
190,1.9000000000000001,0.0013711545981982057,6.58025740777994
191,1.9100000000000001,-0.07124352663477884,6.521484776368632
192,1.92,0.16103159248963067,6.759891400796152
193,1.93,-0.0002502587267628406,6.619879404035216
194,1.94,-0.022816370440881265,6.788786005116585
195,1.95,0.018588819778379333,6.716732448131405
196,1.96,0.0911775413868038,6.459985869177659
197,1.97,-0.04994442036536938,6.412162436261078
198,1.98,-0.12259538237863794,6.430429508866681
199,1.99,-0.06945033025578011,6.298368471471312
200,2.0,-0.030830891455993437,6.415704629648087
201,2.0100000000000002,0.018970748077533687,6.0928674277781845
202,2.02,0.18689218054664042,6.195878277056259
203,2.0300000000000002,-0.0759892420698266,6.5024909266760105
204,2.04,0.10038136744951724,5.997762970471307
205,2.05,0.18702004366954922,6.11605285743217
206,2.06,-0.061954797169713915,6.476123680264659
207,2.07,0.14536830829279013,6.375758586312061
208,2.08,0.09452391895222725,6.370093503182634
209,2.09,0.061257514052927266,6.244722042904282
210,2.1,-0.012437812151519963,5.924524247981912
211,2.11,0.05077591904865128,6.038178525742296
212,2.12,-0.013268869711240854,6.226945379981438
213,2.13,0.009275805811834775,6.039637968858775
214,2.14,0.003938175306519458,5.986217284875616
215,2.15,-0.04321305268880246,6.096601386737568
216,2.16,0.05385181900295693,6.186795539843979
217,2.17,-0.0520005163719791,5.837156944260552
218,2.18,-0.06218829637565916,5.9421373431998
219,2.19,0.054144106127456945,5.9115876363452315
220,2.2,0.0163662705660073,6.1861124293111125
221,2.21,0.15177286649208546,5.843867848515971
222,2.22,0.0509926667982069,5.745769720714601
223,2.23,-0.1141931880444304,5.849736575294753
224,2.24,0.12465005064691487,5.956794520599859
225,2.25,0.07672799602829364,5.51981122069876
226,2.2600000000000002,0.2282020689896023,5.70614497438607
227,2.27,0.07599799982377008,5.516701392784579
228,2.2800000000000002,-0.017487975885226846,5.836680117825968
229,2.29,-0.002658941055188102,5.434197287794342
230,2.3000000000000003,0.026473684234774097,5.636612226193407
231,2.31,0.11780085489699593,5.641926110146693
232,2.32,0.019591526666470845,5.731820707103341
233,2.33,-0.07725147160552844,5.309596655224278
234,2.34,-0.1795987337289779,5.515823765724645
235,2.35,-0.11834790033369422,5.416102037428769
236,2.36,-0.07278320266617117,5.495189599055761
237,2.37,0.03450790215410268,5.516848550067224
238,2.38,0.028211813212556107,5.774847573529407
239,2.39,0.11756581300541362,5.599785850158815
240,2.4,0.03558666018047609,5.183926820844986
241,2.41,-0.09023501857727456,5.7364644769181785
242,2.42,0.021936483250177267,5.571676435001999
243,2.43,0.03704246394528078,5.230555298780004
244,2.44,-0.09975669009729883,5.380445351498789
245,2.45,0.15020982618944045,5.645394348139169
246,2.46,-0.0014454030252875824,5.405963237094785
247,2.47,0.13255157945163973,5.248518594237348
248,2.48,0.07237694386126806,5.425813410987387
249,2.49,0.02814831014746424,5.148838947159569
250,2.5,0.0647997375881936,5.196055247735156
251,2.5100000000000002,0.060091554091578875,5.154340947963344
252,2.52,-0.060953720612002715,5.4726213211622765
253,2.5300000000000002,0.1767017628471804,4.845223025951122
254,2.54,0.11854297245135097,5.232805085238383
255,2.5500000000000003,-0.004795546694729844,5.3307391663748405
256,2.56,-0.01722608197730981,4.8014253111916965
257,2.57,0.073585198686663,4.937762958641566
258,2.58,-0.03890259866370299,5.292528461218801
259,2.59,0.04071022701321536,4.96388550790028
260,2.6,-0.018981678748323884,5.174648696658755
261,2.61,0.14546720080421824,4.887539751067738
262,2.62,0.11515662407645173,4.682747835113937
263,2.63,0.01211860704830547,4.807348636216602
264,2.64,0.0648556212668776,4.852359583010913
265,2.65,0.05106418756058316,4.795549503042745
266,2.66,0.1437769169299006,4.906318358146895
267,2.67,0.06004308087735449,5.17408020231841
268,2.68,-0.03659072008846066,4.8587374096646
269,2.69,-0.06701629177378512,5.034006910563909
270,2.7,-0.036377212812213094,4.575662628192392
271,2.71,-0.042919457909562655,4.517201601666112
272,2.72,-0.10343623480335029,4.980228741876069
273,2.73,0.17679589863388165,4.756495478577128
274,2.74,0.08384490460111893,4.794491785725827
275,2.75,-0.0892547460544527,4.718585678160683
276,2.7600000000000002,0.04847511431088497,4.8795402643958585
277,2.77,-0.049120875937673975,4.855075124718249
278,2.7800000000000002,-0.03222976789787595,4.833049879897974
279,2.79,-0.0940844167691278,4.705921687320699
280,2.8000000000000003,0.0533980118615692,4.397070638466504
281,2.81,0.11050627135433103,4.6827226175659575
282,2.82,-0.017270232220424266,4.717876109327055
283,2.83,-0.11033571675651754,4.799050466674705
284,2.84,0.02402789157114233,4.531170365990175
285,2.85,-0.04285940984064417,4.683153714339487
286,2.86,-0.1806103666175102,4.7426026298622705
287,2.87,-0.11402367515065563,4.228263647006036
288,2.88,-0.045882163973196534,4.79695912277949
289,2.89,-0.03187744126769916,4.660444812194985
290,2.9,0.0191956976678645,4.714026747715174
291,2.91,0.11678214226749943,4.801615494993066
292,2.92,0.11637101716677767,4.436234440085618
293,2.93,0.039251463563623454,3.9016185892751736
294,2.94,0.10440336452241329,4.520023933474066
295,2.95,0.020798292286526104,4.5685853433273
296,2.96,-0.09570758740671942,4.341985018999167
297,2.97,-0.006398809169571085,4.4355613620077525
298,2.98,0.15724578541474712,4.483307746503539
299,2.99,0.10180120197388096,4.483916647630231
300,3.0,0.10678579636726246,4.7048889067060164
301,3.0100000000000002,-0.09133785008176493,4.315625887870073
302,3.02,0.22865929111290778,4.420235371410325
303,3.0300000000000002,-0.05378618903324442,4.262861240622652
304,3.04,-0.04647257703457297,4.299533167560465
305,3.0500000000000003,0.15067376655791515,4.1237489763778346
306,3.06,-0.12998289335277852,4.160117439138009
307,3.0700000000000003,-0.03342050685781229,4.5311599533697855
308,3.08,-0.10334506137083876,4.211119295919293
309,3.09,0.08375728027800894,4.191852125535183
310,3.1,-0.08150677901082265,3.9932436008448757
311,3.11,-0.003122199283503973,3.8829032432779753
312,3.12,0.047389468090263676,3.9842163668024657
313,3.13,0.21825413218097658,4.082514624057903
314,3.14,-0.011950094658567091,4.594917799198399
315,3.15,0.011918947438008594,3.8394568107589
316,3.16,0.0586013399413648,4.431883201952866
317,3.17,-0.11067173061771826,4.387975200821182
318,3.18,0.14074287920841685,4.408758921659472
319,3.19,0.10855005598957843,4.045270144778659
320,3.2,0.03677595472005484,3.935929881555913
321,3.21,-0.07140378687709582,3.967265878817959
322,3.22,-0.03259851637691316,4.222482830865786
323,3.23,0.06342919620465302,4.066012598830931
324,3.24,0.00898156146770646,4.458789942403828
325,3.25,0.04976990938970066,3.812568925344184
326,3.2600000000000002,0.0525390513567211,4.305579236490862
327,3.27,-0.06170897887342238,3.904273197294961
328,3.2800000000000002,-0.08632538270148753,4.174394191294443
329,3.29,-0.050700023133916895,4.175299888440867
330,3.3000000000000003,0.12741470812937325,4.158728088559849
331,3.31,0.07959605542375489,4.099731600542343
332,3.3200000000000003,-0.00045222944690770893,4.019634482329336
333,3.33,0.06398276305412623,3.738949196009806
334,3.34,-0.09575151733470562,4.109432677371136
335,3.35,-0.0639001021205302,3.8495035394636554
336,3.36,-0.015944574507995985,3.845740378849953
337,3.37,0.015334527911770993,4.116424229715271
338,3.38,0.03572047835909984,3.8134902639180615
339,3.39,-0.0764586879123105,3.9922181418066676
340,3.4,-0.15010642545848454,3.7262785301186234
341,3.41,0.1504505167319443,3.8523605699486554
342,3.42,-0.08404604927256454,3.8651168758586034
343,3.43,0.03247180968774569,3.8791839655929574
344,3.44,-0.04097840255464118,3.963516100131543
345,3.45,-0.02690521522131037,3.970201632066272
346,3.46,0.009828627359684795,3.9309645528033457
347,3.47,-0.023093695835885858,4.236970451085892
348,3.48,0.0816179175685661,3.506253617645941
349,3.49,0.17644836552241072,4.040136128953853
350,3.5,0.23841948280929628,3.5616336196029494
351,3.5100000000000002,0.05431006972145645,3.703904124126166
352,3.52,-0.01014259760350567,3.9040836179885066
353,3.5300000000000002,0.0773385545598309,3.8733730854334425
354,3.54,-0.013042534476572857,3.70009496166844
355,3.5500000000000003,0.2416034539773948,3.771481643126868
356,3.56,0.09031105147141492,3.6829682516342954
357,3.5700000000000003,0.10256622610693752,3.406011789482964
358,3.58,-0.04564448280606594,3.911647514249066
359,3.59,0.022492477882393495,3.558853729085797
360,3.6,-0.04174737973988668,3.7879553480475603
361,3.61,-0.020822386139508715,4.0272095231102565
362,3.62,-0.09228673040409814,3.818675321978089
363,3.63,-0.07693396978810783,3.666238109218275
364,3.64,-0.03169914409205328,3.71397187817636
365,3.65,0.11826813091317491,3.1812701799385756
366,3.66,-0.007660592229004273,3.6242961909707816
367,3.67,-0.002411767170088874,3.6963150764548063
368,3.68,0.035542796269412126,3.3366376264940003
369,3.69,0.017263224941700062,3.613211093436837
370,3.7,-0.09298229964869066,3.6979527074775045
371,3.71,-0.012954423741967694,3.4569633476787462
372,3.72,0.05371170692829202,3.613013916484221
373,3.73,0.07832092549258576,3.5460224338290924
374,3.74,-0.09827652619097209,3.4011937802106056
375,3.75,-0.001965611326876171,3.1494506202096457
376,3.7600000000000002,-0.14169134013546267,2.9777313451360135
377,3.77,0.029173015248363084,3.6251067058756967
378,3.7800000000000002,0.04848865083721675,3.7603791741227632
379,3.79,-0.024820064878229752,3.3706735154765037
380,3.8000000000000003,0.04142808410697592,3.5542558037855705
381,3.81,-0.006034006905402036,3.3540014246218863
382,3.8200000000000003,0.07844704114595016,3.5054905957273554
383,3.83,-0.018982704605826316,3.4544113280643107
384,3.84,-0.02405865224385399,3.726943263172344
385,3.85,0.029299059520979602,3.427217126902394
386,3.86,-0.11914252348304827,3.364806605687978
387,3.87,-0.028539319462560282,3.392960001354899
388,3.88,-0.041889281481000705,3.3901669332538704
389,3.89,0.05367777991962137,3.2419097143190676
390,3.9,0.08713372676869838,3.3568682624328585
391,3.91,0.028362670820808393,3.3088839272332295
392,3.92,0.016445296133417144,3.979394941318959
393,3.93,0.07096725913554393,3.2445911489920216
394,3.94,-0.008542873558255757,3.1323016461006334
395,3.95,-0.08571457302140639,3.234028294934229
396,3.96,0.045729768522407344,3.6094406322845223
397,3.97,0.20448591150793777,3.1889350393090217
398,3.98,-0.008054391017204201,3.4261525518694285
399,3.99,-0.03295658719905586,3.191670636983366
400,4.0,0.0740844475537818,3.313625454843846
401,4.01,0.030340953922207217,3.391642535546941
402,4.0200000000000005,0.14664401081208428,3.060903995309933
403,4.03,-0.018290856054949435,3.3044396705380885
404,4.04,0.018701756697629395,3.615917246019767
405,4.05,0.07890895908120267,3.4992454281042624
406,4.0600000000000005,-0.05181771214014569,3.361948240985189
407,4.07,-0.10731737758911802,3.38462594365816
408,4.08,-0.04309398849817347,3.5287974118860523
409,4.09,-0.03080081671941415,2.968067529708304
410,4.1,0.08116803592946538,3.2639400139901165
411,4.11,-0.02260408350690363,3.248848883294654
412,4.12,-0.10434075861682039,3.3193853488467466
413,4.13,0.06638417960816487,3.3749212782048144
414,4.14,0.00858485128089803,3.200718923875489
415,4.15,0.049656383206371155,3.400849764522964
416,4.16,0.0690494319886473,3.1235687110449937
417,4.17,-0.07577453285230656,3.3208022290887653
418,4.18,0.01120733083825995,3.098453049116517
419,4.19,0.17682804011834677,3.566193353086649
420,4.2,0.0737658834973525,2.881547758944602
421,4.21,0.13540458445226353,2.9107629347728636
422,4.22,-0.1109963923135037,3.504170076242771
423,4.23,-0.002844481980379343,3.1465450524107474
424,4.24,-0.10883135511010157,3.324231021357378
425,4.25,-0.05417333927416089,3.132636782140949
426,4.26,-0.02407917577124319,3.1154025590751133
427,4.2700000000000005,0.12436782011747892,3.1747517712567896
428,4.28,-0.009150956591143934,3.15539901671629
429,4.29,-0.009847468291441362,3.1361843761868378
430,4.3,-0.0574075159453533,3.0243747635444405
431,4.3100000000000005,-0.01596992672319608,3.1635642106400295
432,4.32,0.09215975744809468,3.32881892141951
433,4.33,0.031665230127272244,3.2363278878410595
434,4.34,0.05840458523451357,2.7987322824836065
435,4.3500000000000005,-0.0006637901539062394,3.230331990924513
436,4.36,0.09140036491466266,3.254406356696333
437,4.37,0.062384871450790955,3.125440159238748
438,4.38,-0.03575828486208455,2.8775811354326795
439,4.39,0.06741301120687655,2.8718443057729024
440,4.4,-0.10102024378784717,2.8281399652087367
441,4.41,-0.00370121244401753,3.2232908889588914
442,4.42,0.15748638549409202,3.092902496276194
443,4.43,0.1742003805076992,2.663445945758945
444,4.44,-0.1427320427818687,2.947753320639429
445,4.45,-0.003641215912111896,2.793632414157787
446,4.46,-0.03909870826295403,3.183601930454908
447,4.47,-0.03611440364869853,3.047742825624041
448,4.48,0.05517963393272273,3.0508045952441845
449,4.49,0.020015979629326143,2.9166069416267657
450,4.5,0.05277089215880094,3.012939712776613
451,4.51,0.19461416991700575,2.8941186473933693
452,4.5200000000000005,0.04012641322045609,2.8292767518622886
453,4.53,-0.12434894440872214,3.206510179772652
454,4.54,-0.04377793690624265,3.0328971852135016
455,4.55,0.07080629446764058,3.2617341262738777
456,4.5600000000000005,-0.06291947357509291,2.7497261410884892
457,4.57,0.21470716306519713,3.0010231920129744
458,4.58,0.11838651385624241,2.9708029377652
459,4.59,0.11518318201255187,2.941844231611069
460,4.6000000000000005,0.011862627014078638,3.0044187769949575
461,4.61,0.043572841669588025,2.7796619905817903
462,4.62,0.1627978009284542,3.0035898444892406
463,4.63,-0.1330672993719537,2.918092751132608
464,4.64,0.19038700501707,2.813190195061996
465,4.65,0.02747083294969231,2.9952644079635458
466,4.66,0.08027732591908987,2.811371309585684
467,4.67,0.1019716733643585,2.7872445137256996
468,4.68,0.31592335770230784,2.683862744932051
469,4.69,0.0918330888478833,2.938956039443241
470,4.7,0.13720686911717583,2.852776891028091
471,4.71,0.08005738075116163,2.8047285528331596
472,4.72,0.005662755972072407,3.169084477805081
473,4.73,0.10785759993958073,2.898352868265206
474,4.74,0.10305613331895137,2.9445298510689097
475,4.75,-0.0028861471354556245,3.158729502245092
476,4.76,0.12175266334987549,2.6992667730827398
477,4.7700000000000005,-0.0065551729654990815,2.8676849087443226
478,4.78,-0.026969784436552333,2.946039542976924
479,4.79,0.061241698485332605,2.9935041534818385
480,4.8,-0.029201098229402145,2.528859174164581
481,4.8100000000000005,0.10144152242727969,2.5690078786254493
482,4.82,-0.029319139253913093,2.971045199443345
483,4.83,0.0465618695285304,2.8004779462264797
484,4.84,0.12212510474654353,2.9733336749086976
485,4.8500000000000005,-0.027984163868662384,2.7158491034189174
486,4.86,-0.0375207481948628,2.6439842626985253
487,4.87,0.08348314383384203,2.571271825180542
488,4.88,0.02741149138552523,3.064084868771085
489,4.89,0.20602196346043986,2.8318713578107544
490,4.9,-0.0028572939951484813,2.9738351046577423
491,4.91,0.018833386254585596,2.708894858409442
492,4.92,-0.08194322824381023,3.0742731294283465
493,4.93,0.025633655567152847,3.1805482774099745
494,4.94,-0.09363110009020993,3.3837447263449287
495,4.95,0.0025739844426026087,2.9078618452802836
496,4.96,0.020017918404619375,2.631547496661737
497,4.97,0.006081129384862223,2.4490195284121925
498,4.98,0.22214600673486104,2.901802308314143
499,4.99,-0.010145360380858247,2.953186803035323
500,5.0,0.10952142263148604,2.9393382110051416
501,5.01,0.12919164985518203,2.3961019204515486
502,5.0200000000000005,0.025178175635471436,2.832511785225146
503,5.03,0.19488727667436212,2.9390005645998984
504,5.04,0.02756125393863572,2.934324497310383
505,5.05,0.13254817453794449,2.893014042749661
506,5.0600000000000005,0.19226770173495006,2.5901002528174777
507,5.07,-0.03725382169365314,2.4254559448702624
508,5.08,0.024291359871499725,2.485619973018992
509,5.09,0.03579838962726626,2.793303511328577
510,5.1000000000000005,0.06181504213350935,2.730040363227863
511,5.11,0.009740436852450123,2.7829490367969214
512,5.12,0.13547778702395438,2.9686648978200125
513,5.13,0.20318203660742803,2.7929411138317612
514,5.14,0.10808459549431285,2.671773319107996
515,5.15,-0.03417041378261028,2.6840152722980317
516,5.16,0.0032497707177234075,2.9040329418551973
517,5.17,0.11661257220939601,2.9552628560301724
518,5.18,-0.02646065398592108,2.5978468876079783
519,5.19,-0.08590444046673226,2.973348600812183
520,5.2,0.1375460157060095,2.5592825945923297
521,5.21,0.03858879724615208,2.6547700627228457
522,5.22,-0.1524008089812585,2.646850893051566
523,5.23,0.06736532840261861,2.6053590802852113
524,5.24,-0.12726612335068363,2.602533978017642
525,5.25,-0.026262786473847055,2.233574620169135
526,5.26,0.15416232958137366,2.4472386844078633
527,5.2700000000000005,0.08294903648899507,2.3133817672358696
528,5.28,0.09035730413735032,2.6270799200401354
529,5.29,0.15786488289718498,2.6456601446363646
530,5.3,0.05494494776051043,2.6396350906598554
531,5.3100000000000005,0.10120020690758816,2.5658286142820863
532,5.32,0.09726412836478225,2.695523952150582
533,5.33,0.1143055362325758,2.6802060872795685
534,5.34,0.006379021180949296,2.8637202548664074
535,5.3500000000000005,0.15534395432426762,2.396619434664344
536,5.36,0.2617386316610258,2.75620669161295
537,5.37,0.09304679629227708,2.412462341399624
538,5.38,0.036859789366016214,2.338328794758544
539,5.39,0.12774968367890918,2.2625923912727792
540,5.4,-0.00564879471527413,2.899275977038387
541,5.41,-0.04196466185195842,2.5541279544142985
542,5.42,0.14597612590390774,2.7886546799324026
543,5.43,0.17257095967951885,2.6841011611935333
544,5.44,0.06973240779949127,2.5936517490571513
545,5.45,0.16703341797623422,2.614253007254549
546,5.46,0.05423938271341831,2.5577292351313106
547,5.47,-0.0410936230373805,2.4379181400436645
548,5.48,0.0830540162792235,2.2859856734596686
549,5.49,0.18395161595085813,2.6321850618594413
550,5.5,0.020102572062513743,2.419757527387371
551,5.51,0.21535428553130168,2.498797157031934
552,5.5200000000000005,0.20505069903504639,2.660024672596112
553,5.53,0.05995654001120187,2.179575927401465
554,5.54,0.1614742193796643,2.525593124936667
555,5.55,0.19152847997143646,2.724329703391452
556,5.5600000000000005,-0.04106733599235714,2.61214049290322
557,5.57,0.19720519012776738,2.513752374987382
558,5.58,-0.052566391519600936,2.563215482448047
559,5.59,0.1287445267713914,2.29281179524074
560,5.6000000000000005,0.14774803565653952,2.5828115044782463
561,5.61,0.06689451795190254,2.5919921535667165
562,5.62,-0.04136850068913875,2.122863745436066
563,5.63,0.15008580710294617,2.614334051747623
564,5.64,-0.02891589390505947,2.618927625854845
565,5.65,0.0022963650315348527,2.166378439665127
566,5.66,0.05028664524610589,2.477915558143077
567,5.67,0.1944613966861818,2.4393763285646433
568,5.68,0.10999997279281878,2.34413147697469
569,5.69,0.24135361638185665,2.711461552345459
570,5.7,-0.0015625329219450812,2.383360952250124
571,5.71,0.07672774247562898,2.846693806034393
572,5.72,0.24801953066885235,2.60852082613951
573,5.73,0.221068366757058,2.6762093883341826
574,5.74,0.13874224830195034,2.7793774626830743
575,5.75,0.21591230540275616,2.2935660945371854
576,5.76,0.2932552230687855,2.399572494172456
577,5.7700000000000005,0.16192592668209724,2.634377296612022
578,5.78,0.15765290055292053,2.449149584908338
579,5.79,0.14158440914890041,2.6533500500128464
580,5.8,0.15868594596459643,2.55949106557742
581,5.8100000000000005,0.3361897760359466,2.35110474891052
582,5.82,0.11910160528830002,2.64992785596588
583,5.83,0.23694733349610575,2.364573562752428
584,5.84,0.1974772497745519,2.4194685172987684
585,5.8500000000000005,0.1041476739164826,2.401165406020223
586,5.86,0.27103039686743513,2.5017518372806293
587,5.87,0.22399852162866565,2.6025297120901456
588,5.88,0.12933856853283787,2.2751834968233413
589,5.89,0.2629776756866672,2.4423953585021003
590,5.9,0.38974008386148273,2.8670767399879167
591,5.91,0.1457370969818488,2.660080558351641
592,5.92,0.309888984545052,2.2997725200424393
593,5.93,0.22387405359544954,2.532837728489062
594,5.94,0.12506221989807947,2.527735990292031
595,5.95,0.0359434778624379,2.457953360049348
596,5.96,0.40758726539761647,2.436537128002673
597,5.97,0.33795223405878805,2.8104792844738413
598,5.98,0.20199634080671924,2.677920202093353
599,5.99,0.2579333332404782,2.5382557306632862
600,6.0,0.2525925440213603,2.3838488222276415
601,6.01,0.14776289072665666,2.485285520744383
602,6.0200000000000005,0.48947441991353896,2.6546668873787946
603,6.03,0.27851097460436436,2.3111460453637154
604,6.04,0.3336014393574457,2.382394371075161
605,6.05,0.14817599504592613,2.286682488466214
606,6.0600000000000005,0.29800720084021465,2.508484538571452
607,6.07,0.22044370452699932,2.706763587442889
608,6.08,0.21938705764726674,2.760947733621475
609,6.09,0.3445353538647903,2.5416707706929618
610,6.1000000000000005,0.47369444624006585,2.761820116904662
611,6.11,0.119198488438471,2.442307510609666
612,6.12,0.21841235188809677,2.8734861164169567
613,6.13,0.27041583317410134,2.3251614512063896
614,6.140000000000001,0.352200635457125,2.548503211303003
615,6.15,0.393609153124721,2.626376864931002
616,6.16,0.4474022597392856,2.419787071508921
617,6.17,0.5045505637867406,2.3817861248210352
618,6.18,0.30227668050984524,2.0570173641207585
619,6.19,0.2857252999463002,2.7229659159695805
620,6.2,0.4984474217771971,2.324294004971571
621,6.21,0.20598724356907988,2.3688313408050816
622,6.22,0.24578215042180165,2.169964554562415
623,6.23,0.24440066116920145,2.367060455771846
624,6.24,0.33122466340047446,2.391105345405065
625,6.25,0.40366291958223555,2.4846196459037975
626,6.26,0.39710692100554545,2.489840508748458
627,6.2700000000000005,0.2953040951777297,2.8696270070335954
628,6.28,0.3157866816771749,2.616896544873167
629,6.29,0.3747893993235236,2.675936765099675
630,6.3,0.384114890329285,2.3799512586990903
631,6.3100000000000005,0.3617627048579644,2.646085346457217
632,6.32,0.4809462642424003,2.690500425716959
633,6.33,0.45342225106882383,2.316490763396312
634,6.34,0.2913877643372125,2.378741947608299
635,6.3500000000000005,0.34247600811261386,2.502290077081936
636,6.36,0.399848170572095,2.1834952791362707
637,6.37,0.5194806198040619,2.4457500116249364
638,6.38,0.42440494977557597,2.6784970929482514
639,6.390000000000001,0.4787858720344104,2.42392900821831
640,6.4,0.4930346593470689,2.940746715328406
641,6.41,0.6046218258658602,2.523346513232142
642,6.42,0.5051552518215889,2.4685621995067817
643,6.43,0.6710461647201719,2.850620116898744
644,6.44,0.5339481090939657,2.3272306868108035
645,6.45,0.5947361744653592,2.5711146650585763
646,6.46,0.48190004781095974,2.4770093596156393
647,6.47,0.6243341656393132,2.1139697866512215
648,6.48,0.5089209072983713,2.438405358411419
649,6.49,0.5948949676057439,2.708823003119361
650,6.5,0.41065575336561344,2.5693224166151682
651,6.51,0.708078655363056,2.505689856639752
652,6.5200000000000005,0.8074577238602447,3.0590623396875616
653,6.53,0.7047337248487763,2.819991292918103
654,6.54,0.6537797527381555,2.6464246356676173
655,6.55,0.714401345107651,2.5057124738276095
656,6.5600000000000005,0.6445796176673749,2.5641858151216215
657,6.57,0.6593767409482694,2.8929480193321684
658,6.58,0.6779945494174804,2.502834351768836
659,6.59,0.560618082953894,2.4813864755111625
660,6.6000000000000005,0.6907247979804615,2.466437674627584
661,6.61,0.6789174262853622,2.560288432921878
662,6.62,0.7192006833392889,2.454074980235732
663,6.63,0.7535272452868674,2.6600612040574716
664,6.640000000000001,0.8634214334304671,2.708654091706846
665,6.65,0.7526804784602541,2.2349293501894496
666,6.66,0.8062699508810345,2.9193837746876135
667,6.67,0.8905893258978059,2.932440072264365
668,6.68,0.85644321391197,2.672927722054146
669,6.69,0.7720352947314003,2.790522018588435
670,6.7,0.8576145921041467,2.6440470344048785
671,6.71,0.9566306396466314,2.9878065530587072
672,6.72,0.8586395776841355,2.801016861552163
673,6.73,0.8260741844684294,2.2675389835789166
674,6.74,0.8327637100167379,2.735113957493504
675,6.75,1.0333847874487359,2.9242994589265288
676,6.76,0.9506966125065217,2.920838579520289
677,6.7700000000000005,0.8514318580445696,2.9616369331279873
678,6.78,0.9660642808940866,2.9116936384601226
679,6.79,1.118932700407704,2.9423605175277716
680,6.8,0.983408831678978,2.424064893682028
681,6.8100000000000005,0.8433669222122033,3.128113955925101
682,6.82,0.9827719673286531,3.084255531656727
683,6.83,1.0539660033267304,3.068210369388138
684,6.84,0.8444410975818524,2.532403166290865
685,6.8500000000000005,1.0626548635841901,3.003166577870196
686,6.86,1.1220749433420956,2.468030003221914
687,6.87,1.0467740031865256,2.8381284156843867
688,6.88,0.9402999988203381,2.494626981937918
689,6.890000000000001,0.9413342352098211,2.9001133893321893
690,6.9,0.9322604228172076,3.08286664030595
691,6.91,1.124908240138171,2.770210549754216
692,6.92,1.2640815153444085,3.069303746727449
693,6.93,1.2938064332749577,2.8227162113753597
694,6.94,1.2505656644176888,2.8036206775949766
695,6.95,1.1880378839279835,2.9144011383659545
696,6.96,1.251478878883499,2.840560216506801
697,6.97,1.2089366383760642,2.776297655871257
698,6.98,1.2112274219673698,3.5603422003319327
699,6.99,1.1442383519915005,3.0694532527549176
700,7.0,1.392604497503748,2.8003386293794907
701,7.01,1.299473914096988,2.90112627846467
702,7.0200000000000005,1.4217493194427595,2.900600810962525
703,7.03,1.385470064377347,3.2407743329462475
704,7.04,1.4341854764616069,3.256775476416206
705,7.05,1.4044813167670276,3.3914134873628363
706,7.0600000000000005,1.525571828351288,3.1472968685132843
707,7.07,1.4223498730503277,3.2856099816029904
708,7.08,1.5616313964206676,2.944886541103514
709,7.09,1.602859310307728,2.871747711673451
710,7.1000000000000005,1.5903827367914112,3.1094435658391015
711,7.11,1.4651361176649211,2.9359067932751186
712,7.12,1.5636099296400507,3.0966421829064132
713,7.13,1.5309325840363357,3.1324202271406123
714,7.140000000000001,1.5440089038463125,3.19609065737114
715,7.15,1.6049321660241558,3.3084308253828905
716,7.16,1.5497518921482105,3.2298910011055986
717,7.17,1.5421019973338377,3.07652830717028
718,7.18,1.5726551126725292,3.2540283513220865
719,7.19,1.5659474932208803,3.121444163633612
720,7.2,1.733519154743627,3.405293477124324
721,7.21,1.5612098075903815,2.935450786166696
722,7.22,1.7348198334821099,3.4682020447263193
723,7.23,1.7924668808259265,3.5096924396058333
724,7.24,1.8360389252168887,3.0750431125411777
725,7.25,1.8324139439547782,2.895564432317315
726,7.26,1.8510812203543616,2.986045011181794
727,7.2700000000000005,1.6959415599458652,3.572630397306691
728,7.28,1.9448342849113112,3.50811198390189
729,7.29,1.9854335392419178,3.538053764512955
730,7.3,1.832806094901612,3.34640019882439
731,7.3100000000000005,1.8824016618767416,3.4096025209865606
732,7.32,1.7927584845569782,3.450028111711774
733,7.33,1.936375846351977,3.296267692201528
734,7.34,1.9328785283244823,3.226988734336987
735,7.3500000000000005,2.0487151497486003,3.416293768807333
736,7.36,2.0211864391829115,3.259649265409118
737,7.37,2.190281108115636,3.566337200820707
738,7.38,2.1124897156521207,3.501085384246512
739,7.390000000000001,1.8822111965754873,3.210416606072219
740,7.4,1.8820437139838377,3.311961008439376
741,7.41,2.0305110705068703,3.184826069289986
742,7.42,1.9600085553631241,3.367204127549619
743,7.43,2.12081582515771,3.3202416771377807
744,7.44,2.127177031118231,3.727319104855479
745,7.45,2.14001519624653,4.0062780863543095
746,7.46,2.1723824083057623,3.3552900704058954
747,7.47,2.0462676651956526,3.414837810603382
748,7.48,2.2435602928869307,3.416572064065516
749,7.49,2.2008221361696134,3.5154960437146507
750,7.5,2.230951344461328,3.6591698613113746
751,7.51,2.1648980383065752,4.028393435475473
752,7.5200000000000005,2.2435297267336733,3.408570833174292
753,7.53,2.0602861533333336,3.7949361915035857
754,7.54,2.5010817657619895,3.748349970041192
755,7.55,2.3673294407454475,3.769981012453528
756,7.5600000000000005,2.2657737729228424,3.6845991226321964
757,7.57,2.3088580433644985,3.725320809523481
758,7.58,2.44191109910023,3.7961529516276156
759,7.59,2.2976162061455954,3.888306761300896
760,7.6000000000000005,2.219996750293716,3.807778554391095
761,7.61,2.273031191727894,3.742136274515986
762,7.62,2.267305749682767,3.756490430278515
763,7.63,2.3441489964314295,4.160564919106559
764,7.640000000000001,2.398640799719059,3.591458260338099
765,7.65,2.5255868280504803,4.228771354370933
766,7.66,2.313687458788837,3.9895076817199637
767,7.67,2.5749474216900348,4.035519314097559
768,7.68,2.4360584933171956,3.9544820708464674
769,7.69,2.3556588360355963,4.0926596943444995
770,7.7,2.3789099850137676,4.112566102764167
771,7.71,2.4617345738857335,4.033333673414131
772,7.72,2.4797000115484646,4.294226085415241
773,7.73,2.572000014571401,4.233909446262407
774,7.74,2.469675876966636,3.8481239477244724
775,7.75,2.5806810255395187,4.041387837874863
776,7.76,2.421562468517168,3.8313704693238644
777,7.7700000000000005,2.5698779645726195,4.1418931173841695
778,7.78,2.6709448698104192,4.270842745925079
779,7.79,2.524134857492019,4.261335285169728
780,7.8,2.4559725634418106,3.550974232038344
781,7.8100000000000005,2.4498371628074773,3.86793462981937
782,7.82,2.5247901628290035,4.2778614941508515
783,7.83,2.5142436019683405,4.08058688733689
784,7.84,2.652430132717857,4.369583532820685
785,7.8500000000000005,2.6207913140950465,3.947864124498177
786,7.86,2.507578637814181,4.202817480610032
787,7.87,2.5836661549042383,4.620169298161245
788,7.88,2.4401774021582963,4.285740151821629
789,7.890000000000001,2.5914888628692077,4.203172744909156
790,7.9,2.6010867551101504,4.226943228461415
791,7.91,2.6214743355843946,4.1068981261437925
792,7.92,2.799918633786456,4.039838378174839
793,7.930000000000001,2.7085612900830682,4.554618812994193
794,7.94,2.5442973646715723,4.221247388051302
795,7.95,2.61852621920519,4.204947204559167
796,7.96,2.6095121268390753,4.6227018561286295
797,7.97,2.5095181046811597,4.661352955695748
798,7.98,2.5476382573610135,4.468210781492831
799,7.99,2.6646506884840417,4.311216237989389
800,8.0,2.5686337406973228,4.392420096056606
801,8.01,2.6439815395816852,4.560959092392748
802,8.02,2.6337708855849478,4.3927018004566305
803,8.03,2.7131455095501424,4.467114380267358
804,8.040000000000001,2.717496882374561,4.393512783561904
805,8.05,2.7670984817212023,4.444642508718812
806,8.06,2.667999450189797,4.154235494649907
807,8.07,2.6691726973552137,4.4285099837314945
808,8.08,2.4626820215131824,4.639317188016903
809,8.09,2.7305061501989685,4.3223396709220125
810,8.1,2.685851152299972,4.3234879345743105
811,8.11,2.6989973698196534,4.557252780181235
812,8.120000000000001,2.7032696158893925,4.82890137647637
813,8.13,2.624750616146902,4.578535608139567
814,8.14,2.632848182341904,4.625095735540169
815,8.15,2.700826563208848,4.827799759867044
816,8.16,2.650902516380574,4.677103344747774
817,8.17,2.6825670423505095,4.789338177661742
818,8.18,2.7553803183050536,4.698109718547082
819,8.19,2.7240153420159285,4.731691006643907
820,8.2,2.808112519664262,4.831765182218374
821,8.21,2.710750647416705,4.770584197885063
822,8.22,2.6839604576015503,4.910605647940162
823,8.23,2.8225854238011445,5.062806891739645
824,8.24,2.655823923570564,5.201357099960518
825,8.25,2.58299549157987,4.958844502464533
826,8.26,2.6589153136385146,5.56452579704481
827,8.27,2.6955032200145954,4.8239564107376385
828,8.28,2.6655579488839276,4.91757842400531
829,8.290000000000001,2.611464581975255,4.948241292500507
830,8.3,2.567813354952595,5.292727622384234
831,8.31,2.577457491548866,5.3831752397781525
832,8.32,2.6291597405467484,5.10614451478099
833,8.33,2.8038143600173493,5.4142021261618805
834,8.34,2.515325933785094,4.85677753289794
835,8.35,2.555519749283327,5.156104616577428
836,8.36,2.714305653308454,4.564822481224029
837,8.370000000000001,2.6643652783222342,4.775735849206201
838,8.38,2.730737948661798,5.337119099273395
839,8.39,2.548474398042319,5.169950531378892
840,8.4,2.646644727041342,4.986767780366939
841,8.41,2.777281330771305,5.135287012166788
842,8.42,2.640428438018076,5.346721303952733
843,8.43,2.8086974282822115,5.184312928958925
844,8.44,2.7408380702290085,5.2364319606999565
845,8.45,2.6959365598296228,5.423764737622994
846,8.46,2.652262209769857,5.299397212140212
847,8.47,2.792835109878859,5.636063752995152
848,8.48,2.590017967005632,5.545107186000066
849,8.49,2.739464323844304,5.255676109419219
850,8.5,2.74501423502311,5.593894332507935
851,8.51,2.5646978038737673,5.340471264712056
852,8.52,2.6480689965538655,5.106883828717992
853,8.53,2.702511793487487,5.509304938019403
854,8.540000000000001,2.7640348961942687,5.404428558325027
855,8.55,2.7518536171796613,5.449263171425617
856,8.56,2.7425505899702682,5.449358423307756
857,8.57,2.440624538212983,5.685175753779413
858,8.58,2.865505349515714,5.136276118749427
859,8.59,2.538041787523402,5.4124136873369135
860,8.6,2.627664959162187,5.179233287193745
861,8.61,2.449537358463002,5.475193745139546
862,8.620000000000001,2.70621338195728,5.511787347478704
863,8.63,2.5553464563865442,5.578925709869995
864,8.64,2.732878842051378,5.715232531253433
865,8.65,2.5567738512978058,5.536101495027977
866,8.66,2.5913433278545046,5.5065338995798765
867,8.67,2.501892046078983,5.854174580897258
868,8.68,2.510234123021483,5.4637688092950505
869,8.69,2.644198824308236,5.820100636673262
870,8.700000000000001,2.620098347138649,5.717813251023514
871,8.71,2.6419688944422206,5.91072001115023
872,8.72,2.409176613056697,5.619776849567338
873,8.73,2.622189874770902,6.122233782961441
874,8.74,2.60558884860959,5.833221962053835
875,8.75,2.5384364331179374,5.8323136877126105
876,8.76,2.5367767145836466,5.915792358807647
877,8.77,2.567444565869595,5.745454418566874
878,8.78,2.6015693702190608,5.615674083132357
879,8.790000000000001,2.564941194128079,6.037260311496056
880,8.8,2.6118901013577602,5.872781364768906
881,8.81,2.6204356957149697,6.235882745551315
882,8.82,2.54754788241953,5.906951629218869
883,8.83,2.4900618501787974,5.826792336231768
884,8.84,2.4681577913703276,5.676472778681087
885,8.85,2.614688942567433,6.0012112490124885
886,8.86,2.4990739566106113,5.606049553389399
887,8.870000000000001,2.4727829650756434,5.8600714298529715
888,8.88,2.571354738773405,6.091458318087947
889,8.89,2.651161344217723,5.785944422409346
890,8.9,2.4428831287753834,6.190053894869471
891,8.91,2.66756654061333,5.711589815356242
892,8.92,2.562697885209752,5.812218954586197
893,8.93,2.4213261760561653,5.980586808206811
894,8.94,2.3843182625279025,6.033556665184171
895,8.950000000000001,2.490097211178397,6.383140648797461
896,8.96,2.4136227399318275,5.962166538435476
897,8.97,2.4899199332089874,6.161305864979475
898,8.98,2.3643558076444022,6.364700500453192
899,8.99,2.4554456821057693,5.853439439755336
900,9.0,2.4145424835537472,6.463683618315631
901,9.01,2.462517880396343,6.030058021278206
902,9.02,2.444004250244731,5.947982903895935
903,9.03,2.317628737636874,5.851865711802635
904,9.040000000000001,2.2456743977911273,6.40339775440375
905,9.05,2.219158435414219,6.311219187997501
906,9.06,2.399604303153354,6.192605276921423
907,9.07,2.3968490231754074,6.55938083163346
908,9.08,2.4990744995640184,6.2568345728774215
909,9.09,2.396779763391023,6.500404966786765
910,9.1,2.4439432992175827,6.334559456353497
911,9.11,2.421261466011317,6.12648316566502
912,9.120000000000001,2.266574194309757,6.0519068205372095
913,9.13,2.3877413546882185,6.3164284400049
914,9.14,2.301792466290599,6.625465503905265
915,9.15,2.409925080806067,6.368788754504824
916,9.16,2.3856665289732546,6.650362940292967
917,9.17,2.355375134283921,6.1560596038256925
918,9.18,2.2934264208787383,6.46007771656526
919,9.19,2.3480979011180456,6.669643163924648
920,9.200000000000001,2.2521541802402876,6.478589777384518
921,9.21,2.2680051669324435,6.193781937633575
922,9.22,2.2701603798399477,6.51560106650165
923,9.23,2.2556270018473206,6.55918076700583
924,9.24,2.2215659436942823,6.467957332352548
925,9.25,2.2340421881471553,6.5877317390129715
926,9.26,2.3267628017960487,6.645083360525562
927,9.27,2.33824577425574,6.739069834358361
928,9.28,2.3649607420972303,6.820710714285371
929,9.290000000000001,2.3131060947759243,6.364833431799689
930,9.3,2.1582733806669765,6.529386889694478
931,9.31,2.213292864124434,6.513844138687295
932,9.32,2.122992618145059,6.557186259051491
933,9.33,2.371089341454955,6.78798753735441
934,9.34,2.2927954122984366,7.059917172190436
935,9.35,2.2156023154569398,6.873909063468141
936,9.36,2.2227574803125805,6.529396306478932
937,9.370000000000001,2.2823488557408074,6.515036768393582
938,9.38,2.0352054559219215,6.611759998634639
939,9.39,2.1649166777025193,6.632146762329712
940,9.4,2.235166845557314,6.709853551716575
941,9.41,2.0812365046021237,6.775198223372747
942,9.42,2.24340017267319,6.379614956603966
943,9.43,2.296221875240139,6.890554831118197
944,9.44,2.1218447650427823,6.690802224697752
945,9.450000000000001,2.218415238946449,6.887400757427349
946,9.46,2.0416199398089554,7.037116795333328
947,9.47,2.1722083821838516,6.79768983405729
948,9.48,2.0863673598939543,6.995526639628904
949,9.49,2.054423918895751,6.692397020810138
950,9.5,2.148663350168013,6.841185228621182
951,9.51,2.0572706001187093,7.086175760926357
952,9.52,2.269899627437806,6.85745780093407
953,9.53,1.8945150488766396,6.9033331614281925
954,9.540000000000001,1.9265813143084538,6.854104001016914
955,9.55,2.166297958857637,7.1417573328506325
956,9.56,2.096418886459098,7.190974509718719
957,9.57,2.0946091847901798,7.397546711909029
958,9.58,2.101254369571442,6.657220067535591
959,9.59,2.022921222169708,6.962294988599259
960,9.6,2.0046221201564145,6.826880582415785
961,9.61,1.9412537132158627,6.879915941466433
962,9.620000000000001,2.029166477297442,6.8975261980208815
963,9.63,2.045395373217357,6.879843229127213
964,9.64,1.92955542390758,7.056814594735187
965,9.65,1.9184609040608045,6.9475590767685205
966,9.66,2.1183630192848124,7.221140351475206
967,9.67,2.006580448847102,7.043567033431281
968,9.68,2.0084425416758913,7.188256855587064
969,9.69,1.969630078434415,7.37404163008696
970,9.700000000000001,1.9837313246103587,7.079009364698112
971,9.71,1.8792706372116166,6.907929085564433
972,9.72,2.0076644249688433,6.928121340300693
973,9.73,1.7446078440538597,6.782754741794953
974,9.74,2.1517545221822716,7.281611289060627
975,9.75,2.0225816683960387,6.884098575108981
976,9.76,1.9119299741729643,7.305871151470671
977,9.77,1.9174037741598857,6.969851604908283
978,9.78,1.9267328646861748,7.332510383949819
979,9.790000000000001,1.8574005141747123,7.071159393628586
980,9.8,1.916449049328483,7.258062977232664
981,9.81,1.8275272986704931,7.5079883312624585
982,9.82,1.9937794079401054,7.4223916215902435
983,9.83,1.8716587360710282,7.263839599083887
984,9.84,1.8593417722376184,7.275986308091073
985,9.85,1.8705228548694153,7.035544984916829
986,9.86,1.8127713269909695,6.960264205675467
987,9.870000000000001,1.8550309869338726,7.546586014466697
988,9.88,1.9329098556575441,7.249427590787723
989,9.89,1.8909898580313163,6.8658573802137814
990,9.9,1.896651344221291,7.251223264630725
991,9.91,1.8882790724803833,7.12257141166266
992,9.92,1.983366571249858,7.496396636096858
993,9.93,1.8132848350704471,7.3366568003219506
994,9.94,2.033840071422533,7.215780390830558
995,9.950000000000001,1.7259811599827153,7.429711464821332
996,9.96,1.8087878847975123,6.80090672882527
997,9.97,1.862246527245582,7.501346206062544
998,9.98,1.6895807125221183,7.466652350079199
999,9.99,1.7861889111586307,7.343848315107171
1000,10.0,1.9428057317933312,7.524430373973584
1001,10.01,1.891176343669923,6.966918385537472
1002,10.02,1.780921083628694,7.317026264810409
1003,10.03,1.7041216562351773,7.312536976781808
1004,10.040000000000001,1.791499547154539,7.376573943763543
1005,10.05,1.8554722347761805,7.269094162111384
1006,10.06,1.765926222343951,7.21354370655131
1007,10.07,1.768407950452345,7.182038496025869
1008,10.08,1.6677700389388324,7.241921018721802
1009,10.09,1.5543871721722688,7.3977021067742745
1010,10.1,1.7076131728259818,7.023953548337547
1011,10.11,1.746614589338486,7.292161533803676
1012,10.120000000000001,1.746215148246948,7.4579525502363415
1013,10.13,1.7335677171453978,7.392077273577449
1014,10.14,1.6054407630456498,7.1254655974676195
1015,10.15,1.6106671174147078,7.305760569572947
1016,10.16,1.7083322536544028,7.328737688679672
1017,10.17,1.6522798942550307,7.375487914723968
1018,10.18,1.6679164845361332,7.4734040563902155
1019,10.19,1.688729767113751,7.643504399261526
1020,10.200000000000001,1.818999245170538,7.661935627462739
1021,10.21,1.6483526798232573,7.596043799694821
1022,10.22,1.665557781692522,7.494172064468028
1023,10.23,1.5459948252506144,7.251441672796145
1024,10.24,1.5432142843004661,7.614360018564558
1025,10.25,1.5909064212477009,7.587902005245655
1026,10.26,1.573986438765236,7.5230810552833605
1027,10.27,1.4739986384165515,7.288211003920237
1028,10.28,1.6168294374346703,7.556255626896181
1029,10.290000000000001,1.4917381370312839,7.4323175617248225
1030,10.3,1.5460650477707956,7.893572442222957
1031,10.31,1.506515238702249,7.539814940434862
1032,10.32,1.4745317019714117,7.485423740513826
1033,10.33,1.548656790766803,7.1521650401723065
1034,10.34,1.6763002228408033,7.745257518620589
1035,10.35,1.442261487975565,7.387811434297594
1036,10.36,1.5164639847646015,7.652798583466712
1037,10.370000000000001,1.6999392864419633,7.384357373472063
1038,10.38,1.5251522362316932,7.109206762691853
1039,10.39,1.3597071885444239,7.517058841407092
1040,10.4,1.5900242019516815,7.115181339215343
1041,10.41,1.4244434908626207,7.4561596850781315
1042,10.42,1.4099602073427386,7.535364732469292
1043,10.43,1.6147667485501636,7.339163145586729
1044,10.44,1.4123260291104494,7.616997257946031
1045,10.450000000000001,1.3786227853083541,7.157835730954583
1046,10.46,1.5990716931293918,7.566599143774373
1047,10.47,1.4239206955787722,7.470897727151175
1048,10.48,1.374334334715654,7.779811681918312
1049,10.49,1.2876745109487233,7.748462745262107
1050,10.5,1.3879767215690755,7.860380450667162
1051,10.51,1.4028950374926836,7.7756507211617585
1052,10.52,1.3180136406072702,7.571310975300892
1053,10.53,1.307699828465271,7.69985978056969
1054,10.540000000000001,1.2945078881387762,7.675094207081596
1055,10.55,1.4727754086434417,7.5506581900211875
1056,10.56,1.41829710959558,7.404074030068413
1057,10.57,1.45113422810803,7.568388381413143
1058,10.58,1.3502595862076991,7.386312816927949
1059,10.59,1.213532611322821,7.548955526156504
1060,10.6,1.387155649307311,7.271782502499882
1061,10.61,1.3198389123862486,7.164576192750873
1062,10.620000000000001,1.291105267072725,7.38156079504103
1063,10.63,1.3689699904208716,7.278812202553314
1064,10.64,1.3526766222997235,7.535150167093954
1065,10.65,1.2152181342593933,7.574466018409012
1066,10.66,1.4972517056129504,7.664408002128403
1067,10.67,1.2658750258070124,7.37731677794038
1068,10.68,1.350952110745951,7.383307697383248
1069,10.69,1.3685558261920783,7.342404305410303
1070,10.700000000000001,1.423199835788117,7.540122312343216
1071,10.71,1.2310162758086456,7.791149117796883
1072,10.72,1.3029221816798322,7.8807367997711
1073,10.73,1.1550705185585477,7.712680632394009
1074,10.74,1.17555623047309,7.080351851399937
1075,10.75,1.183297794676136,7.377229616375845
1076,10.76,1.1995840568431202,7.307264893767742
1077,10.77,1.2821338150473616,7.345376226936304
1078,10.78,1.2680996026784754,7.70161691694126
1079,10.790000000000001,1.290123840329472,7.697834932737291
1080,10.8,1.1950990811965423,7.293851311164373
1081,10.81,1.177222055928804,7.3755031990312085
1082,10.82,1.1487370020964642,7.629883789890249
1083,10.83,1.1465837071486267,7.370183470596075
1084,10.84,1.2061321712506123,7.804256635734453
1085,10.85,1.3152674032471463,7.217250817073728
1086,10.86,1.1878479495213397,7.3830766993003
1087,10.870000000000001,1.108265629423525,7.301344513957547
1088,10.88,1.0783138723418242,7.609598944842887
1089,10.89,1.201853462303243,7.419171263095049
1090,10.9,1.2377380271620497,7.791972364603303
1091,10.91,1.1024947002279408,7.630565644353447
1092,10.92,0.959895194284287,7.53218451704405
1093,10.93,1.2900982103516143,7.366334030297711
1094,10.94,1.018827552412155,7.425599907265591
1095,10.950000000000001,1.0411956142416423,7.792962949210069
1096,10.96,1.1578859887068211,7.630616974114529
1097,10.97,1.2331783818259923,7.386724436238023
1098,10.98,1.0914454717615107,7.133871338770883
1099,10.99,0.9279597429293422,7.54149706007407
1100,11.0,1.081815392539338,7.471029310254668
1101,11.01,1.005864770649596,7.62366287209026
1102,11.02,0.8808625506747583,7.441652788549057
1103,11.03,1.0330689311440593,7.50092840392678
1104,11.040000000000001,0.8739752702326311,7.576259244477909
1105,11.05,0.9358516021624138,7.491116749067182
1106,11.06,0.9387870297552857,7.2607584672303656
1107,11.07,1.0546427288569227,7.3036356897435315
1108,11.08,0.9737732298891625,7.23859111436285
1109,11.09,1.045600263602027,7.322392215576059
1110,11.1,0.9929398630638009,7.550051283712086
1111,11.11,0.9435602505041858,7.5927732052461945
1112,11.120000000000001,1.0534153659276946,7.10330640825361
1113,11.13,0.9237928835158639,7.470835008749047
1114,11.14,0.9626422431071768,7.324523564014553
1115,11.15,0.9462491775994741,7.413120226288069
1116,11.16,1.033094445324871,7.5066561624142105
1117,11.17,0.9899469073024361,7.417195761100514
1118,11.18,0.9877146818949137,7.209245776880031
1119,11.19,0.8969292849023971,6.861029918284864
1120,11.200000000000001,0.9726878759182938,7.263532375188632
1121,11.21,0.8279981420241329,7.235949336835387
1122,11.22,0.9196253558305081,7.51622917763277
1123,11.23,0.8221497177901546,7.034320653914817
1124,11.24,0.7447310278918925,7.587086064432025
1125,11.25,0.8124771698975944,7.184237577546282
1126,11.26,0.9099969778343723,7.625835480385779
1127,11.27,0.8949687169163087,7.528360994787831
1128,11.28,0.9120244714556622,7.4607993108970625
1129,11.290000000000001,0.8862180606543985,7.363538052657568
1130,11.3,0.8394239045790165,7.074572025298942
1131,11.31,0.7799793145749028,7.080763419697174
1132,11.32,0.8165297892593619,7.268689616223576
1133,11.33,0.8360488551004656,7.0694663054917015
1134,11.34,0.8524874039250068,6.897977974550688
1135,11.35,0.9526986445112424,7.405710592934915
1136,11.36,0.7909480133160461,7.099375202644328
1137,11.370000000000001,0.7265584438335124,7.043477719215755
1138,11.38,0.7628389568240348,6.950160097857887
1139,11.39,0.831129921141702,7.0312979250064815
1140,11.4,0.7100224626787054,6.987872966581357
1141,11.41,0.887709112306673,7.285477965778503
1142,11.42,0.6347015254133074,7.153573295044498
1143,11.43,0.8505837840374797,7.145555631420413
1144,11.44,0.7273112174061394,7.198550908185522
1145,11.450000000000001,0.7449012395729516,7.481152125327539
1146,11.46,0.676047634869594,7.251298399885982
1147,11.47,0.6960208527193958,7.162930712975161
1148,11.48,0.7540824533303281,7.371521984991698
1149,11.49,0.8225560601279684,7.1498068497236815
1150,11.5,0.7517776061994877,6.830023683248234
1151,11.51,0.784262542234399,7.132761459501659
1152,11.52,0.4902707101940713,7.004171978045222
1153,11.53,0.7222117128836951,7.090856681225904
1154,11.540000000000001,0.7093783656978369,7.036011045790103
1155,11.55,0.8472496602605837,7.003090832964272
1156,11.56,0.6242540785962377,7.129630406089567
1157,11.57,0.510140532811011,6.820929151132822
1158,11.58,0.7615583798178112,6.784347030381229
1159,11.59,0.6370242733967316,6.818204857048541
1160,11.6,0.5643670792479631,6.876067878210759
1161,11.61,0.5628672496332197,7.29036591408064
1162,11.620000000000001,0.5891231571855782,6.683439461617315
1163,11.63,0.8075888047525281,7.3070263189564155
1164,11.64,0.5414487019994146,6.953871783634724
1165,11.65,0.5069756776697276,6.791870233826615
1166,11.66,0.52647603780969,6.987822380371744
1167,11.67,0.7277723103902372,6.792439662301231
1168,11.68,0.4461056828581407,6.947175522082994
1169,11.69,0.6403229651594414,6.718327928661654
1170,11.700000000000001,0.5269494527683003,6.659211518401931
1171,11.71,0.6340645133914329,6.9304542490705225
1172,11.72,0.6756755582668008,6.955186180881088
1173,11.73,0.5221852921337206,6.721291284925635
1174,11.74,0.5345737038569619,7.019548423754579
1175,11.75,0.5391852242278061,6.802176869855695
1176,11.76,0.5887312190499855,6.854459348619032
1177,11.77,0.6343531464338051,6.788624264584753
1178,11.78,0.568121167156729,6.78360947306173
1179,11.790000000000001,0.47426564415783257,6.799633299793696
1180,11.8,0.497064120220029,7.113923849148215
1181,11.81,0.5404511263278544,6.697837239844528
1182,11.82,0.4989427519214329,7.185778568688029
1183,11.83,0.4110828176413476,6.756692800583139
1184,11.84,0.4010873501614085,6.6560006700925545
1185,11.85,0.4461237379345599,7.004254659095469
1186,11.86,0.5625902926918737,7.027969771730065
1187,11.870000000000001,0.5365950496942258,6.755838753876553
1188,11.88,0.3156217840984424,6.572591654736689
1189,11.89,0.49215712198592093,6.937446992012333
1190,11.9,0.4609083963276777,6.624853602438799
1191,11.91,0.3242922390075518,6.699644495610023
1192,11.92,0.431973404412467,6.504315000837253
1193,11.93,0.3928832564620873,6.695281982639902
1194,11.94,0.3745280466978654,6.348799663860353
1195,11.950000000000001,0.4496850264505001,6.636030958780066
1196,11.96,0.48422673801657845,6.614018779349309
1197,11.97,0.4183476783891341,7.032591836203394
1198,11.98,0.3203475583354014,6.745596678811103
1199,11.99,0.48406075840511237,6.44001022725949
1200,12.0,0.45870136217262547,6.65703681947353
1201,12.01,0.46648747676595553,6.91458516865485
1202,12.02,0.5771188704769177,6.33571730402326
1203,12.030000000000001,0.47247758990312244,6.770860273939251
1204,12.040000000000001,0.26401076620542185,6.448282983151191
1205,12.05,0.2718491242294056,6.580325218214957
1206,12.06,0.35079604900584094,6.741910818373379
1207,12.07,0.4648546061865618,7.330091726515809
1208,12.08,0.5033581951063537,6.471520251750266
1209,12.09,0.4100379092700571,6.374722365800282
1210,12.1,0.2733937675889956,6.362676357786106
1211,12.11,0.33637674214622687,6.824287021791687
1212,12.120000000000001,0.36663704865292934,6.5403661264463056
1213,12.13,0.1633318231255424,6.454097820404295
1214,12.14,0.5610013682946277,6.441589823168478
1215,12.15,0.3640112827376769,6.3398824321633365
1216,12.16,0.37368228186413055,6.48118071306456
1217,12.17,0.4901803944772759,6.560006325815545
1218,12.18,0.421667346984997,6.245067164400881
1219,12.19,0.4434547812312604,6.776788786932131
1220,12.200000000000001,0.403035111327717,6.032196778703046
1221,12.21,0.29194866810516185,6.106029480365382
1222,12.22,0.20615222939846325,6.3303143868402
1223,12.23,0.2969676056905822,6.173826646471806
1224,12.24,0.345702354219718,6.370161610478946
1225,12.25,0.29042163749631,6.365092104887759
1226,12.26,0.2804636371268011,6.286394275492201
1227,12.27,0.33723592149273085,6.292708528950302
1228,12.280000000000001,0.34088872377853413,6.252340243271091
1229,12.290000000000001,0.4909662969028651,6.160915702612136
1230,12.3,0.4236308177419401,6.31440122910972
1231,12.31,0.3220625559132686,6.185146202362095
1232,12.32,0.3335083077933953,6.23017467870882
1233,12.33,0.47928095563850104,6.103012252845282
1234,12.34,0.21074751893211635,6.0639950672265055
1235,12.35,0.36042663211712545,6.274388014733488
1236,12.36,0.2797373566776735,5.923954406991253
1237,12.370000000000001,0.379764467517517,6.023542613975106
1238,12.38,0.49324740034921843,6.297769370207643
1239,12.39,0.2975878674103541,6.110597131218935
1240,12.4,0.2813674921745938,5.841873641470932
1241,12.41,0.30661038426352316,5.946921390047556
1242,12.42,0.09578297565683233,5.917573188007437
1243,12.43,0.2488752013751086,6.038223682293758
1244,12.44,0.2664916114617597,5.964041602070645
1245,12.450000000000001,0.3575671675423033,6.258343642115225
1246,12.46,0.26862182925606437,6.0008936290850015
1247,12.47,0.23563991934296524,6.002404705646549
1248,12.48,0.22502836378382116,6.389755491127686
1249,12.49,0.2374156940464082,5.743095887827126
1250,12.5,0.08420527457937815,5.721952790687568
1251,12.51,0.29785400909062676,6.135349308819797
1252,12.52,0.33287496092096475,5.842177287526074
1253,12.530000000000001,0.16956755986735045,6.024388364266998
1254,12.540000000000001,0.07346740740245747,5.457038653815125
1255,12.55,0.1862654251736796,5.983915365453987
1256,12.56,0.27420594221343597,5.441466531637264
1257,12.57,0.2597926703290314,5.4992941949432605
1258,12.58,0.08949934038149457,5.641903936646468
1259,12.59,0.23966421334920546,6.067671663646485
1260,12.6,0.08620009563568007,5.552648687691753
1261,12.61,0.15529715368858382,5.808903553108744
1262,12.620000000000001,0.05448777381314493,5.5585416165124055
1263,12.63,0.31251321649476727,6.223446448113002
1264,12.64,0.21023219597261794,5.6192726103534625
1265,12.65,0.3750664711115766,5.792824260700094
1266,12.66,0.1908396672921835,5.507241554786488
1267,12.67,0.15451529959880148,5.6060852241214425
1268,12.68,0.19054824426355754,5.935296905270339
1269,12.69,0.19413330014729868,5.53867773695773
1270,12.700000000000001,0.2732485183077128,5.487455725069828
1271,12.71,0.09020944999809723,5.704140786497857
1272,12.72,0.16301383366444414,5.311098983101332
1273,12.73,0.17878583353707536,5.500060721566314
1274,12.74,0.19501367903192846,5.621814926120997
1275,12.75,0.3560169833422977,5.52169803717884
1276,12.76,0.28290148906672075,5.603586151371978
1277,12.77,0.26345988914290475,6.029277017304869
1278,12.780000000000001,0.15270479995636818,5.439706127446895
1279,12.790000000000001,0.09513777548317925,5.57947674449738
1280,12.8,0.22099794154018884,5.596215732622292
1281,12.81,0.1376511917320891,5.10229505989184
1282,12.82,0.32146534674436555,5.542693792731879
1283,12.83,0.22253775867650558,5.311489828106818
1284,12.84,0.3231366343205768,5.117433495019429
1285,12.85,0.2878147410249734,5.175440505100359
1286,12.86,0.22191155274987726,5.210720533482706
1287,12.870000000000001,-0.004518849576446632,5.626129789569365
1288,12.88,0.20566932297281654,5.348856568375424
1289,12.89,0.013692146575471131,5.054938266723217
1290,12.9,0.12780210620711496,5.279352763273771
1291,12.91,0.15979243780996283,5.422424710976558
1292,12.92,0.07303634847995179,5.278573676195749
1293,12.93,0.11492200402819835,5.4139277928793925
1294,12.94,0.21111625615292678,5.550455563148079
1295,12.950000000000001,0.20275896947003078,5.3780957158217975
1296,12.96,0.10141608957778339,5.331135850723414
1297,12.97,0.03750233027883318,5.227051393034809
1298,12.98,0.14642946520892242,4.8627889129671145
1299,12.99,0.0908583629485573,5.309732821326069
1300,13.0,0.08249714070889806,5.25474817075809
1301,13.01,0.1401048226507503,5.362336541839727
1302,13.02,0.09941572623786231,5.157668738715534
1303,13.030000000000001,0.3383722371056874,5.297146467839532
1304,13.040000000000001,0.2656859071860406,5.583724453318262
1305,13.05,0.1137847407393868,5.036491863475019
1306,13.06,0.1598216951611547,5.259523775902374
1307,13.07,0.03576756572357884,5.420841777063891
1308,13.08,0.26300236087063456,4.981803693900825
1309,13.09,0.046874037808193436,5.290057670686088
1310,13.1,0.07302466746849522,5.078722877325396
1311,13.11,0.11798407848728834,5.283679919364553
1312,13.120000000000001,0.24202300756155976,4.981793308028776
1313,13.13,0.08977353590068755,4.991029232207788
1314,13.14,0.1453065688986062,4.962255011781769
1315,13.15,0.15439563790188912,4.970397235488658
1316,13.16,0.2218355973555766,5.1687299528178565
1317,13.17,-0.010738263898744355,5.208353821323625
1318,13.18,0.23156888039502008,5.254432935251675
1319,13.19,0.041838875308405465,5.253068825695602
1320,13.200000000000001,0.04169090364727174,4.840703767392777
1321,13.21,0.2159468155163079,4.787165522686797
1322,13.22,0.040588084526799295,4.864448703022103
1323,13.23,0.21908621736970793,4.930766998320876
1324,13.24,-0.029580164741655368,5.08130742607856
1325,13.25,0.19302990156235234,5.15108210627248
1326,13.26,0.08581707040409312,5.13574938710076
1327,13.27,0.13988632260040368,5.090523989348497
1328,13.280000000000001,0.11178462594481772,5.036048389923479
1329,13.290000000000001,0.07709767809735157,4.803361962381304
1330,13.3,0.20151335855964164,4.744461313512306
1331,13.31,0.03481435755756031,5.0494143954576485
1332,13.32,0.13900642007145067,4.713515014652242
1333,13.33,-0.11531823604242722,5.185798359144294
1334,13.34,0.14067869852211376,4.8184146081979815
1335,13.35,0.05116649242389354,4.493113477538284
1336,13.36,0.01552021194125082,5.16141406841682
1337,13.370000000000001,0.19549489145714258,4.70856427513177
1338,13.38,0.1107785932122778,4.8842911815749455
1339,13.39,0.11833346760104094,4.8168832650529545
1340,13.4,0.14776738180610818,4.837757049979209
1341,13.41,0.10347313804603164,4.836932965434565
1342,13.42,0.1312565269605724,4.512654953696319
1343,13.43,0.20630226935705198,4.611981410729494
1344,13.44,0.12714357084474415,4.756207084120617
1345,13.450000000000001,0.06218305014765556,4.8233870831752546
1346,13.46,0.112361212777537,4.770249756620072
1347,13.47,0.15389131764508676,4.747883592466774
1348,13.48,0.19926857652707014,4.160854219899267
1349,13.49,0.13308445894966855,4.715827051528228
1350,13.5,0.09942938372935306,4.864629078382682
1351,13.51,0.04431852454855746,4.657046771530553
1352,13.52,0.20797592776112356,4.7659409010630975
1353,13.530000000000001,0.027361078463168834,4.574953268044375
1354,13.540000000000001,0.053222485323830615,4.7640304356454095
1355,13.55,0.06511118504659752,4.613549080607379
1356,13.56,0.21312421259006686,4.693419968187027
1357,13.57,0.18381285993750252,4.205311059950167
1358,13.58,0.2137784392927165,4.67493106646349
1359,13.59,0.04730205584202224,3.916975450239024
1360,13.6,0.12911422267080871,4.332177074577458
1361,13.61,0.053847528049999954,4.515824840394568
1362,13.620000000000001,0.1328897196761146,4.46576202734582
1363,13.63,-0.04871608424841101,4.759305941203891
1364,13.64,0.1060704840865347,4.446937373473317
1365,13.65,-0.008898572007412897,4.411337192132766
1366,13.66,0.22766178396584968,4.091512035236717
1367,13.67,0.10771524326689799,4.339756917616452
1368,13.68,0.11950975325849827,4.34020268317106
1369,13.69,0.07196234075316266,4.411776539923301
1370,13.700000000000001,-0.04664512366109444,4.763790300844768
1371,13.71,0.08036194118355186,4.6199420911008655
1372,13.72,0.07144996776385126,4.5438522233116
1373,13.73,0.0911765751138071,4.352301293498295
1374,13.74,0.18358717124159832,4.650989799132313
1375,13.75,-0.014120225491104116,4.290029303415794
1376,13.76,0.040850191878058106,4.514101976337117
1377,13.77,0.00038667637329670157,4.080852821776075
1378,13.780000000000001,0.14096683816144126,4.274396614165692
1379,13.790000000000001,0.310322932220373,4.09078279205497
1380,13.8,0.06621053757243388,4.262207699417079
1381,13.81,0.10413845862540373,4.693703997594697
1382,13.82,0.16185366713419325,4.200185182714287
1383,13.83,0.1726005149164207,4.090452205599242
1384,13.84,0.10203917489472553,4.330748874493854
1385,13.85,0.21084880779866488,4.15010851245482
1386,13.86,0.23813078582187186,4.288729381240592
1387,13.870000000000001,0.24444280511632993,4.279128228925213
1388,13.88,0.06459128344472584,4.655529668296932
1389,13.89,0.15299097046600216,4.345813608168129
1390,13.9,0.2254897838876347,3.9410462297026805
1391,13.91,0.10480663154404667,4.551746244249775
1392,13.92,0.22305663436249115,3.9721984499967316
1393,13.93,0.19696359438388722,4.556978749417215
1394,13.94,0.11866636159880123,3.9728387782993386
1395,13.950000000000001,0.20913228982901388,4.1855259760852235
1396,13.96,0.24740804147863016,4.235435184793473
1397,13.97,0.19058378467042647,4.473196104255296
1398,13.98,-0.052854305148149566,3.9845227672379506
1399,13.99,0.12622205211991722,4.167673857686661
1400,14.0,0.17673660829547763,4.373482577175924
1401,14.01,0.15977869703220735,4.375041028659751
1402,14.02,0.19133682791635434,4.250780586010994
1403,14.030000000000001,0.39866637628458773,3.941925352541353
1404,14.040000000000001,0.03790661683798538,4.223506585326988
1405,14.05,0.15721185934247212,4.212107157493934
1406,14.06,0.142378292861063,4.199646555218949
1407,14.07,0.20354867693732165,4.431124008197345
1408,14.08,0.12038571985150148,3.8816908756078443
1409,14.09,0.10300626133759558,4.140648796643669
1410,14.1,0.052422884671625966,4.487824118478303
1411,14.11,0.09134949520719103,4.256284846318536
1412,14.120000000000001,0.10982923574405692,3.8935691725826653
1413,14.13,0.07061879466763299,4.127700140756136
1414,14.14,0.10370727724499212,4.1807484522928435
1415,14.15,0.18909028135704356,4.260867684952807
1416,14.16,0.19714388788434245,4.179038123510972
1417,14.17,0.2175043500962518,4.061749725490057
1418,14.18,0.2584073840061634,4.276563244200305
1419,14.19,0.05059896547015724,3.868110425107876
1420,14.200000000000001,0.1530806598070162,3.793510323369303
1421,14.21,0.08321605815097274,3.9805528320930024
1422,14.22,0.16734068185750425,4.091371315050923
1423,14.23,0.24498857462033102,3.933407643399503
1424,14.24,0.07275789997744948,3.915615918826115
1425,14.25,0.15869886118457255,3.8232884125688513
1426,14.26,-0.04529941158661793,4.040701524158992
1427,14.27,0.14530309504004715,3.7885790577578367
1428,14.280000000000001,0.16709928470137353,3.9021770937937696
1429,14.290000000000001,0.23662017142881603,4.109743089672925
1430,14.3,0.11366742608389957,4.311402360290504
1431,14.31,0.24186860468987292,4.064276972471485
1432,14.32,0.07466186695004448,3.994749256435498
1433,14.33,0.20783052471905658,3.8128567097118724
1434,14.34,0.08019517505473092,4.055107573929332
1435,14.35,0.14174826869417667,3.6911313776795907
1436,14.36,0.022499947890443683,4.020255571194262
1437,14.370000000000001,-0.0026085318073006958,3.887692599115459
1438,14.38,0.1575006646637391,3.8932164063837282
1439,14.39,0.1608580029835443,4.059355833656937
1440,14.4,-0.09924819411609803,3.775061939488475
1441,14.41,0.07023293399290587,4.2881059752092625
1442,14.42,0.24030108135356976,3.580589960754556
1443,14.43,0.0309660121512184,3.882001004367061
1444,14.44,0.27963818486632835,3.9460640905062556
1445,14.450000000000001,0.07236521856858252,4.0442172371034015
1446,14.46,0.16291590181755045,3.4609136212803504
1447,14.47,0.29407845546895733,4.078774920656103
1448,14.48,0.23648765396977992,3.589258945590482
1449,14.49,0.2289647654133269,4.070633994958736
1450,14.5,0.13101551863432884,3.795838666163761
1451,14.51,0.19761749833775505,3.7685438261566793
1452,14.52,0.1997229670495247,3.912286353743427
1453,14.530000000000001,0.24156665172982097,3.841641749761921
1454,14.540000000000001,0.2154437412922968,3.655936763442136
1455,14.55,0.059358702815872647,3.903849269241924
1456,14.56,0.17338044096934752,4.174754019444172
1457,14.57,0.028792840256090746,3.6333828358706155
1458,14.58,0.21037524210859904,3.6240472836094684
1459,14.59,0.16336292778676242,3.4019077094245755
1460,14.6,0.2483303144050788,3.663467588321093
1461,14.61,0.2060546988410373,3.8969957666824437
1462,14.620000000000001,0.16707523387228504,3.5492026951789315
1463,14.63,0.2948981469201033,3.7637270223318677
1464,14.64,0.2063614266195634,4.227415431257487
1465,14.65,0.09946573087771776,3.9796105240607864
1466,14.66,0.23925490886496462,3.926756492702208
1467,14.67,0.03992809661340535,3.888712299499254
1468,14.68,0.05142610249376306,3.7799780316815452
1469,14.69,0.3831454301398851,3.952472984676827
1470,14.700000000000001,0.14608365428078174,3.597521117831111
1471,14.71,0.2400360005798729,3.720920867192563
1472,14.72,0.16543794046916685,4.013471211735783
1473,14.73,0.2630835776977884,4.148114892450518
1474,14.74,0.10158760209471328,3.481183385258656
1475,14.75,0.1700120749800251,3.9629745697984995
1476,14.76,0.2463280130031538,3.7766632141297114
1477,14.77,0.23174908806536182,3.701226683280441
1478,14.780000000000001,0.22962634341519156,3.5892253976164072
1479,14.790000000000001,0.25889596272743154,3.8017535874861963
1480,14.8,0.30763354824198175,3.7373190772845732
1481,14.81,0.38515220322883414,3.9320853730979044
1482,14.82,0.08526284064351763,3.652127892595942
1483,14.83,0.08741664784203458,3.7639549815246767
1484,14.84,0.23282490730739844,3.6964537273552187
1485,14.85,0.08031815215783192,3.3361883822738525
1486,14.86,0.19185568782434687,3.689887521303427
1487,14.870000000000001,0.3742069601169524,3.549065964438184
1488,14.88,0.25574520413832896,3.416052787351588
1489,14.89,0.311562091638359,3.7966057292362567
1490,14.9,0.3001948840922691,3.6743409699844887
1491,14.91,0.23816704724410057,3.7362819135458745
1492,14.92,0.2854719910406991,3.843741786129635
1493,14.93,0.22103606520550348,3.7093199915970785
1494,14.94,0.1097147858233018,3.3455390346206806
1495,14.950000000000001,0.1990652083962547,3.658267102439617
1496,14.96,0.11996425172058858,3.3873380387125698
1497,14.97,0.22893221647111395,3.329718755165325
1498,14.98,0.12232376903730686,3.8784403544021044
1499,14.99,0.2735905159347752,4.170583162225098
1500,15.0,0.26001303748552723,3.4584888894272194
1501,15.01,0.1687650969047213,3.7472622105293323
1502,15.02,0.22398743458780476,3.6602326792130273
1503,15.030000000000001,0.16183173756302896,3.605477578379859
1504,15.040000000000001,0.20607334994146484,3.697206351532167
1505,15.05,0.1903904630119802,3.6811349307768224
1506,15.06,0.09617085575085318,3.5395162978912413
1507,15.07,0.23406202300812917,3.398481532025428
1508,15.08,0.16844183626726147,3.5797835111573875
1509,15.09,0.3201813370351684,3.7313420711919805
1510,15.1,0.3099771385288069,3.368629366078231
1511,15.11,0.18565015794219145,3.6906001266386284
1512,15.120000000000001,0.35774842383766997,3.702536675847457
1513,15.13,0.25666688907457186,3.4659293707843952
1514,15.14,0.3063921647523424,3.7056169398008953
1515,15.15,0.158659777316229,3.5891101439643056
1516,15.16,0.12288224079292978,3.539310448033962
1517,15.17,0.31930937323172437,3.5254484553333607
1518,15.18,0.31645383711059766,3.326955650313016
1519,15.19,0.30677792669133946,3.716761234697495
1520,15.200000000000001,0.2687152094796063,3.7760018286035506
1521,15.21,0.25752369451608115,3.660158539815791
1522,15.22,0.31500396387312873,3.339507615042956
1523,15.23,0.3171615590139859,3.5133906135078714
1524,15.24,0.3579202387466331,3.442185328907466
1525,15.25,0.30092262746327536,3.5206697268009925
1526,15.26,0.13236786460200645,3.4011440459307254
1527,15.27,0.26633223266861217,3.599788820430829
1528,15.280000000000001,0.24946175089786515,3.308903384718894
1529,15.290000000000001,0.32409186940307094,3.5940750141972218
1530,15.3,0.4305098175320125,3.4936230971911586
1531,15.31,0.302380333564033,3.5339711265262475
1532,15.32,0.31102842845164624,3.647222775633414
1533,15.33,0.26048782034375306,3.3893687088572473
1534,15.34,0.23454144951125533,4.069920212125017
1535,15.35,0.31220790706802015,3.2992846098237734
1536,15.36,0.21760838573511682,3.3553652665250198
1537,15.370000000000001,0.46186824485933187,3.7304487539142115
1538,15.38,0.39809964687007904,3.542483008567879
1539,15.39,0.35000823025119854,3.328225042373716
1540,15.4,0.34501815821620285,3.206858874952559
1541,15.41,0.23509472157586428,3.3764347944319253
1542,15.42,0.37744767623306297,3.4432255464200483
1543,15.43,0.27052974703388927,3.361069387416528
1544,15.44,0.26729939314355117,3.3070521235988224
1545,15.450000000000001,0.3217868363693643,3.5367583011193098
1546,15.46,0.16399836826044287,3.3254896761286528
1547,15.47,0.36198287232181514,3.4322387177697853
1548,15.48,0.27421314385686635,3.6475081962964304
1549,15.49,0.412770844818205,3.301336700038415
1550,15.5,0.3502311860501362,3.2008332316924517
1551,15.51,0.3502726283202938,3.3970056102585167
1552,15.52,0.2498969468482548,3.4170694374119437
1553,15.530000000000001,0.39757146008483585,3.4546234734807206
1554,15.540000000000001,0.44038929917389835,3.49226581927578
1555,15.55,0.437477093349941,3.853887865258103
1556,15.56,0.41913791298770925,3.685838688074103
1557,15.57,0.5273121451229474,3.7561644145810558
1558,15.58,0.6477983096299171,3.552396140782455
1559,15.59,0.5520282122270809,3.4063092823618213
1560,15.6,0.3921171867592081,3.392688991441506
1561,15.610000000000001,0.4845702846929295,3.85009416694387
1562,15.620000000000001,0.26679914168294794,3.713789425029277
1563,15.63,0.3359646849708606,3.31870371848168
1564,15.64,0.4121330705835432,3.569716601815898
1565,15.65,0.5068422179148999,3.830627370254915
1566,15.66,0.5204292588775625,3.64548875155332
1567,15.67,0.2533948512405505,3.6801148191156345
1568,15.68,0.5050440604547225,3.5916820027314906
1569,15.69,0.44603068874368934,3.978980424726651
1570,15.700000000000001,0.5757786312628798,3.7142053635794237
1571,15.71,0.5109676536365633,3.4034219261715437
1572,15.72,0.5150428501205648,3.4908866497898807
1573,15.73,0.410783437995745,3.338971371720037
1574,15.74,0.4030258740758153,3.5511948099083868
1575,15.75,0.44587867427077477,3.408505534503249
1576,15.76,0.5356609961696368,3.4953347421503715
1577,15.77,0.6366374542321409,3.422235987476063
1578,15.780000000000001,0.41948405673358125,3.941067048501762
1579,15.790000000000001,0.4028211064431713,3.471603959877332
1580,15.8,0.6617905295642529,3.677865642498449
1581,15.81,0.5546234066430085,3.696222223500018
1582,15.82,0.4200526216919579,3.4772479835390495
1583,15.83,0.49726547861964787,3.8928466795297902
1584,15.84,0.5465032843773806,3.9088128557108797
1585,15.85,0.4735957148292342,3.3304109766438215
1586,15.860000000000001,0.5767384040295394,3.4842705687528186
1587,15.870000000000001,0.5669794997555372,3.8139257520371457
1588,15.88,0.5925664453086184,3.270820083744983
1589,15.89,0.4876542615066434,3.377758686765068
1590,15.9,0.5790896408003419,3.5426552092586605
1591,15.91,0.6185989040506947,3.873814564029004
1592,15.92,0.5263967495745098,3.232419805571269
1593,15.93,0.6187159783242545,4.187271070329784
1594,15.94,0.6814763969289104,3.41948467025076
1595,15.950000000000001,0.6071797272665332,3.4119886395865637
1596,15.96,0.5404641226650612,3.4578378257819056
1597,15.97,0.6741219232724693,3.5676903040930963
1598,15.98,0.6643054506292355,3.832735496984147
1599,15.99,0.6601220016902416,3.793185992457738
1600,16.0,0.5902354091840206,3.723317091934403
1601,16.01,0.6642563635418925,3.7424429842311793
1602,16.02,0.6873748895356775,3.6802674010743748
1603,16.03,0.8386351816435067,4.010875568693721
1604,16.04,0.6126247916584941,3.588343375365405
1605,16.05,0.8074599165740514,3.667495788190951
1606,16.06,0.7773629747119873,3.7203402463116797
1607,16.07,0.766868583053117,3.615995512273229
1608,16.080000000000002,0.6754455501861828,3.8715752703662565
1609,16.09,0.6005959952475538,3.7877474599909835
1610,16.1,0.7182613951368514,3.4104954329815818
1611,16.11,0.692649751097977,3.46134962527788
1612,16.12,0.791927146672013,3.5740702473204276
1613,16.13,0.8173684845904655,3.751979899537121
1614,16.14,0.6620944006027525,3.6431827155848198
1615,16.15,0.8805916984526388,3.8126148091255647
1616,16.16,0.7272743824065865,3.617533799155528
1617,16.17,0.8530528175944655,3.5307564198323798
1618,16.18,0.9023349205168654,3.6291547201410475
1619,16.19,0.823886621165761,3.7186964256856836
1620,16.2,0.9109049501969441,3.990007083729643
1621,16.21,0.5712676208926861,3.674083017001639
1622,16.22,0.7144158353578284,3.616985175952276
1623,16.23,0.7173250640980668,3.64980218859489
1624,16.240000000000002,0.9096746927557035,3.41215169558457
1625,16.25,0.9375840659129395,3.6299638401414276
1626,16.26,0.8789255756709924,3.69682684736492
1627,16.27,0.8471647756699763,3.7360025485623667
1628,16.28,0.9115520091546259,3.9431749106883243
1629,16.29,0.8900940603818539,3.6558318744702634
1630,16.3,0.897153225175199,3.402426073048161
1631,16.31,0.9469920759598678,3.9257713591830754
1632,16.32,0.7960631687939034,3.650771649818532
1633,16.330000000000002,0.8610947047057783,4.005474408566303
1634,16.34,0.9437659908361801,3.730822170033668
1635,16.35,0.9927566748017904,3.634241909962733
1636,16.36,0.8880185198858566,4.030731488186113
1637,16.37,0.9626455944514304,4.095675649785657
1638,16.38,0.9298531459837548,3.213992253377404
1639,16.39,1.0425948950784478,3.85188112078991
1640,16.4,0.9657031280077187,3.8049551264909414
1641,16.41,1.1712110438803884,3.974019942089061
1642,16.42,1.044233873637624,3.604971017843635
1643,16.43,1.0263593465297773,3.9412833761620645
1644,16.44,1.0294406569264098,3.7669519109178156
1645,16.45,1.0221557958165626,4.119151974390046
1646,16.46,1.0344219696074701,3.737865865890155
1647,16.47,1.0622892036179654,3.982770389006167
1648,16.48,1.00499346415066,3.97333524683401
1649,16.490000000000002,1.1557528915922766,4.278540624735407
1650,16.5,0.9118033606043051,3.942092465408951
1651,16.51,0.9957772195064979,3.6215165820006927
1652,16.52,1.1247692053428642,3.9261063214688563
1653,16.53,1.1147659856365193,3.8153452351999273
1654,16.54,1.0482680138541598,3.885421386493162
1655,16.55,1.1595554447017347,4.334029795810638
1656,16.56,1.1179909023049794,4.244655383701523
1657,16.57,1.2449480115128295,4.077764472307157
1658,16.580000000000002,1.1827538481273057,4.160970466174868
1659,16.59,1.2861271189039114,4.3819341608345965
1660,16.6,1.2111182995371468,3.8802961227645665
1661,16.61,1.1908996104157143,4.036257390752562
1662,16.62,1.355208743061109,4.179175274306104
1663,16.63,1.2714163908521852,3.9868836053513412
1664,16.64,1.1986428504297213,4.0550249363679525
1665,16.65,1.4410411062480357,4.223011007411227
1666,16.66,1.2063142765551196,4.129710225201468
1667,16.67,1.2844683657594107,4.040631247786399
1668,16.68,1.3700190621708108,4.2423411969188525
1669,16.69,1.185058494439692,3.9207181562257043
1670,16.7,1.1379605947439317,4.636131564999926
1671,16.71,1.2682560800575113,4.085474561763614
1672,16.72,1.3035888895599614,4.390309371449441
1673,16.73,1.391292141579499,4.346102479334911
1674,16.740000000000002,1.3434366241947129,4.14550293711441
1675,16.75,1.3127157844206103,4.079807511512294
1676,16.76,1.420479125613609,4.39166444067286
1677,16.77,1.4249404283418161,4.386087049650937
1678,16.78,1.4326431423562997,4.0510681793199375
1679,16.79,1.5079757520417425,3.949393262293806
1680,16.8,1.464881905544691,4.493525551061248
1681,16.81,1.4990850604348736,4.535233965540586
1682,16.82,1.2813501012851771,4.102647562251784
1683,16.830000000000002,1.6447829537553669,4.274076137286393
1684,16.84,1.668674036095023,3.976027099925921
1685,16.85,1.4730589810631314,4.067469509954691
1686,16.86,1.5780487169704223,4.32738543675356
1687,16.87,1.5182887555899471,4.481267520320806
1688,16.88,1.530330639778236,4.457647159333163
1689,16.89,1.5775140056765171,3.984163109788364
1690,16.9,1.5669473932743332,4.410481956279502
1691,16.91,1.745995469957807,4.361454432377731
1692,16.92,1.5855240087401343,4.410563536367706
1693,16.93,1.457149026904251,4.199525688230778
1694,16.94,1.5814573157177225,4.207962964711242
1695,16.95,1.5290713020815518,4.476135472761402
1696,16.96,1.691097074083054,4.6190066028450465
1697,16.97,1.7056359800837733,4.918383748374551
1698,16.98,1.8080379517727545,4.993003536914241
1699,16.990000000000002,1.7572042206273975,4.322767946502571
1700,17.0,1.8246822151598618,4.4837931844671495
1701,17.01,1.6249328345151408,4.429483379469569
1702,17.02,1.6235253788899437,4.677530932518176
1703,17.03,1.687196037540798,4.849761215680651
1704,17.04,1.6757730975349585,4.137687961858123
1705,17.05,1.624937771523138,4.519151838751637
1706,17.06,1.5727598311358457,4.287691344985132
1707,17.07,1.8166803135574816,4.540058797519841
1708,17.080000000000002,1.8218462666954405,4.889297196241918
1709,17.09,1.6937511150021867,4.893720168740855
1710,17.1,1.6793239986864072,4.757359375936854
1711,17.11,1.7766043449690692,4.742530510707226
1712,17.12,1.73673740835778,4.926175358838068
1713,17.13,1.7478378111019293,4.420474475817214
1714,17.14,1.8314675013993957,4.805750539934936
1715,17.150000000000002,1.7826200866503066,4.7174707894159305
1716,17.16,1.9042494839957205,4.761108270193788
1717,17.17,1.803313776902807,5.059007052220373
1718,17.18,1.8908753003722147,4.915617799518827
1719,17.19,1.8272012358780454,4.5367086516802075
1720,17.2,1.8739777011731302,4.694697356243266
1721,17.21,2.0147004036288263,5.150010721622995
1722,17.22,1.7309894962972439,4.786232223581906
1723,17.23,1.8654850037887176,4.7213670622292225
1724,17.240000000000002,1.8496893303232271,4.8168420406964625
1725,17.25,1.989216242761774,5.058250366685671
1726,17.26,1.8308052564710904,4.940474386504173
1727,17.27,1.9521889010526288,4.976124239345444
1728,17.28,1.9459833490163596,4.638112794739354
1729,17.29,1.9385345402045266,4.692101647471563
1730,17.3,1.9675548850147861,4.8859868686140056
1731,17.31,1.9728760347206098,5.061997770978427
1732,17.32,1.8505471529053714,5.069957769184732
1733,17.330000000000002,1.8820994392351538,4.87009376470508
1734,17.34,2.1156214546206793,4.740447225111151
1735,17.35,2.0952599590057344,5.26654672414551
1736,17.36,2.096667051197635,4.7569433298858925
1737,17.37,1.9298410397150252,4.953378296646017
1738,17.38,2.1616974983676163,5.042738208129437
1739,17.39,2.153613080603407,5.319921953628047
1740,17.400000000000002,1.7633822700436594,5.005223112054895
1741,17.41,2.0535008824675036,5.310233044121542
1742,17.42,2.0575087354019352,5.203305427544644
1743,17.43,1.9729705074706863,4.9552626248838925
1744,17.44,1.919171925809922,5.309865268702193
1745,17.45,1.9494841620113532,5.101109854474296
1746,17.46,2.1326864820646216,5.036066911989523
1747,17.47,2.094267623981382,5.235216928585736
1748,17.48,1.9409363398563102,5.070441968017965
1749,17.490000000000002,2.0260824808206985,5.003822034863627
1750,17.5,2.127856959418206,5.102178405507157
1751,17.51,1.9794157689939242,5.35900157358822
1752,17.52,2.2334508361966647,5.354873177910366
1753,17.53,2.0744082481231043,5.398708780600654
1754,17.54,1.9700904029456863,5.169170921158961
1755,17.55,1.9968299165615417,5.306500643666817
1756,17.56,1.9625519346879543,5.373087823779852
1757,17.57,2.1535890133684346,5.614752959221378
1758,17.580000000000002,2.0146295561789085,5.3771481874173
1759,17.59,2.142595422801209,5.279727473359676
1760,17.6,2.0629796601623687,5.29478898691745
1761,17.61,2.1357602591961826,5.451795359075091
1762,17.62,2.0502600170082292,5.151236095007802
1763,17.63,2.087625854839158,5.35929655943208
1764,17.64,2.1610456746363793,5.694632758554631
1765,17.650000000000002,2.1172324447610036,5.724929655499133
1766,17.66,2.2740349056172993,5.230415832293532
1767,17.67,2.174927065149573,5.523870668455076
1768,17.68,2.161188211991847,5.445509373808741
1769,17.69,2.084514194991514,5.95817791691693
1770,17.7,2.1575229523847717,5.462148489193792
1771,17.71,2.0842493850083628,5.45988638629611
1772,17.72,2.234860943319493,5.665276502081242
1773,17.73,2.1524294254588585,5.489623477101569
1774,17.740000000000002,2.2714567263693994,5.541234886470257
1775,17.75,2.110154749111604,5.453076959846024
1776,17.76,2.2026166166057166,5.729496107943022
1777,17.77,2.096740422342668,5.438465917931358
1778,17.78,2.276436444553693,5.720846409210591
1779,17.79,2.1213586506169375,5.600111163020683
1780,17.8,2.177804050979394,5.610287110253372
1781,17.81,2.2847594004734946,5.947206946145624
1782,17.82,2.1270599435053343,5.6884508212201705
1783,17.830000000000002,2.126415416725493,5.5184656821166485
1784,17.84,2.006113636851878,5.3628930382626026
1785,17.85,2.193205211383812,5.61490060355345
1786,17.86,2.1114947384531213,5.9422025157426335
1787,17.87,2.102847695314637,5.665619589093571
1788,17.88,2.126064047058983,5.948729373913404
1789,17.89,2.157014364598845,5.845884495416773
1790,17.900000000000002,2.013083122139947,5.825084704836164
1791,17.91,2.241699778261041,5.750588781824681
1792,17.92,2.143706206150553,5.663181760139963
1793,17.93,2.2093503245889283,5.38470682332322
1794,17.94,2.11948702412566,5.763016712630093
1795,17.95,2.1387127890556803,6.286632921541625
1796,17.96,2.177089182938222,6.172011600427413
1797,17.97,2.0575012954619822,5.750130463329981
1798,17.98,2.1874863474072463,5.549813586760225
1799,17.990000000000002,2.167755569614666,5.831431287886075
1800,18.0,2.2323023931344217,5.678971551401834
1801,18.01,2.26512872426425,6.09995793402286
1802,18.02,2.0667862135689234,5.898428900495917
1803,18.03,2.1127720642554038,6.084040794599703
1804,18.04,2.1349357796116886,6.361109361257314
1805,18.05,2.1806686410232032,6.313572590748776
1806,18.06,2.1601916910298886,6.170660250461484
1807,18.07,2.2271833873292946,5.971424015681522
1808,18.080000000000002,2.1013561582151725,5.669218114957632
1809,18.09,2.126394886671635,6.053886660118547
1810,18.1,2.063817353125312,6.209319609844975
1811,18.11,2.109318503885908,6.242095255899333
1812,18.12,2.0434107397772077,6.478253318108457
1813,18.13,2.310545317191011,5.843885778415253
1814,18.14,2.241695763825861,6.469826337499998
1815,18.150000000000002,2.1598689199340915,5.941667402273743
1816,18.16,2.1621135804309004,6.255017263888809
1817,18.17,2.152799376166316,6.303812353623194
1818,18.18,2.199070654299603,5.9521725308751865
1819,18.19,2.120110482596016,6.211013677704493
1820,18.2,2.3245109266910995,6.103756216513041
1821,18.21,2.255949093702613,6.398538117605145
1822,18.22,2.106813318789642,6.429999218402096
1823,18.23,2.1128551897743515,6.395505038989383
1824,18.240000000000002,2.175370164847994,6.3789141194356045
1825,18.25,2.259242114949259,6.3295175718289025
1826,18.26,2.1711599521062155,6.5359909290022316
1827,18.27,1.9955812122718928,6.4602875387007
1828,18.28,2.1324148875005955,6.531144367610449
1829,18.29,2.1039998823238526,6.445785658944164
1830,18.3,2.0887310028484385,6.3188582933603445
1831,18.31,2.0902913207556613,6.550574072872861
1832,18.32,2.0447881394238316,6.136678032099442
1833,18.330000000000002,2.088642356050072,6.511258932800256
1834,18.34,2.0651317651249363,6.121421763416867
1835,18.35,2.317923108001266,6.627626470159745
1836,18.36,1.8087585631092744,6.445482453888441
1837,18.37,2.079035345255438,6.92079747610835
1838,18.38,1.9923366168841137,6.590531643972936
1839,18.39,2.106109973809336,6.311478474556332
1840,18.400000000000002,1.9557629776242975,6.610753112894479
1841,18.41,2.222936475395389,6.241448667336371
1842,18.42,2.100797864437699,6.667631521730027
1843,18.43,1.9454099565882956,6.429064762243034
1844,18.44,1.9562260960250062,6.703180639317154
1845,18.45,1.9439828892677093,6.255567020925016
1846,18.46,1.976601034990034,6.631489570356712
1847,18.47,2.051518981509916,6.323194765831776
1848,18.48,1.9318939937351722,6.58062669636412
1849,18.490000000000002,1.9776346893875967,6.6944033258441555
1850,18.5,2.0061545357184434,6.553957813020065
1851,18.51,2.1511646239008613,6.530872119120618
1852,18.52,2.0107776726112827,6.564901879673333
1853,18.53,1.9909046088056555,6.565837899891762
1854,18.54,2.0342557924194025,6.669650920572261
1855,18.55,1.9936215236185602,6.5384135147701
1856,18.56,2.1333387792949132,6.486032538148076
1857,18.57,2.136331959199522,6.7359224275397915
1858,18.580000000000002,2.0099575783212034,6.611626945431991
1859,18.59,2.0290751562698577,6.602944093158946
1860,18.6,2.018739773889392,6.685121390608447
1861,18.61,1.9647237800745867,7.022479680653423
1862,18.62,1.8547486795889228,6.832524365736525
1863,18.63,2.055640524871081,6.631142786516746
1864,18.64,2.1168017853736445,6.739960056919649
1865,18.650000000000002,1.8531389370576283,6.696868341215576
1866,18.66,2.0584450627278503,6.86189336337244
1867,18.67,1.9204971489347136,6.031247964386198
1868,18.68,2.023344279926402,6.574931858567244
1869,18.69,2.058422826721038,6.978672216165851
1870,18.7,1.8734982736090682,6.706757283754278
1871,18.71,1.9830238037031633,6.660998814612637
1872,18.72,1.7345332407799199,7.161056146250013
1873,18.73,1.7961419082186223,6.732922193011566
1874,18.740000000000002,2.013949001241948,7.08942091744672
1875,18.75,2.0188417201163937,6.925198103788141
1876,18.76,1.970121476444899,7.2982368860959665
1877,18.77,2.0103575321799956,7.25431239266254
1878,18.78,1.795806234637777,6.7320362681699715
1879,18.79,2.0723617609602605,7.095665123142404
1880,18.8,1.8978456007377842,6.542886242155396
1881,18.81,1.7993161847617003,6.790145077176087
1882,18.82,1.697361818022808,6.931056815084189
1883,18.830000000000002,1.7869951329239142,6.7923511582816865
1884,18.84,1.735947880577323,7.035658510462987
1885,18.85,1.7440374129783558,7.031580829200205
1886,18.86,1.8178118445273084,6.920986267603767
1887,18.87,1.836182286348897,6.889044089214671
1888,18.88,1.8822578597046382,6.672695727611416
1889,18.89,1.8161046756313923,6.7696472445103275
1890,18.900000000000002,1.800039101671119,7.272335939177273
1891,18.91,1.7913405081153742,6.922113036885476
1892,18.92,1.7922696459113263,6.722314228686495
1893,18.93,1.8184249851543612,6.779485580696971
1894,18.94,1.6793393177720157,7.0540783845416595
1895,18.95,1.703753827578399,7.025417586492868
1896,18.96,1.8194493560774065,6.958528334038029
1897,18.97,1.735039580215993,6.929428859527209
1898,18.98,1.6770475798330144,6.764235813097032
1899,18.990000000000002,1.9435375906796764,7.212564521803964
1900,19.0,1.7882669469288461,7.0043169432126335
1901,19.01,1.6514135901433689,7.214935787587882
1902,19.02,1.859687537754566,7.195730633060644
1903,19.03,1.7848091391620693,7.145286201207077
1904,19.04,1.8243057686623911,7.111340642184255
1905,19.05,1.72096945420952,7.573675124813587
1906,19.06,1.7314788534737058,7.049837064483408
1907,19.07,1.6292187132246352,7.129037950168146
1908,19.080000000000002,1.7748211283455477,7.034973525353888
1909,19.09,1.712460669935561,6.912365903535652
1910,19.1,1.7811570127442222,7.09166656413773
1911,19.11,1.6991793301972247,7.04399244791653
1912,19.12,1.7962524172132381,7.486911425545295
1913,19.13,1.7449685888891757,7.35653633615844
1914,19.14,1.7540664841707672,7.13377195525737
1915,19.150000000000002,1.5645325143028204,7.2889691326842545
1916,19.16,1.7158143312828804,7.065608049949911
1917,19.17,1.718054935990773,7.478120781339289
1918,19.18,1.7726280149725864,7.505953715825777
1919,19.19,1.7190669409283974,7.389013958711839
1920,19.2,1.519101708766806,7.385199182937928
1921,19.21,1.6555388082551936,7.33205363559782
1922,19.22,1.634036852723133,7.308581791319004
1923,19.23,1.5446992327322322,7.266031910420882
1924,19.240000000000002,1.7894544613160392,7.190410644552109
1925,19.25,1.8706294354716606,6.708430709986963
1926,19.26,1.4527661515851205,7.443116070132524
1927,19.27,1.6144759685663381,7.446378756414732
1928,19.28,1.6880825731077715,7.5051398413485115
1929,19.29,1.4994041059609808,7.399953028902615
1930,19.3,1.5770344388611561,7.2567541899197
1931,19.31,1.7421831555315461,7.251254639779756
1932,19.32,1.5186885752484138,7.618283732106523
1933,19.330000000000002,1.7251881274084067,7.333689980243613
1934,19.34,1.4952669869524484,7.15369950263224
1935,19.35,1.4919755206228467,7.138104678904604
1936,19.36,1.562253490221116,7.154790301842189
1937,19.37,1.4225370856610375,7.12915504933163
1938,19.38,1.4187642784600996,7.305560320208883
1939,19.39,1.5054104346928543,7.203427980876522
1940,19.400000000000002,1.534776820306209,7.346184120300125
1941,19.41,1.4687690688512407,7.354184636275521
1942,19.42,1.5753091011635094,7.376011224532631
1943,19.43,1.4274533132610443,7.465341097016177
1944,19.44,1.6084021850807502,7.4972572594929145
1945,19.45,1.5878741397168405,7.7608802864499715
1946,19.46,1.4957490322915723,7.643054040302039
1947,19.47,1.4760829108230769,7.350345265066273
1948,19.48,1.3495179699880362,7.511729889014227
1949,19.490000000000002,1.3624429907510802,7.032638961969872
1950,19.5,1.41965784635582,7.652789360289257
1951,19.51,1.4847289755938902,7.630107514961423
1952,19.52,1.3593909838211453,7.344793345126135
1953,19.53,1.4796091371312892,7.203933648104115
1954,19.54,1.4775257606198808,7.4817661087806595
1955,19.55,1.3702943473822184,7.5928875479645574
1956,19.56,1.356038375852728,7.419344038315013
1957,19.57,1.3950263344370684,7.1569787465932775
1958,19.580000000000002,1.3937558511086612,7.275259499815683
1959,19.59,1.3396923671811578,7.449382780304065
1960,19.6,1.4258801868748716,7.406708223923836
1961,19.61,1.271706194053941,7.361569000587251
1962,19.62,1.3079383295039917,6.993262794766643
1963,19.63,1.355793179389892,7.539098369297963
1964,19.64,1.33794276002959,7.197302799053584
1965,19.650000000000002,1.5711545851996869,7.531902982232047
1966,19.66,1.3868261572667564,7.358157428496165
1967,19.67,1.2441398996369724,6.994022230551561
1968,19.68,1.3530919535567374,7.454472110826914
1969,19.69,1.4189691365894959,7.108426396278975
1970,19.7,1.335066958010225,7.102694235447231
1971,19.71,1.3598314462276146,7.366132769218935
1972,19.72,1.3789274255923742,7.053868070087761
1973,19.73,1.185666074602759,7.474316736709166
1974,19.740000000000002,1.2063337542910297,7.000638253699186
1975,19.75,1.23605473846102,7.408263499736411
1976,19.76,1.2534800899719933,7.596318045775797
1977,19.77,1.3817605132347548,7.267894932192305
1978,19.78,1.4007366737212439,7.139278364086484
1979,19.79,1.2988349390792617,7.778717085476876
1980,19.8,1.2709251144571,7.284597935406436
1981,19.81,1.2334255246804167,7.492683414889725
1982,19.82,1.225055638970341,7.665350020596246
1983,19.830000000000002,1.3731363065168896,7.611670815822802
1984,19.84,1.2375132369457222,7.281558673778995
1985,19.85,1.3714854619831416,7.5022690502802885
1986,19.86,1.1674993010348098,7.327671678992513
1987,19.87,1.2507841476171733,7.38460586936719
1988,19.88,1.27829624328345,7.354343036588256
1989,19.89,1.175737960822604,7.320927874688311
1990,19.900000000000002,1.141883696642756,7.246097327166462
1991,19.91,1.1532589910134414,7.266547260909521
1992,19.92,1.0641271692916616,7.363497339941602
1993,19.93,1.1813438924626354,7.537213513044989
1994,19.94,1.1392131882489012,7.416733186218061
1995,19.95,1.123110053041808,6.882323406425174
1996,19.96,1.1693811387921176,7.037486984077836
1997,19.97,1.2558428010051386,7.255626446397628
1998,19.98,1.0893009393551691,7.152460438054887
1999,19.990000000000002,1.2504578579357313,7.676062112962146
2000,20.0,1.2022158458471417,7.521624588781685
2001,20.01,1.0837936108498163,7.411783535046739
2002,20.02,1.1535375999489967,7.449990336551568
2003,20.03,1.074521521237484,7.423116925467562
2004,20.04,1.0337966994186405,7.537553691083511
2005,20.05,1.0873789643630192,7.0430029583247
2006,20.06,1.1262975787980722,7.137113818672597
2007,20.07,0.9453860632799915,7.407202384123407
2008,20.080000000000002,1.0010685354457767,7.634679388153847
2009,20.09,1.1145547859870313,7.675663125966942
2010,20.1,1.0027749180086454,7.835695869934445
2011,20.11,1.0353821644732923,7.335694962882869
2012,20.12,1.0516255850646834,7.162387431534055
2013,20.13,0.8372604946504286,7.590950466716886
2014,20.14,1.1028400259050941,7.084558061109934
2015,20.150000000000002,1.1026808757358777,7.010104995778557
2016,20.16,0.9162195782554287,7.355756323875379
2017,20.17,0.983144682162951,7.458570905701867
2018,20.18,1.032533187928298,7.324965449999663
2019,20.19,0.863549957737265,7.096856803094893
2020,20.2,1.0653949216687317,7.207169329357517
2021,20.21,1.0458800203150147,7.745155723264291
2022,20.22,0.9478213305992654,7.599383862070618
2023,20.23,1.0386363570715909,7.180094073111652
2024,20.240000000000002,0.7825511275704312,7.077152170821229
2025,20.25,0.9290748528718307,7.187441423358806
2026,20.26,1.0076676836828806,7.23771343930903
2027,20.27,0.9224223376599943,7.092871764972042
2028,20.28,1.0729966881194848,7.045303218070045
2029,20.29,0.9994841527408215,7.057768564739568
2030,20.3,1.050209323098556,7.150033091613331
2031,20.31,0.8826849844764343,7.734153084965383
2032,20.32,0.9429812577356458,7.0849677895656535
2033,20.330000000000002,0.9625610549420665,6.8588676287807235
2034,20.34,0.9082591284374614,7.3227856639658
2035,20.35,0.8706282463903204,7.483701468976896
2036,20.36,0.9080552105388487,7.109938911395126
2037,20.37,0.8943395145942716,7.461459050169618
2038,20.38,0.7112058379835591,7.272123634833041
2039,20.39,1.0759656651714835,6.959789440460896
2040,20.400000000000002,0.97702824929129,7.194410869699703
2041,20.41,0.7461342164802305,7.224265611764527
2042,20.42,0.7878887067935388,7.207170890100481
2043,20.43,0.8859331464287026,6.844442271904111
2044,20.44,0.732338683745662,6.995645064899387
2045,20.45,0.848434487187255,6.840351245132827
2046,20.46,0.8241663133553712,7.221366349348964
2047,20.47,0.8180908006723875,7.455985904775831
2048,20.48,0.9073910245577526,7.134479395149314
2049,20.490000000000002,0.8846126733145805,7.163559905641224
2050,20.5,0.8465220190784442,7.380327132792334
2051,20.51,0.83808589766657,7.189830940979657
2052,20.52,0.8227003507857553,7.147089356481122
2053,20.53,0.9107588452313423,6.997373344666804
2054,20.54,0.8104765407990033,7.374353634065736
2055,20.55,0.8519795683925238,7.138759865434771
2056,20.56,0.8448557084082977,7.338778469021818
2057,20.57,0.7340553844078453,7.626072891712546
2058,20.580000000000002,0.9225437882575266,7.2397080608396305
2059,20.59,0.8819514223401088,7.13529977289534
2060,20.6,0.8557912172670312,7.096409484237274
2061,20.61,0.7240984870361907,7.1413515760968975
2062,20.62,0.836991297375768,6.902117719633189
2063,20.63,0.8519231692850538,6.982936181720612
2064,20.64,0.7249311229191172,6.889085316090482
2065,20.650000000000002,0.7109634681253157,7.218551871000859
2066,20.66,0.880755140411808,7.288783292013533
2067,20.67,0.6389281705823419,7.038541546265525
2068,20.68,0.6207574567375265,7.129213513485376
2069,20.69,0.6847685107998333,6.783450013146119
2070,20.7,0.5852831668294426,6.792132795298265
2071,20.71,0.6214812287777075,6.90047638538197
2072,20.72,0.773016287459497,6.7660378225085065
2073,20.73,0.5658630376186136,7.081143610886176
2074,20.740000000000002,0.7781187593995007,7.05944286939049
2075,20.75,0.6378820207578372,6.917492347911645
2076,20.76,0.6436284618451681,6.729323510909221
2077,20.77,0.5259352289007528,7.147760574502717
2078,20.78,0.6578645133866212,7.063354664687831
2079,20.79,0.6784877583080584,6.644397825098779
2080,20.8,0.5867585651559453,6.954743302245569
2081,20.81,0.8253778333579008,6.780305202689057
2082,20.82,0.6277406118626593,7.255257702275058
2083,20.830000000000002,0.5427032937956222,6.928645293604606
2084,20.84,0.6633230609560694,6.998782541034061
2085,20.85,0.6576193276625037,7.112910061357211
2086,20.86,0.5510121580905816,6.9876775946232845
2087,20.87,0.579592518332794,6.8081266223426535
2088,20.88,0.5849392149290451,6.595981570583646
2089,20.89,0.738450704857989,6.922319160882127
2090,20.900000000000002,0.5883650919371295,6.88225063235003
2091,20.91,0.5512626657218309,6.944380623164636
2092,20.92,0.5417826443138155,6.994950344773879
2093,20.93,0.4856275015169158,6.61325353549215
2094,20.94,0.5446785761602488,6.724239618061511
2095,20.95,0.599989652541488,6.824243822064247
2096,20.96,0.5083339284805294,6.6473034960513555
2097,20.97,0.5195189319538721,6.485758920469857
2098,20.98,0.43743228236546217,6.476502408130642
2099,20.990000000000002,0.4028527525253805,6.596548735231342
2100,21.0,0.5085011772024851,6.870534668198514
2101,21.01,0.5218364685046382,6.785252301263525
2102,21.02,0.5277199733892439,6.63587840891501
2103,21.03,0.4497838636475789,6.720896167229534
2104,21.04,0.4834762697159733,6.701217408188324
2105,21.05,0.4909116109614394,6.797681402487439
2106,21.06,0.5507024223872743,6.4658671542665935
2107,21.07,0.34722812655490476,6.907302778805357
2108,21.080000000000002,0.5926829107225926,6.3837661238267405
2109,21.09,0.5937972692325219,6.730709343111992
2110,21.1,0.46765505014971753,6.824541302720052
2111,21.11,0.4651142244047638,6.5510574783335676
2112,21.12,0.4457977403231112,6.331836226242835
2113,21.13,0.4318472363972221,6.594076432604726
2114,21.14,0.41193839794623854,7.037858475469464
2115,21.150000000000002,0.31762596716421926,6.198472578618556
2116,21.16,0.46651055772796424,6.610886126742134
2117,21.17,0.39164878417348326,6.705964748583228
2118,21.18,0.48634402249475367,6.4701734484529085
2119,21.19,0.46317642932517816,6.2411980314242745
2120,21.2,0.32356413822417235,6.479860044866307
2121,21.21,0.3924538594139082,6.613650091526385
2122,21.22,0.29402227262505526,6.414230988567901
2123,21.23,0.4674635647361563,6.768909788271245
2124,21.240000000000002,0.3757460439001991,6.445795877176228
2125,21.25,0.3162689293248021,6.372547201082353
2126,21.26,0.18226839884320478,6.060801109477674
2127,21.27,0.2976803742580635,6.078661572841801
2128,21.28,0.18937499855654222,6.354038968734767
2129,21.29,0.39551670251916465,6.169275788017646
2130,21.3,0.2977531805512105,6.627226601159703
2131,21.31,0.37298836210874975,6.243314153789427
2132,21.32,0.5047883092220559,6.124565073027651
2133,21.330000000000002,0.34379350083193033,6.361255614540057
2134,21.34,0.39436973539942705,6.381966768574432
2135,21.35,0.4130318271035458,6.433884660346373
2136,21.36,0.36639444719122044,6.309244473288549
2137,21.37,0.3313382879990608,5.940569976121501
2138,21.38,0.2920165466214339,6.398761600780488
2139,21.39,0.391227344287956,6.274831899298375
2140,21.400000000000002,0.529591359479171,6.196363800774848
2141,21.41,0.30724998316863616,6.071570712472364
2142,21.42,0.36880900387332655,6.158720748526293
2143,21.43,0.29101951152787514,6.0418761917237145
2144,21.44,0.3433043392088771,6.215223797894113
2145,21.45,0.27749440636834294,6.216371952672668
2146,21.46,0.26438304441615357,6.115261051301044
2147,21.47,0.34020205519281865,6.421977247274635
2148,21.48,0.3834885768205028,6.1708327676892605
2149,21.490000000000002,0.2968362711979186,6.001660950385821
2150,21.5,0.11484196982146289,6.106260980053499
2151,21.51,0.5040187973940378,6.038669906895772
2152,21.52,0.2830746218796522,6.3155097503321675
2153,21.53,0.4407273823231448,5.660091259524318
2154,21.54,0.24179391147404433,6.153547312602829
2155,21.55,0.3389241973528814,6.158740409638201
2156,21.56,0.17303053041926214,5.925918548757363
2157,21.57,0.28687235000802536,5.911107335901439
2158,21.580000000000002,0.32147056744813474,5.587832555587275
2159,21.59,0.21833663604632203,6.003700527440332
2160,21.6,0.35630685687147784,6.007887449597869
2161,21.61,0.11664965969567154,5.72431329587818
2162,21.62,0.14141278953367556,5.65293806303967
2163,21.63,0.1845968584052463,5.826650969076644
2164,21.64,0.16000058773222622,5.915486346659583
2165,21.650000000000002,0.15369283327906463,5.675521233163564
2166,21.66,0.19586806177524685,5.605421438855876
2167,21.67,0.11835498906254396,5.919245886021516
2168,21.68,0.3489097424189164,5.655208313684393
2169,21.69,0.2311856905518268,5.740376364415687
2170,21.7,0.12643026515230393,5.873296421260037
2171,21.71,0.34705607269419014,5.562362575960806
2172,21.72,0.20872398785337826,5.839355039683822
2173,21.73,0.35054202372600063,6.160334632012023
2174,21.740000000000002,0.3630219068669482,5.6395325720285525
2175,21.75,0.19520439938225642,5.794603652909185
2176,21.76,0.3001277638851956,5.768674803261901
2177,21.77,0.15540776308604495,6.051770274564653
2178,21.78,0.321533564462839,5.8643167969369685
2179,21.79,0.20041211962642258,5.783924039759878
2180,21.8,0.3079069238946466,5.680720378914839
2181,21.81,0.17296228376167558,5.168070118670659
2182,21.82,0.1781794505025373,5.629115424639044
2183,21.830000000000002,0.3244268401826452,5.698359942144489
2184,21.84,0.20437290791122245,5.568827572040396
2185,21.85,0.15938634685232844,5.822398978243871
2186,21.86,0.23030614914598385,5.448650897956373
2187,21.87,0.09884732036254776,5.331270094441074
2188,21.88,0.2051236239172884,5.564255797246747
2189,21.89,0.208743894744754,5.804259032954869
2190,21.900000000000002,0.1642761950407444,5.751346361979902
2191,21.91,0.22260373938319242,5.358845482583428
2192,21.92,0.1748092629223239,5.781182906804834
2193,21.93,0.13904489913016171,5.691165355274732
2194,21.94,0.1595742976740998,5.305479896411704
2195,21.95,0.24340421840356583,5.543743450201214
2196,21.96,0.22058599953015698,5.496973378799691
2197,21.97,-0.04772115280991532,5.344991712528395
2198,21.98,0.047776345712960105,5.3332067587971235
2199,21.990000000000002,0.17712418518806908,5.066586123707039
2200,22.0,0.21646588062607056,5.382020406743129
2201,22.01,0.3113946210795945,5.089144975721454
2202,22.02,0.3154438507148961,5.491709861660151
2203,22.03,0.1507525283068908,5.331533010415902
2204,22.04,0.15872601377032808,5.124781863964763
2205,22.05,0.2945264305295506,5.552206111619847
2206,22.06,0.26805336011117625,5.559850816129025
2207,22.07,0.1802105681924568,5.326055972826613
2208,22.080000000000002,-0.009706449268214346,5.388099379951388
2209,22.09,0.05293695900325873,5.394859498203268
2210,22.1,0.2271005163992597,5.321482016510639
2211,22.11,0.43314760182007783,5.334111833924642
2212,22.12,0.2209789761233429,5.744304299978327
2213,22.13,0.36887056115022576,5.1263208389721076
2214,22.14,0.24774117367020143,4.990806946858303
2215,22.150000000000002,0.29780164797167225,5.21319455393158
2216,22.16,0.17883259158267006,5.198647355081383
2217,22.17,0.2725912095833761,5.083826372363957
2218,22.18,0.2173623272175085,5.23976203433078
2219,22.19,0.1717678062836638,5.3336790785974815
2220,22.2,0.23252261766110324,5.24114080713436
2221,22.21,0.18922254311837347,5.1322254861314605
2222,22.22,0.19953658708298866,5.1602046065532825
2223,22.23,0.10990427446602397,5.211439215844607
2224,22.240000000000002,0.08927131062791893,5.361976695360628
2225,22.25,0.27306362125947214,5.089410024118871
2226,22.26,0.010511398843125852,5.051126462372515
2227,22.27,0.1807748035091439,5.143295942897512
2228,22.28,0.10856297592018932,5.1430175635109014
2229,22.29,0.23774008406518793,5.059140511753207
2230,22.3,0.19798547327452964,4.935250085397054
2231,22.31,0.27064612731548104,5.0497138938287796
2232,22.32,0.36459730882901054,5.066138582910141
2233,22.330000000000002,0.18751396190807454,5.232799776095649
2234,22.34,0.060870246671279715,4.848621416956792
2235,22.35,0.1967627568719015,4.852683097592703
2236,22.36,0.21133347841979477,4.972406663569906
2237,22.37,0.3000539061391272,5.182737381143996
2238,22.38,0.17256539592080677,5.040129741179414
2239,22.39,0.05063488639865167,4.7950074090498
2240,22.400000000000002,0.17307810016348832,4.697861006909565
2241,22.41,0.03170099808740434,5.340252548667421
2242,22.42,0.07132597798404679,5.04549322986574
2243,22.43,0.027588538676896868,5.059178456673324
2244,22.44,0.09101255753887172,4.740439537663295
2245,22.45,0.16891181819310291,4.6316019355372955
2246,22.46,0.13716769494913522,4.802027948068921
2247,22.47,0.14456663475305812,4.61543683875415
2248,22.48,0.04800980611304925,4.898529868338465
2249,22.490000000000002,0.19990380963492327,4.716695573304817
2250,22.5,0.060996335723920464,4.770089303555726
2251,22.51,0.23698294756674,4.905539702441125
2252,22.52,0.22943245527218875,4.7614468023052625
2253,22.53,0.3326589974297332,4.659541878432699
2254,22.54,0.09548871418415546,4.829843579984928
2255,22.55,0.2100426432204282,4.860680552676448
2256,22.56,0.26792088323057467,4.694787408391026
2257,22.57,0.1682394016153229,4.832946779786175
2258,22.580000000000002,0.23091053982582652,4.586520110342617
2259,22.59,0.11535034656759058,4.745490040173131
2260,22.6,0.13407829362483353,4.5855755544240795
2261,22.61,0.2852242351699413,4.941131019901798
2262,22.62,0.08420931626341809,4.568378100231766
2263,22.63,0.1267284610708497,5.052349562790044
2264,22.64,0.1186996991923675,4.808049549528951
2265,22.650000000000002,0.1489066008544151,4.800701279819832
2266,22.66,0.08149112372440283,4.678662994579261
2267,22.67,0.1182377790316402,4.6620593626273905
2268,22.68,0.34876525541820264,4.922385165255956
2269,22.69,0.09216436368380154,4.8555942700273
2270,22.7,0.05059475157544266,5.014980449716821
2271,22.71,0.3075791068759215,4.9160778098289315
2272,22.72,0.04931422939064001,4.100926171147107
2273,22.73,0.17145691256322532,4.479295622081955
2274,22.740000000000002,-0.026322684945516595,4.972133783405994
2275,22.75,0.23525966791882608,4.562410741632943
2276,22.76,-0.04765673347109231,4.677487800100127
2277,22.77,0.16375879228899004,4.789420265563834
2278,22.78,0.19652846101124596,4.4813374559348365
2279,22.79,0.08505459577558205,4.358410840345268
2280,22.8,0.14656308328666146,4.704177483136627
2281,22.81,0.20867033355667228,4.466868035685069
2282,22.82,0.1740512555573084,4.453037334168442
2283,22.830000000000002,0.15907790072079497,4.148093684182023
2284,22.84,0.24746921291716753,4.269211185911954
2285,22.85,0.2889095834158556,4.653517984821168
2286,22.86,0.0432443327849331,4.44843354771797
2287,22.87,0.24502459953294586,4.416997967514904
2288,22.88,0.18452238956317438,4.53762302208832
2289,22.89,0.30040381235193814,4.42621520155686
2290,22.900000000000002,0.08026210588911413,4.331665393321356
2291,22.91,0.12556152437347917,4.2614015390247175
2292,22.92,0.07138066301621433,4.318892505917689
2293,22.93,0.031702889801621184,4.262711392652809
2294,22.94,0.07362004236732894,4.283090534965328
2295,22.95,0.02836174612609728,4.102345466500694
2296,22.96,0.07697413797202853,4.437674467102457
2297,22.97,0.24114412137657776,4.235768162893583
2298,22.98,0.23130837708758278,4.228020801185543
2299,22.990000000000002,0.11739821023226589,4.214276810683427
2300,23.0,0.19405490734314954,4.153987474322553
2301,23.01,0.25832132964183047,4.605569719987266
2302,23.02,0.2104183322123342,4.4148051098265135
2303,23.03,0.1156390780787301,3.72101335424608
2304,23.04,0.10747174112262073,4.741787129126928
2305,23.05,0.18006991060562033,4.070054457311293
2306,23.06,0.1716004397898383,4.155023208135887
2307,23.07,0.2617026261435867,4.55408178060017
2308,23.080000000000002,0.08191708606721083,4.19576472216434
2309,23.09,0.03446394256516638,4.4430967348588
2310,23.1,0.018520331656157962,4.356803092781873
2311,23.11,0.25186860227619,4.0943568656981855
2312,23.12,0.1177108637555272,4.21262915057782
2313,23.13,0.07794468037666283,4.139206061512279
2314,23.14,0.1077605203682868,4.006700271184412
2315,23.150000000000002,0.3179964105761671,4.430116969704704
2316,23.16,0.20278491363735368,4.26156316162351
2317,23.17,-0.018108117583440136,4.235547599924782
2318,23.18,0.10009065983742871,4.725143338356733
2319,23.19,0.15816234750297964,4.106873924798182
2320,23.2,0.16686321033269022,3.972916680922532
2321,23.21,0.017614697961319314,4.1704587642981625
2322,23.22,0.2393689560180374,4.068423071022477
2323,23.23,-0.03474178626633359,4.165219556689688
2324,23.240000000000002,0.06780317101771799,4.346939067353112
2325,23.25,0.044872811040183966,4.041807888122834
2326,23.26,0.21031495191678456,4.0261963776666985
2327,23.27,0.13480800249554042,4.441095211816255
2328,23.28,0.21460511307322566,4.254823914261621
2329,23.29,0.15294132370205807,4.141241591400464
2330,23.3,0.1702031314840656,4.287682771549801
2331,23.31,0.1522708660662428,3.8918173742208015
2332,23.32,0.24701988723111215,4.223322278007284
2333,23.330000000000002,0.0744433107422228,4.076671591264011
2334,23.34,0.2782216313081063,4.178109463592823
2335,23.35,0.13197214524087508,4.1513943141265415
2336,23.36,0.18368048909558332,4.138649504862154
2337,23.37,0.16731368340765118,4.111617390636453
2338,23.38,0.07970252545425019,4.160983506696075
2339,23.39,0.1810749343984316,4.4495298145340865
2340,23.400000000000002,0.10299892269039022,4.292694950857486
2341,23.41,0.339744612835393,4.22895761422962
2342,23.42,0.2008208699559062,3.777138681575559
2343,23.43,0.18581940695782356,3.7317280272588365
2344,23.44,0.04176362170559403,3.859294591671504
2345,23.45,0.19621964728763203,4.028000856995069
2346,23.46,0.1858162639872267,4.254448354604507
2347,23.47,0.30987642560391343,4.24123279592946
2348,23.48,0.06675066898416217,4.294325834611303
2349,23.490000000000002,0.12084008067873683,4.0666453620388365
2350,23.5,0.1712280637414798,4.1629611215669
2351,23.51,0.20036778571547348,4.099480792939621
2352,23.52,0.028791807217628917,4.352155243409775
2353,23.53,-0.010255695051235858,4.164220092855461
2354,23.54,0.18475874709993295,3.631175540425962
2355,23.55,0.22600769176282956,4.024693572259624
2356,23.56,0.11432066498297352,3.865579768624386
2357,23.57,0.19470205961581608,3.6540955022387345
2358,23.580000000000002,0.17125140389987098,3.827505559623682
2359,23.59,0.2816769322440965,3.8057151910394253
2360,23.6,0.04961669896885934,3.753230191301629
2361,23.61,0.16054461586489405,3.666001515501521
2362,23.62,0.07253180810379435,4.1794942300459725
2363,23.63,0.16112246245623513,4.161867785384975
2364,23.64,0.2591984660941705,3.9311632133086913
2365,23.650000000000002,0.0018370045316842554,3.880537061155229
2366,23.66,0.13331392603019496,3.8765225407544985
2367,23.67,0.14687655621867868,3.634906232800816
2368,23.68,0.1759573410948694,3.9279759430250385
2369,23.69,0.13009480829296033,3.8103747225717814
2370,23.7,0.16294824053453613,3.693546342033226
2371,23.71,0.3754817839731757,3.8310197182531116
2372,23.72,0.18800991156492086,3.6014772512202495
2373,23.73,0.32146760899236304,3.7597709419729477
2374,23.740000000000002,0.258369579725805,4.085052976110995
2375,23.75,0.1393063474693974,3.5384417352448736
2376,23.76,0.26148805445122913,3.814503740370613
2377,23.77,0.2563540515839943,3.946406133866117
2378,23.78,0.11725766342619223,3.811674245158014
2379,23.79,0.20417425669953268,3.8476565461943344
2380,23.8,0.22696349544500655,3.5704649030597024
2381,23.81,0.20818823156803568,3.6777936016528114
2382,23.82,0.1694334348765347,3.7210004717017333
2383,23.830000000000002,0.2901674790985579,3.981962397351317
2384,23.84,0.3112503913011998,3.8027353373662267
2385,23.85,0.26701545942591887,4.036073513260531
2386,23.86,0.13613597313865927,3.736038307115429
2387,23.87,0.24656637830575187,3.457563613917077
2388,23.88,0.34902824745408056,3.7073659250346895
2389,23.89,0.2598086681732598,3.5117509079479894
2390,23.900000000000002,0.19464347442935434,3.7430337560043965
2391,23.91,0.06433528718925824,3.460467067033024
2392,23.92,0.24017054422610937,3.684526190992898
2393,23.93,0.27846033516320046,3.6674437180666932
2394,23.94,0.48443189680500076,3.6051560779734486
2395,23.95,0.06191510683059259,3.9212720555092155
2396,23.96,0.30400121050731843,3.735628201515701
2397,23.97,0.22423263171615657,3.7179466152838097
2398,23.98,0.0414702690624239,3.376497215247543
2399,23.990000000000002,0.15786112644958625,3.955302673052018
2400,24.0,0.08626997017034016,3.512802213420403
2401,24.01,0.25269734636760754,3.6507406750592075
2402,24.02,0.19815862477687204,3.800396591235636
2403,24.03,0.3399897446289908,3.57933485718371
2404,24.04,0.1482585517711532,3.52011704964075
2405,24.05,0.3134784811153942,3.754119255878296
2406,24.060000000000002,0.24930434878545882,3.543525243704253
2407,24.07,0.19116662819409497,3.727634639845896
2408,24.080000000000002,0.38915634990359027,4.208481941668346
2409,24.09,0.2197699781278113,3.5500033674340337
2410,24.1,0.19760287526815373,3.6515137428833895
2411,24.11,0.2029172090188109,3.5489279293670255
2412,24.12,0.18389849015966495,3.26797120496698
2413,24.13,0.3519648354094518,3.877822614479239
2414,24.14,0.1648705643253201,3.992485249349058
2415,24.150000000000002,0.31259830379676806,3.693398244182245
2416,24.16,0.18763036762621724,3.4642971801221303
2417,24.17,0.2827243078880441,3.5293658663413545
2418,24.18,0.37322676923711884,3.5333628486376956
2419,24.19,0.2839080484340367,3.5651619083094803
2420,24.2,0.3725958232102845,3.6727725358044805
2421,24.21,0.3235347040137619,3.5667340798292693
2422,24.22,0.2693315769943217,3.8102945466317104
2423,24.23,0.2614705896652488,3.7413289502080396
2424,24.240000000000002,0.2741726072554561,4.021214621879187
2425,24.25,0.3694338539080154,3.295730343263293
2426,24.26,0.2923842021400684,3.9090510332616715
2427,24.27,0.2839605940062259,3.5238858427745443
2428,24.28,0.14623453852689475,3.6859772708294676
2429,24.29,0.4603137980836326,3.4386309652373868
2430,24.3,0.2694238798275476,3.776797381336337
2431,24.310000000000002,0.37221842926005166,3.5984663854890497
2432,24.32,0.24725071994020936,3.554710575804952
2433,24.330000000000002,0.2646753170372118,3.8614286451537225
2434,24.34,0.4544962604054109,3.3832066910984775
2435,24.35,0.2622482462934697,3.8063569198958582
2436,24.36,0.144065901784344,4.014277590690879
2437,24.37,0.2130831391061638,4.032145135203313
2438,24.38,0.20189289773293262,3.7705413635641047
2439,24.39,0.20203429431296271,3.4980997979308497
2440,24.400000000000002,0.24649185975230675,3.4975466637437473
2441,24.41,0.29757307453569287,3.4472187192559867
2442,24.42,0.28310972881522295,3.918089116509018
2443,24.43,0.23557278372692242,3.9382632847406205
2444,24.44,0.34372104931293007,3.713320804673439
2445,24.45,0.3045235599594947,3.7496590916284265
2446,24.46,0.38579736749683796,3.4475555411380228
2447,24.47,0.21155927854310302,3.448159533812192
2448,24.48,0.29219527673594853,3.7659512095766186
2449,24.490000000000002,0.3312014687479424,3.7202094289394894
2450,24.5,0.39989150805299145,3.131730512347778
2451,24.51,0.48697529870763895,3.2953533063917453
2452,24.52,0.3461100496493636,3.566113826638027
2453,24.53,0.3131119115972373,3.6202496415838246
2454,24.54,0.3933798460966451,3.528429746892749
2455,24.55,0.2562854899088904,3.6467256012216134
2456,24.560000000000002,0.20382031852604063,3.5978275495607126
2457,24.57,0.37255777100504045,3.885508971136049
2458,24.580000000000002,0.29645820942169077,3.9418029235236474
2459,24.59,0.3675359421893521,3.8039683795043726
2460,24.6,0.3925602629185576,3.4572386364372507
2461,24.61,0.5406226507253922,3.7292531564104983
2462,24.62,0.43208540166844045,3.6976259444511075
2463,24.63,0.27394984580006015,3.7912539397185823
2464,24.64,0.34839582159252325,3.132304849701853
2465,24.650000000000002,0.4136142193068699,3.575142932886515
2466,24.66,0.46183924596685627,3.714056568710881
2467,24.67,0.44941829570615477,3.684624956252374
2468,24.68,0.496156553849683,3.565229240388903
2469,24.69,0.5075522341069314,3.808662204911629
2470,24.7,0.46701467578654454,3.6773231349649107
2471,24.71,0.6088519073489322,3.646112791323773
2472,24.72,0.4722707839846702,3.756437508325988
2473,24.73,0.5714209346717691,3.4143507469846592
2474,24.740000000000002,0.4056311084878208,3.569551354299459
2475,24.75,0.41815821923159746,3.6538688062587927
2476,24.76,0.3465955398229759,3.5566929211637377
2477,24.77,0.5215636608093118,3.85235393955388
2478,24.78,0.38612147510094197,3.6777507761277684
2479,24.79,0.3929497668144361,3.7496305223552757
2480,24.8,0.5258212022527594,3.714091470885271
2481,24.810000000000002,0.3247300244421911,3.208370803221883
2482,24.82,0.3705301020619608,3.743556223191184
2483,24.830000000000002,0.5330934940357028,3.6037602867056058
2484,24.84,0.511621530927148,3.8855620744680994
2485,24.85,0.5852906863551807,3.3728496364091756
2486,24.86,0.5669528515227236,3.65434349523616
2487,24.87,0.313982929243499,3.4217632573272976
2488,24.88,0.4256479204686921,3.8430376325592324
2489,24.89,0.5413216783655181,3.476242871701475
2490,24.900000000000002,0.41152924473021096,3.766074099561374
2491,24.91,0.5541664758447348,3.716238779295247
2492,24.92,0.44675971067867015,3.550864553948731
2493,24.93,0.4887307458579555,3.441996307446505
2494,24.94,0.5278387825247236,3.283113341197142
2495,24.95,0.5804571729999698,3.5181722742734265
2496,24.96,0.6178312203477963,3.4041656268999896
2497,24.97,0.5509880659060074,3.602256853142099
2498,24.98,0.525711098841711,3.8054035901974443
2499,24.990000000000002,0.42717956258462825,3.694848558786597
2500,25.0,0.6286524627630586,3.740075097297054
2501,25.01,0.44008025937008133,3.53933467676426
2502,25.02,0.5733333638994329,3.9180892931427524
2503,25.03,0.6876097164007933,3.5909285669935698
2504,25.04,0.740925682601305,3.448291777944857
2505,25.05,0.5970767560548098,4.169952932749613
2506,25.060000000000002,0.6073918766742533,3.6678454894897383
2507,25.07,0.5453724336582584,3.5084560810775525
2508,25.080000000000002,0.7068912070599475,3.756180725398036
2509,25.09,0.8200748416892346,4.076625497620392
2510,25.1,0.6160693562011381,3.5954712736554626
2511,25.11,0.5358291986412217,3.69172310541966
2512,25.12,0.6436139754683509,3.8670740664493928
2513,25.13,0.5893396360617914,3.5155622453151962
2514,25.14,0.6975128019367295,3.4486687630712947
2515,25.150000000000002,0.8738807013812567,3.846810654668664
2516,25.16,0.6615023677494831,3.9047998255140137
2517,25.17,0.7505497020480396,3.802075743080457
2518,25.18,0.6448194402676791,4.118790111883282
2519,25.19,0.6243156437382024,3.7556488234891683
2520,25.2,0.8374674229863118,3.5155648127812165
2521,25.21,0.6524410775656049,3.8404004281041675
2522,25.22,0.6787626158719028,3.9010156174755104
2523,25.23,0.6223463928040173,3.6550934275382785
2524,25.240000000000002,0.6740048825300721,3.4377769159283114
2525,25.25,0.6612625506817401,3.7462289997950564
2526,25.26,0.6453777800064789,3.8601490989237894
2527,25.27,0.7650127364234105,3.724376295068177
2528,25.28,0.8038410633184838,3.6565822505102603
2529,25.29,0.7584741467483826,3.7136988403220514
2530,25.3,0.7602480137165597,3.9323295568110024
2531,25.310000000000002,0.8596115924205253,3.7873475477374896
2532,25.32,0.7372475366048797,4.030543157018193
2533,25.330000000000002,0.6409215899730847,3.859452969553463
2534,25.34,0.8445699337325154,3.7673446800009947
2535,25.35,0.8732356865444874,3.820084320313474
2536,25.36,0.8483820355156948,4.000670697110689
2537,25.37,0.9322003191201272,3.8052458114209196
2538,25.38,0.8130163539226699,3.5019817763855743
2539,25.39,0.9311194708044042,3.652598817929606
2540,25.400000000000002,0.7303637501974144,4.0019428584371735
2541,25.41,0.8684422808619204,3.854030862948578
2542,25.42,0.9281567763072572,3.950551633345719
2543,25.43,0.918241376312114,4.01284119176556
2544,25.44,0.9772129619017141,3.4883520561594854
2545,25.45,0.7376656585419996,4.068885816958542
2546,25.46,1.0163964481083354,4.0141856087218235
2547,25.47,1.079798509150755,3.8063875737217256
2548,25.48,0.8723860123722429,3.6797815265178144
2549,25.490000000000002,1.0046372095502107,3.8514626500845264
2550,25.5,0.7879466424608215,4.293568095408342
2551,25.51,0.9421367689757489,4.085551618286013
2552,25.52,1.2230435654975726,3.858186594798426
2553,25.53,0.9354832485208823,4.196665122413309
2554,25.54,1.2005255113566624,3.8191469718056674
2555,25.55,0.9696295186848618,4.209602227685917
2556,25.560000000000002,1.0127947089035174,4.030720773451361
2557,25.57,1.0748229495945194,4.133143256109365
2558,25.580000000000002,1.019637646376309,3.7958279607312004
2559,25.59,1.1843999017928661,4.014907963716194
2560,25.6,0.8909451314091652,4.313209857587781
2561,25.61,1.1050187998928078,4.26347510911626
2562,25.62,0.9559760958663814,4.25774193180077
2563,25.63,1.1800627542178983,4.4167521243523336
2564,25.64,1.1648491308146316,4.114254131495071
2565,25.650000000000002,1.283890961932048,3.9722607619656336
2566,25.66,1.1944915002380014,4.091885472870685
2567,25.67,1.231203092948288,3.9201201949740696
2568,25.68,1.2278234578128138,4.137904286109753
2569,25.69,1.3011544613254504,4.3771575510322265
2570,25.7,1.1154753872552008,4.601731628638191
2571,25.71,1.2633388598694943,4.213199836234894
2572,25.72,1.2077687522401057,4.1994314932096986
2573,25.73,1.177588769705993,3.9634927056035756
2574,25.740000000000002,1.2815375694631381,4.125363276110095
2575,25.75,1.4040702909094636,4.035380167121871
2576,25.76,1.2702377470988697,4.236481031747594
2577,25.77,1.259270023306404,4.380591214224166
2578,25.78,1.2528494081096977,4.608758286601376
2579,25.79,1.1645404559499233,4.099903917911759
2580,25.8,1.2810155289203409,4.197315653013438
2581,25.810000000000002,1.2941956553311769,4.112468496387079
2582,25.82,1.2115081970210386,4.3579127502766575
2583,25.830000000000002,1.324796991642382,4.251342779931831
2584,25.84,1.2597779397283655,4.489646432068311
2585,25.85,1.3465741126485218,4.13969668768068
2586,25.86,1.2513151681847494,4.102116177427411
2587,25.87,1.4090472440363617,4.299112338715837
2588,25.88,1.3410338383057858,4.324614296420237
2589,25.89,1.331552166097755,4.515722337382903
2590,25.900000000000002,1.446833712254037,4.429378469950004
2591,25.91,1.192058434580387,4.224468124572173
2592,25.92,1.4610580343171504,4.5442011048844195
2593,25.93,1.2858108180992374,4.204053611983738
2594,25.94,1.3951139319025603,4.440553164819558
2595,25.95,1.4719402916301645,4.276350280952923
2596,25.96,1.5659219835962348,4.653500011267031
2597,25.97,1.4414223877182772,4.206412000926429
2598,25.98,1.4469569394749593,4.52178701415788
2599,25.990000000000002,1.794096891660331,4.248643381720606
2600,26.0,1.5048213372584263,4.136674252752034
2601,26.01,1.5062764797304868,4.5395657040964865
2602,26.02,1.4028616582297966,4.5325333442779225
2603,26.03,1.568360426265454,4.644894080070327
2604,26.04,1.6186787490483956,4.430475013869737
2605,26.05,1.7034827783281907,4.582661123853438
2606,26.060000000000002,1.7068603429570648,4.2380530186272845
2607,26.07,1.753486401923233,4.220401235668089
2608,26.080000000000002,1.5897555161138341,4.6277313243361045
2609,26.09,1.505396897183861,4.812747907355952
2610,26.1,1.7690161844459387,4.37546814095003
2611,26.11,1.5726850325347654,4.450566299818839
2612,26.12,1.5624983072807226,4.5601237563184
2613,26.13,1.7385413708851658,4.353947089672584
2614,26.14,1.7395826129936216,4.710486384524763
2615,26.150000000000002,1.7874054641202983,4.915796957274405
2616,26.16,1.5879095888926649,4.797865617942526
2617,26.17,1.7395199518759445,4.702910635183322
2618,26.18,1.6916497632601608,4.527491420021989
2619,26.19,1.8947364522025398,4.6510799000524505
2620,26.2,1.61396835908886,4.923830994497262
2621,26.21,1.7303729665715242,4.531942310398133
2622,26.22,1.8104899363195412,4.995486676132318
2623,26.23,1.8017617773185561,4.824067641496997
2624,26.240000000000002,1.748208648943537,4.899825131325308
2625,26.25,1.7687444430290062,4.91167038238783
2626,26.26,1.733201066955105,4.957900366259393
2627,26.27,1.7488514430084148,5.082157042108194
2628,26.28,1.6482558183974847,4.952159324945798
2629,26.29,1.8229100265021492,4.92276938930853
2630,26.3,1.7712087191566246,4.856726670887452
2631,26.310000000000002,1.884440112451864,4.5995283379273575
2632,26.32,1.6068822069944884,4.918406197892064
2633,26.330000000000002,1.840955231846711,4.813123515921027
2634,26.34,1.7059912387367429,4.947534695217211
2635,26.35,1.991758633555677,4.7328845597063305
2636,26.36,1.8475566792034133,4.875451994031147
2637,26.37,1.837007893019771,4.842183341988837
2638,26.38,1.781913332759823,4.879908666401166
2639,26.39,1.841288385845067,5.09384332317934
2640,26.400000000000002,1.8154270172162215,5.079076285650765
2641,26.41,1.9277012758166556,4.824265904197501
2642,26.42,1.8502973519731158,4.810303018676973
2643,26.43,1.7976286785595679,4.847061360912682
2644,26.44,1.8677869563488139,4.992411266374304
2645,26.45,2.0339155551531287,5.3659501438332295
2646,26.46,2.003017676396876,5.12096128264584
2647,26.47,1.8330026484420483,5.096699235153665
2648,26.48,2.059142182289381,4.991139352514127
2649,26.490000000000002,1.950910116784549,5.171519929889768
2650,26.5,2.0493483058226074,5.204263623663744
2651,26.51,1.8836972004562644,4.965878943740434
2652,26.52,2.0684428234034975,5.077704689418387
2653,26.53,1.9662919644777042,4.993398890431832
2654,26.54,1.888807815858245,4.882230563370781
2655,26.55,2.0243155345388724,5.326309740870309
2656,26.560000000000002,1.8913768757718612,5.202713157947981
2657,26.57,2.1255670426130338,5.046221590976245
2658,26.580000000000002,1.9079879745543027,5.190862362946337
2659,26.59,2.1146124958152765,5.11478114924011
2660,26.6,2.1228439364643332,5.489080950369049
2661,26.61,2.0803783787372914,5.31774958445918
2662,26.62,2.050780935737679,4.814096765833693
2663,26.63,1.9831195695385477,5.237852526801678
2664,26.64,2.064427014255187,4.967591205543469
2665,26.650000000000002,2.1586025068655132,5.416743020006764
2666,26.66,2.028169410019635,5.335195450440397
2667,26.67,2.023794271955358,5.29068183128037
2668,26.68,2.1334923020154517,5.73654941962499
2669,26.69,2.1744099166568143,5.033269188363055
2670,26.7,2.0610641740943443,4.998611099589049
2671,26.71,1.969218337196392,5.395811152868617
2672,26.72,1.9960683406118964,5.642147294617279
2673,26.73,2.1299812452351703,5.913393625758798
2674,26.740000000000002,2.047591523644904,5.772037097535943
2675,26.75,2.1039996482023398,5.126409534465167
2676,26.76,2.0026520258510754,5.60313249152728
2677,26.77,1.9589169742835848,5.396747498948442
2678,26.78,2.153804117748278,5.567975121175589
2679,26.79,2.115720193737274,5.288024280207244
2680,26.8,1.9036993605703576,5.485491894152467
2681,26.810000000000002,2.072238421589434,5.436992355551244
2682,26.82,2.0366524694650607,5.631957682709896
2683,26.830000000000002,1.9439188717989162,5.611237447151827
2684,26.84,2.1468381529307803,5.694271989852847
2685,26.85,2.0532098463315873,5.602910543845758
2686,26.86,2.0601837162498766,5.733680102522899
2687,26.87,2.232565189398403,5.951883659044406
2688,26.88,2.133827032691259,5.499232980633035
2689,26.89,1.911210725215931,5.430034365920436
2690,26.900000000000002,1.994565009189495,5.750325019585305
2691,26.91,2.2196180240428616,5.532631430512426
2692,26.92,2.10055748944659,5.555473070008932
2693,26.93,2.2929631293149044,6.220391142925462
2694,26.94,2.1514165830264784,5.724741632801313
2695,26.95,2.109765673868443,5.805910571344459
2696,26.96,2.10382856239104,5.643914274148268
2697,26.97,2.2580273804783726,5.822248567708781
2698,26.98,2.178273720174831,5.409717632456786
2699,26.990000000000002,2.1697267890647502,5.915087257842985
2700,27.0,2.12468918538795,5.898792481346082
2701,27.01,2.0101317599557644,5.850548262633629
2702,27.02,2.1750177623016222,6.057355073475441
2703,27.03,2.0513136035497483,6.116688370891337
2704,27.04,2.1262618496117933,5.741345159695662
2705,27.05,2.1902979065949215,5.875162402787532
2706,27.060000000000002,2.1318736700477117,5.902780164519711
2707,27.07,2.0184013526582865,6.007028577180503
2708,27.080000000000002,2.0662138640133856,5.908137119997796
2709,27.09,2.0265921729355654,5.886212893680861
2710,27.1,2.043666323266518,5.839802615441262
2711,27.11,2.140459128260882,5.849530764572616
2712,27.12,2.234736282511006,5.932298430289547
2713,27.13,1.9926812689474127,6.1260137139808135
2714,27.14,1.9554211805879111,5.703319966886055
2715,27.150000000000002,2.0390684742239387,6.05474717597762
2716,27.16,2.3313811745957174,6.338259209860525
2717,27.17,2.117462632880851,5.889360796147684
2718,27.18,2.062225170101022,5.806398865552955
2719,27.19,2.2090147289871283,6.3048520565804935
2720,27.2,2.1160217674596677,6.157232051322385
2721,27.21,2.191405561662953,6.137771746883506
2722,27.22,2.0949694980828113,6.448610855521455
2723,27.23,2.140511533044824,6.383802932640394
2724,27.240000000000002,2.0930888884654033,6.408869602924786
2725,27.25,2.101408864983916,6.010075726221979
2726,27.26,1.989639047276452,6.383029048682387
2727,27.27,2.0533997201115324,5.829485201151208
2728,27.28,2.0549263931832664,6.052351917230614
2729,27.29,2.0417184225435983,6.211116662656109
2730,27.3,2.0061428998308943,6.328249187213901
2731,27.310000000000002,2.0486013704373796,6.285286049695743
2732,27.32,2.0753342674412845,5.94757481776724
2733,27.330000000000002,2.12453648688177,6.270893466859967
2734,27.34,2.0675123579835524,6.2796912412072485
2735,27.35,2.2208525007471134,6.281983931155804
2736,27.36,2.0797184998938363,6.379643858014703
2737,27.37,1.980754722677191,6.63279868577896
2738,27.38,2.1931881296638935,6.340562385936121
2739,27.39,2.086164139501427,5.925390123877215
2740,27.400000000000002,2.187844785672831,6.318913353562749
2741,27.41,1.9922762101055467,6.265980543419203
2742,27.42,2.034832059559988,6.1334141535913895
2743,27.43,2.068957911373628,6.356076305750732
2744,27.44,2.021589034092334,6.052433492022437
2745,27.45,1.9282523968704104,6.522632599004252
2746,27.46,1.9907962012674398,6.424247308784213
2747,27.47,2.1422252886030995,6.386072219361425
2748,27.48,1.9786368070575837,6.288409555318687
2749,27.490000000000002,2.080800970500603,6.50422170282372
2750,27.5,2.0161473772955016,6.471715960135409
2751,27.51,1.8537810562094819,6.340693399533157
2752,27.52,2.0107761896391847,6.7778836614330435
2753,27.53,2.2007186975262427,6.185148123903253
2754,27.54,2.075675661447506,6.402576047743029
2755,27.55,2.052107856582965,6.291018348999001
2756,27.560000000000002,1.877630719292333,6.34370790274974
2757,27.57,1.9515114210834952,6.52118740145062
2758,27.580000000000002,2.176346134010601,6.446236698308938
2759,27.59,2.003120876866058,6.469882445954719
2760,27.6,1.8883171939538954,6.679866024790416
2761,27.61,1.8596984680107582,6.652103733565744
2762,27.62,1.9519150296470305,6.3773118558943045
2763,27.63,1.9007869968522935,6.805936143027861
2764,27.64,1.9890113408478707,6.820233546140939
2765,27.650000000000002,2.0233836969123096,6.830771968888633
2766,27.66,1.9059459096293545,6.677367188144422
2767,27.67,2.033483512298898,6.6833885742981325
2768,27.68,1.8349318787094167,6.944093886380747
2769,27.69,1.9656982324120056,6.75564550155408
2770,27.7,2.122668430594713,6.757858170943412
2771,27.71,1.953492323669111,6.816825120768315
2772,27.72,1.8760223728873768,6.7384136701333714
2773,27.73,1.9771783705674038,6.945196350967623
2774,27.740000000000002,1.9619481123172369,6.8898968894924355
2775,27.75,1.9565525329280993,6.738170131802982
2776,27.76,1.847657870388434,7.0513601989858214
2777,27.77,1.811578405654074,6.795595087051132
2778,27.78,2.061073624507389,6.82147231261628
2779,27.79,1.9179466029131995,6.408881058114366
2780,27.8,1.8458714675763646,6.764330299358198
2781,27.810000000000002,1.80181485288597,6.928194512475514
2782,27.82,1.9248342716589009,7.188783538917508
2783,27.830000000000002,1.9239907669368839,6.76143965939151
2784,27.84,1.8610671028183272,6.792734705710535
2785,27.85,1.9475441679582675,6.501090272220762
2786,27.86,1.7682763009393532,6.814104316580833
2787,27.87,1.7636677168412818,7.036444215831872
2788,27.88,1.8971551613326347,6.772946687679112
2789,27.89,1.9303670388365308,6.83678526004299
2790,27.900000000000002,1.8355237310461052,6.773721958040618
2791,27.91,1.6621068824815544,6.96266822813934
2792,27.92,1.8720934517741956,7.022100079207002
2793,27.93,1.8174357488445292,7.0435715560863565
2794,27.94,1.926180476044918,6.89996951595862
2795,27.95,1.819348866655018,6.687378575173787
2796,27.96,1.7489398635024829,6.908350327482504
2797,27.97,1.814854912002926,6.620826141936684
2798,27.98,1.885074871141457,7.005757341961724
2799,27.990000000000002,1.7158199822420015,7.192461039763809
2800,28.0,1.7873855356661987,6.643800785869793
2801,28.01,1.8351527724271492,6.9668824809228775
2802,28.02,1.7611354601010525,6.931920708600727
2803,28.03,1.8893801041838665,7.643357596042484
2804,28.04,1.8855196860196484,7.1443829845674145
2805,28.05,1.9071369731002383,7.10491862759495
2806,28.060000000000002,1.7520963672179912,6.946828567133576
2807,28.07,1.6676565155082475,7.178398923950811
2808,28.080000000000002,1.8128509439959941,7.384379485168827
2809,28.09,1.6591694385761617,6.767751893554024
2810,28.1,1.7659206643127041,6.881333311436596
2811,28.11,1.8209366388147523,7.048126791888875
2812,28.12,1.7767404711634447,7.025535477963361
2813,28.13,1.6326485722882802,6.932813321894735
2814,28.14,1.7448405930168178,7.413252603832997
2815,28.150000000000002,1.5121572177010827,7.089377571430861
2816,28.16,1.7175713868192566,7.406381174362062
2817,28.17,1.7334682585122843,6.944733310885433
2818,28.18,1.6378114822690613,6.7186525897507465
2819,28.19,1.834058284026054,7.086187948845323
2820,28.2,1.6792033076236785,7.40715850847842
2821,28.21,1.5995965904807163,6.846757748252139
2822,28.22,1.8427505264927602,7.4996445202094115
2823,28.23,1.7828053019568122,7.205362894297191
2824,28.240000000000002,1.6733480188906182,7.422405808384516
2825,28.25,1.6076688291218626,7.02787007257457
2826,28.26,1.7272125056454344,7.454571457970207
2827,28.27,1.7137716334195485,6.639801488057669
2828,28.28,1.7732574954379483,7.171883288114326
2829,28.29,1.613172013564102,7.120005785943871
2830,28.3,1.7066554345730833,6.881286206868033
2831,28.310000000000002,1.5982408358591755,7.163226711985767
2832,28.32,1.6185865034758202,7.2566191803510485
2833,28.330000000000002,1.6739393876593944,7.546496250993946
2834,28.34,1.5291199996791107,7.006268873998127
2835,28.35,1.5504164856385922,7.36227964000376
2836,28.36,1.6659525284679515,6.886095142322033
2837,28.37,1.5090974010396776,7.2773630026776965
2838,28.38,1.5856018758706234,7.126850569956549
2839,28.39,1.538496913804426,7.284256889199314
2840,28.400000000000002,1.4932141529595033,7.057010921468811
2841,28.41,1.5362997256756123,7.041687505442108
2842,28.42,1.3879172065753504,7.334673520803107
2843,28.43,1.5617573536167908,7.326485298745152
2844,28.44,1.4438089263498866,7.57670677658225
2845,28.45,1.6998964113633661,7.422156849472356
2846,28.46,1.5701571723601282,7.007610053292909
2847,28.47,1.5078733479611721,6.946477016666355
2848,28.48,1.4629074972203153,7.399987919513929
2849,28.490000000000002,1.5144299564219041,7.133481627151983
2850,28.5,1.5643504395274612,7.5603644006025
2851,28.51,1.420230813860026,7.298783990448949
2852,28.52,1.5268219504857068,7.313999033206447
2853,28.53,1.5624154002316664,7.309078912990109
2854,28.54,1.4982493647053865,7.16175095993296
2855,28.55,1.4955131003787385,7.308216681578212
2856,28.560000000000002,1.4711284526725301,7.730717517187758
2857,28.57,1.479589761878538,7.218746704324867
2858,28.580000000000002,1.553464638935722,7.270263691069328
2859,28.59,1.3693449441712655,7.610984654009712
2860,28.6,1.3158293834574626,7.537068267236568
2861,28.61,1.4527055830837687,7.2378331598136905
2862,28.62,1.4155339449515094,7.446642717335859
2863,28.63,1.4424397541369405,6.859019796712267
2864,28.64,1.438658865428611,7.329951902512082
2865,28.650000000000002,1.3526095616865998,7.458077357702815
2866,28.66,1.57245343939786,7.436436191095369
2867,28.67,1.5713675639331948,7.292606409597828
2868,28.68,1.382449124552722,7.732476231216053
2869,28.69,1.2900964732799514,7.219319661576067
2870,28.7,1.3667791061936314,7.458106874926869
2871,28.71,1.287903635619251,7.452043042997609
2872,28.72,1.505911489058338,7.281730595282276
2873,28.73,1.4149169980761271,7.486636622858248
2874,28.740000000000002,1.2809294676093872,7.3889309808091355
2875,28.75,1.4680870609138374,7.816261958258783
2876,28.76,1.319943153190925,7.295123099479406
2877,28.77,1.212658725279965,7.333504525310291
2878,28.78,1.218077435692242,7.5509859254337455
2879,28.79,1.3703406773108295,7.578653215295991
2880,28.8,1.2956125968893724,7.438897535037136
2881,28.810000000000002,1.3732736679980613,7.272033007079321
2882,28.82,1.3763013120329224,7.594438492897651
2883,28.830000000000002,1.2098606248712873,7.566499751535054
2884,28.84,1.250120451577381,7.1933411582939915
2885,28.85,1.2590047745655992,7.30014587296242
2886,28.86,1.3119640916245623,7.990360896988413
2887,28.87,1.3392551654148104,7.379454027859657
2888,28.88,1.0013566916336476,7.603757345101736
2889,28.89,1.1724879345061334,7.191816823118195
2890,28.900000000000002,1.117126230084668,7.50031903145508
2891,28.91,1.2926233815475954,7.154699994846998
2892,28.92,1.3546715653812829,7.564059396928804
2893,28.93,1.1441583307415655,7.341923104646835
2894,28.94,1.2382330882882364,7.531027723290635
2895,28.95,1.3048270099699233,7.389567277513852
2896,28.96,1.1562027139231454,7.389871927121712
2897,28.97,1.1781352992353717,7.398869482189452
2898,28.98,1.2262754663995175,7.338735116820635
2899,28.990000000000002,1.2848438728166984,7.339393043865208
2900,29.0,1.3789814800675417,7.380461559959937
2901,29.01,1.1092071657039324,7.370237900818257
2902,29.02,1.0577106655485955,7.101165838419657
2903,29.03,1.1891985930255766,7.726508758399796
2904,29.04,1.2434441254198028,7.037971510946017
2905,29.05,1.1282946882388456,7.402759991429186
2906,29.060000000000002,1.1627253146934529,7.1719970290045145
2907,29.07,1.0833423138257596,7.410767617897744
2908,29.080000000000002,1.0944716564765546,7.383550301929126
2909,29.09,1.0561339344982068,7.500542923462182
2910,29.1,1.101320700057749,7.615172995975778
2911,29.11,1.1623254658838118,7.170104791641636
2912,29.12,1.0396907042337806,6.897718297910657
2913,29.13,1.0654005298024827,7.296342610188021
2914,29.14,1.0757652976877892,7.6500543152589655
2915,29.150000000000002,1.0469437564251858,7.33503807124836
2916,29.16,0.9060132568772666,7.385390423451265
2917,29.17,1.0118521111260148,7.279686754475798
2918,29.18,1.1775381826095073,7.432583070338878
2919,29.19,0.9643162473629171,7.393152397578272
2920,29.2,1.070230687901479,7.400490016667692
2921,29.21,1.0966897623485388,7.562481269188062
2922,29.22,1.1166934854108965,7.685703622290018
2923,29.23,0.9626453516621553,7.216454318929775
2924,29.240000000000002,0.8296595671047529,7.100442918695499
2925,29.25,1.0252223205379196,7.001729605408349
2926,29.26,1.000342369786451,7.25598242578221
2927,29.27,1.0758286198316689,7.468193744211338
2928,29.28,0.865460288793327,7.451268870114802
2929,29.29,1.0808742954175174,7.212666547171577
2930,29.3,1.0226596095796445,7.172531113135322
2931,29.310000000000002,0.9771509783452554,7.2299548579765105
2932,29.32,0.911492108119726,7.0832076194043925
2933,29.330000000000002,0.9349409340514657,7.601755434029346
2934,29.34,0.9230865342212601,7.313426515587021
2935,29.35,0.9890566819097993,7.06661766219189
2936,29.36,0.9590438164976604,7.033305012682509
2937,29.37,1.0931259105132516,7.734565378773232
2938,29.38,0.8246758387103101,7.2548148355785695
2939,29.39,0.9711781188400346,7.116904003288071
2940,29.400000000000002,0.8645242956600401,7.3704174269925655
2941,29.41,0.9059390439475739,7.242398283908256
2942,29.42,1.0341361495226087,7.33677574651607
2943,29.43,1.013345246043871,7.354121093145304
2944,29.44,1.0815064366720395,7.38572423962075
2945,29.45,0.8153067431389185,7.5835868200874375
2946,29.46,0.7661430720222284,7.510364758789385
2947,29.47,0.8838181996718611,7.132133760102699
2948,29.48,0.9074486583433352,7.101582025514808
2949,29.490000000000002,0.9442481202239776,7.398553729305655
2950,29.5,0.9978749654207022,7.24185421015681
2951,29.51,0.7746646766539522,7.115093465360776
2952,29.52,0.8487713729263193,6.927461294086319
2953,29.53,0.8055396469930254,7.195616418132191
2954,29.54,0.8650951057763662,7.209391773598978
2955,29.55,0.7540858700914485,7.106777112005354
2956,29.560000000000002,0.7511752135032442,7.5093908106646925
2957,29.57,0.7814006510775501,7.123849835171819
2958,29.580000000000002,0.9013743299244327,6.906971834682835
2959,29.59,0.8542877665481908,7.012591281527188
2960,29.6,0.8164265043785132,7.325724178290081
2961,29.61,0.9071071075528198,7.100739238071617
2962,29.62,0.7754469097581932,7.35275685355354
2963,29.63,0.7662886050537858,7.129043996804601
2964,29.64,0.6411268113499243,7.01362411873292
2965,29.650000000000002,0.8218504442533279,7.001661668618584
2966,29.66,0.8248683835574151,7.334702676095915
2967,29.67,0.8154789107097938,7.254056361614374
2968,29.68,0.6665060688305955,7.035499554217103
2969,29.69,0.7794479363416675,6.898119199213278
2970,29.7,0.7089542602665178,6.831724292866097
2971,29.71,0.6201606051678733,6.832913741259615
2972,29.72,0.6095600848327243,6.740150964487695
2973,29.73,0.754292553704691,7.057464773093548
2974,29.740000000000002,0.9334871665123283,7.107940563176557
2975,29.75,0.6212815299865964,6.946142177831307
2976,29.76,0.7497341578138638,6.874577290953125
2977,29.77,0.6945900138181628,6.525136207571477
2978,29.78,0.612426599771997,6.88651429768213
2979,29.79,0.640928362188313,6.981221311122076
2980,29.8,0.582888149391039,6.912900992277776
2981,29.810000000000002,0.7505928270643918,6.73776673895929
2982,29.82,0.8528136323777061,6.953655990366268
2983,29.830000000000002,0.728145649859014,7.23037409067155
2984,29.84,0.6846546840470525,7.249409430865874
2985,29.85,0.8006524533385817,7.366496724774535
2986,29.86,0.7451663853973676,6.659406713197667
2987,29.87,0.6566546394458784,7.137562147233339
2988,29.88,0.5234379906196757,6.856412852709865
2989,29.89,0.7979975355355498,6.787246658195725
2990,29.900000000000002,0.6140844797842411,6.524758225031603
2991,29.91,0.7931557605641486,6.972733872511136
2992,29.92,0.6614840958439839,7.057919954928206
2993,29.93,0.6045176976354274,6.892053610530535
2994,29.94,0.6134000494079139,6.748191533172239
2995,29.95,0.8011897101813725,6.706798745687499
2996,29.96,0.7160139299613894,6.7613720861979445
2997,29.97,0.6790877345581553,6.753608749911602
2998,29.98,0.6675184774327625,7.009129917512736
2999,29.990000000000002,0.4686215835862305,6.8468947379678236
