,t,x,y
0,0.0,4.862720689155183,11.514170073055016
1,0.01,4.734658718658889,11.493489382903608
2,0.02,4.601579103528686,11.50530975826321
3,0.03,4.480032519255041,11.496130133444453
4,0.04,4.371924723985312,11.494662901430985
5,0.05,4.2635554649475935,11.47393610795549
6,0.06,4.158139960659174,11.476608526484421
7,0.07,4.06561803535947,11.45802517760737
8,0.08,3.9717951600791106,11.460488931049099
9,0.09,3.879934721730021,11.456272742543684
10,0.1,3.80240543305579,11.452319990090203
11,0.11,3.7162366677164975,11.431101432202642
12,0.12,3.636460134797927,11.439059418234399
13,0.13,3.557249024833204,11.404340215914273
14,0.14,3.4844000415424192,11.413413588696109
15,0.15,3.4144158216223657,11.404413765536708
16,0.16,3.349617780208478,11.401060782508019
17,0.17,3.284083451468112,11.3857226155547
18,0.18,3.2215161680972617,11.373248626862667
19,0.19,3.1660115918153418,11.368264567375466
20,0.2,3.1038561882187676,11.356014481504968
21,0.21,3.052439596316237,11.347617447061912
22,0.22,2.997287538464396,11.331733517740142
23,0.23,2.9448309355353453,11.313787921039301
24,0.24,2.8936579830093017,11.31360845232467
25,0.25,2.8446556845948385,11.307507256584904
26,0.26,2.79966868589486,11.30140667271027
27,0.27,2.7507269186009173,11.270294480976332
28,0.28,2.702331296562321,11.268152186160375
29,0.29,2.659176313745886,11.243068091779698
30,0.3,2.6105558501601656,11.240523757308079
31,0.31,2.570809060678194,11.229977687857719
32,0.32,2.5278309496363214,11.21440307469967
33,0.33,2.4811678677384137,11.205174278515319
34,0.34,2.437024258087968,11.182233493614724
35,0.35000000000000003,2.403053082809697,11.162610490977782
36,0.36,2.363327984038796,11.158102744413108
37,0.37,2.322393132744626,11.14460608827554
38,0.38,2.2881306221017224,11.137967941781154
39,0.39,2.2508593745472156,11.10710612761711
40,0.4,2.203396043843978,11.094486600918184
41,0.41000000000000003,2.1712776882933102,11.075354489905532
42,0.42,2.1334183617290945,11.07010494186562
43,0.43,2.094749683657285,11.042459742825594
44,0.44,2.0650220471824827,11.037076168138777
45,0.45,2.0315101156876043,11.023974065949986
46,0.46,1.9966647186608013,10.991372529292496
47,0.47000000000000003,1.9653398307101508,10.968973843321223
48,0.48,1.926414423656891,10.957144232243019
49,0.49,1.8977054411464385,10.946966953410453
50,0.5,1.8694628704945617,10.911254964736981
51,0.51,1.8356748953097541,10.901408000682613
52,0.52,1.805098762766912,10.88599576152835
53,0.53,1.7789982370205564,10.866767362266211
54,0.54,1.7497303303734386,10.842899237528975
55,0.55,1.7214568211899857,10.826590722482118
56,0.56,1.6894562604458756,10.813528556975058
57,0.5700000000000001,1.6595048600647975,10.786898691228487
58,0.58,1.6334089793862392,10.77636129301049
59,0.59,1.6036820399291711,10.761300663540993
60,0.6,1.572782142222747,10.720876541668941
61,0.61,1.5436151721356965,10.722317656309466
62,0.62,1.5248491355743568,10.677913949990403
63,0.63,1.4988399671226458,10.66766930821225
64,0.64,1.466221185603235,10.642643566232783
65,0.65,1.4407516566416356,10.615512251746136
66,0.66,1.4210776608449287,10.602415916631026
67,0.67,1.3923963458240503,10.578383075341598
68,0.68,1.3773830346543867,10.542443885099393
69,0.6900000000000001,1.3420067140536158,10.540180767156585
70,0.7000000000000001,1.3172849343322117,10.504563411905384
71,0.71,1.301861657329568,10.488587402496995
72,0.72,1.2720922040238116,10.464984910156565
73,0.73,1.2447167008659727,10.447349199710095
74,0.74,1.2211451676187675,10.420152923496083
75,0.75,1.1978203505391687,10.388721656929931
76,0.76,1.1790848309435316,10.363406988946233
77,0.77,1.1505910360644365,10.35238931846177
78,0.78,1.1302711698464243,10.32642585977849
79,0.79,1.1095539561948198,10.28483586112663
80,0.8,1.089253071233237,10.275180388539772
81,0.81,1.06347326684264,10.243068979064631
82,0.8200000000000001,1.0431882498370975,10.222473752723458
83,0.8300000000000001,1.0245530896706114,10.196542838604163
84,0.84,1.0029924775707957,10.157552192282
85,0.85,0.9796603796578058,10.140084481003157
86,0.86,0.962112308620516,10.11809932420022
87,0.87,0.9370708997205414,10.079260615646517
88,0.88,0.9180429902291071,10.05540183303529
89,0.89,0.9004741836275721,10.023782156798577
90,0.9,0.8808582744281226,9.991734395447851
91,0.91,0.861662585935814,9.961367480343934
92,0.92,0.8389619295816602,9.93872139257715
93,0.93,0.82644111322382,9.909245438748126
94,0.9400000000000001,0.8116863672858566,9.880300732746951
95,0.9500000000000001,0.7884786331030504,9.855956887327533
96,0.96,0.76925122621426,9.826531892327742
97,0.97,0.7536736424988659,9.796599101557693
98,0.98,0.7311164265677176,9.760569329676656
99,0.99,0.7144639533498647,9.743351708575013
100,1.0,0.7005164871533374,9.696812042693612
101,1.01,0.682077297458865,9.671758102584523
102,1.02,0.6678219519315721,9.643359992983669
103,1.03,0.6490643076970716,9.60859600311921
104,1.04,0.6356136574603152,9.575716524363507
105,1.05,0.6173792340787104,9.552559418323664
106,1.06,0.6001163255747125,9.514856449134262
107,1.07,0.5903718510669199,9.484389784442923
108,1.08,0.5699378773325816,9.452404443922244
109,1.09,0.5620583221210917,9.418683287456158
110,1.1,0.54703599318898,9.387188920587366
111,1.11,0.5299307342033145,9.346126514369905
112,1.12,0.5104210928603676,9.318285023870834
113,1.1300000000000001,0.5023909927623699,9.289707663763318
114,1.1400000000000001,0.48399590433995715,9.255863794465439
115,1.1500000000000001,0.4788041909725241,9.221977288923567
116,1.16,0.4624959393791074,9.185999861110059
117,1.17,0.4520100106638004,9.154847157548021
118,1.18,0.44056424234811536,9.10955618236555
119,1.19,0.428142798451898,9.076434945673368
120,1.2,0.4086988962622854,9.046305205239667
121,1.21,0.4092074914169969,9.027015736334953
122,1.22,0.39128575796723375,8.969927181481617
123,1.23,0.3818239404812734,8.948215456607034
124,1.24,0.37770051975665264,8.92114916059306
125,1.25,0.3616175807684973,8.87298595238025
126,1.26,0.3463472531795487,8.830326385920648
127,1.27,0.3409664041475677,8.795458178296188
128,1.28,0.3292544497872991,8.760024197277678
129,1.29,0.3191911217140724,8.731306564079299
130,1.3,0.30939415425921535,8.686598388510724
131,1.31,0.3003962567343132,8.654642926429693
132,1.32,0.29081617804290993,8.623433964252461
133,1.33,0.2835344005888804,8.590755016160166
134,1.34,0.2742824789686465,8.54778155792863
135,1.35,0.2666492558584815,8.512258514857002
136,1.36,0.25858378053530245,8.471282257800526
137,1.37,0.25221704947062284,8.43904429301841
138,1.3800000000000001,0.2469302232467842,8.395144977595086
139,1.3900000000000001,0.2402723584438631,8.36977250615572
140,1.4000000000000001,0.22556928423484923,8.330314213751755
141,1.41,0.22254829333362566,8.296934452299933
142,1.42,0.22017101017320165,8.24995869815154
143,1.43,0.2140403011723564,8.218825819569956
144,1.44,0.20099833710329823,8.197217647478753
145,1.45,0.2006105468943439,8.15232008944731
146,1.46,0.1924405142050084,8.101204196610386
147,1.47,0.18685648252241482,8.067092046327495
148,1.48,0.17919074343670652,8.041335857220604
149,1.49,0.17077457427131176,8.003893921487368
150,1.5,0.17082382849600192,7.968413065686598
151,1.51,0.16952847361679926,7.919498656714711
152,1.52,0.1593190325994269,7.892259941340467
153,1.53,0.1519820455702664,7.84481180367523
154,1.54,0.14910115096548357,7.817943890813722
155,1.55,0.14281633168294403,7.78250469451952
156,1.56,0.13695604138104142,7.750483813424171
157,1.57,0.14330331502768287,7.711931139141337
158,1.58,0.1336788117676361,7.675076761741641
159,1.59,0.12798930645670015,7.649562442634422
160,1.6,0.12569787174573482,7.6196032552418735
161,1.61,0.12400499395589726,7.584152955637411
162,1.62,0.12603919068947214,7.542923158782948
163,1.6300000000000001,0.11165038495065836,7.508916182835483
164,1.6400000000000001,0.11113014452636326,7.46984860691673
165,1.6500000000000001,0.10781275471473033,7.437920148512074
166,1.6600000000000001,0.10761115115822485,7.407150621276276
167,1.67,0.10156431105712432,7.370860443979455
168,1.68,0.1037347822513978,7.333150518068653
169,1.69,0.10215669983227316,7.297107962372022
170,1.7,0.09859955216831859,7.270243188438343
171,1.71,0.08984981350857062,7.241667030722545
172,1.72,0.0927312190509136,7.198017232741613
173,1.73,0.08886636617522332,7.175138632695751
174,1.74,0.08507760980985064,7.1374110316056045
175,1.75,0.08619287277347713,7.096451130781517
176,1.76,0.08380373583982763,7.07162349003435
177,1.77,0.07881328719170798,7.046575846179841
178,1.78,0.08320810960372842,7.007509771011325
179,1.79,0.07776249475023697,6.989894092710739
180,1.8,0.0729940210642795,6.958255804746422
181,1.81,0.07046438200319635,6.920118176756316
182,1.82,0.06970422880024327,6.883661581270734
183,1.83,0.06333558436564458,6.859416309226269
184,1.84,0.06613937007270781,6.815724152136038
185,1.85,0.064148476169706,6.789151295490874
186,1.86,0.06591116590519899,6.754484232125856
187,1.87,0.06719017300838305,6.728491260876264
188,1.8800000000000001,0.06421922595604139,6.6926279344666195
189,1.8900000000000001,0.057028200845786164,6.6774199947524515
190,1.9000000000000001,0.056624973371580616,6.6480748070205475
191,1.9100000000000001,0.05110194302777737,6.623745796660419
192,1.92,0.0599441288108664,6.587087841596968
193,1.93,0.05498066642088224,6.549024244323948
194,1.94,0.050552786866407344,6.53096296872572
195,1.95,0.049000235576096174,6.494752436943337
196,1.96,0.052668420278871725,6.472038161379038
197,1.97,0.04765923530756441,6.4405676331079595
198,1.98,0.045988025749300374,6.416670573462336
199,1.99,0.045127631969351226,6.390732551187292
200,2.0,0.04386686064031467,6.362701820880835
201,2.0100000000000002,0.045617131839550074,6.332188410767362
202,2.02,0.047045471795579975,6.305729670880879
203,2.0300000000000002,0.04522989917802532,6.269728696758928
204,2.04,0.04102848067337687,6.239698488116202
205,2.05,0.042357428906418235,6.219539704897394
206,2.06,0.04044014003182871,6.1976729699066215
207,2.07,0.045955972203558716,6.167902198056375
208,2.08,0.03802971376372661,6.145181663565341
209,2.09,0.04075491121439063,6.113818116004867
210,2.1,0.03638846909222379,6.096454404025254
211,2.11,0.03683490553493195,6.052824658064349
212,2.12,0.034731152854013195,6.027745744930385
213,2.13,0.03329242347402765,6.022362022931831
214,2.14,0.03516570646392199,5.9932594006985775
215,2.15,0.035545467379376916,5.982575751316105
216,2.16,0.02540011755864529,5.945095865500415
217,2.17,0.03542400742512294,5.920789229982562
218,2.18,0.03124485530862914,5.890971381379498
219,2.19,0.028426842777148003,5.871502550465187
220,2.2,0.03172569487179905,5.845561612848241
221,2.21,0.024282786034947705,5.810692584255044
222,2.22,0.02827617546442162,5.80047973986646
223,2.23,0.026280334660968543,5.771042664156689
224,2.24,0.024774011605682496,5.749376793661289
225,2.25,0.029215291363591786,5.728080046278645
226,2.2600000000000002,0.028851533673700292,5.694214527419424
227,2.27,0.027623165383039328,5.680858720192958
228,2.2800000000000002,0.029914731047290383,5.656365768905858
229,2.29,0.02552741537990676,5.645348261664699
230,2.3000000000000003,0.03207428952152193,5.618970887975668
231,2.31,0.027139147498127097,5.584969603434096
232,2.32,0.028251015428713583,5.585044726350028
233,2.33,0.023216422221807344,5.560736978326782
234,2.34,0.023653270181731127,5.5267513430420685
235,2.35,0.025234287558405965,5.50553316694296
236,2.36,0.02552783158330913,5.472214156475722
237,2.37,0.022385359483857486,5.471544960422399
238,2.38,0.020262496143298177,5.444080241636387
239,2.39,0.020591355902269515,5.420404469145188
240,2.4,0.022088280513478505,5.405996567754995
241,2.41,0.019407233593841017,5.389949100454659
242,2.42,0.025240841930426028,5.3547094947016305
243,2.43,0.023371506457110523,5.340121301973486
244,2.44,0.01917896167407432,5.3177979313853925
245,2.45,0.02887956342473478,5.2948093100677776
246,2.46,0.016561978289740285,5.275111667808211
247,2.47,0.0213652041779576,5.258545221424622
248,2.48,0.023082098446891786,5.23375685169055
249,2.49,0.015610948080627893,5.218462352205352
250,2.5,0.02349682083886097,5.198943581113312
251,2.5100000000000002,0.02525071082326289,5.186809126411346
252,2.52,0.025811881387431408,5.161686666135851
253,2.5300000000000002,0.018293507332353572,5.149350795589101
254,2.54,0.01917878301074102,5.114675874109045
255,2.5500000000000003,0.02238586069921365,5.102110899042306
256,2.56,0.01942293795686859,5.094484434539392
257,2.57,0.01718413867851703,5.070545765470937
258,2.58,0.021538020240365018,5.062701217518887
259,2.59,0.021732224343191213,5.0407009656416895
260,2.6,0.014009708733678749,5.013043527032799
261,2.61,0.01867127270279651,5.001680368358778
262,2.62,0.015930379483357668,4.986979538772911
263,2.63,0.023030686978844018,4.9660975657945015
264,2.64,0.02020468558628067,4.951792937985721
265,2.65,0.022347523420068786,4.923351175424576
266,2.66,0.01937087197563913,4.92151994511007
267,2.67,0.01497705862142517,4.8922539855382405
268,2.68,0.01206409847386305,4.8876796477819555
269,2.69,0.018221539700685074,4.8634773494089085
270,2.7,0.018187806879105803,4.851016924590406
271,2.71,0.017149124290370736,4.830836057421988
272,2.72,0.01617402697141316,4.807017928753922
273,2.73,0.017072681233812125,4.796009422674805
274,2.74,0.015355049947381459,4.777614028536485
275,2.75,0.016067485834491746,4.7522234049701435
276,2.7600000000000002,0.021222144826396897,4.743670039240064
277,2.77,0.017768913164480656,4.72358745982341
278,2.7800000000000002,0.011541761153238184,4.712733753061311
279,2.79,0.01679229357170456,4.6771989116690955
280,2.8000000000000003,0.01775127620338442,4.680327070328556
281,2.81,0.012824355180979075,4.659278743434247
282,2.82,0.014110869712990094,4.652238424074195
283,2.83,0.016874755851655952,4.630124034690451
284,2.84,0.017420738224111363,4.610784272223631
285,2.85,0.017351367431659125,4.602088943567354
286,2.86,0.011162730788019087,4.5923986839378
287,2.87,0.014830397430023361,4.5910505246190265
288,2.88,0.021072044825090855,4.5578344843580965
289,2.89,0.015006715524509913,4.550034387757274
290,2.9,0.014723207756555473,4.521730569463973
291,2.91,0.016328267783714722,4.521305117585038
292,2.92,0.01614320593964263,4.497112932947632
293,2.93,0.017410580754462404,4.483060435718114
294,2.94,0.017383014467235468,4.469802450589524
295,2.95,0.013585832005613323,4.460939734020682
296,2.96,0.019518637803860407,4.441526535487646
297,2.97,0.014888218820672011,4.420507427953797
298,2.98,0.011636570480405086,4.412715744538537
299,2.99,0.014345153029181502,4.404416371844041
300,3.0,0.012545935848166795,4.379692226258301
301,3.0100000000000002,0.019090422777162303,4.371280217968977
302,3.02,0.008846811039971193,4.351378225670397
303,3.0300000000000002,0.017349631823839258,4.3364981590915725
304,3.04,0.014637465122304011,4.32869598274163
305,3.0500000000000003,0.011881412865947615,4.315970894030027
306,3.06,0.01573434422118328,4.30247885209627
307,3.0700000000000003,0.0199085325913881,4.291477551145252
308,3.08,0.015098183763821644,4.2699955846877815
309,3.09,0.01566194686283777,4.270845213935501
310,3.1,0.01283479499612776,4.251658849224704
311,3.11,0.007103335332684262,4.232041232527489
312,3.12,0.015098713748203296,4.223136565443194
313,3.13,0.014727526131069466,4.204148736259645
314,3.14,0.013251283401051167,4.201335820714189
315,3.15,0.016057629395155898,4.194232540215611
316,3.16,0.010455442868501936,4.181038282314639
317,3.17,0.01193304667061091,4.167344979948301
318,3.18,0.01937138216852414,4.147393170961324
319,3.19,0.013473465662269798,4.150710615413242
320,3.2,0.010962302435740753,4.122248065622952
321,3.21,0.019229759986256808,4.111273387240615
322,3.22,0.011901650390707952,4.101033199911668
323,3.23,0.01372145850270134,4.088078408530732
324,3.24,0.01083645488721663,4.070522554410316
325,3.25,0.014062668859687637,4.066540062105965
326,3.2600000000000002,0.011375995436380987,4.055191702808481
327,3.27,0.018492309795498815,4.035773080193064
328,3.2800000000000002,0.015507840095172573,4.031563916569129
329,3.29,0.013399885444957004,4.0241441421108775
330,3.3000000000000003,0.009811997238568392,4.0118098323490905
331,3.31,0.012667380702103215,3.9946057977151925
332,3.3200000000000003,0.010264679150772149,3.9840550338060607
333,3.33,0.015783024528116425,3.9802968878931524
334,3.34,0.015359299387570795,3.9587449879964423
335,3.35,0.01116514035850863,3.9414717418319913
336,3.36,0.013466730712409919,3.9471671926497147
337,3.37,0.013252971081540492,3.9346727806332487
338,3.38,0.009918100929692808,3.911209732995262
339,3.39,0.015658380502054474,3.9036853249273515
340,3.4,0.015599237107701832,3.902165451234227
341,3.41,0.009160414802849116,3.8720531384409687
342,3.42,0.009317743790548165,3.876859214383234
343,3.43,0.017133335168335387,3.8613363332592816
344,3.44,0.009177021508857177,3.8482776646368566
345,3.45,0.012004493782793014,3.8383034236934424
346,3.46,0.013825090740228623,3.8376126925591763
347,3.47,0.014977105283661255,3.8263915156337394
348,3.48,0.013076139261186639,3.810467610018593
349,3.49,0.016296134006645566,3.7969598894217893
350,3.5,0.014330240745851302,3.784692697171108
351,3.5100000000000002,0.015201137479045265,3.7911866517068513
352,3.52,0.017305692298445932,3.770667854022815
353,3.5300000000000002,0.015746256684055857,3.758951459470141
354,3.54,0.016785556315372343,3.7498612548871812
355,3.5500000000000003,0.014210957270933283,3.7505324694293254
356,3.56,0.01388306324078458,3.727781769335733
357,3.5700000000000003,0.01640796813551332,3.7141220381122113
358,3.58,0.016266401168825027,3.7099463122518213
359,3.59,0.016113745053957455,3.6932116784669904
360,3.6,0.013890466057071426,3.6834125093212866
361,3.61,0.012465251316462977,3.680982504035955
362,3.62,0.012777023949213909,3.678049054878699
363,3.63,0.01172825314598046,3.652779746723664
364,3.64,0.011351016299970975,3.6536436289291636
365,3.65,0.015988752505958444,3.6423340649943126
366,3.66,0.016530376799513552,3.6328566398398694
367,3.67,0.0156999390721264,3.6264662662830625
368,3.68,0.012807676748747882,3.6249407343807145
369,3.69,0.017438057882163103,3.6147228540116885
370,3.7,0.015005933595992317,3.598575790119874
371,3.71,0.012391367633354352,3.5812091714349874
372,3.72,0.014209846506131775,3.582033521420208
373,3.73,0.01293182141555279,3.5669382327779737
374,3.74,0.014319419592938058,3.5555377031868347
375,3.75,0.017016623628149638,3.5492298347408315
376,3.7600000000000002,0.01453121606039626,3.5420284305925955
377,3.77,0.017878551462177608,3.5436140454695835
378,3.7800000000000002,0.017060974206010875,3.521360723770803
379,3.79,0.017475319322365523,3.5175413613462965
380,3.8000000000000003,0.014699571231288627,3.521462712629567
381,3.81,0.018745818663663774,3.5066247405383644
382,3.8200000000000003,0.019082715172659977,3.4880511842895165
383,3.83,0.017361914062121436,3.4760889929372474
384,3.84,0.011523561863055356,3.4683850039075828
385,3.85,0.015701327394897383,3.4744333559764145
386,3.86,0.017535055420193617,3.4592888698350768
387,3.87,0.012523532824576113,3.4431744202183228
388,3.88,0.01918810069547492,3.4376626956328806
389,3.89,0.01823292577031638,3.4258911954169378
390,3.9,0.014946590645150398,3.427652985208899
391,3.91,0.02060666873002205,3.419288351206979
392,3.92,0.014844860811575435,3.402336803245087
393,3.93,0.01980816699857464,3.404614528050663
394,3.94,0.01268705769799999,3.3855591141872874
395,3.95,0.015957397333065542,3.3832776460391103
396,3.96,0.01749464090587062,3.3682469500974968
397,3.97,0.01756032009414697,3.3638994440399856
398,3.98,0.01940769897270178,3.3591106329787817
399,3.99,0.019551305949830778,3.3539958158080845
400,4.0,0.01470828158889592,3.3425786471786108
401,4.01,0.021039244306725137,3.33042494601257
402,4.0200000000000005,0.017993316438815913,3.3306197271075098
403,4.03,0.01761809506395103,3.3277110025389987
404,4.04,0.019583409356367126,3.31508229231234
405,4.05,0.026463476058385744,3.3026277680029477
406,4.0600000000000005,0.02039395595005757,3.3126029709560374
407,4.07,0.022482770846279795,3.2966700528122885
408,4.08,0.01570450375436875,3.2868206644917133
409,4.09,0.02372445329277839,3.279753238327213
410,4.1,0.019800697582909706,3.2716064195917616
411,4.11,0.023392096209755558,3.2535150745464763
412,4.12,0.020002750322322526,3.2527827334827295
413,4.13,0.0224835448918816,3.2462485648277957
414,4.14,0.022831210746587047,3.2406218134304434
415,4.15,0.016100419485541563,3.2263470896938506
416,4.16,0.019879740083027047,3.2079527978549414
417,4.17,0.019065756644932968,3.219221043713003
418,4.18,0.02093104369647371,3.201784171139592
419,4.19,0.0172867796981761,3.1960381912906963
420,4.2,0.018983087600115522,3.188746031418356
421,4.21,0.024740512944742644,3.1852911567048627
422,4.22,0.021752985529318328,3.1786176722381385
423,4.23,0.023570843526466254,3.1689361014757313
424,4.24,0.021204046787057316,3.161729353397234
425,4.25,0.02450211101190497,3.1644064581112206
426,4.26,0.027551579707676514,3.1463622482927716
427,4.2700000000000005,0.026165217418595493,3.146557864935154
428,4.28,0.02336893583183406,3.133410900739914
429,4.29,0.022362413950252125,3.1296002791157136
430,4.3,0.02279018050574433,3.123642536648886
431,4.3100000000000005,0.01968552975679196,3.1185865895985896
432,4.32,0.02666017382713319,3.1052957256519083
433,4.33,0.0205345201990649,3.107161976873077
434,4.34,0.0222832146266644,3.0884989911178886
435,4.3500000000000005,0.028336894571108537,3.0942109303457443
436,4.36,0.024630036747648087,3.0750796159251403
437,4.37,0.028478797433214,3.086330583166371
438,4.38,0.02422778800059737,3.0700981693072893
439,4.39,0.0272935550171326,3.0787254621094107
440,4.4,0.02697692323640493,3.0673760635844176
441,4.41,0.025634174342400534,3.051349557301028
442,4.42,0.025107269275166766,3.0443285090771126
443,4.43,0.028514229211572106,3.044834618516034
444,4.44,0.030567626195655517,3.0300915045917933
445,4.45,0.02992649098624597,3.035553121146986
446,4.46,0.02768541408754423,3.0239179858863636
447,4.47,0.02847257198302842,3.029212476867984
448,4.48,0.026736001265437036,3.011570414249928
449,4.49,0.026421145790626592,3.011770998512027
450,4.5,0.02597024389577057,2.992114487617144
451,4.51,0.024480903581017743,3.00333385069469
452,4.5200000000000005,0.03453198337839371,2.9971686732603966
453,4.53,0.03010042101079482,2.9828570288775733
454,4.54,0.02873685552357,2.968434225784712
455,4.55,0.03134243080081861,2.9772214360181186
456,4.5600000000000005,0.026745476418692272,2.971948560038872
457,4.57,0.03161669582761456,2.9530088543231976
458,4.58,0.03229398970200092,2.9631386867953826
459,4.59,0.03307268942337471,2.9372261436188207
460,4.6000000000000005,0.031712348093303824,2.9455361785729317
461,4.61,0.035373432828502825,2.9337327087276583
462,4.62,0.03315448117684562,2.932593573713992
463,4.63,0.034982997355707375,2.9286959809792346
464,4.64,0.031063207502423838,2.9336935907251758
465,4.65,0.029977168441590145,2.9133162510993755
466,4.66,0.037158283884383546,2.9219526790191943
467,4.67,0.038196984654778984,2.90324226297738
468,4.68,0.03772466363387363,2.899911857503475
469,4.69,0.031888609674887,2.8921585933030705
470,4.7,0.036914289034666405,2.8952686495767104
471,4.71,0.036366038159327846,2.8861190915127324
472,4.72,0.030448163941983828,2.8695479638895693
473,4.73,0.03430328051639529,2.8701273724038354
474,4.74,0.036702295639434036,2.867831278981762
475,4.75,0.03266528708867047,2.860796757190233
476,4.76,0.03786484808124701,2.8537085332872203
477,4.7700000000000005,0.0390254658104969,2.8420072887023538
478,4.78,0.03610976601554628,2.8517756393775837
479,4.79,0.03911543362855842,2.8407456156637076
480,4.8,0.04067074513079118,2.8364817202629045
481,4.8100000000000005,0.039536655967449465,2.8430519662871463
482,4.82,0.039901093143868284,2.836198533615133
483,4.83,0.03909706404915893,2.8164130426490974
484,4.84,0.04401549846651469,2.82588737637872
485,4.8500000000000005,0.03824062567499663,2.811456855738018
486,4.86,0.04715603438808183,2.8141203857580472
487,4.87,0.042596291899619096,2.804454804152476
488,4.88,0.04083465762107065,2.801833527997776
489,4.89,0.04461170390351491,2.7922041383075324
490,4.9,0.04722077748908122,2.78533387428738
491,4.91,0.04497813398740006,2.7883795143524224
492,4.92,0.04498149290550912,2.785053279110893
493,4.93,0.04405528372290133,2.7776037432207734
494,4.94,0.047851204077176364,2.7681081398642786
495,4.95,0.04270025324582742,2.760988017118804
496,4.96,0.048552650009180194,2.761213447960401
497,4.97,0.04616228665915806,2.7579717474886163
498,4.98,0.05051835281203199,2.7576209520767314
499,4.99,0.04880052798884862,2.7449497763957384
500,5.0,0.050142867486533994,2.736951595714011
501,5.01,0.0509830808293214,2.740247491933147
502,5.0200000000000005,0.04944218030895116,2.7405062473689856
503,5.03,0.05411013964785612,2.7321999191134734
504,5.04,0.05157778820463427,2.7309195477446178
505,5.05,0.053539059997097675,2.7243991627904887
506,5.0600000000000005,0.05423072941019301,2.725576814492103
507,5.07,0.05411974682019043,2.71571963467022
508,5.08,0.062114904135480105,2.72084792287273
509,5.09,0.058510385299977694,2.707088378040631
510,5.1000000000000005,0.06004422581779335,2.6910786940629454
511,5.11,0.05894290949274737,2.6933069221427286
512,5.12,0.06371887854258584,2.6935457032635033
513,5.13,0.057672861324302924,2.701590458278617
514,5.14,0.06094781060418285,2.6898561909925194
515,5.15,0.06704960212837298,2.681599653426077
516,5.16,0.06460226451269258,2.675494382037552
517,5.17,0.0683091773079382,2.6799864051479547
518,5.18,0.06240153760457497,2.672079528920155
519,5.19,0.06440471492098093,2.6611100561580363
520,5.2,0.06560873515164416,2.663572421340671
521,5.21,0.06501693134476336,2.6671175067182946
522,5.22,0.06675126833424884,2.651181838330732
523,5.23,0.07072447161409277,2.655141907726334
524,5.24,0.06953088741917766,2.6531629264247605
525,5.25,0.06543895649339831,2.6406933289193013
526,5.26,0.07557074458225506,2.644200787763352
527,5.2700000000000005,0.07584129505195393,2.627079710537948
528,5.28,0.07691938027781804,2.6387624372171152
529,5.29,0.0774854991128431,2.629051286780069
530,5.3,0.08433000956446664,2.622881430721317
531,5.3100000000000005,0.07754352371380062,2.628004152958792
532,5.32,0.0804412405846814,2.610043488254861
533,5.33,0.08554906857549632,2.621284125705227
534,5.34,0.0845041244819728,2.603119723209226
535,5.3500000000000005,0.08121223051006365,2.609356098639949
536,5.36,0.08017808554633196,2.6118203398008126
537,5.37,0.09026009723004476,2.6041700334609237
538,5.38,0.09155378232768344,2.6035822928040484
539,5.39,0.08549840505144891,2.5891534386784056
540,5.4,0.0882496794564754,2.6010010932984056
541,5.41,0.0917671007409411,2.5891810218780256
542,5.42,0.09466818051427614,2.59438366076715
543,5.43,0.09621792427849887,2.5868568590994028
544,5.44,0.09499727566234444,2.584275821180388
545,5.45,0.09574177269952004,2.5853194475937893
546,5.46,0.10018303629015274,2.5999282053496366
547,5.47,0.10267036802824472,2.577152852926827
548,5.48,0.10473942776422039,2.584944162309761
549,5.49,0.10540292145765402,2.577382758832929
550,5.5,0.10354856471863191,2.5708504497801563
551,5.51,0.10780527602523703,2.5716785265431303
552,5.5200000000000005,0.1091190533099864,2.563634199571623
553,5.53,0.10650352737808706,2.5723673965258844
554,5.54,0.11336502640243763,2.5609844450706625
555,5.55,0.11454212406039123,2.561493058695072
556,5.5600000000000005,0.11572327817004859,2.560865733295815
557,5.57,0.11650823636528215,2.5494824795644417
558,5.58,0.11865112026104287,2.5473279902621133
559,5.59,0.12333597675068803,2.55163890655096
560,5.6000000000000005,0.12278224047577624,2.550909494033146
561,5.61,0.12886678960669595,2.5504758194330805
562,5.62,0.12567690570107892,2.549745007665077
563,5.63,0.1274261116765863,2.5326742799517348
564,5.64,0.12868014691373966,2.5361247842687624
565,5.65,0.13559523645274665,2.540044213461655
566,5.66,0.13450856500293976,2.536624962046062
567,5.67,0.14347984545034617,2.535180881100678
568,5.68,0.14280972702315595,2.537638488998247
569,5.69,0.14070118808041213,2.537524457823507
570,5.7,0.1427791396927845,2.526761676436318
571,5.71,0.14987347315772664,2.5246731909551174
572,5.72,0.15367453442961573,2.5239776498785966
573,5.73,0.1557372349364276,2.52362025942095
574,5.74,0.15668976813686925,2.52429077790824
575,5.75,0.15416138062058538,2.5187958584291983
576,5.76,0.15771840638191087,2.525998873212335
577,5.7700000000000005,0.16120475892087602,2.5288529324749365
578,5.78,0.16574076662149875,2.5286811554017765
579,5.79,0.16759988133116782,2.5277863382004115
580,5.8,0.1730347740460309,2.521586987985209
581,5.8100000000000005,0.17280393780396833,2.513672445238833
582,5.82,0.17678251225154634,2.524386315242732
583,5.83,0.17730308413382018,2.5222506988388855
584,5.84,0.18448863054005132,2.5088136285618923
585,5.8500000000000005,0.1832900034893056,2.509921313289749
586,5.86,0.18019815740337,2.509350894950094
587,5.87,0.19492584374986105,2.5126343955173858
588,5.88,0.19362603332614098,2.5130640846668952
589,5.89,0.20011400527954065,2.504810565458632
590,5.9,0.19801079292352597,2.5053187191709974
591,5.91,0.2023006694754543,2.4975715706972457
592,5.92,0.2085738959889069,2.5044810141841882
593,5.93,0.21066023868150383,2.5047514737668966
594,5.94,0.2133061869699181,2.5087206567128737
595,5.95,0.21175098158748226,2.5077981856699774
596,5.96,0.22616572225752393,2.5011082531241096
597,5.97,0.23022792041597423,2.4965566524910745
598,5.98,0.22887554039862654,2.5150377233840624
599,5.99,0.23589912483500855,2.509125058799763
600,6.0,0.23623570244692552,2.505108893618374
601,6.01,0.24398319172722618,2.5098993224700745
602,6.0200000000000005,0.24358905060750521,2.5046723122245087
603,6.03,0.2520898546200455,2.507791155755331
604,6.04,0.2593166680478121,2.5083312676160285
605,6.05,0.2659665600250328,2.503248191151681
606,6.0600000000000005,0.264285461013408,2.507097700052949
607,6.07,0.2692038308024346,2.5111283545851193
608,6.08,0.2782259154205722,2.5106846944122423
609,6.09,0.28381039474254793,2.5155682782287663
610,6.1000000000000005,0.2926072090778749,2.512765174711883
611,6.11,0.2867195174491398,2.51370165914845
612,6.12,0.30393818619266244,2.5145990615042138
613,6.13,0.29955620167858554,2.5243257336335927
614,6.140000000000001,0.30595828357410026,2.520373615863663
615,6.15,0.31696628638213964,2.5160163554731283
616,6.16,0.3163690646247047,2.514988885620467
617,6.17,0.3255710940276822,2.5168663848524924
618,6.18,0.3317186764007303,2.5257113761617562
619,6.19,0.34412808232394515,2.520340513939123
620,6.2,0.3421246374101309,2.511970774892921
621,6.21,0.34806824127878444,2.523368816288286
622,6.22,0.3563656018319771,2.529111754643097
623,6.23,0.36485079410105115,2.5184327641919078
624,6.24,0.36986959402397507,2.530915329503758
625,6.25,0.37185328498787346,2.5320847783231257
626,6.26,0.38952430028690277,2.543649991811071
627,6.2700000000000005,0.3904661769498504,2.5477020367931624
628,6.28,0.39711156178936374,2.5325944166364356
629,6.29,0.40263761150541477,2.5447552236801263
630,6.3,0.41010675220469295,2.5571926206970508
631,6.3100000000000005,0.4192431971093858,2.5474277285987115
632,6.32,0.42983846091149863,2.552153350344847
633,6.33,0.43714015071587076,2.5526305944903096
634,6.34,0.44182663909586567,2.553745029901288
635,6.3500000000000005,0.45382964116107555,2.569733020851594
636,6.36,0.4652455245426431,2.5675723507253707
637,6.37,0.46443657940952277,2.5680480075711922
638,6.38,0.48197309787759446,2.5763596903592543
639,6.390000000000001,0.48731156457964186,2.5700279834670865
640,6.4,0.49871829717121324,2.5779551534957013
641,6.41,0.5063016514872005,2.5739817114661223
642,6.42,0.5102946070591627,2.590620390177757
643,6.43,0.5173200838263674,2.5901974763825057
644,6.44,0.5287058297085733,2.5870248930099806
645,6.45,0.5363821748446908,2.5942970554381377
646,6.46,0.5498790888794409,2.602533140532369
647,6.47,0.558547682554977,2.6035923796805247
648,6.48,0.5680316918207583,2.595400724880879
649,6.49,0.5807769369824216,2.614894971976498
650,6.5,0.5927519603808724,2.6169338437116068
651,6.51,0.6066314516443336,2.6309661312478125
652,6.5200000000000005,0.61176886969057,2.627744916046833
653,6.53,0.6224156225555121,2.6191665670262476
654,6.54,0.6302489574431073,2.633251867010426
655,6.55,0.6476214320222362,2.646581201516097
656,6.5600000000000005,0.6492156732057808,2.638375740882068
657,6.57,0.6631258643510183,2.6634845248178394
658,6.58,0.678295942770138,2.6577145340062267
659,6.59,0.6929363431252691,2.6613935335867094
660,6.6000000000000005,0.7025600485049762,2.6808633085046427
661,6.61,0.7153261580596472,2.6731854431965525
662,6.62,0.7266417627110636,2.6694120447370127
663,6.63,0.7426041618177812,2.6892114328317986
664,6.640000000000001,0.748678827021766,2.6908263803400425
665,6.65,0.7624234818123784,2.696227621772657
666,6.66,0.7779639908276789,2.708025272076022
667,6.67,0.7877972645211477,2.714933144157531
668,6.68,0.8015482537296376,2.7196171313787048
669,6.69,0.8186224936313947,2.720823604396577
670,6.7,0.826563153750588,2.7367812201132646
671,6.71,0.8465803455797977,2.728572507696469
672,6.72,0.8579836309200293,2.7495235389071313
673,6.73,0.8729680988986387,2.752067118417753
674,6.74,0.882104711967846,2.760179406506905
675,6.75,0.90266843241308,2.7690061042538545
676,6.76,0.9199342903169377,2.7825417403732495
677,6.7700000000000005,0.9328749754515088,2.784979822917089
678,6.78,0.9464496435603921,2.7967077974048777
679,6.79,0.9636913512489732,2.797210817430226
680,6.8,0.9768287027958564,2.802975869287326
681,6.8100000000000005,0.9969110690550951,2.808213374981846
682,6.82,1.0077581985339803,2.8351218499635977
683,6.83,1.028378579179475,2.8295585716374294
684,6.84,1.0439536107948506,2.83984650689071
685,6.8500000000000005,1.054229348751294,2.8512554511816854
686,6.86,1.0799585186424765,2.851748430411077
687,6.87,1.0927432426361612,2.872565218622449
688,6.88,1.1111795196869267,2.866803835219691
689,6.890000000000001,1.121762767925,2.8844185332663037
690,6.9,1.1431143133527102,2.8916240808255638
691,6.91,1.1668346804547096,2.895568095992327
692,6.92,1.1828550283636259,2.905359363634146
693,6.93,1.196611913621418,2.9224612496358313
694,6.94,1.2206688491341724,2.9296188102303176
695,6.95,1.2330874948672597,2.9469247255248585
696,6.96,1.2579657218982478,2.949177876927949
697,6.97,1.2662646138263187,2.9551170464397654
698,6.98,1.2829182398432335,2.9685555378230495
699,6.99,1.3039000469380613,2.973473737659651
700,7.0,1.3252111932249515,2.977582529438953
701,7.01,1.3438730508196295,2.9927249303136843
702,7.0200000000000005,1.3627064367771633,3.0132393329907785
703,7.03,1.379608504282998,3.020283261641887
704,7.04,1.3971510641015081,3.027639645759574
705,7.05,1.4203938304471508,3.044342585364481
706,7.0600000000000005,1.4371224064782342,3.0459509634904687
707,7.07,1.4570971282806273,3.0684492492920867
708,7.08,1.4764337476359355,3.0669409940403054
709,7.09,1.4953049808861394,3.0808331059702683
710,7.1000000000000005,1.5104340387161033,3.1050486268733932
711,7.11,1.5326536813578253,3.113103059841652
712,7.12,1.5519624081159442,3.1254364037503377
713,7.13,1.5654730914589077,3.1356675887225163
714,7.140000000000001,1.5897819200063583,3.149535367363931
715,7.15,1.602047730401385,3.1594408140285446
716,7.16,1.6303764471354762,3.171350296370509
717,7.17,1.6428660691674977,3.179674918201074
718,7.18,1.6611825087312935,3.189149301135672
719,7.19,1.684169300038254,3.201712650656071
720,7.2,1.7019355289503266,3.219639136376868
721,7.21,1.7219405980126905,3.2162560918801306
722,7.22,1.736783488226715,3.2296508382473816
723,7.23,1.759579209089793,3.2531851510464618
724,7.24,1.7769944530280783,3.263722346348663
725,7.25,1.7932642656899878,3.2788322899125744
726,7.26,1.8119663654752127,3.2964940873403754
727,7.2700000000000005,1.8276441426889312,3.3138526919669817
728,7.28,1.8490719324885883,3.3142822547507325
729,7.29,1.86654160078103,3.331922851630155
730,7.3,1.8878042897979699,3.3376124176965063
731,7.3100000000000005,1.8983329138179077,3.362313589964386
732,7.32,1.9215745365746797,3.3797059521574924
733,7.33,1.934614900741105,3.3830663164687444
734,7.34,1.9551008128423497,3.4056778526097076
735,7.3500000000000005,1.972289395769067,3.423058727392395
736,7.36,1.9879803182648232,3.428685470910818
737,7.37,2.0057334931151667,3.428313366569605
738,7.38,2.0202854750145987,3.4533480845870117
739,7.390000000000001,2.045532213033377,3.4644999339590723
740,7.4,2.0598228400572314,3.477957356455011
741,7.41,2.0726161854597462,3.485570534542276
742,7.42,2.0899677721508003,3.5188200007013424
743,7.43,2.107958680278759,3.5243294267566516
744,7.44,2.123345285931082,3.5390026876200595
745,7.45,2.137582842906596,3.5650510711826593
746,7.46,2.1545408124911933,3.5719881258609356
747,7.47,2.176080124171017,3.5853574139594
748,7.48,2.1870132148136716,3.5969123796522346
749,7.49,2.1965441869243825,3.602956805690792
750,7.5,2.217015385718355,3.6316277307496434
751,7.51,2.2246345924732918,3.638408113282615
752,7.5200000000000005,2.2426170833574632,3.667380903955697
753,7.53,2.2595091696208778,3.685482961468664
754,7.54,2.2742191545197823,3.6897259686094075
755,7.55,2.2837453522168696,3.707160839618942
756,7.5600000000000005,2.303915016484365,3.722247315612306
757,7.57,2.3114301714612036,3.745587101129861
758,7.58,2.326884922568484,3.760367704060511
759,7.59,2.338389337511878,3.7821038242233493
760,7.6000000000000005,2.3560048648410827,3.798257030517325
761,7.61,2.359943357266861,3.804163496885821
762,7.62,2.3736442750273388,3.8249467126052643
763,7.63,2.3846631959000493,3.8410520434327835
764,7.640000000000001,2.3974243673047875,3.852804255535613
765,7.65,2.410827670503479,3.8713962482096433
766,7.66,2.4230982362417666,3.871530800328588
767,7.67,2.428617373326948,3.892663337319688
768,7.68,2.444535121381171,3.896181496443153
769,7.69,2.449070989892573,3.9433674562798107
770,7.7,2.4582389115122116,3.958761489638526
771,7.71,2.469197982664675,3.959984160896025
772,7.72,2.4811527783958636,3.979126136994537
773,7.73,2.4901791107701516,3.9972895663134724
774,7.74,2.496196488626544,4.010974930514269
775,7.75,2.5045411358350598,4.043833813679157
776,7.76,2.515513535556423,4.050329248304052
777,7.7700000000000005,2.5275160902799416,4.069222132126379
778,7.78,2.5302958806233313,4.081114015235737
779,7.79,2.542361695232897,4.094468195609093
780,7.8,2.5442671184709638,4.12630673764459
781,7.8100000000000005,2.5521882387393777,4.134020186856987
782,7.82,2.558449715646957,4.156986493703293
783,7.83,2.569977666630082,4.17262206833661
784,7.84,2.574488414118829,4.178170563220518
785,7.8500000000000005,2.5760826124325504,4.201613911801423
786,7.86,2.5882562374758877,4.217838674583175
787,7.87,2.5937994754028835,4.228845227954347
788,7.88,2.5963743239114123,4.254863889411332
789,7.890000000000001,2.6041576565884474,4.2791730294001775
790,7.9,2.6033230741595594,4.279875836191272
791,7.91,2.612907713219461,4.304484359131352
792,7.92,2.6242807040097196,4.31576443393224
793,7.930000000000001,2.6284042844987456,4.33810235515962
794,7.94,2.6333435671474175,4.3465626294172806
795,7.95,2.6364432909206923,4.370142309124798
796,7.96,2.6389030188032634,4.39872160443371
797,7.97,2.6419316422138834,4.398082719947839
798,7.98,2.644520377641602,4.428933391691134
799,7.99,2.6513836731027616,4.4444239276620605
800,8.0,2.6550805624257627,4.459384512430746
801,8.01,2.661252882549887,4.48480118181332
802,8.02,2.664072752359342,4.5001042228614505
803,8.03,2.664424772267426,4.513960679753934
804,8.040000000000001,2.6650909547950663,4.537921736192777
805,8.05,2.670039088618148,4.538436052094853
806,8.06,2.6761353959574503,4.56487644487532
807,8.07,2.6786418828047087,4.583990335622782
808,8.08,2.677572052725909,4.600161334910189
809,8.09,2.6788074168846894,4.609132725810675
810,8.1,2.685428697469773,4.641428050224884
811,8.11,2.685195421472612,4.654993576912138
812,8.120000000000001,2.686029069366746,4.675485556348487
813,8.13,2.688856987179278,4.683769467532743
814,8.14,2.686918351404121,4.702102375876263
815,8.15,2.6926104879148984,4.721442741753093
816,8.16,2.6928777658243557,4.74376504572264
817,8.17,2.6967822636238226,4.75249816983632
818,8.18,2.691431197213956,4.773852808830261
819,8.19,2.694524105261274,4.795158540438297
820,8.2,2.6922268949710473,4.811507209844848
821,8.21,2.685244780764153,4.836868492669187
822,8.22,2.6918883262434794,4.855519647214182
823,8.23,2.6932348838620386,4.8640612542326815
824,8.24,2.6937670444597956,4.883191599383205
825,8.25,2.6937960617998136,4.90966249078967
826,8.26,2.6907671270444835,4.9206364645928655
827,8.27,2.6884135807165,4.935762084056226
828,8.28,2.6860373927047525,4.959373433966248
829,8.290000000000001,2.6908481056326305,4.9829756780500984
830,8.3,2.689380447725992,4.989208161409863
831,8.31,2.6853578168480094,5.012272391678457
832,8.32,2.680225478558635,5.024633015965191
833,8.33,2.682575518153767,5.042713389608953
834,8.34,2.6825372789069997,5.0638092543405255
835,8.35,2.6800224842499025,5.076986119555305
836,8.36,2.6818284647504695,5.091811472237214
837,8.370000000000001,2.677623794214069,5.1241325384941625
838,8.38,2.676486478762195,5.13903658255217
839,8.39,2.6720278341163186,5.1495042829185556
840,8.4,2.670985008939772,5.174834817947655
841,8.41,2.6672560672306393,5.189289958240371
842,8.42,2.664478191065748,5.208051898264801
843,8.43,2.664147653737931,5.217141386207334
844,8.44,2.6579696203782905,5.233058039502607
845,8.45,2.6572514704442813,5.25266802059195
846,8.46,2.6566323504260585,5.27247885150435
847,8.47,2.6600700303763016,5.2841215882485075
848,8.48,2.6470480047411376,5.308491398127343
849,8.49,2.6521582576430545,5.319298039902934
850,8.5,2.6438110776732735,5.34540714691332
851,8.51,2.6359860338655805,5.365386983635254
852,8.52,2.6387296375554876,5.372107990438629
853,8.53,2.6387308279569783,5.400290304297152
854,8.540000000000001,2.6299052021937097,5.395222760888515
855,8.55,2.6301847670964977,5.431279968978525
856,8.56,2.6264236831370242,5.451593846038513
857,8.57,2.6194735140573497,5.468470200883027
858,8.58,2.6185699359751573,5.484757861195136
859,8.59,2.6181049660641325,5.498084651918206
860,8.6,2.608973628339522,5.51764077624487
861,8.61,2.6085660381892533,5.530642377743942
862,8.620000000000001,2.604512204423775,5.557869394828167
863,8.63,2.601888065170043,5.56690860342997
864,8.64,2.5934087967237995,5.577631147282128
865,8.65,2.5950056575321288,5.601091527305162
866,8.66,2.588068916029271,5.612814217962971
867,8.67,2.5869705371185994,5.63427555797018
868,8.68,2.583840859898286,5.653686083542602
869,8.69,2.5744252101543004,5.659197492962474
870,8.700000000000001,2.5727149935409166,5.683035458710217
871,8.71,2.572739280892085,5.694398609244086
872,8.72,2.56146952308781,5.723651164404973
873,8.73,2.5631113566265746,5.740785949009802
874,8.74,2.5499889166232412,5.756117023053599
875,8.75,2.5538086189193097,5.766543616243846
876,8.76,2.548617898127248,5.785042625168832
877,8.77,2.5459956571475115,5.792946591658141
878,8.78,2.5360872898658657,5.807981932226722
879,8.790000000000001,2.5310827345035074,5.824212231654053
880,8.8,2.5276212400649123,5.854391345195125
881,8.81,2.5215538548022316,5.863373424175472
882,8.82,2.5236769483022568,5.875682171733836
883,8.83,2.515242582367476,5.900185020730205
884,8.84,2.5113945526970642,5.921012218845502
885,8.85,2.5061963244816234,5.9198746697454006
886,8.86,2.5024516011695446,5.946928979615969
887,8.870000000000001,2.4997634525154684,5.950984839102966
888,8.88,2.49129622347618,5.9708720414122975
889,8.89,2.490900254943874,5.9939992543664395
890,8.9,2.4857570544262053,6.0000710865327855
891,8.91,2.4737114300681906,6.02062611006994
892,8.92,2.474708469389418,6.045668434131748
893,8.93,2.466150601051795,6.050643755410893
894,8.94,2.466458148872633,6.06531013785229
895,8.950000000000001,2.45649667620393,6.080160459190508
896,8.96,2.4505188105759084,6.103061491444426
897,8.97,2.4458463465807196,6.112629257382993
898,8.98,2.444117640626944,6.132635033088647
899,8.99,2.4339743669627736,6.144109108283222
900,9.0,2.433120596407159,6.153042393030558
901,9.01,2.4305451147032904,6.180149411405065
902,9.02,2.4212652474632144,6.195346571189887
903,9.03,2.4181538399051554,6.2088751020920325
904,9.040000000000001,2.406917861272491,6.220241938251557
905,9.05,2.402179139562146,6.239342950179778
906,9.06,2.3960042307669394,6.259193625216972
907,9.07,2.389772971653338,6.268887117757552
908,9.08,2.384084161399453,6.282433206316485
909,9.09,2.3807325528344983,6.306820280225971
910,9.1,2.3797655412723677,6.311119241704426
911,9.11,2.3687150944944864,6.324673709490819
912,9.120000000000001,2.3664170352966103,6.347679465367342
913,9.13,2.3596896628431128,6.364787967713576
914,9.14,2.3543504076880084,6.360360555151968
915,9.15,2.3473887892117182,6.381141303516977
916,9.16,2.343375462190264,6.400268800562384
917,9.17,2.3353469166791267,6.424085581425933
918,9.18,2.3239721531973445,6.424933948226425
919,9.19,2.3220113440214236,6.4324765816692375
920,9.200000000000001,2.3158796225631746,6.463100123350053
921,9.21,2.3087690190142545,6.4679455931343925
922,9.22,2.303824390459448,6.477007120045201
923,9.23,2.2997672916547125,6.489036608556778
924,9.24,2.289718806523887,6.513477537914225
925,9.25,2.283507810929174,6.529845293671995
926,9.26,2.281011389769213,6.540634360297461
927,9.27,2.2710688224983606,6.543263545353826
928,9.28,2.263479298680627,6.560746702405216
929,9.290000000000001,2.2604323449408112,6.585447323017028
930,9.3,2.2505232162605258,6.587084382666071
931,9.31,2.2505898632100125,6.6060319440534006
932,9.32,2.240035632836756,6.620075725604623
933,9.33,2.2348071011312536,6.625336115794117
934,9.34,2.2300603591533084,6.643403909301153
935,9.35,2.2226853781391727,6.651707196448713
936,9.36,2.2091658490096733,6.660835989103596
937,9.370000000000001,2.211069822050648,6.68079296657684
938,9.38,2.2028897803347514,6.691071965840977
939,9.39,2.194255522324923,6.701462314065059
940,9.4,2.1864798998675763,6.711774853226622
941,9.41,2.179975077817907,6.72541585293052
942,9.42,2.1725010494214527,6.7424632369931325
943,9.43,2.1666044664854596,6.768889838331876
944,9.44,2.1600389273438245,6.758037241580101
945,9.450000000000001,2.1619816798378215,6.775785230354746
946,9.46,2.1493853103358562,6.789392063353057
947,9.47,2.144821911103801,6.795434632488843
948,9.48,2.134856460925909,6.813448960682521
949,9.49,2.128164676030356,6.821730289106537
950,9.5,2.125061546318293,6.826989496646834
951,9.51,2.1143478916781504,6.853461358502895
952,9.52,2.1054790598343427,6.86174901736543
953,9.53,2.1049042011355557,6.863350720632911
954,9.540000000000001,2.095367418814274,6.880194566282006
955,9.55,2.08856869441951,6.8936938643339865
956,9.56,2.0842403507360836,6.904075893052728
957,9.57,2.0755529587586623,6.914542488947999
958,9.58,2.072764036599788,6.923685324900586
959,9.59,2.0688628019721524,6.939606467213044
960,9.6,2.0604574574878423,6.938739452590464
961,9.61,2.0495035004642084,6.955291324484867
962,9.620000000000001,2.0449642098662304,6.969101348969002
963,9.63,2.0365368841343123,6.975623494300739
964,9.64,2.0329554324382877,6.987076462151191
965,9.65,2.023874665686445,6.995645164444736
966,9.66,2.016293944823617,7.010337236755468
967,9.67,2.010791302734561,7.015606907578069
968,9.68,2.0030410248623927,7.026336806468416
969,9.69,1.9922005779036351,7.032830610021363
970,9.700000000000001,1.9943787545207234,7.037777695880788
971,9.71,1.9875951869017634,7.055298685712508
972,9.72,1.9731905610982328,7.058374421208256
973,9.73,1.9716961236899817,7.084994671318429
974,9.74,1.9599983826097611,7.080134147401128
975,9.75,1.955356833814408,7.090559708037622
976,9.76,1.9448874788125163,7.109688858243202
977,9.77,1.9426982361185605,7.11430778178914
978,9.78,1.9366102722195306,7.117409948335171
979,9.790000000000001,1.9285976540756575,7.123445580097312
980,9.8,1.9212734585060605,7.131365890893091
981,9.81,1.9155533958932291,7.144611428422734
982,9.82,1.9032812664446284,7.157200078990125
983,9.83,1.9006102160412173,7.171073851610889
984,9.84,1.8902824948761816,7.184145948583908
985,9.85,1.887127342240708,7.169395752774742
986,9.86,1.880482444960062,7.193450517567264
987,9.870000000000001,1.8733734894242744,7.196757044968091
988,9.88,1.867914532319556,7.213734962754989
989,9.89,1.861208133376618,7.220130270653911
990,9.9,1.8510199653084765,7.231346789114804
991,9.91,1.841568115705982,7.222446812684567
992,9.92,1.839044459198659,7.235623126833602
993,9.93,1.8304551889435785,7.2498095070941675
994,9.94,1.8196054372972268,7.257894124165992
995,9.950000000000001,1.819705957153823,7.250364845487879
996,9.96,1.810938836583725,7.2616177915801705
997,9.97,1.80020699037386,7.28037842326474
998,9.98,1.8005950557494677,7.282217969447529
999,9.99,1.792559589611257,7.291514349999094
1000,10.0,1.786607414095306,7.3003534563348005
1001,10.01,1.7765135158270766,7.299911004560248
1002,10.02,1.7721303594053521,7.316584482899275
1003,10.03,1.766482330797359,7.3232498054872455
1004,10.040000000000001,1.7548648664237105,7.3187571472001
1005,10.05,1.74813233882003,7.327788143946256
1006,10.06,1.7365039643146625,7.341272810025268
1007,10.07,1.7326768315651524,7.342640386247408
1008,10.08,1.7249869373813265,7.337058290447496
1009,10.09,1.716593286794225,7.349240082516725
1010,10.1,1.7128439737294265,7.356779616482188
1011,10.11,1.704276554342246,7.35781261373238
1012,10.120000000000001,1.6913844056558718,7.376110525624726
1013,10.13,1.6842610497258,7.3770748557605765
1014,10.14,1.6863214363137675,7.370269036134023
1015,10.15,1.6747905820507836,7.389018393366977
1016,10.16,1.6695861854208476,7.396913497970524
1017,10.17,1.662182704313266,7.401851694165011
1018,10.18,1.6523683896780175,7.401864270535781
1019,10.19,1.6453657771308723,7.401652419352574
1020,10.200000000000001,1.6367419204372167,7.397660896039591
1021,10.21,1.6317091576825116,7.412825098347718
1022,10.22,1.620012068105797,7.4254797062071125
1023,10.23,1.6201502060877628,7.426449619519965
1024,10.24,1.605145576228521,7.441626133584696
1025,10.25,1.6037168658689753,7.424906115760632
1026,10.26,1.5980178056365062,7.44036034552188
1027,10.27,1.586467791032233,7.439038282874863
1028,10.28,1.5815756151568772,7.441389430595487
1029,10.290000000000001,1.5735876849278563,7.455455998554308
1030,10.3,1.5698809129311322,7.456857726729384
1031,10.31,1.5564703996236786,7.457010080284172
1032,10.32,1.5494134860715656,7.460221520108849
1033,10.33,1.5459605023380112,7.460296214091631
1034,10.34,1.5386055411028223,7.466134487578471
1035,10.35,1.5249944446901367,7.475691301641892
1036,10.36,1.5200934989693748,7.483227395733766
1037,10.370000000000001,1.5141646223015088,7.471906085470687
1038,10.38,1.5055284245676384,7.484317322937075
1039,10.39,1.495891035350113,7.466748882997131
1040,10.4,1.4840759939728765,7.4837340146016285
1041,10.41,1.4821048277441724,7.490997065368244
1042,10.42,1.4786404083572242,7.500255969315239
1043,10.43,1.4656404162121301,7.490179714866149
1044,10.44,1.4594100881332013,7.4921174393884
1045,10.450000000000001,1.454474460725065,7.498045676852551
1046,10.46,1.4412515004740503,7.510253026812087
1047,10.47,1.435557207627024,7.496093591364319
1048,10.48,1.4299767575101487,7.515466832365734
1049,10.49,1.4241946837386021,7.50083336866419
1050,10.5,1.413197721108093,7.509178009866303
1051,10.51,1.4069392690799076,7.5053365120361395
1052,10.52,1.3954469164367378,7.51383544898538
1053,10.53,1.3926552965898815,7.519801484154217
1054,10.540000000000001,1.3843618799672586,7.520144732208265
1055,10.55,1.3792977217458193,7.5218433202678465
1056,10.56,1.370124072074557,7.523648388627366
1057,10.57,1.3621919861977743,7.5231873823507645
1058,10.58,1.3593217918205647,7.519790840661899
1059,10.59,1.3481804872762682,7.517717537005999
1060,10.6,1.3399925184306027,7.514321100194642
1061,10.61,1.333304489880062,7.526783006247803
1062,10.620000000000001,1.3254057218600481,7.524506948466631
1063,10.63,1.3154125105970584,7.520471106169703
1064,10.64,1.314178845805816,7.527657291577458
1065,10.65,1.3064584708902403,7.52439168533405
1066,10.66,1.298485767740724,7.514864738137693
1067,10.67,1.2803963583915097,7.519867377974971
1068,10.68,1.2836820197884884,7.524851558786995
1069,10.69,1.2755240307781874,7.515431064451547
1070,10.700000000000001,1.269124827164484,7.5308212721216945
1071,10.71,1.261616356796633,7.523436268595124
1072,10.72,1.2503564529930449,7.527162358067935
1073,10.73,1.2399447953424358,7.519294323937754
1074,10.74,1.2379774582985956,7.523288430547619
1075,10.75,1.2310668101517483,7.516862753012363
1076,10.76,1.218983564280091,7.521048772775638
1077,10.77,1.2149990646705664,7.508464900773221
1078,10.78,1.2153520531945998,7.5141504066249185
1079,10.790000000000001,1.1998793080877024,7.515495379799394
1080,10.8,1.1919652206751603,7.509311202933711
1081,10.81,1.1835213260192103,7.500733117303813
1082,10.82,1.1750816244151643,7.501912325867734
1083,10.83,1.171492466457065,7.510225338996526
1084,10.84,1.1580544836807796,7.503170255603403
1085,10.85,1.156332543325684,7.501986418744305
1086,10.86,1.1503049283398947,7.499720814315002
1087,10.870000000000001,1.1416913980768564,7.497842033963866
1088,10.88,1.1359615642486711,7.499331122232884
1089,10.89,1.1312138427507954,7.500702599335115
1090,10.9,1.1236393907494509,7.495205265337173
1091,10.91,1.1105379108461997,7.491664780709806
1092,10.92,1.1029407693220474,7.495540222722414
1093,10.93,1.0990895272946941,7.4907685926197605
1094,10.94,1.0904356046244188,7.479905424099208
1095,10.950000000000001,1.0846763570646618,7.478389063821866
1096,10.96,1.077472746791563,7.4738248639392015
1097,10.97,1.0676558730433416,7.480529233665803
1098,10.98,1.0640317947534246,7.481260394443925
1099,10.99,1.0561482604675416,7.463011764982134
1100,11.0,1.0470088979629237,7.465108987623684
1101,11.01,1.0425029006103288,7.462760161482431
1102,11.02,1.0328809439305393,7.457137836790851
1103,11.03,1.0290004592986146,7.455298765060629
1104,11.040000000000001,1.0140103021206908,7.467037314991357
1105,11.05,1.0101823207972223,7.458643468475934
1106,11.06,1.0033173833308051,7.452441996387645
1107,11.07,0.9960012749314885,7.448345290244776
1108,11.08,0.9902339228154295,7.432348943331005
1109,11.09,0.984020655182251,7.436574446721534
1110,11.1,0.9771458356459325,7.429844226270559
1111,11.11,0.9668195864051825,7.4228839023707796
1112,11.120000000000001,0.9674562620448752,7.412110998729024
1113,11.13,0.9566639871138752,7.4063018665160705
1114,11.14,0.9451779749968433,7.404740873158006
1115,11.15,0.9392310460193712,7.396714650789479
1116,11.16,0.9331929094440674,7.3950037582861965
1117,11.17,0.9205619575081787,7.3903819608033325
1118,11.18,0.9223196054097015,7.388023521828589
1119,11.19,0.9116691877559393,7.3759463921667585
1120,11.200000000000001,0.9037999053992257,7.366192276482519
1121,11.21,0.8975706862219385,7.365749688704004
1122,11.22,0.889491185352452,7.353506358535706
1123,11.23,0.8870055650375129,7.351541923460708
1124,11.24,0.8763877010033226,7.343278146591904
1125,11.25,0.866369232995091,7.350231200911006
1126,11.26,0.8624591846139606,7.334311043165862
1127,11.27,0.8565088849781488,7.319898125015
1128,11.28,0.849272531110618,7.331079337842213
1129,11.290000000000001,0.845709098884566,7.3239863829917615
1130,11.3,0.8409988954086913,7.306273066722403
1131,11.31,0.8290622330695806,7.3024901816516286
1132,11.32,0.822418464693495,7.294170206958189
1133,11.33,0.8192266146051396,7.2956024601545275
1134,11.34,0.805711742437509,7.281444448532445
1135,11.35,0.7992855196108236,7.271371899434764
1136,11.36,0.7961610409440022,7.263507913173494
1137,11.370000000000001,0.7868819286552419,7.253737996632959
1138,11.38,0.7781763979805754,7.253460743017307
1139,11.39,0.7710593394685794,7.241342783713716
1140,11.4,0.7639708985868237,7.233198988982592
1141,11.41,0.7609538737478602,7.238198793168975
1142,11.42,0.7534498788530256,7.211193977894465
1143,11.43,0.743699722127113,7.217958451398231
1144,11.44,0.744270495921169,7.206006902308116
1145,11.450000000000001,0.7361164964753631,7.195544968925693
1146,11.46,0.731857461234021,7.185206312970624
1147,11.47,0.7230975508952092,7.174208382925808
1148,11.48,0.7148488212479646,7.16674515213922
1149,11.49,0.716117678284804,7.164640427784144
1150,11.5,0.7101076417619003,7.148088715818316
1151,11.51,0.6974660002267223,7.129202935761696
1152,11.52,0.6921575899770067,7.134040235018456
1153,11.53,0.6869517108281712,7.127719468952396
1154,11.540000000000001,0.6750205858400566,7.119029429322593
1155,11.55,0.6703404512086103,7.102594160730027
1156,11.56,0.6620240936607076,7.09564090130672
1157,11.57,0.6590933988138127,7.089374860944797
1158,11.58,0.6541232921328051,7.08449658135338
1159,11.59,0.6496309120578728,7.063156330407177
1160,11.6,0.6390504363283754,7.053102179125093
1161,11.61,0.6401351991847554,7.047102436220783
1162,11.620000000000001,0.6328533234901123,7.039821982550942
1163,11.63,0.6276453343362653,7.035754496385348
1164,11.64,0.6180601511604175,7.022805403578928
1165,11.65,0.6120873327277905,7.00955803852433
1166,11.66,0.6057826489673752,6.99983294673113
1167,11.67,0.6036821812068779,6.982669272500721
1168,11.68,0.5966488405479998,6.980326600350937
1169,11.69,0.5850946950429545,6.969517704078631
1170,11.700000000000001,0.5820204890604043,6.950098223496606
1171,11.71,0.5801042858055712,6.937921207956342
1172,11.72,0.5700487291806018,6.939316035630483
1173,11.73,0.5622989081204119,6.921417192308316
1174,11.74,0.5660105179951294,6.918192993620702
1175,11.75,0.5515290631649096,6.9026667924106535
1176,11.76,0.5464484747564456,6.899043247940308
1177,11.77,0.5417821484584961,6.883334987569616
1178,11.78,0.5378876785469512,6.871714369066628
1179,11.790000000000001,0.5338350759707298,6.857543510569454
1180,11.8,0.5274997611863309,6.848918509636616
1181,11.81,0.5208530012170148,6.841505411453476
1182,11.82,0.5140624144343601,6.818621900353282
1183,11.83,0.5069378250747513,6.805133034254796
1184,11.84,0.5036640236513479,6.810668840852653
1185,11.85,0.5004733563134218,6.777254045833074
1186,11.86,0.49401163886044536,6.779445609811704
1187,11.870000000000001,0.489901528030711,6.771870895059518
1188,11.88,0.4878555648138888,6.7521022595530775
1189,11.89,0.4835837660220507,6.733953443333319
1190,11.9,0.47335546017092855,6.73380189041623
1191,11.91,0.4678526408583999,6.723276722424697
1192,11.92,0.46437303494965293,6.709264578830217
1193,11.93,0.4594624239750573,6.697742742371973
1194,11.94,0.4563196051363981,6.675000939208624
1195,11.950000000000001,0.4528271617497103,6.672431625850198
1196,11.96,0.4446452762548232,6.655707371762907
1197,11.97,0.4358669523120682,6.63838801934888
1198,11.98,0.43935851799598546,6.630839610764785
1199,11.99,0.4282772792305267,6.6198193255096776
1200,12.0,0.42411090634012016,6.602632936280864
1201,12.01,0.4191565010317394,6.590450359587165
1202,12.02,0.412877350825844,6.5787854967377015
1203,12.030000000000001,0.4182972965450851,6.565781504780835
1204,12.040000000000001,0.4090985411434811,6.5425279042983435
1205,12.05,0.40475485244494586,6.532935455954531
1206,12.06,0.40207116998939907,6.5276987121611345
1207,12.07,0.3974127575419123,6.514101262173174
1208,12.08,0.39260029912511474,6.501564240233809
1209,12.09,0.3861944953373034,6.496975000689852
1210,12.1,0.38398863122145344,6.48670069580023
1211,12.11,0.38212915388572727,6.461493404189688
1212,12.120000000000001,0.37911345503097227,6.451287642721
1213,12.13,0.3734978948579924,6.4441400694013735
1214,12.14,0.363696953377113,6.417811504375769
1215,12.15,0.36365800473884735,6.4143408259532935
1216,12.16,0.3586939710938341,6.393878340820708
1217,12.17,0.3610318944320793,6.3840053229830325
1218,12.18,0.3485141037974713,6.379964271563578
1219,12.19,0.35207844911817066,6.357537755053993
1220,12.200000000000001,0.34561080732365784,6.3317966886269375
1221,12.21,0.33845209423282047,6.324988736388117
1222,12.22,0.336729125713101,6.317059393232006
1223,12.23,0.332749854911037,6.282148940455201
1224,12.24,0.33436116041745045,6.286236926119531
1225,12.25,0.3261105166655983,6.270175751018594
1226,12.26,0.3282075898063195,6.272767250526205
1227,12.27,0.3216598471867155,6.245803023593624
1228,12.280000000000001,0.31761193594866377,6.2285988012079265
1229,12.290000000000001,0.30961858193856656,6.2182008676268135
1230,12.3,0.3123820609923451,6.198783809582912
1231,12.31,0.3075207172026723,6.189863513442844
1232,12.32,0.3034967955259783,6.17111979802791
1233,12.33,0.2988946267532122,6.156875860039159
1234,12.34,0.2983973287158324,6.141536660872658
1235,12.35,0.295854157112681,6.131477824399143
1236,12.36,0.2912003839521589,6.11060418699765
1237,12.370000000000001,0.288854270334211,6.10544074884421
1238,12.38,0.2857897606373768,6.091800679794841
1239,12.39,0.2843190794097843,6.088590135316675
1240,12.4,0.28020240232247784,6.070314459059421
1241,12.41,0.2796935540611945,6.047951213685804
1242,12.42,0.27775177913035093,6.031654806386621
1243,12.43,0.2747573557968626,6.011363491880868
1244,12.44,0.26476121374029526,5.997403936157094
1245,12.450000000000001,0.26947381487978744,5.991281553832141
1246,12.46,0.2641803738005265,5.973021697887466
1247,12.47,0.26366030973108145,5.956257481170162
1248,12.48,0.2585126028576433,5.945857671866816
1249,12.49,0.2576376735357486,5.921321543615243
1250,12.5,0.25113192942790674,5.91517667648907
1251,12.51,0.25261683167464233,5.908645273928964
1252,12.52,0.25076518938339115,5.895149483215853
1253,12.530000000000001,0.24476988890329962,5.8730080730514524
1254,12.540000000000001,0.24173878941311142,5.862629424855786
1255,12.55,0.24470251664356027,5.851702880564038
1256,12.56,0.24302030663824944,5.828908793212639
1257,12.57,0.24049694819494696,5.810487538452641
1258,12.58,0.2300798920313547,5.8040629365886955
1259,12.59,0.23150458071910035,5.789465629226179
1260,12.6,0.22913242999250708,5.789037181951091
1261,12.61,0.22850373729571413,5.758821135938596
1262,12.620000000000001,0.23096728515749787,5.751803639339996
1263,12.63,0.2246683108205027,5.729225429976233
1264,12.64,0.22177654137117664,5.720714397931329
1265,12.65,0.21997032478180883,5.702353152390723
1266,12.66,0.2213420411994181,5.693940352110304
1267,12.67,0.2195532168634271,5.6785238385014125
1268,12.68,0.21940430211017456,5.670136023850844
1269,12.69,0.2132091484537149,5.651774924176309
1270,12.700000000000001,0.21022891352185705,5.623365037085582
1271,12.71,0.21410692319141839,5.618453309303059
1272,12.72,0.21458719106593652,5.607461486010269
1273,12.73,0.20579802433215588,5.586063974389715
1274,12.74,0.20303228897723405,5.577981746965165
1275,12.75,0.2014478855747548,5.571163236271372
1276,12.76,0.20214177657688653,5.55680846762563
1277,12.77,0.1981317315898201,5.524392205858214
1278,12.780000000000001,0.19818491996607002,5.517934769495014
1279,12.790000000000001,0.19416831033284923,5.5036406906745885
1280,12.8,0.19108602940423783,5.497783181150934
1281,12.81,0.19094950206012612,5.476780581573924
1282,12.82,0.19272536232320567,5.466009117057123
1283,12.83,0.19022992303900244,5.462453641604893
1284,12.84,0.19154494395910387,5.437665573442244
1285,12.85,0.18612160834026872,5.42591751940839
1286,12.86,0.18371444070353427,5.413725402955945
1287,12.870000000000001,0.1874861351265523,5.404465448245641
1288,12.88,0.18641911422406002,5.393261781139393
1289,12.89,0.18576076819451917,5.357528148395502
1290,12.9,0.18038721116559883,5.355641777262796
1291,12.91,0.180369676947482,5.34322536317602
1292,12.92,0.17880537216644676,5.328861808606706
1293,12.93,0.17992257812214313,5.321270880924912
1294,12.94,0.17925433755729953,5.317360538422498
1295,12.950000000000001,0.1742910296734769,5.284132834710187
1296,12.96,0.17382440443444297,5.276846827511147
1297,12.97,0.16939731366077843,5.272344974892281
1298,12.98,0.17192278491413446,5.26026735278382
1299,12.99,0.1681584335481227,5.239414246869209
1300,13.0,0.16431375326930708,5.227850528843639
1301,13.01,0.1683146974472316,5.217679432734021
1302,13.02,0.17258919545490498,5.197191517330235
1303,13.030000000000001,0.16167167155166604,5.183977616102571
1304,13.040000000000001,0.16407934475085156,5.188175763570921
1305,13.05,0.15925334288967574,5.147833182695471
1306,13.06,0.16170250242962972,5.15414278587947
1307,13.07,0.16107295356082954,5.134195801213825
1308,13.08,0.16249891395210422,5.121922126622796
1309,13.09,0.1581185490797771,5.101497658746737
1310,13.1,0.16188811013580157,5.101094959141875
1311,13.11,0.15250681205768649,5.094818211151772
1312,13.120000000000001,0.1624371372952925,5.073177056667762
1313,13.13,0.1590884175140126,5.058281198957564
1314,13.14,0.15158869737967978,5.05777746836252
1315,13.15,0.1477716905009438,5.0450037240496926
1316,13.16,0.15440742941805605,5.019885084424603
1317,13.17,0.15039916728103628,5.005963339071599
1318,13.18,0.1520728585501623,5.0092604048237215
1319,13.19,0.15063247797466525,4.9990672603439075
1320,13.200000000000001,0.14800977771974275,4.985868540400528
1321,13.21,0.1516861227551696,4.980058171273336
1322,13.22,0.14665524013495085,4.952100603870388
1323,13.23,0.1467341776413469,4.9395460664863515
1324,13.24,0.14761713430290643,4.938603248260167
1325,13.25,0.1482451450448916,4.922941813303554
1326,13.26,0.14569106335968113,4.910344513427163
1327,13.27,0.14492707603766722,4.897825067438851
1328,13.280000000000001,0.14461870022001294,4.887747654111438
1329,13.290000000000001,0.14343615446263913,4.873007497144071
1330,13.3,0.14695887906317018,4.8657773538488645
1331,13.31,0.1438984610474338,4.853562214079317
1332,13.32,0.14304632031990897,4.839470788227478
1333,13.33,0.14074805228181583,4.836075284982912
1334,13.34,0.13951228319897938,4.810940275152708
1335,13.35,0.14275174320587927,4.797883738486399
1336,13.36,0.14016302286997964,4.798651439018302
1337,13.370000000000001,0.13751079699159557,4.780190589158825
1338,13.38,0.13546051950739738,4.775618731680417
1339,13.39,0.1375938440609533,4.745925012458114
1340,13.4,0.1447020523430535,4.749398707396732
1341,13.41,0.13773298051154456,4.736305852824892
1342,13.42,0.1422998679097505,4.725310753579202
1343,13.43,0.13970824198726522,4.715254755592529
1344,13.44,0.13788969894685757,4.702428298216544
1345,13.450000000000001,0.13138657904026968,4.706353940648133
1346,13.46,0.13523575122881448,4.683676328683868
1347,13.47,0.13580680501409545,4.672533676593764
1348,13.48,0.1329763191705946,4.654276364737933
1349,13.49,0.1342677328578315,4.648382491714777
1350,13.5,0.131118968459724,4.647197780234182
1351,13.51,0.1318113256704233,4.633341614873354
1352,13.52,0.13980949762916525,4.625607242960219
1353,13.530000000000001,0.12791149202195468,4.604990683320809
1354,13.540000000000001,0.13441193092483444,4.602897062133406
1355,13.55,0.1325970179340942,4.583626608609858
1356,13.56,0.13934674135240313,4.590416421957914
1357,13.57,0.13528697553385594,4.5805470229985765
1358,13.58,0.13012014781098297,4.556664986981341
1359,13.59,0.12903879069085822,4.550675198873666
1360,13.6,0.13079634467342718,4.538397634798652
1361,13.61,0.13122981849169227,4.528360289412676
1362,13.620000000000001,0.13356267013228149,4.515860738920209
1363,13.63,0.13279797420768166,4.504966836326342
1364,13.64,0.13123629028223843,4.495865533653281
1365,13.65,0.1305559377840038,4.48706255826688
1366,13.66,0.1306906998443459,4.484528505563707
1367,13.67,0.130982770350487,4.470305058692189
1368,13.68,0.13032605740882458,4.462165346214652
1369,13.69,0.13166656246662944,4.455469302392522
1370,13.700000000000001,0.13342707932838205,4.4376279033643655
1371,13.71,0.1282598102667648,4.426573973141998
1372,13.72,0.13108571627909993,4.420432254883634
1373,13.73,0.13369431059081563,4.402922851248197
1374,13.74,0.1248112543807434,4.39413242967475
1375,13.75,0.12570832968667384,4.385199202335893
1376,13.76,0.12731450392549193,4.373899609958262
1377,13.77,0.1307974004754543,4.368922087745863
1378,13.780000000000001,0.13273474267082866,4.360979340913909
1379,13.790000000000001,0.13574781029338134,4.348137315240149
1380,13.8,0.13311442401496418,4.338596069389232
1381,13.81,0.13282522857837986,4.334048760891364
1382,13.82,0.1260438379357648,4.325795763820407
1383,13.83,0.1308802082995138,4.320229794935954
1384,13.84,0.1261219862007521,4.315009563765075
1385,13.85,0.13059868838260758,4.293396923097705
1386,13.86,0.13293185125916374,4.285215204099784
1387,13.870000000000001,0.12927809096626014,4.279970719367424
1388,13.88,0.12995531013989384,4.283654432147702
1389,13.89,0.13274403979326627,4.259139970099978
1390,13.9,0.13414599474278824,4.236600704178212
1391,13.91,0.12877154353557213,4.252521702295344
1392,13.92,0.12661964777536472,4.241575058866319
1393,13.93,0.1357295344765412,4.231621802464555
1394,13.94,0.13476415958547033,4.226440665053938
1395,13.950000000000001,0.13033129373878752,4.216411158963289
1396,13.96,0.13146323445054295,4.200484929883373
1397,13.97,0.12974330978018261,4.190078622448593
1398,13.98,0.13513854986211318,4.182488543897512
1399,13.99,0.13277142413847526,4.185237182770704
1400,14.0,0.1314820357247433,4.1812011600213825
1401,14.01,0.13320707157092368,4.167635799317929
1402,14.02,0.13696977546457006,4.154499085272238
1403,14.030000000000001,0.13725550165056738,4.147574647155183
1404,14.040000000000001,0.13451595965508562,4.1390752848963315
1405,14.05,0.13399680982638856,4.127053160179053
1406,14.06,0.13179056742881257,4.125522097687945
1407,14.07,0.13783180317365526,4.108176832130594
1408,14.08,0.13669887730378047,4.111913801129369
1409,14.09,0.13681501112847316,4.09469391953472
1410,14.1,0.13810466295166218,4.098188956739175
1411,14.11,0.13137409535294414,4.095022001239161
1412,14.120000000000001,0.13804552617082605,4.073605796151465
1413,14.13,0.13748131359545793,4.070012856371711
1414,14.14,0.1352900839998779,4.057494491127585
1415,14.15,0.1410322176241655,4.047551137804773
1416,14.16,0.13795160691544955,4.045086929151518
1417,14.17,0.14599754771956122,4.035224212078094
1418,14.18,0.1389327313014814,4.031721404403438
1419,14.19,0.13956485533551052,4.027356326328606
1420,14.200000000000001,0.13859389078749207,4.016411051063139
1421,14.21,0.14023725494111214,4.018897763957811
1422,14.22,0.1414428018339343,3.9987009673729648
1423,14.23,0.14908532713490324,4.000995485816173
1424,14.24,0.1416375907916409,3.9901100756062884
1425,14.25,0.13652175891008736,3.9750630465372594
1426,14.26,0.14206319421372685,3.9882902392371222
1427,14.27,0.13935022274198508,3.9675796742555707
1428,14.280000000000001,0.145929518540038,3.9681274294747224
1429,14.290000000000001,0.14734733683709075,3.955522644427343
1430,14.3,0.14287262461703754,3.9453915233380976
1431,14.31,0.1430989969295081,3.9324550755560987
1432,14.32,0.14528811105259423,3.935643327357616
1433,14.33,0.1473193745489621,3.929009622215394
1434,14.34,0.14956353890251564,3.9382736442552786
1435,14.35,0.14821073388326084,3.929121565698331
1436,14.36,0.14931140387336472,3.9012880250336823
1437,14.370000000000001,0.1509982015809746,3.9069441300994368
1438,14.38,0.14561988589044925,3.8918086699622227
1439,14.39,0.14860630441124256,3.881161784058833
1440,14.4,0.15338090964802514,3.8897458311088426
1441,14.41,0.15142856069204919,3.8799108781070624
1442,14.42,0.15148195057823535,3.872645771017628
1443,14.43,0.15506338052072188,3.8656950882058863
1444,14.44,0.15196393245592402,3.8641568708003127
1445,14.450000000000001,0.15629527872317767,3.8561979010353356
1446,14.46,0.1487394496403728,3.8416211651608014
1447,14.47,0.15824075485267686,3.8390130786291214
1448,14.48,0.15949900958424718,3.8442821679848094
1449,14.49,0.16113248405674083,3.8311823510601117
1450,14.5,0.158596936360676,3.819878089441705
1451,14.51,0.16080129468442067,3.820399765287242
1452,14.52,0.16037691008653798,3.804963693049242
1453,14.530000000000001,0.16402794506728485,3.814875164804845
1454,14.540000000000001,0.1635322250549422,3.8097682723546056
1455,14.55,0.16496601054234486,3.79479627411269
1456,14.56,0.16525533331082443,3.7901186852683915
1457,14.57,0.16503905052515042,3.7738002121720164
1458,14.58,0.16750455479839887,3.786092862953391
1459,14.59,0.16687464547916098,3.7686389430297624
1460,14.6,0.16992517899803047,3.7667959444175065
1461,14.61,0.17127021277395404,3.7615987770272117
1462,14.620000000000001,0.17068944514321796,3.7513055681130196
1463,14.63,0.1768460063025991,3.7523412556523614
1464,14.64,0.17851671116955917,3.744229110588302
1465,14.65,0.17584857649065397,3.741416927618894
1466,14.66,0.17191625824523557,3.744382490123591
1467,14.67,0.17644730846559836,3.7406971591950797
1468,14.68,0.17913652811667363,3.7324490981520837
1469,14.69,0.17825961605585938,3.7299791132709696
1470,14.700000000000001,0.1810890557441011,3.725821041853942
1471,14.71,0.18527724367099013,3.726786251369671
1472,14.72,0.18294863494631464,3.7111892463015725
1473,14.73,0.18485775717512926,3.699861380044367
1474,14.74,0.18365806132484086,3.6881416034284693
1475,14.75,0.18533674821545526,3.701987847264433
1476,14.76,0.18797204940222817,3.7069190377091013
1477,14.77,0.18520885159818723,3.6953979570127222
1478,14.780000000000001,0.19479592035644339,3.689913908016416
1479,14.790000000000001,0.18914911423773567,3.6824574296629544
1480,14.8,0.19309518454198485,3.6712548429852316
1481,14.81,0.19187983432052577,3.6660012187053796
1482,14.82,0.20024745292072288,3.6701424590391256
1483,14.83,0.19693357066660647,3.668359544599558
1484,14.84,0.20198401030284077,3.6647023636138916
1485,14.85,0.20405153649741967,3.6635328715128956
1486,14.86,0.20153126479064315,3.660274682716243
1487,14.870000000000001,0.20261503392658553,3.6539787072892316
1488,14.88,0.20824145069847888,3.6517639605240375
1489,14.89,0.20783719612827775,3.6439821075167473
1490,14.9,0.2133861482585325,3.637319536295799
1491,14.91,0.20820293310981258,3.6309847520887857
1492,14.92,0.20602495151038736,3.619530748091478
1493,14.93,0.21084056974728546,3.626681980651706
1494,14.94,0.21642100931736827,3.627735332260874
1495,14.950000000000001,0.2186269745912785,3.6047866835502296
1496,14.96,0.22131617543426613,3.615320524156758
1497,14.97,0.22237702390076855,3.616216145372392
1498,14.98,0.22318241260538496,3.6048979556882483
1499,14.99,0.2226739127146751,3.599952949983124
1500,15.0,0.22534940718056468,3.604531296916119
1501,15.01,0.22619772965648433,3.5978939410122606
1502,15.02,0.2283775781009093,3.603604028110271
1503,15.030000000000001,0.23443077307868243,3.587630576206754
1504,15.040000000000001,0.23108358010811345,3.5934583156297673
1505,15.05,0.24060022764230024,3.5899306378149123
1506,15.06,0.23077392971740343,3.581612395995083
1507,15.07,0.23905414993910018,3.582147768200911
1508,15.08,0.24078626755575072,3.5822796305311293
1509,15.09,0.23936248543026145,3.5856525694681523
1510,15.1,0.24769237542299138,3.5775517232705774
1511,15.11,0.25158668296084774,3.5646352514680513
1512,15.120000000000001,0.25109053730513253,3.5786241366613956
1513,15.13,0.25094239366577115,3.56996041137365
1514,15.14,0.2555275234759342,3.5684924593697147
1515,15.15,0.2622086663851414,3.5623708430875523
1516,15.16,0.260442421869582,3.562095069558295
1517,15.17,0.26196992243195105,3.556745936102486
1518,15.18,0.26270824873825244,3.555692533084957
1519,15.19,0.2674181206292834,3.541931006947962
1520,15.200000000000001,0.2688436731463532,3.5625090509294717
1521,15.21,0.270929363137055,3.546361480375529
1522,15.22,0.27436688373179136,3.5506811690385383
1523,15.23,0.2746883248264209,3.5443478521231473
1524,15.24,0.2792172695280237,3.546973442749995
1525,15.25,0.28091357478552287,3.5475987438170353
1526,15.26,0.28566330358658604,3.5434516331225834
1527,15.27,0.2922029366154602,3.546800015319236
1528,15.280000000000001,0.29016942815279084,3.53631315423619
1529,15.290000000000001,0.28951530579598395,3.5383713680714974
1530,15.3,0.29718151502435164,3.5443986447106317
1531,15.31,0.2988092191521848,3.5359923000801183
1532,15.32,0.30406618070910757,3.5370464107922666
1533,15.33,0.30191789359622756,3.5497043559098684
1534,15.34,0.31248770268397,3.5319966220834824
1535,15.35,0.3115062184757342,3.5331093845684602
1536,15.36,0.3146833242783368,3.5332416588234716
1537,15.370000000000001,0.32120872089269853,3.539697778920611
1538,15.38,0.3202643822703984,3.5329724085844227
1539,15.39,0.3255464396493722,3.5182540819521346
1540,15.4,0.32996979197985193,3.5218582421545332
1541,15.41,0.3306359973624506,3.530574415263647
1542,15.42,0.332660342261911,3.5249369530345955
1543,15.43,0.33947469431209865,3.5281265268041753
1544,15.44,0.33998362940461274,3.5200569277979428
1545,15.450000000000001,0.34607976247681743,3.5260435582794627
1546,15.46,0.35050568677855987,3.5206623059231017
1547,15.47,0.35108446539985744,3.5257009710566853
1548,15.48,0.35572372995778434,3.5297284721964077
1549,15.49,0.3638218191926726,3.522514071333219
1550,15.5,0.3645800546386612,3.5331701660852106
1551,15.51,0.3701903352459908,3.538396074620355
1552,15.52,0.37326147180195884,3.5208261177854117
1553,15.530000000000001,0.37305940660359455,3.5202764078061874
1554,15.540000000000001,0.37846162540263384,3.5318392348652403
1555,15.55,0.38293292475222024,3.5298028658523823
1556,15.56,0.388426699323624,3.5262449523337622
1557,15.57,0.39354043762665775,3.526431704550398
1558,15.58,0.3957783324907597,3.517948417725866
1559,15.59,0.40543485086224496,3.539525914961901
1560,15.6,0.4095193158646362,3.5351665359110247
1561,15.610000000000001,0.4129148154430809,3.5339755836709155
1562,15.620000000000001,0.4135977613223263,3.535373229815027
1563,15.63,0.421996306486224,3.535319891085239
1564,15.64,0.42107181766786644,3.5238291658485674
1565,15.65,0.4261585596394058,3.520933269279892
1566,15.66,0.4345330439040697,3.5319599957309173
1567,15.67,0.43885300669729305,3.540584712487591
1568,15.68,0.4480827292140107,3.5351974196321096
1569,15.69,0.4450061129028784,3.5351395845860774
1570,15.700000000000001,0.4543783519085508,3.5448564245906935
1571,15.71,0.4628085776016558,3.5400040657570693
1572,15.72,0.4581495105707644,3.5437675437437104
1573,15.73,0.4678938055469049,3.545990287032382
1574,15.74,0.4688643013725457,3.5564157523278914
1575,15.75,0.47952256065933613,3.5465636657893165
1576,15.76,0.4796357266256757,3.558769098696946
1577,15.77,0.4869964749088462,3.551686862171068
1578,15.780000000000001,0.4934594309123619,3.5583474841639986
1579,15.790000000000001,0.49904949635166496,3.558425664238464
1580,15.8,0.5074679403569022,3.5596913574576248
1581,15.81,0.5073090417058741,3.5553297949495106
1582,15.82,0.5169709958780189,3.565055683965053
1583,15.83,0.5223325101710482,3.574384352773774
1584,15.84,0.5274256944151396,3.5692039452953224
1585,15.85,0.5362617560114058,3.5843162806020223
1586,15.860000000000001,0.5438393820026824,3.5789900300618442
1587,15.870000000000001,0.5483213445167038,3.5834638698588193
1588,15.88,0.5516986432850288,3.576523239171064
1589,15.89,0.5637465023263648,3.5856417712252466
1590,15.9,0.5648189798792483,3.5921369890211476
1591,15.91,0.5740337028555076,3.5902079266019773
1592,15.92,0.5860526228142128,3.5996591232714654
1593,15.93,0.5878790616217535,3.608739805130646
1594,15.94,0.5902354927174537,3.6081512661456694
1595,15.950000000000001,0.6002291793198145,3.611615923844086
1596,15.96,0.6033230654490366,3.6252704244203833
1597,15.97,0.6143038058150947,3.6217681527787176
1598,15.98,0.6158636790980794,3.620408604607402
1599,15.99,0.6293774305049069,3.6200402859669136
1600,16.0,0.6312652842292801,3.6401195273561786
1601,16.01,0.6421233523058717,3.6290284958372934
1602,16.02,0.6489040593990176,3.6369207423785315
1603,16.03,0.6604578174722605,3.6459069745596695
1604,16.04,0.6644154500727876,3.656054208485893
1605,16.05,0.672007062084007,3.6509716680604636
1606,16.06,0.68334018762387,3.642304410579447
1607,16.07,0.6873481326967573,3.6611897019160478
1608,16.080000000000002,0.6971922440253214,3.669016865165139
1609,16.09,0.7064424068061824,3.670008232518091
1610,16.1,0.7140397320264877,3.6789785833138375
1611,16.11,0.7227107013981791,3.681760204252446
1612,16.12,0.7296548667299876,3.6944122137717375
1613,16.13,0.7360887607671757,3.6913986101780147
1614,16.14,0.7432602188535617,3.704413034262332
1615,16.15,0.7559934043849357,3.7019310909990053
1616,16.16,0.7613558389554145,3.709192182362872
1617,16.17,0.7686057278387796,3.71907609391596
1618,16.18,0.7820892458181522,3.7100971834970737
1619,16.19,0.790088339663257,3.7216250465760776
1620,16.2,0.7963234786447542,3.727001974034921
1621,16.21,0.8066511998672085,3.743515035077142
1622,16.22,0.8176131103982375,3.751034877077637
1623,16.23,0.8275003461525678,3.738504393633862
1624,16.240000000000002,0.8371512298694379,3.7612265291532205
1625,16.25,0.8443861707499731,3.7710406038510262
1626,16.26,0.8488541993547638,3.763129709564832
1627,16.27,0.8592777993850773,3.769215856875113
1628,16.28,0.8750614152968127,3.7827914939678564
1629,16.29,0.8815261448166465,3.7989050394736554
1630,16.3,0.8924911404710745,3.7950666349652984
1631,16.31,0.9012655517481676,3.8033363088187278
1632,16.32,0.9153238423219111,3.8153288205878964
1633,16.330000000000002,0.9250447461099324,3.8185177903397265
1634,16.34,0.9285315006604903,3.8169406451244443
1635,16.35,0.945270619830413,3.8399371551940575
1636,16.36,0.9547908796898618,3.8363553681700004
1637,16.37,0.9623240509886607,3.8426248820153717
1638,16.38,0.9747646628872347,3.8736031528154777
1639,16.39,0.986888247297083,3.8714935803883526
1640,16.4,0.9949596973019593,3.874312087848256
1641,16.41,1.0076724164320536,3.882385368954649
1642,16.42,1.0166383269685286,3.8884979479495003
1643,16.43,1.021759002725979,3.8993644871285493
1644,16.44,1.0368982874928212,3.8993732501014886
1645,16.45,1.0515548505988304,3.9250327084772194
1646,16.46,1.056473515740058,3.919562960852383
1647,16.47,1.069569642678978,3.9304726969588404
1648,16.48,1.0766705554924554,3.943220310955935
1649,16.490000000000002,1.093538936188002,3.945148623656851
1650,16.5,1.103311883107784,3.9716459417765617
1651,16.51,1.1108675780560906,3.9595895407450996
1652,16.52,1.1231548276712464,3.980411524224799
1653,16.53,1.1366898196531285,3.995244955690645
1654,16.54,1.142823846489401,3.9988934937757783
1655,16.55,1.1560974339119454,4.015259685245332
1656,16.56,1.169431177602581,4.011436077048664
1657,16.57,1.1845164667622206,4.024215845720863
1658,16.580000000000002,1.1933614569462636,4.040914152919981
1659,16.59,1.2067718146985644,4.043640969679161
1660,16.6,1.2219355519360908,4.05308676107555
1661,16.61,1.2305555460356248,4.0639700859891565
1662,16.62,1.2390826482283488,4.064480484595054
1663,16.63,1.2523210595468794,4.082076281557785
1664,16.64,1.2609977314420084,4.094391855667894
1665,16.65,1.2725572798695788,4.103540647464987
1666,16.66,1.2901603163301814,4.119774197245874
1667,16.67,1.3034438612846546,4.127494537085221
1668,16.68,1.306891115947252,4.130781570792762
1669,16.69,1.3275598119436294,4.144493224519459
1670,16.7,1.3357733946446804,4.148719464342364
1671,16.71,1.3414894851133037,4.177335533606211
1672,16.72,1.3599487263404118,4.18943267530391
1673,16.73,1.3744405715961454,4.202956074321513
1674,16.740000000000002,1.382210005540767,4.215522227518884
1675,16.75,1.3946792177754217,4.2204494445195735
1676,16.76,1.405367799455615,4.218426003059425
1677,16.77,1.41885039758272,4.230054295823081
1678,16.78,1.4242872530663675,4.2481443094209705
1679,16.79,1.4502571498408723,4.246216272474623
1680,16.8,1.4501545305188683,4.273261723100339
1681,16.81,1.4621375772418606,4.278155622683526
1682,16.82,1.4777802399979083,4.301530036076083
1683,16.830000000000002,1.4851372620342485,4.303490676004673
1684,16.84,1.497722749108269,4.307300066184984
1685,16.85,1.505645120497145,4.327903341991037
1686,16.86,1.5246025266112437,4.344246408488902
1687,16.87,1.5338431957191492,4.353418975607075
1688,16.88,1.5451823462051504,4.357530583952374
1689,16.89,1.5553102721183318,4.3726566417715365
1690,16.9,1.5673453187880277,4.3926849162599435
1691,16.91,1.57943514398071,4.4109972910733175
1692,16.92,1.5896510654217575,4.412370534492752
1693,16.93,1.5999081615284922,4.4310930808796005
1694,16.94,1.6152159387869478,4.439506597576084
1695,16.95,1.6290794424938477,4.4642263937485
1696,16.96,1.6376175437074312,4.4597627153798225
1697,16.97,1.646072681991583,4.4776037277989085
1698,16.98,1.6560406845044142,4.491978405134066
1699,16.990000000000002,1.6648990076291488,4.50521001223068
1700,17.0,1.6809061425838738,4.5247937753026894
1701,17.01,1.6867888792374452,4.5410748536105245
1702,17.02,1.6973082973390017,4.541559072417215
1703,17.03,1.7105773754673483,4.559511985982198
1704,17.04,1.7204110290501384,4.564185189800702
1705,17.05,1.7323317540389405,4.590842955244151
1706,17.06,1.7423045941062842,4.59644376488684
1707,17.07,1.74950408720576,4.603740040058491
1708,17.080000000000002,1.7643372584890444,4.614198703452752
1709,17.09,1.767516280599359,4.63382366730636
1710,17.1,1.7807568413099435,4.65557265806973
1711,17.11,1.7897453460216586,4.660746918904385
1712,17.12,1.795088446885355,4.690109124237033
1713,17.13,1.8101155930971071,4.706210819412813
1714,17.14,1.8134161385494492,4.701237801104279
1715,17.150000000000002,1.8303961769699182,4.710510909164027
1716,17.16,1.8351838679196766,4.729078647413692
1717,17.17,1.8485832518438017,4.743951324651819
1718,17.18,1.8455860351420565,4.76871628161719
1719,17.19,1.8624001318723764,4.774566608462249
1720,17.2,1.873507006838011,4.782091563308074
1721,17.21,1.8817207651269896,4.801991687891089
1722,17.22,1.8887086973614466,4.804189787158875
1723,17.23,1.8982415555963559,4.829144901810198
1724,17.240000000000002,1.908962450218268,4.832101941875749
1725,17.25,1.9132209751195557,4.8519259894502875
1726,17.26,1.9225436536519251,4.860770902597933
1727,17.27,1.9284278407216224,4.893378458713581
1728,17.28,1.9403538190339953,4.897827809254115
1729,17.29,1.9442493379977432,4.9104737802883776
1730,17.3,1.9515101928788026,4.922733371497249
1731,17.31,1.9625463882249514,4.949907473247126
1732,17.32,1.9660819774290879,4.9497809556109775
1733,17.330000000000002,1.9746433983044231,4.97521722112078
1734,17.34,1.9787752155594174,4.983883795837994
1735,17.35,1.9859481095328966,4.991647086025642
1736,17.36,1.9986402654887638,5.019233473489918
1737,17.37,2.001840802886142,5.031959959048103
1738,17.38,2.00741483109188,5.049561705324053
1739,17.39,2.0100550262953636,5.063363010535939
1740,17.400000000000002,2.0196293009621193,5.075905887590831
1741,17.41,2.0285551775327177,5.085914608298367
1742,17.42,2.0276644764256675,5.101860433013921
1743,17.43,2.0358929802228674,5.118522175185598
1744,17.44,2.0409135044889393,5.134512847296253
1745,17.45,2.0474494084386157,5.149947767853892
1746,17.46,2.051275647301377,5.158276471944952
1747,17.47,2.0599479787494954,5.17802131541739
1748,17.48,2.0604842016067595,5.188667819986354
1749,17.490000000000002,2.066297025869518,5.21421662117995
1750,17.5,2.0745615567190567,5.222272866359412
1751,17.51,2.0751442710169945,5.235537190195365
1752,17.52,2.0829999699681014,5.255878678797329
1753,17.53,2.08658053482421,5.260701477821228
1754,17.54,2.0838933169535494,5.282222214871823
1755,17.55,2.09296645483014,5.288344602421338
1756,17.56,2.09631998541765,5.310633440540788
1757,17.57,2.10309489712037,5.318324075116262
1758,17.580000000000002,2.1067328751887655,5.332283487863146
1759,17.59,2.112235497980405,5.356538703919469
1760,17.6,2.1144681316429623,5.36838974662671
1761,17.61,2.11901589873528,5.376779313343362
1762,17.62,2.120259634219524,5.401202672967159
1763,17.63,2.128171419720318,5.412013934262326
1764,17.64,2.1268344772944108,5.429493217183741
1765,17.650000000000002,2.12890148264617,5.44028420270966
1766,17.66,2.127868637371726,5.468559466457904
1767,17.67,2.134307376614216,5.474921480407612
1768,17.68,2.1393191971003054,5.48477424346357
1769,17.69,2.1329185124176813,5.5021935486616815
1770,17.7,2.139214339044988,5.52440583219128
1771,17.71,2.1421547540683146,5.525842362727531
1772,17.72,2.1417843558495075,5.543597758501991
1773,17.73,2.1553730327321574,5.561955267062934
1774,17.740000000000002,2.151606905122408,5.574884466330659
1775,17.75,2.1559060861435815,5.591391995591364
1776,17.76,2.1519642611776595,5.608006789841719
1777,17.77,2.1583025337004473,5.623062048304827
1778,17.78,2.1510310747230825,5.63608812002416
1779,17.79,2.1574316612065525,5.642393835625785
1780,17.8,2.1560517186519648,5.67792645686733
1781,17.81,2.1606383503672864,5.679955496122939
1782,17.82,2.1644191069977885,5.690966287359452
1783,17.830000000000002,2.16731824485548,5.708396686614149
1784,17.84,2.16168425703851,5.711452062382611
1785,17.85,2.1610096039377424,5.734975645856321
1786,17.86,2.1612369567342107,5.7486058800630415
1787,17.87,2.1642334141689896,5.754979399196396
1788,17.88,2.1663407197154068,5.776867205470638
1789,17.89,2.1563254590761125,5.793997182945158
1790,17.900000000000002,2.1601778499510047,5.816241781215654
1791,17.91,2.1639229209611033,5.826956261775447
1792,17.92,2.1608370217408055,5.838677668856715
1793,17.93,2.159614669773057,5.855605113279516
1794,17.94,2.1632967488674892,5.8637167279830305
1795,17.95,2.1642790800921032,5.883636569508288
1796,17.96,2.1592340100144116,5.908260891223222
1797,17.97,2.1605865279901106,5.898618064157386
1798,17.98,2.1614674234734315,5.923782658943184
1799,17.990000000000002,2.155248779069095,5.935770335036953
1800,18.0,2.1604855855714122,5.9539230773969045
1801,18.01,2.1556049421075123,5.968693280460968
1802,18.02,2.1504942160536173,5.984003577138346
1803,18.03,2.1548731984691636,5.996373051614287
1804,18.04,2.1549836825308684,6.010316379456245
1805,18.05,2.1527930089939327,6.02624129760379
1806,18.06,2.147019801354662,6.040553391042022
1807,18.07,2.152803603790952,6.057086669934857
1808,18.080000000000002,2.14575296993578,6.05979084080771
1809,18.09,2.144421343869387,6.088355445027633
1810,18.1,2.14811665012039,6.1033105713590885
1811,18.11,2.1418960168107057,6.1027252733881685
1812,18.12,2.143684074223071,6.1146467913817695
1813,18.13,2.1427968063909404,6.133907226653832
1814,18.14,2.1340576047985764,6.14803395912061
1815,18.150000000000002,2.1362865728070997,6.161426911016669
1816,18.16,2.1321948071683705,6.179913700241237
1817,18.17,2.129584948758648,6.190213111566074
1818,18.18,2.1292902386212513,6.200415944909727
1819,18.19,2.125159642117782,6.214098610248985
1820,18.2,2.1216251298477267,6.222835167087919
1821,18.21,2.1266756822768205,6.247178419638852
1822,18.22,2.1203865911252913,6.25388907799261
1823,18.23,2.1163859325497203,6.265761564287711
1824,18.240000000000002,2.110108603016359,6.263941270425712
1825,18.25,2.1138314575030273,6.297582761863549
1826,18.26,2.112412387786661,6.301571624032619
1827,18.27,2.1026397325646635,6.304709349737791
1828,18.28,2.0999315754043724,6.3331816200431295
1829,18.29,2.1036623283029208,6.354145616026177
1830,18.3,2.0948511337370284,6.359387759828109
1831,18.31,2.0940635525808484,6.35441601691601
1832,18.32,2.091914241675429,6.386707996577346
1833,18.330000000000002,2.082665076407408,6.396013391157272
1834,18.34,2.083221308342741,6.403501200565498
1835,18.35,2.0787133936394855,6.4279782583772755
1836,18.36,2.071471223121976,6.427879608544467
1837,18.37,2.065046132070422,6.441320370630918
1838,18.38,2.065986271677421,6.462131679648041
1839,18.39,2.064612870961105,6.4678145389591295
1840,18.400000000000002,2.0624817878493187,6.47749708931778
1841,18.41,2.0600477039969096,6.490125315021367
1842,18.42,2.057418399881874,6.515189588978848
1843,18.43,2.05303217655325,6.511551470658776
1844,18.44,2.043017035463006,6.528743443396725
1845,18.45,2.03382610401848,6.52718303171188
1846,18.46,2.0382744543143456,6.548537366824386
1847,18.47,2.0324630543690057,6.566120366412515
1848,18.48,2.0319169854496386,6.573031371471038
1849,18.490000000000002,2.022307137765945,6.588462308082981
1850,18.5,2.020920098771673,6.603789398939178
1851,18.51,2.0174751020193398,6.613754617463623
1852,18.52,2.0176166914305647,6.613995043080157
1853,18.53,2.005586123470697,6.627335301989662
1854,18.54,1.9998879601699913,6.6452182647060765
1855,18.55,1.9960924330482641,6.652132412169654
1856,18.56,1.9949702204378652,6.673692636678727
1857,18.57,1.994237135977645,6.678407808824909
1858,18.580000000000002,1.9853942605465895,6.6879907399187655
1859,18.59,1.9819288636775503,6.70070311596037
1860,18.6,1.9781942202455725,6.698316623723183
1861,18.61,1.9783128983895717,6.728521440820859
1862,18.62,1.9715098344688176,6.732246210463576
1863,18.63,1.9659399558989625,6.728277877382908
1864,18.64,1.9507228334947322,6.756280251810718
1865,18.650000000000002,1.9513809622619112,6.761424656231002
1866,18.66,1.948486762997605,6.781105236754141
1867,18.67,1.9425145234906573,6.776201866421152
1868,18.68,1.9376848723204854,6.8039937335412555
1869,18.69,1.9322613482942725,6.7960892819890555
1870,18.7,1.9267919776260756,6.817722962656293
1871,18.71,1.9267894771204876,6.836798253229803
1872,18.72,1.9167775238547666,6.8450862619635755
1873,18.73,1.9162261434894265,6.8481479909052965
1874,18.740000000000002,1.9102106702552952,6.848534031075539
1875,18.75,1.9000160893613975,6.866593966843995
1876,18.76,1.8993874636055494,6.8582531993595355
1877,18.77,1.893626137130392,6.889415945236919
1878,18.78,1.8889541942744756,6.890195665004877
1879,18.79,1.88212887078349,6.904587012253885
1880,18.8,1.878645097207625,6.9047592754421085
1881,18.81,1.8699451810728067,6.925498114369144
1882,18.82,1.868318944376892,6.9241985325953
1883,18.830000000000002,1.8585312006418002,6.936510538933329
1884,18.84,1.8515595199634327,6.960583219824186
1885,18.85,1.8524624122019786,6.958536173097
1886,18.86,1.849095404081722,6.970184336049348
1887,18.87,1.8394613880568502,6.981751055057631
1888,18.88,1.8346438944688779,6.976465174193915
1889,18.89,1.8293705119329666,6.987164760387479
1890,18.900000000000002,1.8234458631960038,7.004348363020031
1891,18.91,1.8209348649317887,7.0020088101011515
1892,18.92,1.8190800394111721,7.021705394442549
1893,18.93,1.8055772187739547,7.032022015136563
1894,18.94,1.8028020646337626,7.030431274538913
1895,18.95,1.7973252673565678,7.0451165514797935
1896,18.96,1.7940986372475847,7.050466206777109
1897,18.97,1.786667582903085,7.0504492962994005
1898,18.98,1.7775882030567234,7.061526017324577
1899,18.990000000000002,1.7754261212463691,7.073438405919587
1900,19.0,1.7756921602470004,7.080989217997169
1901,19.01,1.7669426220054163,7.091829379544608
1902,19.02,1.7573680905512652,7.099466287897407
1903,19.03,1.7566922939963923,7.101270942297503
1904,19.04,1.7516748444061938,7.118662907475917
1905,19.05,1.7443276389766018,7.119704442534339
1906,19.06,1.735901837866381,7.131072072756687
1907,19.07,1.7277486725548736,7.133092600408646
1908,19.080000000000002,1.7310970397360301,7.135548779754216
1909,19.09,1.7138864207155837,7.152326846865885
1910,19.1,1.7148966731547093,7.153908459025661
1911,19.11,1.7113229649573203,7.171924086120645
1912,19.12,1.700753673332765,7.1707328200825
1913,19.13,1.6984286653537226,7.173296310540806
1914,19.14,1.6884942074117837,7.180272531509393
1915,19.150000000000002,1.68618618306734,7.180172421278477
1916,19.16,1.6779989785414045,7.194670177185947
1917,19.17,1.6746001871032306,7.190496085957371
1918,19.18,1.667157388247448,7.203826899209158
1919,19.19,1.660237830476423,7.220357967797636
1920,19.2,1.6563720461745364,7.214113753462105
1921,19.21,1.6490648526031977,7.2294941968054305
1922,19.22,1.6430147098339913,7.23444071639896
1923,19.23,1.6352132995662485,7.238287379330195
1924,19.240000000000002,1.6284871549051694,7.234313314671696
1925,19.25,1.6253073676395564,7.246923497923845
1926,19.26,1.6177491309663448,7.256023212370153
1927,19.27,1.6084861724273254,7.2601218832754135
1928,19.28,1.6038856001546664,7.277888385810769
1929,19.29,1.5966894212836054,7.268033714665211
1930,19.3,1.5889971774705989,7.262304229977753
1931,19.31,1.5851161225220518,7.283461786269432
1932,19.32,1.5828818381847867,7.278027172633437
1933,19.330000000000002,1.575196030630694,7.291575147108292
1934,19.34,1.5616093643706945,7.290045396321846
1935,19.35,1.5579549133168065,7.299858583657596
1936,19.36,1.5514472027839479,7.3157524203370015
1937,19.37,1.5490533827166517,7.308041274285154
1938,19.38,1.5429169512736047,7.3140042823196
1939,19.39,1.5367139956088214,7.322687513305213
1940,19.400000000000002,1.527011369111336,7.322666967043176
1941,19.41,1.5207072663159729,7.3163002403492055
1942,19.42,1.5135091538590681,7.330946398352295
1943,19.43,1.5063297224398111,7.338425938815529
1944,19.44,1.5051592138984022,7.338430621555919
1945,19.45,1.4907189905754565,7.337552159091056
1946,19.46,1.4896506344709537,7.338738455865394
1947,19.47,1.4827093493895516,7.346750480896181
1948,19.48,1.4776485740912142,7.3494390033008274
1949,19.490000000000002,1.4615438548989546,7.35154391159975
1950,19.5,1.4670276167002245,7.342150904050548
1951,19.51,1.4562558408347508,7.359370624277375
1952,19.52,1.4437916260522268,7.374130101601148
1953,19.53,1.4385050976356846,7.354007607531495
1954,19.54,1.4360853350110139,7.358342741329698
1955,19.55,1.4302449623188733,7.372022728010396
1956,19.56,1.4237621964392213,7.354912108646129
1957,19.57,1.4194532572382574,7.372273212542139
1958,19.580000000000002,1.4055209701643325,7.383947377303669
1959,19.59,1.4022158053074525,7.376857198486168
1960,19.6,1.395624524745689,7.374704457933158
1961,19.61,1.3887763582228843,7.378462536183484
1962,19.62,1.3841848611197385,7.383589991015511
1963,19.63,1.3777583904557815,7.385472457303914
1964,19.64,1.3674939669563162,7.382224397252055
1965,19.650000000000002,1.356061772883097,7.3787302836929705
1966,19.66,1.3581481129949036,7.399202157264532
1967,19.67,1.346113217092729,7.400903754368139
1968,19.68,1.3453813126450727,7.3888667625615225
1969,19.69,1.3343424361961314,7.3985464284437095
1970,19.7,1.3264435712088563,7.397368241041757
1971,19.71,1.3195990885847715,7.398352300838569
1972,19.72,1.3106964378503356,7.3984318656038095
1973,19.73,1.3083492498774274,7.39553494331889
1974,19.740000000000002,1.3028418791510379,7.408682077172315
1975,19.75,1.2994713592443536,7.401169023185692
1976,19.76,1.2891399378970334,7.395139346474645
1977,19.77,1.2814394504520346,7.398119228065193
1978,19.78,1.2736866900710837,7.412298518875505
1979,19.79,1.27028388459155,7.409194457304627
1980,19.8,1.2649244002493438,7.405860575330792
1981,19.81,1.2563167295085975,7.397981834603504
1982,19.82,1.2486235510379071,7.398463238699311
1983,19.830000000000002,1.2431758596258895,7.398653108191049
1984,19.84,1.2346320110235132,7.407690493305049
1985,19.85,1.2238279963055874,7.396521526668059
1986,19.86,1.2210568580388366,7.3924355953996645
1987,19.87,1.2150895521013987,7.406666886902495
1988,19.88,1.206607505261323,7.398418884428779
1989,19.89,1.200454779015949,7.401769624245217
1990,19.900000000000002,1.1964771245866292,7.4042885432103756
1991,19.91,1.1851156719751614,7.393083731221965
1992,19.92,1.1808086449329023,7.399517587540039
1993,19.93,1.169585012695337,7.4018018281281694
1994,19.94,1.1645727888354556,7.407150631808774
1995,19.95,1.16206242190119,7.400426972018093
1996,19.96,1.1548000654432726,7.397735287724661
1997,19.97,1.1462002751903249,7.393913985340593
1998,19.98,1.1399927038131037,7.397691152781809
1999,19.990000000000002,1.1341678533787178,7.393387299822198
2000,20.0,1.1295760441731855,7.393650151157371
2001,20.01,1.1135478599219537,7.3941611048320155
2002,20.02,1.1101328096757217,7.378128142847887
2003,20.03,1.1019108583298352,7.382173743800803
2004,20.04,1.0999191410376306,7.3808522631289035
2005,20.05,1.0939900806409002,7.370094990975781
2006,20.06,1.0882672299722174,7.383828651461925
2007,20.07,1.0784342592412768,7.377566633931911
2008,20.080000000000002,1.071639472184107,7.374801482981475
2009,20.09,1.0706686216976962,7.366261666076081
2010,20.1,1.0583254773904287,7.3710147617300645
2011,20.11,1.051612413394245,7.363163763744906
2012,20.12,1.0435098932457196,7.359830655435207
2013,20.13,1.0386154980122224,7.3625883252006865
2014,20.14,1.0353058166464237,7.359017281963085
2015,20.150000000000002,1.0292725363443718,7.350226890362365
2016,20.16,1.0206324029763527,7.3488840520151015
2017,20.17,1.0174938207578696,7.348188999450124
2018,20.18,1.001086899980219,7.334201578618555
2019,20.19,0.9979207479594098,7.335263403455356
2020,20.2,0.9882741439727859,7.326729523533494
2021,20.21,0.9841499553903404,7.329930172236404
2022,20.22,0.9776026181943472,7.322523912695061
2023,20.23,0.9719983238806574,7.320242551146701
2024,20.240000000000002,0.9679824940558193,7.324961800977432
2025,20.25,0.9562879392194316,7.314142141542085
2026,20.26,0.951238466851961,7.312659272466395
2027,20.27,0.9428649034008371,7.305357076945054
2028,20.28,0.9389338862620101,7.302384869768051
2029,20.29,0.9325672294933081,7.287219191622847
2030,20.3,0.9278691903437039,7.293000863559885
2031,20.31,0.9195123476698597,7.287474618690565
2032,20.32,0.9137146508629498,7.28546170801971
2033,20.330000000000002,0.9052110772842822,7.289595196869585
2034,20.34,0.9008987014453751,7.284072797464551
2035,20.35,0.8931723016915062,7.272886724007179
2036,20.36,0.8891522675748544,7.263504326119843
2037,20.37,0.8778433560769433,7.260313688231323
2038,20.38,0.8735006217308309,7.247589446037682
2039,20.39,0.8667150098709223,7.256465333108896
2040,20.400000000000002,0.8614475579992494,7.233805647034455
2041,20.41,0.8499600556566151,7.233137514699672
2042,20.42,0.8487687772647515,7.220165170286131
2043,20.43,0.8411753484287398,7.213973821302966
2044,20.44,0.834477272532782,7.21296253985415
2045,20.45,0.826660193706414,7.197133200169352
2046,20.46,0.821716683612904,7.20162003356692
2047,20.47,0.819792880975259,7.18969951067524
2048,20.48,0.8078514755476308,7.181618956934035
2049,20.490000000000002,0.803610703454125,7.1846442998237885
2050,20.5,0.7961965363191241,7.1764580574364425
2051,20.51,0.7920155063609304,7.169729816030459
2052,20.52,0.7850238384556585,7.163337952746956
2053,20.53,0.7804563758709225,7.140613950705268
2054,20.54,0.7720829857891637,7.15397573368704
2055,20.55,0.7667832690143028,7.145246115958303
2056,20.56,0.758722163177456,7.123355720186412
2057,20.57,0.7553514265003449,7.133678027686525
2058,20.580000000000002,0.7494414197377606,7.110180453247996
2059,20.59,0.7376165411980941,7.112538766138776
2060,20.6,0.7384468873800981,7.094577895509015
2061,20.61,0.7283068834252141,7.094289645717284
2062,20.62,0.7229471523882692,7.0803910070417055
2063,20.63,0.7159256793069081,7.084642693311706
2064,20.64,0.7056760583103134,7.065210149079611
2065,20.650000000000002,0.7022179957378569,7.06204187654205
2066,20.66,0.7012243217815096,7.061491294576614
2067,20.67,0.6921338928746389,7.045991506223947
2068,20.68,0.6822478216168192,7.038478744639612
2069,20.69,0.6821001729338412,7.02209696143978
2070,20.7,0.6760765241328491,7.014695646140295
2071,20.71,0.6689006291388925,7.007919821148388
2072,20.72,0.6655983119629938,6.995859448464025
2073,20.73,0.6541943247772619,6.982868441327049
2074,20.740000000000002,0.653677885180312,6.986112256848693
2075,20.75,0.6454660186748222,6.97740477433149
2076,20.76,0.6378824850041371,6.9618663608978535
2077,20.77,0.6306226957876242,6.957049286560541
2078,20.78,0.6292289334555687,6.94420568758596
2079,20.79,0.6227379144423432,6.9265973155311364
2080,20.8,0.6160416048187832,6.917153871654617
2081,20.81,0.6158029775511424,6.916324183413972
2082,20.82,0.6045273130674628,6.906772682192611
2083,20.830000000000002,0.6040515317768537,6.902773519281629
2084,20.84,0.595340756174003,6.885064102729189
2085,20.85,0.5951886988199246,6.88276390727102
2086,20.86,0.581145175910909,6.862740019255812
2087,20.87,0.5743960445496942,6.855518622218213
2088,20.88,0.5749365125553757,6.856504271558353
2089,20.89,0.5647623173053652,6.839625462074246
2090,20.900000000000002,0.565808199117368,6.834278787322943
2091,20.91,0.5580841903413302,6.815819770252954
2092,20.92,0.5525478676206352,6.811224314212164
2093,20.93,0.5539770654021766,6.799057270422378
2094,20.94,0.5428295306535154,6.785946857481405
2095,20.95,0.5360617952589309,6.775007132905489
2096,20.96,0.5318001498785998,6.778269026148321
2097,20.97,0.5250258112977041,6.76028171747822
2098,20.98,0.5188332486892624,6.738457735994769
2099,20.990000000000002,0.5130648503527332,6.727707423222095
2100,21.0,0.5139417722208605,6.717669847923354
2101,21.01,0.5074541488027259,6.715248177180214
2102,21.02,0.503431386333689,6.702956508530147
2103,21.03,0.5027591227697016,6.680957859301527
2104,21.04,0.4897511699350049,6.681498361507485
2105,21.05,0.48193093772984297,6.67282029518478
2106,21.06,0.48334666487709455,6.66291443863777
2107,21.07,0.4799653276858008,6.645803257022916
2108,21.080000000000002,0.47169932423836997,6.633030319999733
2109,21.09,0.46545420071395976,6.617711402103104
2110,21.1,0.46786358635000885,6.612916297858115
2111,21.11,0.45991037628060877,6.604150472357065
2112,21.12,0.4521494356553527,6.588144359676034
2113,21.13,0.4509576031864678,6.566149709533376
2114,21.14,0.44366906317024984,6.564328881357052
2115,21.150000000000002,0.4371971225953443,6.555559608549317
2116,21.16,0.43519372026477693,6.543441017321305
2117,21.17,0.4386413856760478,6.528364980908354
2118,21.18,0.42965200659619307,6.517832724016447
2119,21.19,0.4243634650737632,6.501322903675653
2120,21.2,0.4221423941664151,6.497824912643169
2121,21.21,0.41587270407907967,6.477766468181819
2122,21.22,0.41072436310561816,6.4747868912940305
2123,21.23,0.40592391960541474,6.452242204759653
2124,21.240000000000002,0.408301385025902,6.445036351109376
2125,21.25,0.3998599269272959,6.437460973022936
2126,21.26,0.39602785392670586,6.419728600725626
2127,21.27,0.3998249423950704,6.402299086769297
2128,21.28,0.3880469037399205,6.393603956686739
2129,21.29,0.383939364590608,6.388961002928262
2130,21.3,0.3836200639874064,6.376235287974062
2131,21.31,0.3782122333183011,6.358589450176723
2132,21.32,0.36860502973606385,6.345724341477935
2133,21.330000000000002,0.36010263565991496,6.328523652589481
2134,21.34,0.3576729673459618,6.3188849516097525
2135,21.35,0.3611217689426508,6.298887417268961
2136,21.36,0.3563579985636506,6.284073759585965
2137,21.37,0.35607939674617606,6.279311212729269
2138,21.38,0.3487668789952695,6.2533457289952405
2139,21.39,0.34678012449994317,6.246278761536574
2140,21.400000000000002,0.34708246353431754,6.226532322792144
2141,21.41,0.3373304806491922,6.221647323411076
2142,21.42,0.3361851717244749,6.218487380776474
2143,21.43,0.33104119724302467,6.192508046130445
2144,21.44,0.32993709129093396,6.177638432422854
2145,21.45,0.32389260579629886,6.173219869165139
2146,21.46,0.32563366006949646,6.160974584243769
2147,21.47,0.32235176099926355,6.137404606243843
2148,21.48,0.31927297800119403,6.127950150408139
2149,21.490000000000002,0.32272859586626307,6.114250418946039
2150,21.5,0.3095824715761361,6.100921596050498
2151,21.51,0.3083587188532043,6.087327016234778
2152,21.52,0.3006915147846561,6.0755816361903845
2153,21.53,0.30023776711239447,6.06652380876616
2154,21.54,0.29521632746277165,6.041541989452233
2155,21.55,0.29402202456089027,6.038293827882022
2156,21.56,0.2943990472648575,6.012459880284867
2157,21.57,0.2927142222958336,6.013714745989487
2158,21.580000000000002,0.2956270614367133,6.0029767523073865
2159,21.59,0.2907220313098035,5.975713125123559
2160,21.6,0.2805192034375127,5.961506012475164
2161,21.61,0.28201250696193136,5.956964025295896
2162,21.62,0.2797350337269013,5.9335191012234105
2163,21.63,0.2701336144662927,5.927444991904934
2164,21.64,0.27098696986547594,5.925134000553678
2165,21.650000000000002,0.27394522710925256,5.892338863920969
2166,21.66,0.2755995649532443,5.881667479830264
2167,21.67,0.26598512671103713,5.8804532300951005
2168,21.68,0.26397209341716427,5.872757187747308
2169,21.69,0.2631168405242046,5.839717418839067
2170,21.7,0.2586180552173606,5.824338442879509
2171,21.71,0.25404223892465,5.8337773640665915
2172,21.72,0.2532746097249687,5.80721150726585
2173,21.73,0.2544117975688149,5.788434335179837
2174,21.740000000000002,0.2529903318285868,5.777987138053651
2175,21.75,0.2455011271216196,5.770021530410447
2176,21.76,0.24182582737613878,5.748848147051392
2177,21.77,0.24170487487858808,5.728120832594783
2178,21.78,0.2381161263813144,5.726408304240906
2179,21.79,0.23809740306762858,5.7093411160569625
2180,21.8,0.23131754291119483,5.692625705369461
2181,21.81,0.23476186718553915,5.678579019345241
2182,21.82,0.2377851457652948,5.671370095528874
2183,21.830000000000002,0.23085515069011447,5.651337321710993
2184,21.84,0.22868668284431953,5.639030135419446
2185,21.85,0.2278752544090965,5.629069546096512
2186,21.86,0.22396744727137402,5.6135929842906105
2187,21.87,0.22483248650802215,5.605315889818321
2188,21.88,0.22123901072037983,5.595846956570027
2189,21.89,0.2190183770811637,5.574345152810113
2190,21.900000000000002,0.21810695406844385,5.574034023425572
2191,21.91,0.2177249261802081,5.540757295124341
2192,21.92,0.21312952960537757,5.539770044322737
2193,21.93,0.2154484974236573,5.524827147407714
2194,21.94,0.2084521165662709,5.503367074539004
2195,21.95,0.2097358828798149,5.502465832619901
2196,21.96,0.21291751402424391,5.499965925394577
2197,21.97,0.20367307127261094,5.476179310476659
2198,21.98,0.20989227274196193,5.459095018331669
2199,21.990000000000002,0.20762647978547347,5.443042364122815
2200,22.0,0.20265247371997724,5.438783531330723
2201,22.01,0.19698539273900806,5.421752279002137
2202,22.02,0.20486457326867757,5.408206606135278
2203,22.03,0.19949168071984805,5.386293133624701
2204,22.04,0.1938174183873508,5.389183426547434
2205,22.05,0.19698268279348533,5.357284553367816
2206,22.06,0.19124725981963542,5.358684796098162
2207,22.07,0.19485940739120786,5.347152088012098
2208,22.080000000000002,0.1926939541996027,5.329069772603324
2209,22.09,0.19236979306385224,5.325997769111896
2210,22.1,0.19330740576164557,5.3032106012766125
2211,22.11,0.18497174173862307,5.282378712236025
2212,22.12,0.19136993700109678,5.267522383029716
2213,22.13,0.1821720986249183,5.276624454379821
2214,22.14,0.18450478549102572,5.253199692899318
2215,22.150000000000002,0.18224253371393617,5.245240906069512
2216,22.16,0.18359744918806814,5.231717865910448
2217,22.17,0.18114092467827145,5.220360906970914
2218,22.18,0.18263406650612268,5.207159920418561
2219,22.19,0.17926205286762284,5.198346281241651
2220,22.2,0.17180915638909575,5.184994735359932
2221,22.21,0.17771410398794335,5.178029301428118
2222,22.22,0.17936717759324491,5.15766803336009
2223,22.23,0.1758512528724559,5.146965154325002
2224,22.240000000000002,0.1767527495141887,5.134220135803963
2225,22.25,0.17563783309342906,5.117683857380628
2226,22.26,0.1713746392180654,5.11301541800875
2227,22.27,0.1710132025323529,5.104507029109103
2228,22.28,0.1721418505418236,5.089301860837834
2229,22.29,0.16833960256929056,5.077179192229386
2230,22.3,0.16528617085937064,5.0627505484782045
2231,22.31,0.1673623925691311,5.054168040233168
2232,22.32,0.16874311950488,5.044125203576376
2233,22.330000000000002,0.17302607912528453,5.030935883505492
2234,22.34,0.16630389989730054,5.020540024372028
2235,22.35,0.16165833166147417,5.001287240041519
2236,22.36,0.16432351949010665,4.995345947221371
2237,22.37,0.16104322807685978,4.983868544408958
2238,22.38,0.16295181766801778,4.976353838259319
2239,22.39,0.1603199978921028,4.962843220928009
2240,22.400000000000002,0.1648456402726539,4.9508732961926025
2241,22.41,0.16325202062130975,4.929177883975821
2242,22.42,0.16281332685653788,4.921180505042524
2243,22.43,0.16047348757808258,4.928053818984013
2244,22.44,0.15844352739023437,4.903635202836526
2245,22.45,0.1566184940421372,4.886775161429462
2246,22.46,0.15993095251698292,4.872902293359818
2247,22.47,0.15944006796486807,4.884149185521099
2248,22.48,0.15682134923787605,4.861689710886772
2249,22.490000000000002,0.1613967532726351,4.85082586311908
2250,22.5,0.15767182090312012,4.830701142154422
2251,22.51,0.15474413599518005,4.817049296533159
2252,22.52,0.15598036594045778,4.805133375719574
2253,22.53,0.1575159069012729,4.8010201262802665
2254,22.54,0.1608064889629528,4.790600464943195
2255,22.55,0.16094113283091735,4.7833011062790085
2256,22.56,0.15168534823020438,4.7745820386171305
2257,22.57,0.1519203536588753,4.763356624244388
2258,22.580000000000002,0.1518467585837111,4.762672058364174
2259,22.59,0.15353410556162952,4.736817940727085
2260,22.6,0.1512645473611526,4.731806306633754
2261,22.61,0.15124253891977282,4.720623929330855
2262,22.62,0.14972392473424365,4.70699995923193
2263,22.63,0.1537360264732294,4.696245599057589
2264,22.64,0.1519758233216617,4.697143334934178
2265,22.650000000000002,0.14684923397975935,4.684524634544327
2266,22.66,0.15465720916351455,4.673279974354981
2267,22.67,0.15006772786380318,4.656894964959837
2268,22.68,0.15494093722465568,4.6397030614231545
2269,22.69,0.15415778372016914,4.626718409631334
2270,22.7,0.15025323210501898,4.629702398199535
2271,22.71,0.14955791021981166,4.609423727651357
2272,22.72,0.15142525196012374,4.606305957641599
2273,22.73,0.14950236231240868,4.600737165496017
2274,22.740000000000002,0.149772500504243,4.593918243848925
2275,22.75,0.1427928531263426,4.579105644212766
2276,22.76,0.14572306723405812,4.567140698999442
2277,22.77,0.14920936802499127,4.555484243182596
2278,22.78,0.14939776349231,4.549613593933969
2279,22.79,0.14794386478252872,4.536364494509511
2280,22.8,0.14919594519743626,4.518291224586774
2281,22.81,0.14613181856732294,4.522800484695106
2282,22.82,0.14363600477748545,4.515856838863005
2283,22.830000000000002,0.14945763082566646,4.49963278961974
2284,22.84,0.14466997379586605,4.485124996370787
2285,22.85,0.1467610153756001,4.482487882429136
2286,22.86,0.14922667096000358,4.467003036979199
2287,22.87,0.1466167385342798,4.455457427266586
2288,22.88,0.1459845022561931,4.457322426208975
2289,22.89,0.1486046163569937,4.4484741943252875
2290,22.900000000000002,0.1434642052355696,4.425483832015614
2291,22.91,0.14877677643282122,4.4304191372785455
2292,22.92,0.14434592199863788,4.407773927067688
2293,22.93,0.15082057357313058,4.420287018897981
2294,22.94,0.14766451720421928,4.394636552346181
2295,22.95,0.14755675869184914,4.392091131665845
2296,22.96,0.1441168235778972,4.381088204606946
2297,22.97,0.14849464738729928,4.3728346727516785
2298,22.98,0.14542668401098963,4.365695055379002
2299,22.990000000000002,0.1433219266557048,4.35583547228807
2300,23.0,0.15070918048361162,4.350445283763909
2301,23.01,0.1452574942211194,4.337078186597341
2302,23.02,0.1449503853812379,4.328080403455639
2303,23.03,0.15026297958900442,4.321149914520247
2304,23.04,0.1434595814910555,4.317924566602578
2305,23.05,0.1537223286916749,4.3155093982243375
2306,23.06,0.14436101823406142,4.298801469356064
2307,23.07,0.15032786432895517,4.278293301418357
2308,23.080000000000002,0.14691288191644825,4.27970688522138
2309,23.09,0.15008577794295114,4.275436692265626
2310,23.1,0.14893766785237988,4.264635729662604
2311,23.11,0.1506356088413013,4.259317304364949
2312,23.12,0.15273368739386756,4.24281231522695
2313,23.13,0.15088412940540424,4.232372977026012
2314,23.14,0.14929602753037355,4.229213812459012
2315,23.150000000000002,0.14993346799791307,4.232135867505506
2316,23.16,0.15029730691020385,4.209647990534787
2317,23.17,0.15132763268863508,4.204645778612257
2318,23.18,0.15196789138044975,4.192977705851801
2319,23.19,0.14761453287975285,4.185323715785465
2320,23.2,0.14983468717220844,4.1919020760134496
2321,23.21,0.14989793699295229,4.181710703604195
2322,23.22,0.14508317181047262,4.163108023553172
2323,23.23,0.15519179500866948,4.158975837221949
2324,23.240000000000002,0.15282416604575413,4.1561696222076385
2325,23.25,0.15240083512904234,4.151150294455024
2326,23.26,0.15152555665943998,4.145047978193751
2327,23.27,0.14868770893244918,4.125481847019774
2328,23.28,0.14919203718035395,4.129722410752642
2329,23.29,0.155238446556752,4.124419828260825
2330,23.3,0.15444972564963227,4.100285357626771
2331,23.31,0.1565203491730342,4.1127491773290314
2332,23.32,0.15317836909309443,4.0917880307721255
2333,23.330000000000002,0.15450021770612152,4.076223101063985
2334,23.34,0.15388444560150644,4.098294315171209
2335,23.35,0.15574492123549438,4.076606416611411
2336,23.36,0.1532260462725615,4.057814301141976
2337,23.37,0.16123424414160534,4.0600738516773704
2338,23.38,0.1634092209588437,4.060277709204991
2339,23.39,0.158202485668068,4.044255491918843
2340,23.400000000000002,0.1586737447649509,4.0461216294348175
2341,23.41,0.160385973549019,4.028861390198226
2342,23.42,0.16202945676929192,4.022846478884964
2343,23.43,0.16470460837880238,4.023969549747405
2344,23.44,0.16447624451621112,4.021703284983834
2345,23.45,0.16034344697701736,4.007610806587333
2346,23.46,0.16257378218128152,4.0101220453917215
2347,23.47,0.16907159696994734,3.997059708035131
2348,23.48,0.16602889463431658,3.9992681840229007
2349,23.490000000000002,0.16350728771993195,3.9860699134029085
2350,23.5,0.1681995393345135,3.967518657986705
2351,23.51,0.16725698918360682,3.970909456839869
2352,23.52,0.16784082931938726,3.9640351695014258
2353,23.53,0.16920721036642003,3.9566860081537643
2354,23.54,0.16290025657226648,3.9597655460562127
2355,23.55,0.16687278301315558,3.945068326915876
2356,23.56,0.16884676173022348,3.935673940011238
2357,23.57,0.16838521135223156,3.9339019754606417
2358,23.580000000000002,0.17229959024362987,3.9312225656462525
2359,23.59,0.16868447075661971,3.9229121412509826
2360,23.6,0.17631172429635775,3.9186569716305035
2361,23.61,0.17479004954103977,3.9134920320382265
2362,23.62,0.17310967402804198,3.90929262113417
2363,23.63,0.1715311729544974,3.9023866899609905
2364,23.64,0.181611159505609,3.8880059865825896
2365,23.650000000000002,0.17790412111917853,3.887071501661722
2366,23.66,0.17509772664004078,3.883670450936165
2367,23.67,0.1841464990807382,3.874390322356286
2368,23.68,0.1799005689924115,3.879176305141338
2369,23.69,0.1824011335327245,3.8756417366797478
2370,23.7,0.18068631867422189,3.8636835301852432
2371,23.71,0.17900005518557363,3.8632213717592983
2372,23.72,0.1830396541399896,3.857813640375324
2373,23.73,0.18544186368992205,3.856539431936961
2374,23.740000000000002,0.19117535736529156,3.8445509969460234
2375,23.75,0.18863301257278095,3.839558676994996
2376,23.76,0.1867584923037292,3.8292032425106655
2377,23.77,0.18956776335391695,3.8215691107570806
2378,23.78,0.18921722437338162,3.826454193546894
2379,23.79,0.19016324428576928,3.813637109014646
2380,23.8,0.19396693576862914,3.803064053821352
2381,23.81,0.1929645631722455,3.8043679175680847
2382,23.82,0.19502094316048704,3.810301343148345
2383,23.830000000000002,0.19756948591218396,3.802676611210031
2384,23.84,0.19224605049666044,3.800571845463185
2385,23.85,0.19221204265401187,3.792526578405282
2386,23.86,0.20093136130541334,3.7875342061184036
2387,23.87,0.20291191176784143,3.775819504824441
2388,23.88,0.20241825287733442,3.772435967834094
2389,23.89,0.20303249767092438,3.7660806974508962
2390,23.900000000000002,0.20682199990425307,3.76278536425298
2391,23.91,0.20993082333402982,3.7794268780942923
2392,23.92,0.20101114943546947,3.7441662610113053
2393,23.93,0.2099534246924507,3.763435178257386
2394,23.94,0.21216940052125413,3.7548995053427774
2395,23.95,0.2133091646427352,3.7427820939937106
2396,23.96,0.21533359023645476,3.7347141573728786
2397,23.97,0.2140838095219623,3.7414144792731006
2398,23.98,0.21916925476831406,3.7496386321190336
2399,23.990000000000002,0.22052154118292805,3.729785757077412
2400,24.0,0.22159365156225996,3.713956109019408
2401,24.01,0.22522993055873355,3.728885167775222
2402,24.02,0.2254149509322728,3.7333358955286786
2403,24.03,0.223645407000725,3.7081163067258958
2404,24.04,0.22959294973402816,3.724050028631539
2405,24.05,0.2295803722783885,3.7230528288519107
2406,24.060000000000002,0.22592271319095578,3.69762718293172
2407,24.07,0.23091201735815722,3.6885885649763592
2408,24.080000000000002,0.23532519077507544,3.7085510862823363
2409,24.09,0.23242543941681246,3.698562757234631
2410,24.1,0.23853458534624095,3.6879914713518325
2411,24.11,0.24062316508670525,3.699014647351975
2412,24.12,0.24248675980183895,3.6878795602741783
2413,24.13,0.24398846496202292,3.6837479659218095
2414,24.14,0.24546951524827737,3.6879692111462354
2415,24.150000000000002,0.2457197932930044,3.681767318748548
2416,24.16,0.25128684892557257,3.676274683758321
2417,24.17,0.2497186005974566,3.6743811907501884
2418,24.18,0.25498040721349013,3.6772730300369734
2419,24.19,0.2555571313997831,3.670268951523599
2420,24.2,0.25446413768397225,3.663058906349511
2421,24.21,0.26072055758293744,3.6648994542231392
2422,24.22,0.2585499749373247,3.6617367985859204
2423,24.23,0.2595895793092131,3.659502907373625
2424,24.240000000000002,0.26720742154588023,3.65689550802941
2425,24.25,0.2704239068704048,3.6444696763426454
2426,24.26,0.2692889525763139,3.643149609442005
2427,24.27,0.26719631383122083,3.648345115887099
2428,24.28,0.28186278243203344,3.6508568203996887
2429,24.29,0.2769361203999957,3.652866862415841
2430,24.3,0.2790746639484633,3.6538768708343685
2431,24.310000000000002,0.28450962969731186,3.6399084472505083
2432,24.32,0.28762372326748303,3.6382607772967837
2433,24.330000000000002,0.2844117076312765,3.6428157719190226
2434,24.34,0.2870279493686552,3.638091540018971
2435,24.35,0.2894667019637089,3.626435796611067
2436,24.36,0.29556463207077754,3.629255839386125
2437,24.37,0.2995509637014665,3.627316932148362
2438,24.38,0.3031321611871204,3.629126080878533
2439,24.39,0.30725650848338687,3.6352497646419137
2440,24.400000000000002,0.3150979579182841,3.6160842585431117
2441,24.41,0.3117638633890925,3.6220969831265513
2442,24.42,0.31606557125066775,3.6256506618835207
2443,24.43,0.31344043058007676,3.6194030713883185
2444,24.44,0.31817253449278576,3.626098876844146
2445,24.45,0.32009788398895184,3.626808532401032
2446,24.46,0.32391929892785815,3.6145518109722117
2447,24.47,0.32729786401650796,3.6111164013321093
2448,24.48,0.32972375296472606,3.616632288112131
2449,24.490000000000002,0.33185233037651674,3.618147818959664
2450,24.5,0.3381528876708412,3.614842535200752
2451,24.51,0.33908600789821447,3.6130597960701705
2452,24.52,0.3421267794384937,3.6178844832155277
2453,24.53,0.34663441202178025,3.608638210819347
2454,24.54,0.34245679225985975,3.606699643367356
2455,24.55,0.35328908973813117,3.6089953481070123
2456,24.560000000000002,0.35579504315503035,3.6171740675531017
2457,24.57,0.3595063052730491,3.617011333521614
2458,24.580000000000002,0.366284650630292,3.5969650388724843
2459,24.59,0.36188384098617127,3.616542499700037
2460,24.6,0.3694301926719146,3.616947457621932
2461,24.61,0.37584094426982445,3.604486504271162
2462,24.62,0.3756013755241526,3.607781711350825
2463,24.63,0.38415973819312244,3.616619707118257
2464,24.64,0.3871658151528062,3.6272153483594707
2465,24.650000000000002,0.3863377200718501,3.6179635446219933
2466,24.66,0.39662110519241855,3.6122047062489173
2467,24.67,0.40288291532254533,3.6180253051110998
2468,24.68,0.40180005449095585,3.6136850378890264
2469,24.69,0.4103044318892897,3.607692728242178
2470,24.7,0.41419161202215576,3.613495608138177
2471,24.71,0.41419488901527485,3.6093222172093835
2472,24.72,0.41846200221127355,3.6216749847315985
2473,24.73,0.42501626073377125,3.6150706769061767
2474,24.740000000000002,0.4322599677358206,3.617661813441511
2475,24.75,0.43555668429973704,3.6154246242990165
2476,24.76,0.4388023472933073,3.6203756443539548
2477,24.77,0.44348856425719035,3.6223890841028057
2478,24.78,0.4448095607676098,3.6277078346502174
2479,24.79,0.45182603782748915,3.6160118015210974
2480,24.8,0.4565873980624453,3.6320280873127917
2481,24.810000000000002,0.4610103899205493,3.631432660739782
2482,24.82,0.46564647030227024,3.628443917646706
2483,24.830000000000002,0.4702692826092134,3.637090987528855
2484,24.84,0.478197342398319,3.6325401230063132
2485,24.85,0.4781206306011483,3.645261097300282
2486,24.86,0.4862495147813568,3.6513279010478565
2487,24.87,0.496943745451577,3.643725678463074
2488,24.88,0.49866210353293167,3.6438988929419533
2489,24.89,0.502085379011748,3.636659319795092
2490,24.900000000000002,0.5079593614184106,3.6422905921330604
2491,24.91,0.5190477277869671,3.6464637105357607
2492,24.92,0.520595623633782,3.652558428207406
2493,24.93,0.5263118991677191,3.6565751488242677
2494,24.94,0.5330853400665818,3.6496895758872956
2495,24.95,0.5372111078830712,3.6549268952412044
2496,24.96,0.540534962250007,3.6646924912135708
2497,24.97,0.5518191034875445,3.668144830739858
2498,24.98,0.5555308971503783,3.6637187141412264
2499,24.990000000000002,0.5581987760410101,3.676791609220031
2500,25.0,0.5668037134301916,3.677207610292866
2501,25.01,0.5726214238502126,3.669448289751921
2502,25.02,0.5805608610760089,3.6719694137589727
2503,25.03,0.5833787643840647,3.6934374002972734
2504,25.04,0.5927335045117946,3.681120704373233
2505,25.05,0.5994659061480532,3.6891474808290785
2506,25.060000000000002,0.6078824202080635,3.693597312424401
2507,25.07,0.611400154382165,3.69710739171859
2508,25.080000000000002,0.61453763230339,3.6971257568596405
2509,25.09,0.6276287844844132,3.695341952995031
2510,25.1,0.6326203747118982,3.7206426074912047
2511,25.11,0.646166863310569,3.7032699968428866
2512,25.12,0.6440320646446351,3.7190373596004425
2513,25.13,0.6506538069077548,3.725130217774435
2514,25.14,0.6643223986561926,3.7459375783201927
2515,25.150000000000002,0.6637438559774302,3.722031493721281
2516,25.16,0.679614455889727,3.7342050828363367
2517,25.17,0.6796792180833275,3.741803770945708
2518,25.18,0.686772537600721,3.7479333394878593
2519,25.19,0.6958543446514838,3.7521761064758685
2520,25.2,0.7089052453713544,3.757401083365048
2521,25.21,0.7104696165661684,3.766323179243242
2522,25.22,0.719883491718459,3.7694498033939134
2523,25.23,0.7281358772334929,3.7662603089856717
2524,25.240000000000002,0.7379158737212045,3.769023711809573
2525,25.25,0.7501775255255786,3.783909148853032
2526,25.26,0.7517352239400188,3.7794888465086345
2527,25.27,0.7589155040336298,3.7791502880093466
2528,25.28,0.768615450233448,3.7902533931293614
2529,25.29,0.7802438542192792,3.8089806371516968
2530,25.3,0.7788141676510878,3.8112971667596502
2531,25.310000000000002,0.797893267815171,3.8119499727859107
2532,25.32,0.7998353852109857,3.8175035975222427
2533,25.330000000000002,0.813945350324689,3.8220354779233046
2534,25.34,0.821458718093115,3.844427839332292
2535,25.35,0.8284207600580635,3.8449899757367407
2536,25.36,0.8380443791986157,3.8482744981886334
2537,25.37,0.8450620856532534,3.8537133821936216
2538,25.38,0.8523185532727519,3.8567813647210896
2539,25.39,0.8635953235066403,3.8709594029788064
2540,25.400000000000002,0.876651787817197,3.865910664253125
2541,25.41,0.8891485811545465,3.8760655442736707
2542,25.42,0.8891840158300621,3.881320019631663
2543,25.43,0.905507082711978,3.887286263578207
2544,25.44,0.9075290777961791,3.9037834982928903
2545,25.45,0.9202636105677233,3.907233329722919
2546,25.46,0.9303359556551848,3.9166207263908865
2547,25.47,0.9432713404247117,3.9127568442755103
2548,25.48,0.9476236375723629,3.9355912480536888
2549,25.490000000000002,0.9653457455104724,3.9391636012468174
2550,25.5,0.9686075600858289,3.9433098230372363
2551,25.51,0.9757258751015687,3.941834463983081
2552,25.52,0.995228675237416,3.963026469797879
2553,25.53,1.0005779788253435,3.9674855084257485
2554,25.54,1.0103316648769773,3.9769967555901533
2555,25.55,1.0195232380196766,3.972646858243979
2556,25.560000000000002,1.0301325969574255,3.999498030218797
2557,25.57,1.0415659972810054,4.013464826940697
2558,25.580000000000002,1.0565335189957739,4.000642483731514
2559,25.59,1.0612037418226539,4.021519219895297
2560,25.6,1.0721027562344598,4.021011027050675
2561,25.61,1.084639810413338,4.031611476800386
2562,25.62,1.0997520290285228,4.050320512835217
2563,25.63,1.1096317732436642,4.061918442094124
2564,25.64,1.116073748315906,4.070501127329579
2565,25.650000000000002,1.1224718876140125,4.073144494428131
2566,25.66,1.1388960121635119,4.073813757669712
2567,25.67,1.1491764505836284,4.087600779797907
2568,25.68,1.157109198254899,4.101442799179725
2569,25.69,1.166272593452831,4.1109639774456515
2570,25.7,1.181491657123174,4.117188897015664
2571,25.71,1.1880625384136156,4.122243229730403
2572,25.72,1.2068376803925336,4.140751493808795
2573,25.73,1.2140339798052096,4.150265085077111
2574,25.740000000000002,1.219151675446592,4.147714060992876
2575,25.75,1.2342392837902276,4.161136006781129
2576,25.76,1.2463420735937323,4.177002105679473
2577,25.77,1.2588369283543825,4.192016128199593
2578,25.78,1.273533027449263,4.209941711620619
2579,25.79,1.2825607545452185,4.2138042022173
2580,25.8,1.2910544888112017,4.2138513774028485
2581,25.810000000000002,1.3052024745708528,4.223907846568663
2582,25.82,1.3155757387742488,4.234819584876669
2583,25.830000000000002,1.3188183349636442,4.258560449568173
2584,25.84,1.3376802295656909,4.269311560380035
2585,25.85,1.3536428479653195,4.278112069882657
2586,25.86,1.35629017554018,4.287571834716183
2587,25.87,1.3734815626327204,4.2890376275213065
2588,25.88,1.3799682551000632,4.300979546566305
2589,25.89,1.394708130911869,4.317474696866215
2590,25.900000000000002,1.4059636946751881,4.324808163777654
2591,25.91,1.4211158987593484,4.3347553530107685
2592,25.92,1.425467862394053,4.356398476231663
2593,25.93,1.4381982836181721,4.362216002016415
2594,25.94,1.4503314180652684,4.370075832883606
2595,25.95,1.4561297761058167,4.392286377411964
2596,25.96,1.4733333744123525,4.394525535778389
2597,25.97,1.4844187920010083,4.403711309855676
2598,25.98,1.4897050067964428,4.421823116074931
2599,25.990000000000002,1.5052428215075675,4.426531162944542
2600,26.0,1.5148950990699916,4.445177370863973
2601,26.01,1.5269374985080513,4.457480323745374
2602,26.02,1.5377659985233414,4.4677266310021535
2603,26.03,1.5459943594116972,4.483786791662244
2604,26.04,1.5542441955268071,4.485545805473992
2605,26.05,1.5709748671335546,4.504941685634898
2606,26.060000000000002,1.5828122880021156,4.516739501509262
2607,26.07,1.594897097324636,4.512660916258473
2608,26.080000000000002,1.6022621866276296,4.545028695688239
2609,26.09,1.614812537702318,4.555718272225743
2610,26.1,1.621904611747417,4.5683596182626
2611,26.11,1.6324803101051621,4.5727397713997675
2612,26.12,1.6409362704740278,4.601192819021133
2613,26.13,1.652647853691382,4.59466788379999
2614,26.14,1.665085416387306,4.620988930668127
2615,26.150000000000002,1.665574431504696,4.62843524991026
2616,26.16,1.6833556941165424,4.643699095510662
2617,26.17,1.6936803974095818,4.657258815317269
2618,26.18,1.7024781913951061,4.665266191615914
2619,26.19,1.7131686350796944,4.691452909501225
2620,26.2,1.7208509876258953,4.700776056099116
2621,26.21,1.734967969403427,4.715607696164392
2622,26.22,1.7397038098369706,4.71011432137955
2623,26.23,1.7495292570790504,4.7289103267135
2624,26.240000000000002,1.757356166538321,4.740151593147794
2625,26.25,1.7741150308512177,4.759056678469477
2626,26.26,1.777544218013268,4.774219085355198
2627,26.27,1.7860947668461236,4.788789668502471
2628,26.28,1.7938207863594886,4.800996355297309
2629,26.29,1.8018915088517926,4.828595677987318
2630,26.3,1.8152344922725459,4.835915721276586
2631,26.310000000000002,1.8243373693194587,4.851134166342866
2632,26.32,1.829099941570416,4.863944804650321
2633,26.330000000000002,1.8351905935750576,4.873619843273701
2634,26.34,1.8431932905226078,4.887576221470006
2635,26.35,1.8538245762359806,4.900788729757791
2636,26.36,1.8610672931264365,4.906806063676156
2637,26.37,1.8724147836428975,4.922263583164392
2638,26.38,1.8802820367045923,4.942177908397701
2639,26.39,1.8856255950910805,4.949442860206102
2640,26.400000000000002,1.8882105163598024,4.961335979231107
2641,26.41,1.8979947944468827,4.983454344529347
2642,26.42,1.9062603340940234,4.987139943424282
2643,26.43,1.9136371770581393,5.016075422354159
2644,26.44,1.9213989641405678,5.022828522833002
2645,26.45,1.9245577643078184,5.042801443694808
2646,26.46,1.93611154683631,5.048321805476026
2647,26.47,1.9382429473899003,5.070199092040073
2648,26.48,1.94530720158727,5.088398579608646
2649,26.490000000000002,1.9570227439357353,5.087746402824114
2650,26.5,1.9564856847851546,5.112124928282254
2651,26.51,1.9671344006423424,5.125653013282178
2652,26.52,1.9718437884151894,5.135298347636551
2653,26.53,1.974337779444732,5.152132186650461
2654,26.54,1.9821132968287736,5.159846908838852
2655,26.55,1.988231525895891,5.171595349723669
2656,26.560000000000002,1.995528144744277,5.203464128848503
2657,26.57,1.996233660774267,5.200746301635854
2658,26.580000000000002,2.0006671811136116,5.2332034060475126
2659,26.59,2.01040830077361,5.233807772485182
2660,26.6,2.019472624410951,5.254107808160439
2661,26.61,2.023466520036125,5.266939270796395
2662,26.62,2.0273185819929327,5.278598307249788
2663,26.63,2.0298126700278356,5.284406213508802
2664,26.64,2.0332277932975904,5.321380443644548
2665,26.650000000000002,2.0401900504864416,5.330946082359284
2666,26.66,2.038157659686005,5.338258319540074
2667,26.67,2.0434885104444613,5.348352365421394
2668,26.68,2.048104290645591,5.373324109550292
2669,26.69,2.056539312804013,5.383633096990163
2670,26.7,2.063599872248155,5.398399450373952
2671,26.71,2.0645552933720928,5.40781848791594
2672,26.72,2.066263746389581,5.435421902654591
2673,26.73,2.067720605607952,5.442999276625801
2674,26.740000000000002,2.0753388297626008,5.44468681445902
2675,26.75,2.073805358914758,5.466205005996786
2676,26.76,2.0796186501738907,5.479808537915527
2677,26.77,2.0818926299067386,5.490855586880519
2678,26.78,2.083572001972802,5.526827648380461
2679,26.79,2.088842983585294,5.53013425745688
2680,26.8,2.0908493741156127,5.552477468753363
2681,26.810000000000002,2.088067460097521,5.557517525558706
2682,26.82,2.093360524138787,5.57709097959019
2683,26.830000000000002,2.0957148349075774,5.590053262839827
2684,26.84,2.0985753623745285,5.596250027239313
2685,26.85,2.098054145568198,5.60187499370148
2686,26.86,2.1006483758777756,5.626129721824287
2687,26.87,2.1008048754240267,5.6487138065078515
2688,26.88,2.106009075981693,5.657478672743264
2689,26.89,2.104675452335853,5.6684348029147875
2690,26.900000000000002,2.1118000432249158,5.686199867906498
2691,26.91,2.109303980982104,5.6957912755540505
2692,26.92,2.108271024651278,5.7059579222674985
2693,26.93,2.1090394046530485,5.727811081016857
2694,26.94,2.106521822113142,5.742129182948257
2695,26.95,2.1163655388068863,5.761352898114045
2696,26.96,2.113750672928857,5.771615618636051
2697,26.97,2.1166434456867678,5.791127456706728
2698,26.98,2.11672795311825,5.8030177436510435
2699,26.990000000000002,2.117091957759908,5.814742829076343
2700,27.0,2.1146928545728954,5.818482812969044
2701,27.01,2.11317459653001,5.846785151233666
2702,27.02,2.122267795052559,5.857221923803723
2703,27.03,2.1128723722224434,5.880533792846791
2704,27.04,2.1122417770604964,5.885331786843385
2705,27.05,2.1189070694035577,5.9078055875191
2706,27.060000000000002,2.115445548962773,5.906911374460694
2707,27.07,2.11674550191617,5.924979841374772
2708,27.080000000000002,2.1083147114398337,5.946438495787196
2709,27.09,2.1104906297469133,5.964204275878988
2710,27.1,2.1146910384282758,5.969482689325475
2711,27.11,2.1078480833409903,5.985274928391054
2712,27.12,2.110072433219902,5.980220483558313
2713,27.13,2.111645863379201,5.996041371749342
2714,27.14,2.1128492229668856,6.025379166624337
2715,27.150000000000002,2.108607516475637,6.038557733906904
2716,27.16,2.107704561802582,6.054158037416256
2717,27.17,2.1128013490290827,6.061207589794609
2718,27.18,2.1018540402027757,6.072890157206194
2719,27.19,2.1069364458021775,6.08637790266547
2720,27.2,2.101936143135886,6.105797946919275
2721,27.21,2.0986156614517752,6.107267391307254
2722,27.22,2.0994948666450894,6.133324206558234
2723,27.23,2.095076026947632,6.13232364677943
2724,27.240000000000002,2.0922689145390554,6.15915140536282
2725,27.25,2.0950582315039,6.164861835791895
2726,27.26,2.0946446943581187,6.175420469539427
2727,27.27,2.0912345626738755,6.1992344267325965
2728,27.28,2.088417040349173,6.200015658375549
2729,27.29,2.0832810833918187,6.219314529879592
2730,27.3,2.0755511485951716,6.231149416990059
2731,27.310000000000002,2.079894630640197,6.249573490037275
2732,27.32,2.0822457991361576,6.263680511582662
2733,27.330000000000002,2.0772632073096675,6.2815885529523765
2734,27.34,2.077058374678839,6.280637753565825
2735,27.35,2.0701578794561777,6.288726514485862
2736,27.36,2.0676081803178925,6.304819869552611
2737,27.37,2.06022728409125,6.317442503390702
2738,27.38,2.0650815150288335,6.334744058689145
2739,27.39,2.060082235520671,6.3481680774620095
2740,27.400000000000002,2.0559062755210493,6.360831347765183
2741,27.41,2.0530487145181078,6.367599149664782
2742,27.42,2.050074937913672,6.388627356146188
2743,27.43,2.045779379429446,6.391302196551483
2744,27.44,2.049782257402873,6.4099703870596185
2745,27.45,2.0467229823413513,6.425869589622606
2746,27.46,2.0422203463511255,6.44738709871628
2747,27.47,2.0343531919095423,6.455411351218313
2748,27.48,2.027801137832264,6.459712167053509
2749,27.490000000000002,2.029692379817136,6.471953019238687
2750,27.5,2.028365221493246,6.493139946888397
2751,27.51,2.0247675901215754,6.500566302500126
2752,27.52,2.021248683302076,6.516382727331205
2753,27.53,2.0123749002222446,6.517052645390626
2754,27.54,2.018491498680498,6.53682616018314
2755,27.55,2.00662973219652,6.537141257874568
2756,27.560000000000002,2.001824181216529,6.560477676315057
2757,27.57,2.0038226398535617,6.570362703370889
2758,27.580000000000002,1.9993475528773352,6.5853776883244945
2759,27.59,1.9927495759059664,6.584623884259291
2760,27.6,1.9895087719742457,6.6009065406210645
2761,27.61,1.9807647128096328,6.618597132526529
2762,27.62,1.9830540504023477,6.628509450154761
2763,27.63,1.9765016861490945,6.6302391607666324
2764,27.64,1.9754770584970447,6.643136447649527
2765,27.650000000000002,1.9700975763704185,6.657770108066555
2766,27.66,1.9646471719217558,6.674953629234029
2767,27.67,1.9650632084708,6.668982186300077
2768,27.68,1.9547559734123092,6.682160997641717
2769,27.69,1.9500600199436222,6.7117394458572965
2770,27.7,1.9468471663693305,6.71698551973471
2771,27.71,1.9458426504890567,6.71189032738964
2772,27.72,1.9359960975410417,6.727778042735993
2773,27.73,1.9386173940128903,6.742037389605906
2774,27.740000000000002,1.9348541370672763,6.74451958909874
2775,27.75,1.9259426085671003,6.756342687382982
2776,27.76,1.921192399373513,6.7666333077938585
2777,27.77,1.9225056290596887,6.788741416203161
2778,27.78,1.9164510852229844,6.787741403219863
2779,27.79,1.9060365271148045,6.795865928070608
2780,27.8,1.9087893630251895,6.805489051048833
2781,27.810000000000002,1.8975183687552646,6.832297139031067
2782,27.82,1.893439406601183,6.825916191795499
2783,27.830000000000002,1.887905976315883,6.834250505309065
2784,27.84,1.8766548518100283,6.861237066067525
2785,27.85,1.8805316946225874,6.864212199613468
2786,27.86,1.8746463257055779,6.875267150980978
2787,27.87,1.869813448769012,6.872868988775123
2788,27.88,1.8672962136088345,6.8834033963455905
2789,27.89,1.8662793103875215,6.898731143374267
2790,27.900000000000002,1.8595979871002246,6.914866179523943
2791,27.91,1.8510865813340425,6.915849284091923
2792,27.92,1.8465335897419246,6.93399446466286
2793,27.93,1.8460594487459152,6.940573156903718
2794,27.94,1.8407253285189535,6.94920152785924
2795,27.95,1.8313902121240642,6.961885629838097
2796,27.96,1.8295754273028302,6.952635587756676
2797,27.97,1.8251162009802604,6.9738228957135036
2798,27.98,1.8199617557641097,6.972877691259106
2799,27.990000000000002,1.8119902105720267,6.981377991432385
2800,28.0,1.807015404641775,6.996403067909519
2801,28.01,1.8025228221937475,6.996534564791523
2802,28.02,1.8003104061085438,7.014073491770275
2803,28.03,1.7936494557879528,7.030771218521143
2804,28.04,1.7887486022185854,7.022527429486814
2805,28.05,1.7827439630250297,7.035972080836829
2806,28.060000000000002,1.7727145492295928,7.051674621697282
2807,28.07,1.7692262792545437,7.047364495820536
2808,28.080000000000002,1.7644919575506117,7.0631726632218115
2809,28.09,1.7616932208856106,7.073484637333414
2810,28.1,1.7521792497607513,7.081244090360492
2811,28.11,1.7438482898014271,7.081854457084395
2812,28.12,1.74107960879736,7.091079078006227
2813,28.13,1.7342812055352965,7.1044959721652905
2814,28.14,1.7301362918145125,7.0976085319927655
2815,28.150000000000002,1.729593446183906,7.117186550061963
2816,28.16,1.71659599361409,7.121732241282462
2817,28.17,1.7168271693362653,7.1174204136066255
2818,28.18,1.7079036972339696,7.127280753626764
2819,28.19,1.7063117702659412,7.14435261730121
2820,28.2,1.6950073903413154,7.144867368438445
2821,28.21,1.689231144928888,7.149204968341938
2822,28.22,1.683699509048955,7.158001623513562
2823,28.23,1.6717940882650995,7.166756750812101
2824,28.240000000000002,1.674279425844197,7.177820046834505
2825,28.25,1.66739432497624,7.190259104795546
2826,28.26,1.6577379934472494,7.178809092233478
2827,28.27,1.6521449927708345,7.192914822125597
2828,28.28,1.6558629195988839,7.193487991963531
2829,28.29,1.6406651582540777,7.197241926589047
2830,28.3,1.6364884297244364,7.2117063837474085
2831,28.310000000000002,1.6277189514524024,7.209463600450254
2832,28.32,1.6235069196696081,7.223608029438245
2833,28.330000000000002,1.6154814903792587,7.229014801167629
2834,28.34,1.6095568113987155,7.225751087996822
2835,28.35,1.6075106834631034,7.232980804573911
2836,28.36,1.597431548910966,7.238361551970783
2837,28.37,1.590345005168867,7.242200184290696
2838,28.38,1.5875773748894468,7.24847212696664
2839,28.39,1.5794393958240938,7.254017742995114
2840,28.400000000000002,1.5726318575611737,7.262689982787754
2841,28.41,1.5634232227236278,7.258908411034033
2842,28.42,1.5585440678497084,7.271427446044425
2843,28.43,1.5576650149128466,7.275612376359848
2844,28.44,1.5478778557801085,7.288811294646569
2845,28.45,1.5430052370649798,7.288671399921074
2846,28.46,1.535725587364735,7.279125871581447
2847,28.47,1.5328756200333369,7.299296576926326
2848,28.48,1.52011617161266,7.30274453079129
2849,28.490000000000002,1.5172798051456184,7.300599719980657
2850,28.5,1.5070907625791603,7.307451350384219
2851,28.51,1.5015506932405114,7.314868713871583
2852,28.52,1.4946791942406807,7.317952791588963
2853,28.53,1.4946693561245468,7.3179069397759084
2854,28.54,1.480978686298092,7.322876763712146
2855,28.55,1.479432844825892,7.32516480464974
2856,28.560000000000002,1.4761007722743302,7.3382544520654704
2857,28.57,1.4637542974889597,7.331012063329477
2858,28.580000000000002,1.463856391188409,7.343825880552795
2859,28.59,1.4556019330682368,7.338213449316241
2860,28.6,1.443786163783904,7.340545915539493
2861,28.61,1.4378453313196145,7.359575693185665
2862,28.62,1.4303248774785782,7.342390038486485
2863,28.63,1.4239118988511572,7.359918673039857
2864,28.64,1.4204669737798579,7.349678216117155
2865,28.650000000000002,1.4057388589518063,7.350572714280826
2866,28.66,1.402503778120785,7.361438908577158
2867,28.67,1.4020201371102972,7.354774139285567
2868,28.68,1.3913047296457486,7.3654987184715655
2869,28.69,1.3875547221181876,7.371140233558882
2870,28.7,1.3827957520371787,7.365520377125359
2871,28.71,1.3753234988237073,7.360822207268664
2872,28.72,1.3691677681518897,7.356721817894152
2873,28.73,1.36374068651471,7.381564037476941
2874,28.740000000000002,1.3537403184315862,7.378935894104904
2875,28.75,1.3495829375437896,7.3678422954263185
2876,28.76,1.3413889369941918,7.373198900727
2877,28.77,1.336306873764321,7.377212532267202
2878,28.78,1.3265808874148672,7.3833673562927755
2879,28.79,1.323256615722267,7.38208748161984
2880,28.8,1.315591110350197,7.387912521515189
2881,28.810000000000002,1.310422881344507,7.370728252756758
2882,28.82,1.3023505631615095,7.37552296053441
2883,28.830000000000002,1.2937182115927133,7.38292365728513
2884,28.84,1.2912128679308614,7.376420393739019
2885,28.85,1.2845360699045245,7.392198194507615
2886,28.86,1.277420268290506,7.383036216882074
2887,28.87,1.273055070802195,7.382531665927038
2888,28.88,1.2671907619066927,7.394800079882347
2889,28.89,1.257049875764036,7.397362593457197
2890,28.900000000000002,1.2438642399613715,7.38403597333662
2891,28.91,1.243392777880888,7.383460813760909
2892,28.92,1.2380018975009475,7.383515150512353
2893,28.93,1.2290504684136982,7.395220116303592
2894,28.94,1.2212670845295583,7.382393350949365
2895,28.95,1.2186719444157394,7.394198564729296
2896,28.96,1.2116891427266496,7.386182436696221
2897,28.97,1.2023234375278482,7.382220576553712
2898,28.98,1.1949033148486274,7.386763901355123
2899,28.990000000000002,1.1903828076532612,7.3880024406265905
2900,29.0,1.1874489460761066,7.373894195362697
2901,29.01,1.1792433041416441,7.3849262202188966
2902,29.02,1.1685454957306034,7.391537820664723
2903,29.03,1.1674020476877531,7.37566530519058
2904,29.04,1.1553394105707282,7.3777789231743744
2905,29.05,1.1447865717998662,7.378062021113504
2906,29.060000000000002,1.1427887242778507,7.376863135085859
2907,29.07,1.132519537477415,7.377711361079552
2908,29.080000000000002,1.1334581793450764,7.377043920903291
2909,29.09,1.1243421989475444,7.384603724872111
2910,29.1,1.1141841120630431,7.362510874927961
2911,29.11,1.114931037904111,7.382811292534722
2912,29.12,1.1056755723676563,7.367725549832526
2913,29.13,1.1007530095535727,7.360189794492135
2914,29.14,1.0907781405665613,7.359074315845062
2915,29.150000000000002,1.084452376558142,7.356098313107133
2916,29.16,1.073668560368978,7.364880613760489
2917,29.17,1.0663472742758804,7.346615715823505
2918,29.18,1.0619426516680075,7.354258665791025
2919,29.19,1.0574350959890548,7.351205658889134
2920,29.2,1.0504956610309826,7.351023431401028
2921,29.21,1.04072448758324,7.3473627391957494
2922,29.22,1.0348824802996612,7.3339331014377365
2923,29.23,1.026726607112938,7.345960271762191
2924,29.240000000000002,1.0188804528793147,7.351074803425785
2925,29.25,1.0117519360519858,7.326235207391396
2926,29.26,1.0091448752738117,7.331251431060471
2927,29.27,1.0018852674534195,7.315396713961246
2928,29.28,0.9973710192592161,7.315415989313304
2929,29.29,0.9926513532803493,7.317024482797627
2930,29.3,0.9882230890456314,7.316132267533509
2931,29.310000000000002,0.979302040450555,7.29870064906064
2932,29.32,0.9694655763465527,7.311489971552686
2933,29.330000000000002,0.9630572499101926,7.305292732006028
2934,29.34,0.9604133352428069,7.297032618062934
2935,29.35,0.9495335992908832,7.289666659343057
2936,29.36,0.9465153237186914,7.284156033427587
2937,29.37,0.9315259622601306,7.290922422887661
2938,29.38,0.9275238139593281,7.269517172476998
2939,29.39,0.9240045614004908,7.269238248386305
2940,29.400000000000002,0.9137603981522578,7.2658641108793445
2941,29.41,0.9090364616631396,7.265827477921585
2942,29.42,0.9016940466780533,7.2600142464563655
2943,29.43,0.8997183065448815,7.246084878784639
2944,29.44,0.89284006699318,7.257857216611875
2945,29.45,0.8827538131190308,7.249550466243401
2946,29.46,0.8797675985497257,7.243157915683375
2947,29.47,0.8691908650127965,7.2337746867998
2948,29.48,0.864255289502268,7.22970203968565
2949,29.490000000000002,0.859773474329582,7.212749909757863
2950,29.5,0.8486145131810789,7.218944842918446
2951,29.51,0.8483736023850231,7.215455402967582
2952,29.52,0.8416571256249683,7.214307849403363
2953,29.53,0.8379363196290608,7.197806484585796
2954,29.54,0.8295691496643044,7.197846837988678
2955,29.55,0.8237810031666529,7.1891855676474705
2956,29.560000000000002,0.8159106832452966,7.17018013844139
2957,29.57,0.805275433221541,7.175627967687799
2958,29.580000000000002,0.8013218565285188,7.167254517158453
2959,29.59,0.7983952036583423,7.173685486046075
2960,29.6,0.7889028853652853,7.153759720265899
2961,29.61,0.7868748987257019,7.158971091314477
2962,29.62,0.7789899955189125,7.140596780255291
2963,29.63,0.7723530856946723,7.133571061417247
2964,29.64,0.7632736540637571,7.1353577798110175
2965,29.650000000000002,0.7594592821059748,7.108515018310618
2966,29.66,0.7527890953474251,7.110806214253202
2967,29.67,0.7442490604513451,7.107337399047402
2968,29.68,0.7388829503710582,7.090124752798173
2969,29.69,0.7323468670304645,7.078534275121229
2970,29.7,0.7313284864964626,7.081989913809323
2971,29.71,0.7196246719322328,7.0756145962178
2972,29.72,0.7174777233697168,7.070925942053889
2973,29.73,0.7103385092757291,7.057250285019766
2974,29.740000000000002,0.7074826595336178,7.0440703170406245
2975,29.75,0.6998012221980897,7.04023499028731
2976,29.76,0.6911923706340588,7.029240330547713
2977,29.77,0.6856097450086849,7.014296672846454
2978,29.78,0.6759486879319975,7.01339613927173
2979,29.79,0.6778749498330274,7.002727155298462
2980,29.8,0.6714031019661565,6.998114192293217
2981,29.810000000000002,0.665714716473927,6.991682585791235
2982,29.82,0.6582159225573558,6.991622956908814
2983,29.830000000000002,0.6485845797941798,6.964918730769667
2984,29.84,0.644835371730062,6.970650203101005
2985,29.85,0.6400482184339265,6.945760397022879
2986,29.86,0.6371904888130964,6.949956439987191
2987,29.87,0.6325196346652872,6.939865031986551
2988,29.88,0.6259955474749839,6.927014637960115
2989,29.89,0.6216527655899533,6.9144067450693
2990,29.900000000000002,0.6122657517670771,6.897789140678346
2991,29.91,0.6052652443537567,6.892750221003782
2992,29.92,0.6049397531938996,6.884135807581095
2993,29.93,0.5982811444978888,6.872384784917573
2994,29.94,0.5979766180789575,6.875718829408349
2995,29.95,0.5866034785038471,6.856873757332655
2996,29.96,0.5802088325722159,6.85174860227086
2997,29.97,0.5758530813330621,6.840595118913121
2998,29.98,0.5707042275690363,6.832918453195373
2999,29.990000000000002,0.5664374967971897,6.822748227061266
