,t,x,y
0,0.0,4.89305104359733,11.534291997406799
1,0.01,4.6966708228565714,11.202515353842447
2,0.02,4.4690828710284904,11.625600663140432
3,0.03,4.376313608348259,11.15631169413298
4,0.04,4.316807399232982,11.461848494250177
5,0.05,4.236949494815284,11.776764377145147
6,0.06,4.0479712207961445,11.115062741633599
7,0.07,4.208315209042298,11.394927510154762
8,0.08,4.20206315104753,11.811611615463127
9,0.09,3.898652547297005,11.611441030128548
10,0.1,3.749218650970412,11.183143406543321
11,0.11,3.7775468084254706,11.515813188006625
12,0.12,3.650154201334452,11.468141530189522
13,0.13,3.547596198034271,11.62289233737395
14,0.14,3.468947728087589,11.27726479850068
15,0.15,3.3752507460751477,11.346048906678927
16,0.16,3.2665497263570935,11.414928299518381
17,0.17,3.298998703338259,11.338934977297981
18,0.18,3.305213713644749,11.665212932648233
19,0.19,3.181575728466981,11.460307205167283
20,0.2,3.086910193093575,11.428238838685425
21,0.21,3.1857659539331564,11.566784078675983
22,0.22,3.0015607302157425,11.205755812112745
23,0.23,3.034744895400299,11.293471468811699
24,0.24,2.8382958663275186,11.28290781695684
25,0.25,2.841557313332231,11.028351668457537
26,0.26,2.8360189713721886,11.400740342923159
27,0.27,2.6686112749312936,11.498822581405518
28,0.28,2.7042502845828738,11.497167453652015
29,0.29,2.581050323014262,11.05598986850697
30,0.3,2.5280171217980043,10.98488932396525
31,0.31,2.688297552773379,11.016306732836341
32,0.32,2.6473323871590546,10.85759972928573
33,0.33,2.5999216296395806,11.333479435100218
34,0.34,2.5825080234418323,11.221374885720524
35,0.35000000000000003,2.3904240878078045,11.194068248687921
36,0.36,2.3786409390253795,10.975978243756325
37,0.37,2.3525031379981365,10.891100522568037
38,0.38,2.288376770518392,11.336863282319452
39,0.39,2.2636296205896396,11.1363156060709
40,0.4,2.2881512421935293,11.08642838500064
41,0.41000000000000003,2.086466294405891,10.969221337279237
42,0.42,2.1682951137304443,11.019787882993873
43,0.43,2.0327533254158423,11.14366868332261
44,0.44,2.106016575440846,11.389446370896618
45,0.45,2.0882016642578556,11.36425914774664
46,0.46,1.905723131497097,11.168299084596347
47,0.47000000000000003,2.09085153381203,10.760698664056626
48,0.48,1.9467275292613635,10.929844742015078
49,0.49,2.0029205493257516,11.334916445006389
50,0.5,1.837467603904984,11.104972748148501
51,0.51,1.8004926164583583,11.06304658014507
52,0.52,1.8730589767288213,10.92196770024235
53,0.53,1.5867967548420416,10.88519488124624
54,0.54,1.7679308933608224,10.938929738270936
55,0.55,1.6578162582183753,10.765970769141392
56,0.56,1.7273019423648135,10.919965643081925
57,0.5700000000000001,1.565641583493717,10.977495176639055
58,0.58,1.618677300640615,10.682347878864418
59,0.59,1.6797134274448786,10.759161666959365
60,0.6,1.6040207065539855,10.6015049642317
61,0.61,1.8126252942188388,10.719298651844134
62,0.62,1.4698618691420262,10.643811104561403
63,0.63,1.40647261631043,10.753281949257117
64,0.64,1.6369490174796195,10.380621281872129
65,0.65,1.3793050398944544,10.539403608046351
66,0.66,1.5194932218820478,10.416360668088052
67,0.67,1.2776684401092504,10.671073216978488
68,0.68,1.4316588599021296,10.73514120618749
69,0.6900000000000001,1.4613224405502774,10.697018487086416
70,0.7000000000000001,1.2039565023896626,10.510603966380893
71,0.71,1.3858613474607404,10.201397853454594
72,0.72,1.274651725100971,10.554063736113516
73,0.73,1.200742386640398,10.565829492170645
74,0.74,1.1915909816322976,10.401198675306386
75,0.75,1.19201846595941,10.413261312151553
76,0.76,1.124708698239846,10.259769848167442
77,0.77,1.191470667846708,10.351737340816793
78,0.78,1.0828431007867845,10.680593564148047
79,0.79,1.0799057962264593,10.296883719777444
80,0.8,1.2028767900063546,10.547699798756192
81,0.81,1.1421143144160724,10.49965741948021
82,0.8200000000000001,1.0349752337551688,10.045880716557575
83,0.8300000000000001,1.150160200960876,10.09596452168538
84,0.84,0.9634131362988847,10.031380153679956
85,0.85,0.9473633356689817,10.231904590454405
86,0.86,0.7921144645964057,10.31018396686607
87,0.87,0.9114684487249989,9.782501691820917
88,0.88,0.9741268883419187,10.078354261809949
89,0.89,1.0397626096429917,10.008900815914554
90,0.9,0.7925727718786815,10.06582017053602
91,0.91,0.9343055609982659,10.042579877506236
92,0.92,0.7562344556243166,10.150952601188811
93,0.93,0.8607595898543046,9.81906165043014
94,0.9400000000000001,0.819200617074705,10.000803621919863
95,0.9500000000000001,0.6646386443491831,9.514085548894885
96,0.96,0.832646736562569,9.678089654219335
97,0.97,0.66843200264509,9.971745353597148
98,0.98,0.802774522249874,9.606353188401346
99,0.99,0.7093013697291322,9.751496523771564
100,1.0,0.6925555371706315,9.917232660479936
101,1.01,0.8128969056061425,9.699246181556257
102,1.02,0.6706587725777323,9.604719757660934
103,1.03,0.6762050334848567,9.373412378047368
104,1.04,0.6272203697692955,9.455396291449297
105,1.05,0.7249511567195005,9.676357764826932
106,1.06,0.7627401888132707,9.677816230842739
107,1.07,0.5613058620896317,9.784424628285102
108,1.08,0.5826879202154173,10.009341037553472
109,1.09,0.5485979008617372,9.37969428656576
110,1.1,0.5509547650662282,9.187693085820193
111,1.11,0.5953720532934497,9.290355170918803
112,1.12,0.5594501626699329,8.888193748643612
113,1.1300000000000001,0.530049452411802,8.951091336644598
114,1.1400000000000001,0.5044036737734614,9.284206316697055
115,1.1500000000000001,0.43372493803590106,8.956518410324668
116,1.16,0.5531619222105669,9.189884406880184
117,1.17,0.45645602965759313,9.040754033437851
118,1.18,0.5605880436196271,9.156689904696455
119,1.19,0.3930794148756762,9.028241258789214
120,1.2,0.3608848648668932,9.26479604431619
121,1.21,0.4376565006375175,9.318783832261033
122,1.22,0.3243003781080647,8.911851900647543
123,1.23,0.3230056423822707,9.20304630295734
124,1.24,0.34063899859736263,9.131497547522295
125,1.25,0.3460157531284449,9.005394896134677
126,1.26,0.18930490605740627,8.658285919812506
127,1.27,0.4693786234070313,8.736895451140695
128,1.28,0.3384846294623021,8.597610855754814
129,1.29,0.15511574669229294,8.622937801577548
130,1.3,0.24927229398261408,8.870769036684441
131,1.31,0.2526801928977218,8.811882082639672
132,1.32,0.37931985780509025,8.583627585014137
133,1.33,0.2570839147866659,8.421073422703747
134,1.34,0.19034562445984965,8.572460815571711
135,1.35,0.21004600306994756,8.435639352761738
136,1.36,0.29077496841737294,8.47625564266657
137,1.37,0.24470595178462712,8.305316843568042
138,1.3800000000000001,0.16740282721340302,7.999354144651339
139,1.3900000000000001,0.26884999561120515,8.312278749879308
140,1.4000000000000001,0.25831870875113705,8.028118999414962
141,1.41,0.28302385427427323,8.325943368490538
142,1.42,0.20407251884844219,8.262569912275852
143,1.43,0.09466017619463292,8.248703705279368
144,1.44,0.13245393358945062,8.111261697788564
145,1.45,0.07777690378066815,8.273872416874314
146,1.46,0.20948023853358275,8.13604949155437
147,1.47,0.203712821446498,8.220523761544385
148,1.48,0.2543479650173005,8.045317553880516
149,1.49,0.011174605285128897,7.666549981860282
150,1.5,0.05577555039106419,7.776801587727346
151,1.51,0.17014692692727962,7.923437864130113
152,1.52,0.21622490064399633,7.678369275704672
153,1.53,0.24429740585839188,7.942931226551904
154,1.54,0.08593998233157076,7.882017274455511
155,1.55,0.1867885959247426,7.819709129734554
156,1.56,0.07515290450367407,7.753388931244592
157,1.57,0.04442133266794089,7.415182604614342
158,1.58,0.1527948393768332,7.537873350949373
159,1.59,0.1469170614374405,7.528287501446272
160,1.6,0.17295714369544243,7.70206207010115
161,1.61,0.17800275129058982,7.561407015815621
162,1.62,0.29888340980173606,7.799558236844269
163,1.6300000000000001,0.04230018288129278,7.499608062709445
164,1.6400000000000001,0.10684696560424503,7.232664005929295
165,1.6500000000000001,0.03261504710878439,7.5248836141528646
166,1.6600000000000001,0.1797677575646653,7.477414400013969
167,1.67,0.09876021356722325,7.270611314829819
168,1.68,0.03682040202189517,7.093585827032269
169,1.69,0.08556830172597385,7.406503501748973
170,1.7,-0.05355907982023986,7.397018365860643
171,1.71,0.0687548271172316,7.22034341639083
172,1.72,0.008113335076247313,7.386395977680326
173,1.73,0.047471430739669765,7.234915133843262
174,1.74,0.0719639726547946,7.488748609504379
175,1.75,0.01704229373490103,7.030925256079744
176,1.76,0.1916080808762422,7.097388880179151
177,1.77,0.009839684626422929,6.854426591346907
178,1.78,0.15653038852379447,6.57015014225128
179,1.79,0.06778788406267255,6.87177752779336
180,1.8,0.0866480890825377,7.368408924645019
181,1.81,0.10554767879621166,7.132997775566733
182,1.82,0.06559982496003376,6.952909550213284
183,1.83,-0.04496998033508348,6.768071024528709
184,1.84,0.10366368360403162,6.686954763855328
185,1.85,0.14695459064971086,6.900792795185321
186,1.86,-0.08927886403310001,6.877288212615643
187,1.87,-0.0015716483684864516,6.752497822919524
188,1.8800000000000001,0.04334407137431212,6.54132647379024
189,1.8900000000000001,0.03643911858522398,6.638105631194338
190,1.9000000000000001,-0.16671018617991795,6.5232980859714775
191,1.9100000000000001,-0.0758318560234438,6.555285202444248
192,1.92,0.0725378430653911,6.4781645043409215
193,1.93,0.19073131473948562,6.370703041810087
194,1.94,0.0771484172930394,6.767371131328753
195,1.95,-0.1313409407623472,6.26817197540399
196,1.96,0.02945623549226505,6.672278722153092
197,1.97,-0.007760367482379918,6.172103322724266
198,1.98,-0.042940528137870096,6.270927583203981
199,1.99,0.05887473597532607,6.491571007695496
200,2.0,0.034720270457731885,6.413808550699739
201,2.0100000000000002,0.08332543978728116,6.310114153243967
202,2.02,0.038002774443840266,6.30411076120738
203,2.0300000000000002,0.0956643210757781,6.485820268008694
204,2.04,0.028608949149724713,6.3478416033652705
205,2.05,-0.019983531795246645,6.20074225415899
206,2.06,0.10827025998537446,6.40592051555201
207,2.07,-0.016918915464742758,6.413365670015172
208,2.08,0.10312877633678375,6.288955013205917
209,2.09,0.07910403194516896,6.259523867733073
210,2.1,-0.061879673388273604,5.841710146250835
211,2.11,-0.02451006539866074,6.318001713645469
212,2.12,0.012470715049034846,5.981778348137031
213,2.13,0.08177235880517712,6.131467641787932
214,2.14,-0.0034335614907745685,6.371213460660642
215,2.15,0.011176913632159714,5.73017561157003
216,2.16,0.057530699798783586,5.857014199898738
217,2.17,0.06547171897420391,6.0738756064465305
218,2.18,0.16215689515002146,5.932964369796855
219,2.19,-0.002405019757531185,5.831332908927771
220,2.2,-0.06951228627746688,5.801985875221191
221,2.21,0.05868646743502472,5.944712582596464
222,2.22,0.05580232320859583,6.019743718213213
223,2.23,0.024629928645493633,5.5162655487216306
224,2.24,0.10906721910801853,5.827327909894837
225,2.25,0.09889907411116153,5.653146575624671
226,2.2600000000000002,0.08050114238571114,5.615217186116587
227,2.27,0.1186185394514677,5.5652114274369495
228,2.2800000000000002,0.0072682978336153815,5.7140979509991014
229,2.29,0.016876278863717634,5.577232496752307
230,2.3000000000000003,-0.08683031414429641,5.643748095345286
231,2.31,0.16579129334364204,5.388185106879548
232,2.32,0.11111611549794921,5.540822319599287
233,2.33,-0.02395241689826165,5.557213255452688
234,2.34,0.0885977808581282,5.618510533153291
235,2.35,0.060265121890019244,5.625221903478234
236,2.36,0.03686010541703826,5.333796458822473
237,2.37,-0.025193062546087282,5.381108969998095
238,2.38,0.05937180274627697,5.243215754179319
239,2.39,0.03081168119637987,5.421819138729217
240,2.4,0.14775063280505574,5.405233510916406
241,2.41,-0.14327371739992695,5.511640140181953
242,2.42,0.02234540420549112,5.589853902086268
243,2.43,0.09717781416513184,4.878668697554612
244,2.44,-0.028058361857068188,5.174688517949919
245,2.45,0.07216805005062335,5.3395452313125675
246,2.46,0.09993938283209258,5.594519417878709
247,2.47,-0.044673553215294586,5.3632749465824485
248,2.48,-0.01897353960940297,5.18277962682534
249,2.49,-0.13377093376926338,5.164739580123284
250,2.5,-0.03515360133267448,5.193575563381024
251,2.5100000000000002,0.15083834174980362,5.4680738672739535
252,2.52,0.14429646409027622,5.084933720909952
253,2.5300000000000002,-0.07581614524464,5.1623485344855835
254,2.54,0.04107185758963,5.323036555749303
255,2.5500000000000003,0.049922994934210915,5.620860916909146
256,2.56,0.005782055612877739,5.092541120068621
257,2.57,0.01615753115585428,5.30495423794983
258,2.58,0.13224859214494586,5.298742426888433
259,2.59,-0.17165520923778083,4.819470597993608
260,2.6,0.05174412609765802,5.041793431931678
261,2.61,0.08016303445440977,5.441119414560962
262,2.62,0.030809641276062026,4.768768590082801
263,2.63,-0.06854224160066154,4.995490670802128
264,2.64,-0.020875476215504597,5.128358608969399
265,2.65,0.24210852739508593,4.7661263445286055
266,2.66,-0.07461694337221322,4.964253989626721
267,2.67,-0.08235457089129233,5.10498328674733
268,2.68,0.05491458516241774,5.043443168990843
269,2.69,0.00940127676390158,4.982421080278071
270,2.7,-0.09167031331372597,4.443150516844221
271,2.71,0.10902057228935122,5.366857512314584
272,2.72,0.019438610290178585,5.014335330522483
273,2.73,0.128292665258584,5.0043987194357475
274,2.74,-0.03281009946271085,4.84506428404324
275,2.75,0.027520089411569432,4.663896288835204
276,2.7600000000000002,-0.0008537963073961645,4.897563070051918
277,2.77,0.041802109160804846,4.817988998532684
278,2.7800000000000002,0.12955586196601004,4.803687355417182
279,2.79,-0.12286320651618468,4.5297997833762045
280,2.8000000000000003,-0.02979636498705083,4.683544588257002
281,2.81,-0.07565556559813677,4.735877861592161
282,2.82,0.07425576147862203,4.6452992734498375
283,2.83,0.11178211649234501,4.674151252794063
284,2.84,0.046748934795949104,4.690729307126288
285,2.85,-0.19362816059055793,4.468720888379983
286,2.86,0.037843576442416635,4.6780896834553705
287,2.87,0.05539329325481793,4.327922805377624
288,2.88,0.060066040697517864,4.426941082672081
289,2.89,0.14225719640114978,4.798475105716007
290,2.9,0.04638197521884766,4.466696645657497
291,2.91,0.02713627879399966,4.674437425751246
292,2.92,-0.03570654150718111,4.598222548003738
293,2.93,-0.07229400958664423,4.524327821365101
294,2.94,0.03092863633403458,4.199306314935242
295,2.95,0.045961736421887424,4.647390458645424
296,2.96,0.02397303820675846,4.430255988709192
297,2.97,0.06123685497855735,4.108791311206002
298,2.98,0.01870439631883406,4.519050560010721
299,2.99,-0.12980680916419374,4.6354272560661425
300,3.0,0.14959788365090648,4.5699248553716405
301,3.0100000000000002,0.035695496028109924,3.9436715434334952
302,3.02,0.08891040657622694,4.496909660827808
303,3.0300000000000002,0.042906812760158924,4.249643130894205
304,3.04,0.1681739093556609,4.30055833434433
305,3.0500000000000003,-0.04644310764481112,4.271826577768032
306,3.06,0.016515622426650323,4.237322561699794
307,3.0700000000000003,0.01433168381395734,4.3602441333765105
308,3.08,-0.0755282607031669,4.306327451352162
309,3.09,-0.009979756236355646,4.429854208768827
310,3.1,-0.05171965087595491,4.474481208600106
311,3.11,0.01983585652211038,4.308680465043439
312,3.12,-0.06510146437760159,4.306903914981071
313,3.13,0.09833757956090694,4.152661773209543
314,3.14,0.05567751991680779,4.20904878272823
315,3.15,0.16831355406258922,4.065177957352472
316,3.16,0.16524255557788536,4.224584867171373
317,3.17,0.0956105230873277,4.07446921838135
318,3.18,0.05884613450663795,3.998643958509951
319,3.19,0.04497529929141845,4.265850617610856
320,3.2,-0.052094335641975215,4.09207987270067
321,3.21,0.13384817653774328,4.132365090787306
322,3.22,0.0474758747723399,4.028882969010465
323,3.23,0.09315282073469663,4.081140036116428
324,3.24,0.015298215710588963,3.7988377527730037
325,3.25,0.013642298045157573,3.9885386040500896
326,3.2600000000000002,-0.2019712285572341,3.9283922902952164
327,3.27,0.017921867920326438,4.020898990718013
328,3.2800000000000002,-0.026754762572585696,3.8619969265109804
329,3.29,-0.035989697946741034,3.855085542388293
330,3.3000000000000003,0.14625650388203892,4.137959084446056
331,3.31,0.08132810400716477,3.8610198277712784
332,3.3200000000000003,0.17687512194064092,4.172335200920755
333,3.33,-0.059450486218495024,3.8883035939107877
334,3.34,-0.01987224991892651,4.06958968215551
335,3.35,0.055249538101034695,3.7194472522709106
336,3.36,0.04769956866205323,3.9223962959022334
337,3.37,0.07805636133601607,3.7701386312441896
338,3.38,-0.05418768615157489,3.795480249795832
339,3.39,-0.07839758918558115,3.8707967598778397
340,3.4,-0.05930776302436238,4.063106912320111
341,3.41,0.1554362629132234,4.195921314143669
342,3.42,0.04153757605112864,3.757421202456164
343,3.43,0.0967110303331563,3.942773043301978
344,3.44,0.10619613169274462,4.089066976102887
345,3.45,0.034713491980673084,3.8858205668534698
346,3.46,0.038118521647749405,3.92692580632572
347,3.47,-0.024893802540752526,3.6038843197684747
348,3.48,-0.11489385695872982,3.97041879446058
349,3.49,0.2483805708309238,3.5741917187535073
350,3.5,-0.05472052857149311,3.6445322209340896
351,3.5100000000000002,0.009353317177000154,3.5381697160810734
352,3.52,-0.04520864651142737,3.791605936710118
353,3.5300000000000002,-0.057729580202760554,3.7153234865122915
354,3.54,0.09996827834502091,3.814414831664452
355,3.5500000000000003,-0.08804004926577431,3.7837337772273867
356,3.56,0.01423295124644387,4.111971779451559
357,3.5700000000000003,-0.012130816746372515,3.754521436958162
358,3.58,-0.11817613226479821,3.2747061988632513
359,3.59,0.013283612888302794,3.482669186797108
360,3.6,0.12523497797300825,3.7647436969270545
361,3.61,-0.0026070497355284005,3.813393812718017
362,3.62,-0.06227470093630312,3.461809515797849
363,3.63,0.04693535994084103,3.7033789241159942
364,3.64,0.05486643860331082,4.150788001623766
365,3.65,-0.0018015169335453898,3.415366322966231
366,3.66,-0.002193736094812845,3.6989522345131745
367,3.67,0.039307368306723926,4.026966594768937
368,3.68,-0.08692255792342668,3.414045630594572
369,3.69,-0.0784146136538881,3.5551810675063624
370,3.7,-0.045963172350165456,3.3702100763675253
371,3.71,0.02557377024519289,3.4596596444686853
372,3.72,0.25585059951275396,3.812195002058111
373,3.73,0.15764337972692877,3.847464436671513
374,3.74,-0.14078490067416308,4.084627493095402
375,3.75,0.16157107136460852,3.583448117795571
376,3.7600000000000002,-0.03902127263111796,3.3444472289716964
377,3.77,0.0410129235171099,3.480285742668067
378,3.7800000000000002,-0.006656583871729873,3.211905205967597
379,3.79,0.1386876155231705,3.4044907680944534
380,3.8000000000000003,0.11873109988329633,3.6284506717648584
381,3.81,0.012781194768077875,3.1898608192170417
382,3.8200000000000003,0.0800481154313742,3.486075864559848
383,3.83,-0.08189681149064826,3.813893194294852
384,3.84,-0.012514204868214106,3.4565899750238924
385,3.85,-0.17168967544192343,3.514124706888942
386,3.86,-0.0328418938608956,3.6063176215552843
387,3.87,0.009379679447673962,3.4900015772662885
388,3.88,0.023784204839631368,3.3245899796013254
389,3.89,-0.11079703992023748,3.2560847880205843
390,3.9,0.02835301435862099,3.5232930561484186
391,3.91,0.05113213988412965,3.520963420279819
392,3.92,-0.012459625619159892,3.8552502156892
393,3.93,-0.08221341854901652,3.515815919354222
394,3.94,-0.045227404394413556,3.6941738909793416
395,3.95,-0.09536867563604715,3.35144165217602
396,3.96,0.0022742392721567008,3.6193503238503815
397,3.97,0.1007510454515396,3.3032809354853643
398,3.98,0.10684951971721628,3.3304033812009117
399,3.99,0.08571687586252326,3.4124602846243457
400,4.0,-0.03714218586179863,3.1999150260404643
401,4.01,0.18496715274758144,3.5784125257857684
402,4.0200000000000005,0.04623066180441869,3.21744976684893
403,4.03,0.04088272037175594,3.3707536445559807
404,4.04,-0.07551721810565819,3.223846372544895
405,4.05,0.18891723701721302,2.929525765758125
406,4.0600000000000005,-0.038186747978000785,3.4315230990346968
407,4.07,0.032300734769361586,3.0372899716162745
408,4.08,0.02923774215139866,2.997415403231411
409,4.09,0.014610501643107593,3.41341572189251
410,4.1,0.01366997960469522,3.086503326743903
411,4.11,0.09858737901321998,3.22128742910135
412,4.12,0.13891169512882712,3.3034357874922646
413,4.13,0.0703374601981232,2.999742296881819
414,4.14,0.0928373983864591,3.2229626493191463
415,4.15,-0.015408878326206098,3.5310076643142634
416,4.16,-0.015389654142890757,3.2200173767455715
417,4.17,0.0330058866120574,3.5003151697283563
418,4.18,-0.010994608550557759,3.2791028377228417
419,4.19,0.09844953271829869,3.1117795122482774
420,4.2,0.10258504795046539,3.0143978097175106
421,4.21,-0.07396692647761781,3.4718518453926617
422,4.22,-0.054015529216967645,3.504010689710107
423,4.23,0.011520527947428654,3.182576661818744
424,4.24,-0.08146970117790445,3.085133729894706
425,4.25,0.08392289433063278,3.0072773876358507
426,4.26,-0.06675890346845785,3.131862343026365
427,4.2700000000000005,0.009017059432818485,3.3219011411201755
428,4.28,0.00563281639579322,3.35404920125591
429,4.29,-0.014927618566469035,3.1307864742798395
430,4.3,-0.004316155859138932,3.089912555032497
431,4.3100000000000005,0.24282464797506179,2.555184676582706
432,4.32,-0.06655486264740207,2.9979168364267945
433,4.33,0.11823130551205169,3.304913836202869
434,4.34,0.011701707304063991,3.118633429054465
435,4.3500000000000005,-0.022001274269127645,2.896186263629382
436,4.36,0.05479019374649392,3.0830575382161247
437,4.37,-0.0013087351425451754,2.965451307849993
438,4.38,-0.17061512456311823,3.1528342900952024
439,4.39,-0.054309358941121086,3.0614104564412425
440,4.4,-0.017454650990720865,3.072179146921491
441,4.41,0.14965732880912808,3.0212044156452444
442,4.42,0.09210579015872167,2.9834806517319836
443,4.43,0.07153153511071217,3.186881708753854
444,4.44,-0.07584940618041852,3.0624025436339104
445,4.45,-0.016238816677264567,2.8953924931415713
446,4.46,-0.11010111198816755,3.010934137762133
447,4.47,0.10459553470280077,3.172202261355934
448,4.48,0.016938039571258993,2.981472371576662
449,4.49,0.028973005204270104,2.9154740886667976
450,4.5,-0.025021072667417796,2.8233003633141056
451,4.51,0.007537603619012335,2.8821743903060435
452,4.5200000000000005,-0.024206882590873696,2.809564683487249
453,4.53,0.147132344581097,3.037741810117226
454,4.54,-0.08759868570184895,2.9617408461862818
455,4.55,-0.06292903594395201,2.5663159793235035
456,4.5600000000000005,-0.03962020373013715,3.1798453724539613
457,4.57,0.03310022311487425,2.835497493414806
458,4.58,-0.1536564977889494,2.6750743777349664
459,4.59,0.08985015086788564,2.9323814347559316
460,4.6000000000000005,0.07945039246253148,3.0756742344993437
461,4.61,-0.1444347058316398,2.9026270810120978
462,4.62,0.09512506883253763,3.174149816119406
463,4.63,0.015924572213883284,3.1220141247015096
464,4.64,0.09873865574033022,2.9548883163310293
465,4.65,-0.029584116794340094,2.6633031851389113
466,4.66,-0.04438873928806893,2.727227291925338
467,4.67,-0.048862579755183336,2.834648116602237
468,4.68,0.011773982188747433,3.249747844008658
469,4.69,0.018824790469864888,2.728000704098243
470,4.7,-0.0968057801303542,3.1967404991730852
471,4.71,-0.02574543702308424,2.7840191104220393
472,4.72,0.15553901008382168,2.9593639042493853
473,4.73,-0.013532161502417504,2.6037331362328953
474,4.74,0.18156831580986013,2.8931885304430858
475,4.75,0.09341355543150379,2.9341166384623847
476,4.76,0.11640798949076742,2.5399149572471273
477,4.7700000000000005,0.044332539987344266,2.6849713867156684
478,4.78,0.0503701540308099,2.986923254674285
479,4.79,0.031226394742842147,2.754428421897723
480,4.8,0.010202835494494439,3.065477508622071
481,4.8100000000000005,0.04580361418261844,2.559917416209407
482,4.82,0.16187846091331348,2.603219744464334
483,4.83,0.013706124078725426,2.834491430930751
484,4.84,0.0372977875286157,3.098595199422363
485,4.8500000000000005,0.12914914893142204,2.8271928679519194
486,4.86,0.058247360895998204,3.1287511691715912
487,4.87,0.0316289174459978,3.1011037216084842
488,4.88,0.07544425843545857,2.744670993359772
489,4.89,0.027937829873530096,2.361850424339574
490,4.9,-0.01919675498765607,2.9698133560926756
491,4.91,0.003117339057875791,2.8122823879095984
492,4.92,0.11989333216908933,2.6154420830275176
493,4.93,0.2356145747024293,2.832129797669949
494,4.94,-0.11644225325731426,2.7925647805858693
495,4.95,0.039877972279972265,2.7941912046747075
496,4.96,0.11744291876867623,2.5756917871559426
497,4.97,0.12973998448364626,2.6191256799757165
498,4.98,-0.06178470851106681,2.5784614005530346
499,4.99,0.0740142241451632,2.5984818601602604
500,5.0,-0.015323093637671995,2.9950440493645987
501,5.01,0.05585822539349372,2.7114902960771095
502,5.0200000000000005,0.12079943544497546,2.76472513529468
503,5.03,0.014282721456357395,2.9925868612114743
504,5.04,0.21639206582662623,2.806635413743916
505,5.05,0.0692952107205159,2.794353841639797
506,5.0600000000000005,-0.05822591809743427,2.8098402206844098
507,5.07,0.09012845809834669,2.8786982595427664
508,5.08,-0.015101498984591136,2.7722642801809227
509,5.09,0.07510716755778135,2.7204590285236225
510,5.1000000000000005,0.1315427370155518,2.8933309725610106
511,5.11,0.13957147188111768,2.7852729455621072
512,5.12,0.22747534880006037,2.6609125440427666
513,5.13,0.18868822516416697,2.7070646886564753
514,5.14,0.16604874374696346,2.680096605527125
515,5.15,0.02574295375481836,2.9482485853197216
516,5.16,-0.09519014808222397,2.3889498799999545
517,5.17,0.03849569162140154,2.5627596751647452
518,5.18,0.011581832748991494,2.717056857985492
519,5.19,0.036606389030399436,2.6206351170509468
520,5.2,-0.06903812908727625,2.733363901894067
521,5.21,0.11950325472335048,2.6566935335269855
522,5.22,-0.013167962812140735,2.6069758524594047
523,5.23,0.19272252423960534,2.706056298025939
524,5.24,0.16670040201916514,2.765607220693649
525,5.25,0.03260255805544699,2.822907607150762
526,5.26,0.004956755297694973,2.7180630755169957
527,5.2700000000000005,0.01904846985153604,2.391182813491688
528,5.28,-0.06290145541850287,2.345136367907192
529,5.29,0.21829681316610478,2.671360228404716
530,5.3,0.2172257699298753,2.1668677252536934
531,5.3100000000000005,0.07346259067057484,3.0807945342277696
532,5.32,0.16047145871150892,2.816534052955005
533,5.33,0.018256602143803174,2.477549218353958
534,5.34,0.11256533780254302,2.631083198659576
535,5.3500000000000005,0.1776544974643579,2.4644515470837938
536,5.36,-0.016874695082120444,2.5093305528992023
537,5.37,0.03518308414271569,2.688859368668949
538,5.38,0.04997202054408426,2.599067174135066
539,5.39,0.1432666506138945,2.5583419428147343
540,5.4,0.04126761825616951,2.4235368171744547
541,5.41,0.1196216100501592,2.3578276534302143
542,5.42,0.04978666432363557,2.7121584152066522
543,5.43,0.17284121379539158,2.596870724517677
544,5.44,0.08475304010971509,2.7124433793601264
545,5.45,0.21591194274482375,2.850256705489298
546,5.46,0.08667052225884386,2.482551068461324
547,5.47,0.1525071994641476,2.9040394884338747
548,5.48,0.08084474764244524,2.436304685653533
549,5.49,0.08300787079662347,2.63403833343745
550,5.5,0.13732973832491271,2.5668822415054424
551,5.51,0.053087649927020614,2.657497425437219
552,5.5200000000000005,0.06909788344507461,2.5450721122246085
553,5.53,0.061815678799104365,2.422314937698856
554,5.54,0.18683457651007035,2.4921397258878595
555,5.55,0.08542850589483326,2.369034377305327
556,5.5600000000000005,0.3086752413494723,2.471226976114257
557,5.57,0.007812117930152476,2.7297759871240572
558,5.58,0.12978796267404671,2.8153647495945755
559,5.59,0.10850532046980856,2.647720507317995
560,5.6000000000000005,-0.010361109391305301,2.8781150754159963
561,5.61,0.057320687567992676,2.52036185323591
562,5.62,0.15516936769762357,2.3811365391224486
563,5.63,0.16199800772384806,2.7819315943753335
564,5.64,0.19004984077997802,2.6200102338609605
565,5.65,0.23361084182402359,2.499275597485326
566,5.66,0.1818832368539465,2.4088115775694203
567,5.67,0.1325882753939057,1.9967019937543697
568,5.68,0.09959322833026062,2.445894381139359
569,5.69,0.09905460520967757,2.7040438407687035
570,5.7,0.11041521469093682,2.48673328851427
571,5.71,0.08428899355466975,2.6481024960773563
572,5.72,0.1916320202048475,2.3819505383377333
573,5.73,0.06056337698151333,2.4420961243461816
574,5.74,0.22494893231445962,2.0955569845935162
575,5.75,0.0946411700704473,2.469659658739149
576,5.76,0.25151748883354225,2.5672996508811705
577,5.7700000000000005,0.2949886472287859,2.243285760139729
578,5.78,0.2514025208516346,2.5933765955851067
579,5.79,0.14027551288795947,2.2135546660121674
580,5.8,0.09559863030344819,2.0463075912910864
581,5.8100000000000005,0.3182513208632348,2.524150828651071
582,5.82,-0.1206091676030061,2.4141129051606933
583,5.83,0.20557461137982963,2.685503189298882
584,5.84,0.232244509121087,2.780920899806946
585,5.8500000000000005,0.27745557434107804,2.265685594520824
586,5.86,0.239270217002372,2.679718303632039
587,5.87,0.11386877364632776,2.410038308654682
588,5.88,0.19917557226036967,2.4005580299421427
589,5.89,-0.014907058908353338,2.2737699787845194
590,5.9,0.09211299727830377,2.6665276416581376
591,5.91,0.2702075762418553,2.6719292371425736
592,5.92,0.05528699150000163,2.527651409184471
593,5.93,0.18792736859524506,2.4845392802430304
594,5.94,0.13427125924051375,2.467076590358838
595,5.95,0.30258249900018763,2.5085067212243986
596,5.96,0.1417901326856944,2.3113611950933355
597,5.97,0.18421626818607098,2.5565969850867627
598,5.98,0.25351906242334693,2.4638967234984355
599,5.99,0.20772006115047736,3.059597463846104
600,6.0,0.24588606395479545,2.455070897384739
601,6.01,0.24234235986354757,2.5008859321789005
602,6.0200000000000005,0.24055449571827078,2.361969969915525
603,6.03,0.1811325526221011,2.272548603922867
604,6.04,0.3112982470801096,2.8365955830392737
605,6.05,0.3110404977450176,2.187532816125773
606,6.0600000000000005,0.24243683659360102,2.43265898209554
607,6.07,0.3433107423412849,2.518517618637626
608,6.08,0.20150367065572816,2.681626011031337
609,6.09,0.33402778222916574,2.4999720556868272
610,6.1000000000000005,0.39468922368678866,2.7042730888670814
611,6.11,0.3013397665429481,2.2311847468732866
612,6.12,0.29559947151160915,2.8880606572454615
613,6.13,0.32944278368451696,2.6452668954232714
614,6.140000000000001,0.3524061411032986,2.3743821034329198
615,6.15,0.38574096727573126,2.7522036589088854
616,6.16,0.26398694423290203,2.580693256490176
617,6.17,0.19683802948955031,2.4119654796235883
618,6.18,0.28350194424384423,2.7869272381707564
619,6.19,0.53930877577795,2.327311395376932
620,6.2,0.3693307128605179,2.7904809019315264
621,6.21,0.30376668944042834,2.825954835888425
622,6.22,0.13976932604892436,2.3915404412732437
623,6.23,0.32188335298712434,2.4631460264373937
624,6.24,0.45544116667740586,2.4100912427462737
625,6.25,0.5419353441879371,2.419799726364464
626,6.26,0.33579953902541787,2.7016158133735275
627,6.2700000000000005,0.5989728511072312,2.555831085172254
628,6.28,0.4359447339680924,2.2286385800400232
629,6.29,0.4765423943014662,2.617501824091954
630,6.3,0.33126257903918355,2.3459467972010555
631,6.3100000000000005,0.26412183043020787,2.8765872113112376
632,6.32,0.400678813023747,2.610134334758872
633,6.33,0.5454189505831722,2.593566973073856
634,6.34,0.40653977270196323,2.7592187856693204
635,6.3500000000000005,0.40960369296258775,2.547767684785024
636,6.36,0.596800401901037,2.631848972514377
637,6.37,0.43961663047775074,2.6781626244403998
638,6.38,0.5832533659268263,2.368697792489285
639,6.390000000000001,0.4841883531643461,2.6164808397069965
640,6.4,0.5691576083208606,2.652042719169967
641,6.41,0.4894072824595593,2.5643658172234636
642,6.42,0.288137928064516,2.6502497740682287
643,6.43,0.35717701570750926,2.7975148470173252
644,6.44,0.618686097159669,2.291021208595307
645,6.45,0.4719432325692754,2.4019694641141
646,6.46,0.5680166590879377,2.6525335712520746
647,6.47,0.6686827742789964,2.7598582598252546
648,6.48,0.5976757620137024,2.5867604438818037
649,6.49,0.5490469139427707,2.783026896154143
650,6.5,0.49529078101875135,2.390559453120426
651,6.51,0.6290121007515744,2.649089991805657
652,6.5200000000000005,0.6489982876447556,2.4510404275917437
653,6.53,0.7251416682657569,2.6289015224473156
654,6.54,0.6650228891603769,2.8083858682569134
655,6.55,0.7140827812911699,2.925869645475154
656,6.5600000000000005,0.6544296811089141,2.478875606952661
657,6.57,0.6281468836805257,2.4674527732259737
658,6.58,0.6665242822536929,2.6193728821623044
659,6.59,0.5560110407713782,2.9243917889385305
660,6.6000000000000005,0.7089717643242318,3.1936376120567562
661,6.61,0.7994115204561645,2.7385839085782173
662,6.62,0.5257418932414839,2.433931513038538
663,6.63,0.7470959983507286,2.522288253672623
664,6.640000000000001,0.6917730424725846,2.917985217042248
665,6.65,0.8699990909582324,3.0861239595689045
666,6.66,0.7524175651040672,2.7017345178116416
667,6.67,0.6039119113574766,2.683909437622851
668,6.68,0.8143301617780473,2.3616203742759416
669,6.69,0.6702575519353906,2.9979487755246006
670,6.7,0.91102018412188,2.704632765082941
671,6.71,0.7818925171437328,2.7794015094363127
672,6.72,0.9744976762299543,2.5429928155662145
673,6.73,0.6774674038973266,2.6711886488426657
674,6.74,1.0412922374656692,2.8637977356772435
675,6.75,0.7731170941577779,2.532733093112678
676,6.76,1.0024064456781394,2.4557772008350796
677,6.7700000000000005,1.037228139411845,2.54207862201378
678,6.78,0.8783456118357105,2.5504322001103414
679,6.79,0.8785228361408526,2.7412293142328847
680,6.8,0.893392496189894,2.853392017495513
681,6.8100000000000005,1.0267198284178438,3.3566616334314254
682,6.82,1.0150358969396474,2.526620373686363
683,6.83,1.0901046458614798,2.8168482982727334
684,6.84,0.9723864958913812,2.667017185422775
685,6.8500000000000005,1.128959832149537,3.1827699296268386
686,6.86,1.0970457481558622,2.8194928411451214
687,6.87,0.9802058653481457,3.00007028830408
688,6.88,1.04032827312143,2.6774786840436056
689,6.890000000000001,1.246891214059661,3.0570948028228977
690,6.9,1.0746237511512287,3.1526935454352167
691,6.91,1.2939828384700613,3.0290146110158096
692,6.92,1.1628164215017431,3.0915689676666687
693,6.93,1.3078617977426643,2.8579481103567566
694,6.94,1.247557345773564,2.5504727882971574
695,6.95,1.275580297304037,3.0146865147015185
696,6.96,1.4013939498925732,2.774381656316102
697,6.97,1.3917655056069198,2.6905562367061644
698,6.98,1.3957440225936268,2.9049356418822603
699,6.99,1.2620642422536572,2.7145216462011645
700,7.0,1.2131407498312878,3.126694181960402
701,7.01,1.3838201667400791,2.8341310947910183
702,7.0200000000000005,1.531665921176857,2.7705078487121004
703,7.03,1.3834030375643083,2.9776563799349747
704,7.04,1.4771589315312226,2.897069047748249
705,7.05,1.3805544551882962,3.137933066795756
706,7.0600000000000005,1.4630381413940379,3.2382919507212082
707,7.07,1.3133018192826011,2.879824496768554
708,7.08,1.4803674710104247,3.0494126043958385
709,7.09,1.4578626301123698,2.8519162880691082
710,7.1000000000000005,1.5713931849497442,2.994739467437224
711,7.11,1.6772876284030311,3.0449032715887125
712,7.12,1.6076814953007628,3.1625536336350617
713,7.13,1.5623315010377643,3.394467993518842
714,7.140000000000001,1.7701719895064465,3.6348242204858976
715,7.15,1.690377804097368,2.846902663734374
716,7.16,1.6150727703648267,3.2212689922002617
717,7.17,1.5456696978839652,2.6602904404373944
718,7.18,1.6136959673299658,3.120840372746371
719,7.19,1.7149735659959637,3.2757106408728465
720,7.2,1.707530640142291,3.246609932251626
721,7.21,1.8111028937408555,3.244948053117672
722,7.22,1.6795398134494217,3.2303231297539403
723,7.23,1.7539113860888182,3.126656908879081
724,7.24,1.7253608592499303,3.648027010862843
725,7.25,1.8266106199819865,3.531252535843045
726,7.26,1.7501049403636093,3.061346968702801
727,7.2700000000000005,1.748773055748101,3.167213894063631
728,7.28,1.9097837905179482,3.5345674897327943
729,7.29,1.7491214986336345,3.607142343274076
730,7.3,1.786160394485539,3.272756693073445
731,7.3100000000000005,1.9467472830639085,3.438324203768824
732,7.32,1.9215260348291774,3.363390719952275
733,7.33,1.8734371171512654,3.4977385077657215
734,7.34,1.9104757168385518,3.4430640757127873
735,7.3500000000000005,1.8920189393925886,3.159006243265268
736,7.36,2.048707144501893,3.3164009656469355
737,7.37,1.9704822039425445,3.6284608252833896
738,7.38,1.902809235182521,3.686273381865173
739,7.390000000000001,2.1118081822880184,3.4690669631338586
740,7.4,2.0605510861382528,3.6140553087487137
741,7.41,2.13518556449247,3.8055132230963333
742,7.42,1.9867509753584929,3.8503362127981076
743,7.43,2.128581095031256,3.364189421037963
744,7.44,2.102507657600396,3.390687391902258
745,7.45,2.125811491830096,3.367946453907642
746,7.46,2.3037756042432234,3.548312364939747
747,7.47,2.1249588424176475,3.7718130214678247
748,7.48,2.2197323366240016,3.4353805771046395
749,7.49,2.0448565540740447,3.7746543559176304
750,7.5,2.1349977567620697,3.4596534589763683
751,7.51,2.4297870652397626,3.840975462644135
752,7.5200000000000005,2.3087142341570495,3.821871961484032
753,7.53,2.3039825301370565,3.812637246718241
754,7.54,2.157918961250598,3.648362423934152
755,7.55,2.1551139481206105,3.5690453944266562
756,7.5600000000000005,2.3002165957115848,3.560442504891954
757,7.57,2.4008696333933117,3.664798580092359
758,7.58,2.462099788209742,3.8943292187405842
759,7.59,2.4333995042378014,3.6594143359254585
760,7.6000000000000005,2.25491905444079,3.646091771147437
761,7.61,2.248264829661524,3.714828438799349
762,7.62,2.3286774006756525,3.957335005790517
763,7.63,2.3004661482843067,3.814141534560749
764,7.640000000000001,2.5423245606345017,4.141237835384418
765,7.65,2.331629987486461,4.005077466059067
766,7.66,2.3802464389593867,3.8113963762548337
767,7.67,2.2218976968438,3.9160247692915022
768,7.68,2.3020421631109818,4.1288533807204555
769,7.69,2.447239137992386,4.343239831020938
770,7.7,2.428611254658489,4.319599045201334
771,7.71,2.519923854479873,3.6104907787473293
772,7.72,2.4175878271646583,4.378220387481715
773,7.73,2.379283118202798,3.929182913654832
774,7.74,2.4915342451944302,3.893847377185059
775,7.75,2.6138379659575395,3.860910295040827
776,7.76,2.516356110798624,4.035305053044217
777,7.7700000000000005,2.6954497402570823,4.08921789086427
778,7.78,2.592563583217628,4.3799441064877165
779,7.79,2.4922530927888946,4.203539239953514
780,7.8,2.5601112356815343,4.09300043907087
781,7.8100000000000005,2.492800358227549,4.2954238775204265
782,7.82,2.6358118973409286,4.139566514721776
783,7.83,2.5191170647579115,4.20999592109412
784,7.84,2.6422847736664283,4.043909236272597
785,7.8500000000000005,2.5307542924384996,4.398964129302813
786,7.86,2.537418367386794,3.8913297108334888
787,7.87,2.437622322545785,4.454945480371586
788,7.88,2.6367897292283122,4.40452271384735
789,7.890000000000001,2.7394003913740144,3.8836715299668385
790,7.9,2.6326169708268874,4.142697995594347
791,7.91,2.4855040572312066,4.169614531290843
792,7.92,2.6262507241592874,4.072341232943743
793,7.930000000000001,2.4382308531329513,4.2841930090893285
794,7.94,2.533115756508791,4.112842633281876
795,7.95,2.6085531598381357,4.321430010293817
796,7.96,2.6887336866146616,4.261004102126395
797,7.97,2.590787469358663,4.3232413778760765
798,7.98,2.525308907634676,4.127843565219964
799,7.99,2.5325147336469396,4.365519383147966
800,8.0,2.639749756796563,4.683603312100872
801,8.01,2.6987953359346735,4.325247705833589
802,8.02,2.56383693425174,3.9505242606152975
803,8.03,2.5746822860163805,4.414450208482693
804,8.040000000000001,2.680481458659423,4.515357498523362
805,8.05,2.62366946370741,4.588642476583376
806,8.06,2.6668341430586087,4.600318707681351
807,8.07,2.5319262842158565,4.745132462938316
808,8.08,2.574124454350441,5.103788787417955
809,8.09,2.833733478336068,4.6797130321699685
810,8.1,2.8171453609882913,4.623728349043734
811,8.11,2.656985193719397,4.672977449851041
812,8.120000000000001,2.7037306231239078,4.613574667431647
813,8.13,2.6665424292449917,4.5967305522513415
814,8.14,2.7446272938710363,4.803691928525489
815,8.15,2.5587468556342015,4.837903889118857
816,8.16,2.6951281281147206,4.586366406749799
817,8.17,2.57595897967183,4.398108940184834
818,8.18,2.7392696983268805,4.952266048954795
819,8.19,2.680209788410858,4.986006952713514
820,8.2,2.628773427423593,4.553367660941753
821,8.21,2.66378636340848,5.136993058396333
822,8.22,2.6412980559790835,4.684564485063088
823,8.23,2.826833175581403,4.8295891777989155
824,8.24,2.725571214907851,4.946116821963766
825,8.25,2.6155516843819413,5.314651711389886
826,8.26,2.706116442274548,4.859229082955447
827,8.27,2.742048127729075,4.9136359556326115
828,8.28,2.6674968426470804,4.808152432096928
829,8.290000000000001,2.6962082826478078,5.132802843140894
830,8.3,2.438216463700236,5.140390449971384
831,8.31,2.615766466592251,4.745760458155968
832,8.32,2.596629237525547,5.0584364586472
833,8.33,2.568248540791054,5.309675837157133
834,8.34,2.561900523712449,4.967415798652782
835,8.35,2.8243109257266914,5.094015652863993
836,8.36,2.7426369733558325,5.22236358110498
837,8.370000000000001,2.6877749059335723,5.49960230602707
838,8.38,2.641120120641092,5.35456059079703
839,8.39,2.9232501363665655,4.969613197668116
840,8.4,2.614806712072757,5.2375358232733005
841,8.41,2.709957960023873,5.189912240545747
842,8.42,2.7585037956446574,5.436893076388079
843,8.43,2.606310094827064,5.4500006371112555
844,8.44,2.570600297888305,5.525856430924555
845,8.45,2.665972627129856,4.980321754751595
846,8.46,2.5770475729937896,5.2795640350408295
847,8.47,2.530466415474822,4.7884184294340075
848,8.48,2.681073189781716,5.640881343676009
849,8.49,2.6358925761023526,5.207339161472183
850,8.5,2.533836751842478,5.335509128647048
851,8.51,2.7549566335505014,5.317944419295997
852,8.52,2.5642171031756673,5.361790859098914
853,8.53,2.7338804073002305,5.637414955061814
854,8.540000000000001,2.5343270074861004,4.99700428114453
855,8.55,2.7073085469369818,5.469078760654268
856,8.56,2.6669512291857376,5.404214505150918
857,8.57,2.7654943098834477,5.680134158608122
858,8.58,2.595812873999917,5.6645530288545665
859,8.59,2.5299850703578555,5.361228086995465
860,8.6,2.613065760794827,5.767963676871125
861,8.61,2.461456914088221,5.657858779967537
862,8.620000000000001,2.662561346533557,5.676281233854427
863,8.63,2.625824924289302,5.7337183975381745
864,8.64,2.6371959267142264,5.598422207123492
865,8.65,2.514383949713977,5.568171913473145
866,8.66,2.5743601548410147,5.415714774207065
867,8.67,2.628795831632193,5.6374673191200255
868,8.68,2.7143308168437925,5.578401188474228
869,8.69,2.65327758530062,5.568786160842053
870,8.700000000000001,2.613180532379247,5.512159721073667
871,8.71,2.5843315014532675,5.711080959820724
872,8.72,2.555509210901499,5.666172346210581
873,8.73,2.4643346450778862,5.641828433431884
874,8.74,2.5672366555415023,5.831162629591247
875,8.75,2.6428547133841858,5.853361580927065
876,8.76,2.5269368026578296,5.867778100383425
877,8.77,2.4634883500438725,5.686076307371093
878,8.78,2.558179571636931,5.620099056005107
879,8.790000000000001,2.583062007508096,5.672956903407688
880,8.8,2.4604520623479447,6.016817947377809
881,8.81,2.600270190414139,5.7051027522613245
882,8.82,2.483398231705259,5.969217182217251
883,8.83,2.452910350275438,5.797417775067784
884,8.84,2.4925189216358388,6.082822283556345
885,8.85,2.48602963109118,5.900494426840896
886,8.86,2.4947655859046947,5.958859909815059
887,8.870000000000001,2.3220092566709916,6.061315722005214
888,8.88,2.526922798269373,6.258340182837816
889,8.89,2.392005031724898,5.793846309970912
890,8.9,2.475248633854691,5.923919513870966
891,8.91,2.4590463327929775,6.087737001332462
892,8.92,2.336828603295426,6.306390083029825
893,8.93,2.446512035877433,5.870896293444535
894,8.94,2.420346331231805,5.933730997579495
895,8.950000000000001,2.425855724742412,6.142623337238908
896,8.96,2.436437759945515,6.141903010319053
897,8.97,2.443238160069995,5.806808549485469
898,8.98,2.520405250687049,6.187806950110792
899,8.99,2.3468104233343894,6.45411115808234
900,9.0,2.546325098031654,6.043631603239622
901,9.01,2.4043267058361604,5.973394300606763
902,9.02,2.4567943773892003,6.186064564555448
903,9.03,2.3300452418155446,6.092566653431062
904,9.040000000000001,2.3928333410087004,6.30043973967242
905,9.05,2.488067813124583,6.301922680109955
906,9.06,2.199257964530745,6.270681396526257
907,9.07,2.58907724265013,6.203727083857041
908,9.08,2.371702160557761,6.199585823168275
909,9.09,2.545059327184246,5.8821862466402575
910,9.1,2.52404490156042,6.583668513007749
911,9.11,2.221945099710641,6.371095552167762
912,9.120000000000001,2.4737632303698254,6.55960908099804
913,9.13,2.226330608033969,6.164152005382784
914,9.14,2.4615354733757733,6.208136483456256
915,9.15,2.256528006814197,6.227683887393288
916,9.16,2.488683496377805,6.146761657405506
917,9.17,2.225523491795373,6.5219469695885035
918,9.18,2.279487846370263,6.273512402667323
919,9.19,2.3269546384998083,6.369702096622231
920,9.200000000000001,2.2872664484344383,6.389287696659622
921,9.21,2.369261701168411,6.638834017027424
922,9.22,2.3356399155561633,6.488940999107335
923,9.23,2.3212956393061495,6.43897582873516
924,9.24,2.453293467567843,6.207961759823653
925,9.25,2.204207785600148,6.466397321748992
926,9.26,2.2767253687683735,6.395460083636022
927,9.27,2.1388482360821195,6.532075120240233
928,9.28,2.240399296895141,6.2820406590463875
929,9.290000000000001,2.429221455610854,6.445935200665695
930,9.3,2.19163762819412,6.326003873355752
931,9.31,2.32094009452376,6.885056027763675
932,9.32,2.1788861173951575,6.614847979617974
933,9.33,2.3288334678390394,6.748115614254776
934,9.34,2.2239921716577165,7.0449746184576325
935,9.35,2.3935469055883702,6.754259496797487
936,9.36,2.243065127626362,6.808481307968798
937,9.370000000000001,2.2031504044096977,6.693195351730869
938,9.38,2.185534595512122,6.65986814640592
939,9.39,2.235317606746671,6.255338427730546
940,9.4,2.186965450902449,6.897469976236402
941,9.41,2.1112324269947527,6.7315020559088925
942,9.42,2.1548521086210903,6.805635866287842
943,9.43,2.0393271319723456,6.5474513727201895
944,9.44,2.1282241714893897,6.851711651496908
945,9.450000000000001,2.039361107606292,6.906034779772705
946,9.46,2.1374699250229408,6.825496155059665
947,9.47,2.2020895236395734,6.683526824764961
948,9.48,2.1688223154598947,6.526006894708228
949,9.49,2.1075994304162395,6.891989723340159
950,9.5,2.122309727277435,7.027304623920302
951,9.51,2.165405072612672,6.8408557767220195
952,9.52,2.1291944957732305,6.944588783923466
953,9.53,2.1313016354806806,6.7620536669392814
954,9.540000000000001,2.0796913298489206,6.775701045314081
955,9.55,2.0506325289169864,6.8520469371864
956,9.56,2.1417425226857936,6.834081515448816
957,9.57,2.016267248962505,6.927712461859883
958,9.58,2.016656038631366,7.111816004161383
959,9.59,2.0291629379558667,6.373071838346137
960,9.6,2.0512195672060822,6.929441476395114
961,9.61,2.0068900913449412,7.063469088640966
962,9.620000000000001,2.010027881026165,7.072804072790861
963,9.63,2.0810173203975433,6.98623374195564
964,9.64,2.1022423174637748,6.94912375215037
965,9.65,2.0163472546598693,7.069692117562098
966,9.66,1.926903971170162,6.9035354803950435
967,9.67,2.072950032259384,7.180076335399799
968,9.68,1.9622331931879202,7.297325858730976
969,9.69,2.1104163090602586,6.848373455546613
970,9.700000000000001,1.953041766804981,7.130997014258144
971,9.71,1.8376005687603874,6.490547482218732
972,9.72,2.0178877519628444,6.945216669279165
973,9.73,2.035775426684788,6.980335587516791
974,9.74,2.058754754404482,7.081762923729065
975,9.75,2.058781156206557,7.336867877570598
976,9.76,1.969470757151307,7.193770413444765
977,9.77,1.9767596985722613,7.109135668864704
978,9.78,1.8726850108034792,7.4327890132818855
979,9.790000000000001,2.06030504904186,7.0656558326826575
980,9.8,1.9210602340473137,7.199153942230032
981,9.81,1.951285764856284,6.980654861025259
982,9.82,2.004278570770068,6.868003264402881
983,9.83,1.8166491748034612,7.31173807121477
984,9.84,1.8374000120022924,6.752869615064149
985,9.85,1.984064415947512,7.200824186023969
986,9.86,1.8883827177371733,7.24808807346961
987,9.870000000000001,1.965976006483601,7.073605480991415
988,9.88,1.8292287125947286,7.071733570131251
989,9.89,1.916960911187792,7.31739964806915
990,9.9,1.893889532008833,6.8892539307381035
991,9.91,1.764383560201665,7.283588918734046
992,9.92,1.8252643901050565,7.435992102813544
993,9.93,1.9533036817211744,7.477821573054485
994,9.94,1.935833795932637,7.11851643275186
995,9.950000000000001,1.8533615693723795,7.466692705779366
996,9.96,1.9295518515494174,7.247277430582113
997,9.97,1.8395154235297977,7.354094386547113
998,9.98,1.797595162491197,7.533493010204757
999,9.99,1.7746893418629375,7.427524863637229
1000,10.0,1.788212085956414,7.1927735500568515
1001,10.01,1.911725150844965,7.272101656409203
1002,10.02,1.7971690575981016,7.195155815670063
1003,10.03,1.6948904609512083,7.273721409691086
1004,10.040000000000001,1.772074653080436,7.747712885420901
1005,10.05,1.7797034391124669,7.724290361131118
1006,10.06,1.7743424380435997,7.362520450583864
1007,10.07,1.791616523153008,7.042258452637808
1008,10.08,1.7674818843915838,7.539619553396269
1009,10.09,1.6592837622322663,7.52587121130255
1010,10.1,1.7150631802004868,7.617819144173729
1011,10.11,1.5727061178671322,7.013341179632011
1012,10.120000000000001,1.572646714292373,7.542016496894514
1013,10.13,1.704055738883678,7.2858036269071915
1014,10.14,1.7887887257626276,6.961170652456611
1015,10.15,1.759418393728172,6.72405455302859
1016,10.16,1.6793700683554529,7.195074312054988
1017,10.17,1.6601150832518063,7.264559103756335
1018,10.18,1.6868539295980638,7.441720570154395
1019,10.19,1.587602125533385,7.3459547604159265
1020,10.200000000000001,1.7047929184238786,7.634923186409179
1021,10.21,1.6259701752331566,7.34809148686264
1022,10.22,1.6060852437583748,7.43486828633561
1023,10.23,1.7579261486760296,7.90565167042798
1024,10.24,1.612304389922936,7.346065550825381
1025,10.25,1.6334044306269249,7.353140941407985
1026,10.26,1.5401980922181495,7.303679208075874
1027,10.27,1.4284791507654517,7.618833068412483
1028,10.28,1.6441226514430736,7.62175970185192
1029,10.290000000000001,1.4049911944586575,7.376485297247103
1030,10.3,1.4828247474180625,7.475412408077714
1031,10.31,1.4594212787611447,7.601249826049984
1032,10.32,1.6167798392155635,7.21899670611371
1033,10.33,1.5681735381142627,7.435813826816998
1034,10.34,1.4739307369888477,7.601207273946988
1035,10.35,1.4469740071131847,7.283844274465355
1036,10.36,1.6068109965539734,7.116432094694368
1037,10.370000000000001,1.587564727147562,7.487474202352244
1038,10.38,1.511332251806052,7.466730261217838
1039,10.39,1.521303196804239,7.405913500641575
1040,10.4,1.607392615557067,7.560596798109545
1041,10.41,1.4600256346678002,7.392228262171701
1042,10.42,1.4965763479952066,7.3761120711210575
1043,10.43,1.5808488810793162,7.937207882347785
1044,10.44,1.516907189992145,7.357722689713889
1045,10.450000000000001,1.4539222885349872,7.644076278121414
1046,10.46,1.4092222466492115,7.90885926496518
1047,10.47,1.3981570736670508,7.471835921534681
1048,10.48,1.489581170104304,7.383803765052823
1049,10.49,1.4023057603151583,7.371721445621988
1050,10.5,1.5093804028461917,7.761241240566396
1051,10.51,1.6040335297001236,7.57654384887047
1052,10.52,1.3901876221953051,7.549832528346044
1053,10.53,1.5182693397553806,7.214422974411645
1054,10.540000000000001,1.4904754889944594,7.429595916374908
1055,10.55,1.4567766218513352,7.293687634201415
1056,10.56,1.306391035123368,7.364463121569317
1057,10.57,1.3505624804902656,7.979773731496068
1058,10.58,1.3226982943240226,7.642957822231284
1059,10.59,1.2393004549201054,7.5864672263663335
1060,10.6,1.3041183315829847,7.793278823859032
1061,10.61,1.3270610412302406,7.467005235896466
1062,10.620000000000001,1.404331412032823,7.361882274889884
1063,10.63,1.2468041265127416,7.336985535069658
1064,10.64,1.243993950113631,7.637069824555831
1065,10.65,1.3804887953417655,7.380547493897464
1066,10.66,1.202581919686733,7.181437444775383
1067,10.67,1.2370172425574886,7.426506426711859
1068,10.68,1.1606291836195441,7.777258338863161
1069,10.69,1.4335568721187024,7.539401250584192
1070,10.700000000000001,1.2723583651752288,7.626173114612205
1071,10.71,1.2393618333240535,7.74837316359277
1072,10.72,1.184991091988137,7.493384263252458
1073,10.73,1.174200820547933,7.340785854036755
1074,10.74,1.2823652939329562,7.635711585658933
1075,10.75,1.2726086481348877,7.519568296375026
1076,10.76,1.2710695781581092,7.477096967452276
1077,10.77,1.1722139927205517,7.64448847145214
1078,10.78,1.1510406111257525,7.40091553280096
1079,10.790000000000001,1.3592564778391973,7.943005764213892
1080,10.8,1.3643944621714033,7.528581036676217
1081,10.81,1.3538508944272367,7.519208564550611
1082,10.82,1.0470943712193794,7.587850986547441
1083,10.83,1.0611533200475707,7.386350010418052
1084,10.84,1.1710331961687637,7.7632722348494445
1085,10.85,1.1566342980172497,7.728139268935435
1086,10.86,1.2031406142972898,7.675684327088356
1087,10.870000000000001,1.2511841099320282,7.416238345867485
1088,10.88,1.2321013638599194,7.7039816047431495
1089,10.89,1.1856684680485081,7.610564200822725
1090,10.9,1.0145459847446527,7.67717693014438
1091,10.91,1.0143779799268537,7.957942582839445
1092,10.92,1.2619080442578965,7.958498191750658
1093,10.93,0.9830822750136572,7.0352042733316855
1094,10.94,1.0993572922791177,7.414345970881965
1095,10.950000000000001,1.1492860391626003,7.732413597248778
1096,10.96,0.9024318702911559,7.524243644046667
1097,10.97,0.9070880645586852,7.6604852689168395
1098,10.98,1.0499081312164953,7.477283307642245
1099,10.99,0.9928520897992132,7.313811225422181
1100,11.0,1.0392508629567254,7.847677010994173
1101,11.01,0.9342536589248971,7.543790425724551
1102,11.02,0.9804712867018246,7.294185834185784
1103,11.03,0.9778032735868476,7.176879610151043
1104,11.040000000000001,1.0138996783218248,7.637039586476315
1105,11.05,0.8134239165269448,7.3880361546252535
1106,11.06,1.254566090046294,7.15277447553326
1107,11.07,1.0417923154979043,7.3088852459647935
1108,11.08,0.981280291287614,7.4230994614648225
1109,11.09,0.9034600582618415,7.240162499700655
1110,11.1,0.9167979477771084,7.4723290138246465
1111,11.11,0.9517072364453986,7.817174032439187
1112,11.120000000000001,0.9532232395274063,7.299064703533101
1113,11.13,1.017190714544504,7.344825706641504
1114,11.14,0.8159548748062242,7.467336052272459
1115,11.15,0.9523281167339989,7.418194055272183
1116,11.16,0.8618594039590664,7.747914129116854
1117,11.17,0.990346630702152,7.163921337458236
1118,11.18,0.989476062321566,7.026525841043966
1119,11.19,0.8946939127109678,7.0711056416596545
1120,11.200000000000001,1.0499997123197524,7.165076721188099
1121,11.21,0.9392194100486265,7.1096486487836215
1122,11.22,0.9871440466404123,7.449469336289586
1123,11.23,0.8025503667017029,7.529558212631301
1124,11.24,0.7730663335153657,7.390101550495836
1125,11.25,0.9138904597950757,7.281681013096128
1126,11.26,0.777246297334347,7.401656483841505
1127,11.27,0.8113785245455722,7.32725324826383
1128,11.28,0.8629731254329087,7.249901635949257
1129,11.290000000000001,0.7228951152602973,7.160384867650046
1130,11.3,0.7243283644720341,7.2207640396013835
1131,11.31,0.8733929413997898,7.267583937290713
1132,11.32,0.8508041676739538,7.139541989473738
1133,11.33,0.8338625153513468,7.4344914606432875
1134,11.34,0.870955035224271,7.318182771412173
1135,11.35,0.8382972829071198,7.321775646636919
1136,11.36,0.8741642819162417,7.174809115333846
1137,11.370000000000001,0.8136677911247291,7.430258393443132
1138,11.38,0.7146424419262568,7.340250570014216
1139,11.39,0.6743735292319388,7.526036885409373
1140,11.4,0.6982598993167229,6.944955933651001
1141,11.41,0.6912703239389093,7.328232382689266
1142,11.42,0.7934402193192187,7.2568659384610275
1143,11.43,0.6218248910751752,7.23115783434409
1144,11.44,0.8406872327654483,7.112787062583084
1145,11.450000000000001,0.7746848283671111,7.240525936877267
1146,11.46,0.6198091808848157,7.527193248591965
1147,11.47,0.779472657801723,7.096504653046046
1148,11.48,0.7946188071125545,7.115519142042986
1149,11.49,0.8147782592194336,6.990092467757056
1150,11.5,0.6389974552124091,7.205481461193654
1151,11.51,0.7805034550726876,7.294230041865758
1152,11.52,0.6196872618985235,7.187104929698125
1153,11.53,0.891333496744972,7.174176230553817
1154,11.540000000000001,0.8247084293042825,6.8444162364165635
1155,11.55,0.5343873810097899,7.274954731689785
1156,11.56,0.6829383931138958,7.014805595743442
1157,11.57,0.6483791702766891,7.070753768908578
1158,11.58,0.7040269591388402,6.696651844929613
1159,11.59,0.732308017081236,7.011711604075356
1160,11.6,0.7520790610144084,6.971294376553895
1161,11.61,0.6825892050461085,7.097970663615195
1162,11.620000000000001,0.6576394920698145,6.898888905573426
1163,11.63,0.5797436505242893,6.77197432526651
1164,11.64,0.5295987144248824,6.747771092453618
1165,11.65,0.5335376852564716,6.745559201248539
1166,11.66,0.4994205686153662,7.0380266103695295
1167,11.67,0.6566531019812973,7.188588334332557
1168,11.68,0.5084679147465235,6.896552598086886
1169,11.69,0.5127324423862439,7.225132907680771
1170,11.700000000000001,0.5039160299800145,6.977013720830826
1171,11.71,0.4930055968632502,6.687387805670789
1172,11.72,0.5582891994207179,7.181219575297076
1173,11.73,0.42880361915349574,6.969829593638966
1174,11.74,0.663211075290611,7.0560691962270115
1175,11.75,0.37401206567170553,7.076435483534157
1176,11.76,0.38389152542056326,6.781744480405439
1177,11.77,0.5844855546143137,7.1205662203381275
1178,11.78,0.48118998958178694,6.740175046713364
1179,11.790000000000001,0.6002032814111744,6.685024784483802
1180,11.8,0.6076902235686749,6.935616697993289
1181,11.81,0.47390155847810544,7.098347380187699
1182,11.82,0.5208705481407186,7.165757308924498
1183,11.83,0.4455892448031586,6.830208353096144
1184,11.84,0.49493009409010197,6.68687053831547
1185,11.85,0.5778819494312404,6.820650670146835
1186,11.86,0.6983414857567014,7.133034271895822
1187,11.870000000000001,0.4519939178137972,6.982381739104317
1188,11.88,0.496320554284313,6.942253533321589
1189,11.89,0.5339588533438646,6.885017865705142
1190,11.9,0.5084335027821221,6.474401851652254
1191,11.91,0.5735008084143348,6.997662716024681
1192,11.92,0.48572712984422645,6.531403991821974
1193,11.93,0.33701466416003006,6.595702860861337
1194,11.94,0.5582137594988664,6.694689311649653
1195,11.950000000000001,0.42089724025985326,6.63626487116474
1196,11.96,0.5587903240805148,6.6655149939890705
1197,11.97,0.4067087099094646,6.54830863699274
1198,11.98,0.44201679383632864,6.7251175945143205
1199,11.99,0.3718595568980658,6.47511910192635
1200,12.0,0.37213440949145404,6.680301978760009
1201,12.01,0.442059943047256,6.85773051054567
1202,12.02,0.48968707359727454,6.862183994444064
1203,12.030000000000001,0.4100238814561872,6.752553743160848
1204,12.040000000000001,0.30294644624838923,6.554757204166773
1205,12.05,0.4541235916537288,6.6363767580898925
1206,12.06,0.4165431585757219,6.872679790495848
1207,12.07,0.34766270829740265,6.523879478543751
1208,12.08,0.4092172099426601,6.608676200147905
1209,12.09,0.4726939462651465,6.540401683591678
1210,12.1,0.2829363736148633,6.399937943173143
1211,12.11,0.525652849129522,6.478820929787498
1212,12.120000000000001,0.4072150675420337,6.721555348351246
1213,12.13,0.4238672762096053,6.278513762883987
1214,12.14,0.3390145134587981,6.6034699385903615
1215,12.15,0.46305638402670035,6.398112999156655
1216,12.16,0.4792543535520818,6.71626107003577
1217,12.17,0.24784108802264299,6.284908081779098
1218,12.18,0.3865434902701067,6.555742846861875
1219,12.19,0.31021681770397547,6.413312360205326
1220,12.200000000000001,0.3701285346299687,6.512123364219663
1221,12.21,0.23746953005515198,6.291254257753838
1222,12.22,0.3795677063474615,5.801077768237509
1223,12.23,0.31401299293188034,6.495423544974733
1224,12.24,0.16025725515869782,6.398766860911575
1225,12.25,0.44644240455065554,6.237224050368086
1226,12.26,0.465117376518723,6.256686905607489
1227,12.27,0.3293125141076771,6.3578864740121155
1228,12.280000000000001,0.22809665921704636,5.798757762921245
1229,12.290000000000001,0.549776127907134,6.0998130280934415
1230,12.3,0.2473527046399996,6.175990678236503
1231,12.31,0.49828879362023426,6.283695149950664
1232,12.32,0.2233115770003209,6.193366847216332
1233,12.33,0.3162320910996552,6.158627507809173
1234,12.34,0.39022357101933164,5.885657831978232
1235,12.35,0.2687639022274697,6.036853982803249
1236,12.36,0.2241598330530135,6.2634827298395175
1237,12.370000000000001,0.27037596523582574,6.166878169307092
1238,12.38,0.2553237454005308,5.959466239469501
1239,12.39,0.3187541912054914,6.261092927471489
1240,12.4,0.24356335053531653,6.003448465060977
1241,12.41,0.30942813055249774,5.9244123315774795
1242,12.42,0.30615925684106876,5.78267552460941
1243,12.43,0.25953873121038434,6.022414466651206
1244,12.44,0.3548263036049103,5.769273812084269
1245,12.450000000000001,0.3675831676934105,6.124652671630242
1246,12.46,0.34153027118174795,6.209386362155292
1247,12.47,0.18859802815311,5.861236029788942
1248,12.48,0.29306402251246905,5.802375902292751
1249,12.49,0.25513591925665047,5.757183678394998
1250,12.5,0.2642092577802405,6.045842187636387
1251,12.51,0.2578608266697647,6.173434662710412
1252,12.52,0.1673359446892888,5.683246828329566
1253,12.530000000000001,0.2735692942670849,5.661337056091325
1254,12.540000000000001,0.2997451431040401,5.859141347885348
1255,12.55,0.3740336163548969,5.837445913375141
1256,12.56,0.1282329843593904,5.587200347038393
1257,12.57,0.25103729403476216,5.5425338084655715
1258,12.58,0.2535897600371989,5.858251760240924
1259,12.59,0.17158506386618633,5.851250180332793
1260,12.6,0.1329409964693425,5.6939655520872945
1261,12.61,0.29902381895334873,5.852156476406093
1262,12.620000000000001,0.2774890688325759,5.716910101615085
1263,12.63,0.23134624748523894,5.554728701345634
1264,12.64,0.024093950477159287,5.8648442247388655
1265,12.65,0.1558074782687341,5.908863425003328
1266,12.66,0.2586487934454031,5.365125816041313
1267,12.67,0.07534408161665646,5.785909977541068
1268,12.68,0.3171003808894042,5.766558463905435
1269,12.69,0.23676592443403907,5.895158639063687
1270,12.700000000000001,0.15314933973302028,5.53741484075615
1271,12.71,0.10948498845260592,5.702163303980881
1272,12.72,0.18697164548607625,5.484373389054726
1273,12.73,0.297217772874512,5.318272922909592
1274,12.74,0.285964282833077,5.531135142318435
1275,12.75,0.18617122359706126,5.467111954606375
1276,12.76,0.12287999733750088,5.862326020265212
1277,12.77,0.19211813835584302,5.2974650272783474
1278,12.780000000000001,0.01869475803307835,5.142748530996665
1279,12.790000000000001,0.2490540192267131,5.694352870325457
1280,12.8,0.009506160994503243,5.702285593642044
1281,12.81,0.22794685833258924,5.341496798940139
1282,12.82,0.05278837552460963,5.493007269826653
1283,12.83,0.20200416330186252,5.517342168813982
1284,12.84,0.18349876083684216,5.662258204386186
1285,12.85,0.28496820804627876,5.248818899652102
1286,12.86,0.19057146508709957,5.534657262739204
1287,12.870000000000001,0.16577873278431263,5.465331319788305
1288,12.88,0.3130123834843466,5.373373724323809
1289,12.89,0.27753509022892076,5.521368706210598
1290,12.9,0.24310432287782324,5.239056060380548
1291,12.91,0.21135366186437152,5.318751930748908
1292,12.92,0.0418682119362799,5.4436364944396685
1293,12.93,0.1686553073386649,5.2696846045966925
1294,12.94,0.12927297109413105,5.348714633281246
1295,12.950000000000001,0.12119121051534518,5.192130640138961
1296,12.96,0.18330759171154598,5.269189809925591
1297,12.97,0.18983224114256547,5.407980988698569
1298,12.98,0.3213336451113175,5.451867417646816
1299,12.99,0.14122985654868964,5.2204862940925825
1300,13.0,0.24009912225345809,5.372997832302217
1301,13.01,0.20351683078868057,5.110524084474144
1302,13.02,0.2847388453371718,5.172676363028211
1303,13.030000000000001,0.2492130226485095,5.043666104170039
1304,13.040000000000001,-0.006535516601723662,5.13065675146421
1305,13.05,0.11379621744565585,5.1959573624328215
1306,13.06,0.2329651274499866,5.25664196782574
1307,13.07,0.24727984072829606,4.927957637071787
1308,13.08,0.047448482861607244,5.034255042464883
1309,13.09,0.10414737803751123,5.174373825389964
1310,13.1,0.2572231017328139,4.9108522502306995
1311,13.11,0.1130431453728798,5.168836098183519
1312,13.120000000000001,0.16551767060798678,5.383861836046807
1313,13.13,0.13742568696172666,5.337280330269335
1314,13.14,0.20722259122289152,5.317608545364465
1315,13.15,0.17527181716392365,5.275173513852291
1316,13.16,0.20295732551861445,4.896052012770958
1317,13.17,0.2412923851079332,4.929010851487408
1318,13.18,0.2695638400379995,5.1874828122964045
1319,13.19,0.023575853111341194,4.995199575883323
1320,13.200000000000001,0.1831749885791103,5.027580599613322
1321,13.21,0.20728026873245675,4.649620642735298
1322,13.22,-0.0003378634246201939,5.1019757347643715
1323,13.23,0.21032250610625103,4.901283647490362
1324,13.24,0.2498215975464785,5.097667862118127
1325,13.25,0.11257140720936311,4.601079769529386
1326,13.26,0.033943563476144425,4.792092366668003
1327,13.27,0.15679757563928196,4.578945053879999
1328,13.280000000000001,0.1381769406899827,5.0501468991945115
1329,13.290000000000001,0.011475638874867189,4.749791740820163
1330,13.3,0.03431184661804984,4.746984133277996
1331,13.31,0.17248731723539232,5.230396152909312
1332,13.32,0.23930225148801867,4.738354051296488
1333,13.33,0.06245890901356796,4.694641173712397
1334,13.34,-0.06990009953732829,5.125368429123938
1335,13.35,0.053348841105271785,4.468328173735992
1336,13.36,0.2178961959018475,4.626370896960258
1337,13.370000000000001,0.21714712673632847,4.915966626777863
1338,13.38,0.176862781672533,5.048577482776527
1339,13.39,0.19786757526669055,4.555281598809576
1340,13.4,0.015353417272510494,4.727613552266028
1341,13.41,0.13293108447054536,4.726074122878793
1342,13.42,0.20331862408666684,4.914481158269501
1343,13.43,0.19161526727059852,4.830058270261783
1344,13.44,0.18688303334029094,4.481935652373664
1345,13.450000000000001,0.15168619242185655,4.3187251449088135
1346,13.46,0.09419991217618626,4.471175777775699
1347,13.47,0.13672848814977953,4.666907219412924
1348,13.48,0.1911442039676553,4.729901858880366
1349,13.49,0.26191273879824567,4.649523269143049
1350,13.5,0.10294573118089657,4.41490488667013
1351,13.51,0.01671441236691093,4.90819093614529
1352,13.52,0.16182609150178595,4.563545070644274
1353,13.530000000000001,0.050619126577838416,4.507336398728273
1354,13.540000000000001,0.334217774328499,4.628333278590815
1355,13.55,0.2366098099440208,4.733624794659457
1356,13.56,0.09444659521291676,4.35827238955066
1357,13.57,0.10183069570449302,4.654863413057219
1358,13.58,0.1815924443170416,4.538611044217175
1359,13.59,0.06209765614717459,4.62519600071835
1360,13.6,0.18035712562723547,4.587030160247383
1361,13.61,0.21104043882084295,4.49903152986747
1362,13.620000000000001,-0.030796844506712356,4.388729908860985
1363,13.63,0.2913309202354818,4.533878136309885
1364,13.64,0.027930967154329606,4.270614026993331
1365,13.65,0.14249520326795867,4.381662833231113
1366,13.66,0.09516937337448825,4.659714321873279
1367,13.67,0.0734669700922703,4.453111319825848
1368,13.68,0.16722119661563636,4.623376643495775
1369,13.69,-0.001873450587933534,4.205947592889678
1370,13.700000000000001,0.14809353873520437,4.2686740322597725
1371,13.71,0.2680219083210751,4.1504061269926655
1372,13.72,0.1225165190830146,4.410438896202989
1373,13.73,0.10417144469043985,4.721323795510001
1374,13.74,0.1292534791061492,4.824835492316139
1375,13.75,0.190795329726091,4.215708342983823
1376,13.76,0.2530206709181736,4.50882811180219
1377,13.77,0.07200945481567722,4.876836990482552
1378,13.780000000000001,0.07689113948198043,4.116006595594784
1379,13.790000000000001,0.054981070817708214,4.620375899480949
1380,13.8,0.09585721064269084,4.489260810649133
1381,13.81,0.1514138988380866,4.428013698602391
1382,13.82,0.14098764737570546,4.34956844592229
1383,13.83,0.11546523901969855,4.571049143310195
1384,13.84,0.19028480148864765,4.5901061640332825
1385,13.85,-0.007548314551334534,4.38024615423724
1386,13.86,0.12456233156167955,4.478615140924799
1387,13.870000000000001,0.08357183000571827,4.363694918186562
1388,13.88,0.2653354999034988,4.27907780930574
1389,13.89,0.08443128674557732,4.678849675041147
1390,13.9,0.10018554483127015,4.189776270556839
1391,13.91,0.10505104588326716,4.287827600462739
1392,13.92,0.15448804520470855,4.211394843488753
1393,13.93,0.055600872079252336,4.22674067501954
1394,13.94,0.21636195476007447,4.2684896412012785
1395,13.950000000000001,0.1472924954674526,4.375680736683253
1396,13.96,0.31044867540811233,4.199809616113894
1397,13.97,0.2934711974580044,4.253754342342542
1398,13.98,0.21236899618546756,3.9826109793414415
1399,13.99,0.27224481596413785,3.9089467217572733
1400,14.0,0.026370234858289626,4.047823195170785
1401,14.01,0.04708215358302856,4.177880236921636
1402,14.02,0.1851091272108171,4.159835446461052
1403,14.030000000000001,0.22193565689024436,4.069441074976186
1404,14.040000000000001,0.30989730405860644,4.296764208128221
1405,14.05,0.030140926636222073,4.140356087166441
1406,14.06,0.19891908813098047,4.298505020110836
1407,14.07,0.02079613634792246,4.114429068294169
1408,14.08,0.012122557602534265,3.9746882334492586
1409,14.09,0.031608413744489194,3.9437165838681163
1410,14.1,0.24362994548816122,3.840011065485643
1411,14.11,0.06482506369872854,3.9713023558848133
1412,14.120000000000001,0.17163180634571645,3.8821904792816775
1413,14.13,0.04884520001572075,4.308673271320845
1414,14.14,0.000179533282665012,4.0577660772482576
1415,14.15,0.4001629470063208,4.05082933044982
1416,14.16,0.09567707274223344,3.8076271224237477
1417,14.17,0.050822220572107724,3.783158924611685
1418,14.18,0.1528581413681698,4.072733455334337
1419,14.19,0.06350107550162348,4.055297857812525
1420,14.200000000000001,0.09479575392146203,4.043976625294072
1421,14.21,0.19049968598860978,4.0366719459538976
1422,14.22,0.2596323567458567,3.8484633476277152
1423,14.23,0.2302227589349725,4.07779286635837
1424,14.24,0.15944775157242932,3.563542818248366
1425,14.25,0.03582488836844805,4.0224694411721895
1426,14.26,0.03464025749159279,3.882460616644219
1427,14.27,0.2631827663454349,3.918998343531158
1428,14.280000000000001,0.13909933660155616,3.8065876147410593
1429,14.290000000000001,0.24636691113654863,4.1851345084810525
1430,14.3,0.05550855015118383,3.9471548822043823
1431,14.31,0.11606083615824099,3.583160973821864
1432,14.32,0.22322360520243922,3.6563710550313195
1433,14.33,0.13874244238965971,3.759415071620382
1434,14.34,0.14245475985751654,3.8864650146962716
1435,14.35,0.09321483715073717,3.7986987777932293
1436,14.36,0.16864863214228867,3.983831522895185
1437,14.370000000000001,0.14178600303769578,3.7953129543329815
1438,14.38,0.12327075466189713,3.7177877939707775
1439,14.39,0.12001306734114824,3.8843030342800398
1440,14.4,0.2887165335309281,3.8265647415524415
1441,14.41,0.033543693925996376,3.8334006074989793
1442,14.42,0.24724053221545855,3.5590783904483403
1443,14.43,0.22718995786749524,4.23382925130037
1444,14.44,0.14972491238128446,3.6114542562807554
1445,14.450000000000001,0.38312577651285645,3.8445846872777425
1446,14.46,0.20754400547303883,3.9640921524540325
1447,14.47,0.060554754734836666,3.8380713824179318
1448,14.48,0.06687555656808063,3.9724791972112583
1449,14.49,0.3531120129325548,3.6953284141021903
1450,14.5,0.15333273951536974,4.0867843146936735
1451,14.51,0.21511216589275764,3.912032668776683
1452,14.52,0.1773656643251144,3.7768100394945283
1453,14.530000000000001,0.062408216091481214,3.8201208997518306
1454,14.540000000000001,0.18095921526380898,4.008596233614919
1455,14.55,0.14608736923665488,3.7391943956886013
1456,14.56,0.1388169762947688,3.6103889075211675
1457,14.57,0.19139130004052474,3.716589505624319
1458,14.58,0.2132234599826367,4.273865645048883
1459,14.59,0.2069022547637566,4.014860051976109
1460,14.6,0.17099925625670398,3.731718923447157
1461,14.61,0.22680354700867122,4.108995050705072
1462,14.620000000000001,0.1380665864426568,3.7867658576506544
1463,14.63,0.2408610529939469,3.4114409626245727
1464,14.64,0.1541135291690876,3.6223442808042514
1465,14.65,0.20445230218634555,3.9199518340621595
1466,14.66,0.17991189669555543,3.70406196587023
1467,14.67,0.07470789828027138,3.7065788433416835
1468,14.68,0.2295463102775815,3.7566352490366564
1469,14.69,0.1995242981804149,3.760101792121951
1470,14.700000000000001,0.05676177497365634,3.3746804691471484
1471,14.71,0.19257673571439018,3.68808319989654
1472,14.72,0.102471666403393,3.8138012345290386
1473,14.73,0.1254575241186604,3.8735109764991997
1474,14.74,0.3376305421300615,3.7497617761999944
1475,14.75,0.1554229362843031,3.755944883468135
1476,14.76,0.27729931647990436,3.5994892429703538
1477,14.77,0.14130907539639567,3.5462938208184065
1478,14.780000000000001,0.034241669622422866,3.608922830039429
1479,14.790000000000001,0.17097553972420496,3.8476457103727326
1480,14.8,0.18826892891539204,3.72549809679163
1481,14.81,0.10616859529147177,3.9187928214196335
1482,14.82,0.21194843453902096,3.3236745333207076
1483,14.83,0.18926629042633164,3.5061919585252515
1484,14.84,0.055852069273949895,3.6306673076939835
1485,14.85,0.167639411966455,3.7100630499370157
1486,14.86,0.22379330629642724,3.5248423853916924
1487,14.870000000000001,0.24096029906870023,3.767619397644957
1488,14.88,0.23344304771286642,3.737083901666701
1489,14.89,0.32885453423670447,3.841850632312138
1490,14.9,0.2217949409718737,3.7917339427864243
1491,14.91,0.2994509413914714,3.715571225400914
1492,14.92,0.22590843677623818,3.4418106246338285
1493,14.93,0.27346647488336384,3.705939208353446
1494,14.94,0.14364998998868067,3.5289235022149983
1495,14.950000000000001,0.37072177399394607,4.019498247200845
1496,14.96,0.17008733572760165,4.053185936422631
1497,14.97,0.3455399089529419,3.2888437259302234
1498,14.98,0.245193828284573,3.718633294374507
1499,14.99,0.30505418829277403,3.9411568037066713
1500,15.0,0.18321189756069298,3.447374062947249
1501,15.01,0.18911888087937934,3.5282175448637876
1502,15.02,0.23168297076584243,3.5545169865084616
1503,15.030000000000001,0.20304666552547757,3.6243505019140034
1504,15.040000000000001,0.2955849470146008,3.3897976606887656
1505,15.05,0.1908986802230249,3.6182751094805377
1506,15.06,0.3062934170140354,3.26542952113657
1507,15.07,0.2664250090393799,3.5614369085699003
1508,15.08,0.04796485439104328,3.831690376719706
1509,15.09,0.26122637674436716,3.5652130878607062
1510,15.1,0.24509101322721472,3.850061363143615
1511,15.11,0.22963560701302121,3.491704598096023
1512,15.120000000000001,0.33816017419708905,3.9059735635631787
1513,15.13,0.2520925798358967,3.373243927973331
1514,15.14,0.23556584324874305,3.319164213981657
1515,15.15,0.23884438962451504,3.1456150602842063
1516,15.16,0.16870247195730195,3.6253757473078982
1517,15.17,0.08251661552171868,3.604673373949972
1518,15.18,0.29747313729401503,3.4735257051403527
1519,15.19,0.1709799900974226,3.558174275459336
1520,15.200000000000001,0.18425262377797796,3.509602104548826
1521,15.21,0.2915053653203141,3.8961483130008916
1522,15.22,0.10881077138674694,3.2337404655622333
1523,15.23,0.2473338839631928,3.6601815787340897
1524,15.24,0.4083388485021958,3.5659463813966688
1525,15.25,0.2039121883224786,3.46827978003389
1526,15.26,0.2810600079114183,3.510726613813124
1527,15.27,0.23007187662652928,3.3739607898574513
1528,15.280000000000001,0.36361361889428223,3.7428368599146666
1529,15.290000000000001,0.3698345147717258,3.5251768025498076
1530,15.3,0.25742455526574115,3.4685681419281056
1531,15.31,0.1600155200358985,3.616874439098331
1532,15.32,0.1591664484915404,3.4757019276973145
1533,15.33,0.37440877301498543,3.460633411853753
1534,15.34,0.18047692803497864,3.662404289230936
1535,15.35,0.14141199501686574,3.814730576305942
1536,15.36,0.4912824404943013,3.457900974510905
1537,15.370000000000001,0.3184857022765336,3.5413986180327424
1538,15.38,0.42229205474502163,3.4459364983639733
1539,15.39,0.06174638003369787,3.63953381706523
1540,15.4,0.2844590005944139,3.643588171465212
1541,15.41,0.3061979321923761,3.538183076417846
1542,15.42,0.25970096970153844,3.541790468926274
1543,15.43,0.3668476120632967,3.402524391027458
1544,15.44,0.41561859524633515,3.4589573630692945
1545,15.450000000000001,0.3778004303076158,3.4252652778370503
1546,15.46,0.2375196510048031,3.7371150702861127
1547,15.47,0.3725670591641125,3.876389431201695
1548,15.48,0.4007291913080975,3.7013830032289716
1549,15.49,0.3793214274852804,3.12055724868739
1550,15.5,0.3318210850591033,3.224667036213204
1551,15.51,0.37611044407350863,3.3659300214768204
1552,15.52,0.43814340521740364,3.4928753678525997
1553,15.530000000000001,0.35903657282162266,3.574849961785283
1554,15.540000000000001,0.4642236874039603,3.7760362780839327
1555,15.55,0.47847231475864044,3.569419265838342
1556,15.56,0.4008595674803784,3.776797455744089
1557,15.57,0.4335153298808414,3.597530879016292
1558,15.58,0.4462690425077375,3.8517591442706283
1559,15.59,0.31299246256876756,3.3184730810352514
1560,15.6,0.2861753316900246,3.43360967892035
1561,15.610000000000001,0.4991885633506585,3.3688544237137683
1562,15.620000000000001,0.35291347370443077,3.6608620218127874
1563,15.63,0.3736960904288693,3.690563050166335
1564,15.64,0.3325158055934395,3.6987249923027554
1565,15.65,0.49185344866093583,3.8536992505096226
1566,15.66,0.3622152685245933,3.5071167685506532
1567,15.67,0.36268765946526804,3.5841578448194062
1568,15.68,0.5283620395520823,3.5241338293079956
1569,15.69,0.5141922155214881,3.5717206753731605
1570,15.700000000000001,0.3994134228427631,3.391640272893793
1571,15.71,0.5762999404394635,3.467175268682401
1572,15.72,0.3510608993336583,3.1973810934078046
1573,15.73,0.4680454700221815,3.6943457984742225
1574,15.74,0.47083255832138965,3.6944048899740616
1575,15.75,0.4778842986787442,3.4514472150825033
1576,15.76,0.28339216330387973,3.376367053746493
1577,15.77,0.48045763340579506,3.4844697089890415
1578,15.780000000000001,0.5520107373567313,3.534965846110092
1579,15.790000000000001,0.4844100364998391,3.3917632232909405
1580,15.8,0.426229087325058,3.9565662605966723
1581,15.81,0.7173951935369375,3.744947635618597
1582,15.82,0.49773164681557114,3.4769943026927743
1583,15.83,0.5519684762593021,3.4334804177862766
1584,15.84,0.6088234626445016,3.5748751624586363
1585,15.85,0.5357916021675234,3.613886007510525
1586,15.860000000000001,0.5985612459842571,3.477739438261937
1587,15.870000000000001,0.4401894105703511,3.7371930641305986
1588,15.88,0.49789469343908543,3.8851169811832906
1589,15.89,0.5323646123315837,3.575165541209605
1590,15.9,0.5643645141142184,3.3383595614819113
1591,15.91,0.5532878036963801,3.4960217553835866
1592,15.92,0.4703592032886426,3.4379240200122196
1593,15.93,0.5767931691961065,3.807672993206809
1594,15.94,0.6366839566509404,3.645730273871779
1595,15.950000000000001,0.7003214829085,3.7256975970175428
1596,15.96,0.582097113760281,3.8457496183229356
1597,15.97,0.5356537412181461,3.400714459718441
1598,15.98,0.5875056125882555,3.2909424345573166
1599,15.99,0.6110819338035675,3.7174089141164246
1600,16.0,0.6529696004635184,3.6049736350002535
1601,16.01,0.6627888212295666,3.5327445524929746
1602,16.02,0.7145858257743575,3.914239537077674
1603,16.03,0.6382782076856346,3.6405367898789365
1604,16.04,0.6408353967296045,3.68530999696709
1605,16.05,0.644531104500779,3.9479175650616773
1606,16.06,0.6727769752734388,3.95173639399094
1607,16.07,0.649720826218499,3.5131749134782715
1608,16.080000000000002,0.9351223082976539,3.588855856569934
1609,16.09,0.7210732072652412,3.9155644717138296
1610,16.1,0.7464219621791242,3.755061009073312
1611,16.11,0.7063348018940369,3.827031294255608
1612,16.12,0.5916515405082835,3.708844290202419
1613,16.13,0.6656156032406535,3.614636620482172
1614,16.14,0.8221815509281932,3.95499427668424
1615,16.15,0.6877791610611929,3.7389311349762555
1616,16.16,0.7746301403494862,3.7607281502414764
1617,16.17,0.7820909678610519,3.1345312908901883
1618,16.18,0.7032204291787949,3.972393349917094
1619,16.19,0.7170529697364465,3.790170211895371
1620,16.2,0.9397306986451074,3.518364386741964
1621,16.21,0.8554338152578339,3.8253556012220384
1622,16.22,0.8451390297034735,3.528725222436588
1623,16.23,0.847872958972722,3.4723650211813113
1624,16.240000000000002,0.7373496749144793,3.5872383193498756
1625,16.25,0.8179485726463006,3.761488243182858
1626,16.26,0.7276998701331638,3.09858492998702
1627,16.27,0.902429856666197,4.310776095532819
1628,16.28,0.8918302174523788,4.065757251208818
1629,16.29,0.9880229325881593,3.6873664621549533
1630,16.3,0.9066639276380412,3.953427234568582
1631,16.31,0.8736308495361951,3.572233644652301
1632,16.32,0.7839615357504802,3.820519260667435
1633,16.330000000000002,1.1027900409964484,3.866262844099491
1634,16.34,0.8780402219837591,3.8643201948735846
1635,16.35,1.0467965416814782,3.6888563580351112
1636,16.36,0.9292032965789896,3.8697200683665662
1637,16.37,0.7923734404615257,3.759994517685669
1638,16.38,0.9743705452957816,3.9108580606342804
1639,16.39,0.9549156104968444,3.7457667259356646
1640,16.4,0.9018865535941147,3.80143137070954
1641,16.41,0.9606152827361508,3.7027703124570417
1642,16.42,1.0854611080914291,4.320272026912162
1643,16.43,1.1590606561068613,3.9163413776333407
1644,16.44,1.0362421220921516,3.6378407624475564
1645,16.45,1.0349837860637308,3.6234471921111715
1646,16.46,1.06121745533041,3.7548268254172252
1647,16.47,1.0397618251727225,3.600737294914878
1648,16.48,1.023628314036691,3.50415874266582
1649,16.490000000000002,0.9903110016813461,4.107519783583567
1650,16.5,1.2129881785799146,4.0183452540770634
1651,16.51,1.1447035178992477,3.812547421156896
1652,16.52,1.296528870310445,3.955610567034642
1653,16.53,1.2506096927894084,4.199058996193213
1654,16.54,1.1040571151170364,3.986774277389005
1655,16.55,1.1693384792368926,4.119740926462778
1656,16.56,1.3223541618263734,4.002100071020252
1657,16.57,1.1640752157077785,4.463354366137006
1658,16.580000000000002,1.2536576526776244,4.080073899568346
1659,16.59,1.3238847689539472,3.9649809136509346
1660,16.6,1.164887922913224,4.023160133769929
1661,16.61,1.2748628086937661,4.208232637565015
1662,16.62,1.2407030916132644,4.155077473320576
1663,16.63,1.2489506245044435,3.97762158435235
1664,16.64,1.3296141486407942,4.007205053110759
1665,16.65,1.2614281243855971,4.16456471040627
1666,16.66,1.444178702967972,3.939077660430981
1667,16.67,1.399912013684743,4.2289980461995675
1668,16.68,1.4409281031681802,4.494064556480463
1669,16.69,1.4386019257211877,3.9614314375564432
1670,16.7,1.2003825577039873,4.1453991135723545
1671,16.71,1.4277888089549444,4.101469731556149
1672,16.72,1.3178110061469672,4.345565319384563
1673,16.73,1.348605504817338,4.156923925127366
1674,16.740000000000002,1.3015032644648294,4.177470460675135
1675,16.75,1.4307921072233134,4.435905868865076
1676,16.76,1.2721302888827242,3.8258863195739443
1677,16.77,1.5828034938626239,4.445027881139808
1678,16.78,1.4658746053705032,4.196075100444357
1679,16.79,1.480213612893506,4.105883713102801
1680,16.8,1.2689659961899808,4.148223483391088
1681,16.81,1.5036691016101058,4.293557494377656
1682,16.82,1.3420713179230126,4.41008680072997
1683,16.830000000000002,1.2961368608425283,4.031568411812997
1684,16.84,1.4562606507131501,4.204515126705763
1685,16.85,1.5455850654786707,4.4731739803258215
1686,16.86,1.6290737552444787,4.211324581681868
1687,16.87,1.5529731648652871,4.734632796419373
1688,16.88,1.5104490997327462,4.198026786457804
1689,16.89,1.4952503446354526,4.336087172152503
1690,16.9,1.672497871381651,4.245639945019896
1691,16.91,1.5616924468400901,4.3326347087811605
1692,16.92,1.6060775204455215,4.296442759592222
1693,16.93,1.558506826293996,4.2748680869268885
1694,16.94,1.5313286460191287,4.578273941665101
1695,16.95,1.5398941261462502,4.504208466850373
1696,16.96,1.7932531768868714,4.866908013066974
1697,16.97,1.7522024756434078,4.675897055336469
1698,16.98,1.7480679098057663,4.6928393805687865
1699,16.990000000000002,1.716033340680372,4.831665999375604
1700,17.0,1.5997168825394412,4.523846734693948
1701,17.01,1.6896503544791568,4.364037813505524
1702,17.02,1.7670599376897025,4.673464725349692
1703,17.03,1.7059282066926564,4.489275136013766
1704,17.04,1.7885214894209707,4.447263577308589
1705,17.05,1.7109696069318128,4.743264400885193
1706,17.06,1.8561090023944047,4.773949077046145
1707,17.07,1.6567149804599093,4.648672944792754
1708,17.080000000000002,1.8165346640781095,4.592406721429749
1709,17.09,1.8105825849111086,4.48017046454162
1710,17.1,1.7483656391893687,4.68891542772861
1711,17.11,1.6014113470904723,4.844785258409813
1712,17.12,1.7285291930341942,4.903793664177181
1713,17.13,1.8653807863390663,5.001041926650936
1714,17.14,1.8671299827089836,4.913094473968377
1715,17.150000000000002,1.8806438800270568,4.723499001904491
1716,17.16,1.7574547377798926,5.034729015396336
1717,17.17,1.9300685764998333,4.189976899326869
1718,17.18,1.8817205224679425,4.861420325450753
1719,17.19,1.8730800851066587,4.671112056920009
1720,17.2,1.964904955694972,4.551910099881635
1721,17.21,1.903781844152984,4.997593517731564
1722,17.22,1.989083558065509,4.699150019249105
1723,17.23,1.9897085995629136,5.148220986892831
1724,17.240000000000002,1.8921345066013102,4.797037425283522
1725,17.25,2.0387422523538796,5.089150753771322
1726,17.26,1.7690014059998265,5.123886721434278
1727,17.27,1.8954100338509907,5.210662657796812
1728,17.28,1.8809646657236883,5.116057769991035
1729,17.29,1.8060825759145658,4.928909469557895
1730,17.3,1.9306139353473741,5.159873019810243
1731,17.31,1.9678180793832067,5.007864776910514
1732,17.32,1.9586329236455733,4.9624047340445525
1733,17.330000000000002,1.9807075079967833,4.792448392317954
1734,17.34,2.0863127948516587,4.984058640306085
1735,17.35,1.9752581184965696,4.8764220623981815
1736,17.36,2.016710155934962,5.068284274216101
1737,17.37,1.8294239693455678,4.918830274936657
1738,17.38,1.8928073017780829,5.262113119351632
1739,17.39,2.061427474607472,5.111860785044345
1740,17.400000000000002,1.9959890870639414,5.034234337860265
1741,17.41,2.046775850128377,5.471452338721737
1742,17.42,1.8938609754178104,5.105019916347762
1743,17.43,1.98138778582633,5.279489915482481
1744,17.44,1.9862190371616282,5.173922526900787
1745,17.45,1.9897212784447227,5.306254245830356
1746,17.46,2.041057167879582,5.400827073140458
1747,17.47,2.053209700361877,5.269056590527003
1748,17.48,2.0736858366054416,5.028315524012362
1749,17.490000000000002,1.9563107246620617,5.382774081673007
1750,17.5,1.914954288616352,5.2738461787584345
1751,17.51,2.1330492923491096,5.160083583767092
1752,17.52,2.1006630725149313,5.365018643477178
1753,17.53,1.9274899629302247,5.1336193289397025
1754,17.54,2.2217948702995276,4.934313172209696
1755,17.55,2.0188458018041415,5.20158105064143
1756,17.56,2.0030915478818034,5.083374256172868
1757,17.57,2.0609211815350346,5.114184518885138
1758,17.580000000000002,1.9815991922457112,5.186009311293808
1759,17.59,2.116465156991541,5.409469784782782
1760,17.6,2.207903134912832,5.455034033126687
1761,17.61,2.001306056117521,5.4789129642615375
1762,17.62,2.31770185237779,5.309146048317992
1763,17.63,2.170698706037992,5.430656465577114
1764,17.64,2.1078810200796023,5.524232056604434
1765,17.650000000000002,2.0613885710934206,5.4515211940310975
1766,17.66,2.196312819553371,5.429499311188824
1767,17.67,2.1381893220665575,5.704814655260746
1768,17.68,2.262782953015128,5.087242741551715
1769,17.69,2.1551004870265382,5.466438755224026
1770,17.7,2.2147586239346864,5.296352946334636
1771,17.71,2.1313149556189273,5.343925198387272
1772,17.72,2.0246868614206295,5.431518363625241
1773,17.73,2.217678866651925,5.584089613761481
1774,17.740000000000002,2.1038828655319493,5.951313935144965
1775,17.75,2.0996130203794823,5.461286643247903
1776,17.76,2.07804343362944,5.4595086938412845
1777,17.77,2.2246789336533466,5.378088763675444
1778,17.78,2.2201289046234383,5.582483022065025
1779,17.79,2.165064561711785,5.557603961131653
1780,17.8,2.156286879168518,5.5160386701721045
1781,17.81,2.2363448535578248,5.7533801812636645
1782,17.82,2.1291127110757233,5.6938822001078115
1783,17.830000000000002,2.1770143598957565,5.669526193566301
1784,17.84,2.07608125010448,5.67218427710852
1785,17.85,2.112056398015268,5.908775512989571
1786,17.86,2.143239322297392,5.784322920771239
1787,17.87,2.1768404851314505,5.3823842504260755
1788,17.88,2.106253589524983,6.050686056912847
1789,17.89,2.1733238255774867,5.700072007712539
1790,17.900000000000002,2.132527628282446,5.806611022713118
1791,17.91,2.2468004380533473,5.6387731020500755
1792,17.92,1.9699258364208296,6.005516171974664
1793,17.93,2.028460980804863,6.0002922270828165
1794,17.94,2.256552249656533,6.182062998353665
1795,17.95,2.2507665256272413,5.937144410933543
1796,17.96,2.1913400909509204,5.559949469741322
1797,17.97,2.305680957157842,6.039016576449226
1798,17.98,2.4149501880064332,5.878514975386889
1799,17.990000000000002,2.130664437037249,6.132513395385844
1800,18.0,2.287756728035679,6.102264888934839
1801,18.01,2.2925671166844284,5.775204166722551
1802,18.02,2.1511046817652906,6.230343676929823
1803,18.03,2.2309259773435257,6.170511863937997
1804,18.04,2.117980947570653,5.6437670772513835
1805,18.05,2.1063711354260453,5.892720997265449
1806,18.06,2.1436419841880423,5.766444266682072
1807,18.07,2.1098017475719058,6.1409023482834355
1808,18.080000000000002,2.2060924400319286,6.412283750974823
1809,18.09,2.117186321403833,5.9604639209122015
1810,18.1,2.0459588506026978,6.15827689304135
1811,18.11,2.045243503542862,6.149923460526264
1812,18.12,2.0626387540253615,5.957584363913928
1813,18.13,2.1800185653562862,6.283139791726575
1814,18.14,2.1012971716585884,5.914114725906654
1815,18.150000000000002,2.1384767297348506,6.096843471241364
1816,18.16,2.0779393669103783,6.227293534764304
1817,18.17,2.029007597034259,6.182088839570103
1818,18.18,2.0890787081222486,6.2049916816421
1819,18.19,2.1855542103671683,6.240977996877616
1820,18.2,2.1435247495135865,5.993658908380338
1821,18.21,2.287190118572108,6.188017845071591
1822,18.22,2.0468486599999567,6.026970367020798
1823,18.23,2.1418147672235173,6.500026409843433
1824,18.240000000000002,2.135443657680728,6.315605262009877
1825,18.25,2.134102719653825,6.408545059237899
1826,18.26,2.195422268569272,6.217947927654213
1827,18.27,2.098902025043011,6.308929492726095
1828,18.28,2.1817706850731176,6.374050583706579
1829,18.29,2.185607532293173,6.235355594618069
1830,18.3,2.118065021892128,6.439099252231538
1831,18.31,2.2310944220047255,6.169062384181454
1832,18.32,2.063896984797144,6.255025804665223
1833,18.330000000000002,2.1959753424829502,6.631991804244223
1834,18.34,2.1745860644970025,6.498628209005743
1835,18.35,2.142657605623323,6.696871844577759
1836,18.36,1.971934369915119,6.39177143190483
1837,18.37,2.0761629764874847,6.294111469443688
1838,18.38,2.0256003382429384,6.706782827126819
1839,18.39,2.206548623761074,6.682149251323845
1840,18.400000000000002,2.026285000192189,6.731591626214244
1841,18.41,2.129631670734878,6.683867034587251
1842,18.42,2.0275621576578526,6.399691933118681
1843,18.43,2.04944907936685,6.336129886295325
1844,18.44,2.0949603354152027,6.532242353733917
1845,18.45,2.099987873808521,6.527439466971779
1846,18.46,1.945384554188421,6.759305620645892
1847,18.47,2.0199063967989024,6.110267371319903
1848,18.48,1.9136997806637228,6.679090697668066
1849,18.490000000000002,1.9819532315646273,6.4418310051566445
1850,18.5,1.9613969000737088,6.5795543356289565
1851,18.51,2.0465543330608593,6.750996352813073
1852,18.52,2.0741926344923494,6.361204883360398
1853,18.53,2.0995969518064728,6.6085544509809395
1854,18.54,1.9589462031455358,6.509859647823216
1855,18.55,2.0695785627543692,6.657280329516456
1856,18.56,2.0229221144757754,6.809052797106661
1857,18.57,1.986890439493923,6.677999882273059
1858,18.580000000000002,2.13544776414588,6.596600950675693
1859,18.59,1.9813003483877059,6.607589619805907
1860,18.6,2.0200829121078874,6.7065221126640555
1861,18.61,1.8858224016818972,6.77546822258151
1862,18.62,1.9339232685003584,6.37727719594647
1863,18.63,2.040030018946162,6.709814424471858
1864,18.64,2.0115476759802484,6.977387031902496
1865,18.650000000000002,1.970973308494575,6.7558499661055
1866,18.66,1.894236515346115,7.015872256424599
1867,18.67,1.8160061479632894,6.813722408506076
1868,18.68,2.032231937276197,6.628706262544652
1869,18.69,1.9786146950982337,6.9349035591404355
1870,18.7,2.041386824932005,6.68515983913712
1871,18.71,1.92170688706354,6.633490567602967
1872,18.72,1.9868356261962037,6.8646922410191875
1873,18.73,1.994039277863991,6.8898648549224415
1874,18.740000000000002,1.8624278303821893,6.82132401808834
1875,18.75,1.8864500459600497,7.089137140697583
1876,18.76,1.870373231361535,7.182422950204724
1877,18.77,1.9656090753685225,6.756211597317157
1878,18.78,1.8717441142344087,6.986243348375609
1879,18.79,1.99991260544258,6.933111845809015
1880,18.8,1.913794604003013,6.9018284962121585
1881,18.81,1.9756061187911294,7.411436555773659
1882,18.82,1.8192891226675603,7.161128429488998
1883,18.830000000000002,2.0058404313067313,7.11427897333315
1884,18.84,1.7046438358506646,6.659001105480463
1885,18.85,1.9720536214156719,6.8158874386820045
1886,18.86,1.7753785056898472,7.506243761586311
1887,18.87,1.7961248611096199,6.943984840745561
1888,18.88,1.8150924413700573,6.6876850247704365
1889,18.89,1.8701711304851203,7.0147079377487795
1890,18.900000000000002,1.9426878517467965,6.835836098698181
1891,18.91,1.7871161706906524,7.010845321473837
1892,18.92,1.7058455805171802,7.063456972805856
1893,18.93,1.705774660866468,7.070637274654263
1894,18.94,1.7988230784189352,7.493137377720961
1895,18.95,1.7897100708353053,7.43001405680647
1896,18.96,1.8655179673724787,7.142481244540394
1897,18.97,1.842372442621239,7.040384934516373
1898,18.98,1.8774395380378015,7.538676959845364
1899,18.990000000000002,1.7038477479618874,7.217653343715965
1900,19.0,1.8462304145387805,7.260943965630506
1901,19.01,1.8435710734246484,7.1774826905769915
1902,19.02,1.7130618125953994,7.031373601785888
1903,19.03,1.8487694511811408,6.895233195305518
1904,19.04,1.739187659470217,6.722104246606685
1905,19.05,1.75797828342323,7.23325117417986
1906,19.06,1.8557191447384964,7.329336464055122
1907,19.07,1.7816244296878159,7.112671244989754
1908,19.080000000000002,1.8251448715483727,7.317622877090111
1909,19.09,1.740444096825971,7.178453962676363
1910,19.1,1.7489720772957698,7.082648552582043
1911,19.11,1.6446170749464704,6.785090982424398
1912,19.12,1.7366855260844951,7.24238369334703
1913,19.13,1.6741881526540665,7.138615419783568
1914,19.14,1.6396533505695574,7.293989886407397
1915,19.150000000000002,1.735984324697601,6.748131944190781
1916,19.16,1.7944012593982404,7.11314830065641
1917,19.17,1.6909984542525427,7.19293591547448
1918,19.18,1.700772907070596,7.6153677797886905
1919,19.19,1.6304910690126957,6.95673593913601
1920,19.2,1.7762327833822222,7.481738467073253
1921,19.21,1.7123797095922528,7.19506220179104
1922,19.22,1.6765525958585388,7.3041471085806124
1923,19.23,1.483172280864099,7.126852941268575
1924,19.240000000000002,1.525018803590801,7.098153272395499
1925,19.25,1.6563489475794784,7.0898425731313885
1926,19.26,1.5721177087266611,7.145452272544764
1927,19.27,1.5679633433285523,7.207040224859468
1928,19.28,1.5990420486630978,7.273669277763448
1929,19.29,1.5510884891285157,7.212100889924427
1930,19.3,1.5052691029918863,6.95638625718308
1931,19.31,1.5605345687314158,6.9006891329458355
1932,19.32,1.6865422554219047,7.582605195157111
1933,19.330000000000002,1.7222542395183082,7.20336015748531
1934,19.34,1.5401992574487784,7.354828678655634
1935,19.35,1.4593474467330474,7.331666738591448
1936,19.36,1.4963056674108377,7.166916950518185
1937,19.37,1.5417263214522385,7.229465375015965
1938,19.38,1.4786320078843653,7.2544325308706625
1939,19.39,1.6609133987485805,7.3430302246871
1940,19.400000000000002,1.4234501285412247,7.673561835430389
1941,19.41,1.703243317727035,7.141903487278966
1942,19.42,1.571607972922736,7.385725015769727
1943,19.43,1.4350286888423698,7.337645839564311
1944,19.44,1.4138923144304396,7.587688563603466
1945,19.45,1.5071070079189355,7.148513690621219
1946,19.46,1.5648089821552267,7.181642901684412
1947,19.47,1.4053482869370852,7.127837064362062
1948,19.48,1.5438478637081712,7.250471692099094
1949,19.490000000000002,1.331578956607585,7.1614326123644085
1950,19.5,1.4328789942167806,7.4818078088238655
1951,19.51,1.4391332033548543,7.396058481095475
1952,19.52,1.3287269296891382,7.070148245363292
1953,19.53,1.3595386253475799,7.382841566303131
1954,19.54,1.5762894073016849,7.26580635886632
1955,19.55,1.3224167467977623,7.166228149805235
1956,19.56,1.4888723114267313,7.2338182723708915
1957,19.57,1.3150247996631041,7.241336496512752
1958,19.580000000000002,1.363672256653194,7.454664825689818
1959,19.59,1.48727118839284,7.5776721794266955
1960,19.6,1.3312443022679654,7.356103315849221
1961,19.61,1.3020205092360175,7.176445870397629
1962,19.62,1.3697576713226234,7.450607351789305
1963,19.63,1.375678249636456,7.338797416214393
1964,19.64,1.4840976930485386,7.45046940835312
1965,19.650000000000002,1.2420244188318048,8.019204207735813
1966,19.66,1.3409493753062656,7.384581974854459
1967,19.67,1.2766451705069768,7.165307272254792
1968,19.68,1.3111259777944457,7.3819312612098305
1969,19.69,1.331259013115613,7.321855532422814
1970,19.7,1.2722889520584004,7.343486776599017
1971,19.71,1.2870641899569961,7.522035477020657
1972,19.72,1.178184337138891,7.517693495951987
1973,19.73,1.248295195013638,7.594542080939869
1974,19.740000000000002,1.2404061786821423,7.120946629405356
1975,19.75,1.1219599513814797,7.398896353990245
1976,19.76,1.3816067040998137,7.424668966609569
1977,19.77,1.0922067750144042,7.256073132101501
1978,19.78,1.2496983547881728,7.487337904743868
1979,19.79,1.1754542446961354,7.53602574353151
1980,19.8,1.380292638773295,7.223435933937096
1981,19.81,1.122436292892348,7.193511466471249
1982,19.82,1.2908168556905295,7.053440794998844
1983,19.830000000000002,1.2607770975929533,7.482922983413065
1984,19.84,1.1996458684552034,7.315192655983235
1985,19.85,1.4309537891162298,6.843138930487993
1986,19.86,1.2216802291061486,7.397333505745751
1987,19.87,1.2283701318946394,7.464796875090252
1988,19.88,1.2357697164981936,7.330530153659859
1989,19.89,1.3552758837656513,7.238101449774324
1990,19.900000000000002,1.208262254467319,7.355229247819755
1991,19.91,1.023214479877107,7.0675723862738895
1992,19.92,1.2013337677044962,7.430087404804929
1993,19.93,1.2275957767366503,7.369053957713161
1994,19.94,1.250327848535715,7.462657135016017
1995,19.95,1.0843791447587778,7.2780439137927395
1996,19.96,1.2251657366136184,7.398765080324464
1997,19.97,1.1217545825333817,7.5427290752944565
1998,19.98,1.2371318537211964,7.259785306172792
1999,19.990000000000002,1.148485323079603,7.059490101091682
2000,20.0,1.0622628800318712,7.830743260702305
2001,20.01,1.0516244056698,7.4634145391850994
2002,20.02,1.1456157857522724,7.343037178959614
2003,20.03,1.0807441558032655,7.352575241880384
2004,20.04,1.177716787309189,7.643109737427877
2005,20.05,1.1885033569272656,7.284631493664425
2006,20.06,1.2443491468085843,7.391980379171102
2007,20.07,1.1693909563376887,7.109888701987867
2008,20.080000000000002,1.0809223306795024,7.443364671780989
2009,20.09,1.0675056341891518,7.299924062231172
2010,20.1,1.2049534636360102,7.54990579999733
2011,20.11,1.1889302067209095,7.331966196396106
2012,20.12,1.2071049767747328,7.285666902647202
2013,20.13,1.0728034059545957,7.808886267101742
2014,20.14,0.9940627024277373,7.590712465698754
2015,20.150000000000002,1.0456184544281502,7.792975412157826
2016,20.16,1.1652468913426826,7.505749021888987
2017,20.17,0.9895698276264511,7.288820396753586
2018,20.18,0.9164620491917689,7.176009898175905
2019,20.19,0.915452046654527,6.929155790965799
2020,20.2,1.1048543936735904,7.3346544721610245
2021,20.21,1.0306676348120185,7.272588847603051
2022,20.22,0.8922187463408535,7.195829398646985
2023,20.23,0.8943395528958666,7.433930799405413
2024,20.240000000000002,0.9778554921191279,7.395835778370866
2025,20.25,0.9632163783070535,6.955068006441089
2026,20.26,0.9465151372113115,7.275272803584689
2027,20.27,0.8748827353380564,7.4846432723681735
2028,20.28,0.7322946047310799,7.036554205541931
2029,20.29,1.0026326531478091,7.6044117334949
2030,20.3,0.8453258899638674,7.217220053103508
2031,20.31,0.8662897957185505,6.908152617651961
2032,20.32,0.9385633446661888,7.232225495383785
2033,20.330000000000002,0.7868496428995714,7.23223176916765
2034,20.34,1.1457391397243657,7.593385325274687
2035,20.35,0.9317041086164797,7.313879497654506
2036,20.36,0.8988656881531757,7.065586442906308
2037,20.37,0.8919833554239475,6.978224130568351
2038,20.38,0.8807110829568324,7.280319876929644
2039,20.39,0.8130189483142773,7.25259416721257
2040,20.400000000000002,0.7736830263056628,7.050168722317105
2041,20.41,0.7910368189609396,7.345055247678418
2042,20.42,0.8001905545902158,7.13745873641601
2043,20.43,0.8223347146315517,6.971446907889839
2044,20.44,0.8109799038713678,7.462766898576188
2045,20.45,0.7407243119479567,7.123050183488468
2046,20.46,0.8043839166461151,7.336311120966614
2047,20.47,0.8561774294902383,7.248814855039012
2048,20.48,0.761707089836483,7.1305065008044854
2049,20.490000000000002,0.7376731249262697,6.9625495169497675
2050,20.5,0.7466568633931515,7.038597386202406
2051,20.51,0.7534497946829537,7.114434509366902
2052,20.52,0.6650585131155339,7.07938385329276
2053,20.53,0.8266558512363535,7.166396039715154
2054,20.54,0.7066884056262127,7.137787104568836
2055,20.55,0.8999609159096661,7.20279317315788
2056,20.56,0.6771409803177111,6.900812337295886
2057,20.57,0.8193473045866673,7.165471542750904
2058,20.580000000000002,0.7728231545337225,6.816579856354056
2059,20.59,0.6237220657818087,7.120649248822793
2060,20.6,0.6719120611004246,7.061718218196527
2061,20.61,0.6621348425044847,7.37559447182774
2062,20.62,0.924478012195461,7.284660887888561
2063,20.63,0.6537030895842064,7.121783248033293
2064,20.64,0.6704474103880771,7.007243375254959
2065,20.650000000000002,0.6572404095007314,6.838707586232988
2066,20.66,0.7912684924182154,7.054688117066786
2067,20.67,0.5738317470120026,6.903275984036268
2068,20.68,0.6208724646575984,6.809577787771824
2069,20.69,0.7092234905070777,6.793212073271281
2070,20.7,0.6566536807011776,7.0374141086393776
2071,20.71,0.6724506437997225,6.947088535614728
2072,20.72,0.7090461692095577,7.054805706452797
2073,20.73,0.5617933824721694,6.913380945989243
2074,20.740000000000002,0.5946004784598931,7.015034776010891
2075,20.75,0.6766683258891915,6.9981877353261295
2076,20.76,0.5841210612131619,7.092451983656741
2077,20.77,0.7808330421460861,7.1502482843857145
2078,20.78,0.582155420416447,6.85220971030305
2079,20.79,0.5944909119432459,6.879815756115656
2080,20.8,0.7472036828438615,7.105481370595373
2081,20.81,0.5163707376097075,7.035735790078161
2082,20.82,0.6568437007112298,6.707131881810898
2083,20.830000000000002,0.6233696890051168,6.9394633819489036
2084,20.84,0.6759940555247154,6.444169769628834
2085,20.85,0.5939202217602002,7.1385360691995885
2086,20.86,0.4944886127865783,6.932337588925063
2087,20.87,0.5798853488408198,7.280907506174704
2088,20.88,0.5959351158067773,6.886864937320447
2089,20.89,0.46996326600600563,7.325971231812628
2090,20.900000000000002,0.3045280604252047,6.680922950782896
2091,20.91,0.46098550776973946,6.827799434564592
2092,20.92,0.6566208473791075,6.695782183401341
2093,20.93,0.6014729950552478,6.790032480143799
2094,20.94,0.5627837164698678,6.983176202728262
2095,20.95,0.3514000237728191,7.079322819610107
2096,20.96,0.5622413316392606,6.606247795996747
2097,20.97,0.43102541897779334,6.813027672244847
2098,20.98,0.5332352312070725,6.66491524658932
2099,20.990000000000002,0.4835813941662641,6.6168550047321295
2100,21.0,0.39525622142900607,6.769222368353992
2101,21.01,0.5768894229730098,6.723274526979715
2102,21.02,0.5995080235137329,6.726978925648313
2103,21.03,0.4687412632102536,6.811616455452965
2104,21.04,0.5645178933254651,6.826381426544792
2105,21.05,0.5510708826579575,6.6537198488092075
2106,21.06,0.3778770454333695,6.81718785382702
2107,21.07,0.4395280137775853,6.773302334240801
2108,21.080000000000002,0.4788534199123917,6.8477248800512225
2109,21.09,0.416175460967786,6.663049921888701
2110,21.1,0.5467259286696153,6.699901242922259
2111,21.11,0.3436673225893677,6.609162648021435
2112,21.12,0.470369412464825,6.476039232175286
2113,21.13,0.5874082086505463,6.310621819127968
2114,21.14,0.4632999482924617,6.563233027573133
2115,21.150000000000002,0.34772931854163125,6.683859780743506
2116,21.16,0.31533633577837367,6.640675703297996
2117,21.17,0.4850815370170294,6.539808689463383
2118,21.18,0.43712099830965895,6.675666990779787
2119,21.19,0.2831118469098318,6.786475967611223
2120,21.2,0.3361646216437376,6.431037726995054
2121,21.21,0.4264244031745507,6.330677705950121
2122,21.22,0.3518571965869605,6.327497636111326
2123,21.23,0.3610427578266058,6.850558946662674
2124,21.240000000000002,0.23250174365758086,6.679240338485973
2125,21.25,0.37873886553152625,6.415060251491732
2126,21.26,0.30639541621121613,6.482195609420158
2127,21.27,0.504203737059568,6.234438357193196
2128,21.28,0.3049418923498444,6.370526151281717
2129,21.29,0.30185301685665017,6.4406878165675225
2130,21.3,0.4419823845893805,6.3547607876418155
2131,21.31,0.27452745297416753,6.373464831732042
2132,21.32,0.47401350702703393,6.249205263261807
2133,21.330000000000002,0.5221825542817876,6.247665279817309
2134,21.34,0.41559893101459827,6.200682181954372
2135,21.35,0.42215668662088657,6.357104258226198
2136,21.36,0.34711823689338817,6.222446124594092
2137,21.37,0.45741307616907395,6.3459587372850415
2138,21.38,0.3313552046470594,6.301438607098233
2139,21.39,0.23797036978933706,6.308563416464233
2140,21.400000000000002,0.34720857663088894,6.295311170692966
2141,21.41,0.28104877217190427,6.4758178149304015
2142,21.42,0.2900618011875422,5.8015430167804976
2143,21.43,0.18132141186225056,6.217899964848978
2144,21.44,0.2954277774301034,6.232457405222123
2145,21.45,0.21008408433611664,5.934452640017679
2146,21.46,0.5341233347511548,6.084601335446689
2147,21.47,0.3919866709337914,6.040922983034028
2148,21.48,0.31754029556717106,5.894441571231292
2149,21.490000000000002,0.3587486795330537,6.267210642362818
2150,21.5,0.33654903614388904,6.00323098156241
2151,21.51,0.35342719659255906,5.887659766820978
2152,21.52,0.3626556469011256,6.035577893881003
2153,21.53,0.33309544079463727,6.117518808265443
2154,21.54,0.22376709437975084,5.962911112911626
2155,21.55,0.33428825917276445,6.118596372322667
2156,21.56,0.2901018754844163,5.854371461079599
2157,21.57,0.2522847839601617,5.712286604151966
2158,21.580000000000002,0.339725687812254,6.358113417027936
2159,21.59,0.22275991454063176,5.954022344866575
2160,21.6,0.30192653003418596,6.193088472628372
2161,21.61,0.4155311829623201,6.021261047018817
2162,21.62,0.29511922935103246,5.621116538445394
2163,21.63,0.4509752317992883,5.908285220565129
2164,21.64,0.3273898831806729,5.995397712051308
2165,21.650000000000002,0.2809080368991978,5.829839814658336
2166,21.66,0.24288132382581573,5.6263808551972545
2167,21.67,0.24534948480163873,5.705702890945907
2168,21.68,0.22592510873027563,5.470124736601099
2169,21.69,0.303772856221197,5.652846056560067
2170,21.7,0.27416471289714106,6.068233075870698
2171,21.71,0.1160800016739495,5.734747835096738
2172,21.72,0.2014658658184872,6.039477590676337
2173,21.73,0.19385293474620632,5.560200056194491
2174,21.740000000000002,0.3573086213706426,5.599148582343271
2175,21.75,0.2617783160313165,5.539607307806083
2176,21.76,0.2846711025799027,5.3379499850941885
2177,21.77,0.3019105732721058,5.844337571675511
2178,21.78,0.2936096962954966,5.9639516137429185
2179,21.79,0.3329652465464162,5.6270105748632036
2180,21.8,0.3565788953962152,6.191631108096153
2181,21.81,0.41481793143759177,5.319871536832744
2182,21.82,0.2510498658966582,6.0003590513055505
2183,21.830000000000002,0.22362031800615947,5.476483108843878
2184,21.84,0.26958054852687285,5.719549020974159
2185,21.85,0.23015943805716327,5.447033161285232
2186,21.86,0.16376519345179189,5.72142970156433
2187,21.87,0.17092839289438433,5.469961057468753
2188,21.88,0.27755200061297464,5.4616935710600245
2189,21.89,0.28600671481755136,5.4263629003935225
2190,21.900000000000002,0.1891237814538975,5.599956170832513
2191,21.91,0.17198701746177592,5.26442408235471
2192,21.92,0.2854766602150207,5.547618869281115
2193,21.93,0.27747370819240413,5.69226446271258
2194,21.94,0.13063416831559732,5.392049360792088
2195,21.95,0.15236520410293874,5.362603932601366
2196,21.96,0.19939459761930944,5.394294812234071
2197,21.97,0.1668741764084551,5.499854070125609
2198,21.98,0.25652138122912327,5.1867007805870635
2199,21.990000000000002,0.29184052666377375,5.3196006522851205
2200,22.0,0.18477267886632853,5.390387995668699
2201,22.01,0.05606546071992308,5.014379680654976
2202,22.02,0.2697381169193011,5.412661479151802
2203,22.03,0.17037544129862103,5.371066823609802
2204,22.04,0.16902271036424737,5.569682784926728
2205,22.05,0.293775839516689,5.519874562447353
2206,22.06,0.2159024879102537,5.267259738424251
2207,22.07,0.033601494745240684,5.484790094594764
2208,22.080000000000002,0.07218289410916244,5.224807184514914
2209,22.09,0.2082148388032029,5.41363961393372
2210,22.1,0.2381594665496086,5.121324468470521
2211,22.11,0.11319918585989137,5.067163838069331
2212,22.12,0.06819950295427724,5.330838495562423
2213,22.13,0.15668513857129457,4.911758856661869
2214,22.14,0.19007638117419887,5.289361924015175
2215,22.150000000000002,0.28843499931639327,5.115862769455251
2216,22.16,0.06816327700180255,5.165447818447193
2217,22.17,0.33144422297025034,5.038097337722785
2218,22.18,0.09278749876386239,5.2986565232704255
2219,22.19,0.10877595628775316,5.305369449646927
2220,22.2,0.26758117183293656,5.48565222244871
2221,22.21,0.18857217090142203,5.399207690361565
2222,22.22,0.09422313707678,5.149029058008802
2223,22.23,0.17789474922546356,5.147347803116512
2224,22.240000000000002,0.10744373904203286,5.235557892596361
2225,22.25,0.0677760382212965,5.304577267991946
2226,22.26,0.12926082723268767,5.130667557903458
2227,22.27,0.17827586837799314,5.0422890215435805
2228,22.28,0.23923393359808343,5.244389228694903
2229,22.29,0.018321761847779033,5.145638234478662
2230,22.3,0.19448919918710939,5.38058047966588
2231,22.31,0.15842223038433137,4.9145715994620165
2232,22.32,0.07188753747329382,5.133811540128548
2233,22.330000000000002,0.12422687654618006,5.273291486912632
2234,22.34,0.2514296612009032,4.826569945849696
2235,22.35,0.061214916394182084,4.99297730078232
2236,22.36,0.20774155560029756,4.8666847987083495
2237,22.37,0.13126903150031113,4.914682421299133
2238,22.38,0.25175168890757194,5.0524955175265935
2239,22.39,0.2106584968571631,4.904197987906658
2240,22.400000000000002,0.07325311966052042,5.218964155572044
2241,22.41,0.24885997419908953,4.8503063295560525
2242,22.42,0.17729300569534137,4.716900021994249
2243,22.43,0.15932390168012556,5.103731092852316
2244,22.44,0.06631896723678007,4.9876610679887845
2245,22.45,0.17253422784863026,4.813205146801977
2246,22.46,0.18332179078162877,5.0909647152480355
2247,22.47,0.3105899197975551,4.846633948201458
2248,22.48,0.10586413099425655,4.895814549291021
2249,22.490000000000002,0.043967453837017084,4.981408062512822
2250,22.5,0.22159608452972646,4.687173021992209
2251,22.51,0.31695421819548397,5.205565054801123
2252,22.52,0.1751174722718852,4.924812151070162
2253,22.53,0.22132499457017077,4.86632365403234
2254,22.54,0.24598220881141314,4.7746106396766
2255,22.55,0.061873332814051635,4.470257950685061
2256,22.56,0.1317250127356008,4.721060400295076
2257,22.57,0.18943620255170054,4.467418832121207
2258,22.580000000000002,0.25838585378513546,4.738106991283326
2259,22.59,0.16141827414757454,5.182028170669935
2260,22.6,0.19364817503802215,4.50726373937781
2261,22.61,0.25248712726925016,5.01366492309266
2262,22.62,0.008175605713893558,4.321298561876435
2263,22.63,0.1573058508383965,4.974863205544841
2264,22.64,0.14124630580771622,4.55432388571324
2265,22.650000000000002,0.014386007109336546,4.816919934982279
2266,22.66,0.05084224484622234,4.531670976038746
2267,22.67,0.17906869480864637,4.877551696617684
2268,22.68,0.24920634895980462,4.66593953277398
2269,22.69,-0.02888359088887779,4.6266631241833
2270,22.7,0.12092703506557637,4.577896760473671
2271,22.71,0.06220882152282359,4.533431738711821
2272,22.72,0.2425337770863139,4.616622383771377
2273,22.73,0.2351002645833319,4.846697006225163
2274,22.740000000000002,0.23947827577516728,4.605311390653485
2275,22.75,0.1882797883889595,4.364633773025776
2276,22.76,0.14078847484092405,4.851910282682801
2277,22.77,0.2882725580451023,4.799705953139022
2278,22.78,0.08419506758290463,4.5988690789871125
2279,22.79,0.07269269871132515,4.5755744281609285
2280,22.8,0.0737481316765438,4.364366816578763
2281,22.81,0.07730015519531912,4.387304774596886
2282,22.82,0.09104074097362552,4.339453641478156
2283,22.830000000000002,0.2573510223813894,4.6429225431186785
2284,22.84,0.07562841417836827,4.303255992124997
2285,22.85,0.1500601252902354,4.628405847564298
2286,22.86,0.19569588429714202,4.633829214719026
2287,22.87,0.12062905224271447,4.343890125968639
2288,22.88,0.19291934753318246,4.073875173151701
2289,22.89,0.15919515412958837,4.534587980111335
2290,22.900000000000002,0.041144096097026794,4.52581914896925
2291,22.91,0.10631188788375312,4.614314600224649
2292,22.92,0.03492882928253062,4.395942512633888
2293,22.93,0.13298761912366328,4.394864047271259
2294,22.94,0.289401129318128,4.285753250365406
2295,22.95,0.18151420894619708,4.121768030136296
2296,22.96,0.1473101660909401,4.36701025791748
2297,22.97,0.2307911552543081,4.763499728958064
2298,22.98,-0.02708095876308575,4.3636685601141645
2299,22.990000000000002,0.006879228296588935,4.296504141362327
2300,23.0,-0.0031587311823527975,4.619210924449222
2301,23.01,0.11492968294038733,3.9309584005504807
2302,23.02,0.04160423307935314,4.350841801119432
2303,23.03,0.26141062938957854,4.248331678974411
2304,23.04,0.21736388274138796,4.268390985424607
2305,23.05,0.10745030935793146,4.15584476122136
2306,23.06,0.08875980685846305,4.405952475083255
2307,23.07,0.13632345190227574,4.437231610442762
2308,23.080000000000002,0.22958623027277508,4.140959867645356
2309,23.09,0.3399593261722663,4.186314016508758
2310,23.1,0.020647095784825042,4.153378384320606
2311,23.11,0.06142983397356491,4.258977911242265
2312,23.12,0.06479138112354035,4.05947871670486
2313,23.13,0.25121739384595276,4.537606059392173
2314,23.14,0.13344966353978016,4.425187397501132
2315,23.150000000000002,0.20046671472904531,4.126575185202289
2316,23.16,0.18984512331360562,4.32138348006771
2317,23.17,0.3157898897736645,4.104362676717713
2318,23.18,0.1974979116688269,4.113569925767701
2319,23.19,-0.10777215136121926,3.925010635718512
2320,23.2,0.29321635066097673,4.2531219639671685
2321,23.21,0.1832510704891092,4.099153697176384
2322,23.22,0.28007810475709394,3.9204651286715824
2323,23.23,0.14227859676647148,4.054088365339514
2324,23.240000000000002,0.1580266183432546,3.9982732001090024
2325,23.25,0.12372681135676042,4.039630909242409
2326,23.26,0.2429471028453462,4.1287339090440724
2327,23.27,0.05576724389687936,3.970150271586206
2328,23.28,0.22423177796569838,4.257419790375241
2329,23.29,0.07072567994746949,3.9572664014283165
2330,23.3,0.0779399809880646,3.851344525484608
2331,23.31,0.03508082151094842,3.9189227016857604
2332,23.32,0.12181945658574977,4.228892504993735
2333,23.330000000000002,0.11435385341151047,4.2929516541311195
2334,23.34,0.006943016280801295,4.227935700158119
2335,23.35,0.07377757383972239,3.8012162380458623
2336,23.36,0.25615922295048277,3.939779145552257
2337,23.37,0.17133714703663716,4.258419252085566
2338,23.38,0.05094293923327227,4.060141809227154
2339,23.39,0.11440622019010399,4.304069010914253
2340,23.400000000000002,0.1121873665675936,3.987888503112437
2341,23.41,0.17224318929506183,4.192719984173788
2342,23.42,0.03817298730110316,3.5738765285224208
2343,23.43,0.23988286873554354,3.8624438771939107
2344,23.44,0.043244998512464716,3.6544687756041796
2345,23.45,0.001715037878761233,4.24894921786959
2346,23.46,0.2531246238801339,3.8976301769106936
2347,23.47,0.25089417465032143,3.9744881939950156
2348,23.48,0.05766434304294635,3.975111800712565
2349,23.490000000000002,0.21191226220141623,3.8350783597917886
2350,23.5,0.0017219682518635204,4.433505943144458
2351,23.51,0.17266978149002965,3.8339176886513773
2352,23.52,0.08852184749505977,4.119944872683791
2353,23.53,0.23561613419017233,4.071054315077035
2354,23.54,0.18787815698988786,4.20991505698595
2355,23.55,0.33831140391049486,3.821544341864967
2356,23.56,0.3120462410671019,3.827577966866002
2357,23.57,0.29071994593801104,4.189195826392791
2358,23.580000000000002,0.2088485424335895,3.8794958439585674
2359,23.59,0.181776901532962,4.126014485278365
2360,23.6,0.016308519786503606,3.6722697003949647
2361,23.61,0.18834485547938712,3.6679363031718224
2362,23.62,0.18243373670198995,4.148389358927229
2363,23.63,0.07828174607915524,4.007723489735909
2364,23.64,0.11420504537158842,3.7762882045281474
2365,23.650000000000002,0.04935621112657701,3.637698259027924
2366,23.66,0.18154167090546316,4.099840247706254
2367,23.67,0.21274583274915446,4.015517356675086
2368,23.68,0.07061319758197476,3.819142199760875
2369,23.69,0.12548087386223222,3.319221117394851
2370,23.7,0.1576415761671701,3.9614067979338623
2371,23.71,0.3015400627661905,3.54633857748013
2372,23.72,0.3054709547454509,3.919987843507472
2373,23.73,0.2046492928207469,3.890951254786628
2374,23.740000000000002,0.22409725993281773,3.7604214122173856
2375,23.75,0.11647931209575778,4.1808806397649105
2376,23.76,0.12040692513175143,3.469030095743219
2377,23.77,0.15652995226744248,3.8322202125789713
2378,23.78,0.08627779117050519,3.8729411412595782
2379,23.79,0.1584644798469491,3.799688439471655
2380,23.8,0.16343624123086786,3.536777463347338
2381,23.81,0.2761852131014236,3.7249661248203942
2382,23.82,0.16439125517658165,3.944937412714016
2383,23.830000000000002,0.1509097468926919,3.7993348627446966
2384,23.84,0.23536024598885413,3.668224345489349
2385,23.85,0.24191285058823273,3.780182636226256
2386,23.86,0.32634372991989463,3.8820082460867935
2387,23.87,0.18860064892285305,3.8149899185790996
2388,23.88,0.3297852851859035,3.7541033909585546
2389,23.89,0.17009846387368868,3.51913511533341
2390,23.900000000000002,0.29299588919157366,3.705681068389267
2391,23.91,0.3103474538470016,3.6282830855835337
2392,23.92,0.3457159114826813,3.7744225341927202
2393,23.93,0.23922771990221542,3.594126038551665
2394,23.94,0.20983301786100148,4.197023088704488
2395,23.95,0.20877740124895974,3.612037199291967
2396,23.96,0.20773626519882582,4.2096741780679805
2397,23.97,0.3230158122935099,3.6240481569392697
2398,23.98,0.1370062925310101,3.5705665053787303
2399,23.990000000000002,0.1700147041706258,3.67621431162313
2400,24.0,0.17850698634305665,3.902769545561709
2401,24.01,0.29462204729046537,3.719143768793496
2402,24.02,0.0745066476967961,3.7005318260498252
2403,24.03,0.35643731227098785,4.240202695291575
2404,24.04,0.20086049424753633,3.703089121051702
2405,24.05,0.19683027308310436,3.732651824978303
2406,24.060000000000002,0.14488239006411413,3.676332377639059
2407,24.07,0.31925587222691676,3.715442450473478
2408,24.080000000000002,0.398652264394459,3.7066218269676283
2409,24.09,0.20899256318343656,3.6882458643522043
2410,24.1,0.3305111185748643,3.665454043128569
2411,24.11,0.32672520315931547,3.5715476110348825
2412,24.12,0.3877369976533663,3.650339842551574
2413,24.13,0.2860947433393245,3.8618193357990904
2414,24.14,0.2041200775316218,3.8974564915378584
2415,24.150000000000002,0.2673518009610459,3.600780265743298
2416,24.16,0.3236035916542811,3.732984046733137
2417,24.17,0.35118578734353034,3.85913927829094
2418,24.18,0.3013433895555183,3.793581626536862
2419,24.19,0.325400476892844,3.6617446262782334
2420,24.2,0.26183471684733944,3.792414095967337
2421,24.21,0.25572830440874605,3.864272677239647
2422,24.22,0.24330193055607235,3.3704096088207685
2423,24.23,0.3364967787356052,3.665347263558086
2424,24.240000000000002,0.18283729303011118,4.0011634005053605
2425,24.25,0.2494727347720393,3.394498949787819
2426,24.26,0.341328302130894,3.553546943734979
2427,24.27,0.09515314831435392,3.509700947315035
2428,24.28,0.18144141284654175,3.72475491273652
2429,24.29,0.1991336444118547,3.6785989321724397
2430,24.3,0.13567236863024112,3.5248428560174037
2431,24.310000000000002,0.4938663285295024,3.737909463470896
2432,24.32,0.28318495345757155,3.499367197781703
2433,24.330000000000002,0.22028754538116208,3.6787383302114134
2434,24.34,0.24313788158257174,3.8192707585220864
2435,24.35,0.274636369803112,3.4216891614747293
2436,24.36,0.23149577087784867,3.5860826471682286
2437,24.37,0.2901806949790318,3.5345375494949063
2438,24.38,0.24661897273776096,3.7727572571499843
2439,24.39,0.3063028498348039,3.6406873992666937
2440,24.400000000000002,0.35443602577762967,3.4360866620301618
2441,24.41,0.12919747520604205,3.583793658732764
2442,24.42,0.43144180334189175,3.928595835688521
2443,24.43,0.39485930521778884,3.634570090981931
2444,24.44,0.16990097291800638,3.9579244063788157
2445,24.45,0.2030642485921264,3.424033193788655
2446,24.46,0.4591370884680461,3.8409125712299086
2447,24.47,0.3133246377691865,4.007678069796454
2448,24.48,0.5441330901346384,3.872206392555422
2449,24.490000000000002,0.2943513941425658,3.273607913395192
2450,24.5,0.4079151972581714,3.7064640390101893
2451,24.51,0.3828945113580408,3.9227157312903356
2452,24.52,0.399137546753823,3.773656936547251
2453,24.53,0.2782686940420923,3.856356184885785
2454,24.54,0.203136816306904,3.4947121772845215
2455,24.55,0.38337787767286297,3.984246452441191
2456,24.560000000000002,0.37440053365143877,3.799261686079171
2457,24.57,0.2896771067880017,3.275821419215716
2458,24.580000000000002,0.3004522270649918,3.644865129168858
2459,24.59,0.4644223806257433,3.7623344888236963
2460,24.6,0.36671535794711524,3.7885080237585083
2461,24.61,0.357465149915172,3.649950886839034
2462,24.62,0.46092687435707386,3.446120275494286
2463,24.63,0.3424188977823132,3.378463531248945
2464,24.64,0.41053134361907634,3.6371245572236153
2465,24.650000000000002,0.2616115497275461,3.8148438207770443
2466,24.66,0.4561791826296813,3.933150528804607
2467,24.67,0.2286863166782101,3.6417195143713763
2468,24.68,0.46084480234200736,3.6518768439116744
2469,24.69,0.39388402670529776,3.6187918694986534
2470,24.7,0.37600574186392344,3.8257282030827513
2471,24.71,0.5171794266171635,3.460983268279837
2472,24.72,0.470798748309725,3.2502065323410076
2473,24.73,0.40541524317171146,3.8685300711637485
2474,24.740000000000002,0.461371698859073,3.6408806370687543
2475,24.75,0.43192550408736247,3.281283808017225
2476,24.76,0.47220949249703587,3.918113110832396
2477,24.77,0.4223480357989123,3.7922005309132674
2478,24.78,0.48300709069392195,3.5145859893472013
2479,24.79,0.4145685246342,3.4541578221624967
2480,24.8,0.4354987045819277,3.7387678305046292
2481,24.810000000000002,0.6115004688392972,3.4044847529217352
2482,24.82,0.43652900437435976,3.667581873837283
2483,24.830000000000002,0.412101759566261,3.2579272596396565
2484,24.84,0.3517485470774473,3.6393290274010592
2485,24.85,0.3334765957352839,3.511723842675168
2486,24.86,0.3075015484629934,3.711830049556194
2487,24.87,0.5447630836405174,3.6106011602401917
2488,24.88,0.5554433900552904,3.7914541545933935
2489,24.89,0.6188872497473876,3.5598052026752423
2490,24.900000000000002,0.6042829241160631,3.483797065123272
2491,24.91,0.569923097853985,3.517546610068174
2492,24.92,0.4621243052134544,3.40174149395889
2493,24.93,0.6448062956819396,3.7094163739845194
2494,24.94,0.41500733739481527,3.6153879900921617
2495,24.95,0.5337029837118483,3.5008471168442785
2496,24.96,0.5652315955914609,3.5313505409065487
2497,24.97,0.4689513339890911,3.393860472328722
2498,24.98,0.5029196814298351,3.7479651628045794
2499,24.990000000000002,0.55635140516447,3.653502025471753
2500,25.0,0.4963182178182214,3.5945278889271006
2501,25.01,0.5416434794224437,3.5274239106458225
2502,25.02,0.6321469217723065,3.7935501414161417
2503,25.03,0.5185179417944549,3.789897838231669
2504,25.04,0.519956016325023,3.4258152350518554
2505,25.05,0.5920139383305612,3.534930566990672
2506,25.060000000000002,0.43843455407201337,3.6982529012955356
2507,25.07,0.4918153620431187,3.8908308007082124
2508,25.080000000000002,0.614783800211106,3.757201152147445
2509,25.09,0.5924439325731272,3.7858097738555636
2510,25.1,0.610870263899916,3.842484208074787
2511,25.11,0.6683522019545938,3.5103463153849774
2512,25.12,0.7121135401202504,3.812572640754863
2513,25.13,0.6794040412029706,3.2686061567069995
2514,25.14,0.6558590298729412,3.6529611169367513
2515,25.150000000000002,0.6420115122354735,3.786921058950813
2516,25.16,0.7110714263761804,3.8745984942946032
2517,25.17,0.7611115661362295,3.440276009411695
2518,25.18,0.5949124840662664,3.675778132545962
2519,25.19,0.7928521320980304,3.806247678572821
2520,25.2,0.7327204330572739,3.4538349542079843
2521,25.21,0.5952224584475951,3.9373597424550297
2522,25.22,0.7889143725716505,3.763766533508787
2523,25.23,0.9010291129293596,3.804320174219213
2524,25.240000000000002,0.7674825526359136,3.8348042202680346
2525,25.25,0.7935238291952391,4.061892002808543
2526,25.26,0.7970591384497321,3.748551772960475
2527,25.27,0.7811689136558997,3.680573621888716
2528,25.28,0.7215363461816853,3.650008724871926
2529,25.29,0.7433988033770141,3.645849459605964
2530,25.3,0.715281847775187,3.883475348378514
2531,25.310000000000002,0.6878484179550379,3.6582011987333827
2532,25.32,0.8759847402285676,3.9096617062570624
2533,25.330000000000002,0.7432875393043037,3.925409423556756
2534,25.34,0.9494053215372122,3.789322088402287
2535,25.35,0.7718107673782948,3.907143768702136
2536,25.36,0.969099763042597,4.0023903169422175
2537,25.37,0.8678100519313232,3.9515655378229053
2538,25.38,0.7278483860233341,3.9470889731563537
2539,25.39,0.7767198723296894,4.096610684829125
2540,25.400000000000002,0.8045747327208576,3.7943987599617586
2541,25.41,0.8696069375742819,4.037628615473408
2542,25.42,0.9280167823337637,4.204038742701049
2543,25.43,0.8236003898210599,3.8310408803765226
2544,25.44,0.9497347063022343,3.944264959011496
2545,25.45,1.1320198928692748,3.6571138748053107
2546,25.46,0.9277354619142719,4.092528643816805
2547,25.47,0.7338401213369087,3.8878437622296946
2548,25.48,1.0196395848060233,3.6036324942775533
2549,25.490000000000002,1.0001100926193691,3.9487010157630733
2550,25.5,1.020765850483556,3.9466709306721275
2551,25.51,0.9730736601355164,3.9758924669954334
2552,25.52,1.1530937891281963,3.9288369834479133
2553,25.53,1.0146398159851615,3.7114091457161194
2554,25.54,0.986886186425695,3.8352264057723264
2555,25.55,0.9896757896296171,3.8776359371817914
2556,25.560000000000002,1.0550823957020354,3.9867255691901184
2557,25.57,1.1412561764861644,4.133166864506258
2558,25.580000000000002,0.8696349110130782,4.060368795056429
2559,25.59,1.0819035127003593,4.250208576150485
2560,25.6,1.0933004205882875,4.447313201652457
2561,25.61,1.0736044015226591,4.330872788912876
2562,25.62,1.027900348057757,3.993119024274292
2563,25.63,1.2644885055761383,4.207494850687429
2564,25.64,1.1278474547710053,4.150345433067325
2565,25.650000000000002,1.0860641456768299,4.06275797549939
2566,25.66,1.147165820692591,4.044456905963696
2567,25.67,1.3154318051708944,3.917523291913533
2568,25.68,1.0665911895369207,4.274612364405005
2569,25.69,1.1943308025934265,4.139288500278248
2570,25.7,1.2788560036563381,4.169749235746437
2571,25.71,1.1209955243325826,4.230462090508003
2572,25.72,1.426529498036488,4.236519813420517
2573,25.73,1.0669813237181012,4.031792926195109
2574,25.740000000000002,1.1355048649411992,4.5064705692245
2575,25.75,1.2518623872680594,4.1160214215969475
2576,25.76,1.197476317642858,3.9605577137263004
2577,25.77,1.2742641105030494,3.958170511321698
2578,25.78,1.313590584594249,4.342257574142805
2579,25.79,1.2500445326458465,4.5335103972478334
2580,25.8,1.2648205305226434,4.226620198900602
2581,25.810000000000002,1.267881193649674,4.087777594658499
2582,25.82,1.2826066015217261,4.129608954735235
2583,25.830000000000002,1.3567529421821907,4.651677315046515
2584,25.84,1.4402323272439985,4.214010263033625
2585,25.85,1.5709079813898494,4.37416332512051
2586,25.86,1.3013618878341542,4.13186316164665
2587,25.87,1.5703870939648472,4.1593715618320966
2588,25.88,1.5136493491242111,4.4195861138797845
2589,25.89,1.4556359076676357,4.299051743040275
2590,25.900000000000002,1.4353822137222665,4.6762722429990795
2591,25.91,1.2852750873129726,4.469416508318929
2592,25.92,1.3861067911937657,4.099573116814695
2593,25.93,1.3923380936881278,4.337891113360194
2594,25.94,1.529846845712815,4.04005928521994
2595,25.95,1.4762454194565573,4.847886612491047
2596,25.96,1.453465099746033,4.476730839863818
2597,25.97,1.5508805666343952,4.529094556036779
2598,25.98,1.4427432591594582,4.537261635924196
2599,25.990000000000002,1.4166381675268533,4.528257446221562
2600,26.0,1.6619843392302096,4.363882863821223
2601,26.01,1.4402257544139938,4.583923079035641
2602,26.02,1.5787454627218733,4.584877696586385
2603,26.03,1.599643314467091,4.291459214338692
2604,26.04,1.5311726968588188,4.65973500470155
2605,26.05,1.6887570770203384,4.390410641332856
2606,26.060000000000002,1.7398791750256595,4.676366514506927
2607,26.07,1.683350276267837,4.700702357913882
2608,26.080000000000002,1.5621378659686471,4.80543953484274
2609,26.09,1.6502131117131609,4.627254527755204
2610,26.1,1.5631955666328456,4.419464363758356
2611,26.11,1.626267132508381,4.5422851677787195
2612,26.12,1.6219281628797904,4.723214413453917
2613,26.13,1.6740477751449785,4.711840400637371
2614,26.14,1.7697360462331746,4.254767236041773
2615,26.150000000000002,1.6904510556880687,5.029195486989711
2616,26.16,1.641985326510625,4.749749557962153
2617,26.17,1.6503190801392995,4.546286735459367
2618,26.18,1.6745086938956901,4.860409898064641
2619,26.19,1.7438033214814934,4.8704937194108755
2620,26.2,1.5891744491057611,4.471142043961203
2621,26.21,1.679011113270413,4.971849180531993
2622,26.22,1.751601695120626,4.631342306108628
2623,26.23,1.8253086021560037,4.769133595752248
2624,26.240000000000002,1.7437174770065764,4.780260186548888
2625,26.25,1.7241096231246498,4.874311318704744
2626,26.26,1.886941864991014,4.5125033389853755
2627,26.27,1.723029840641816,4.7617919234426935
2628,26.28,1.9254983853295515,4.695633884345694
2629,26.29,1.8679937487079883,4.858910249929669
2630,26.3,1.8279303216901615,4.7980517048921865
2631,26.310000000000002,1.9942072248637939,5.003181744535585
2632,26.32,1.946179250105773,4.968374049428061
2633,26.330000000000002,1.9930309665738495,4.780049988313918
2634,26.34,1.9454659701621175,5.078860103167008
2635,26.35,1.7358649247786648,4.590368674601385
2636,26.36,1.881099300423765,4.828643591312392
2637,26.37,2.005587600185192,4.909662785083917
2638,26.38,1.8342377018957832,4.84397874277025
2639,26.39,1.891094236549231,4.783283973094779
2640,26.400000000000002,2.0390450848754273,5.046002773232002
2641,26.41,1.9638736853437329,4.825247947666517
2642,26.42,1.802328698636462,5.029780824269347
2643,26.43,1.8113256967636384,4.972274955650809
2644,26.44,1.8017404227264728,4.860303918626162
2645,26.45,1.9149049439628167,4.844479173228484
2646,26.46,1.9328563380087909,5.21261607231167
2647,26.47,1.74421791423644,5.1572288604486225
2648,26.48,2.0114179622800124,5.142981991756792
2649,26.490000000000002,1.8683206318275845,4.7770481372558775
2650,26.5,1.9128444925578698,5.050308414456253
2651,26.51,1.9377760699185544,5.155401700805024
2652,26.52,1.9220649941546768,4.919605784355338
2653,26.53,1.941327934023831,5.269781514476892
2654,26.54,1.9906713936082752,5.428006880994319
2655,26.55,1.903978600946112,5.1658927728081165
2656,26.560000000000002,1.9723854133697902,5.419984245172989
2657,26.57,2.0594267414914103,5.1705035051452946
2658,26.580000000000002,2.06859637818919,5.263908064432736
2659,26.59,1.9408537922143967,5.364512680477502
2660,26.6,1.9428687665127953,5.161806369134551
2661,26.61,2.087949691630001,5.32712114677546
2662,26.62,2.0578419183533656,4.970743932188288
2663,26.63,2.152297173789891,5.187056065856926
2664,26.64,2.154219932037704,5.269400581634882
2665,26.650000000000002,1.9341743807599312,5.132121026470485
2666,26.66,2.059289532008472,4.8648978790820205
2667,26.67,1.9877156566804917,5.411436914962699
2668,26.68,2.0392032633556973,5.6427340197297395
2669,26.69,2.1551371858123063,5.184554373750947
2670,26.7,2.1153754675162655,5.2505719272701485
2671,26.71,1.9756507180958625,5.34213596073003
2672,26.72,2.0790506301129046,5.330199066883497
2673,26.73,2.0209313862251506,5.252469249272931
2674,26.740000000000002,1.9183895224034475,5.303791753741262
2675,26.75,2.059634737057929,5.586842574273513
2676,26.76,2.1265143322406064,5.067812330123418
2677,26.77,2.1654406315212404,5.589273456587995
2678,26.78,1.9913684647139278,5.700839803116016
2679,26.79,2.1402028291042132,5.5850704577610735
2680,26.8,2.1912079312203208,5.294283622344399
2681,26.810000000000002,1.9951960213013633,5.784427175389914
2682,26.82,2.083989790671117,5.477433234925063
2683,26.830000000000002,2.145722702806384,5.142563486193161
2684,26.84,2.0396805443582107,5.73834223304659
2685,26.85,1.9762593126289019,5.822455535880349
2686,26.86,2.0223592260322616,5.30486095378393
2687,26.87,2.152730194007262,5.981963287181963
2688,26.88,2.226753493139468,5.555316962770166
2689,26.89,2.0942917283443196,5.766027829331788
2690,26.900000000000002,2.1094858700065684,5.82762867950155
2691,26.91,2.090621113010092,5.857392006007615
2692,26.92,1.989129552209444,5.921756309470909
2693,26.93,2.1966020543585776,5.60958163359213
2694,26.94,2.1218915182471543,5.741523780377792
2695,26.95,2.0947707403146594,5.987152503062484
2696,26.96,2.1751790913358824,5.541186739765987
2697,26.97,2.216475605437912,5.528114492606218
2698,26.98,2.0887020646434427,5.9737808642269865
2699,26.990000000000002,2.018239892279897,5.526738663781283
2700,27.0,2.048299341188129,6.075885448997341
2701,27.01,2.034157491487169,5.553111700304654
2702,27.02,2.3176629041051813,5.629279151434598
2703,27.03,2.106310730340453,5.832062699712699
2704,27.04,2.0006510377691282,5.916356488710468
2705,27.05,1.9439962145748844,5.9062064870239785
2706,27.060000000000002,1.8697218075302087,5.913524606462954
2707,27.07,2.0769972678335797,5.675235069022792
2708,27.080000000000002,2.096596962236715,5.743291883905472
2709,27.09,2.046464464048916,6.112216129037755
2710,27.1,2.238860446675479,5.7406612754871436
2711,27.11,2.0812311534003296,5.600669817173773
2712,27.12,2.0978499561627726,5.924226262737633
2713,27.13,2.1832863841668284,6.112535197492852
2714,27.14,1.9774820906896382,6.208685439057327
2715,27.150000000000002,2.0303367998593895,6.149794526506582
2716,27.16,2.1427297986982743,6.075047122192239
2717,27.17,1.9891078655543,5.496379605457419
2718,27.18,1.836467521119804,6.260479479880305
2719,27.19,2.2225304350065884,5.846945955309496
2720,27.2,2.284172912114395,5.913934594299169
2721,27.21,2.0811395764536287,6.309672332313794
2722,27.22,2.1901202049734763,6.133759213493435
2723,27.23,2.024999610586631,6.475991756170826
2724,27.240000000000002,2.091940789500943,6.1668419284311025
2725,27.25,2.2104613486427813,6.593629850391043
2726,27.26,2.057322029645337,6.422995144252687
2727,27.27,1.931722932067613,6.045241260568644
2728,27.28,2.086264006875492,6.536569077592796
2729,27.29,2.0870543786242775,6.6104322803176245
2730,27.3,1.948863992821811,6.6026446405850425
2731,27.310000000000002,1.9415702296254158,6.312559959262658
2732,27.32,2.090672812756981,6.440359433441145
2733,27.330000000000002,1.9943712086017737,6.1747153147081875
2734,27.34,2.105837097249902,5.947664354014432
2735,27.35,2.170356697205285,6.060343158358965
2736,27.36,2.2162242063270763,6.442764792687465
2737,27.37,2.06170854917371,6.4783037890836965
2738,27.38,1.9666737538389043,6.140861183312787
2739,27.39,2.026493003051262,6.204568657224233
2740,27.400000000000002,2.05612750241679,6.358012656728394
2741,27.41,1.9113123435726491,6.253520623274437
2742,27.42,1.9236830521658148,6.3835306121450826
2743,27.43,2.025520460497833,6.570894716620818
2744,27.44,2.0873625411992656,6.287761408032935
2745,27.45,1.937900578828639,6.373250675675292
2746,27.46,2.1079441795578,6.381649338282159
2747,27.47,2.0417588555107464,5.995593861846592
2748,27.48,2.1086769653012296,6.624374008354985
2749,27.490000000000002,1.962823749032835,6.714271761859636
2750,27.5,1.992247062134982,6.530708207956446
2751,27.51,1.9277401212028122,6.453748053487068
2752,27.52,1.987599114692998,6.317712467663646
2753,27.53,1.9486263497385516,6.817883176818179
2754,27.54,2.001463202667162,6.401786988231413
2755,27.55,2.0843626915502367,6.515711349208436
2756,27.560000000000002,2.0315864862985955,6.351379899833359
2757,27.57,2.0380641220306743,6.588083845848976
2758,27.580000000000002,1.9717386057471609,6.392989646422886
2759,27.59,2.0130669375573125,6.780974367555615
2760,27.6,2.1590372325374148,6.752769024783963
2761,27.61,2.0253460559386034,6.729365225592828
2762,27.62,2.0890463460015307,6.186355617803063
2763,27.63,2.0701225177722575,6.765188658551538
2764,27.64,1.9530171284342612,6.582005487174863
2765,27.650000000000002,1.951270032518332,6.212295372042828
2766,27.66,2.072986227244098,6.6905716474552355
2767,27.67,1.954994312529734,6.792174706540829
2768,27.68,1.9133610013721563,6.600217795758184
2769,27.69,2.0475905867632784,6.557465564691952
2770,27.7,1.987003539350751,6.958907518588797
2771,27.71,1.8658576501306579,6.626039718934713
2772,27.72,1.9372949386937706,6.5169673041025264
2773,27.73,1.9327818180125806,6.950705678897518
2774,27.740000000000002,1.79979024736897,6.789815677711214
2775,27.75,1.7506719904088541,6.6565922469120435
2776,27.76,2.052701290190286,6.863553231590702
2777,27.77,1.9167634209654705,6.8694578468868155
2778,27.78,1.8437792005195317,6.672414520173108
2779,27.79,1.8472526661270772,6.879332780623718
2780,27.8,1.9315487762903765,6.810530590795177
2781,27.810000000000002,1.852686974702016,7.085207866368948
2782,27.82,1.6896158843364635,6.85606632205238
2783,27.830000000000002,1.9627536835018589,6.913123735089914
2784,27.84,1.8595611099711267,6.84168912301237
2785,27.85,1.8166796197565807,7.1026381499298905
2786,27.86,1.94736500588872,6.8763232935955445
2787,27.87,2.0140241932441914,6.641513759523773
2788,27.88,1.8479525947358721,6.8196703274047445
2789,27.89,1.841327422926711,6.693426297447682
2790,27.900000000000002,1.643112433845903,6.738677125130497
2791,27.91,1.8106505876827312,7.028253367188486
2792,27.92,1.721485692624572,6.7527707527190435
2793,27.93,1.8694705246514443,7.013198182242299
2794,27.94,1.6160788837070392,6.958351917762603
2795,27.95,1.8534799418864418,6.835621251574885
2796,27.96,1.662349942595703,7.452827057902172
2797,27.97,1.8500227204836646,6.868333562224735
2798,27.98,1.8778748643831609,6.949119652383813
2799,27.990000000000002,1.6120998720908244,6.8462022801557145
2800,28.0,1.7470475295202008,6.650992883169022
2801,28.01,1.8655776010074658,6.900674134108219
2802,28.02,1.646530036145241,7.1029861581631835
2803,28.03,1.6252591242414367,7.161470445771072
2804,28.04,1.7328412020049762,7.077552504113892
2805,28.05,1.8300220500359867,7.107455775158373
2806,28.060000000000002,1.8923159761801982,7.026731127932615
2807,28.07,1.7102850510159409,6.790469220659175
2808,28.080000000000002,1.816973843939457,7.096220485263396
2809,28.09,1.6521386167633312,7.2550699031750545
2810,28.1,1.7166837431123443,6.722526384884606
2811,28.11,1.7462414464071956,7.364010872951921
2812,28.12,1.7381142189668954,7.2174161872135025
2813,28.13,1.6892367383801645,7.36595582873632
2814,28.14,1.6483692829279941,7.041732408961177
2815,28.150000000000002,1.6709909779016434,6.92483846165679
2816,28.16,1.700128186343006,6.9728294628584155
2817,28.17,1.7614846045529735,7.029924043632161
2818,28.18,1.7878692363332747,7.180072290851585
2819,28.19,1.6662064593013288,7.086838643134009
2820,28.2,1.7887151575970157,6.911856720715054
2821,28.21,1.5760834779428479,7.099392960996563
2822,28.22,1.6153064153141656,7.102100763791714
2823,28.23,1.5943102511493472,7.185845767491123
2824,28.240000000000002,1.7542492681618116,7.320501483661631
2825,28.25,1.7177582609414728,7.252874393432312
2826,28.26,1.5990338173092635,6.912726108128114
2827,28.27,1.6921602560284799,7.025590423654326
2828,28.28,1.550023919626918,7.425018935976861
2829,28.29,1.5857563185641537,7.39259122588634
2830,28.3,1.6206159743008608,7.2481047942942975
2831,28.310000000000002,1.7529728703978475,7.3904894946238695
2832,28.32,1.6585903732900658,7.123432920405462
2833,28.330000000000002,1.529483616128729,7.387284663365065
2834,28.34,1.5851793857873715,7.279536307468588
2835,28.35,1.6954093041227942,7.1850553221152955
2836,28.36,1.5784062340184308,7.259015079275489
2837,28.37,1.5858297921207316,7.440230693735681
2838,28.38,1.5157931365282944,7.169573504356433
2839,28.39,1.5250603513224736,7.45196127193689
2840,28.400000000000002,1.6847792479440964,7.179701500185711
2841,28.41,1.6727610019445165,7.155870382655134
2842,28.42,1.540071816287807,7.072723072637821
2843,28.43,1.575853893758512,7.587562017326544
2844,28.44,1.4756119311945406,7.325828840413072
2845,28.45,1.5330561214903293,7.3833993475935635
2846,28.46,1.55394030238244,7.419130603573344
2847,28.47,1.3454248665526878,7.671793360282252
2848,28.48,1.6177553030601406,7.220673620542327
2849,28.490000000000002,1.4926873012701305,7.065773770792301
2850,28.5,1.471107640339334,7.3131066213171145
2851,28.51,1.5446213382748395,7.4984617000946105
2852,28.52,1.524943672065117,6.980701233615217
2853,28.53,1.337563164429608,7.465376934600899
2854,28.54,1.4741267021777882,7.540739598853245
2855,28.55,1.4380619592067085,7.185930040625005
2856,28.560000000000002,1.6704625181193529,7.403972516644863
2857,28.57,1.29319100871178,6.891933277188015
2858,28.580000000000002,1.3615099881396553,7.464348073689772
2859,28.59,1.4229410264349793,7.055939855313655
2860,28.6,1.3744335782000796,7.312535822064399
2861,28.61,1.3654180271111953,7.373494925729074
2862,28.62,1.5487922676710753,7.378813897804946
2863,28.63,1.5274921681970623,7.184743144346464
2864,28.64,1.4752177054698232,7.380528100930575
2865,28.650000000000002,1.3959974833456386,7.123302550119015
2866,28.66,1.3191729309274285,7.503221136704884
2867,28.67,1.3951455672977437,7.2567797903551545
2868,28.68,1.307788012685591,7.536942240930429
2869,28.69,1.3577284654671948,7.06009302315442
2870,28.7,1.2242000643888575,7.46071055163472
2871,28.71,1.3456700989146817,7.630994406484083
2872,28.72,1.370119915059542,7.176915880896736
2873,28.73,1.3190278521643406,7.730318528913646
2874,28.740000000000002,1.3792978568145593,7.074666654793108
2875,28.75,1.3619109641618292,7.365560076168909
2876,28.76,1.2374847191947156,7.324837837429065
2877,28.77,1.4283278438866565,7.283335093062638
2878,28.78,1.1643203111677636,7.39358939233686
2879,28.79,1.333599154086292,7.2449097528792725
2880,28.8,1.5126005205531816,7.303396335092387
2881,28.810000000000002,1.3374065039522631,7.433333343077251
2882,28.82,1.234973010295631,7.315369227150213
2883,28.830000000000002,1.3409938396181564,7.46303493185499
2884,28.84,1.2687178438228972,7.446795180883352
2885,28.85,1.3564253938161106,7.595285378077783
2886,28.86,1.1694567615663063,6.9013995438308235
2887,28.87,1.312824068336533,7.337822871519071
2888,28.88,1.2143862673157428,7.533955207562343
2889,28.89,1.2951665628138662,7.442535194083092
2890,28.900000000000002,1.1698147644630132,7.2593201825048945
2891,28.91,1.322530272399222,7.458035002869769
2892,28.92,1.173493332038804,7.551313717764854
2893,28.93,1.2552352637602695,7.282845768590599
2894,28.94,1.1378916709446034,7.270219776764244
2895,28.95,1.1852528366024613,7.445896630539676
2896,28.96,1.2025775565216263,7.112035973846462
2897,28.97,1.2220749645268216,7.170958902024949
2898,28.98,1.2227368458599401,7.199022981428105
2899,28.990000000000002,1.2086867020326117,7.214505152700707
2900,29.0,1.3421643824031393,7.30105041760715
2901,29.01,1.0817450644639817,7.027084277494118
2902,29.02,1.2465804728472412,7.190835771849566
2903,29.03,1.331799973870349,7.550683635761236
2904,29.04,1.171014893845978,7.454616538209586
2905,29.05,1.292803296739573,7.696621324505021
2906,29.060000000000002,1.1177253916524224,6.966654096763195
2907,29.07,1.108028553561796,7.464396299415472
2908,29.080000000000002,1.1345241825779628,7.132141708365831
2909,29.09,0.9856730384031706,7.237296381773744
2910,29.1,0.9671178287297046,7.416990141347683
2911,29.11,1.0379214184348653,7.221423792267723
2912,29.12,1.0666224514308793,7.353276569481654
2913,29.13,1.05286449071254,7.3534799947307095
2914,29.14,1.1010190347767843,7.6774529493849775
2915,29.150000000000002,0.9969145212636503,7.390842042590624
2916,29.16,1.1378864249451517,7.520148521868051
2917,29.17,0.9072772352559492,7.377605185148889
2918,29.18,1.0878838079080768,7.595152449128315
2919,29.19,0.9843891877756267,7.363446315890033
2920,29.2,1.217914353851445,7.370311976543082
2921,29.21,1.0077486253597947,7.255127230925135
2922,29.22,0.9487314049339639,7.3537002996936724
2923,29.23,1.0269166775181864,7.092419499554087
2924,29.240000000000002,1.1115248860179265,7.35578991193723
2925,29.25,0.8169258121136633,7.505171524160486
2926,29.26,1.1586640559983938,7.145386552205769
2927,29.27,0.9934019480512768,7.240749460901475
2928,29.28,1.0555625083015998,7.494460073583113
2929,29.29,0.9504274302515506,7.285907492302657
2930,29.3,0.9067491131377713,7.3969269514172655
2931,29.310000000000002,0.9658612026977522,7.149606744010414
2932,29.32,0.925545427963482,7.137585661534917
2933,29.330000000000002,0.9196610703902093,7.433547802506285
2934,29.34,0.9024504790544291,7.24549816062553
2935,29.35,0.9518023124499034,7.263467572321841
2936,29.36,0.9023758553858207,7.002139236100599
2937,29.37,0.8123041226628562,7.591760272907443
2938,29.38,0.9460633055884771,7.586542348287477
2939,29.39,0.9835431357784389,7.240697442247561
2940,29.400000000000002,0.8619532749706538,7.513267914912774
2941,29.41,0.9923236629466317,7.457557571110895
2942,29.42,0.8699771331290478,6.968589135932289
2943,29.43,0.9491626574562716,7.673205825471649
2944,29.44,0.9741958360001847,7.28659925107373
2945,29.45,0.9069078656006329,7.135039069690593
2946,29.46,1.1402829213160348,7.2974336606033505
2947,29.47,0.9261468549531546,7.079166072493826
2948,29.48,0.8141182503924015,7.125880095354047
2949,29.490000000000002,0.9899487510858395,6.897799358715514
2950,29.5,1.0087755378625567,7.338541192162195
2951,29.51,0.7822304998032741,7.481618833718856
2952,29.52,0.9879185002000539,7.49166006391126
2953,29.53,0.8982893562196036,7.063153153100457
2954,29.54,0.8155808249620818,7.262939147139279
2955,29.55,0.8723334559385433,7.334734176634333
2956,29.560000000000002,0.8430033764179413,7.120431952427762
2957,29.57,0.7358098310364103,6.724184697519142
2958,29.580000000000002,0.7473553676923355,7.447526566872612
2959,29.59,0.6967897592609247,7.049356605386658
2960,29.6,0.8911566476698154,7.309906683142405
2961,29.61,0.8265913247256703,7.024046861848045
2962,29.62,0.7500894936994343,6.5830375514266
2963,29.63,0.7631905857375724,7.3696747553644455
2964,29.64,0.7342535491219719,7.0944922654329545
2965,29.650000000000002,0.72428348041143,7.219725238534688
2966,29.66,0.6590403943745705,7.2064021148645825
2967,29.67,0.7451533573170153,7.230684867622284
2968,29.68,0.8212713005315753,7.313809997753303
2969,29.69,0.7854802955005856,7.034764274551681
2970,29.7,0.7603875765991093,7.104341038472614
2971,29.71,0.8390984861764187,6.985350666542853
2972,29.72,0.7311071834933855,7.254240458715548
2973,29.73,0.706532586347622,7.0538677963268865
2974,29.740000000000002,0.8276526286210781,7.6141182079149
2975,29.75,0.6536024491944812,7.032412426327857
2976,29.76,0.7060005627220663,7.213158025467158
2977,29.77,0.6909070035413164,6.8335334705695345
2978,29.78,0.6189796985568743,6.743381574944681
2979,29.79,0.6847972835592674,7.075728890636078
2980,29.8,0.5209873296600829,6.8552858348830465
2981,29.810000000000002,0.7961194234424464,7.0413533150947725
2982,29.82,0.6865171639093902,7.017907489370757
2983,29.830000000000002,0.6799191214420737,6.811777390182834
2984,29.84,0.636213287244944,6.60596872968309
2985,29.85,0.5858217460674884,6.805379464792785
2986,29.86,0.6400023607292612,6.905899371490215
2987,29.87,0.5937666930965977,6.515538643113265
2988,29.88,0.7353844469108057,6.912205700035714
2989,29.89,0.762944184659987,7.088754780496842
2990,29.900000000000002,0.7709392665616215,6.659049595074607
2991,29.91,0.6932990331673292,6.993523730168934
2992,29.92,0.5850238653521281,7.0324546222676725
2993,29.93,0.6336937792489279,7.09008756531893
2994,29.94,0.685574874019462,6.605521859639001
2995,29.95,0.6183884183755897,6.834987393493883
2996,29.96,0.5522911117153599,6.922902117206411
2997,29.97,0.6513701118332871,6.6594847012636915
2998,29.98,0.44995197341530213,6.4316132672897925
2999,29.990000000000002,0.4744060999158238,6.830604996434183
