,t,x,y
0,0.0,4.9289167284458335,11.600555688842526
1,0.01,4.72463783436089,11.782920873621801
2,0.02,4.57400210384709,11.407546559968157
3,0.03,4.517258565261724,11.352820134139645
4,0.04,4.426030769597843,11.378028811461682
5,0.05,4.33681002282301,11.27579549244556
6,0.06,4.11100233157078,11.112495708029286
7,0.07,4.092043949144787,11.322029956893966
8,0.08,3.8706607159735325,11.654144767278114
9,0.09,3.9592121322420977,11.448842269384004
10,0.1,3.8337031783762305,11.593880612027526
11,0.11,3.7808176830079874,11.495887265534872
12,0.12,3.7594536793131224,11.507166950874668
13,0.13,3.584177230444818,11.278365089937271
14,0.14,3.4988709355663343,10.91484692791936
15,0.15,3.5254287641562843,11.326959219243529
16,0.16,3.2673547850589886,11.555122127904268
17,0.17,3.3458450649872256,11.58282377027003
18,0.18,3.252204723897604,11.334352179511916
19,0.19,3.1931568340020107,11.394433242310262
20,0.2,3.0264053918936864,11.339317327449809
21,0.21,3.0026807872596035,11.486393706345629
22,0.22,3.0303587450233076,11.278350945328686
23,0.23,3.070163012045556,11.272140070894244
24,0.24,3.0127638915218418,11.208052608267783
25,0.25,2.6552776757348417,11.737216955322726
26,0.26,2.6573102320686224,11.079325587059378
27,0.27,2.759260566927637,11.163382805809334
28,0.28,2.6402007205992724,11.528595466609746
29,0.29,2.7328512123492588,11.244097970047452
30,0.3,2.418920029787711,11.036978702428938
31,0.31,2.4352469782560875,11.0705976933336
32,0.32,2.6391445785514684,11.185033815190842
33,0.33,2.608179494742993,11.170076217975588
34,0.34,2.489351437598801,10.932745831962658
35,0.35000000000000003,2.536432449405402,11.269728242320266
36,0.36,2.37988512646021,11.236484883290546
37,0.37,2.3611186238065,10.7985818915429
38,0.38,2.2165512853113793,11.062174490804555
39,0.39,2.3518634403930294,11.04962365149579
40,0.4,2.271535011651329,11.263595463644194
41,0.41000000000000003,2.158593794628801,11.351324656283143
42,0.42,2.121503767082077,11.038228678223971
43,0.43,2.313772160637692,11.0025692037286
44,0.44,2.1168938424829813,11.243012182881706
45,0.45,2.082339621840559,11.16321046939363
46,0.46,1.911172647133846,10.808493899699291
47,0.47000000000000003,1.9905270470784542,11.022632904087082
48,0.48,1.7993576203664123,10.846653133248205
49,0.49,1.928943204747863,10.809604812121552
50,0.5,1.7660889433777929,10.933053610098474
51,0.51,1.7721619170887435,10.860629624245615
52,0.52,1.7083943156647918,11.010985601220737
53,0.53,1.682848279366913,11.025531224168114
54,0.54,1.6877380284797636,10.893436906723974
55,0.55,1.7441924121588734,10.45404363983446
56,0.56,1.7700512492454405,10.478420409784892
57,0.5700000000000001,1.5792727553489736,11.002325771103381
58,0.58,1.444497721251146,10.82234452547569
59,0.59,1.6063411595518584,10.79390410009265
60,0.6,1.6844158191029397,10.989713479999216
61,0.61,1.624272444713197,10.445113431154002
62,0.62,1.4506300011471425,10.599274827010419
63,0.63,1.4650447248101113,10.747398917373651
64,0.64,1.4837703983385608,10.68334605368645
65,0.65,1.3961950272713377,10.48444607610441
66,0.66,1.4213112669367836,10.931183117677383
67,0.67,1.4808140364819113,10.65753259222941
68,0.68,1.2540742307617063,11.055199772035735
69,0.6900000000000001,1.2764063822125769,10.711261954086243
70,0.7000000000000001,1.0819885941074456,10.622235533505915
71,0.71,1.2297658194580656,10.494185823491053
72,0.72,1.2230020648476163,10.163455645554583
73,0.73,1.2514334503549729,10.616924733524876
74,0.74,1.3213007303770556,10.330676778869185
75,0.75,1.318615503098178,10.418280843107224
76,0.76,1.0462852587831415,10.075060643036258
77,0.77,1.2270112457058777,10.485899048861553
78,0.78,1.0825123194378914,10.331615303343789
79,0.79,1.2191810018212574,10.4170554195977
80,0.8,1.1533302944561277,10.51912418860883
81,0.81,1.120731880918023,10.405276741600515
82,0.8200000000000001,1.0540473845365055,10.382745867797743
83,0.8300000000000001,1.1334295201963056,10.445978688804162
84,0.84,1.0244962165976372,10.082811129986673
85,0.85,1.0704939486681901,10.051502428465968
86,0.86,0.8509804540205541,10.139043267825125
87,0.87,1.0439263930327842,10.193415491044407
88,0.88,0.9983776881051709,10.215014923111125
89,0.89,0.9147634021158243,9.996862420357154
90,0.9,0.8222640627505311,9.798173348042923
91,0.91,0.9304941080249524,10.217213419651465
92,0.92,0.6822469938569538,9.910727069974865
93,0.93,0.9162872013641404,9.953294294500324
94,0.9400000000000001,0.7148481186453276,9.818070278785434
95,0.9500000000000001,0.7480900897226882,10.245031180524672
96,0.96,0.7637060326012194,9.665075946797998
97,0.97,0.549225096799311,9.612578735512416
98,0.98,0.7556162018135636,9.433546870858063
99,0.99,0.7097968505401782,9.612009701683785
100,1.0,0.6406825342806302,9.654066349606998
101,1.01,0.6509903787288404,9.870469799067841
102,1.02,0.6503733658873335,9.850648419383832
103,1.03,0.4922636420203853,9.362938144723481
104,1.04,0.7953166648060749,9.51235900441468
105,1.05,0.6003532670175485,9.211658115104672
106,1.06,0.4327132564887374,9.362662187544275
107,1.07,0.678649669032284,9.439828939991692
108,1.08,0.4688436001077282,9.252904406271261
109,1.09,0.6746381652543934,9.475157209315977
110,1.1,0.48757683351688214,9.47893628438054
111,1.11,0.4962496741578805,9.361941544823642
112,1.12,0.4617948141805941,9.408334042567699
113,1.1300000000000001,0.3686544530409981,9.149186821772174
114,1.1400000000000001,0.5693626642799989,9.31232691361708
115,1.1500000000000001,0.576380892528897,9.271013900523633
116,1.16,0.5028663651226557,8.67220170963874
117,1.17,0.46798212196706956,9.487385788955232
118,1.18,0.34900699788700196,9.136151491622043
119,1.19,0.3844781347459625,8.823522490223496
120,1.2,0.3443514689902638,8.97660298059282
121,1.21,0.5495515062753988,9.05783318907083
122,1.22,0.5430115331511065,8.782476517885135
123,1.23,0.568304093485267,8.939508128330504
124,1.24,0.1980645013420777,8.85009317863872
125,1.25,0.38715519789987024,8.72678746087843
126,1.26,0.29232149476256525,8.834424063112037
127,1.27,0.35646436016678734,8.883833998275618
128,1.28,0.3965168615905325,8.944418565280149
129,1.29,0.10844376535102945,8.633630554655115
130,1.3,0.42459904658128256,9.156364353486575
131,1.31,0.3113184533492958,8.16152880646575
132,1.32,0.3401302562433703,8.715097072131238
133,1.33,0.3017638144404742,8.615745740647379
134,1.34,0.15513866096704604,8.464509109996253
135,1.35,0.2805172614903817,8.731602418641575
136,1.36,0.1503157771173204,8.54138405871234
137,1.37,0.2547343567514665,8.405671260909159
138,1.3800000000000001,0.30422260075477503,8.310547071174348
139,1.3900000000000001,0.2703968257458523,8.394038668036538
140,1.4000000000000001,0.19447352251614874,8.202084624603067
141,1.41,0.3078605541794241,8.71210512264885
142,1.42,0.2722869133571828,8.290486508394387
143,1.43,0.20042691210839828,8.162696373545641
144,1.44,0.2919980529747685,8.228569581389717
145,1.45,0.17892258396074728,8.173595067389126
146,1.46,0.1743367678257771,7.987120896238027
147,1.47,0.24923082256106716,8.204368755824616
148,1.48,0.16253936877857827,8.042594470729844
149,1.49,0.09140779149499162,7.7871921640172985
150,1.5,0.12907169906080634,7.67436353969247
151,1.51,0.23459755757834483,7.974417870974314
152,1.52,0.24890991492008638,8.043857899937652
153,1.53,0.010006035933552954,7.444877571284676
154,1.54,0.11111609651876816,7.853358612126579
155,1.55,0.21674973950410037,7.802862698579719
156,1.56,0.2014647615864566,7.801453099864851
157,1.57,0.1905656984495166,7.71128741538093
158,1.58,0.0857373778859277,7.652958535478974
159,1.59,0.09826897477733976,7.506646099462705
160,1.6,0.15004450735836516,7.536824460732955
161,1.61,0.20599057310082497,7.398081309530897
162,1.62,0.2959069830611085,7.734025706113234
163,1.6300000000000001,0.12751154892480387,7.27790258356478
164,1.6400000000000001,0.12678793283022796,7.667189919839714
165,1.6500000000000001,0.16254141652099413,7.510971606127472
166,1.6600000000000001,0.06314552726671069,7.566018627809666
167,1.67,0.18063552659734683,7.472063890153463
168,1.68,0.25812573791603843,7.230230519986065
169,1.69,0.10193944982835758,7.175113591850517
170,1.7,0.20310935996111218,7.128119885887265
171,1.71,0.23562932293042022,7.228728949380993
172,1.72,0.08291116868703527,7.276717698993581
173,1.73,0.07968765643762661,7.2884783377364615
174,1.74,-0.09283895684039627,7.170821558012224
175,1.75,-0.04021842700541897,7.1471151295751465
176,1.76,0.05624385813346357,7.326853530602446
177,1.77,0.05115992743240656,7.230758915050228
178,1.78,0.07953523654106272,7.147087529576381
179,1.79,0.18665964905592913,7.238246359915667
180,1.8,0.1724237103841034,6.864989908848183
181,1.81,-0.0789640406283339,6.993151658476234
182,1.82,0.2614087733180324,7.020967734412079
183,1.83,-0.15314641888798497,6.685182099357278
184,1.84,0.002853363432512898,7.083500605120291
185,1.85,0.030811115526697193,7.154274921941322
186,1.86,0.09650072283271235,6.703814763537807
187,1.87,0.0247180716570587,6.813319095774867
188,1.8800000000000001,-0.03019276717157226,6.496687339293722
189,1.8900000000000001,0.11527674729112675,6.614489363943104
190,1.9000000000000001,0.05334814346987621,6.623855680533814
191,1.9100000000000001,0.11283020275828273,6.524976029602372
192,1.92,0.06211964645373615,6.973991427404004
193,1.93,0.04340529435257564,6.436845435948326
194,1.94,-0.035433778277863356,6.383809429870644
195,1.95,0.004407043784973461,6.235132844818553
196,1.96,0.24963933752176182,6.359387676619675
197,1.97,0.04175693564170288,6.526764000254993
198,1.98,-0.12490964244757864,6.791888653473209
199,1.99,0.036033379592208266,6.381876822581446
200,2.0,0.06817261249701834,6.259907315911992
201,2.0100000000000002,0.1881364519215612,6.468153847880192
202,2.02,0.07042159035552348,6.097805265437153
203,2.0300000000000002,-0.08390852762304983,6.344189383469078
204,2.04,0.0784292870610751,6.400597963769367
205,2.05,0.007705609551892603,6.347682964875746
206,2.06,0.044568484413060966,6.280368530253423
207,2.07,-0.03492726520659519,5.769407231722981
208,2.08,0.10840985619941403,6.214957589660858
209,2.09,0.008959390399594206,5.72688837024292
210,2.1,0.058735774542501604,5.906518941496811
211,2.11,0.13623198828480879,5.973733068226137
212,2.12,0.007163742483342443,6.120043373038044
213,2.13,0.09915404151870222,6.375400514069729
214,2.14,0.0561417185138532,5.949538690520632
215,2.15,-0.09119907062186175,6.015619332134869
216,2.16,0.1785215778724441,5.822440687406781
217,2.17,0.16966982270998598,5.787553693723008
218,2.18,-0.042007350580669636,6.266659234447095
219,2.19,0.05993138349498417,5.906335941287127
220,2.2,-0.023095612596593092,5.699892667303771
221,2.21,0.16671280672170682,5.941620108256434
222,2.22,0.0524031212737594,5.973677338951085
223,2.23,-0.02271813467286305,5.867804568574797
224,2.24,0.05328007564896586,5.962279569495593
225,2.25,-0.07414639945244329,5.859131357445379
226,2.2600000000000002,0.012257457453786154,5.880146717183345
227,2.27,0.05155521677623051,5.690585779350222
228,2.2800000000000002,-0.10158013162815427,5.799388114989326
229,2.29,-0.007000354394176109,5.580302578413018
230,2.3000000000000003,0.04033490617599231,5.826512207723708
231,2.31,-0.03232174363115302,5.6029464750725255
232,2.32,0.019954657510841585,5.672960588548589
233,2.33,-0.013597495183739483,5.448325092664026
234,2.34,-0.054605685641266874,5.415487901129736
235,2.35,0.09086150668245269,5.41940808321851
236,2.36,0.08502650960008754,5.628937081493909
237,2.37,0.06298875841320528,5.312113819821264
238,2.38,-0.0019611843162670034,5.392336184434227
239,2.39,-0.01569562305795221,5.479622987154624
240,2.4,0.18975262696198247,5.2008767798514155
241,2.41,0.09712953518790232,5.562642213971607
242,2.42,-0.07761478609960154,5.475987347913424
243,2.43,0.042389973238597015,4.865677530024831
244,2.44,-0.07626371343968184,4.944902512237237
245,2.45,-0.05424387350909538,5.114690977228256
246,2.46,0.13413962690064138,5.215052364031326
247,2.47,-0.055161121581704574,5.130594165689771
248,2.48,0.022227802024790095,5.2738471378222345
249,2.49,-0.006285695853286248,5.329097346377989
250,2.5,0.04003732826373328,5.490218968821489
251,2.5100000000000002,0.1616760000202426,5.34158199989472
252,2.52,-0.03468141660375604,5.303814006142163
253,2.5300000000000002,-0.02294993399902611,4.930704596735746
254,2.54,-0.0977253237577191,5.201446187461388
255,2.5500000000000003,-0.013764555666331633,4.987088498692526
256,2.56,-0.04040249803798958,5.086168402809217
257,2.57,0.03714582024767161,5.041123915838998
258,2.58,0.2076510195207307,5.4417731978298765
259,2.59,-0.11070289887920486,5.079817078630338
260,2.6,0.016694411012748236,4.976653204287464
261,2.61,0.15959373505223262,4.481627786890282
262,2.62,-0.04152813532267381,5.287624125308657
263,2.63,-0.06097869650758751,4.660093627114773
264,2.64,0.07249606950753967,5.032140322838739
265,2.65,-0.17145794812846846,4.732048908760211
266,2.66,-0.024000484804653676,4.730736755200455
267,2.67,0.15450903861466836,4.696800813613983
268,2.68,-0.03723975170237425,4.902596678111433
269,2.69,0.1718896480019072,5.0662486940162035
270,2.7,-0.022188757839060567,5.3388958891663485
271,2.71,0.02739726117616064,4.80206557851553
272,2.72,-0.03704585453523974,5.086177598790401
273,2.73,0.019949903820588324,5.185688256791383
274,2.74,0.04222991672787754,5.158503271705182
275,2.75,-0.009234398077175882,4.461563934661011
276,2.7600000000000002,-0.02877153549904287,4.7707231068049
277,2.77,0.0033284120054446562,4.473996024083059
278,2.7800000000000002,-0.11826214642573542,4.812294597693595
279,2.79,-0.0570906953525912,4.652920664809692
280,2.8000000000000003,0.0046699864095487,4.758294034762261
281,2.81,-0.1991682973184727,4.742359976491321
282,2.82,0.19460909625923792,4.343831846934645
283,2.83,-0.08854253496140499,4.402594362969566
284,2.84,-0.060938014272244975,4.3191989544114
285,2.85,-0.022621159108898878,4.590106534405817
286,2.86,0.008567972106592034,4.6912300243794425
287,2.87,-0.03507620977620603,4.420932164004165
288,2.88,-0.05940269265749236,4.717594869637128
289,2.89,-0.03306600446924564,4.51642787034065
290,2.9,0.0992646208116796,4.8023460926057675
291,2.91,-0.12925916355157216,4.537360184150808
292,2.92,0.011240673692105246,4.714205808743934
293,2.93,0.1980164231625308,4.62125255970126
294,2.94,0.05498341984194638,4.458660842253565
295,2.95,0.11531627685501256,4.740980877148816
296,2.96,0.05677844557377708,4.214726615379399
297,2.97,-0.11434426953531013,4.27578762647518
298,2.98,-0.04033290499972754,4.30326858827199
299,2.99,0.03175805215149624,4.717864361225152
300,3.0,0.02922826714326216,4.290011468668369
301,3.0100000000000002,-0.08521689072590505,4.347796910207787
302,3.02,0.01629523699944169,3.958604346107322
303,3.0300000000000002,0.09336384850405968,4.346758549849574
304,3.04,-0.0197338550016543,4.441467830817553
305,3.0500000000000003,0.08027212830913118,4.424861664100293
306,3.06,-0.0675662259002894,4.155632736526177
307,3.0700000000000003,-0.066382103250801,4.166123087455145
308,3.08,0.10436252602470514,3.852982100192953
309,3.09,-0.1170564647340382,4.044494084608821
310,3.1,0.0037129818673201087,4.048401638101767
311,3.11,-0.02813067842222151,4.222907212130768
312,3.12,-0.007304058907845468,3.8589648635555927
313,3.13,0.02835848414907325,4.453293073888861
314,3.14,-0.05715803861939922,4.105182068181471
315,3.15,0.1932941480380339,3.9801463612567947
316,3.16,0.04367756962696623,4.187657850887159
317,3.17,0.008424724204073109,4.355513173759915
318,3.18,0.09539918801168926,4.164358580227576
319,3.19,-0.11820535434673382,3.8592551113247286
320,3.2,0.04597200266693608,4.237521959584727
321,3.21,0.04779703475386452,4.009386875153314
322,3.22,0.11076181735946666,3.9959142668390646
323,3.23,-0.03248672295579236,4.211404900865769
324,3.24,-0.11111678229224395,3.9644316447495678
325,3.25,-0.051018940461785206,4.208713968982791
326,3.2600000000000002,0.05016753451965432,4.394547362244572
327,3.27,-0.10885633949617182,3.7206804185072224
328,3.2800000000000002,0.01728600994058363,4.494452691516639
329,3.29,0.06016543918800859,4.232107968687696
330,3.3000000000000003,0.013457364557212439,3.61615007246235
331,3.31,0.08754851745514614,4.318496032669051
332,3.3200000000000003,-0.0012451136525469999,3.8947378657718414
333,3.33,0.07614330558528819,4.091943970741202
334,3.34,0.03314542808092494,4.321417926272417
335,3.35,-0.1769123840497626,3.9578699976595595
336,3.36,-0.09886512293718286,3.7409551434860426
337,3.37,0.06999183464514318,3.7607623168816535
338,3.38,-0.05388550429454553,3.835939055295014
339,3.39,-0.11903959030020084,3.786688288469506
340,3.4,0.07289557055824836,4.290124314697127
341,3.41,-0.0804721754702054,3.7128084159384307
342,3.42,-0.17954844186735128,4.059058902122953
343,3.43,0.12716282972692763,3.9414976095077865
344,3.44,0.05936955928012677,3.874006983950938
345,3.45,0.036034811440048393,3.7363937723447576
346,3.46,0.03854032894324273,3.784681814849835
347,3.47,-0.08642446997795517,3.978675288720092
348,3.48,0.15713382817460614,3.803530419858313
349,3.49,-0.022295871524774594,3.8503684968008915
350,3.5,0.0024059445661034524,3.7994319453660736
351,3.5100000000000002,0.05902158222533525,3.857138994169852
352,3.52,-0.03370565439460393,3.627655541398505
353,3.5300000000000002,0.07375090141531113,3.659917225482099
354,3.54,0.013332193364727055,3.5809819340028546
355,3.5500000000000003,-0.029021565652651547,3.648617580486896
356,3.56,0.06175964547602442,3.723133410916859
357,3.5700000000000003,-0.03605123712919283,3.921973170446287
358,3.58,-0.010858666175211265,3.7413451817263375
359,3.59,0.03236151749883974,3.883077569808007
360,3.6,-0.07506047017120279,4.098972617573462
361,3.61,0.07866615637982244,3.8143028827653445
362,3.62,-0.021269829216894527,3.559471827419106
363,3.63,0.020936722220228382,3.8122138317697267
364,3.64,0.056325193402856744,3.2551753151171603
365,3.65,-0.16732066878234889,3.431530651892879
366,3.66,0.14643623033869616,3.6450353188904803
367,3.67,-0.012442305609236126,3.4754253275104525
368,3.68,-0.05335722959165025,3.8128488543663055
369,3.69,-0.041162031583450144,3.228335373043228
370,3.7,0.034555970484002295,3.3892270431337965
371,3.71,-0.16541387790057477,3.4593381281625892
372,3.72,0.07876066758462212,3.357637014978421
373,3.73,0.14175558137093003,3.2743513600939522
374,3.74,0.06581470736727464,3.5698645171057706
375,3.75,0.14140441204287263,3.599874047893969
376,3.7600000000000002,0.049802254290951274,3.6763640831284405
377,3.77,0.06521173402963357,3.42370962541257
378,3.7800000000000002,0.035559360376602886,3.5474041790736606
379,3.79,-0.08783935043131803,3.362318724909374
380,3.8000000000000003,0.13438056599288983,3.6261388593252257
381,3.81,0.018450019539908477,3.362862069436503
382,3.8200000000000003,0.11394628112359381,3.3348914267003904
383,3.83,0.04427309246470529,3.504638981415552
384,3.84,0.08477500655411864,3.352088425959419
385,3.85,0.09537574491636051,3.4423831496059893
386,3.86,0.18883897059553234,3.4210720146809863
387,3.87,-0.004735403379326819,3.5346895407593815
388,3.88,-0.04607166713866167,3.3569079528296824
389,3.89,-0.051600753803334946,3.5197117038766432
390,3.9,0.0017865805536964596,2.8720395128036422
391,3.91,-0.08786870884968327,2.9690261776694897
392,3.92,0.17078807519061373,3.420594151856941
393,3.93,0.05872351965213521,3.1464269704909467
394,3.94,0.03207351174933417,3.313878567905597
395,3.95,-0.022415152134681312,3.3916232792961867
396,3.96,0.07600628208871905,3.362843197572926
397,3.97,0.03483346631759679,3.212761637125598
398,3.98,-0.008502506540856866,3.654905746107633
399,3.99,-0.01023870393035095,3.6650437074255033
400,4.0,-0.027502262104790707,3.3148691155001675
401,4.01,-0.12954771554113767,3.222508797469442
402,4.0200000000000005,0.11615330668314125,3.5759011552383386
403,4.03,0.018911780008647537,3.159507134383742
404,4.04,-0.017280175607571828,3.1420007332736875
405,4.05,0.13984979034222417,3.2498925208988503
406,4.0600000000000005,0.10312577493885404,3.347107186627454
407,4.07,0.2163009333983888,3.2136768536192286
408,4.08,0.14307668847813634,3.1788118723897334
409,4.09,0.08194156619642431,3.4228010542641027
410,4.1,0.1594236803087043,3.3232286794002106
411,4.11,0.012719441546896134,3.275302130966777
412,4.12,0.08021241304956363,3.6346802127055096
413,4.13,0.026505645309252285,3.2419107842771826
414,4.14,0.00018090208279862227,2.950371759154507
415,4.15,0.03515707390150483,3.291472904250907
416,4.16,0.06147558040797455,3.200550803772988
417,4.17,0.09667441452175249,3.3787029020867485
418,4.18,0.004049312549648888,3.1707056232592468
419,4.19,-0.014117442725363562,3.2065093314080655
420,4.2,0.1299577860349434,3.108414892767007
421,4.21,0.16924627535115588,3.319729478506653
422,4.22,0.09726378693295762,3.2114989552776834
423,4.23,0.13151911651806625,3.0747829681904735
424,4.24,-0.0668773629767946,3.1543545556773234
425,4.25,0.00931893484466292,3.4841264561875533
426,4.26,-0.18074749188581843,3.518574009752418
427,4.2700000000000005,0.3070013038415765,3.003217620692694
428,4.28,0.04269476421303989,3.150936921920464
429,4.29,-0.0007647819317835244,3.009298197080887
430,4.3,0.023488732249186916,3.1444691457632645
431,4.3100000000000005,-0.07889698769228182,3.1628160746410523
432,4.32,0.02169759520246895,2.958502939122852
433,4.33,0.11275143892293174,3.0220434533584584
434,4.34,0.0475210506248092,3.2347614381392855
435,4.3500000000000005,0.09193863939594624,2.77658412555677
436,4.36,0.040481588989261325,3.15120525834803
437,4.37,0.04019709916640565,3.0584079089626117
438,4.38,0.13747545484533488,2.9531470455649935
439,4.39,0.02862402139145667,2.8042889441261334
440,4.4,-0.08557106792250797,3.227567167758181
441,4.41,0.15482560436137438,2.9197388713779517
442,4.42,0.030229785031363143,3.005982856369578
443,4.43,0.1231931907028941,2.81603691455009
444,4.44,0.10567770868259246,3.2349888745153694
445,4.45,-0.03739750062307788,3.035780111205549
446,4.46,-0.09381129921961531,2.7701868332439377
447,4.47,0.027678160858004123,3.190070538986605
448,4.48,-0.0543593848164878,3.1126449889843015
449,4.49,-0.019966851959920866,3.2021662846121774
450,4.5,-0.009681063449658748,3.120492103770094
451,4.51,0.14769105926982348,2.9019754539181832
452,4.5200000000000005,-0.006580015855837812,2.7977286074760306
453,4.53,0.0006472535612435069,2.904027109031912
454,4.54,0.08827183197882618,2.928112857865095
455,4.55,0.06215892236027417,2.8092421062380244
456,4.5600000000000005,0.16290341819936582,2.8772800832067
457,4.57,0.052422510773403194,2.588613343014135
458,4.58,0.045410533062775045,2.8148890660356587
459,4.59,0.10179157396735003,2.834914265590646
460,4.6000000000000005,0.1469762249369177,3.3074196775054303
461,4.61,0.2348852742420976,2.7364116219545003
462,4.62,0.11419872136123892,3.1837776786953107
463,4.63,-0.08841569766001858,2.7838605465026096
464,4.64,0.023615946706721423,3.654738136319301
465,4.65,0.053567602280128815,2.6363313102869945
466,4.66,-0.03581396939324779,2.922295941775314
467,4.67,0.09932516196113479,3.023457758995628
468,4.68,0.012525794825519975,2.857297094719982
469,4.69,-0.04344796006464192,3.00290983789742
470,4.7,0.00835351550303964,2.6998005189618857
471,4.71,0.10476893740659286,2.883383353560567
472,4.72,-0.08747352299343228,2.998501403363586
473,4.73,-0.025351761057495828,2.857063358777061
474,4.74,0.10513499737654129,2.8432013335281363
475,4.75,0.03629784131100292,3.061835400027936
476,4.76,-0.12666581624129386,2.6941762207091364
477,4.7700000000000005,-0.0785891327200525,2.9437238526692155
478,4.78,0.16163868188187158,2.4370805830547755
479,4.79,0.0352918343701026,2.9278081099633204
480,4.8,0.05756752642437506,2.9890110826839167
481,4.8100000000000005,0.03422604483389051,2.752577149615771
482,4.82,0.014273405857886154,2.9211307719633477
483,4.83,0.03920945458848601,2.410766018397995
484,4.84,0.07632548376182588,2.907779067323458
485,4.8500000000000005,0.14827111332653284,2.9318640777323584
486,4.86,0.19087710097185306,3.1545957818470454
487,4.87,0.13959624700233964,2.617609707544836
488,4.88,-0.07230160463960222,3.049149183496979
489,4.89,-0.01268075299222935,2.6654578325810543
490,4.9,0.04911546231401046,2.4654146467930356
491,4.91,-0.16159881701629153,2.7673075416016153
492,4.92,0.02884748637330636,2.8768099009817862
493,4.93,-0.03388473810202586,2.7872147620685754
494,4.94,0.08027251143455376,2.5532135729507996
495,4.95,-0.013551295646480388,2.5887824671794846
496,4.96,-0.08877344911851444,2.4443447563112954
497,4.97,0.12736153673873354,2.5085551628019473
498,4.98,0.04864101686140704,2.651981180194965
499,4.99,0.03352054542559018,2.4891466180115707
500,5.0,0.06967923080509923,2.641454917407385
501,5.01,0.11358098693935537,2.827593999688157
502,5.0200000000000005,0.08757199624827997,2.6344953152254127
503,5.03,-0.008758858690427883,2.83783431706709
504,5.04,0.08259810258110217,2.8376018113492227
505,5.05,0.21409101772371678,2.5799916744278115
506,5.0600000000000005,0.11003747127800179,2.8044471448409434
507,5.07,-0.04084233365012968,2.5387291766545923
508,5.08,0.1651840917632304,2.6575727814225836
509,5.09,-0.03126448928268749,2.635057280076155
510,5.1000000000000005,-0.06941910196249476,2.5305099842534458
511,5.11,-0.010478259306375859,2.8858611419530926
512,5.12,0.05917705744018997,2.598926330862714
513,5.13,0.10492098344271145,2.7378865294711905
514,5.14,-0.022963274481714396,2.8945308722846126
515,5.15,0.02123580930797324,2.2286802497605844
516,5.16,0.1731190785703816,2.468170295444173
517,5.17,0.09089325053896329,2.598007233415672
518,5.18,-0.014773391381140949,2.6932748375990743
519,5.19,0.12775588391571122,2.7329256147262777
520,5.2,0.10037683940552825,3.0466152378147693
521,5.21,0.05738005223073108,2.905647353929076
522,5.22,0.210872170820279,2.6806970873580562
523,5.23,0.15094549379066824,2.9226642694293203
524,5.24,0.11227268892581799,2.981339495093102
525,5.25,0.03413223091723748,2.6439187792302548
526,5.26,0.153468674253315,2.7336795621693293
527,5.2700000000000005,-0.013649612696128133,2.4478780557492676
528,5.28,-0.024315856399061725,2.594745834109826
529,5.29,0.14270540046171076,2.5200720748192733
530,5.3,0.03715700952924454,2.740329986487413
531,5.3100000000000005,0.014396749276597468,2.4756165351522332
532,5.32,0.04251307715720919,2.569132889904771
533,5.33,-0.01827812029719217,2.441408728687678
534,5.34,0.1667057862415583,2.5496039356075393
535,5.3500000000000005,0.05193815680848708,2.742672266667021
536,5.36,0.0605912439736842,2.6993523455874646
537,5.37,-0.06956850828943949,2.7074078216381565
538,5.38,-0.022387136597285515,2.4505082120643635
539,5.39,0.07416949079997022,2.3646705222014037
540,5.4,0.15608120165379558,2.59247994689842
541,5.41,0.04175205824180579,2.591770123248409
542,5.42,0.14285554339368473,2.727325183725468
543,5.43,0.034831070642562675,2.4803652757574017
544,5.44,0.37058466658356415,2.491731800876753
545,5.45,0.0951285543393348,2.56525456979983
546,5.46,0.05600084338443417,2.919706813375175
547,5.47,-0.011296183894772938,2.4260119945769216
548,5.48,0.21897258016902021,2.5358675678106017
549,5.49,0.1113800628421809,2.6304915660618278
550,5.5,0.09231644798428568,2.3662505038635384
551,5.51,0.1908981990204482,2.6759770435348385
552,5.5200000000000005,0.16961427869845533,2.695381549843776
553,5.53,0.057288122747139306,2.7759611773491444
554,5.54,0.04595176749183437,2.620529561966031
555,5.55,0.14049335185171602,2.5031417280262658
556,5.5600000000000005,0.0997622570412699,2.5742559594866354
557,5.57,0.0690247680607541,2.4684255236506027
558,5.58,-0.04683983665997815,2.4860641976924844
559,5.59,0.11533234437542839,2.61271073721355
560,5.6000000000000005,0.3014119488406013,2.622966294659305
561,5.61,-0.01903986929088841,2.658589080167083
562,5.62,0.1303078761316583,2.873510057367601
563,5.63,0.0673418685908302,2.7213226414446696
564,5.64,-0.014801773840044663,2.264187542836457
565,5.65,0.1464739839271397,2.7719177017101853
566,5.66,0.11068029538509165,2.327426393389496
567,5.67,0.08060175951298489,2.8504950512654657
568,5.68,0.07251110966960364,2.563847618320021
569,5.69,0.18533540836705908,2.6471281679085856
570,5.7,0.35256083917553005,2.3139458005589018
571,5.71,0.13051612778050925,2.9800388633865214
572,5.72,0.27189488469807976,2.4271910923356415
573,5.73,0.006276271023067298,2.3855935595490245
574,5.74,0.22947576487874685,2.478072557758616
575,5.75,0.1997660417998159,2.0150183336463137
576,5.76,0.1092492777479484,2.427694206912602
577,5.7700000000000005,0.220376146572425,2.4368118602816393
578,5.78,0.20218808338240696,2.300141198892597
579,5.79,0.18642202919130585,2.640701943197675
580,5.8,0.2519777084273416,2.5174373321062573
581,5.8100000000000005,0.31248515442434377,2.813943238541955
582,5.82,0.227768842362566,2.5550366432972047
583,5.83,0.0742219206136402,2.3958035560447453
584,5.84,0.11677892428197145,2.5912374595615817
585,5.8500000000000005,0.1263940483281756,2.3871388191466663
586,5.86,0.18682642303752928,2.6098134841518315
587,5.87,0.3098616729013685,2.544705671637535
588,5.88,0.07121449071621175,2.6452312251401007
589,5.89,0.23633951342227888,2.64198684693933
590,5.9,0.275751553552271,2.5143581494755205
591,5.91,0.33861290122606824,2.230720480548936
592,5.92,0.19068308388911628,2.786232853637615
593,5.93,0.1811764709321038,2.697038963708218
594,5.94,0.14882295063191664,2.5848893328712297
595,5.95,0.06320115797653864,2.4992285434543517
596,5.96,0.28737616917478404,2.443407168871347
597,5.97,0.12004317453429872,2.566460774296597
598,5.98,0.09204359025302936,2.426799494392965
599,5.99,0.2250020355213123,2.460790926481127
600,6.0,0.15586721343665305,2.5538067211167528
601,6.01,0.20248507831721743,2.4003055954302575
602,6.0200000000000005,0.272443043578524,2.481006037709903
603,6.03,0.3402392944084379,2.704859113635925
604,6.04,0.1340474952791093,2.370886607045861
605,6.05,0.26194715918734973,2.7372645529655024
606,6.0600000000000005,0.3190128690398619,2.6004099262540126
607,6.07,0.2235703979056288,2.638206226470003
608,6.08,0.33477572161601943,2.5042823612430123
609,6.09,0.35756787529676654,2.4651409286565134
610,6.1000000000000005,0.2603556395179859,2.3979301688781143
611,6.11,0.3307897583197769,2.224728940994381
612,6.12,0.274589634000132,2.6435069121027683
613,6.13,0.35424466102668567,2.758160216988468
614,6.140000000000001,0.31639289450255026,2.504433967547935
615,6.15,0.2512109465056613,2.2790018353931294
616,6.16,0.3278585362165021,2.7322809731824282
617,6.17,0.46518628872522794,2.5897159436849746
618,6.18,0.2679492312718111,2.5133006185783033
619,6.19,0.34541362660824354,2.4314214896812656
620,6.2,0.3808045622622116,2.2760420584035286
621,6.21,0.28013366137731044,2.4049230616202357
622,6.22,0.23716229443229878,2.607718942076918
623,6.23,0.3077753867019029,2.4161541741238644
624,6.24,0.4522269761470232,2.5259393027584505
625,6.25,0.4499368634209388,2.3928983443334992
626,6.26,0.4446708673146152,2.32668544499578
627,6.2700000000000005,0.4823413685644559,2.851259560963949
628,6.28,0.2783570416070754,2.472061386584783
629,6.29,0.41212663504102925,2.455351315215385
630,6.3,0.4279294343971428,2.651542929500585
631,6.3100000000000005,0.5780497228663821,2.508550033052809
632,6.32,0.41208576824554505,2.521678121339754
633,6.33,0.4743868926694598,2.43515324539963
634,6.34,0.5677819939684403,2.5981928978408866
635,6.3500000000000005,0.4413797350084265,2.360642491961751
636,6.36,0.4037937475211087,2.492908488546803
637,6.37,0.369814431870829,2.1811742416748947
638,6.38,0.39210965990995883,2.431829549080188
639,6.390000000000001,0.36980488379480697,2.6617001875501503
640,6.4,0.4165617795659463,2.7059369676859024
641,6.41,0.4291256390348157,2.820497465364628
642,6.42,0.4177232108495528,2.5463843355371036
643,6.43,0.6080136394137887,2.752928939589834
644,6.44,0.6222398437987462,2.449617067332002
645,6.45,0.4849326186416255,2.7250757871030387
646,6.46,0.42441572775454495,2.2465418072054897
647,6.47,0.5631357599431868,2.7286898728590563
648,6.48,0.5966563607634123,2.847852200827821
649,6.49,0.6409559154308486,2.7723779396315495
650,6.5,0.5655579602389909,2.56643223099404
651,6.51,0.6441387911838806,2.693228671428
652,6.5200000000000005,0.7476489396159727,2.4766334521479267
653,6.53,0.4969551742965611,2.6190676493399225
654,6.54,0.6233500057233684,2.9110560322430308
655,6.55,0.4730171191959271,2.7825594819343458
656,6.5600000000000005,0.6672859395553653,2.5291987172287267
657,6.57,0.6265623131117601,2.403234092888594
658,6.58,0.6043403917984049,2.6759925153878052
659,6.59,0.7774251452997158,2.8288711596385525
660,6.6000000000000005,0.5897105470606211,2.850351719261749
661,6.61,0.7756808059514361,2.8362695662376236
662,6.62,0.6969575137451125,2.4857942560187185
663,6.63,0.7551818605793861,2.8310921632760615
664,6.640000000000001,0.5983301387439763,2.619947691782997
665,6.65,0.7588987360660134,2.5635806940418235
666,6.66,0.9765162977431108,2.6829356331926006
667,6.67,0.8829990545251329,3.0150001842942933
668,6.68,0.9404951999202016,2.839780850382427
669,6.69,0.8209000120879858,2.5840952786947717
670,6.7,0.8559224198410337,2.8427959998061625
671,6.71,0.8621269426273953,3.1267541319156953
672,6.72,0.7642445223304797,2.752184896678301
673,6.73,1.1177065414652017,2.5445768697005873
674,6.74,0.8407685291595461,2.804327021566689
675,6.75,0.7723221075599424,3.0423122587091838
676,6.76,1.0170077035526124,3.048415461665864
677,6.7700000000000005,1.0386871809526306,2.698464515050067
678,6.78,0.8561841456391412,2.7176083245725287
679,6.79,1.0080015128016315,2.9466642356486683
680,6.8,1.058109738579476,2.836860560242426
681,6.8100000000000005,0.9823959883329607,2.9971731528559222
682,6.82,0.9937027761002648,2.7167213139256585
683,6.83,0.8902122405240103,2.907657402587681
684,6.84,1.014923590570845,2.541720334727211
685,6.8500000000000005,0.9856504239467017,2.940568510993259
686,6.86,1.13472455625499,2.6275941291243674
687,6.87,0.9923733384643898,2.7646578321851023
688,6.88,1.2224661783402764,2.890290423180973
689,6.890000000000001,1.1513118553133521,2.6220024719601684
690,6.9,1.1815654040915253,2.7196136427447746
691,6.91,1.1242501726314724,3.0200105213261725
692,6.92,1.092774218022064,2.901310016049189
693,6.93,1.284859013664403,2.7943628288845552
694,6.94,1.360770029815885,3.1080057362568474
695,6.95,1.3037658710802338,2.894930963197106
696,6.96,1.270672496208623,2.9309091498387367
697,6.97,1.298273139315254,3.171658109431931
698,6.98,1.3335323390803657,3.2395828542156764
699,6.99,1.256870190179923,2.938479279403923
700,7.0,1.3323133070445754,2.8994196777106787
701,7.01,1.278799057147964,3.1989378812823634
702,7.0200000000000005,1.4381606957478457,2.926568256906302
703,7.03,1.3359062704418585,2.891303668916766
704,7.04,1.4451541347638641,2.9472786696446267
705,7.05,1.313222043183308,3.186483266134628
706,7.0600000000000005,1.2747519221510322,2.7669406600994892
707,7.07,1.4228694157322912,2.794226078337166
708,7.08,1.4476263787472954,3.2217189754198197
709,7.09,1.5720134278433553,3.1305447856894904
710,7.1000000000000005,1.4484549025273457,3.2692341835500467
711,7.11,1.5901004077067291,3.057125788577847
712,7.12,1.7394303087508094,2.9543247895457254
713,7.13,1.635287286309006,2.9272512099534644
714,7.140000000000001,1.6147787021008668,3.3042223121768695
715,7.15,1.6955639925136576,3.1042632340448684
716,7.16,1.5242307660795,2.9177091315609838
717,7.17,1.6714897082642142,3.012328580716317
718,7.18,1.5673621799448023,3.2589488992526072
719,7.19,1.7204933031815215,2.9325333520750183
720,7.2,1.7068448182047724,2.915985765349186
721,7.21,1.8352548364167973,2.9258210384231265
722,7.22,1.7736037690525925,2.9541989290755044
723,7.23,1.8205206182622544,3.339263397422441
724,7.24,1.6863195065045131,3.423684530742162
725,7.25,1.832673690922371,3.1303226377500804
726,7.26,1.917981566828794,3.481533148340751
727,7.2700000000000005,1.7899356271790274,3.2414614467622505
728,7.28,1.9457231941958881,3.2681712800943368
729,7.29,1.8375845429290307,3.2326838342352358
730,7.3,1.8720728193710026,3.3580540014690348
731,7.3100000000000005,2.038139070155589,3.26369434493211
732,7.32,1.960727336944619,3.2945976082757533
733,7.33,1.9517237780396288,3.125540434191935
734,7.34,1.8271271353137957,3.5189079505096474
735,7.3500000000000005,2.0027025007421195,3.5547868961507527
736,7.36,1.835995770074709,3.5892591042271773
737,7.37,1.9217343076105768,3.083164302282473
738,7.38,1.9191792917444144,3.139230904574264
739,7.390000000000001,2.0082354712454573,3.9622211022985914
740,7.4,2.0346276752360515,3.493136206270236
741,7.41,1.9575424754061486,3.4127855338075856
742,7.42,1.956328140409012,3.6965535080111747
743,7.43,2.0442874360094874,3.8284367575963976
744,7.44,2.1240905697006247,3.5949742141149637
745,7.45,2.0965206125354348,3.597449456428953
746,7.46,2.148981567360031,3.8810622611000216
747,7.47,2.0707023826635016,3.6899297449487483
748,7.48,2.0262563556663307,3.5456345406020193
749,7.49,2.1070202475207562,3.5514281729032855
750,7.5,2.2634024026165944,3.5544163715845487
751,7.51,2.213721375537577,3.673429782845823
752,7.5200000000000005,2.25456654085254,3.705301987571735
753,7.53,2.360235839882687,3.671522137013045
754,7.54,2.265104716888478,3.759589542786308
755,7.55,2.2805785013997064,3.7192889106878946
756,7.5600000000000005,2.3084444334517804,3.5712886324254427
757,7.57,2.188400351984642,3.725262860556829
758,7.58,2.4018194452072525,3.7065690949810204
759,7.59,2.4031145474269904,3.9139709205850917
760,7.6000000000000005,2.2130360594242395,3.459940285377096
761,7.61,2.3738079013046436,3.628955546571375
762,7.62,2.265888087223577,3.89597506100242
763,7.63,2.4173824724192268,3.831026196406418
764,7.640000000000001,2.489211176226759,3.816309318878573
765,7.65,2.294544740764603,4.099061446940536
766,7.66,2.3443419122111147,3.933396880233509
767,7.67,2.347593275975658,4.106492162193874
768,7.68,2.4292148391153168,3.5849919305672273
769,7.69,2.317142944666272,3.9054071957918213
770,7.7,2.303954016167087,3.7856638681132053
771,7.71,2.3686193365841453,3.8486070294255077
772,7.72,2.3494282289324344,3.943539191759914
773,7.73,2.4378731452661135,4.119585210189389
774,7.74,2.5746749720735576,3.769374065357358
775,7.75,2.5665483154839928,4.3242722748003715
776,7.76,2.367290606995412,4.034330132321999
777,7.7700000000000005,2.508702182832526,3.9382577362861944
778,7.78,2.4834061900522704,3.854617877312604
779,7.79,2.4970848455589385,3.9991987527220787
780,7.8,2.4911960806568376,4.240137743645271
781,7.8100000000000005,2.488256343841009,3.941692876005222
782,7.82,2.5632516352793417,4.554993664441205
783,7.83,2.593978284339512,3.722264655799038
784,7.84,2.6721199200541035,3.9496399986649204
785,7.8500000000000005,2.573256373123597,4.202190109204182
786,7.86,2.674826178201364,4.3720739151557
787,7.87,2.64179476892689,4.380036649889112
788,7.88,2.6711992903832966,4.102557518512903
789,7.890000000000001,2.4927314762919917,3.98616499385518
790,7.9,2.792613759466775,4.321639249606042
791,7.91,2.5779123746589825,4.752256811101176
792,7.92,2.488424642463483,4.272566551921788
793,7.930000000000001,2.726850729716303,4.5224535043866405
794,7.94,2.622787683320752,4.276697484124465
795,7.95,2.4078112823651066,4.327620065400423
796,7.96,2.702223760109075,4.609453837401883
797,7.97,2.5528550405805204,4.442329174032096
798,7.98,2.625129269255685,4.257795739959997
799,7.99,2.6118533027194064,4.507336028996107
800,8.0,2.6644048071803477,4.267576768242104
801,8.01,2.62316652490779,4.44080535455442
802,8.02,2.711726731794077,4.4014102878455095
803,8.03,2.8596833898157183,4.380095634440021
804,8.040000000000001,2.7486895975902885,4.230570691669253
805,8.05,2.615513852548291,4.561828991469099
806,8.06,2.6656416069157713,4.709083124752995
807,8.07,2.755810394907536,4.687558009725256
808,8.08,2.747316114182512,4.272836171196048
809,8.09,2.6034810088975195,4.694436378180621
810,8.1,2.7566396874609778,4.602712355522043
811,8.11,2.6926973762642974,4.900256402241261
812,8.120000000000001,2.562252943858878,4.764467345557429
813,8.13,2.6727197762288917,4.555367281415565
814,8.14,2.815789016873113,4.75969660093539
815,8.15,2.7092975884941892,4.617034435358796
816,8.16,2.7121138322027285,4.699631046719432
817,8.17,2.698873156562307,4.728773483678805
818,8.18,2.6419453050625767,4.610140711656853
819,8.19,2.5895341585340077,4.800569148212359
820,8.2,2.6880928841051936,4.564499203377977
821,8.21,2.7652977329904136,4.666179210781165
822,8.22,2.8482765708317093,4.678651561366973
823,8.23,2.6393298512066754,4.670973285192697
824,8.24,2.497007640292818,4.827277445655077
825,8.25,2.8147045829436736,4.887105402210486
826,8.26,2.6679223542438546,4.859655782797789
827,8.27,2.674220447517204,4.82400868791354
828,8.28,2.6903456272698274,4.7548421474490095
829,8.290000000000001,2.612471583840808,5.017202728704476
830,8.3,2.6639412214030926,5.2271638327853065
831,8.31,2.868261010342359,5.062416616809438
832,8.32,2.6920646825469063,4.80511621516867
833,8.33,2.783406686735836,4.948087704026834
834,8.34,2.6043546902508337,5.21412484309511
835,8.35,2.809955778012383,5.449667680465814
836,8.36,2.6937917585648883,4.891047543611029
837,8.370000000000001,2.6685191050793895,5.052060351919511
838,8.38,2.566197637797521,4.92532872839554
839,8.39,2.6239954585824443,5.1554791553173365
840,8.4,2.659312912391548,5.3147869363590745
841,8.41,2.7173721311979144,5.159292428401862
842,8.42,2.8878683210175646,4.818142476295286
843,8.43,2.483202041841943,5.424860480889555
844,8.44,2.777738716005342,5.5046885346915815
845,8.45,2.7387391455235996,5.580977960249767
846,8.46,2.6718356008093402,5.325779567465899
847,8.47,2.774819953951717,5.032675336591965
848,8.48,2.71702645014395,5.533906932309199
849,8.49,2.521831493500405,4.899528306918733
850,8.5,2.6813673942606484,5.3733046944622265
851,8.51,2.6896810819885153,5.069669564706049
852,8.52,2.7565215849985596,5.189792455854118
853,8.53,2.6916473764747058,5.358341052668781
854,8.540000000000001,2.628234208068793,5.19758543424522
855,8.55,2.6252681689468504,5.450163913124613
856,8.56,2.6608795640728564,5.429921997940144
857,8.57,2.663244792804469,5.750549576976316
858,8.58,2.641294145673379,5.249477843964367
859,8.59,2.5837308270895876,5.581177477776342
860,8.6,2.665106062933853,5.556200220129871
861,8.61,2.5717552997527315,5.712287563405791
862,8.620000000000001,2.659681179539356,5.656423375190889
863,8.63,2.553243256673935,5.814717477299824
864,8.64,2.748531055682326,5.683762306394057
865,8.65,2.588856597513807,5.340372618830233
866,8.66,2.5517631251393573,5.485255511311065
867,8.67,2.573675313080369,5.734245428929386
868,8.68,2.623173735518946,5.586162919237699
869,8.69,2.7894176660600145,5.709935430445608
870,8.700000000000001,2.4052340831136183,5.853723411494957
871,8.71,2.514726823009299,5.470181707131325
872,8.72,2.492019525571267,5.65353898708815
873,8.73,2.60800151476314,5.391985382208329
874,8.74,2.4912255389771154,5.698498508555599
875,8.75,2.382491194496277,5.9082345490860755
876,8.76,2.555680609927249,5.904559423063638
877,8.77,2.4296280422205987,5.812439517943146
878,8.78,2.655415303382215,5.706419612725305
879,8.790000000000001,2.6911387673895613,5.652949002405113
880,8.8,2.4586810863663526,5.686713101098456
881,8.81,2.461010240815587,5.767654265767285
882,8.82,2.656622294748208,5.648829330386815
883,8.83,2.4806031399532578,5.813340314993925
884,8.84,2.6320882329427358,5.70748551411424
885,8.85,2.4039935284102127,5.74307557956799
886,8.86,2.463589972635714,6.074790001057975
887,8.870000000000001,2.467534766347286,6.123545620272968
888,8.88,2.4112192301796873,6.274360288316901
889,8.89,2.5588423632648416,6.086389326108616
890,8.9,2.4018447243218444,5.886023354044668
891,8.91,2.4235108607475744,5.988799330808637
892,8.92,2.4799357054821964,6.235278326375032
893,8.93,2.3732902673581373,6.180933137327922
894,8.94,2.464785156445121,5.86947597132894
895,8.950000000000001,2.322889886589001,5.863635019734053
896,8.96,2.455704474969805,5.62704620401916
897,8.97,2.5733623064326103,6.219507310062932
898,8.98,2.4993682358947416,6.342518278515668
899,8.99,2.50389725838841,5.9714255422069416
900,9.0,2.509795226141327,6.104888065179933
901,9.01,2.4268730795856763,6.351970008764889
902,9.02,2.353716936273038,6.156191769269817
903,9.03,2.405545827708089,5.967698417757432
904,9.040000000000001,2.4611225782850235,6.261024414345914
905,9.05,2.3387482435107403,6.455946660477137
906,9.06,2.2737754999095894,6.5679700931669815
907,9.07,2.2637563348363368,6.195616483608633
908,9.08,2.3630123212225476,6.562008409261608
909,9.09,2.444438599224061,6.326431233832276
910,9.1,2.3665693708860167,6.205727653947097
911,9.11,2.2122092893867773,6.288014912279783
912,9.120000000000001,2.330903008424591,6.011303203797943
913,9.13,2.2574059647738753,6.656008787307007
914,9.14,2.313966218802962,6.23779544815985
915,9.15,2.372728838430446,6.303102216235842
916,9.16,2.395921948800218,6.238762937693406
917,9.17,2.292722484451467,6.277630587779479
918,9.18,2.263695579146261,6.207404765978411
919,9.19,2.2409542854902624,6.522504736743377
920,9.200000000000001,2.427149299487344,6.6778246190180806
921,9.21,2.2461111417239827,6.344898045707086
922,9.22,2.36855611940535,6.5902944174385105
923,9.23,2.30783470735163,6.098620215606644
924,9.24,2.364563896770087,6.703395398190388
925,9.25,2.2972068056100694,6.352729051418289
926,9.26,2.323152691393412,6.604693933565895
927,9.27,2.290172206779466,6.484695892216428
928,9.28,2.1965733357089188,6.488713567195217
929,9.290000000000001,2.2146323030524147,6.5521158926037035
930,9.3,2.2127812475465953,6.466559492608742
931,9.31,2.173572722192902,6.372352274797697
932,9.32,2.1881541564940807,6.657221341070958
933,9.33,2.208632570446769,6.5960114682593005
934,9.34,2.010156705391783,6.064126696363392
935,9.35,2.2078579592747047,6.604859137596904
936,9.36,2.1116389062960264,6.723801220949836
937,9.370000000000001,2.160581572297133,6.439102825234788
938,9.38,2.3977767289441703,6.338150962896622
939,9.39,2.0647378969118013,6.762770381573849
940,9.4,2.2185349010446904,6.804297934874915
941,9.41,2.090624745414961,6.748589129810832
942,9.42,2.0580984157077498,6.435785525007891
943,9.43,2.1982447430043313,6.819775905225165
944,9.44,2.2089256162291964,6.630529881579932
945,9.450000000000001,2.211602321591823,6.930632919172901
946,9.46,2.2620810918339527,6.763056948091487
947,9.47,2.103018162639646,6.985231089708101
948,9.48,2.1001066882049115,6.45391757195613
949,9.49,2.1037609956609846,6.901473271267779
950,9.5,2.0599854201726595,6.825386258454694
951,9.51,2.045004525011863,6.907922086949743
952,9.52,2.0489932545435345,6.754899726592588
953,9.53,1.9543398916317531,6.744696837250003
954,9.540000000000001,2.171955428254529,6.917237403122397
955,9.55,2.036215482385331,6.93629928493808
956,9.56,2.0849381946851637,7.010776907275622
957,9.57,2.2342453255151185,6.99783580237919
958,9.58,1.921854419140581,7.257932779503223
959,9.59,1.9539586796734634,6.788124324265638
960,9.6,2.177161656577433,7.010400107070544
961,9.61,2.107853238674005,6.756648865066972
962,9.620000000000001,2.0070104554491106,7.164889466762707
963,9.63,2.0772208970500485,6.929125117888123
964,9.64,2.2393044381998597,7.000789570815221
965,9.65,2.077605055628291,6.89180536296696
966,9.66,1.9652265723556597,7.002577713479621
967,9.67,2.1354006730106323,7.082893523175659
968,9.68,1.9065620674582817,6.8085578645558975
969,9.69,1.9975140628698185,7.101316047163733
970,9.700000000000001,2.0044467248884867,7.187232645506389
971,9.71,1.8235664168093526,7.100231913560214
972,9.72,2.0354940171711866,7.063553014375967
973,9.73,2.0825412955547473,7.0013318438817995
974,9.74,1.8805687822833297,6.884874694556929
975,9.75,1.9497741726971283,7.084638614040373
976,9.76,1.8101724093506126,7.2870253649135455
977,9.77,1.9344414846980507,6.964431447344169
978,9.78,1.988963164914153,7.37842910203644
979,9.790000000000001,1.89638865898394,7.426958616388008
980,9.8,1.8655641183613556,7.361842731010957
981,9.81,1.8140834210001344,7.297187411454765
982,9.82,1.7693521826689944,7.514053569352294
983,9.83,1.8548386541961717,7.102014628043073
984,9.84,1.8861562605493156,7.376552129121563
985,9.85,1.8350650606568946,7.186632919079207
986,9.86,1.8588978527755302,7.3015152719944965
987,9.870000000000001,1.9239915673405643,7.227500789066724
988,9.88,1.9818245651021924,7.422040653474298
989,9.89,1.8711249886434276,7.228662301018241
990,9.9,1.8893832462272915,7.160907365065445
991,9.91,1.781759377866552,7.527062410232239
992,9.92,1.7389088059102662,7.478576785591526
993,9.93,1.7926547050547248,7.086182973047644
994,9.94,1.8521380037118087,7.959327545710447
995,9.950000000000001,1.9924064709186173,7.180064456977204
996,9.96,1.8350625986734193,7.298342139480077
997,9.97,1.7365115945442968,7.347654295538464
998,9.98,1.7667590748111897,7.341892446071235
999,9.99,1.772165668604486,7.198964424189212
1000,10.0,1.9014923279377112,7.228154029961184
1001,10.01,1.8156102457764753,6.968328452695683
1002,10.02,1.7736807214620205,7.373042998931379
1003,10.03,1.8013182702519057,7.555382095438741
1004,10.040000000000001,1.7688958741099086,7.108864364291299
1005,10.05,1.7560051304715651,6.991539961689406
1006,10.06,1.7304090979705515,7.623154575953466
1007,10.07,1.7524944063615828,7.209908496341856
1008,10.08,1.7901882032593908,7.547992045722344
1009,10.09,1.7798047828336592,7.146326949783662
1010,10.1,1.6360854281285584,7.263498998543068
1011,10.11,1.6954353739317816,7.383372464847701
1012,10.120000000000001,1.5087970358127145,7.49655397455752
1013,10.13,1.6283160939628554,7.741833906283644
1014,10.14,1.740800650810639,7.52972234424917
1015,10.15,1.765670530184259,7.294655722086595
1016,10.16,1.6077067725873604,7.399548736126202
1017,10.17,1.7200949803167196,7.62829294006047
1018,10.18,1.862590403180986,7.652287241764828
1019,10.19,1.5530486357651692,7.422857414082889
1020,10.200000000000001,1.6756100403424692,7.112599657026878
1021,10.21,1.7026005708053635,7.351694344397507
1022,10.22,1.5392139686668826,7.691865775436796
1023,10.23,1.6690015455053668,7.658077646643777
1024,10.24,1.6415652867536557,7.330950277682555
1025,10.25,1.471416685913163,7.690107470200156
1026,10.26,1.580757754087156,7.342438652686405
1027,10.27,1.4524701686154415,7.509115842859115
1028,10.28,1.6289576371616397,7.386995432528296
1029,10.290000000000001,1.505077839624612,7.661148882336845
1030,10.3,1.6470704271851984,7.539013733000943
1031,10.31,1.614107866854036,7.714344217780077
1032,10.32,1.603338465898464,7.562579345043023
1033,10.33,1.4151545813185327,7.374087742620432
1034,10.34,1.639915645217613,7.4016284220492
1035,10.35,1.511011837879956,7.527471113768184
1036,10.36,1.4228995419457655,7.4852107816700695
1037,10.370000000000001,1.4482897391329683,7.697990479571429
1038,10.38,1.5471981302223956,7.367861615393585
1039,10.39,1.60793695227387,7.411790765253714
1040,10.4,1.5091502412911297,7.41907045371872
1041,10.41,1.5392513038669737,7.403345537822497
1042,10.42,1.4718857309364606,7.484105799864733
1043,10.43,1.5156076841253332,7.507547062562875
1044,10.44,1.446554986338866,7.489379756665613
1045,10.450000000000001,1.43506182292289,7.331422978209433
1046,10.46,1.454767538161408,7.837159527972286
1047,10.47,1.3656976764876343,7.44935857967759
1048,10.48,1.4711359881364632,7.525144475535294
1049,10.49,1.259065704954787,7.745715903035058
1050,10.5,1.4449489312681567,7.364087942947186
1051,10.51,1.5121347169841177,7.489790017170367
1052,10.52,1.2478437674103722,7.4750683025511275
1053,10.53,1.4302940626490792,7.341997737237378
1054,10.540000000000001,1.4021766194433045,7.19745989212273
1055,10.55,1.49360616071299,7.6207692929239474
1056,10.56,1.304535857957395,7.75417622276749
1057,10.57,1.4132696889785552,7.769822966614465
1058,10.58,1.358453156348793,7.579428830222452
1059,10.59,1.4197904307939728,7.496869467172488
1060,10.6,1.295278975623095,7.89161369286747
1061,10.61,1.4208169847502723,7.322177328442369
1062,10.620000000000001,1.3012847522121436,7.826875042084253
1063,10.63,1.3483196084267337,7.288664922607303
1064,10.64,1.2377393310162905,7.6389331743356
1065,10.65,1.2446738769093124,7.604962904493989
1066,10.66,1.194235569776009,7.440874719471679
1067,10.67,1.2501141446342612,7.486068160235041
1068,10.68,1.3964818797554095,7.408410334955454
1069,10.69,1.079521202860274,7.2796630868199665
1070,10.700000000000001,1.4037856015734658,7.728846519524941
1071,10.71,1.3191310755039591,7.488265343508828
1072,10.72,1.250340213203804,7.577193554183813
1073,10.73,1.2316423307544262,7.541841297830797
1074,10.74,1.24250023587377,7.486217373475412
1075,10.75,1.303623131095469,7.398238601510509
1076,10.76,1.2346887928182335,7.592794549855015
1077,10.77,1.197085464438239,7.241618386667649
1078,10.78,1.2047906969494944,7.52751448437686
1079,10.790000000000001,1.4398341384596873,7.270848302005278
1080,10.8,1.2345476023693278,7.2390156709063085
1081,10.81,1.1485720271708182,7.383616512636703
1082,10.82,1.045369776466394,7.82933972810817
1083,10.83,1.26425920682753,7.531916056658958
1084,10.84,1.1037541154220059,7.454357062958103
1085,10.85,1.2317687990739739,7.403210809051344
1086,10.86,1.1642357629793725,7.4003730404612345
1087,10.870000000000001,1.0097678834297892,7.372679159384759
1088,10.88,1.0027190664311252,7.611640165095454
1089,10.89,1.1537479306586922,7.5853802881029955
1090,10.9,1.139858022513757,7.640860833914625
1091,10.91,0.9914398184147768,7.6021853108003254
1092,10.92,1.2268520753090038,7.4053171569607255
1093,10.93,1.025921019552967,7.719125156313493
1094,10.94,0.9898422359287076,7.414493432955142
1095,10.950000000000001,1.1567803025276266,7.536645600117428
1096,10.96,1.0815448765728286,7.586639542515356
1097,10.97,1.1551562742421078,7.439007015849021
1098,10.98,1.0922943108928176,7.6554206082364145
1099,10.99,1.1123288333830035,7.66720014993617
1100,11.0,0.9373623995531393,7.656937166550663
1101,11.01,1.0899861667328814,7.052223250580841
1102,11.02,1.075225386019792,7.6561333169285195
1103,11.03,0.955676859467228,7.235939146150229
1104,11.040000000000001,1.019529119573976,7.3903748820383495
1105,11.05,1.036683715407807,7.358833431241948
1106,11.06,1.0019608335255934,7.852483220211633
1107,11.07,0.9585227033941569,7.847953918096302
1108,11.08,1.0539644939683221,6.826468812849298
1109,11.09,0.906138719289341,7.425545180428125
1110,11.1,0.9481994909257087,7.467331308481847
1111,11.11,0.9918450929876522,7.307658748035887
1112,11.120000000000001,0.9744737261537634,7.2759395603776875
1113,11.13,0.9654473886285733,7.476381724421248
1114,11.14,0.9450070984254847,7.266073612330723
1115,11.15,1.0121356898577707,7.320437390451766
1116,11.16,1.0204945822701776,7.535451703205456
1117,11.17,0.9235793779994373,7.31265130217505
1118,11.18,0.8470182787124989,7.385462015970495
1119,11.19,1.0044724623048502,7.4517632434547165
1120,11.200000000000001,0.980113508647766,7.490086798584846
1121,11.21,0.9757548131164534,7.256905867007072
1122,11.22,0.8269325724073898,7.107668677742525
1123,11.23,0.9591346811927078,7.708177183616455
1124,11.24,0.9631544476857852,7.227800527537901
1125,11.25,0.7520722070225229,7.494012973154003
1126,11.26,0.827428635419537,7.393541378810241
1127,11.27,0.8187621178339154,7.518610635594751
1128,11.28,0.8903299785079057,7.386644822805753
1129,11.290000000000001,0.800741199988422,7.230011589610533
1130,11.3,0.8592753528910695,7.539406517918367
1131,11.31,0.9611249939687673,7.2592602243155016
1132,11.32,0.7812597506983245,7.486527824170102
1133,11.33,0.8782733485661306,7.644408287470072
1134,11.34,0.7800380732017115,7.373742855887396
1135,11.35,0.5978392102340019,7.373065898672855
1136,11.36,0.845316536762277,7.455235494735936
1137,11.370000000000001,0.9279241584604128,7.516303494537724
1138,11.38,0.6272998292065799,7.3893444199824225
1139,11.39,0.6167919553463862,7.276157849073833
1140,11.4,0.828810379790996,7.2051190134516885
1141,11.41,0.8356036818106735,6.889435308090265
1142,11.42,0.6597207953619268,7.211214552998966
1143,11.43,0.8741878954874203,7.185778218082554
1144,11.44,0.7815003413661813,6.778520829521812
1145,11.450000000000001,0.7284446599684706,7.024324425969976
1146,11.46,0.6514020898589434,6.8756476871629255
1147,11.47,0.8348396376825861,6.664720574376419
1148,11.48,0.752134789832812,7.739895925985442
1149,11.49,0.6765261038776689,7.408002371129558
1150,11.5,0.7581289083144565,7.077500268909362
1151,11.51,0.5816690787183773,7.240447714982285
1152,11.52,0.571744950345849,7.200817313559668
1153,11.53,0.8056188566020458,7.184736065116339
1154,11.540000000000001,0.7736939820141899,7.321311612280994
1155,11.55,0.6210411718212728,7.028768466047428
1156,11.56,0.5701217757194639,7.274251741711295
1157,11.57,0.6652106138179336,7.022987322829281
1158,11.58,0.6378534797222735,7.481091921391605
1159,11.59,0.5615014261408039,6.891961877696209
1160,11.6,0.7974227057067745,7.006371334824399
1161,11.61,0.601110218720151,7.114264156445551
1162,11.620000000000001,0.6065666282356176,6.664263235056555
1163,11.63,0.6217330475632696,6.882047224623298
1164,11.64,0.6197523744635745,6.936889945106621
1165,11.65,0.6422100056772422,6.939807480923869
1166,11.66,0.5188584427740924,7.080728371814517
1167,11.67,0.7159927929538119,7.261359552967774
1168,11.68,0.5259502829411731,6.782753232762849
1169,11.69,0.6596317771420477,7.339609090075283
1170,11.700000000000001,0.5621401838986265,6.850766259986696
1171,11.71,0.6812680619683705,7.069926644983
1172,11.72,0.6612389708732374,6.785733639875039
1173,11.73,0.7104262629307292,6.87578550655803
1174,11.74,0.5002807296882981,6.855400736376534
1175,11.75,0.5343735398158937,7.082781559489848
1176,11.76,0.3499699408213729,6.8546799601949475
1177,11.77,0.4394600948867676,6.910555126315522
1178,11.78,0.5741259397351919,6.886327933975268
1179,11.790000000000001,0.44885918918781936,6.734759530692819
1180,11.8,0.5032199858573299,6.8723928559459155
1181,11.81,0.6039156695666414,7.096112763578084
1182,11.82,0.7554640349377874,6.621229814928263
1183,11.83,0.6118043536323714,6.59316546490062
1184,11.84,0.5938109141184866,6.679993338101181
1185,11.85,0.4241950478069352,6.604337156758335
1186,11.86,0.4960021661392522,7.025039783609856
1187,11.870000000000001,0.5366893767111083,7.016096123506915
1188,11.88,0.46892807078800247,6.919745181379577
1189,11.89,0.4959729395639275,6.921179431821807
1190,11.9,0.44908749345404575,7.004293836728432
1191,11.91,0.5121532567607802,6.383671938896852
1192,11.92,0.5967344933546522,6.807852001844826
1193,11.93,0.3665425871692467,6.739478032837085
1194,11.94,0.37344047107745837,6.60338580599533
1195,11.950000000000001,0.5218089693464599,6.339166465911064
1196,11.96,0.3622915678597613,6.815104369504372
1197,11.97,0.3445463168633712,6.5058967876145415
1198,11.98,0.6052586949429399,6.846250450638397
1199,11.99,0.33251693285125156,6.734078346075608
1200,12.0,0.4648533872239413,6.2369940064937595
1201,12.01,0.49735520717059145,6.738010672596368
1202,12.02,0.43013113133080555,6.728418948054161
1203,12.030000000000001,0.45619477376242207,6.460192811283029
1204,12.040000000000001,0.45966644925565864,6.690630570715878
1205,12.05,0.5423024141498606,6.399150335295994
1206,12.06,0.3087130497932725,6.777174080583747
1207,12.07,0.3266893289362122,6.595423955796516
1208,12.08,0.4222973718037885,6.360743775847094
1209,12.09,0.36775305865832864,6.651879539461197
1210,12.1,0.5406041482934728,6.702615931860662
1211,12.11,0.505000413566963,6.197940516160464
1212,12.120000000000001,0.41869832797655226,6.3034747087476735
1213,12.13,0.4271677308001347,6.151555236580534
1214,12.14,0.5529021642023633,6.4448694806389035
1215,12.15,0.27948957386714424,6.636311502823354
1216,12.16,0.3260809931135671,6.242163184350636
1217,12.17,0.22423362488652787,6.267937126702347
1218,12.18,0.2773745696935456,6.34739647129232
1219,12.19,0.2545797304137484,6.286146995834182
1220,12.200000000000001,0.38706528747655566,6.66179704881514
1221,12.21,0.23113218372346112,6.314619346653737
1222,12.22,0.39881166260655043,6.438160654141664
1223,12.23,0.32330076749435704,6.3437385966697155
1224,12.24,0.37752490462877986,6.110344778363402
1225,12.25,0.30147783718717036,5.811606499576441
1226,12.26,0.309415553004292,6.548868592276833
1227,12.27,0.3819428837876428,6.299893576263915
1228,12.280000000000001,0.3133522553412273,6.0489976313007645
1229,12.290000000000001,0.1636454482627198,6.153678199649103
1230,12.3,0.38882591730878296,6.331804989864211
1231,12.31,0.19971795482735044,6.206157325344224
1232,12.32,0.35629282203670615,6.21333030900897
1233,12.33,0.4227218715466918,6.086706985157675
1234,12.34,0.22710308139324192,6.23484547085334
1235,12.35,0.3645425948016176,6.401875364314201
1236,12.36,0.21693918473047558,6.221985974198017
1237,12.370000000000001,0.2560817943545289,6.208350239856586
1238,12.38,0.441926506173418,5.88378956421558
1239,12.39,0.366828382699459,5.78177148682603
1240,12.4,0.24344173091355503,5.907049233179958
1241,12.41,0.32079141383929993,6.094777339516909
1242,12.42,0.18587793296987393,6.273351759285983
1243,12.43,0.3463006796027769,5.900633759508884
1244,12.44,0.3179718739031183,5.89843876355238
1245,12.450000000000001,0.18460654456649966,5.858993936006036
1246,12.46,0.21255194851319856,5.816814557028228
1247,12.47,0.13098564794340356,5.842338067343754
1248,12.48,0.25034141613772365,6.282202733340989
1249,12.49,0.13969968879799244,6.080334384988132
1250,12.5,0.23106219009858742,6.091544190589316
1251,12.51,0.26803808766108017,6.010897625860481
1252,12.52,0.2606762354419609,5.855648022345625
1253,12.530000000000001,0.28634461740721084,5.930877155897995
1254,12.540000000000001,0.320316645197519,5.850450571624039
1255,12.55,0.30738124583987725,6.20702819352325
1256,12.56,0.08015720294199932,5.763192405864124
1257,12.57,0.253747532800328,5.613657899014618
1258,12.58,0.08233840047140295,5.751002987077623
1259,12.59,0.3086266593260616,5.562765602302768
1260,12.6,0.3295613746521676,5.808804085306157
1261,12.61,0.22204938435970356,5.760054693184898
1262,12.620000000000001,0.23865037805035602,5.652527888128615
1263,12.63,0.3109546440985437,5.73445806655545
1264,12.64,0.19090051028425148,5.4592831379917115
1265,12.65,0.1485072444363736,5.526157945082829
1266,12.66,0.4200123858156566,5.755450445730982
1267,12.67,0.18134981134517036,5.650230677336148
1268,12.68,0.4370113300894733,5.821214705759502
1269,12.69,0.0808846638072235,5.617147118046707
1270,12.700000000000001,0.22734911687034182,5.788930754349754
1271,12.71,0.06530335145486621,5.754042121251069
1272,12.72,0.18354888966411648,6.180681997823117
1273,12.73,0.2308722442169831,5.809083144435049
1274,12.74,0.24600614728335704,5.921092802301935
1275,12.75,0.3403183035606171,5.781078568556726
1276,12.76,0.24138324746058282,5.095697566309915
1277,12.77,0.18256211684665902,5.914706780592036
1278,12.780000000000001,0.18621581677690013,5.430866081821638
1279,12.790000000000001,0.2538819607428043,5.117459925092444
1280,12.8,-0.009726123120154029,5.503527326152663
1281,12.81,0.2738846953247387,5.385344185776382
1282,12.82,0.27159643921168086,5.304533682032236
1283,12.83,0.23028257863240234,5.63769017937855
1284,12.84,0.1172107909671013,5.508448820473957
1285,12.85,0.1952316652568502,5.364962216417722
1286,12.86,0.16650421248687203,5.515571901854107
1287,12.870000000000001,0.3307544334889882,5.443265682068946
1288,12.88,0.38352538216568677,5.387864293457277
1289,12.89,0.09809857724180301,5.297736388830609
1290,12.9,0.13100541097139567,5.4945814821089956
1291,12.91,0.20955860517469455,5.091556468452688
1292,12.92,0.04785072021139772,5.087734521551348
1293,12.93,0.16446290856482115,5.281531230481559
1294,12.94,0.22287217466240167,5.208325608244861
1295,12.950000000000001,0.08661841785538471,5.360013015146559
1296,12.96,0.23170002696151895,5.635602128547384
1297,12.97,0.19598449678793964,5.174954143027765
1298,12.98,0.08637584544173307,5.216259491113458
1299,12.99,0.0853102799930471,4.954312170457198
1300,13.0,0.02897759429084068,5.577958063622759
1301,13.01,0.21627670389253328,5.259990099427824
1302,13.02,0.12697396916161532,5.159013426883415
1303,13.030000000000001,0.26121619366223425,4.91855974061243
1304,13.040000000000001,0.17959967295638898,5.1877277988013
1305,13.05,0.16828404597425264,4.9609515403346025
1306,13.06,0.04967781635383586,4.758233681487245
1307,13.07,0.3585554684829479,5.4294320171792805
1308,13.08,0.22550822019017924,5.37279464778429
1309,13.09,0.21748302351893917,5.381239189079344
1310,13.1,0.15981628022886432,5.129686761408872
1311,13.11,0.0739299008320746,5.220654223184057
1312,13.120000000000001,0.11818150191093699,5.1290409830878945
1313,13.13,0.19509783463220637,5.071098375571827
1314,13.14,0.20843581796825605,5.013468574278313
1315,13.15,0.29336756666780534,5.232294272728272
1316,13.16,0.08741083620116465,4.763364502256398
1317,13.17,0.08397447371500559,4.687515120298537
1318,13.18,0.2466486592412795,5.541153109321524
1319,13.19,0.07109747181122233,4.984831891033125
1320,13.200000000000001,0.11325759569856941,4.693327944391983
1321,13.21,0.14142775330591972,5.1582095804095465
1322,13.22,0.19259853216356393,4.665502561513729
1323,13.23,0.3293345562895116,5.066802336020757
1324,13.24,0.030107384383880206,5.134264967271539
1325,13.25,0.13597513309523251,5.033596266845335
1326,13.26,0.24776048697460248,5.041545962241569
1327,13.27,0.2973285629124324,4.579068946378305
1328,13.280000000000001,0.1102740363566585,4.641434168244856
1329,13.290000000000001,0.18810072764576968,5.079925407163601
1330,13.3,0.07604628240663197,4.66470561017703
1331,13.31,0.13754571789261405,4.740844541539484
1332,13.32,0.20878374985769027,4.811645069782038
1333,13.33,0.07484892216092458,5.101180599601586
1334,13.34,0.19786264288033856,4.809859906639512
1335,13.35,0.12026754228789607,4.960300041942295
1336,13.36,0.15738337484731796,4.881972618258446
1337,13.370000000000001,0.214849097530471,4.715464920376582
1338,13.38,0.11760360739524202,4.7020492269405505
1339,13.39,0.2592962066427715,5.035931009145488
1340,13.4,0.22070386713510173,4.733591690292403
1341,13.41,-0.08508739741803528,4.617994265379875
1342,13.42,0.12537123646653728,4.763331491600638
1343,13.43,0.16350751760324542,4.584611795310985
1344,13.44,0.1856984453178655,5.052836503465746
1345,13.450000000000001,0.14819590187273132,4.746449206541623
1346,13.46,0.0867166175942691,4.966361392677385
1347,13.47,0.2249597812329174,4.642762391395182
1348,13.48,0.22935254257679605,4.6060648522514755
1349,13.49,0.19699545442470737,4.59656892884658
1350,13.5,0.1809947791459152,5.000854049942898
1351,13.51,0.2651351638263155,4.407951652397859
1352,13.52,0.16426004880403441,4.707612541625695
1353,13.530000000000001,0.09063856658457549,4.514932570119101
1354,13.540000000000001,0.2838051542684629,4.482781969238065
1355,13.55,0.19202798517320246,4.506277837978922
1356,13.56,0.023632243212631326,4.340212970861536
1357,13.57,0.10953511783015117,5.010927426680226
1358,13.58,0.14264843931150867,4.406552912106173
1359,13.59,0.18905299811610196,4.355032701270498
1360,13.6,0.07903996574846,4.427660625178322
1361,13.61,0.1589004072472739,4.398070773555971
1362,13.620000000000001,0.30882412205777565,4.607351537845858
1363,13.63,0.11524820814257514,4.543032950443899
1364,13.64,0.1893732140486582,4.52531421241512
1365,13.65,-0.05493300739245133,4.44387678321387
1366,13.66,0.15271638816548028,4.491632970113521
1367,13.67,0.007341515030163864,4.4462268060551144
1368,13.68,0.04586497228963077,4.554645748746413
1369,13.69,0.06395517375398099,4.418016677095369
1370,13.700000000000001,0.20328943052031712,4.079346225103453
1371,13.71,0.16942831425871804,4.4609361451159755
1372,13.72,0.10748297973512173,4.394182316352756
1373,13.73,0.18528958016073668,4.405815077143933
1374,13.74,0.10705884693077719,4.314166393709226
1375,13.75,0.19049537952132767,4.311442625158994
1376,13.76,0.2942451930789094,4.513408846732417
1377,13.77,0.12919062572455275,4.200557554699653
1378,13.780000000000001,0.1853436557617414,4.557986186153757
1379,13.790000000000001,0.12408091666503229,4.284557467457976
1380,13.8,0.1431014681633186,4.586966429859345
1381,13.81,0.08029972282711562,4.424343369894706
1382,13.82,0.22069619111569733,4.4424019242729464
1383,13.83,0.07404919932152854,4.2716076632407
1384,13.84,0.09550345162856974,4.447598419254318
1385,13.85,0.1662801258354635,4.295918488011444
1386,13.86,0.06218454541744191,4.561063175457685
1387,13.870000000000001,0.1496080518779267,4.597061175559999
1388,13.88,0.009372609090428446,4.232460084087869
1389,13.89,-0.07082301759097778,4.2916286311906156
1390,13.9,0.18995170973827585,3.9829749267148746
1391,13.91,0.0980761420650869,4.240644007182521
1392,13.92,0.13591813281408885,4.105312803799418
1393,13.93,0.27797831469368206,4.404689982298889
1394,13.94,0.13753256264450756,4.173377376958797
1395,13.950000000000001,0.014815884327117779,4.4247427783885245
1396,13.96,0.20573961884707787,4.055686247494193
1397,13.97,0.06322388959688643,4.092506825908379
1398,13.98,0.15488508312017554,4.1557592765512625
1399,13.99,0.2535066340990804,4.201970972452186
1400,14.0,0.25264570705150335,4.1601860601183285
1401,14.01,-0.017423617552070697,4.111313195789201
1402,14.02,0.15429683196697144,3.883998452260964
1403,14.030000000000001,0.18687455607659711,3.9471521936310836
1404,14.040000000000001,0.15022672960912464,4.2113722823251045
1405,14.05,0.33623650925259596,4.169869407360729
1406,14.06,0.009541871759231851,4.377129253306656
1407,14.07,0.06391134683521481,4.000056841419546
1408,14.08,0.1865798980264058,4.331823321890495
1409,14.09,0.10399377962541559,4.454805147845273
1410,14.1,0.10490283863186761,4.26934500259027
1411,14.11,0.11185473942907065,4.117284289915776
1412,14.120000000000001,0.05450810189852867,4.151342957170457
1413,14.13,0.25216243059511506,3.8273689384991707
1414,14.14,0.0939216054546276,4.103480390008396
1415,14.15,0.136885402522964,4.077865435542357
1416,14.16,0.2693689045896104,4.168327437349819
1417,14.17,0.09361551043408517,3.818259594323002
1418,14.18,0.0606701168642053,3.975163448444236
1419,14.19,0.0693159968121453,4.223433853107311
1420,14.200000000000001,0.0949814972799599,4.257219153558337
1421,14.21,0.04811763588544336,4.182897284951714
1422,14.22,0.10659971440638322,4.070313987462004
1423,14.23,-0.006920517578943991,4.118684469102141
1424,14.24,0.20870188650579913,4.016013779279877
1425,14.25,0.3013487968242021,4.25597831198144
1426,14.26,0.3035628216532813,4.187303281126094
1427,14.27,0.13555169714789908,3.9091165526014438
1428,14.280000000000001,0.17231699682773619,4.251126669977696
1429,14.290000000000001,0.1362452118106859,3.866164750557443
1430,14.3,0.20098500775480432,3.813092883672834
1431,14.31,0.0827988469400258,3.8920212128747833
1432,14.32,0.20990673880550265,4.048107701361654
1433,14.33,0.06282959643447276,4.078252679684964
1434,14.34,0.23383377897714275,3.862880864797418
1435,14.35,0.1403998244749143,4.069177540824787
1436,14.36,0.18152770650393668,3.960892487726353
1437,14.370000000000001,0.1553278832780745,4.148965021615079
1438,14.38,0.0882744083489021,3.6663342558125858
1439,14.39,0.1898995774562583,3.7488102799165857
1440,14.4,0.1501824079833838,3.8241951559536043
1441,14.41,0.2468756572753897,3.92944771303894
1442,14.42,0.3223385245772199,3.688934658611328
1443,14.43,0.053843327092338134,4.054404018879384
1444,14.44,0.14759101231893382,4.0563281111181935
1445,14.450000000000001,0.24072438907907334,4.132952251915587
1446,14.46,0.2632851405509651,3.8759116784757826
1447,14.47,0.11957460379912233,3.8524065361534614
1448,14.48,-0.04596405109762372,4.221012351352081
1449,14.49,0.22366097671548324,3.7214949407892677
1450,14.5,0.3037452487596274,4.040981566371676
1451,14.51,0.13313760321589185,4.123863276915565
1452,14.52,0.2013603488188291,3.7790164521533693
1453,14.530000000000001,-0.047689227996251415,3.854025946035432
1454,14.540000000000001,0.2525403914768195,3.9628766726081586
1455,14.55,0.29941568392443607,3.7211837413866653
1456,14.56,0.1791732248381809,3.650602011901582
1457,14.57,0.2947334533686887,3.954682341721542
1458,14.58,0.15706647871010437,3.7369017859711633
1459,14.59,0.022718504054223737,3.9241081584229267
1460,14.6,0.15538485187561232,3.584704256882916
1461,14.61,0.2141905533536957,3.720812083552746
1462,14.620000000000001,0.033326976194016145,3.8804967456421693
1463,14.63,0.16608275529451236,3.8000642256506767
1464,14.64,0.23542056197234018,3.6880895666697207
1465,14.65,0.012122950205550015,3.3875008409441643
1466,14.66,0.14044179486545263,3.530507162178272
1467,14.67,0.18513618367820425,3.5172340134013127
1468,14.68,0.1334443070070215,3.724599513234047
1469,14.69,0.12754299592191753,3.6329723994126586
1470,14.700000000000001,0.33043319541669813,3.780849369001699
1471,14.71,0.2627737090818576,3.6974619864352802
1472,14.72,0.1696550803441989,3.7867396748373023
1473,14.73,0.02420132100743977,3.6019642205960647
1474,14.74,0.12452145730358125,3.7082805598243276
1475,14.75,0.033472674509473804,3.859417774809069
1476,14.76,0.20668302103960254,3.7376242855862594
1477,14.77,0.21171517754445646,3.5524938322072863
1478,14.780000000000001,0.13992938671201482,3.241532582613817
1479,14.790000000000001,0.2208528031823595,3.6558810417334593
1480,14.8,0.23275305165399487,3.654249974935008
1481,14.81,0.12054818067071832,3.810392855898555
1482,14.82,0.2283267818987222,3.635386707609415
1483,14.83,0.1761447256213317,3.759526480838236
1484,14.84,0.12784714418662263,3.638339071102197
1485,14.85,0.25429839197176535,3.7664505483524917
1486,14.86,0.25452542993741006,3.705961080640819
1487,14.870000000000001,0.24174360251246743,3.3123964307469245
1488,14.88,0.1477130928751897,3.6474845129102653
1489,14.89,0.07308225578900743,3.5589840468008003
1490,14.9,0.20193914787733994,3.2931512535902576
1491,14.91,0.20828115639073042,3.3139295225564607
1492,14.92,0.23739115644701014,3.3277283766277517
1493,14.93,0.263897238092436,3.3697816761594352
1494,14.94,0.0256537061091488,3.650275020909921
1495,14.950000000000001,0.31900875972500475,3.922081568719124
1496,14.96,0.2183298460838803,3.8399199980542926
1497,14.97,0.16478649992029945,3.767070367029339
1498,14.98,0.2629113684642001,3.59869231221169
1499,14.99,0.33097556135539596,3.7133762235636083
1500,15.0,0.09905597979655403,3.3927519884889104
1501,15.01,0.3616881762082841,3.5357725604813397
1502,15.02,0.15309014609166963,3.5655621219476585
1503,15.030000000000001,0.3567817493819886,3.2047963132714874
1504,15.040000000000001,0.2641655227070555,3.483896774085145
1505,15.05,0.2567307056467934,3.750192051168609
1506,15.06,0.06847572499272209,3.634641943155777
1507,15.07,0.33406121969332847,3.404664731133993
1508,15.08,0.16581544287384753,4.061596851887091
1509,15.09,0.37981883264039207,3.467873211504968
1510,15.1,0.3349628504592292,3.6337447439916506
1511,15.11,0.20249602285863422,3.243836211442458
1512,15.120000000000001,0.25041127129383595,3.812027558563619
1513,15.13,0.34888903426598755,3.9102976378101006
1514,15.14,0.1787347479752258,3.288584138701617
1515,15.15,0.37161730301264845,3.498131152139453
1516,15.16,0.24494357535318967,3.478049779736861
1517,15.17,0.29948005880603257,3.819411706031041
1518,15.18,0.2367238403381488,3.5356290024547525
1519,15.19,0.2903031238285842,3.6509093329863656
1520,15.200000000000001,0.17549367945089772,3.5928188073952243
1521,15.21,0.22656907139110263,3.7009212994475478
1522,15.22,0.2853387706288233,3.34229029875248
1523,15.23,0.4029334472467597,3.7297688913026095
1524,15.24,0.391348799089024,3.656503493819606
1525,15.25,0.25491482558545914,3.4717729852074464
1526,15.26,0.4487159082811878,3.444718403162323
1527,15.27,0.24200089396782226,3.350402022573788
1528,15.280000000000001,0.06097732664276209,3.675802064296898
1529,15.290000000000001,0.27939950254514195,3.9561403524664387
1530,15.3,0.31023533544549514,3.423563956754776
1531,15.31,0.3750605059178291,3.868974250080286
1532,15.32,0.24850434084132927,3.556735565224177
1533,15.33,0.19363364611184308,3.3880078725374165
1534,15.34,0.34838595079820533,3.385425924082913
1535,15.35,0.1940950413677927,3.906730764978618
1536,15.36,0.2917413695436891,3.275361817778769
1537,15.370000000000001,0.37788108119892194,3.1726884379872855
1538,15.38,0.21713009945558637,3.5334284437628103
1539,15.39,0.24448876254762006,3.679960794043169
1540,15.4,0.24662048121080682,3.248086221048407
1541,15.41,0.3805027234374377,3.55806286741206
1542,15.42,0.3542491776674166,3.64035515713009
1543,15.43,0.21238484227442964,3.335911359545439
1544,15.44,0.26395057903755414,3.517670646646674
1545,15.450000000000001,0.44762334787233715,3.4094592160484147
1546,15.46,0.48248187229444084,3.434619225326258
1547,15.47,0.39000505034831034,3.4545406528295146
1548,15.48,0.36143558451424707,3.33575246380156
1549,15.49,0.2949663052461398,3.4728007082044647
1550,15.5,0.38185467671405054,3.290528174867192
1551,15.51,0.47520788542689657,3.3456244991790007
1552,15.52,0.33108776009771784,3.3814280012936404
1553,15.530000000000001,0.2837966450123475,3.6475897709963068
1554,15.540000000000001,0.4143192686179486,3.109494157652702
1555,15.55,0.4962368409299512,4.064862392952582
1556,15.56,0.5267708283517464,3.3981645268158367
1557,15.57,0.2843108297552745,3.253364401272338
1558,15.58,0.38443263450919724,3.5738291457322133
1559,15.59,0.5042882242610992,3.669506714480164
1560,15.6,0.40902441919166715,3.404436696302183
1561,15.610000000000001,0.46324070425534625,3.7198746027891567
1562,15.620000000000001,0.39057748806947085,3.3492692701039184
1563,15.63,0.31813422436039873,3.5622847466493552
1564,15.64,0.4059328786720507,3.1470126062350983
1565,15.65,0.46860747947752845,3.662412039025339
1566,15.66,0.4966792669860283,3.80643978031806
1567,15.67,0.5308189378859972,3.9424167324867714
1568,15.68,0.35118990281182566,3.3509297455118223
1569,15.69,0.3256592866174635,3.5619088231087432
1570,15.700000000000001,0.45804127771961983,3.3203222463783177
1571,15.71,0.2556787626843715,3.6007795185932356
1572,15.72,0.42267481475496926,3.258817921226306
1573,15.73,0.3767262291634448,3.621193294644353
1574,15.74,0.3238203730720229,3.582500980815981
1575,15.75,0.6752405146862369,3.560662122910318
1576,15.76,0.39191065604767533,3.5634854699066785
1577,15.77,0.5821220734736902,3.5609380042818772
1578,15.780000000000001,0.5550663436773704,3.4805760776193453
1579,15.790000000000001,0.48575686358464054,3.3303451181530885
1580,15.8,0.39975002448028574,3.3645634154587825
1581,15.81,0.5357804934197518,3.55987470407375
1582,15.82,0.3702325195663788,3.5317087240299574
1583,15.83,0.40972736688863937,3.4990093764126255
1584,15.84,0.6606173719291804,3.4383519531734232
1585,15.85,0.4665872423916732,3.664529175205485
1586,15.860000000000001,0.731040243299417,3.2264825126248113
1587,15.870000000000001,0.5396573507548142,3.8264154935677395
1588,15.88,0.4003794942141031,3.4481049318164945
1589,15.89,0.4071348397709711,3.4797676619183875
1590,15.9,0.6919243776352162,3.3968583300227544
1591,15.91,0.7034273787490104,3.8356658678030415
1592,15.92,0.56440927667023,3.9248246986285507
1593,15.93,0.5833885032743309,3.5001950989676316
1594,15.94,0.570457306954966,3.67712898276614
1595,15.950000000000001,0.62542127988659,3.6890094134731184
1596,15.96,0.5246719535701593,3.793661098657874
1597,15.97,0.6539692104609132,3.500502493727499
1598,15.98,0.6787564948159223,3.6596233685656707
1599,15.99,0.621579631067892,3.8044086002424082
1600,16.0,0.6455956046831539,3.862844833063037
1601,16.01,0.7527431260633721,3.518863278678167
1602,16.02,0.45701456108827265,3.43356549346902
1603,16.03,0.5043751638744882,3.603015245374052
1604,16.04,0.6951768499402056,3.6542414792443254
1605,16.05,0.779456249648101,3.3241267600045314
1606,16.06,0.6105820703098209,4.033597494733787
1607,16.07,0.8496561459865999,3.6589488661590006
1608,16.080000000000002,0.8235115582997157,3.764748244838586
1609,16.09,0.6907967024052365,3.52683443290997
1610,16.1,0.7802100636558124,3.930752087828906
1611,16.11,0.6575101245979035,3.7341583736769013
1612,16.12,0.8141941693059369,3.678874253349632
1613,16.13,0.8696143493457601,3.7922241500576677
1614,16.14,0.6812508091128061,3.872731216233889
1615,16.15,0.6744248306010235,3.6994194886487524
1616,16.16,0.7359796827550923,3.828174220516424
1617,16.17,0.8614569669630414,3.7360116053154493
1618,16.18,0.6734803688139595,3.668455559643366
1619,16.19,0.708827768365702,3.902198378777275
1620,16.2,0.8250303844926831,3.4242871946366313
1621,16.21,0.7631888326538283,3.65860300349001
1622,16.22,0.8017636984159126,3.7979755397336166
1623,16.23,0.866287363500207,4.168285487020246
1624,16.240000000000002,0.8665674316577929,3.1594464009210843
1625,16.25,0.831805617516521,3.984371963516677
1626,16.26,0.8994851914991472,4.005049226860587
1627,16.27,0.8231761895144611,3.7634937318570145
1628,16.28,0.8084851627246843,3.916702080411931
1629,16.29,0.8552678317182645,3.9476264043273086
1630,16.3,1.105088776305445,4.018058716406517
1631,16.31,0.98517133441464,4.166006920216758
1632,16.32,0.8613903422313267,3.7318368007397966
1633,16.330000000000002,0.9736342719733978,3.462697684366218
1634,16.34,1.0904170675372766,3.905290340884156
1635,16.35,1.0350053054020252,3.5242458436722077
1636,16.36,0.9209840221302495,4.020490263659154
1637,16.37,0.9372375596315251,3.9630572969343865
1638,16.38,0.8601879843479099,4.293901389170426
1639,16.39,0.8313060565214392,4.335753689862543
1640,16.4,0.9212341419077692,4.209226439310211
1641,16.41,1.1161200221908971,3.887949953735984
1642,16.42,1.304461745200416,3.6747222461861178
1643,16.43,0.9355849826283661,3.7734051355728866
1644,16.44,1.0813364527965408,3.7698466304230323
1645,16.45,1.0717280707087464,3.8625730368912983
1646,16.46,0.9668768587975133,3.9368509405513086
1647,16.47,0.9775083060491967,4.082770198709534
1648,16.48,1.1856274720755045,4.326556125603238
1649,16.490000000000002,0.9519048458620805,3.849185543551066
1650,16.5,1.1730467745892117,4.186573021926181
1651,16.51,0.9471913146252549,4.304072029822643
1652,16.52,1.1673909773851423,4.003791549396688
1653,16.53,1.2036952163643433,3.8369320071132385
1654,16.54,1.1232264412242312,3.9835057533481946
1655,16.55,1.021470882664188,4.152687416008721
1656,16.56,1.0948951416262571,3.933317303912963
1657,16.57,1.1441241292217448,4.096733185490473
1658,16.580000000000002,1.353550586025189,4.202486183858179
1659,16.59,1.0974518664746244,3.8935934350029164
1660,16.6,1.1204377505840184,4.001374841098517
1661,16.61,1.1897019285987327,3.8898077064286714
1662,16.62,1.4436279975076565,4.161646074034637
1663,16.63,1.2270265652715193,3.8528637472733047
1664,16.64,1.310550665413894,4.294203930907933
1665,16.65,1.1996708267778378,3.991432494765479
1666,16.66,1.3976351227744863,4.251690896648001
1667,16.67,1.4299611120900377,3.875423044421592
1668,16.68,1.3891755645938568,3.891904425086849
1669,16.69,1.2997156576138185,4.126516446080345
1670,16.7,1.3548068432046758,4.129478416114607
1671,16.71,1.0757691203145274,4.226375344733243
1672,16.72,1.443360793504477,4.268719613036296
1673,16.73,1.5851802772314252,4.29260142642237
1674,16.740000000000002,1.2719074787035127,4.139689930268641
1675,16.75,1.3539054152302068,4.407727525685929
1676,16.76,1.4036325706824029,3.9895363842976996
1677,16.77,1.3994093858668832,4.1859848729907565
1678,16.78,1.3153473101511741,4.115323843554123
1679,16.79,1.4450072222766517,4.120277718654661
1680,16.8,1.4770832994964684,4.061251973536759
1681,16.81,1.3684627053105836,4.298172382392433
1682,16.82,1.4872600549622235,4.299980255198318
1683,16.830000000000002,1.3693870458204045,4.354847103812677
1684,16.84,1.6057110774703771,4.374550617090866
1685,16.85,1.7475486319110694,4.259750305950869
1686,16.86,1.4683486698291233,4.103923484608728
1687,16.87,1.4310564981464275,4.088761953481182
1688,16.88,1.4775931585860052,4.337634471726144
1689,16.89,1.6012137355676355,4.351665966329762
1690,16.9,1.5901741249627028,4.5583618794671805
1691,16.91,1.500684078453807,4.4208237087640585
1692,16.92,1.5252629652504233,4.489659675165225
1693,16.93,1.660278426254192,4.340922439609366
1694,16.94,1.5664170909385207,4.046450497761204
1695,16.95,1.4760784663436632,4.286305120937513
1696,16.96,1.5546178947927183,4.450731970014983
1697,16.97,1.678555964587056,4.325946099005194
1698,16.98,1.6204194112334118,4.277835489046848
1699,16.990000000000002,1.4779742635570907,4.447744731574905
1700,17.0,1.4828908320336542,4.712543008342524
1701,17.01,1.6976308898874075,4.348222909698591
1702,17.02,1.6244931630705874,4.055391642795684
1703,17.03,1.7217451481883437,4.670191111692684
1704,17.04,1.6934003881750668,4.580364128449534
1705,17.05,1.800691835763154,4.787740551619067
1706,17.06,1.7454404627328326,4.5965475413843855
1707,17.07,1.7098081964227698,4.673610153345237
1708,17.080000000000002,1.772804505527257,4.693178328036502
1709,17.09,1.892994728102968,4.878098359964331
1710,17.1,1.9590446621874102,4.768665154656838
1711,17.11,1.7337050303685841,4.512548180638382
1712,17.12,1.8399555952998323,4.447615892765491
1713,17.13,1.9008570729271785,4.320723237670611
1714,17.14,1.7862971835676509,4.9722411739368155
1715,17.150000000000002,1.7802193457196562,4.63868052748131
1716,17.16,1.8790593164926155,4.678544004638981
1717,17.17,1.8481942143578478,4.851548119089069
1718,17.18,1.7636221430812644,4.650700714279442
1719,17.19,1.8084165727556842,5.045439107965661
1720,17.2,1.9034392552868125,5.046922970118725
1721,17.21,2.046412683689371,5.092246794552517
1722,17.22,1.8176177446028947,4.750968767082051
1723,17.23,1.9225442840734968,4.86357641800786
1724,17.240000000000002,1.9938154559246328,4.877623254883407
1725,17.25,2.067426265906393,5.294814402936408
1726,17.26,1.8950668186440225,4.830742206316394
1727,17.27,1.940762468160778,4.891930266915393
1728,17.28,1.832518750626701,5.268563221770617
1729,17.29,1.928846191542659,4.772262463855949
1730,17.3,2.0499292261687456,4.92487219725956
1731,17.31,1.9831513725909138,4.830257160218242
1732,17.32,1.9302158371747429,5.177689583549495
1733,17.330000000000002,1.9501224845288472,5.202660660174199
1734,17.34,1.9914152791876802,5.064519819137173
1735,17.35,2.0422221792799595,4.994179512426425
1736,17.36,1.9590224490004449,5.14285479522337
1737,17.37,1.9714888559278079,5.0984807043941425
1738,17.38,2.027222679789125,5.009124129504602
1739,17.39,1.9756293434075174,4.9582156301751565
1740,17.400000000000002,2.0778605431782613,4.97490655840347
1741,17.41,2.045774128870318,4.735636746730126
1742,17.42,2.0191692816211915,5.358042531189396
1743,17.43,2.0046244355874947,5.059239652297195
1744,17.44,1.9401530193017782,5.446842245740661
1745,17.45,2.061020659080467,4.909704422827702
1746,17.46,2.0249733409752153,5.101432327371494
1747,17.47,2.053837932411123,5.147008386857233
1748,17.48,2.0037501594630105,5.296848801773223
1749,17.490000000000002,2.027496033120424,5.112753964655145
1750,17.5,2.069214774959679,4.923979816728763
1751,17.51,2.292274255765638,5.103835229830657
1752,17.52,2.0051326847304596,5.220413917367516
1753,17.53,1.9927472653789131,5.280849730919842
1754,17.54,2.1412114551955006,5.298023957360819
1755,17.55,2.1719641860099617,5.346269117209536
1756,17.56,2.2194287013107816,5.421204314045247
1757,17.57,2.040180235470543,5.124976675513158
1758,17.580000000000002,2.069427253617964,5.623808840862328
1759,17.59,1.9972856327444175,5.340775266694966
1760,17.6,2.0573076496356255,5.3969029452254516
1761,17.61,2.0878280237691214,5.8528645614007475
1762,17.62,2.1629880441621765,5.398549458874926
1763,17.63,2.085588324861691,5.721033589232584
1764,17.64,2.0509304078955473,5.606786311179246
1765,17.650000000000002,2.126701195832951,5.363366832391187
1766,17.66,2.1412218936164575,5.447195331511183
1767,17.67,2.1545038669594767,5.187516759615639
1768,17.68,2.1543834629583603,5.359536499849909
1769,17.69,2.106531163276074,5.1658373240273265
1770,17.7,2.2219332948926924,5.4350715405682255
1771,17.71,2.1978884845461124,5.51443218828859
1772,17.72,2.1229629431160535,5.537798331775303
1773,17.73,2.239268110734878,5.502064152295441
1774,17.740000000000002,2.1139470398613978,5.3826991296902476
1775,17.75,2.2440970743641557,6.031230400513087
1776,17.76,2.188120090457556,5.950461223827982
1777,17.77,2.0796617062191434,5.805698083630454
1778,17.78,2.1783514842093212,5.553954118307901
1779,17.79,2.2520705361821745,5.728493341393068
1780,17.8,2.19686578415699,5.4198855025176
1781,17.81,2.064045000427145,5.565249070983073
1782,17.82,2.089837222549762,5.689943719548935
1783,17.830000000000002,2.110959697653779,5.821801057675679
1784,17.84,2.1422027263284287,5.877842666241717
1785,17.85,2.2117578700791785,5.950119883538442
1786,17.86,2.181175037746897,5.869667712790412
1787,17.87,1.916015742951618,5.859224847179928
1788,17.88,2.2349069496542837,6.154178550868579
1789,17.89,2.0489856682489673,6.084006036881949
1790,17.900000000000002,1.990907815095722,5.6851000596140056
1791,17.91,2.135570522275072,5.631601559721933
1792,17.92,2.0824941800697703,5.9446634389955895
1793,17.93,2.179221870957441,5.7370182680937
1794,17.94,2.2064441323870025,6.016681875812064
1795,17.95,2.0251252222780396,6.038742689545513
1796,17.96,2.1864395907904504,6.014101817892075
1797,17.97,2.0266364125839345,5.920118216369642
1798,17.98,2.349082963278246,5.5903701255126546
1799,17.990000000000002,2.0789493082443933,6.013433324583698
1800,18.0,2.2333108216283097,5.629861513828174
1801,18.01,2.091587231366403,5.934000861592036
1802,18.02,2.1164703862570895,6.062964991780523
1803,18.03,2.202244110166421,6.02031147327135
1804,18.04,2.2940442093991575,6.088868887538199
1805,18.05,2.15300986277077,5.954585222322762
1806,18.06,2.1849186920618084,6.320345578779934
1807,18.07,2.148735471612718,6.021326968203466
1808,18.080000000000002,2.1528414702012078,6.054305268407801
1809,18.09,2.0753357809657382,6.060246296701053
1810,18.1,1.88461995014404,6.317867440669871
1811,18.11,2.0393540960590992,5.931004993172511
1812,18.12,2.2515014406776195,5.95755267879411
1813,18.13,2.141358639460161,5.8244879804492165
1814,18.14,2.1872870758751066,6.185087021281694
1815,18.150000000000002,2.091753185672315,6.226287287231606
1816,18.16,2.3284601319605884,6.0234571624908915
1817,18.17,2.0835336274738148,6.49373394437349
1818,18.18,2.1468217812347934,6.634973747490182
1819,18.19,2.200656130297462,6.2711525515923885
1820,18.2,1.8920734227316691,6.477415450432109
1821,18.21,2.1072964963836647,6.017334333518295
1822,18.22,2.0472542380746246,6.304544176973813
1823,18.23,2.1097849311005574,6.20176616957836
1824,18.240000000000002,2.0684993025717784,6.127430739099673
1825,18.25,2.032793648723287,6.0040713647386985
1826,18.26,2.093164890711327,6.565091993271973
1827,18.27,2.103718397892239,6.5910859694523065
1828,18.28,2.0730932727304454,6.414275388922099
1829,18.29,2.0725020358378825,6.1574452578268115
1830,18.3,2.054141487307669,6.408113536745112
1831,18.31,2.10922175091804,6.073647440352415
1832,18.32,2.0618420108547446,6.244469440019251
1833,18.330000000000002,2.1216796843155765,6.325147743871946
1834,18.34,2.0950125389548444,6.508313254244368
1835,18.35,2.120392111627882,6.8443617438169255
1836,18.36,1.9974407393528297,6.603038211388216
1837,18.37,2.017019597312762,6.516364625574038
1838,18.38,1.9660736672120434,6.586432590582145
1839,18.39,2.0659766082465647,6.44058873856407
1840,18.400000000000002,2.0905794265414412,6.416483827931339
1841,18.41,2.0201213061083956,6.0867398413334515
1842,18.42,2.0802975806104,6.445963624633862
1843,18.43,2.0861315609713813,6.3264283868973585
1844,18.44,2.047261508084558,6.345842551798532
1845,18.45,2.1415545881752105,6.888030304386301
1846,18.46,1.9055483335748813,6.087985654414263
1847,18.47,2.1275394495090834,6.2206609831977655
1848,18.48,2.149687863071416,6.437425502222891
1849,18.490000000000002,1.8198725055879617,6.655013551787082
1850,18.5,2.146049379626749,6.7075779303690615
1851,18.51,1.9231199116080497,6.307082946619109
1852,18.52,1.8646546150191432,6.7891769286538555
1853,18.53,1.8187128841270095,6.818341762627973
1854,18.54,2.0064415286694137,6.379931472126553
1855,18.55,1.951914870754175,6.560041447757174
1856,18.56,1.9724443758082846,7.052158235692057
1857,18.57,1.919097657686962,6.641632760682985
1858,18.580000000000002,2.040221051645118,6.513533067006624
1859,18.59,1.8825265859111022,6.839918319679267
1860,18.6,2.0558591813898666,6.838052402612474
1861,18.61,2.0351205218809243,6.765697625196071
1862,18.62,2.1386619310239148,6.588100930970033
1863,18.63,2.046473045958953,6.751838049349837
1864,18.64,2.0492165861849516,6.834574652712743
1865,18.650000000000002,1.891334575771164,6.860140964835594
1866,18.66,1.9020434796252927,6.707066768724863
1867,18.67,1.9637468104695994,6.928548251867293
1868,18.68,2.0007794664523813,6.874168119799134
1869,18.69,1.8451128961950902,6.832568992396577
1870,18.7,2.055100205826276,6.572027312668248
1871,18.71,1.9882948186864677,6.873137232387468
1872,18.72,1.999145778275969,6.797264441608062
1873,18.73,1.967763626790889,6.917221236297752
1874,18.740000000000002,2.079663576968203,6.945641509333782
1875,18.75,1.889009545777708,6.876717724559403
1876,18.76,1.8182824404384366,6.696516236183954
1877,18.77,1.8298603805032654,7.053243350225033
1878,18.78,1.8035873432657628,6.76836251291053
1879,18.79,1.9388878216870893,6.7757410466612455
1880,18.8,2.0231345763717763,6.781594028944315
1881,18.81,1.8839138380839713,6.7344272784917365
1882,18.82,1.8933582776019544,7.125715899004158
1883,18.830000000000002,1.911170895538476,6.920964236948946
1884,18.84,1.7488065907344374,6.805103556709732
1885,18.85,1.8363856459579377,6.801191347051879
1886,18.86,1.8712516817585874,6.997450397389221
1887,18.87,1.7798505834521308,6.755861993373585
1888,18.88,1.8545960938510095,7.021116146518864
1889,18.89,1.841328638297658,7.149801283597669
1890,18.900000000000002,1.8453799793643952,6.764554977735671
1891,18.91,1.7500419506914326,6.74465205044844
1892,18.92,1.7642170863172522,7.3320070400282615
1893,18.93,1.8072637337694617,6.7915537791234515
1894,18.94,1.7256699586307647,6.8061394597471265
1895,18.95,1.7415734972902641,7.152465342976502
1896,18.96,1.8742154352590272,6.858406185522227
1897,18.97,1.7134915704450058,6.745824930971976
1898,18.98,1.6826674086799969,7.242904714617658
1899,18.990000000000002,1.690804454096401,7.4159028029118685
1900,19.0,1.727900280424137,6.954658364542821
1901,19.01,1.848627434516789,7.118380781089565
1902,19.02,1.8859768598300939,7.235334683405272
1903,19.03,1.8452910473841408,7.364207360915221
1904,19.04,1.8073228886032247,7.102398936129224
1905,19.05,1.817403462836613,6.6920670596018805
1906,19.06,1.8702809906170512,6.988543376004201
1907,19.07,1.9070041613097022,7.153118720116939
1908,19.080000000000002,1.809892342898483,7.265066413616549
1909,19.09,1.7700493388795644,7.185200291939126
1910,19.1,1.768218152162141,6.851899568223414
1911,19.11,1.6392617611918177,6.502995002280879
1912,19.12,1.6887403257249942,7.4023757558544965
1913,19.13,1.8324370345323648,6.788334464933135
1914,19.14,1.5330687137982362,7.24330363647197
1915,19.150000000000002,1.6565465664708672,7.227823088461144
1916,19.16,1.5583725452491848,7.2597501986064445
1917,19.17,1.7240231529627392,7.24964931271649
1918,19.18,1.652471708848089,6.843445631161667
1919,19.19,1.5739544479457754,7.000206461204255
1920,19.2,1.6713073521046087,7.162931086807485
1921,19.21,1.6252106685971657,7.298349148327048
1922,19.22,1.5856005799072808,7.496707264192328
1923,19.23,1.6215119108126328,7.584300993476795
1924,19.240000000000002,1.6767072524487419,7.185631037325732
1925,19.25,1.6332982637189373,7.354935157831465
1926,19.26,1.5320261799881745,7.346356605676354
1927,19.27,1.6311507962342233,7.197412409743076
1928,19.28,1.6417783622947637,7.148193670232887
1929,19.29,1.4958685433895547,7.437045951008148
1930,19.3,1.4598424651067905,7.208672378279981
1931,19.31,1.5273096092017835,7.05567965982036
1932,19.32,1.749686529183239,7.384004265151743
1933,19.330000000000002,1.4113353325639446,7.498336115903806
1934,19.34,1.5418219203961485,7.454041570787652
1935,19.35,1.7214671755018771,7.263226991615251
1936,19.36,1.5659028546027882,7.605136579941608
1937,19.37,1.6496898417690566,7.571550235635261
1938,19.38,1.3295348504152442,7.327045332056183
1939,19.39,1.662329777817526,7.3397434886157775
1940,19.400000000000002,1.4577934340395606,7.316000485486536
1941,19.41,1.560778604645183,7.17592679424452
1942,19.42,1.5679329963265496,7.399160167852202
1943,19.43,1.6256071198639341,7.023860374572991
1944,19.44,1.4696569337973016,7.555135127878625
1945,19.45,1.4569141074856355,6.989727426877918
1946,19.46,1.5302433956516697,7.552502541617343
1947,19.47,1.469477308969759,7.392964179929515
1948,19.48,1.4823470804544154,7.368994508828414
1949,19.490000000000002,1.4964576795582039,7.534031911658016
1950,19.5,1.4057869452893197,7.246326409994718
1951,19.51,1.5047132757184907,7.3887710969807205
1952,19.52,1.4987901410376514,7.420704466799079
1953,19.53,1.5700734764378155,7.672185069741083
1954,19.54,1.3266214866784751,7.5028610000951
1955,19.55,1.4924811359085546,7.1290387768211225
1956,19.56,1.1867153202279281,7.566534392177824
1957,19.57,1.27004449509682,7.1555626096701745
1958,19.580000000000002,1.2965130139512215,7.432977064551563
1959,19.59,1.2710344335829462,7.173956495519472
1960,19.6,1.3147531170941662,7.721366360253977
1961,19.61,1.469151627262387,7.35795360680451
1962,19.62,1.3803454312775119,7.649340179077354
1963,19.63,1.4206883965311192,7.4997166985951065
1964,19.64,1.4248877593331912,7.568099779352313
1965,19.650000000000002,1.3657779411554083,7.714722796041651
1966,19.66,1.3610012390826527,7.331600114383814
1967,19.67,1.3242945796908039,7.424723363448029
1968,19.68,1.3864877794982284,7.358785578387142
1969,19.69,1.2950095722964616,7.529476901829667
1970,19.7,1.2854458239934814,7.473354864966586
1971,19.71,1.1684010569236531,7.187864889561185
1972,19.72,1.364814117241857,7.36140927539633
1973,19.73,1.309423819716318,7.6845760383999036
1974,19.740000000000002,1.4666774704323502,7.55782894614755
1975,19.75,1.2002483843536769,7.37389793252761
1976,19.76,1.1390345932594999,7.464709545340987
1977,19.77,1.191026509988523,7.41854255023271
1978,19.78,1.1652919205014824,7.515149161521963
1979,19.79,1.2278983367599061,7.772566097250353
1980,19.8,1.1108763478581232,7.545498482979544
1981,19.81,1.130969319160853,7.274855056487082
1982,19.82,1.148797443742033,7.3416770961777535
1983,19.830000000000002,1.3336592544588264,7.31331540001827
1984,19.84,1.2740818496647324,7.311194635572088
1985,19.85,1.074565680912647,7.41605441920052
1986,19.86,1.3059295059997011,7.401705961783434
1987,19.87,1.2715146281175056,7.555687978091132
1988,19.88,1.1604450922010583,7.320771535114137
1989,19.89,1.0724869627050588,7.40946295499812
1990,19.900000000000002,1.1508020191555268,7.745029323516064
1991,19.91,1.0148060678668414,7.677682976225839
1992,19.92,1.1718293895319893,7.0708156817847545
1993,19.93,1.1810883467923683,7.328421407820562
1994,19.94,0.9747828286006668,7.653083514119434
1995,19.95,1.210986532762214,7.09914252356059
1996,19.96,1.0325397110029697,7.555858520937949
1997,19.97,1.0239519283008742,7.6576088310497585
1998,19.98,1.0076131553309675,7.412197242608478
1999,19.990000000000002,1.3499519954948718,7.509780429041652
2000,20.0,1.1163789950410317,7.872724748890936
2001,20.01,0.935287522848355,7.368352773534932
2002,20.02,1.102157040418307,7.688075935517487
2003,20.03,1.2615830018686334,7.5562520937891
2004,20.04,1.0212712154990264,7.294487673271222
2005,20.05,1.0916542470015105,7.754089071407971
2006,20.06,1.1186501403723355,7.54330582452963
2007,20.07,1.0476219230860708,7.550877544719853
2008,20.080000000000002,1.0387986573899526,7.473530687236157
2009,20.09,1.1140655287527164,7.611391725155471
2010,20.1,1.0670450313047126,7.718248651649095
2011,20.11,0.9149131988408353,7.299201326523841
2012,20.12,1.114054029123825,7.715646870463103
2013,20.13,0.9523884615441953,7.559256977729971
2014,20.14,1.0007382017644972,7.128482267412891
2015,20.150000000000002,0.9396744022984287,6.9910537910284685
2016,20.16,1.0277209588977532,7.369394147898549
2017,20.17,0.9342405672102686,7.325892651083908
2018,20.18,1.0165495307665104,7.4453409857905495
2019,20.19,0.975967107425808,7.367036922112469
2020,20.2,1.013725912816817,7.47511668144181
2021,20.21,1.1348857925413136,7.369700214329912
2022,20.22,0.7858429750274188,7.3637438716629395
2023,20.23,0.9749759973781968,7.370475397582763
2024,20.240000000000002,0.8325554864318359,7.104999860141238
2025,20.25,0.8576791030949332,6.982271311492244
2026,20.26,1.1747730686322198,7.64007555722669
2027,20.27,0.9962665835094221,7.3751915547986
2028,20.28,0.9252926399173184,7.154474755153192
2029,20.29,0.8649587243243766,7.2301301406675496
2030,20.3,1.0643066949166302,6.712381508470023
2031,20.31,1.0123967682940673,7.316029845953025
2032,20.32,0.9083032937029227,7.402659133399716
2033,20.330000000000002,0.932639790185524,7.211558634656311
2034,20.34,0.8061841191553603,7.188160963920562
2035,20.35,0.9365015280048586,7.196793007258233
2036,20.36,0.9030805222440496,7.319191701042567
2037,20.37,0.9945984401040132,7.516744097654328
2038,20.38,0.6055620097697683,7.224005582724595
2039,20.39,0.8906484028352939,7.220093740280503
2040,20.400000000000002,1.005516880926101,7.33782734912759
2041,20.41,0.939456118945946,7.258102473243458
2042,20.42,0.7958256627196394,6.915146265396571
2043,20.43,0.8280941631748453,7.145368846768297
2044,20.44,0.7726480457613866,7.047414948070448
2045,20.45,0.8830173394708788,7.000077461934785
2046,20.46,0.8750279328974806,7.378951567065401
2047,20.47,0.8105284735734476,7.551910248880994
2048,20.48,0.8352169034446367,6.9250458706170805
2049,20.490000000000002,0.7576954508221542,6.803188807641964
2050,20.5,0.5998041221034164,6.888755222983198
2051,20.51,0.9171545030936699,6.95777464362404
2052,20.52,0.8283414294239938,6.602876938546024
2053,20.53,0.60935961246202,6.900476029172071
2054,20.54,0.7136708914054549,6.883555275209589
2055,20.55,0.7854587376291663,7.024269130658777
2056,20.56,0.8171900128727623,7.392796691018896
2057,20.57,0.7062327785144982,6.965312901847833
2058,20.580000000000002,0.8383708836393733,7.025204938756654
2059,20.59,0.902423519096586,7.077007378706096
2060,20.6,0.8413202069881045,7.279680165025766
2061,20.61,0.7173281078209334,6.895341604192646
2062,20.62,0.7237063762685525,7.130898761172427
2063,20.63,0.7611195166773129,7.319324344438676
2064,20.64,0.6407302663519746,7.078258677530397
2065,20.650000000000002,0.6617127760891526,6.566243022278758
2066,20.66,0.7258939763556383,7.214985739176293
2067,20.67,0.6797043626401801,7.271224546715275
2068,20.68,0.7600588897504418,6.868078486594593
2069,20.69,0.5637690452947474,7.116013464589147
2070,20.7,0.6723654200983435,7.063464285410771
2071,20.71,0.6797124249276397,7.040002093930309
2072,20.72,0.7854262636859713,6.878139068616217
2073,20.73,0.6729670467623871,6.780639913466776
2074,20.740000000000002,0.5918916099727829,6.774947736736029
2075,20.75,0.5623077088211978,7.148985135508329
2076,20.76,0.656906296148169,6.646624974135795
2077,20.77,0.7021192293487891,7.378326974809418
2078,20.78,0.679483123822789,7.008484801308099
2079,20.79,0.5706552008486354,7.070796309743495
2080,20.8,0.5901443615223956,6.673863844481648
2081,20.81,0.47846647580310686,6.871176305756661
2082,20.82,0.5091828197439323,6.753933684424117
2083,20.830000000000002,0.4699186022590067,6.883167670343594
2084,20.84,0.40791201921211256,6.811910575458739
2085,20.85,0.5395644078455398,6.746491818577705
2086,20.86,0.6189278444889378,6.558251215950602
2087,20.87,0.5060602167216386,6.736711939528457
2088,20.88,0.5448903391465059,6.7683845791532775
2089,20.89,0.5194130105056207,6.803237234399983
2090,20.900000000000002,0.5225435351944537,7.123608647134621
2091,20.91,0.6805427473930737,6.701457975007857
2092,20.92,0.5151350547285337,6.488679425263192
2093,20.93,0.5572552175132637,6.651260872285355
2094,20.94,0.7745610186623844,6.838067526859273
2095,20.95,0.7088796034725324,6.713905305811913
2096,20.96,0.49611025335278214,7.1224620602089
2097,20.97,0.5084848173195955,7.246159873461806
2098,20.98,0.6029672210233867,6.708517213821719
2099,20.990000000000002,0.5267105503664496,6.962295001259898
2100,21.0,0.6307842135874091,6.69937546543801
2101,21.01,0.4815064218458469,6.898278111314491
2102,21.02,0.46407769482301076,6.8949924864372205
2103,21.03,0.6212236004392722,6.448429202575075
2104,21.04,0.5945358645401496,6.876311618718145
2105,21.05,0.5020407464087371,6.661272049251334
2106,21.06,0.5001350830749924,6.605157846272753
2107,21.07,0.502978861205334,6.371024991391599
2108,21.080000000000002,0.5042616102044326,6.601146555957665
2109,21.09,0.5723059212723849,6.452199214639009
2110,21.1,0.4543247800965136,6.428341579055286
2111,21.11,0.37871380614423467,6.373767782153904
2112,21.12,0.5017713319178847,6.350038914458465
2113,21.13,0.39294546529742136,6.452758184061598
2114,21.14,0.4881233412565212,6.523018464949752
2115,21.150000000000002,0.4637761729342631,6.46376903622795
2116,21.16,0.5398265541171547,6.554453876978034
2117,21.17,0.4067075052276463,6.445414558376249
2118,21.18,0.26965007290062215,6.805156707098178
2119,21.19,0.3907699078044657,6.545368521027805
2120,21.2,0.5115848620435569,6.5274891743910075
2121,21.21,0.46911845682307696,6.808569600009532
2122,21.22,0.4058731973381162,6.473429458927714
2123,21.23,0.5084043516448266,6.525061610670699
2124,21.240000000000002,0.38586253762666073,6.418958559397836
2125,21.25,0.5430030509845177,6.392160816170154
2126,21.26,0.40411142245201753,6.050573420357669
2127,21.27,0.40746155688180974,6.347992134601618
2128,21.28,0.48038722792716393,6.365672334914792
2129,21.29,0.25598305172572977,6.287987247117176
2130,21.3,0.27422629721045244,6.440616077650771
2131,21.31,0.5193380879303822,6.254051580977367
2132,21.32,0.22544575036030604,6.5154768423084
2133,21.330000000000002,0.4366818461257323,6.1395161118467305
2134,21.34,0.31643150712298734,6.317200659968793
2135,21.35,0.44194544710247263,6.275035399075111
2136,21.36,0.352068473916791,6.417408386538705
2137,21.37,0.4525710303342964,6.274323969874604
2138,21.38,0.414737405687385,5.812465328319186
2139,21.39,0.4635766282692738,6.105202279521367
2140,21.400000000000002,0.3579925222476313,6.454383546243917
2141,21.41,0.4423255841718359,6.565570977116892
2142,21.42,0.2905205327683457,5.987079409677387
2143,21.43,0.21861130683594715,6.125680903951755
2144,21.44,0.3197824035875618,6.043336588795225
2145,21.45,0.16821684477802346,6.208719892816541
2146,21.46,0.2743097546031695,6.1196935502620455
2147,21.47,0.3016392765147422,6.208783285436102
2148,21.48,0.2100195808171489,6.078221044284041
2149,21.490000000000002,0.25999046983762353,6.455873453920761
2150,21.5,0.37600095758573293,6.01537928180116
2151,21.51,0.1494767650468112,6.609870079181449
2152,21.52,0.26369432022908795,6.176630743063232
2153,21.53,0.379149811408698,5.915760874687611
2154,21.54,0.3176256915745139,5.872935241832847
2155,21.55,0.31041225491031055,6.264885128153233
2156,21.56,0.18518747980896783,6.296395980644986
2157,21.57,0.3640389492396583,5.883603989983471
2158,21.580000000000002,0.4636874290506262,5.883688291508595
2159,21.59,0.10300837178182506,5.849961890115919
2160,21.6,0.1847788517269035,6.172488440135784
2161,21.61,0.2648071240845381,5.744094637585214
2162,21.62,0.16281665362411624,5.950910253727459
2163,21.63,0.2225523514237451,6.059320163971436
2164,21.64,0.24779414199583644,5.653981597696371
2165,21.650000000000002,0.42043317882862674,5.7837822096727685
2166,21.66,0.3658316583866444,5.77757281551088
2167,21.67,0.41967301898078113,5.910231265927255
2168,21.68,0.10392534554642952,5.84889143247739
2169,21.69,0.29878127681882,6.029159394824635
2170,21.7,0.222328342114822,5.765344058259697
2171,21.71,0.32519689441404104,5.462136272354064
2172,21.72,0.29024766101067606,5.733662816937619
2173,21.73,0.2500861354472027,5.96563234091105
2174,21.740000000000002,0.16425883767028604,5.956286342683464
2175,21.75,0.2950526790286315,5.940367195164437
2176,21.76,0.09152593646999252,5.852341779765198
2177,21.77,0.2279050240442067,5.590804478114034
2178,21.78,0.35350618456737876,5.794427568599463
2179,21.79,0.17516234497893823,5.634854778492746
2180,21.8,0.19734338033277277,5.580609795161699
2181,21.81,0.1740346442063967,5.8893156794452715
2182,21.82,0.06374574728151289,5.655780786810715
2183,21.830000000000002,0.22766552214795382,5.780775052069757
2184,21.84,0.21191750421865163,5.745108028699879
2185,21.85,0.3403360367091778,5.744327076592973
2186,21.86,0.08229694524492254,5.657806553269809
2187,21.87,0.3504809200099779,5.6955050192174514
2188,21.88,0.27843366499939126,5.632017091593043
2189,21.89,0.13773794340304485,5.277382121277864
2190,21.900000000000002,0.15536259786354217,5.624532910399839
2191,21.91,0.3403557672609284,5.527503344262288
2192,21.92,0.20983365477072324,5.524994697845222
2193,21.93,0.1837406123229205,5.764935503272066
2194,21.94,0.16295744540838092,5.33249023197745
2195,21.95,0.12723049017083454,5.599029830374351
2196,21.96,0.18268775310951335,5.6418115814933145
2197,21.97,0.13534676188209316,5.486626980494614
2198,21.98,0.1906358129859899,5.623104756769865
2199,21.990000000000002,0.23004961369834243,5.414329299063138
2200,22.0,0.2590695917082648,5.400845271382582
2201,22.01,0.2609190574636284,5.225701551500697
2202,22.02,0.3866562052717136,5.668532672976406
2203,22.03,0.34104968406717806,5.246163186154785
2204,22.04,0.22402846291602396,5.347740789419944
2205,22.05,0.2855074043392496,5.471059168034593
2206,22.06,0.23530646682580192,5.89078671879752
2207,22.07,0.1274160445995402,5.286229002212936
2208,22.080000000000002,0.277290322790529,5.149349590278778
2209,22.09,0.23398602573625327,5.249146550910864
2210,22.1,0.183474351675728,5.272572120484946
2211,22.11,0.22873126388403922,4.977410630147318
2212,22.12,0.19866628023465605,5.568150277481565
2213,22.13,0.19211481017548668,5.4290312908096166
2214,22.14,0.22376530553657686,5.269823306992452
2215,22.150000000000002,0.15944904241226776,4.94322929488505
2216,22.16,0.30230033068569717,4.8410668607021226
2217,22.17,0.1784087320614959,4.965998822027225
2218,22.18,0.1539780092060154,5.228994179451831
2219,22.19,0.21676403046554957,4.837809370732752
2220,22.2,0.1224516806868364,5.0045174652563285
2221,22.21,0.1277808797345469,4.944130057976145
2222,22.22,0.08073405571657065,5.2374922045147665
2223,22.23,0.1745730073818163,4.905968781398716
2224,22.240000000000002,0.2983098911511788,5.086352647280119
2225,22.25,0.24519689079116652,5.097540868687578
2226,22.26,0.19476611375360275,5.355776621351872
2227,22.27,0.09577159190590068,5.385792433237286
2228,22.28,0.19100000082797686,5.488516019578028
2229,22.29,0.23744342604871738,5.061976008422194
2230,22.3,0.10463139779016713,4.886802683758973
2231,22.31,0.09630827958974288,5.370488677063344
2232,22.32,0.3833631805491987,5.151526710179048
2233,22.330000000000002,0.18156227106541034,5.033207041900989
2234,22.34,0.17516414161411845,4.712426489745154
2235,22.35,0.33867234562891524,4.759965395192236
2236,22.36,0.05168597116705209,4.813644869471402
2237,22.37,0.19722262233059967,5.1243197491772055
2238,22.38,0.0862835622669933,4.777597052273959
2239,22.39,0.32775923968652976,4.920794566077528
2240,22.400000000000002,0.152682504396086,5.060556403615353
2241,22.41,0.2575186401450823,4.4372283505520445
2242,22.42,0.23402423000099892,4.988318015920725
2243,22.43,0.10591477324444057,4.795644322056503
2244,22.44,0.16418599051480098,4.62158489941376
2245,22.45,0.022191034879961075,4.973231351482747
2246,22.46,0.23640744114326973,4.761088733023277
2247,22.47,0.19595729188700373,5.359805656754421
2248,22.48,0.24128109247565113,4.963436991604162
2249,22.490000000000002,0.050180522577402645,5.089668208225001
2250,22.5,0.16454410970116057,4.6746607916725855
2251,22.51,0.24946012845002097,4.997497713645236
2252,22.52,0.21595256128162243,4.590514581614846
2253,22.53,0.1278603477606174,4.8293286386604715
2254,22.54,0.3102561903279887,4.533541422957118
2255,22.55,0.16840810653067212,4.7727143020914315
2256,22.56,0.19692269470484347,5.046645380235935
2257,22.57,0.20508937613785894,4.6948923502786775
2258,22.580000000000002,0.18930195877062872,4.533606206052131
2259,22.59,0.10494097740548991,4.752119402671888
2260,22.6,0.13830867262018165,4.90772725890036
2261,22.61,0.23370999162326328,4.713688806345237
2262,22.62,0.16167496874852888,4.465815882010558
2263,22.63,0.036421826739587645,4.354020607686576
2264,22.64,0.0839451521219832,4.800216750071565
2265,22.650000000000002,0.11145912466166069,4.827123408541382
2266,22.66,0.17598128832239823,4.626327945908699
2267,22.67,0.16597082954096376,4.463358482236969
2268,22.68,0.08359686423994313,4.238421439874173
2269,22.69,0.11358448603385002,4.650870192071615
2270,22.7,0.23321503381272402,4.662372809327411
2271,22.71,0.20788495032082266,4.722451439046149
2272,22.72,0.14995719961708884,4.798057898175156
2273,22.73,0.028855025347742688,4.505940167858463
2274,22.740000000000002,0.1977667500726392,4.753530304441261
2275,22.75,0.050874416423356106,4.564444228756137
2276,22.76,0.02053610616246279,4.398112545618384
2277,22.77,0.35196097295483525,4.959868381501509
2278,22.78,0.1682237691554596,4.663387188515179
2279,22.79,0.3001090015375706,4.874317601345021
2280,22.8,0.43723406965045275,4.6452195256209325
2281,22.81,0.22813739732018412,4.763796658328037
2282,22.82,0.23627927235771462,4.605997010575484
2283,22.830000000000002,0.02936943863370034,4.024269057890557
2284,22.84,0.04870952485865322,4.4617409915416735
2285,22.85,0.20939841031588916,4.351616899442936
2286,22.86,0.047632416324877344,4.519300892355756
2287,22.87,0.019345159284668928,4.907324570575063
2288,22.88,0.11993129603267522,4.427631439323778
2289,22.89,0.2822463887106864,4.886881396694239
2290,22.900000000000002,0.28532191022731873,4.228599691339417
2291,22.91,0.15205962004975962,4.175175501957529
2292,22.92,0.1648470151065729,4.064955428074878
2293,22.93,0.12366354186738465,4.385290716174899
2294,22.94,0.2441058387185587,4.293811529854182
2295,22.95,0.04773891747044984,4.500618799670225
2296,22.96,0.016524949643735076,4.663123765038962
2297,22.97,0.04601023166736558,4.201515822870446
2298,22.98,0.13522131365626214,4.0668171676162785
2299,22.990000000000002,0.24648425928645906,4.342972910088119
2300,23.0,0.11553248622145665,3.7758212721139013
2301,23.01,0.10539890162929133,4.562866297732309
2302,23.02,0.18026918790455335,4.327642877840606
2303,23.03,0.11441850314812105,4.265204821974839
2304,23.04,-0.014377859471570026,4.2961106554163395
2305,23.05,0.16389903551199791,4.519928393082338
2306,23.06,0.05173746562757442,4.102094793299943
2307,23.07,0.13750908001265166,3.916935673631456
2308,23.080000000000002,0.21125043261391002,4.225760033197668
2309,23.09,-0.005535565051581481,4.621139625614603
2310,23.1,0.14640964948074411,4.1137353114090285
2311,23.11,0.11487063621733057,4.1398529701438305
2312,23.12,0.2581834058614971,4.434211743781987
2313,23.13,-0.026305638475051935,4.087808139185259
2314,23.14,0.22708734106500378,4.435581007425352
2315,23.150000000000002,0.09122101698898795,4.0335443757639
2316,23.16,0.025501976063567064,4.060216778355951
2317,23.17,0.03636989273081634,4.573397754579835
2318,23.18,0.07730738199436457,4.450471956321025
2319,23.19,0.11041952495440417,4.1552534433669726
2320,23.2,0.07938717277874366,4.766942039270204
2321,23.21,0.24775458417587423,4.275271874377418
2322,23.22,0.07444303035582486,4.056742126116788
2323,23.23,0.1744501297168484,4.096084207844568
2324,23.240000000000002,0.35895397425950337,3.9576754667936145
2325,23.25,0.24641928483429104,4.379219742347729
2326,23.26,0.1293504050635149,4.276300430109704
2327,23.27,0.22316269174790748,3.9866748274257935
2328,23.28,0.18805200908846112,4.530930785270858
2329,23.29,0.09961108344906558,4.120051239299072
2330,23.3,0.20909430444160154,4.133289410075817
2331,23.31,0.13995977045483204,3.9422962491478275
2332,23.32,0.014377522790133157,4.145585863962061
2333,23.330000000000002,0.17585556964926563,4.296738694027576
2334,23.34,0.3454325677562254,4.054597394852143
2335,23.35,0.0899512179262763,3.776348047797932
2336,23.36,0.028988408420517253,4.1769235581843525
2337,23.37,0.29210230431632017,3.869031585325368
2338,23.38,0.13646483405163487,4.170673353589927
2339,23.39,0.22725909861791088,4.063685850239126
2340,23.400000000000002,0.19658068371626244,4.17251544106712
2341,23.41,0.2557385951225648,3.8723103356725574
2342,23.42,0.11573290966798495,4.341148753833081
2343,23.43,-0.04047212185840335,4.068472618401943
2344,23.44,0.10510009341112614,4.018784107701037
2345,23.45,0.12968621078545928,3.7919566245683693
2346,23.46,0.10795285433966312,4.047716346419542
2347,23.47,0.20074459370973136,3.944842796803117
2348,23.48,0.11971430752660678,3.8575690226677075
2349,23.490000000000002,0.11989876656903245,3.5206143419347935
2350,23.5,0.2873188593374571,3.9380163184141463
2351,23.51,-0.06333071620198613,3.5890228028405513
2352,23.52,0.1148118718379695,4.067774971916979
2353,23.53,0.09467670820783604,3.8718570984706067
2354,23.54,0.17880303264139047,3.6340713452052262
2355,23.55,0.1448483827774163,3.8045512528325687
2356,23.56,0.25351041411121183,4.110394891306311
2357,23.57,0.10182836948763851,4.079994034875379
2358,23.580000000000002,0.12956445031342428,3.766946609911959
2359,23.59,0.15017071236168988,3.870131262733591
2360,23.6,0.38717177331710495,4.233391534403669
2361,23.61,0.11175595495759352,3.8066155533233723
2362,23.62,0.19344923796237273,3.9292219235285515
2363,23.63,0.05611858443523232,3.9828108561741287
2364,23.64,0.19132407702626558,3.8395543637889165
2365,23.650000000000002,0.12215561928328983,4.00152860634662
2366,23.66,0.04888464324839653,3.6106510229014352
2367,23.67,0.16438765949467984,3.6560501773716547
2368,23.68,0.022919111356289823,3.92791975887599
2369,23.69,0.2611996657447959,3.7726673928200647
2370,23.7,0.29461695431169943,4.127576239204355
2371,23.71,0.2941376563071955,3.659610365713732
2372,23.72,0.20014619167042713,4.2007453153686765
2373,23.73,0.22003817930018538,3.863158831045104
2374,23.740000000000002,0.02340063168915396,4.167532570944622
2375,23.75,0.11220330819470901,4.187004386010901
2376,23.76,0.2437490040994936,3.7697927516270795
2377,23.77,0.11843448070409315,3.8887729420719865
2378,23.78,0.1141803152323319,3.7549045638315888
2379,23.79,0.3681648052887556,4.01870651271666
2380,23.8,-0.05040589338930343,3.958284328929605
2381,23.81,0.1550281164420161,3.55333204084137
2382,23.82,0.1430529288280239,3.772052910488416
2383,23.830000000000002,0.25583072181340866,3.8303739139069615
2384,23.84,0.3472065415235335,3.5858682731313563
2385,23.85,0.1984957464794959,3.587996196747027
2386,23.86,0.16749770163694486,3.526721443030278
2387,23.87,0.28696805616143223,3.6034685974656315
2388,23.88,0.2598000621955081,3.788487360556025
2389,23.89,0.17521583345025535,4.085997741905725
2390,23.900000000000002,0.31237564418718133,3.43509446479003
2391,23.91,0.1271749491713339,4.050115544849637
2392,23.92,0.2315999376273301,3.4768220778390146
2393,23.93,0.12555775919487394,3.6484633776684676
2394,23.94,0.28936708031297503,3.705373518358414
2395,23.95,0.24195580798678135,3.71971750063286
2396,23.96,0.1194170656523918,3.935416200373556
2397,23.97,0.2436131624894856,3.639277966768186
2398,23.98,0.0702033618123947,3.819664485915836
2399,23.990000000000002,-0.023607048969932154,3.3691194502433737
2400,24.0,0.2417123052601416,3.6457843057937027
2401,24.01,0.21582874860148266,3.866989665220806
2402,24.02,0.35004145731899916,3.5146723157727635
2403,24.03,0.25171580814101274,3.3886416230682443
2404,24.04,0.22929042771033087,3.7010793630682133
2405,24.05,0.27376172645621566,3.3617453440784093
2406,24.060000000000002,0.26178948460379675,3.8375833008145483
2407,24.07,0.23264752374568315,3.7314906381812074
2408,24.080000000000002,0.251489431336734,4.029377862463874
2409,24.09,0.3840595286951144,3.509619325188245
2410,24.1,0.22510656840304177,3.761390920669363
2411,24.11,0.1296265437331044,3.6565196383889225
2412,24.12,0.14911818166200064,3.772000838944468
2413,24.13,0.24013979517017828,3.994337952826321
2414,24.14,0.3763695707735223,3.7429960873899346
2415,24.150000000000002,0.24201743276105506,3.728901525661882
2416,24.16,0.30633153272227415,4.003027279828957
2417,24.17,0.35526754326482907,3.5229779745345113
2418,24.18,0.2775316495092471,3.8596519313031967
2419,24.19,0.08180632025061732,3.6503240749691526
2420,24.2,0.2637661013936201,3.786419230932686
2421,24.21,0.4018021190682115,3.8384153459887878
2422,24.22,0.258243361686173,3.712523909319227
2423,24.23,0.2819624160044589,3.5885828342987867
2424,24.240000000000002,0.31579575931248033,3.6241700926193876
2425,24.25,0.24316075772791726,3.34755496216695
2426,24.26,0.28979436157761745,3.6100588200020125
2427,24.27,0.24438597789112568,3.687265363662328
2428,24.28,0.21242198668261536,3.540579123708697
2429,24.29,0.39728823986664885,3.2807724817840076
2430,24.3,0.3253612440942406,3.60407015445124
2431,24.310000000000002,0.35902311956236,3.955132990728419
2432,24.32,0.2645235408444979,3.807112345476064
2433,24.330000000000002,0.22207372304115836,3.4450157945985107
2434,24.34,0.40651972847627815,3.718448198097782
2435,24.35,0.322064989247061,3.641650621663711
2436,24.36,0.3658684060598578,3.7009275043032464
2437,24.37,0.3490037616785566,3.2917649062827214
2438,24.38,0.263023266073932,3.6857445591229183
2439,24.39,0.1913496928272365,3.6622222348388913
2440,24.400000000000002,0.19034362643235309,3.5030687315421543
2441,24.41,0.4438653324404631,3.288267151754347
2442,24.42,0.3581500950404055,3.6768753406947097
2443,24.43,0.14490415532353546,3.334964589963768
2444,24.44,0.3263405736483659,3.7031369756313643
2445,24.45,0.2652161993315296,4.040515193222248
2446,24.46,0.22265096206181462,3.7525528709502924
2447,24.47,0.43624819637170537,3.514653695960263
2448,24.48,0.365277449365208,3.478097827684929
2449,24.490000000000002,0.2733064307375418,3.1983612228876637
2450,24.5,0.37833128845961883,3.744765221971534
2451,24.51,0.30471798521628274,3.5594624392589673
2452,24.52,0.3616842296950662,3.5617349479582368
2453,24.53,0.3875554257219887,3.409606986919545
2454,24.54,0.3069229042952192,3.6022006776978164
2455,24.55,0.40166928845662,3.4986107885733047
2456,24.560000000000002,0.29108283038789157,3.7654963677524433
2457,24.57,0.45113038238843894,3.620279078696117
2458,24.580000000000002,0.1570004345102421,3.6508025698993625
2459,24.59,0.4454224565554661,3.719953343077603
2460,24.6,0.3975189329256997,3.901821183362425
2461,24.61,0.4021938573768002,3.624913225412262
2462,24.62,0.31495030852138595,3.4566576933125868
2463,24.63,0.47624363308969525,3.904309787498943
2464,24.64,0.5142188503121387,3.8042215602080014
2465,24.650000000000002,0.45021512760680665,3.847260880681425
2466,24.66,0.5937445420595434,3.762538991848518
2467,24.67,0.3899470788162107,3.859334395216528
2468,24.68,0.49359978335599203,3.4382808713467035
2469,24.69,0.42838376449971083,3.5042484719269433
2470,24.7,0.369799577119294,3.5343459984295826
2471,24.71,0.4180449928702206,3.5895827817951815
2472,24.72,0.3549024898247849,3.745991423415982
2473,24.73,0.45439974083422385,3.382966070206235
2474,24.740000000000002,0.6093367888836471,3.5030429616564622
2475,24.75,0.3841903660866113,3.5478419625321593
2476,24.76,0.45636939313121916,3.412184887672793
2477,24.77,0.5554982882244127,3.5319432871193746
2478,24.78,0.35723265994975323,3.6036263774637294
2479,24.79,0.3300964065874096,3.8942460560489476
2480,24.8,0.4579838638091277,3.9223622598797467
2481,24.810000000000002,0.36486158786716966,3.4338403506337984
2482,24.82,0.3066748576076135,3.346511965913534
2483,24.830000000000002,0.551946882578668,3.515037807014532
2484,24.84,0.48000149800284103,3.6672668563183213
2485,24.85,0.5668204528578369,3.6014714231461697
2486,24.86,0.35124639089572385,3.594846737508014
2487,24.87,0.5459145386851769,3.678562554453377
2488,24.88,0.5090553721331561,3.813599048430082
2489,24.89,0.5039475869797553,3.7051220600668664
2490,24.900000000000002,0.5378005840798371,3.5227409909461835
2491,24.91,0.6087265864214236,3.588607593817516
2492,24.92,0.39897140541633624,3.6210727430826473
2493,24.93,0.5445430088333147,3.7418517311625594
2494,24.94,0.5818536123921979,3.450885599561907
2495,24.95,0.33241256905536143,3.4990675198939796
2496,24.96,0.4594832626744483,3.734722897130535
2497,24.97,0.5844216773493963,3.695675715463134
2498,24.98,0.6274195045460048,3.4906287222110834
2499,24.990000000000002,0.6794832396097636,3.4917213491333197
2500,25.0,0.4196785278802283,4.186272171377275
2501,25.01,0.5884865453780597,3.8954766578178295
2502,25.02,0.4734339819235874,3.639620758837501
2503,25.03,0.496627782363728,3.824229817305683
2504,25.04,0.46191666476486537,3.5915629455858165
2505,25.05,0.8041375463279387,3.5445735787708696
2506,25.060000000000002,0.43079756280571013,3.64578278765417
2507,25.07,0.5296434026102482,3.609539301948615
2508,25.080000000000002,0.6688886285400524,3.9308762935995305
2509,25.09,0.7678586375908685,3.743784233621437
2510,25.1,0.5730516448688038,3.4621165923678188
2511,25.11,0.7890950379612688,3.3421442244203776
2512,25.12,0.6263781414703266,3.975763843808572
2513,25.13,0.6703236861349007,3.4003343103801478
2514,25.14,0.7854749121855291,3.8837887587338944
2515,25.150000000000002,0.6365800421589947,3.5399703908959657
2516,25.16,0.7146655188577165,3.582919636091844
2517,25.17,0.7123838728083162,3.8995686788779023
2518,25.18,0.6832428476153191,4.017344824469539
2519,25.19,0.6543064562661357,3.474978039691463
2520,25.2,0.63097113322217,3.635048948608916
2521,25.21,0.7687945960530103,3.990924292620532
2522,25.22,0.6865670948454948,3.607516466215219
2523,25.23,0.8064837294197336,3.637804040494216
2524,25.240000000000002,0.7087567172802679,4.066846568575699
2525,25.25,0.8003525384452376,3.5146715527622256
2526,25.26,0.7988948046233025,4.1423072215061065
2527,25.27,0.7723010634755733,3.9135878299511013
2528,25.28,0.7082513751699024,4.0574769842563105
2529,25.29,0.9730174192060705,3.7258334884143123
2530,25.3,0.8288292017613467,4.19130045478521
2531,25.310000000000002,0.7993219334619733,4.043381320581406
2532,25.32,0.7465304163235695,3.6988966312931786
2533,25.330000000000002,0.790337320295919,4.0693144169394415
2534,25.34,0.9526936192533615,4.055900597677851
2535,25.35,0.9229082849028118,3.964373710651428
2536,25.36,0.9147972734600132,3.7749817017939313
2537,25.37,0.7610132207207998,3.701882576767636
2538,25.38,0.816557353877347,3.777036037973443
2539,25.39,0.960831820431513,3.7257561055488133
2540,25.400000000000002,0.800122659179389,4.007242685872641
2541,25.41,1.0347899123631268,3.9461549276804453
2542,25.42,0.8606376921850336,3.9059740375088574
2543,25.43,0.7223477477403915,4.003414453306417
2544,25.44,0.7464953393479423,4.201881287430867
2545,25.45,0.8937466917516786,3.8176411061674593
2546,25.46,0.8419960960743134,3.8496658726969204
2547,25.47,0.8256581644615593,3.8989607372571293
2548,25.48,0.9769422776302972,4.056640017106872
2549,25.490000000000002,1.0623339278265314,3.9290848607524054
2550,25.5,0.8918457576460466,4.016690733484045
2551,25.51,1.028062677693179,3.652352759172211
2552,25.52,0.8790899841711608,3.8999973499677907
2553,25.53,1.0480573663630455,4.091961272130484
2554,25.54,1.0530465986721462,3.6811676072175237
2555,25.55,0.9840276354071887,3.9161200541700434
2556,25.560000000000002,1.1067320591387566,3.857964498314715
2557,25.57,0.9960741130692168,4.0820252563732256
2558,25.580000000000002,0.9700351384885151,3.893437010309591
2559,25.59,1.061851449799419,4.2549525234168755
2560,25.6,1.1810965299266578,4.4299591418034625
2561,25.61,1.133039213089818,3.9163054366653345
2562,25.62,0.9905849806380269,3.9409933602774285
2563,25.63,1.0214970144490405,3.717748344471435
2564,25.64,1.200560352752842,4.224299505256715
2565,25.650000000000002,1.2537287818764442,4.001050411792823
2566,25.66,1.1662156135173964,4.1736592768176735
2567,25.67,1.1850376078731715,3.8505525366109867
2568,25.68,1.0463548998698338,3.9578712914133907
2569,25.69,1.0300036233634413,3.7117299001775628
2570,25.7,1.1569204782878098,4.37527405670674
2571,25.71,1.230536318286535,3.7868864993816547
2572,25.72,1.2337913587572322,3.8096471171374837
2573,25.73,1.242250936509613,4.344796432636365
2574,25.740000000000002,1.2505006562648715,4.204344448703297
2575,25.75,1.332743546875149,4.311429428861521
2576,25.76,1.323891301295752,3.943979754084366
2577,25.77,1.2460367145048035,4.353022959032865
2578,25.78,1.2530610397188917,4.573794199017124
2579,25.79,1.4438255316164301,4.449069408985045
2580,25.8,1.3906688794854474,4.39664596385299
2581,25.810000000000002,1.2691101168942847,4.303118404265112
2582,25.82,1.2672649520984602,4.0063884467431095
2583,25.830000000000002,1.158650496491778,4.15309868542789
2584,25.84,1.34610542843575,4.206767568772634
2585,25.85,1.3499464656998834,3.8924885167285277
2586,25.86,1.432964404245952,4.311695414332774
2587,25.87,1.3042500283667602,4.348413285304835
2588,25.88,1.406542623167754,3.8246450191163404
2589,25.89,1.444681330769931,4.325967571906619
2590,25.900000000000002,1.387793738817187,4.502104727798649
2591,25.91,1.5504972269993689,4.012923872178528
2592,25.92,1.3365593821817439,4.694686943382357
2593,25.93,1.5544241824032943,4.298069598358303
2594,25.94,1.3841830813164364,4.244350858697385
2595,25.95,1.4422537798224648,4.065121390075674
2596,25.96,1.4481906553853183,4.456229392431449
2597,25.97,1.552390016452138,4.412181078915786
2598,25.98,1.6235249939397722,4.4919136769556784
2599,25.990000000000002,1.3927250775993403,4.491188494284302
2600,26.0,1.6870187971319373,4.640033995199111
2601,26.01,1.5116761189162795,4.516907860184684
2602,26.02,1.6690033880323238,4.398889245160279
2603,26.03,1.4921280636348226,4.2138611404816295
2604,26.04,1.494441390078655,4.285631276138715
2605,26.05,1.6717148754988842,4.7931546014017945
2606,26.060000000000002,1.7101061709682683,4.396515819227791
2607,26.07,1.7058055703836477,4.233671420625267
2608,26.080000000000002,1.678677001259066,4.703126990031679
2609,26.09,1.4663410788062359,4.4248107356778705
2610,26.1,1.561221572466182,4.317823202312078
2611,26.11,1.4880719442489045,4.755945361046826
2612,26.12,1.695681591424515,4.247854798263405
2613,26.13,1.6333399920037914,4.700550575897154
2614,26.14,1.6612740463752702,4.517428300258254
2615,26.150000000000002,1.8399899577565033,4.617832932373926
2616,26.16,1.672529158603606,4.69404240438279
2617,26.17,1.4478955830592224,4.351729590210707
2618,26.18,1.6906852229533056,4.831357446734473
2619,26.19,1.6092077535325946,4.7775024613294494
2620,26.2,1.7725819374222005,4.876385466914126
2621,26.21,1.668650225353246,4.813821350016157
2622,26.22,1.6836934928673215,4.7184244127096715
2623,26.23,1.7249055975144758,4.8365744359938185
2624,26.240000000000002,1.7414103750214576,4.643367640164844
2625,26.25,2.0640703911569647,4.72671482011387
2626,26.26,1.907339652154985,4.499053389618205
2627,26.27,1.7428862750442027,4.880610144831189
2628,26.28,1.7549377574727516,4.851468668922841
2629,26.29,1.7317846951509954,4.558746823431004
2630,26.3,1.9269258605218456,5.101641883107461
2631,26.310000000000002,1.8168989308722503,4.994201083175932
2632,26.32,1.91781961296351,4.513142292698577
2633,26.330000000000002,1.8586239952210462,4.724711499375159
2634,26.34,1.859343581020968,4.917742114076523
2635,26.35,2.0071898433182205,4.5518898869232265
2636,26.36,1.895039852552522,5.095459415818276
2637,26.37,1.9038353931745304,4.82862446386086
2638,26.38,1.9632787685989939,5.048967332375425
2639,26.39,2.0220968039028584,5.133651035879003
2640,26.400000000000002,1.822004408296539,5.0524256887537975
2641,26.41,1.9598496938266943,4.882342786762803
2642,26.42,1.9001830338511265,5.120825480858322
2643,26.43,1.8395205395555612,4.913122606794232
2644,26.44,1.8465747232998548,5.0918587389519745
2645,26.45,1.8070846195303043,4.858003503104995
2646,26.46,1.7326586718942825,4.6409361391902735
2647,26.47,1.85082846251304,4.997756661108955
2648,26.48,2.0492328106942486,5.230648333831933
2649,26.490000000000002,1.9173531261636332,5.025820048216414
2650,26.5,2.035058619577403,5.083474037705785
2651,26.51,1.8602999147049641,5.332724109871868
2652,26.52,1.9241762042593902,4.886402714132978
2653,26.53,1.7573250717600526,4.8840660972341405
2654,26.54,1.9867187761991432,5.320429529221392
2655,26.55,1.9511428650454088,5.055611238633773
2656,26.560000000000002,1.86107286428708,5.3133159434054695
2657,26.57,2.0821721654300527,5.5120691719286565
2658,26.580000000000002,1.8852255659895902,4.853416608323432
2659,26.59,1.9320294087645244,5.256696927015341
2660,26.6,1.8821225864998234,5.136161967055834
2661,26.61,2.0629047601232773,5.2443205295788555
2662,26.62,1.9251487114729404,5.562763584039693
2663,26.63,2.1228115794023394,4.961840251180397
2664,26.64,2.1062369218852997,4.9386214248222355
2665,26.650000000000002,2.2439470528068295,5.570431961378958
2666,26.66,1.9525134282977454,5.31779902892249
2667,26.67,2.0426469546019383,5.190908391280428
2668,26.68,2.0707049039453156,5.42378510213038
2669,26.69,2.0745854946649063,5.617821213704507
2670,26.7,2.126255272937906,5.43601740158258
2671,26.71,1.987990108208928,5.613514088060748
2672,26.72,1.9663410760272784,5.431124977698454
2673,26.73,2.0177451930219346,5.3738309856613045
2674,26.740000000000002,1.9716700480839713,5.47052071137395
2675,26.75,2.1175773607677764,5.405405852391912
2676,26.76,2.0527399503751362,5.312063388365985
2677,26.77,2.10722429350243,5.753360293918164
2678,26.78,2.1166355498016665,5.400183521151108
2679,26.79,2.067091575984059,5.304501111027858
2680,26.8,1.9073491146476822,5.46059531839745
2681,26.810000000000002,2.0486889156631536,5.779213353680553
2682,26.82,2.1147685966374308,5.841629243828323
2683,26.830000000000002,2.1809804261757875,5.705061419873115
2684,26.84,2.0828716357682073,5.567060792578363
2685,26.85,2.129271606591382,5.736328768295231
2686,26.86,2.0834209293657997,5.6457966081391895
2687,26.87,2.0580046131907155,5.706432408518927
2688,26.88,2.232433149182817,5.427376220318364
2689,26.89,2.202720089835308,5.584458368866242
2690,26.900000000000002,2.102415195239091,5.561733600474098
2691,26.91,2.3393963544209235,5.699817958338876
2692,26.92,2.2322312456821565,5.800475960450744
2693,26.93,2.047024961235797,5.566892609497817
2694,26.94,2.099784359772909,5.591293081460536
2695,26.95,2.0098257378680486,5.926984007350277
2696,26.96,2.116008547403895,5.963844811919167
2697,26.97,2.285239202070868,5.670816176251622
2698,26.98,2.0229778194911674,6.053158860676049
2699,26.990000000000002,1.8931632528986593,5.809958475940443
2700,27.0,2.1725497025118288,5.99393498351941
2701,27.01,2.0316600249228043,6.059639470783997
2702,27.02,2.134030762575582,5.677627593394205
2703,27.03,2.0563398109329727,5.921789793914651
2704,27.04,2.121184545627632,5.798476226858195
2705,27.05,1.971410793157483,5.684901987809372
2706,27.060000000000002,2.193233954715822,6.026000160176289
2707,27.07,2.1320334140723225,5.95251763345264
2708,27.080000000000002,2.1859043658489776,5.945958215951288
2709,27.09,2.138435978220444,5.9674122906875615
2710,27.1,2.196687247735088,5.766469023681401
2711,27.11,2.174010408778354,6.16088064543016
2712,27.12,2.2243413315430813,5.894537931590063
2713,27.13,2.169157312926812,5.914049652375316
2714,27.14,2.2081905605257814,5.878049980512907
2715,27.150000000000002,2.2090366282754164,6.065568862985521
2716,27.16,2.154715969035071,6.016665346882318
2717,27.17,2.067179524674177,6.27097590370549
2718,27.18,2.224570307632763,6.023662558664357
2719,27.19,2.018789899847223,6.227946237151079
2720,27.2,2.0472772467931666,6.277699353388399
2721,27.21,2.0233640826149304,6.1186518507450955
2722,27.22,2.0366582049065936,6.171906327312784
2723,27.23,2.1488377529834635,6.185068780117034
2724,27.240000000000002,2.1414252434226957,6.432658470506302
2725,27.25,2.071382305300965,6.499103186803446
2726,27.26,1.975525294112114,5.994885046574997
2727,27.27,2.0562705617442574,6.564072117353196
2728,27.28,2.291730550646866,5.958090189349799
2729,27.29,2.162677450365892,6.021353509040683
2730,27.3,2.1463001706534945,6.141909970803533
2731,27.310000000000002,1.9206823162535989,6.561568354683542
2732,27.32,2.041786932935739,6.228282060745002
2733,27.330000000000002,2.1161465552079597,6.375765110719624
2734,27.34,2.0407676035126,6.059384234737974
2735,27.35,1.9740932308535613,6.462724290090519
2736,27.36,2.106268169270736,6.393433592933822
2737,27.37,1.9684623300275437,6.696880209621036
2738,27.38,2.068032000032155,6.988661555149749
2739,27.39,2.1453129674749074,6.120001597211974
2740,27.400000000000002,2.051474355291926,6.265397450320864
2741,27.41,2.041628682048625,6.422443349742021
2742,27.42,2.0707258677588105,6.923565691592081
2743,27.43,1.9909160604952105,6.253841173643294
2744,27.44,2.0566559549044126,6.609071507650912
2745,27.45,1.8847805922424898,6.534716482797513
2746,27.46,2.0227284945195434,6.189006428151873
2747,27.47,2.021701494950481,6.603783310488819
2748,27.48,2.0501350153235314,6.41576365031318
2749,27.490000000000002,2.14629262514428,6.478461001132228
2750,27.5,2.1369558626846628,6.521497772079781
2751,27.51,1.9535790051095905,6.196605244662248
2752,27.52,1.9336335393039086,6.5347899691295765
2753,27.53,2.0923315138204157,6.50926650105788
2754,27.54,2.1197595592983642,6.576927184643536
2755,27.55,2.0045752316051413,6.477046322164314
2756,27.560000000000002,1.8640030699538026,6.533215293793731
2757,27.57,1.9641653093200009,6.980988777795445
2758,27.580000000000002,1.955605719233183,6.976067949015424
2759,27.59,1.939705672100697,6.401596913779353
2760,27.6,1.9935348868246427,6.295697296112627
2761,27.61,1.881908587434641,6.390207552287909
2762,27.62,1.979327064679075,6.838369070805499
2763,27.63,1.8551661170557414,6.907469947576804
2764,27.64,1.9723936628611594,6.5817715742862966
2765,27.650000000000002,2.0498400299267527,6.910590289525862
2766,27.66,1.7923766087186699,6.390828960072952
2767,27.67,1.9724170959707115,7.224518168478408
2768,27.68,1.9319560166833378,6.496890409464077
2769,27.69,1.8154691608480622,6.904699749874805
2770,27.7,1.8836396822928767,6.678586166376676
2771,27.71,1.9185561483593097,6.677491248427419
2772,27.72,1.876067009724753,6.481879264884304
2773,27.73,1.9465477249016978,6.953870675112417
2774,27.740000000000002,1.902308378699578,6.862320171671821
2775,27.75,1.9022952131161792,6.740767128384303
2776,27.76,1.8439332794266223,6.93841971070639
2777,27.77,2.0032346157238274,6.881186999159873
2778,27.78,1.9043474898586532,6.848468865866842
2779,27.79,1.9338574011693912,6.774880060318424
2780,27.8,1.9801471478166053,6.601127233634262
2781,27.810000000000002,1.9358989898384789,6.830206252992917
2782,27.82,1.8669825502508788,6.733569170767825
2783,27.830000000000002,2.0061220415579264,6.426972685494344
2784,27.84,1.7073754880847642,6.83814989206136
2785,27.85,1.8103142857525825,7.300056437310034
2786,27.86,1.881778649325399,6.813223371389567
2787,27.87,1.6982572276582732,7.156972139015246
2788,27.88,1.9462079717830902,6.835308748005486
2789,27.89,1.8077736050291744,6.57630528701663
2790,27.900000000000002,1.8238195753819368,6.881167879565748
2791,27.91,1.79310175451738,6.98769897317274
2792,27.92,1.81930933242589,7.091199351790484
2793,27.93,1.9217897830332873,6.931642986397478
2794,27.94,2.0047041008740125,6.94844864186184
2795,27.95,1.8617931607970681,6.995968395254729
2796,27.96,1.7729795276935456,6.982849211023935
2797,27.97,1.859355133376932,6.8789214596261
2798,27.98,1.7653734932838931,7.127426464699521
2799,27.990000000000002,1.799775127051771,6.70760939677817
2800,28.0,1.7602341516183508,6.757362969330975
2801,28.01,1.8435253298223764,6.967572009055418
2802,28.02,1.6818006629953963,7.039348433781768
2803,28.03,1.8156411877548484,6.647075359001253
2804,28.04,1.877167731595576,7.200975528770373
2805,28.05,1.7554686261863752,7.052166501076516
2806,28.060000000000002,1.6991587675325246,6.719829685525437
2807,28.07,1.7050101132987634,7.386870471705741
2808,28.080000000000002,1.828197514752549,6.920504150941482
2809,28.09,1.7305667770025086,6.773269424055459
2810,28.1,1.7667358698545574,7.142207521858934
2811,28.11,1.6587409861204543,6.850244962217353
2812,28.12,1.7034017721153174,7.339036480352184
2813,28.13,1.7110900649484697,7.272527780671763
2814,28.14,1.8877750927287056,7.238084663439522
2815,28.150000000000002,1.7774846511483018,6.914141896870326
2816,28.16,1.6530148362572439,7.432676362544995
2817,28.17,1.8130356357947808,6.820873266462295
2818,28.18,1.7754600873304645,6.899260296318149
2819,28.19,1.7717335054126795,7.277738648242378
2820,28.2,1.728153333235578,6.746354140592821
2821,28.21,1.6770162825948545,6.99865661219595
2822,28.22,1.7229521920721027,7.230600858719646
2823,28.23,1.7949086477721417,7.072430477336676
2824,28.240000000000002,1.5731070646255039,7.1299908577001645
2825,28.25,1.613914197135512,7.190479838991534
2826,28.26,1.7649784271255364,6.990739890802342
2827,28.27,1.7672891373777375,7.409783794378694
2828,28.28,1.6511149281395432,6.892849283452631
2829,28.29,1.5138840304932053,7.002682788950135
2830,28.3,1.7309903582567148,7.365362107771443
2831,28.310000000000002,1.5321457920906225,7.510268076328295
2832,28.32,1.5912881163331727,7.20323190211172
2833,28.330000000000002,1.6723824463686814,7.379959962995379
2834,28.34,1.6660388293859094,7.169651747681929
2835,28.35,1.8547645079718154,7.1373191023921105
2836,28.36,1.6521878314240828,7.481045221046895
2837,28.37,1.6000875226782472,7.162455009654292
2838,28.38,1.4995495878507623,7.46593089737827
2839,28.39,1.6410149914061947,7.479612958778192
2840,28.400000000000002,1.5173921155859114,7.300998763149997
2841,28.41,1.7632539996054843,7.5574081685434
2842,28.42,1.6444448550348378,7.503722597668705
2843,28.43,1.6255287223761308,7.65356648558762
2844,28.44,1.3884201266246543,7.19095123474962
2845,28.45,1.620711423486157,7.377187324500053
2846,28.46,1.5115929465767768,7.294983587167452
2847,28.47,1.4800984256727188,7.294446889074789
2848,28.48,1.3954239558320354,7.23969077033665
2849,28.490000000000002,1.4683660021419234,7.11868121791367
2850,28.5,1.5259681493456576,7.075922531048023
2851,28.51,1.6340842264925346,7.274002551424441
2852,28.52,1.482468451838515,7.600986488991621
2853,28.53,1.4610893167079844,7.069001142772702
2854,28.54,1.5076901166749663,7.3000601074798475
2855,28.55,1.4548821682116335,7.360014850860017
2856,28.560000000000002,1.4319023121306804,7.333359968659199
2857,28.57,1.4939638554239978,7.053050555899503
2858,28.580000000000002,1.4540818885932023,7.484393756059159
2859,28.59,1.4064641989896534,7.4266818253582505
2860,28.6,1.3339644049378814,7.012593235695708
2861,28.61,1.5202004242777671,7.564643753678931
2862,28.62,1.508514244144724,7.1476192139450605
2863,28.63,1.4419605082661124,7.169101903994123
2864,28.64,1.440727002240845,7.3442534375916155
2865,28.650000000000002,1.50340668688308,7.305433444043803
2866,28.66,1.395818745984479,7.455684143795435
2867,28.67,1.3882618565936329,7.494893814880546
2868,28.68,1.3561070021599195,6.9954963803380785
2869,28.69,1.3577803244637108,7.302115637243955
2870,28.7,1.2447059641511622,7.556182280272316
2871,28.71,1.4874478953393906,7.291235412785556
2872,28.72,1.3619294919403737,7.3752196978147015
2873,28.73,1.4071305392057343,7.606179532211977
2874,28.740000000000002,1.4998723249878116,7.039537553346423
2875,28.75,1.304716371915926,7.131413962939142
2876,28.76,1.2242510414715968,7.574618068251088
2877,28.77,1.4401740274514367,7.429853342542166
2878,28.78,1.2533862060771892,7.159430666382194
2879,28.79,1.3770499462994568,6.995174126889886
2880,28.8,1.2797368740113038,7.285782873974898
2881,28.810000000000002,1.3584595222649738,7.4248982682112565
2882,28.82,1.3967863293899658,7.41004793420566
2883,28.830000000000002,1.3715112686790367,7.300400218361497
2884,28.84,1.2971679716613616,7.544746795942592
2885,28.85,1.270247965483815,7.5408238872212285
2886,28.86,1.2633439350963662,8.0101223710366
2887,28.87,1.15383532648645,7.473453078410961
2888,28.88,1.2892653982736835,7.4615294980341
2889,28.89,1.3391866461687258,7.192658658314964
2890,28.900000000000002,1.235681314414531,7.1373065189836025
2891,28.91,1.2153775651597767,7.312424967088731
2892,28.92,1.2851576971974692,7.214788255492752
2893,28.93,1.3561234468217962,7.372293149974855
2894,28.94,1.1817228182558552,7.457416879313913
2895,28.95,1.2177015095453745,7.5613241187063105
2896,28.96,1.2283288058285122,7.3286529436322
2897,28.97,1.1437094166368669,7.130722109445211
2898,28.98,1.1522751255685661,7.39334548637079
2899,28.990000000000002,1.2208287519369276,7.273083618527805
2900,29.0,1.0631211433998073,7.060350939624355
2901,29.01,1.1203646515698027,7.370506825913141
2902,29.02,1.2470442853332424,7.806077244411576
2903,29.03,1.1406459241664269,7.278455260854507
2904,29.04,1.3209422978313456,7.5321804592063515
2905,29.05,1.0761027461083836,7.562673274717489
2906,29.060000000000002,1.1009050994435283,7.397402738929607
2907,29.07,1.185236386078379,7.310088158042495
2908,29.080000000000002,1.128402970162643,7.386608560767172
2909,29.09,1.1182134194889646,7.2708513354209225
2910,29.1,1.177068246719444,6.942805268610943
2911,29.11,1.103349565825292,7.491328450665641
2912,29.12,1.1886739621757283,7.414423608995832
2913,29.13,1.2951129560871997,7.133594478129104
2914,29.14,0.9381989799910039,7.541353910131221
2915,29.150000000000002,1.0798682054237487,7.422354260685019
2916,29.16,0.9744092933333249,7.45799094675571
2917,29.17,1.0260794167101017,7.168574301904348
2918,29.18,1.1063484677251991,7.722032315508979
2919,29.19,0.8922224588266461,7.320225776781164
2920,29.2,1.1461965044858098,7.046139205672662
2921,29.21,1.0279323860887022,7.308953103600668
2922,29.22,0.9375341254311362,7.518892457790645
2923,29.23,0.9062603178695214,7.692092592602858
2924,29.240000000000002,1.0720864964894319,7.194782715777632
2925,29.25,0.9437695500583898,7.047516236231925
2926,29.26,0.9421321814141597,7.559296689636245
2927,29.27,1.0265169569034513,7.419241819708674
2928,29.28,0.876007037914338,7.136494322663702
2929,29.29,0.9645340536442409,7.593768345952393
2930,29.3,1.029022526911441,7.555444091306064
2931,29.310000000000002,0.9424941381166025,7.38873291598728
2932,29.32,0.9472756819964976,7.491753966804969
2933,29.330000000000002,0.9498745766291836,7.073651876988379
2934,29.34,1.0605962393747481,7.1777621290251075
2935,29.35,0.9631921701886089,6.824876219567767
2936,29.36,0.9161910850745661,7.349448472057092
2937,29.37,0.8583150502543225,7.216288751246893
2938,29.38,1.0254654156345546,7.389971605933553
2939,29.39,1.0048572268033076,7.088984854935013
2940,29.400000000000002,1.0392048354416898,7.36644277413106
2941,29.41,0.7704693275206237,7.679950292023084
2942,29.42,0.798441826218206,7.225914520354582
2943,29.43,0.8091660715861761,7.353482383878509
2944,29.44,0.756759804058741,7.115559976200854
2945,29.45,0.9179766873470481,7.500741576321406
2946,29.46,0.8954015117189487,7.417941099476093
2947,29.47,0.9719781781645431,7.425368969799392
2948,29.48,0.9017295220246613,7.1247628857943734
2949,29.490000000000002,0.9252368352767222,7.288395589440536
2950,29.5,0.6719463290801573,7.244273334785498
2951,29.51,0.8947107481656216,7.366948963855979
2952,29.52,0.8322588972678411,7.282606582907297
2953,29.53,0.7516498816213922,7.1660711956211625
2954,29.54,0.9671961835760953,7.160131911388868
2955,29.55,0.8118696289566175,7.261420777100876
2956,29.560000000000002,0.7715048304058242,7.352029750516582
2957,29.57,0.7925905612319761,7.1779018470145886
2958,29.580000000000002,0.7988770173567251,7.019137904867557
2959,29.59,0.7395900354995446,7.2615885842594
2960,29.6,0.8231633055976892,7.00261443732381
2961,29.61,0.9037253781135707,7.026585271126274
2962,29.62,0.8826324333482489,7.426160619162221
2963,29.63,0.7773858156588787,6.772254391145676
2964,29.64,0.7862289763006061,6.999268919841909
2965,29.650000000000002,0.8856386364851458,7.208686714278936
2966,29.66,0.6461737052974941,6.8371727690264334
2967,29.67,0.6113425074849366,7.0207515942119505
2968,29.68,0.6813422781278601,7.35334830913991
2969,29.69,0.7530404148637923,6.964370612166598
2970,29.7,0.7869181781789079,6.926206666873171
2971,29.71,0.7858098149253152,7.172677097501427
2972,29.72,0.7070818462877958,6.738072283472262
2973,29.73,0.6041958268378799,7.133597577751135
2974,29.740000000000002,0.7933504760016716,6.953304761264992
2975,29.75,0.7811768195654114,6.977892594206699
2976,29.76,0.6631563428883434,6.575120402740615
2977,29.77,0.8928155577978596,7.044651589326512
2978,29.78,0.7743783772571702,7.138853224735174
2979,29.79,0.5902358276131711,6.746068706835711
2980,29.8,0.6113153706306109,7.4917631855960405
2981,29.810000000000002,0.833765380208172,6.749227578985398
2982,29.82,0.5794313966551652,6.955025750632601
2983,29.830000000000002,0.6584059447902604,6.888607167844742
2984,29.84,0.7124021853945773,7.201530070023861
2985,29.85,0.5537086543974793,6.973428939771403
2986,29.86,0.4650242051042255,7.051710723951239
2987,29.87,0.8162523365932774,6.956961936923833
2988,29.88,0.613176092110634,6.799561593753192
2989,29.89,0.549167250675694,6.870541043957256
2990,29.900000000000002,0.5664889708085555,6.957468635167029
2991,29.91,0.6170889411891539,6.969362050868207
2992,29.92,0.49685982484849717,6.967745201443238
2993,29.93,0.551179110056017,6.919386612530675
2994,29.94,0.7333125079134702,6.552492192266257
2995,29.95,0.4935328008608727,6.788473406832955
2996,29.96,0.6108470092137275,6.800772652609858
2997,29.97,0.6402235429525673,6.885062147961993
2998,29.98,0.446818308976837,6.968851433980698
2999,29.990000000000002,0.4798177692126486,6.778982101208043
