,t,x,y
0,0.0,4.857217736016369,11.514411963837144
1,0.01,4.7259844980287165,11.509482639207398
2,0.02,4.604608335650714,11.491686328671186
3,0.03,4.480570318337247,11.50507523865997
4,0.04,4.371749746328144,11.492728934703303
5,0.05,4.2623414841226515,11.477887582998182
6,0.06,4.159891233316282,11.474328077055873
7,0.07,4.062177539275002,11.466366101814645
8,0.08,3.9678433940611835,11.46262625000154
9,0.09,3.884286317225682,11.457677530410699
10,0.1,3.79510089924858,11.448248829599658
11,0.11,3.7215666668989265,11.44054612966723
12,0.12,3.634725824367283,11.431148252459732
13,0.13,3.5603701306874105,11.420442504457368
14,0.14,3.4918245135397736,11.413641050655855
15,0.15,3.4226981211912975,11.404738812850583
16,0.16,3.348305845656988,11.402117790941585
17,0.17,3.2837680206434996,11.383773895237077
18,0.18,3.2238338868869434,11.369679149934827
19,0.19,3.161094236622102,11.368207229763108
20,0.2,3.1091674647062244,11.346716652124385
21,0.21,3.0526014009409397,11.350408086333045
22,0.22,2.994217007489997,11.327284146531714
23,0.23,2.944438144802866,11.337817704054853
24,0.24,2.8982076460426023,11.309099265625102
25,0.25,2.8381107267158923,11.293154502210518
26,0.26,2.8021753882759066,11.290981955208464
27,0.27,2.744740350552391,11.279551062092649
28,0.28,2.70268016607903,11.268157959508766
29,0.29,2.662908097565304,11.260439000468354
30,0.3,2.6156452949450766,11.24652791959966
31,0.31,2.5678333477694726,11.235164932478735
32,0.32,2.526796288671762,11.211403325254034
33,0.33,2.4845329747001847,11.200496147091169
34,0.34,2.444280816043302,11.194291522962176
35,0.35000000000000003,2.3982137377853614,11.177720026542355
36,0.36,2.3589113926447864,11.155268579486059
37,0.37,2.321155117777458,11.153699275608982
38,0.38,2.2845357469109677,11.128417900831979
39,0.39,2.246221150029548,11.112194371699205
40,0.4,2.2083628640363835,11.096652930950878
41,0.41000000000000003,2.1698362741330053,11.066656391232865
42,0.42,2.1347477543633877,11.061724541487436
43,0.43,2.098027890587657,11.03680628237135
44,0.44,2.061576786549916,11.02770826102863
45,0.45,2.0303958290751853,11.01018304510515
46,0.46,2.000522166166496,10.99573190905137
47,0.47000000000000003,1.9648506579904217,10.980412181811467
48,0.48,1.936397154221601,10.95794529822879
49,0.49,1.896748886172431,10.942591039762043
50,0.5,1.8670924058343576,10.917626357099373
51,0.51,1.8370313984605684,10.899477372682984
52,0.52,1.8057337078365032,10.886354687801079
53,0.53,1.776790548951208,10.870652664641229
54,0.54,1.748092932697054,10.84695496361194
55,0.55,1.721316227686007,10.826921838322523
56,0.56,1.6869468302000148,10.808674197788708
57,0.5700000000000001,1.6618412767506474,10.790695272684255
58,0.58,1.6330890896887749,10.772513110770563
59,0.59,1.603336703924315,10.746715609067511
60,0.6,1.574969912812355,10.727660719357248
61,0.61,1.549590991200207,10.712247112090491
62,0.62,1.5219350618799066,10.680374259208666
63,0.63,1.4953238460122873,10.666131986976618
64,0.64,1.469870635680381,10.6390282878856
65,0.65,1.4426426289870335,10.618695106045205
66,0.66,1.4174682378427277,10.610991889455937
67,0.67,1.3978451630809094,10.580165405021624
68,0.68,1.3648429264113775,10.560145436347277
69,0.6900000000000001,1.3389629219742465,10.538295405309407
70,0.7000000000000001,1.3208344457969734,10.517407407765097
71,0.71,1.2921022840462066,10.48259856030633
72,0.72,1.2686640861093854,10.456063117797964
73,0.73,1.2404154863203958,10.44496653653014
74,0.74,1.225701367188903,10.434772762065622
75,0.75,1.1990421453799147,10.387830575345985
76,0.76,1.176742106671139,10.369636418605051
77,0.77,1.1524294837211557,10.338936078729605
78,0.78,1.1260055870879524,10.318117467953812
79,0.79,1.10776774322967,10.291357417444637
80,0.8,1.083336244317767,10.277977822557617
81,0.81,1.0622823233234953,10.2503981640301
82,0.8200000000000001,1.041157655931346,10.217989367010437
83,0.8300000000000001,1.0238277815159327,10.185894049397763
84,0.84,1.002813208031715,10.158003584229979
85,0.85,0.9769258574114444,10.142286101895559
86,0.86,0.9591478111659358,10.096857926591928
87,0.87,0.9381841315359857,10.087429085180231
88,0.88,0.9216973630866485,10.057699797099284
89,0.89,0.9005112012727887,10.032603495466141
90,0.9,0.8762195278132588,9.99447882369332
91,0.91,0.8586026238158811,9.972415644760664
92,0.92,0.8452366885328421,9.936013961014545
93,0.93,0.8237659992313178,9.910056501730887
94,0.9400000000000001,0.8033450873231945,9.882994317640486
95,0.9500000000000001,0.7921252169937346,9.85602302217869
96,0.96,0.7678026295821317,9.827081721213256
97,0.97,0.7538976045209229,9.795110163736652
98,0.98,0.7327439417516737,9.767653247917686
99,0.99,0.7114033595609134,9.731347419833458
100,1.0,0.7021551258790837,9.694161563081702
101,1.01,0.686221545235885,9.674628594376196
102,1.02,0.664521971508453,9.644249113773485
103,1.03,0.6503427087284179,9.605349668942036
104,1.04,0.6322346023104882,9.579538597429373
105,1.05,0.6220283553602142,9.542659694389771
106,1.06,0.6069510480077333,9.510599313512385
107,1.07,0.5863552149610627,9.480389734817596
108,1.08,0.5713638544718387,9.456200345897008
109,1.09,0.5572681314055772,9.41596912148073
110,1.1,0.5449665893629335,9.392883615880647
111,1.11,0.5350755150332878,9.36208516892145
112,1.12,0.5167635028532642,9.317832795576534
113,1.1300000000000001,0.506668902136117,9.287786267618168
114,1.1400000000000001,0.4890711586358309,9.257902535184998
115,1.1500000000000001,0.4781633231154496,9.214770204308318
116,1.16,0.4612265225308167,9.183880053780124
117,1.17,0.44834873977932627,9.145287699979141
118,1.18,0.4349827560013312,9.110630302569387
119,1.19,0.4255644469311412,9.094440647494869
120,1.2,0.4151775819866279,9.046595307096077
121,1.21,0.40645825518093387,9.007795751279625
122,1.22,0.3918022605039729,8.970389579320054
123,1.23,0.3854206724628513,8.945229679734341
124,1.24,0.37103224557982184,8.903137815379882
125,1.25,0.36251260853962514,8.866396636844009
126,1.26,0.35139928699129197,8.836777558643996
127,1.27,0.33931166604492097,8.79631350070496
128,1.28,0.329971886256782,8.769028843303547
129,1.29,0.3183634757113788,8.729898768612546
130,1.3,0.31095410448431204,8.704860022981173
131,1.31,0.3055037493445149,8.646155222148396
132,1.32,0.2934133113020312,8.622639730988032
133,1.33,0.2793620797387297,8.588375376716272
134,1.34,0.2785133963482184,8.544893627399155
135,1.35,0.2689440483742874,8.506285515262928
136,1.36,0.26379555866848814,8.479749729759899
137,1.37,0.25315191023068045,8.431609623666631
138,1.3800000000000001,0.2473415424856441,8.400339662328753
139,1.3900000000000001,0.23786680822109663,8.352365654294237
140,1.4000000000000001,0.2304989850661133,8.327461991559671
141,1.41,0.22727107254119708,8.297165011079912
142,1.42,0.21708717921016224,8.25380322960217
143,1.43,0.211356739901231,8.214775410007752
144,1.44,0.20616054056555883,8.191783902634366
145,1.45,0.1927820006437663,8.139339006720448
146,1.46,0.19170060662150037,8.113253002572854
147,1.47,0.1928012758317158,8.073493129610284
148,1.48,0.18293207758369662,8.03897592635378
149,1.49,0.17334412412665492,8.014183310496
150,1.5,0.17413442763379156,7.958329923926692
151,1.51,0.16382814620120684,7.928737325252447
152,1.52,0.16112371712021206,7.882889082810369
153,1.53,0.15855100417879114,7.85474368412063
154,1.54,0.15214705648561835,7.826974200137425
155,1.55,0.14547926458696006,7.792723792378991
156,1.56,0.1459942439258635,7.74241711210661
157,1.57,0.13675133992781557,7.7149446691175445
158,1.58,0.1387170486318931,7.686422196578646
159,1.59,0.13191292706587526,7.643232117508489
160,1.6,0.1309554686365386,7.615271611698598
161,1.61,0.12635315551201026,7.586359364182035
162,1.62,0.11789873323868795,7.541506964171236
163,1.6300000000000001,0.1219512785455937,7.501753547907306
164,1.6400000000000001,0.11134158600390079,7.463661362128262
165,1.6500000000000001,0.10543813894206666,7.43356224630339
166,1.6600000000000001,0.10395834392850943,7.40023572227985
167,1.67,0.10546632176801898,7.364510691479442
168,1.68,0.10115671675710768,7.3475977974926865
169,1.69,0.09493952973723105,7.306343078687217
170,1.7,0.09665737412115175,7.267911324241886
171,1.71,0.09241053614922388,7.236309107410566
172,1.72,0.09292524201436382,7.213615112526375
173,1.73,0.08806201537877806,7.170887642559829
174,1.74,0.08628226578115583,7.15215070560206
175,1.75,0.08220949236847443,7.108855284863243
176,1.76,0.08081833687233944,7.071970702475848
177,1.77,0.08083746888097769,7.0481312750631115
178,1.78,0.0784754086391028,7.010239931728421
179,1.79,0.06810056396860152,6.980523753293006
180,1.8,0.07102005955896541,6.933985597267187
181,1.81,0.07400316636254446,6.923056344609809
182,1.82,0.07358236323444349,6.877225287090636
183,1.83,0.0685046999422239,6.849097687744081
184,1.84,0.0684181885086684,6.8255405274000545
185,1.85,0.06484412430559944,6.794499421073231
186,1.86,0.06657058091637294,6.751718874630562
187,1.87,0.06534906441179389,6.742320100563383
188,1.8800000000000001,0.05690813983882858,6.707616177102929
189,1.8900000000000001,0.05995120247939767,6.68362004276367
190,1.9000000000000001,0.058232744895173036,6.653384783164011
191,1.9100000000000001,0.05867149319939917,6.611650008414341
192,1.92,0.0578068634049055,6.594388337318289
193,1.93,0.05072430135033545,6.553437627265284
194,1.94,0.05572672225077899,6.528742948699215
195,1.95,0.055215167414368875,6.49167180348058
196,1.96,0.053079163503731014,6.4678918179984315
197,1.97,0.04474952749434785,6.449456778574613
198,1.98,0.04423751598809586,6.417265213622892
199,1.99,0.04716764709378889,6.388301570129812
200,2.0,0.04410124959962913,6.358466569655496
201,2.0100000000000002,0.045795271884977014,6.337825237785006
202,2.02,0.04893472020143487,6.3086164203502255
203,2.0300000000000002,0.04338571161964663,6.2697046160263685
204,2.04,0.041475209696455545,6.257995964503633
205,2.05,0.03740103580099356,6.226739407532852
206,2.06,0.04223604661177593,6.198909790073445
207,2.07,0.03905123718401124,6.166190865170462
208,2.08,0.03723456219898134,6.149110850070634
209,2.09,0.03177625046217308,6.119250097131411
210,2.1,0.0397838797367511,6.096058271842213
211,2.11,0.03320513507436916,6.065839946706759
212,2.12,0.03213470875395217,6.049276800631638
213,2.13,0.03495864376225578,6.016052320771487
214,2.14,0.03938245140308953,5.9990472810461375
215,2.15,0.0303415163896716,5.959263868323315
216,2.16,0.038155332817609945,5.943537614989171
217,2.17,0.03444367630371887,5.915332144984276
218,2.18,0.02845799892347688,5.886130080467213
219,2.19,0.030126002240433828,5.872297026973008
220,2.2,0.029899316156714234,5.856469903070951
221,2.21,0.02986788832392847,5.827703931051991
222,2.22,0.029597011378212475,5.800518920450685
223,2.23,0.029698334304883126,5.765842311438466
224,2.24,0.028316817039940836,5.753077253427464
225,2.25,0.027326072559835355,5.722581629881007
226,2.2600000000000002,0.02481156811886011,5.710536576460839
227,2.27,0.029866697920159405,5.687356939032807
228,2.2800000000000002,0.029092959074813702,5.661270925955946
229,2.29,0.02236226173148802,5.630373346213482
230,2.3000000000000003,0.02863316332547372,5.612501376904751
231,2.31,0.028245497190853237,5.596933985683038
232,2.32,0.026981134973867976,5.566205516788543
233,2.33,0.024558368109434264,5.553912976244165
234,2.34,0.023673582133776825,5.5296708243256
235,2.35,0.02636934959314294,5.511036403356534
236,2.36,0.025265295628917266,5.478038145586064
237,2.37,0.023281814668124737,5.455464635133682
238,2.38,0.025340691940375887,5.445334857785851
239,2.39,0.020937108153239403,5.423535589531139
240,2.4,0.019773698648895215,5.40081634007378
241,2.41,0.020453842487604637,5.385028363671008
242,2.42,0.026106244423817135,5.3524052480829
243,2.43,0.02535278794808715,5.339463562109009
244,2.44,0.021454690027989096,5.321508083493739
245,2.45,0.021621522591079814,5.302702845310424
246,2.46,0.02151617526222111,5.280511084367831
247,2.47,0.01596395990375849,5.264723442444899
248,2.48,0.02311911038304892,5.243597722568075
249,2.49,0.01891049795640964,5.22331858905155
250,2.5,0.019846441066494164,5.204577313600326
251,2.5100000000000002,0.021624390734274804,5.180345787843179
252,2.52,0.027409235173101284,5.153274535328256
253,2.5300000000000002,0.01859156722005962,5.143718047691358
254,2.54,0.024210850764863782,5.137845529590335
255,2.5500000000000003,0.01960478163657887,5.102979933515485
256,2.56,0.02046478677451873,5.09032624825342
257,2.57,0.01723709642906353,5.0666410031234514
258,2.58,0.02330689509405961,5.0483218617044106
259,2.59,0.02089539587880375,5.035523243797668
260,2.6,0.01457664888350824,5.006376201600737
261,2.61,0.01641895571476168,5.005285293398921
262,2.62,0.017687442451293015,4.986929224651601
263,2.63,0.018160659558119692,4.96389517484779
264,2.64,0.016759594971044404,4.9384094032586505
265,2.65,0.020504829757240176,4.939892425764639
266,2.66,0.013551091732431648,4.923037391689514
267,2.67,0.015324707755001032,4.90428996577816
268,2.68,0.013281823081137189,4.879725575980336
269,2.69,0.02029382035382296,4.844526386058987
270,2.7,0.012969666010167621,4.8353785785189585
271,2.71,0.01823876005540675,4.815777842145688
272,2.72,0.018706036879662023,4.81101738879778
273,2.73,0.013973715170468583,4.785020382166611
274,2.74,0.014260825756736433,4.7822227031474736
275,2.75,0.0139597288136076,4.764901354541184
276,2.7600000000000002,0.01756848210052063,4.754471028359999
277,2.77,0.021621528479469576,4.727537661852823
278,2.7800000000000002,0.012612048206645264,4.702908629631801
279,2.79,0.012665364803113383,4.696121417897669
280,2.8000000000000003,0.01641706532368728,4.6804649549803665
281,2.81,0.01425562007388151,4.670111116180816
282,2.82,0.012271164360053315,4.652769426037562
283,2.83,0.013368080579665872,4.631320775571488
284,2.84,0.013761661101526157,4.623466743710181
285,2.85,0.015332957672889478,4.6150562358402105
286,2.86,0.01723185338530414,4.582083931465256
287,2.87,0.014377399282766488,4.563144520146822
288,2.88,0.01008050338148914,4.554892308121684
289,2.89,0.015219835851805514,4.539155501429507
290,2.9,0.0175622622256328,4.525253934560957
291,2.91,0.017566055346266807,4.519759322232791
292,2.92,0.013398778220895856,4.50500880326564
293,2.93,0.014156342657580217,4.481238225217439
294,2.94,0.015500020169846442,4.473220906251991
295,2.95,0.016233910046739172,4.451037746853367
296,2.96,0.010991993447908764,4.436724650609263
297,2.97,0.015067227183793944,4.419584572579082
298,2.98,0.01104035469766027,4.415266998790021
299,2.99,0.013535496613164038,4.4050174236374
300,3.0,0.012041359498435987,4.394712068297449
301,3.0100000000000002,0.013038317317596295,4.371020386117379
302,3.02,0.013800882554142052,4.365272875307762
303,3.0300000000000002,0.01722085288129828,4.343768463360341
304,3.04,0.017695805342646063,4.336759534123493
305,3.0500000000000003,0.01489963983664787,4.320890356615539
306,3.06,0.018318536946344312,4.298345246665867
307,3.0700000000000003,0.0171628323260703,4.296589453697854
308,3.08,0.013003427567046555,4.279808074130233
309,3.09,0.013719647777355645,4.259176410921915
310,3.1,0.012869870130489038,4.264305929208405
311,3.11,0.012521096469087454,4.232118987187998
312,3.12,0.013303849810268322,4.21987279126895
313,3.13,0.015016368071132847,4.213691545602379
314,3.14,0.014650787294392554,4.209382212928171
315,3.15,0.014143341155938259,4.1896378523607805
316,3.16,0.012938279614260362,4.178952892713985
317,3.17,0.010270050460236978,4.161743999815394
318,3.18,0.013193814351233873,4.153305238171119
319,3.19,0.013772944455031919,4.13477358889594
320,3.2,0.013392368620234381,4.128168555411573
321,3.21,0.016075140038180433,4.112698107499808
322,3.22,0.010249301008034215,4.094139678374326
323,3.23,0.013340042331862525,4.084384830650342
324,3.24,0.014350476470505955,4.077625613161042
325,3.25,0.007528164269419073,4.060519794404533
326,3.2600000000000002,0.009933857778993617,4.059819894443495
327,3.27,0.012435682353869298,4.0453193759783
328,3.2800000000000002,0.011041744984449518,4.028542434074936
329,3.29,0.01562601700684179,4.018026749210397
330,3.3000000000000003,0.013444780385671495,4.001654739484708
331,3.31,0.019875660191560195,3.9955735923953575
332,3.3200000000000003,0.01875095280991971,3.9846241315151083
333,3.33,0.017147708051765593,3.9763619238043355
334,3.34,0.01425276108984278,3.972975266476073
335,3.35,0.014803417638906672,3.949677092920762
336,3.36,0.015085304428260171,3.940877002440994
337,3.37,0.016738270852889828,3.9376716534093963
338,3.38,0.011672641849612218,3.9179768685883296
339,3.39,0.017739435625185485,3.9146612307249105
340,3.4,0.017468067727050306,3.8871793784196695
341,3.41,0.011457643954164844,3.8762666753796022
342,3.42,0.010542461280903246,3.876614392339988
343,3.43,0.012338464301363683,3.86148241348092
344,3.44,0.014011938396809738,3.851551929409342
345,3.45,0.0068316268187624115,3.8510112609199223
346,3.46,0.021482779936789462,3.8387994810214847
347,3.47,0.014863426253217741,3.8256598729434885
348,3.48,0.015787990713010732,3.8137810338860803
349,3.49,0.009472263543758595,3.798706111476282
350,3.5,0.013439395089043618,3.7877326586323585
351,3.5100000000000002,0.018758316178973743,3.7687702482647265
352,3.52,0.009831475564130533,3.7661840719504185
353,3.5300000000000002,0.01716480531757065,3.757911789999387
354,3.54,0.014551133546370745,3.7501352269880703
355,3.5500000000000003,0.016750761888335478,3.731519344767747
356,3.56,0.018115501792916548,3.720376131024077
357,3.5700000000000003,0.011700956896176763,3.7277978842220874
358,3.58,0.0129049817375321,3.7119508144077082
359,3.59,0.011664714665582424,3.700347563458717
360,3.6,0.015208634907397793,3.694519531670418
361,3.61,0.011663870394871469,3.6719134279511123
362,3.62,0.013641057514537449,3.664330559764059
363,3.63,0.01877325779380057,3.655517363409508
364,3.64,0.01572873230798933,3.6492935454222994
365,3.65,0.013070287106602997,3.636084998031014
366,3.66,0.01719283620233772,3.6307048176315453
367,3.67,0.015831718962859204,3.6205788319620633
368,3.68,0.015288409627931435,3.6139644051634012
369,3.69,0.015186373013134594,3.60077552859924
370,3.7,0.019261176077304137,3.601476223363
371,3.71,0.020055844310181457,3.588949553940018
372,3.72,0.014462071797706366,3.5862902233902236
373,3.73,0.015724866659617844,3.5601090465353415
374,3.74,0.01451855581436222,3.561900241964318
375,3.75,0.01854114770056283,3.551696949747674
376,3.7600000000000002,0.017948304000042572,3.545264927599212
377,3.77,0.016430354709847685,3.527443523099164
378,3.7800000000000002,0.011508532023940272,3.5259444317915607
379,3.79,0.016612953314129687,3.524121590259684
380,3.8000000000000003,0.014379947376834368,3.512196980449185
381,3.81,0.013959290003168985,3.503633492842569
382,3.8200000000000003,0.01582557401676136,3.4871291880536486
383,3.83,0.018017499385368993,3.47715385903648
384,3.84,0.01429294436607329,3.4770193071825766
385,3.85,0.01528541717385271,3.4611839136852605
386,3.86,0.0152834134928182,3.452570164976589
387,3.87,0.016171938027752002,3.4460857180382014
388,3.88,0.01775432947572934,3.4273440705361407
389,3.89,0.012104227883151478,3.433529034535027
390,3.9,0.01608625018177552,3.420939299565127
391,3.91,0.02052110336659852,3.4079319168802726
392,3.92,0.021544208650513718,3.411268529741198
393,3.93,0.017659944611376096,3.3994000083811207
394,3.94,0.014670816744076689,3.3958945860375147
395,3.95,0.021283640221792972,3.378635843275387
396,3.96,0.012765971179727397,3.3769432555696355
397,3.97,0.016294301442022163,3.3612706129395633
398,3.98,0.018794733688084778,3.3594311888317856
399,3.99,0.014422984530163835,3.3618335757456856
400,4.0,0.016178674330156254,3.3399300199501387
401,4.01,0.020682674109973567,3.33083154617368
402,4.0200000000000005,0.01599180143127625,3.3291879842633425
403,4.03,0.017978692855990276,3.3276219158716054
404,4.04,0.02335224062987736,3.3100400698161456
405,4.05,0.0178838177279844,3.3156442024806947
406,4.0600000000000005,0.024226350759404727,3.2863400709627473
407,4.07,0.019498517726069198,3.296230138883601
408,4.08,0.022334650626377683,3.281427292922826
409,4.09,0.021337537537047604,3.2774396880113543
410,4.1,0.01851373337686574,3.2674312595110595
411,4.11,0.0219186536803932,3.2668984399140557
412,4.12,0.023898326903860213,3.2658491022599585
413,4.13,0.02410568915121375,3.237999011301894
414,4.14,0.017832119479395205,3.2305502241639354
415,4.15,0.019418343211630638,3.231939335880264
416,4.16,0.024917964830536238,3.226827237999917
417,4.17,0.01889429815035205,3.215846389192435
418,4.18,0.024145807995344937,3.19277803932087
419,4.19,0.02246882133563855,3.1914903864909836
420,4.2,0.018196470801224527,3.1983397848313913
421,4.21,0.024899122583673945,3.191383222499716
422,4.22,0.022851926376486628,3.174745380556406
423,4.23,0.022219500814655232,3.1718033520477085
424,4.24,0.02183629152651179,3.171228139442694
425,4.25,0.024445596400124444,3.1486052280211947
426,4.26,0.015673011355234454,3.153303073827217
427,4.2700000000000005,0.020998631502525043,3.1466475326540104
428,4.28,0.02415817277372511,3.1378582756599402
429,4.29,0.024264103679282983,3.1358018956016926
430,4.3,0.024483442534908653,3.1290240528104265
431,4.3100000000000005,0.021792692929043365,3.126806796652651
432,4.32,0.026772287396471396,3.120559654745965
433,4.33,0.02545373834579582,3.1259349697833225
434,4.34,0.027256765469898896,3.0983409782641687
435,4.3500000000000005,0.024890348022932166,3.1042314676476837
436,4.36,0.020840654342988867,3.0755183868302116
437,4.37,0.02541530084989882,3.0794554249896104
438,4.38,0.02489792091280624,3.0801811551607297
439,4.39,0.027877138518918536,3.068718133210957
440,4.4,0.02731127238132582,3.0613883872941536
441,4.41,0.02969001595391161,3.0503232664977986
442,4.42,0.028852713555212378,3.0489867347139064
443,4.43,0.030123610894178227,3.0493751438509396
444,4.44,0.023798861714511867,3.0396777146106015
445,4.45,0.024783142216880806,3.0356533325704187
446,4.46,0.022207639329883313,3.018585797272079
447,4.47,0.024696670973665978,3.0173948445672787
448,4.48,0.02977401893429808,3.0087734287510988
449,4.49,0.026744017882662948,3.001530102471027
450,4.5,0.02326911128643455,2.9957278054667786
451,4.51,0.030347511947490323,2.9952300657785407
452,4.5200000000000005,0.030998139237170663,2.991730913522078
453,4.53,0.02928359690612093,2.9861625879126383
454,4.54,0.0323924461635896,2.981235391127626
455,4.55,0.028270836606491087,2.9781602227645307
456,4.5600000000000005,0.03524054419129437,2.9766571547907694
457,4.57,0.03221451941148395,2.9657210487753067
458,4.58,0.028092423422344248,2.960315498332726
459,4.59,0.03524895926867014,2.959756664269644
460,4.6000000000000005,0.03392010791335115,2.938194271953005
461,4.61,0.033561408917648326,2.9368829298531263
462,4.62,0.03351882406890811,2.937134848560091
463,4.63,0.029174217804223388,2.926490672372451
464,4.64,0.03546286032662113,2.926239336810177
465,4.65,0.03632690501432524,2.922966407223441
466,4.66,0.03215640137204475,2.9136119367370004
467,4.67,0.038461576464944504,2.913731627300645
468,4.68,0.035724654324264526,2.9057032393032713
469,4.69,0.03582845272284483,2.8891787733605416
470,4.7,0.029405982979837233,2.891340945786684
471,4.71,0.03265218278559639,2.8852300534660915
472,4.72,0.038125367071982344,2.8815817574481897
473,4.73,0.04070372258680724,2.864651481908316
474,4.74,0.03482424298735279,2.8633382848629076
475,4.75,0.033050946931635475,2.8602877187378053
476,4.76,0.034609818716263174,2.858019901907067
477,4.7700000000000005,0.040892926570553434,2.858347177372671
478,4.78,0.03952993814995824,2.8459944765953216
479,4.79,0.042896324138058835,2.8436236198747484
480,4.8,0.03785363828002352,2.8314995987275093
481,4.8100000000000005,0.039508211651767225,2.8372293954609664
482,4.82,0.0390382114029006,2.8288400879988704
483,4.83,0.03948344550088154,2.8175582550184597
484,4.84,0.041319047801765325,2.8099533908606924
485,4.8500000000000005,0.042159738941436806,2.830662084837704
486,4.86,0.04016683109367763,2.810151035972912
487,4.87,0.04178025349947181,2.806024156759099
488,4.88,0.040456157016643506,2.7964061601618346
489,4.89,0.042397254876762325,2.7865647485277547
490,4.9,0.04349042565761815,2.7903627972322895
491,4.91,0.044687665755494446,2.7818827223443887
492,4.92,0.04521022694046537,2.7792204009014614
493,4.93,0.04421950299550565,2.7752613000448902
494,4.94,0.047341851747636096,2.772591596661548
495,4.95,0.044345191634139865,2.7764574323461324
496,4.96,0.046266584007104546,2.766106939439076
497,4.97,0.04771664586425296,2.768042217300945
498,4.98,0.047567532677783846,2.7482548478808506
499,4.99,0.053003737585603145,2.7418059952089533
500,5.0,0.051423797868853253,2.752215721889249
501,5.01,0.05173796745424729,2.7405648373399245
502,5.0200000000000005,0.05088399961878922,2.735515158021346
503,5.03,0.05458586164313241,2.7380582531802315
504,5.04,0.0546051680535627,2.7280597547216505
505,5.05,0.05262670151969949,2.721542233010518
506,5.0600000000000005,0.056892945305201156,2.7227770676159464
507,5.07,0.058702515855733925,2.708699209497858
508,5.08,0.05311854455805179,2.7144910811107206
509,5.09,0.06359071405886682,2.7100149523070187
510,5.1000000000000005,0.06076419814917586,2.6912177969013102
511,5.11,0.054257866931023795,2.69835378427692
512,5.12,0.06050972593621099,2.691075862828589
513,5.13,0.06457593011445528,2.698088485797699
514,5.14,0.06095357830190544,2.684674939228703
515,5.15,0.06603278469331823,2.6809768674528724
516,5.16,0.066227010028143,2.6710067441136545
517,5.17,0.06669686606269472,2.6657890724714193
518,5.18,0.06371227466492072,2.6773086479880903
519,5.19,0.06649310980204212,2.6625220656256245
520,5.2,0.06269892764299793,2.6721862524778066
521,5.21,0.06532214409909265,2.659846637231362
522,5.22,0.06826195142009173,2.665266092472614
523,5.23,0.06685505172706199,2.6590786557814456
524,5.24,0.07085913858413075,2.6486862481886857
525,5.25,0.07340199013984489,2.6513212590630095
526,5.26,0.07017998911253216,2.653841115311017
527,5.2700000000000005,0.06882317436318991,2.632620882279855
528,5.28,0.07802847943511478,2.6426050612089846
529,5.29,0.07742881985504388,2.647606606324587
530,5.3,0.07561626298009708,2.6288415111962395
531,5.3100000000000005,0.0792601391756058,2.626384773321015
532,5.32,0.08207216779150338,2.6266938839528278
533,5.33,0.07745620208174803,2.617380368451958
534,5.34,0.08285367202854671,2.612474974199955
535,5.3500000000000005,0.08557640033339606,2.609717423272177
536,5.36,0.08309103040723748,2.618063232582868
537,5.37,0.08659858333054363,2.6134852721794606
538,5.38,0.08771798633517625,2.6010523144711635
539,5.39,0.09139203416257446,2.6039009550919667
540,5.4,0.09544426670082425,2.5982890228912394
541,5.41,0.08859503193830988,2.60103580934369
542,5.42,0.09361432645608776,2.590040546222471
543,5.43,0.09545563100183412,2.587358714339271
544,5.44,0.09138484895258885,2.5976995160635994
545,5.45,0.09672440115477318,2.5839714183094644
546,5.46,0.10116953514719706,2.5811080820092824
547,5.47,0.10324319569694448,2.586309950763027
548,5.48,0.1050492353646311,2.5728762033180796
549,5.49,0.10166684572698662,2.5784061105739693
550,5.5,0.11511334164851773,2.5682431019921457
551,5.51,0.1061985174721675,2.5604700385190147
552,5.5200000000000005,0.1118920948024522,2.5706022430409194
553,5.53,0.11232636465371816,2.569735330988522
554,5.54,0.11423662361589583,2.562475579521387
555,5.55,0.12017612525267823,2.5652183765131715
556,5.5600000000000005,0.11673313146869718,2.558731684988877
557,5.57,0.11919754823847224,2.557386629370708
558,5.58,0.1232183597268588,2.561423199647288
559,5.59,0.12069906425103867,2.542230591683034
560,5.6000000000000005,0.12570389419539402,2.54607617044975
561,5.61,0.12600398085387626,2.548353103913138
562,5.62,0.12435643799065235,2.546233904752963
563,5.63,0.12691812944900757,2.5407120923850655
564,5.64,0.13068423073138605,2.543516148525902
565,5.65,0.13156659339428778,2.540946362223439
566,5.66,0.13410141233258674,2.5315288954273822
567,5.67,0.13725227213847396,2.5423272702596726
568,5.68,0.140965160608111,2.5306175161434235
569,5.69,0.14688862075340342,2.531693853246879
570,5.7,0.14559518432495613,2.534808085721247
571,5.71,0.1532613110904273,2.5325327436855845
572,5.72,0.1480815474366177,2.5291998261814763
573,5.73,0.15376937835638435,2.528520103650825
574,5.74,0.15348572780791966,2.5311862941829455
575,5.75,0.15600273124043532,2.5205840493099
576,5.76,0.1640872917652118,2.515885866337046
577,5.7700000000000005,0.1618708577609665,2.517796347994007
578,5.78,0.16520224835025946,2.528599079179133
579,5.79,0.16593496772990277,2.5127251193130693
580,5.8,0.17026351009761637,2.505336682039712
581,5.8100000000000005,0.1729190227009792,2.522338349561148
582,5.82,0.17184610059729263,2.5146670862440326
583,5.83,0.17564397246570285,2.521231596354113
584,5.84,0.18050176635637577,2.510694518622282
585,5.8500000000000005,0.18532383907667113,2.5115021431313016
586,5.86,0.1868550442436659,2.508133681887538
587,5.87,0.19075430162624704,2.509514568012805
588,5.88,0.19899038410415312,2.509446981690548
589,5.89,0.19639437410742136,2.505445107540102
590,5.9,0.20205818048231564,2.506225230146263
591,5.91,0.20557592282884998,2.5196604656732906
592,5.92,0.20874483456194856,2.5101301874189743
593,5.93,0.20644717457524414,2.5201059529991947
594,5.94,0.21980057380925677,2.4906449299089486
595,5.95,0.22152392791937947,2.501361597365907
596,5.96,0.22270743234757334,2.507108788768701
597,5.97,0.22937848942387745,2.5099423937868632
598,5.98,0.23292092844273538,2.5055523828860515
599,5.99,0.2345624963279247,2.5029294798199895
600,6.0,0.23911568163266864,2.507720420855213
601,6.01,0.2391019538901073,2.5038363090353464
602,6.0200000000000005,0.2481982928341012,2.515377154027439
603,6.03,0.2581748766940546,2.5031472100526795
604,6.04,0.2556204502541346,2.518624914995344
605,6.05,0.26138078616679916,2.511724274783113
606,6.0600000000000005,0.2680563100937701,2.5108673365435052
607,6.07,0.2711845178371857,2.508466395594966
608,6.08,0.27670753594285735,2.512885004375708
609,6.09,0.28362294975349706,2.511015943102439
610,6.1000000000000005,0.27965399999556967,2.5189661102671272
611,6.11,0.288809373020987,2.514735672635828
612,6.12,0.2986027427063072,2.506487689634224
613,6.13,0.3016932819411871,2.519138217919825
614,6.140000000000001,0.3068332128030627,2.5108590602603176
615,6.15,0.308355038219787,2.5152575015313756
616,6.16,0.31903273858407044,2.5242625023392513
617,6.17,0.3257415291128915,2.5260007165734453
618,6.18,0.3350695953839799,2.521868713219335
619,6.19,0.33541906927151416,2.5252948190252598
620,6.2,0.3445816937232304,2.5278225000829653
621,6.21,0.3502420192323688,2.5241072771479187
622,6.22,0.3581579172785743,2.522598133468479
623,6.23,0.36454908575023137,2.5299367412391423
624,6.24,0.3722777388501388,2.5375274414613607
625,6.25,0.3799754720848815,2.535887676013399
626,6.26,0.39098803520431163,2.5332380213800283
627,6.2700000000000005,0.39259697873530336,2.5410481295516436
628,6.28,0.3974781197319443,2.53222234353906
629,6.29,0.407599322812627,2.546467254629109
630,6.3,0.41466850591342724,2.5495185964890954
631,6.3100000000000005,0.4226629521259564,2.546975015224264
632,6.32,0.4302726114564356,2.553957438313869
633,6.33,0.4348338291387195,2.560818903718706
634,6.34,0.4444637277117783,2.5464213912977303
635,6.3500000000000005,0.45334571586634315,2.566908400873241
636,6.36,0.46226351016629186,2.5720217643488237
637,6.37,0.4691188913660166,2.560167484236749
638,6.38,0.4759593792929825,2.5690109107387857
639,6.390000000000001,0.48181292677920734,2.5815817517582254
640,6.4,0.4970529544579592,2.573137101331823
641,6.41,0.5003642775252107,2.571724857401137
642,6.42,0.5103700229772395,2.588008852787249
643,6.43,0.5222727767198029,2.5869567303378784
644,6.44,0.5257501180263532,2.595452293719424
645,6.45,0.5387122965029676,2.5946523853609325
646,6.46,0.544028127039386,2.6043244851350646
647,6.47,0.5592530696527479,2.610260275778444
648,6.48,0.5662331656996249,2.5991426493210787
649,6.49,0.578695215609284,2.609409677483771
650,6.5,0.5867911598035215,2.615269021855542
651,6.51,0.5949080382696686,2.6280930879153095
652,6.5200000000000005,0.6099744698354468,2.627535905476078
653,6.53,0.6212162385211476,2.6302341228797026
654,6.54,0.6299610688260723,2.638234207610636
655,6.55,0.6430499597022785,2.6389382372084422
656,6.5600000000000005,0.6547700044257273,2.6517701083971468
657,6.57,0.6685987298133611,2.6653462331474156
658,6.58,0.6794282744990502,2.6616082595987205
659,6.59,0.693289051930679,2.6517767624414237
660,6.6000000000000005,0.7052065227920629,2.6738296893461126
661,6.61,0.7162650244421718,2.6734260783407646
662,6.62,0.7251890205947654,2.6819295467025426
663,6.63,0.7428892111419271,2.6886988033399573
664,6.640000000000001,0.7479028011246431,2.688601789103372
665,6.65,0.7649740396291178,2.693805360692776
666,6.66,0.7744506774485935,2.7056529779047493
667,6.67,0.7915143488286732,2.706430299336411
668,6.68,0.8022451377694991,2.7199948893792136
669,6.69,0.8202379002433411,2.720137573781894
670,6.7,0.8309462540653031,2.7238286596661254
671,6.71,0.8456729434845581,2.746293546680423
672,6.72,0.8590218173596201,2.742968023440751
673,6.73,0.8732064705309242,2.749703991308195
674,6.74,0.8914759295042033,2.760828200005286
675,6.75,0.899755633502777,2.7719358862946764
676,6.76,0.9144877838469,2.7724163554156034
677,6.7700000000000005,0.9344356118477251,2.7913118842627083
678,6.78,0.9502347940901845,2.797032986028094
679,6.79,0.9609142510279526,2.800127043388602
680,6.8,0.979896948753248,2.803953526418406
681,6.8100000000000005,1.0018172373195993,2.820975607235006
682,6.82,1.0095463083162504,2.8312370015130295
683,6.83,1.0235279303178266,2.8332325277016275
684,6.84,1.0471967772592137,2.836613977817922
685,6.8500000000000005,1.0649829091792544,2.849347400852635
686,6.86,1.076027184902349,2.857408325349867
687,6.87,1.0953120279955968,2.8555830158721345
688,6.88,1.1147204936577428,2.8732029043841916
689,6.890000000000001,1.1291374685338789,2.876973468246321
690,6.9,1.1405525467928244,2.8869783773603546
691,6.91,1.1687897930466475,2.89686900456186
692,6.92,1.1776470243358907,2.907726796937463
693,6.93,1.2000499933223616,2.924973066898061
694,6.94,1.2202914381507386,2.91808910028095
695,6.95,1.2326032146403596,2.936875716151583
696,6.96,1.254356288394767,2.943410689654995
697,6.97,1.2692414663992893,2.9529307624297143
698,6.98,1.2896129441444038,2.9676999161955155
699,6.99,1.3120023234619609,2.982066056523237
700,7.0,1.3284536503342614,2.9932285252929596
701,7.01,1.344694269807973,3.003437357950913
702,7.0200000000000005,1.366237631023004,3.0158925103841625
703,7.03,1.3805239822622122,3.029454219561734
704,7.04,1.3961620325538053,3.028360610761145
705,7.05,1.4194434932224047,3.049878142793073
706,7.0600000000000005,1.4339274038801042,3.0479976265150404
707,7.07,1.4558765809659613,3.0581139347601334
708,7.08,1.4682179980125947,3.0781938651501757
709,7.09,1.495689150666576,3.083560136328681
710,7.1000000000000005,1.5157863065530535,3.1008031625446493
711,7.11,1.5335548666637195,3.1190612295908604
712,7.12,1.5496101978161185,3.119357541998925
713,7.13,1.5695427698400528,3.138203528350147
714,7.140000000000001,1.588751502975394,3.143722091854103
715,7.15,1.604363991051862,3.153137082514703
716,7.16,1.622642781312565,3.174368452468305
717,7.17,1.640146302024743,3.176820083732569
718,7.18,1.663775212352186,3.19103361216725
719,7.19,1.6819289207424453,3.2074848422525344
720,7.2,1.701161267600374,3.2356753107707115
721,7.21,1.7182518197156038,3.228662809168876
722,7.22,1.738394013115809,3.23991363281913
723,7.23,1.7544866774916672,3.2538244168184587
724,7.24,1.7734086778735867,3.2772367084569494
725,7.25,1.7938898234935652,3.2809373228069303
726,7.26,1.817188420071734,3.2920943701076726
727,7.2700000000000005,1.8297747006616438,3.3088999739427525
728,7.28,1.8508780397389981,3.3193391612498466
729,7.29,1.8719304392617373,3.345087710150041
730,7.3,1.8901434901944192,3.350056285928963
731,7.3100000000000005,1.9029959297421237,3.3601405716193913
732,7.32,1.9257955396192536,3.3868342182395494
733,7.33,1.9420900091346387,3.3756561341113818
734,7.34,1.9585631692055665,3.4014958061624396
735,7.3500000000000005,1.9684425787380002,3.4148219124360715
736,7.36,1.9908011877007032,3.4353330667303696
737,7.37,2.0101827618405363,3.4482242962423464
738,7.38,2.025504378230935,3.464048806372233
739,7.390000000000001,2.042270498425964,3.4729323170242217
740,7.4,2.0617164671188335,3.492093630231058
741,7.41,2.076821001374756,3.4953999258833743
742,7.42,2.0905819001277512,3.509432263746443
743,7.43,2.1100119399618347,3.538250556677083
744,7.44,2.12479342994764,3.55282789499036
745,7.45,2.142850883818846,3.555525134620211
746,7.46,2.1556634250267175,3.568554992470764
747,7.47,2.1738428593668524,3.591797914548863
748,7.48,2.1808393496602854,3.6057002956031647
749,7.49,2.2006095057453607,3.61922282481321
750,7.5,2.216673984458965,3.628900614551609
751,7.51,2.2321759134341823,3.6418352232150935
752,7.5200000000000005,2.2440802544606435,3.664201634300665
753,7.53,2.257275262852029,3.6724517980921862
754,7.54,2.2710435039742998,3.683669397097402
755,7.55,2.2848779487204633,3.7102112510961818
756,7.5600000000000005,2.301250769178441,3.718594819093252
757,7.57,2.3152741936496213,3.7466435763310324
758,7.58,2.3244017136861537,3.762954756420231
759,7.59,2.3418547146649997,3.767870956701518
760,7.6000000000000005,2.3531047270274787,3.7934414519225577
761,7.61,2.366882244505818,3.810048580131355
762,7.62,2.372386682061649,3.8178267521440628
763,7.63,2.3859155139063564,3.827741797626495
764,7.640000000000001,2.3980909591841355,3.8532889294216366
765,7.65,2.405534868657192,3.867460363079007
766,7.66,2.4162549091158194,3.8798588822226594
767,7.67,2.427833250632225,3.9036040846638103
768,7.68,2.442077908621562,3.9187997405258495
769,7.69,2.453264221071096,3.9292797421424384
770,7.7,2.4589632813730176,3.964857772914726
771,7.71,2.470342416535449,3.9657927859694815
772,7.72,2.4734626545519385,3.9832277112749255
773,7.73,2.489531534532226,4.0038309941378465
774,7.74,2.5012164465080224,4.025182215728166
775,7.75,2.5072158178571824,4.017097910891833
776,7.76,2.5162607336451432,4.045562734207144
777,7.7700000000000005,2.5173175558950547,4.06574864676077
778,7.78,2.5255263030903063,4.068780604596842
779,7.79,2.532606953748883,4.100119861002256
780,7.8,2.5396814218773125,4.116636937279305
781,7.8100000000000005,2.5560716850106733,4.129677244665419
782,7.82,2.5569944825892197,4.146907803773453
783,7.83,2.5662652773358032,4.1710544747919345
784,7.84,2.5701792503940273,4.187029764162621
785,7.8500000000000005,2.582748915464071,4.206755142196753
786,7.86,2.5855408896519334,4.214424498307146
787,7.87,2.596328562433973,4.216258612703488
788,7.88,2.6021670797350915,4.249970689730751
789,7.890000000000001,2.6093396037406245,4.264827829734102
790,7.9,2.606453362140161,4.29115694725818
791,7.91,2.6141572512005817,4.29343572731915
792,7.92,2.6221788600570313,4.320410975709425
793,7.930000000000001,2.625332431994607,4.344709201794812
794,7.94,2.6296221954143673,4.3561267945150135
795,7.95,2.6367506543987913,4.365696282069985
796,7.96,2.6428930192402142,4.391310060544743
797,7.97,2.6428349432861458,4.406392311577999
798,7.98,2.6508912974834686,4.439177627515049
799,7.99,2.655948659757035,4.452174671394343
800,8.0,2.656067939000605,4.465667180012013
801,8.01,2.654569821348951,4.47595134561739
802,8.02,2.6571797194062734,4.491878247806995
803,8.03,2.6622963718242,4.504308144786636
804,8.040000000000001,2.6670193697572144,4.539570467761404
805,8.05,2.6750751890812103,4.551242526649148
806,8.06,2.674734176927346,4.562019656359872
807,8.07,2.6753964565147794,4.5881327279556015
808,8.08,2.6773054050045744,4.604520112323218
809,8.09,2.678847332043141,4.622169584626515
810,8.1,2.684024433204054,4.635223868993674
811,8.11,2.685645061238187,4.655125048630164
812,8.120000000000001,2.684629287601495,4.669216989356725
813,8.13,2.686830924006945,4.684167520411444
814,8.14,2.6915865801774372,4.709778925454877
815,8.15,2.688441174493971,4.725526194536051
816,8.16,2.6915969631724983,4.744724848657387
817,8.17,2.6899992123331153,4.76053979677774
818,8.18,2.689479749322051,4.784938313425918
819,8.19,2.6862223857071164,4.788721313713595
820,8.2,2.690015546903035,4.801139874982571
821,8.21,2.692627996968931,4.825428545051227
822,8.22,2.6931255862419534,4.858217380509504
823,8.23,2.687177317291044,4.868349221375778
824,8.24,2.6922260358460863,4.8835986563200375
825,8.25,2.689964147927542,4.901146739430904
826,8.26,2.685098188803555,4.905733423849934
827,8.27,2.6863227423460123,4.944224072746217
828,8.28,2.6850366322755375,4.955899445953774
829,8.290000000000001,2.6888833580212532,4.972656585708463
830,8.3,2.6889339108088475,4.9855850228181104
831,8.31,2.68945913931977,5.010273661766202
832,8.32,2.6796982071721485,5.017357318169564
833,8.33,2.68655236871041,5.038991703425937
834,8.34,2.681981129110303,5.07172880598402
835,8.35,2.6809920067048396,5.078012013199994
836,8.36,2.6810681635022884,5.095613225942033
837,8.370000000000001,2.6781162522680892,5.1161703022811365
838,8.38,2.676294668385313,5.133350911881324
839,8.39,2.6765325524283616,5.153294907800514
840,8.4,2.6714647500117104,5.174984199574365
841,8.41,2.6689117711899772,5.181639066479179
842,8.42,2.6674170075907346,5.205955266781464
843,8.43,2.6617811770053854,5.21741622375875
844,8.44,2.6657471090290374,5.250580924788751
845,8.45,2.6570502390654855,5.250266221353088
846,8.46,2.6561074713303676,5.278478394850991
847,8.47,2.6546931164459346,5.278810435171811
848,8.48,2.6472636820965327,5.30774571299378
849,8.49,2.644802959594187,5.321935382906881
850,8.5,2.6445183911033805,5.335052931354702
851,8.51,2.63831081379024,5.35753797537423
852,8.52,2.6382947856121595,5.386711022277986
853,8.53,2.640344345152007,5.387193470696856
854,8.540000000000001,2.632018336494383,5.415881929903736
855,8.55,2.627023946134426,5.434778553114573
856,8.56,2.6248136078303426,5.446614778689118
857,8.57,2.6225247200244093,5.464661029781168
858,8.58,2.6182786556641187,5.4825821863402675
859,8.59,2.61526481441905,5.4914524812945436
860,8.6,2.6052346457450013,5.513619553656912
861,8.61,2.6076312159393282,5.531260262180041
862,8.620000000000001,2.6011315462829727,5.545772304762518
863,8.63,2.6018038952000087,5.57735353448477
864,8.64,2.594775547084146,5.577787730094907
865,8.65,2.5926999981711396,5.600912167993975
866,8.66,2.5905614394814704,5.612351968263441
867,8.67,2.58462735200659,5.628363185465984
868,8.68,2.5820456249880412,5.648386677667352
869,8.69,2.5769061447831234,5.664764734811305
870,8.700000000000001,2.5752441988048163,5.675623913608386
871,8.71,2.57333855633824,5.700306966841046
872,8.72,2.5633650957815037,5.716877639054863
873,8.73,2.5584178236557844,5.71953995370411
874,8.74,2.553674258188442,5.743114979754127
875,8.75,2.555480247993903,5.7639581675729845
876,8.76,2.5402614981567315,5.793915792453953
877,8.77,2.545997560074315,5.804713869396337
878,8.78,2.5369833702251317,5.819408947004664
879,8.790000000000001,2.536084337166683,5.82785364263866
880,8.8,2.528642011770608,5.846933850895708
881,8.81,2.5256891216933304,5.8666123479218415
882,8.82,2.5195758666414996,5.882766171643406
883,8.83,2.5148823434697953,5.898210253069524
884,8.84,2.5093153081519586,5.920192693834107
885,8.85,2.5044446679910535,5.937087399706619
886,8.86,2.505053019125655,5.948027338514519
887,8.870000000000001,2.4956531681662284,5.95989679120202
888,8.88,2.4953807267178,5.982578734731798
889,8.89,2.4866085113283978,5.985670874684818
890,8.9,2.4790651420679635,6.003072031302214
891,8.91,2.4739626990869166,6.039222853469131
892,8.92,2.4747698424725764,6.028383576637049
893,8.93,2.4665885521153856,6.052076896545799
894,8.94,2.4635208980499206,6.075651239080466
895,8.950000000000001,2.45527939208249,6.088753825094665
896,8.96,2.4544108025042943,6.10546149393266
897,8.97,2.449944369793249,6.1184479789006785
898,8.98,2.4416276367349514,6.139157528684839
899,8.99,2.435324193062893,6.157926434001843
900,9.0,2.4294186255835335,6.153210626641479
901,9.01,2.4268752576342805,6.1808515901428995
902,9.02,2.4209850264719726,6.181042596504325
903,9.03,2.4153549150638858,6.2022387046572085
904,9.040000000000001,2.411619697682169,6.226155181857973
905,9.05,2.4067257719424604,6.24206510638456
906,9.06,2.396698771651208,6.25503422388189
907,9.07,2.39119136642445,6.262469693193703
908,9.08,2.384897030269172,6.2768792960464905
909,9.09,2.3821570059072705,6.29928665799586
910,9.1,2.3775447684859614,6.318232936980164
911,9.11,2.370470430342403,6.329490528552011
912,9.120000000000001,2.365215357708935,6.335433544384601
913,9.13,2.3602002789083776,6.360679657720658
914,9.14,2.3564219548372294,6.373670165156118
915,9.15,2.3451085049179694,6.377272068884883
916,9.16,2.3377573881520504,6.399573097764481
917,9.17,2.333332768361529,6.407990801220686
918,9.18,2.325205984583569,6.418174122839211
919,9.19,2.3226896740807472,6.445034616794475
920,9.200000000000001,2.315101193116712,6.4635515419627545
921,9.21,2.3101646500006696,6.474916825201042
922,9.22,2.300440754184465,6.485559489797284
923,9.23,2.296974339339164,6.493598985227933
924,9.24,2.2925719254687107,6.517039737819453
925,9.25,2.2909943344545747,6.523760374752443
926,9.26,2.2818978171334012,6.529568677028232
927,9.27,2.2748025392278564,6.5398779995890335
928,9.28,2.266359143577147,6.5636990846708745
929,9.290000000000001,2.2625348091623225,6.575471355223248
930,9.3,2.255294782610875,6.583792084739844
931,9.31,2.2436570071675512,6.5960816161311735
932,9.32,2.2422127324780163,6.615307829236327
933,9.33,2.2311640885646336,6.632832269105101
934,9.34,2.2262732693545444,6.638508793563037
935,9.35,2.2219432702491333,6.649531845998522
936,9.36,2.2123059915411853,6.66598134896999
937,9.370000000000001,2.2101387989715557,6.689849265195498
938,9.38,2.198589355425008,6.693008773372545
939,9.39,2.197174863807462,6.70474997217672
940,9.4,2.1900593121893888,6.71639590557502
941,9.41,2.1847566576907815,6.728699659303202
942,9.42,2.1760749935853383,6.7310994650024645
943,9.43,2.171467825353777,6.743841274941712
944,9.44,2.163070385023398,6.759722635345929
945,9.450000000000001,2.1566700596587607,6.776355806785043
946,9.46,2.148278043559408,6.793922169029549
947,9.47,2.1435600640926085,6.798038154652577
948,9.48,2.1367707168763475,6.806304902393505
949,9.49,2.1291902115325363,6.82337407140305
950,9.5,2.121520184040065,6.834846665757944
951,9.51,2.118496274450442,6.848183703442148
952,9.52,2.113035216826754,6.852641353005298
953,9.53,2.104076505618055,6.8710147953548475
954,9.540000000000001,2.0928809895745664,6.880419064062451
955,9.55,2.088527254595443,6.890772992307305
956,9.56,2.0856784375982156,6.9044564459070665
957,9.57,2.08145091441998,6.909881033338992
958,9.58,2.0722248827770486,6.927320315954147
959,9.59,2.06889088726178,6.948968119275574
960,9.6,2.056091389257452,6.951985589682165
961,9.61,2.046651127590978,6.966609535777249
962,9.620000000000001,2.0427101643621133,6.973289266331656
963,9.63,2.0365896440178046,6.981781240880714
964,9.64,2.0322800427956245,6.989073450026081
965,9.65,2.0244305850257427,6.992748444783501
966,9.66,2.0129394273734813,7.006414992633673
967,9.67,2.0089201022597005,7.006836392257107
968,9.68,2.0048441065970883,7.034446327254373
969,9.69,2.0002834290973315,7.039912961588463
970,9.700000000000001,1.9872614220814349,7.05227017166166
971,9.71,1.9818733602705982,7.055707421154379
972,9.72,1.9751420446874663,7.063088035958682
973,9.73,1.9681371267896486,7.069210844761422
974,9.74,1.9619022701045743,7.095727493691813
975,9.75,1.9549837950303242,7.086184564211719
976,9.76,1.9499859385770812,7.101132505436824
977,9.77,1.9400169030071939,7.1129130745969045
978,9.78,1.9312676219774898,7.112656028082389
979,9.790000000000001,1.9276083305746043,7.121425511755638
980,9.8,1.9246392686787457,7.133968803166787
981,9.81,1.9121217975499694,7.140482418472616
982,9.82,1.9054922492427662,7.165833959440919
983,9.83,1.9016121139804398,7.165787599465287
984,9.84,1.8906802334037527,7.177042015612291
985,9.85,1.8927367956599817,7.18565570842302
986,9.86,1.883378637719434,7.17940988236634
987,9.870000000000001,1.870891927315852,7.197916768615062
988,9.88,1.8657465595847254,7.202430878084279
989,9.89,1.8588411834425531,7.208095984946408
990,9.9,1.8525788831656034,7.2244617176187935
991,9.91,1.847070493148804,7.233112688469395
992,9.92,1.8349476436451242,7.234301918662657
993,9.93,1.8294677058933306,7.249971582187688
994,9.94,1.825863355358336,7.255697043272398
995,9.950000000000001,1.8186663949253434,7.254397073226982
996,9.96,1.814570314432663,7.264225625566535
997,9.97,1.8033641791436725,7.289249551418877
998,9.98,1.7967351151922164,7.277729408692023
999,9.99,1.7917787050703917,7.28871299067543
1000,10.0,1.7828710882100547,7.298577380593292
1001,10.01,1.7761021263685994,7.310260014911824
1002,10.02,1.768378351570189,7.307288594104342
1003,10.03,1.7558658431081469,7.308940021407039
1004,10.040000000000001,1.7547907955510302,7.332521842583317
1005,10.05,1.7499502542188892,7.327438226626974
1006,10.06,1.740377772740241,7.3402582114124115
1007,10.07,1.730336022312794,7.33490817856679
1008,10.08,1.7224489847405318,7.34330124745829
1009,10.09,1.7231658722815342,7.360771025578419
1010,10.1,1.7136807072870912,7.357321365214389
1011,10.11,1.704197205333993,7.3634571736381
1012,10.120000000000001,1.6982963359781544,7.376346651510374
1013,10.13,1.6901120984406097,7.371472238859638
1014,10.14,1.6795647114442989,7.373384070716258
1015,10.15,1.6741164136009759,7.383522510884093
1016,10.16,1.660855283751899,7.392693945990042
1017,10.17,1.659828618360854,7.393969504768787
1018,10.18,1.651590651275324,7.409752797131019
1019,10.19,1.643475742584681,7.408515260600882
1020,10.200000000000001,1.6380981422980456,7.410138431874455
1021,10.21,1.6292479824106731,7.406843724522423
1022,10.22,1.6262715214071235,7.429812201583467
1023,10.23,1.6162365438893325,7.426710008479812
1024,10.24,1.603307699555808,7.429198525799602
1025,10.25,1.6021596754929293,7.444950601097574
1026,10.26,1.5878082220354286,7.445054350085572
1027,10.27,1.5901161771536527,7.443672782366595
1028,10.28,1.5760788155823662,7.450813806636183
1029,10.290000000000001,1.5725194990317974,7.445426659694329
1030,10.3,1.5638830952538225,7.444139260325077
1031,10.31,1.5579594121124192,7.456978195195791
1032,10.32,1.5491233578275287,7.4614772418769375
1033,10.33,1.5416392251464082,7.460886250565649
1034,10.34,1.5377186650711854,7.462864836323403
1035,10.35,1.5284574203707453,7.468495790290418
1036,10.36,1.5194875757553286,7.463874686440612
1037,10.370000000000001,1.5127698736833155,7.481437103902153
1038,10.38,1.4979785724307946,7.480149117296344
1039,10.39,1.4955357131587967,7.4789777112614955
1040,10.4,1.493084535635736,7.487864035309613
1041,10.41,1.4812577471356556,7.480281610024502
1042,10.42,1.4790913225596005,7.480304841086892
1043,10.43,1.4653802536610565,7.496122605575624
1044,10.44,1.4567153124600312,7.5010641369304984
1045,10.450000000000001,1.4572069812678126,7.5001460315988835
1046,10.46,1.4464453370410617,7.498909099180618
1047,10.47,1.4408289040356126,7.501651818410549
1048,10.48,1.4283497823471345,7.508971601482705
1049,10.49,1.4258673587584025,7.5024211211871625
1050,10.5,1.416137054073783,7.506687304631876
1051,10.51,1.4062540657347309,7.5130577334543815
1052,10.52,1.4028814488642054,7.512374191849513
1053,10.53,1.3945187965543748,7.507523624600064
1054,10.540000000000001,1.3816902274777596,7.508037411769675
1055,10.55,1.375591928004248,7.518337876880733
1056,10.56,1.368016932586127,7.516644596794502
1057,10.57,1.3647427345064804,7.509879473482157
1058,10.58,1.3588518354571635,7.518953974680819
1059,10.59,1.3500771440927246,7.513496975303485
1060,10.6,1.3402913737862356,7.5230115868278356
1061,10.61,1.330625727502873,7.525225893459952
1062,10.620000000000001,1.3267910837451995,7.522918105862959
1063,10.63,1.3241472967756958,7.522583264841309
1064,10.64,1.309099956288641,7.518733054774145
1065,10.65,1.3039336562495234,7.515097993104032
1066,10.66,1.2999690268158177,7.517675754808784
1067,10.67,1.2890315541650732,7.516179655614005
1068,10.68,1.2838678980918174,7.528474313225502
1069,10.69,1.2715952918845266,7.5286659542814
1070,10.700000000000001,1.2665067566127832,7.528665810623945
1071,10.71,1.2602764581932444,7.523178829549915
1072,10.72,1.256773343936064,7.528481275583694
1073,10.73,1.2427200618026564,7.525405279779614
1074,10.74,1.2378269992197914,7.525598654146305
1075,10.75,1.2324463081792654,7.515442408099528
1076,10.76,1.2241434961303608,7.509887303333812
1077,10.77,1.2115042239519989,7.516512148663466
1078,10.78,1.208201246453801,7.512702084410753
1079,10.790000000000001,1.1999039423723041,7.515938367374279
1080,10.8,1.195566694020605,7.513106544082512
1081,10.81,1.1883442839565437,7.5119237468464215
1082,10.82,1.180938686960232,7.5068586802780315
1083,10.83,1.1729219454018731,7.5206312397835555
1084,10.84,1.1682930792938557,7.500497400231664
1085,10.85,1.1569446606029679,7.5094577592663105
1086,10.86,1.1447949379592257,7.507564599432351
1087,10.870000000000001,1.1446523000242281,7.50866577246673
1088,10.88,1.136100545261447,7.512173431244971
1089,10.89,1.1298572246817806,7.497683811889224
1090,10.9,1.1167194223891936,7.485355988505875
1091,10.91,1.116735845903939,7.498480944856009
1092,10.92,1.1040540674609405,7.487486144826371
1093,10.93,1.1006339029791885,7.4824996099327965
1094,10.94,1.0914362654548946,7.486523250185347
1095,10.950000000000001,1.0846055914595343,7.490002756089166
1096,10.96,1.077022402731515,7.474144272857242
1097,10.97,1.06969035865224,7.464821061571352
1098,10.98,1.0682955339213855,7.462009374551319
1099,10.99,1.0541280236696324,7.471948436567309
1100,11.0,1.0491173254509703,7.463206337902596
1101,11.01,1.038251073996798,7.4595818888239185
1102,11.02,1.0355874074044469,7.469177645603979
1103,11.03,1.0303090607867627,7.4569664272637475
1104,11.040000000000001,1.0150994916071647,7.45407054128023
1105,11.05,1.0139844908953843,7.449052309011937
1106,11.06,1.0040811701017558,7.44966689749196
1107,11.07,0.9982620328820043,7.4335873081105115
1108,11.08,0.9886460298119205,7.439186489964194
1109,11.09,0.9858620432444012,7.426322360757732
1110,11.1,0.9733510150141348,7.421736506147209
1111,11.11,0.9669376909444409,7.420884709869098
1112,11.120000000000001,0.9693650168399162,7.419426171453194
1113,11.13,0.9562249468973074,7.400464064462887
1114,11.14,0.9411060570098402,7.413474582714833
1115,11.15,0.9360132056994583,7.4025468527504525
1116,11.16,0.9368566795856839,7.401586876500592
1117,11.17,0.9220927386691019,7.39448853734865
1118,11.18,0.9159802835135903,7.384684277421306
1119,11.19,0.9111339732755159,7.3881621138400195
1120,11.200000000000001,0.9046668445752349,7.381566836143281
1121,11.21,0.892716240676193,7.365306589301701
1122,11.22,0.8910379686692865,7.364230409699783
1123,11.23,0.8826701803409064,7.352617070115118
1124,11.24,0.8772067320766358,7.358826272158901
1125,11.25,0.872824752903631,7.348949196775219
1126,11.26,0.8638013811419151,7.341947752899052
1127,11.27,0.8582596254081586,7.332318020818537
1128,11.28,0.8482850767479083,7.324170025700457
1129,11.290000000000001,0.8438975883914499,7.318695758734233
1130,11.3,0.8336798166844708,7.303716717469432
1131,11.31,0.8251377971931634,7.306443806247614
1132,11.32,0.8217160819090311,7.304268536469424
1133,11.33,0.8147446034450775,7.290347040022445
1134,11.34,0.816672758118613,7.270058947787545
1135,11.35,0.7990484187040939,7.273420255925912
1136,11.36,0.7962052096211244,7.272541674697399
1137,11.370000000000001,0.7903974398146881,7.267667952174541
1138,11.38,0.7855061237641754,7.245958084629287
1139,11.39,0.7731135262598632,7.236443752268024
1140,11.4,0.7683803811583194,7.2369331791889735
1141,11.41,0.7567142825978418,7.234208697442492
1142,11.42,0.7582302226752888,7.227009625229337
1143,11.43,0.7505126856957672,7.217073682935571
1144,11.44,0.739534106820587,7.203246062879953
1145,11.450000000000001,0.7354274092757548,7.19527401391677
1146,11.46,0.7242672443236463,7.188264388532963
1147,11.47,0.7273847771865228,7.174581229433618
1148,11.48,0.7206167511817212,7.168374046714397
1149,11.49,0.7057870658573488,7.16544636645548
1150,11.5,0.7055819508741422,7.153877057574994
1151,11.51,0.6966895968905228,7.145806334655026
1152,11.52,0.6909916270879931,7.12273736464925
1153,11.53,0.685363375229994,7.1255607285141345
1154,11.540000000000001,0.6780854075817468,7.114554681159735
1155,11.55,0.679658881472173,7.1063344988947605
1156,11.56,0.6614153587074312,7.096896216528656
1157,11.57,0.6593758015304173,7.090527454081357
1158,11.58,0.6559716531960443,7.077009659601934
1159,11.59,0.6473981438384603,7.065154852816167
1160,11.6,0.6431590653522045,7.068816338501812
1161,11.61,0.6273289888785527,7.05809867804169
1162,11.620000000000001,0.6243413348695027,7.032384419567673
1163,11.63,0.6189444491365372,7.030253615202305
1164,11.64,0.6130816304621808,7.015958158564387
1165,11.65,0.6094513982936918,7.003566260553648
1166,11.66,0.6048851797624102,7.002464888894246
1167,11.67,0.5977655840044707,7.000599670245611
1168,11.68,0.598897678430236,6.98247384736238
1169,11.69,0.5918987519119951,6.96481126898977
1170,11.700000000000001,0.5847537650972021,6.949870743314321
1171,11.71,0.5811102915502655,6.954557154201495
1172,11.72,0.5753701994791887,6.928993350890477
1173,11.73,0.566787473449663,6.928999140192239
1174,11.74,0.5595058127441057,6.904650111375078
1175,11.75,0.5502938365921802,6.9046758783837285
1176,11.76,0.5503954714872261,6.8925940827235594
1177,11.77,0.5438658369528823,6.880988729229406
1178,11.78,0.5351193165221924,6.869316509716161
1179,11.790000000000001,0.5358803114345702,6.851165052728872
1180,11.8,0.5253959024205781,6.8526622135515955
1181,11.81,0.5197470571325341,6.836192314987704
1182,11.82,0.5162569664546667,6.814544026346415
1183,11.83,0.5095163143326463,6.824083559723065
1184,11.84,0.5072191978784722,6.806542816265158
1185,11.85,0.4978003046190058,6.796833864412219
1186,11.86,0.4942238573884684,6.770307046717863
1187,11.870000000000001,0.4890161546687328,6.76472186360402
1188,11.88,0.4833163229752751,6.74538813796711
1189,11.89,0.47934468349738696,6.729616169340464
1190,11.9,0.47260933849404396,6.731610471780096
1191,11.91,0.46625753289586425,6.717848427969514
1192,11.92,0.4710500130365952,6.717923251748784
1193,11.93,0.4634219480191812,6.690311729643077
1194,11.94,0.4573495079059628,6.683595251534324
1195,11.950000000000001,0.4504793272815455,6.6617776942122084
1196,11.96,0.4512345467073798,6.665817884362528
1197,11.97,0.4397661964536012,6.648522619858805
1198,11.98,0.43576103035725267,6.639612431884664
1199,11.99,0.4278387598646751,6.625769962093999
1200,12.0,0.4342621477584839,6.60858504545506
1201,12.01,0.42168430737228985,6.595004148796946
1202,12.02,0.41598878446926285,6.576547027261796
1203,12.030000000000001,0.4145516573657002,6.564850651090972
1204,12.040000000000001,0.4117089792715481,6.555907730070219
1205,12.05,0.4075172898630006,6.539762273457324
1206,12.06,0.40242016107788003,6.534395665468264
1207,12.07,0.40000595510805287,6.519413411681007
1208,12.08,0.39369508469661824,6.504503277462852
1209,12.09,0.3858812717135465,6.501980619145296
1210,12.1,0.38306242824558556,6.4757483530513085
1211,12.11,0.3820002126058132,6.47128780264545
1212,12.120000000000001,0.37503832485086697,6.445746751287981
1213,12.13,0.3711861115503816,6.43094894814311
1214,12.14,0.3703417435237759,6.427387825664437
1215,12.15,0.3583461074198155,6.417145933106245
1216,12.16,0.3609313493656381,6.393284162393117
1217,12.17,0.3584839045824495,6.385482981482779
1218,12.18,0.35005588521814357,6.380189826756675
1219,12.19,0.3455390622647932,6.3601343578060305
1220,12.200000000000001,0.34430355920531225,6.331812958132294
1221,12.21,0.3356035912074615,6.3389663238030645
1222,12.22,0.3337612092194817,6.3327499560333855
1223,12.23,0.3336201516761973,6.294231671157188
1224,12.24,0.3288872908538589,6.2947068464320575
1225,12.25,0.32467677543254475,6.283916818964472
1226,12.26,0.317397425217887,6.2588830927405095
1227,12.27,0.32186076601521607,6.2378208064959
1228,12.280000000000001,0.31605227661038215,6.222939433857661
1229,12.290000000000001,0.31292186375888265,6.22303490290456
1230,12.3,0.31348889841842076,6.19141700725994
1231,12.31,0.3041481257723783,6.189646707263959
1232,12.32,0.30229515862050155,6.173685626723129
1233,12.33,0.30462566047479145,6.162040505584362
1234,12.34,0.2965842812465876,6.1475654054544
1235,12.35,0.2997535533494345,6.132440787553008
1236,12.36,0.29171746564730305,6.113652620896299
1237,12.370000000000001,0.2867090524539392,6.101127556920723
1238,12.38,0.2837069373582331,6.084780913690075
1239,12.39,0.280750204220372,6.079462442102615
1240,12.4,0.27922345308015484,6.066555066604726
1241,12.41,0.2746516660673472,6.03670761058503
1242,12.42,0.2753285155298461,6.031210814092927
1243,12.43,0.27144670523711756,6.006386224350846
1244,12.44,0.27176291366158456,6.003769349745342
1245,12.450000000000001,0.2628707119096121,5.99194370381539
1246,12.46,0.26316084572890613,5.980143684992039
1247,12.47,0.2634132148272552,5.958180576892075
1248,12.48,0.2627716876802581,5.945852933631897
1249,12.49,0.25247765319019866,5.91906537533499
1250,12.5,0.25322181505822194,5.917533238641186
1251,12.51,0.2522446282530238,5.900299188219575
1252,12.52,0.2526073318723063,5.893376530704211
1253,12.530000000000001,0.24667668953211638,5.869674846887099
1254,12.540000000000001,0.24198473864617173,5.872810884917674
1255,12.55,0.24373444678656922,5.844223280927241
1256,12.56,0.23614378797908292,5.840571094457481
1257,12.57,0.24519607084376,5.82335177451234
1258,12.58,0.23498245155498193,5.801105952072579
1259,12.59,0.23515561918521327,5.792466640862596
1260,12.6,0.23108079599727985,5.761431803199429
1261,12.61,0.227351603195244,5.760046443242671
1262,12.620000000000001,0.22667695918340922,5.736143475977389
1263,12.63,0.22576732316707263,5.746116364329222
1264,12.64,0.22548837543072434,5.713993374950888
1265,12.65,0.21672759510719014,5.699644929921684
1266,12.66,0.22191708974421587,5.680783241272133
1267,12.67,0.2148409721901433,5.670152902028251
1268,12.68,0.21836540818765163,5.657607867307983
1269,12.69,0.21014074224448484,5.652102546965105
1270,12.700000000000001,0.2086685892639334,5.632074591494094
1271,12.71,0.20923291665133661,5.615028687958756
1272,12.72,0.20972251582388346,5.594664996250682
1273,12.73,0.20420246072513615,5.589952895955778
1274,12.74,0.20506554592369639,5.585550678584419
1275,12.75,0.2001683198840375,5.557686622950412
1276,12.76,0.19793392557922299,5.538703930283195
1277,12.77,0.19824108394868148,5.534431102200955
1278,12.780000000000001,0.19691462893014097,5.531278105178594
1279,12.790000000000001,0.19365158304513974,5.507560140674383
1280,12.8,0.2015939451924455,5.505850894359305
1281,12.81,0.19022496862642999,5.488663022416341
1282,12.82,0.19261039003454666,5.466408571750591
1283,12.83,0.19336357048140504,5.450306618125905
1284,12.84,0.18932397131467565,5.443359553050789
1285,12.85,0.18797282511790367,5.4349057688875915
1286,12.86,0.18473722736749246,5.410488350485979
1287,12.870000000000001,0.18510013934257158,5.394835102122516
1288,12.88,0.1790945466404443,5.388791194630194
1289,12.89,0.18081320118529018,5.365294653227151
1290,12.9,0.1834497622150535,5.354493164684832
1291,12.91,0.1763978690490776,5.340346471491892
1292,12.92,0.17487921940674162,5.3326700298394165
1293,12.93,0.17311606886956626,5.317895837530811
1294,12.94,0.17233234608987513,5.309120731740809
1295,12.950000000000001,0.17511819913308085,5.289247042657965
1296,12.96,0.17187399230811765,5.281738733889204
1297,12.97,0.16601954870133329,5.259499295537996
1298,12.98,0.1783370954135722,5.2623678423380875
1299,12.99,0.17065898056010836,5.245166103564709
1300,13.0,0.1740702496067497,5.22593018200559
1301,13.01,0.16506995121068857,5.210681080242087
1302,13.02,0.16495317509651966,5.210187069581955
1303,13.030000000000001,0.1621506658934928,5.178875086747418
1304,13.040000000000001,0.16104627941469526,5.185050642581228
1305,13.05,0.16239320782013925,5.169126922679394
1306,13.06,0.16576424126290626,5.151559532061977
1307,13.07,0.15643729179374552,5.139956217717061
1308,13.08,0.1618434354687872,5.11665052136431
1309,13.09,0.15650736953742575,5.101733324213623
1310,13.1,0.16038967690580536,5.110245459702486
1311,13.11,0.1592319015966217,5.090846494347353
1312,13.120000000000001,0.15867643609311882,5.070530183069846
1313,13.13,0.15470281714772188,5.067861617628715
1314,13.14,0.16053133122069235,5.046182841678846
1315,13.15,0.15080517641760283,5.042522023036637
1316,13.16,0.15166364942960878,5.033864254826188
1317,13.17,0.15500070859277437,5.024928980049519
1318,13.18,0.15414448744081272,5.01596343057324
1319,13.19,0.15319485149622178,4.996822003648257
1320,13.200000000000001,0.14705480610156813,4.9760380728556575
1321,13.21,0.14689784765216524,4.973100122023858
1322,13.22,0.14721339008717702,4.961993683230423
1323,13.23,0.15108060833359113,4.950128825763978
1324,13.24,0.143784199753606,4.929291950720035
1325,13.25,0.14177825932028654,4.93338165930743
1326,13.26,0.14680388425458984,4.907635024374028
1327,13.27,0.1452817347544013,4.90424750262649
1328,13.280000000000001,0.15062651689761603,4.883075222137638
1329,13.290000000000001,0.1429908441144341,4.883129507570363
1330,13.3,0.1413355277295433,4.862008096826618
1331,13.31,0.1438175269359107,4.857553720760698
1332,13.32,0.1412247969866778,4.839800442536016
1333,13.33,0.13998307993972062,4.835447921665462
1334,13.34,0.14464084545284098,4.815755207060813
1335,13.35,0.1430953840220608,4.805424319128584
1336,13.36,0.1407614878476808,4.799352690180681
1337,13.370000000000001,0.13463488226351922,4.781057264866337
1338,13.38,0.1349227616047189,4.776872985598094
1339,13.39,0.137220926876897,4.769163652423237
1340,13.4,0.1371280846048691,4.75085273040693
1341,13.41,0.14183956195400277,4.742171460740572
1342,13.42,0.1334412845776943,4.721706457364635
1343,13.43,0.1416716054696491,4.714764866341875
1344,13.44,0.134713497693451,4.716921044754986
1345,13.450000000000001,0.132753682705225,4.689033860940837
1346,13.46,0.136662778721567,4.691484426768984
1347,13.47,0.13566136342292287,4.679003887074687
1348,13.48,0.13004497114912686,4.664916982186337
1349,13.49,0.13967456832231387,4.647956441816538
1350,13.5,0.13662459853292908,4.643069176201011
1351,13.51,0.1349762216866742,4.622024994935087
1352,13.52,0.13444761465587865,4.617891670353433
1353,13.530000000000001,0.13745002210950527,4.604908202140025
1354,13.540000000000001,0.1335457187876222,4.600192919346053
1355,13.55,0.13679965320502244,4.5896448055484695
1356,13.56,0.1316878888443214,4.5867928054052
1357,13.57,0.1303137909375603,4.567505400655004
1358,13.58,0.13158953485139022,4.568759883761298
1359,13.59,0.13334168066930743,4.5569006480867715
1360,13.6,0.1322831477988027,4.535114119081402
1361,13.61,0.12944752451874433,4.534251300799571
1362,13.620000000000001,0.13227493235564494,4.514614295426584
1363,13.63,0.13237445702846098,4.505553542461152
1364,13.64,0.12993873490145905,4.495487663308708
1365,13.65,0.12780418415327646,4.482930925395757
1366,13.66,0.13362646242691564,4.47737802370248
1367,13.67,0.13263057538392525,4.466045392289633
1368,13.68,0.1318283170226819,4.453273021948675
1369,13.69,0.12981615436137434,4.455905202344107
1370,13.700000000000001,0.135708424060901,4.436804811524815
1371,13.71,0.1303437872635096,4.42912325422835
1372,13.72,0.131239741765194,4.423646121028115
1373,13.73,0.13890459827566656,4.403415050877551
1374,13.74,0.12781247255083164,4.404504910918438
1375,13.75,0.12598978368871358,4.397988979184039
1376,13.76,0.13277278322094416,4.383793939812156
1377,13.77,0.12945499872930477,4.37983686842358
1378,13.780000000000001,0.12898996510180738,4.354027395861513
1379,13.790000000000001,0.12826821499224195,4.3475655903301424
1380,13.8,0.13124764024693034,4.3506846729611475
1381,13.81,0.1324457134678525,4.328795361269449
1382,13.82,0.1287887714500012,4.328545555180924
1383,13.83,0.13241291459964294,4.310638249148735
1384,13.84,0.13082690809040295,4.3060089777492925
1385,13.85,0.12836007133329627,4.31133277012858
1386,13.86,0.13180628105147332,4.3039399296736685
1387,13.870000000000001,0.13090836108353543,4.27801869407323
1388,13.88,0.13077720567749543,4.281299561181234
1389,13.89,0.12889525901686652,4.267004231059244
1390,13.9,0.13076082912877726,4.252207211465019
1391,13.91,0.13239669582717553,4.243712433518412
1392,13.92,0.13090269053713743,4.242462097988116
1393,13.93,0.13113358171524428,4.225973296790986
1394,13.94,0.12747122793301613,4.225987403639982
1395,13.950000000000001,0.13417412274494733,4.219743863674786
1396,13.96,0.13462530738520748,4.205018653289634
1397,13.97,0.13005419221615533,4.196327782271034
1398,13.98,0.13040676731392922,4.18570975451375
1399,13.99,0.13327295029650227,4.179905839594891
1400,14.0,0.13868635217269054,4.15878707691707
1401,14.01,0.132097888197866,4.171878414439201
1402,14.02,0.1332380817500701,4.154656330995286
1403,14.030000000000001,0.1349459097939899,4.145512874886204
1404,14.040000000000001,0.13411142007389676,4.141287430671614
1405,14.05,0.13322319795324936,4.1371697030923755
1406,14.06,0.1340279706059318,4.126248398002304
1407,14.07,0.1374750081395714,4.118384785650426
1408,14.08,0.13442599618724743,4.104715552906118
1409,14.09,0.1355585695684073,4.0951479751528765
1410,14.1,0.13459635490037197,4.094233003326189
1411,14.11,0.13616270946398334,4.081447716939224
1412,14.120000000000001,0.13631204165180572,4.082851127435292
1413,14.13,0.1382476490854717,4.065740403870062
1414,14.14,0.13373527279061556,4.059186645593905
1415,14.15,0.1308127518570726,4.05198647960887
1416,14.16,0.13966603361420352,4.053940202826229
1417,14.17,0.14106633240710936,4.0333300818826014
1418,14.18,0.13746193141254134,4.020809825370591
1419,14.19,0.1399957187145088,4.028727268005033
1420,14.200000000000001,0.14444332839394608,4.015221266190936
1421,14.21,0.1421658648935894,4.016459523114704
1422,14.22,0.14416011787313346,3.993701705199902
1423,14.23,0.1388910935629948,3.994012297692121
1424,14.24,0.1440589280403343,3.989427593941146
1425,14.25,0.14237715311222876,3.978446696181476
1426,14.26,0.14507083550817323,3.9781770100214358
1427,14.27,0.1483210396475839,3.966909932086251
1428,14.280000000000001,0.1423430735387779,3.9651219416312005
1429,14.290000000000001,0.14613427632228834,3.951613257494638
1430,14.3,0.14424357580604422,3.941283844150119
1431,14.31,0.1455450608243803,3.937373662745604
1432,14.32,0.14606690503776726,3.9426990955746186
1433,14.33,0.14972569883604897,3.926554707681539
1434,14.34,0.14465328557507287,3.919806144218336
1435,14.35,0.14446901271841217,3.911980941498844
1436,14.36,0.1475814289572826,3.924298075235461
1437,14.370000000000001,0.15031701642279052,3.9074634031343494
1438,14.38,0.15365953935335547,3.8924249518926075
1439,14.39,0.150336825983584,3.8926568476540493
1440,14.4,0.15251533918612364,3.8797320688688948
1441,14.41,0.14886357869796046,3.8714213560099826
1442,14.42,0.15774657930951946,3.8740472598383757
1443,14.43,0.15232645867080472,3.871569929475597
1444,14.44,0.1533413286065321,3.8629584598655247
1445,14.450000000000001,0.1566039114831133,3.8485719972102923
1446,14.46,0.15677438305798552,3.8687419664591856
1447,14.47,0.15596368684227277,3.8356690657894115
1448,14.48,0.16011308945866115,3.8512913593404314
1449,14.49,0.15990440291001248,3.8373013698377583
1450,14.5,0.16615269581999226,3.8317638905937796
1451,14.51,0.15773565621415434,3.8174790759286514
1452,14.52,0.16090094963096052,3.8157031163030064
1453,14.530000000000001,0.16544092809785987,3.7971904494661572
1454,14.540000000000001,0.1643057970700125,3.7950380197507934
1455,14.55,0.16571395370185768,3.7914799328966637
1456,14.56,0.1691826509044524,3.7997251667147354
1457,14.57,0.1657381082258718,3.78763821580537
1458,14.58,0.1684101844330602,3.7886784271682474
1459,14.59,0.16822381365630368,3.7857010224506538
1460,14.6,0.17179249430298302,3.7731357675671857
1461,14.61,0.16972353083929703,3.764338177550684
1462,14.620000000000001,0.1757401834293155,3.7613129636399476
1463,14.63,0.1741446080448767,3.7569223442369664
1464,14.64,0.17336505208814962,3.7531986958086323
1465,14.65,0.17057587859876094,3.7400238937909926
1466,14.66,0.17839511390400886,3.7459870694060466
1467,14.67,0.1794954229943519,3.7363060131544756
1468,14.68,0.17860960307714457,3.7330201466363455
1469,14.69,0.17869000332023255,3.7366280442516033
1470,14.700000000000001,0.1847434824426109,3.719216141677649
1471,14.71,0.1858380601044095,3.7215533611846037
1472,14.72,0.17920279001538306,3.7212588837629754
1473,14.73,0.1847443960017617,3.7039596704749975
1474,14.74,0.18297259646397235,3.7074863512558753
1475,14.75,0.18709330793198226,3.6938778451683802
1476,14.76,0.18466961732041287,3.6841042423721864
1477,14.77,0.1909164306307994,3.6875751888604746
1478,14.780000000000001,0.1905080912345728,3.692732766231473
1479,14.790000000000001,0.19432496582411654,3.6874896422489045
1480,14.8,0.19223847167175828,3.683409075699044
1481,14.81,0.1925751648780427,3.6881603260120577
1482,14.82,0.1927030088629769,3.667454927620647
1483,14.83,0.20484549871517227,3.6737344927112434
1484,14.84,0.19542862518604423,3.6654459297855375
1485,14.85,0.19992932813754624,3.6510827669534685
1486,14.86,0.2037985008155818,3.653163131596549
1487,14.870000000000001,0.20295608833394033,3.6530537593369488
1488,14.88,0.2040866275642228,3.6463352230626875
1489,14.89,0.2022147470115435,3.6393888538934123
1490,14.9,0.21325863403468479,3.641082871857496
1491,14.91,0.20959504708215776,3.627485621563627
1492,14.92,0.21386454244175002,3.62121536636341
1493,14.93,0.2102690706261436,3.620299103063084
1494,14.94,0.22053866628282642,3.624242608223248
1495,14.950000000000001,0.22072921044213273,3.615065496726028
1496,14.96,0.21799490147964828,3.61763675884971
1497,14.97,0.21979311890647266,3.618893756242891
1498,14.98,0.22514567640790312,3.6106005703005204
1499,14.99,0.21981482373202682,3.605358005435289
1500,15.0,0.23134370145667402,3.589397007848456
1501,15.01,0.22644992593271854,3.603854696502196
1502,15.02,0.2312783299833045,3.595263839447979
1503,15.030000000000001,0.23457917590882288,3.5963628177360523
1504,15.040000000000001,0.23602395083220437,3.589589813215553
1505,15.05,0.23747614920644267,3.5775462447429396
1506,15.06,0.238497367250896,3.5869950907433816
1507,15.07,0.2398926888645156,3.582213831060448
1508,15.08,0.2388703340695603,3.5712255534125483
1509,15.09,0.24070967369969645,3.5812545986741213
1510,15.1,0.24350898759345707,3.587175827952925
1511,15.11,0.24855319551286698,3.577007818908712
1512,15.120000000000001,0.2507787518302374,3.570819824551841
1513,15.13,0.2535410496159949,3.573376831329453
1514,15.14,0.2552360691921169,3.564524875574921
1515,15.15,0.25660345023694736,3.5598295289076196
1516,15.16,0.2580114319835485,3.5575882699719212
1517,15.17,0.267637710807486,3.557870371232431
1518,15.18,0.2667442659282262,3.556300319267629
1519,15.19,0.2698996534603314,3.5627311589494717
1520,15.200000000000001,0.27275286021131256,3.559742157251208
1521,15.21,0.2756665438615556,3.552464186155618
1522,15.22,0.27842903684017023,3.5489399206614496
1523,15.23,0.2796238248916433,3.5441487360659965
1524,15.24,0.2866787245892568,3.5443941004339865
1525,15.25,0.277413816325775,3.5438969657894694
1526,15.26,0.282446087770965,3.540431155630603
1527,15.27,0.2915493237205905,3.5483886226471806
1528,15.280000000000001,0.28698302547785043,3.5408542631602185
1529,15.290000000000001,0.29476929727104545,3.549587945279678
1530,15.3,0.2971470968824529,3.5453211314961277
1531,15.31,0.30360620180101033,3.5307059230654025
1532,15.32,0.3047157417273816,3.526623133945737
1533,15.33,0.3039101149321919,3.541210924931703
1534,15.34,0.3100456378553788,3.534519427785815
1535,15.35,0.31016751656489694,3.5320842802343466
1536,15.36,0.31261175188589513,3.5272652599441354
1537,15.370000000000001,0.32261595542955446,3.525030536159372
1538,15.38,0.3175198026665898,3.5348593845226413
1539,15.39,0.32576639540061103,3.532128944426875
1540,15.4,0.3257150581662792,3.5217187104017587
1541,15.41,0.33378625657348804,3.5339298410912696
1542,15.42,0.3352510783002431,3.5340039110711703
1543,15.43,0.3388662550215647,3.5285956691773546
1544,15.44,0.34071673030279964,3.529325173422874
1545,15.450000000000001,0.3470095409812422,3.522585332029457
1546,15.46,0.34422933923368176,3.522362524202285
1547,15.47,0.34839698460144436,3.5260534521779925
1548,15.48,0.35661861762241703,3.5198337370818815
1549,15.49,0.36227714451244103,3.5229571151156143
1550,15.5,0.3660343134987814,3.5310244349853996
1551,15.51,0.36954169538802917,3.5284348742911744
1552,15.52,0.37679880920031256,3.5135330167345
1553,15.530000000000001,0.3750411237170444,3.516489099717246
1554,15.540000000000001,0.3797245921637663,3.521611198548682
1555,15.55,0.38383339019214163,3.5249180415233607
1556,15.56,0.39055684165952387,3.5332531667341076
1557,15.57,0.3939635550879146,3.521959951395841
1558,15.58,0.4002665859699152,3.537417257801893
1559,15.59,0.4003247631885662,3.5178897452449487
1560,15.6,0.4014436640071997,3.5251139671306344
1561,15.610000000000001,0.410706527434953,3.5271601246792494
1562,15.620000000000001,0.4138183601415009,3.5387513542283373
1563,15.63,0.41900942646894546,3.5323629629211606
1564,15.64,0.42211191573182266,3.533385922189863
1565,15.65,0.4271844007690734,3.529690278735178
1566,15.66,0.43376861597386,3.532879244602333
1567,15.67,0.43814251187385955,3.537881861404608
1568,15.68,0.4418336430138086,3.544372109061037
1569,15.69,0.4470732313528918,3.5465017233839764
1570,15.700000000000001,0.45135090646944603,3.549779931227015
1571,15.71,0.4564245792393753,3.5404576723723618
1572,15.72,0.4524642653186091,3.5393977935159806
1573,15.73,0.4669495224186834,3.5428003577089386
1574,15.74,0.4752828041319889,3.5430342983282146
1575,15.75,0.47403371239650466,3.5446403353522595
1576,15.76,0.4851407497200595,3.5576803951497404
1577,15.77,0.4868848138275601,3.561780017265223
1578,15.780000000000001,0.49464789126393643,3.5463999788967997
1579,15.790000000000001,0.5015731763631809,3.5567611032350546
1580,15.8,0.5064369151697916,3.560440676465175
1581,15.81,0.5137057179897373,3.5693837558164434
1582,15.82,0.5168658724843368,3.55967435052902
1583,15.83,0.5257799465786296,3.5708976984517475
1584,15.84,0.5272785904868287,3.5676256438198366
1585,15.85,0.5326187090453298,3.5754601041014764
1586,15.860000000000001,0.5415557844209082,3.5601897553378206
1587,15.870000000000001,0.5490796836335488,3.5876622322349734
1588,15.88,0.555027163930674,3.5899744688468904
1589,15.89,0.5658011894331675,3.5945787962242752
1590,15.9,0.5693961859053078,3.5913442941439553
1591,15.91,0.5739621187005784,3.5759687607212207
1592,15.92,0.579446352030713,3.5976513645773416
1593,15.93,0.5906953210164164,3.6027033586665294
1594,15.94,0.5892117966079686,3.6094278676184723
1595,15.950000000000001,0.5973877316393391,3.6116091932056134
1596,15.96,0.6057881637756835,3.6226986683734217
1597,15.97,0.61262912393258,3.6229236460853147
1598,15.98,0.6183982490822735,3.6229810609977284
1599,15.99,0.6282434748077359,3.633264038486188
1600,16.0,0.6340233322028795,3.6211914321995993
1601,16.01,0.6449350640853928,3.6331928812149084
1602,16.02,0.6495398138418997,3.635123359777344
1603,16.03,0.6533262986548621,3.6412761653834362
1604,16.04,0.6695763920484734,3.6453252454810627
1605,16.05,0.6718064294809022,3.6547676624096197
1606,16.06,0.6787662603303624,3.654311985567703
1607,16.07,0.684663380140057,3.659184349820706
1608,16.080000000000002,0.6952897819637084,3.66014417462637
1609,16.09,0.7046117968690105,3.6726057158820997
1610,16.1,0.7150083700760178,3.6767320292001378
1611,16.11,0.7197832307911285,3.6718444898366847
1612,16.12,0.7223572492833893,3.6743042446089116
1613,16.13,0.7355068733903843,3.6879387259190177
1614,16.14,0.7482668742372487,3.7059242154700045
1615,16.15,0.7501449347700911,3.7010652348591018
1616,16.16,0.7621125848745232,3.712745531197413
1617,16.17,0.7699154805512092,3.7083847991786656
1618,16.18,0.7757362785159039,3.719725650708857
1619,16.19,0.7900102779230874,3.7353372806986154
1620,16.2,0.7951046001450903,3.7346643695028203
1621,16.21,0.809733606310775,3.7397803676093084
1622,16.22,0.8168292215629984,3.7519485425746715
1623,16.23,0.8215891260772604,3.7627956666470506
1624,16.240000000000002,0.8349952102526833,3.7610817447431106
1625,16.25,0.8445869437554377,3.7759364555839876
1626,16.26,0.8599816007280995,3.7691245741389756
1627,16.27,0.8613152713239428,3.7823247290129776
1628,16.28,0.8738009019090276,3.777004229877938
1629,16.29,0.8820949332672922,3.789908572751744
1630,16.3,0.8905379605960685,3.8009714817198583
1631,16.31,0.8994629886832264,3.8049282751219073
1632,16.32,0.9115580786982602,3.8059611514426788
1633,16.330000000000002,0.9205183748152908,3.8214007992563683
1634,16.34,0.9293539956491557,3.8154730867237503
1635,16.35,0.9419351616757328,3.847114512315952
1636,16.36,0.9502059907287049,3.846646285355782
1637,16.37,0.9636431827047519,3.850797659165244
1638,16.38,0.974919715490342,3.8601246393984936
1639,16.39,0.9828089274624018,3.8554376936765418
1640,16.4,0.9865771120010512,3.881535512683104
1641,16.41,1.0029529447564975,3.876858090469752
1642,16.42,1.0132778462387342,3.890738470775654
1643,16.43,1.0284709974262982,3.9022480543950357
1644,16.44,1.0431838157120228,3.906297372437522
1645,16.45,1.0457027514019537,3.918179877091687
1646,16.46,1.0600571695264047,3.929648445916441
1647,16.47,1.0685397304555573,3.9458254910850847
1648,16.48,1.0831826356418186,3.9413586577087214
1649,16.490000000000002,1.0902640084728477,3.9505131785155814
1650,16.5,1.1037722834719665,3.9582600809276554
1651,16.51,1.1156393489024874,3.9725968240583307
1652,16.52,1.124526298078579,3.979056222408312
1653,16.53,1.1366877080831275,3.9846980326771284
1654,16.54,1.1466357487063554,3.9974730386102895
1655,16.55,1.1560241450740765,4.017772053488345
1656,16.56,1.1725827797333437,4.026323640112871
1657,16.57,1.1822123288629047,4.026051738481813
1658,16.580000000000002,1.1998306972663662,4.029403722672076
1659,16.59,1.204855480520396,4.042886986447913
1660,16.6,1.2208009818829881,4.048636745782192
1661,16.61,1.2297722364059904,4.05532310824027
1662,16.62,1.2371138134180415,4.083182204195888
1663,16.63,1.2457663012836508,4.084869108676552
1664,16.64,1.2646769202753447,4.103994481756609
1665,16.65,1.275263471291118,4.092673792920352
1666,16.66,1.2863007654046614,4.1213942820844425
1667,16.67,1.2984006615575319,4.1201254792191015
1668,16.68,1.3127168832205807,4.144492741448494
1669,16.69,1.3182697792302989,4.151406539862899
1670,16.7,1.3370776830649158,4.154755402018288
1671,16.71,1.3428418512596656,4.17557568020263
1672,16.72,1.3561251125313991,4.177698220322148
1673,16.73,1.3709753620908425,4.183185500808025
1674,16.740000000000002,1.383163361725049,4.2004872616952165
1675,16.75,1.39868289779093,4.212183125612869
1676,16.76,1.408914592195509,4.2135610276670725
1677,16.77,1.4150055874268366,4.24038474703129
1678,16.78,1.4319530805612912,4.2459281159634825
1679,16.79,1.4427699872429705,4.251125839910778
1680,16.8,1.4515080509259233,4.270483818522365
1681,16.81,1.4680293862385287,4.280095697413849
1682,16.82,1.4751086017550268,4.28767747642172
1683,16.830000000000002,1.48791024386223,4.310825699763921
1684,16.84,1.4952484497516207,4.323466887566385
1685,16.85,1.5099224884060516,4.345230033593021
1686,16.86,1.5271848892748463,4.343457440650819
1687,16.87,1.5379968933886086,4.349675973474856
1688,16.88,1.5488862079665082,4.362294904010049
1689,16.89,1.5576743270946514,4.373688531254297
1690,16.9,1.5709063609659293,4.3924110751425385
1691,16.91,1.5798756902493776,4.399601482459432
1692,16.92,1.5866115281207966,4.418170071447928
1693,16.93,1.598466997806481,4.423792999870197
1694,16.94,1.6136770692255276,4.438058490695909
1695,16.95,1.6202087276043537,4.459269291642129
1696,16.96,1.6377370825614188,4.465379753004336
1697,16.97,1.6447363943109363,4.475612243588047
1698,16.98,1.655050710765982,4.4977388694658185
1699,16.990000000000002,1.6677479336822565,4.5072143415241515
1700,17.0,1.6807968232331674,4.513781962268571
1701,17.01,1.6922676261115979,4.5298779918471865
1702,17.02,1.6966498467429756,4.545348009201511
1703,17.03,1.7057376603926384,4.5558789351716715
1704,17.04,1.7206287446706006,4.569308126764034
1705,17.05,1.7274598783733262,4.574846638723357
1706,17.06,1.7410569248444705,4.591331770208706
1707,17.07,1.7469044164961551,4.60996050300279
1708,17.080000000000002,1.7600814718844071,4.626814497532719
1709,17.09,1.7724358217171527,4.63544873702483
1710,17.1,1.7894921254545502,4.65036555513951
1711,17.11,1.7899147402851445,4.6719691187808206
1712,17.12,1.79555160183121,4.685624794865795
1713,17.13,1.8135431301092286,4.695039285494449
1714,17.14,1.8153718799601697,4.702807401918349
1715,17.150000000000002,1.8291592150233593,4.714597243736445
1716,17.16,1.8386686344413434,4.727819256241195
1717,17.17,1.8424022158815356,4.75029010407524
1718,17.18,1.8553670226526415,4.766300186938299
1719,17.19,1.8656577110309471,4.765645879308328
1720,17.2,1.8688013592491644,4.80300189318205
1721,17.21,1.883961079665612,4.8088871334648084
1722,17.22,1.891596580774154,4.814359259098469
1723,17.23,1.9003015227266113,4.830040471915041
1724,17.240000000000002,1.9056015366318695,4.849879598903211
1725,17.25,1.9166455696510551,4.860807111877912
1726,17.26,1.9234687284035799,4.873005420867885
1727,17.27,1.9289183997666386,4.88501640421944
1728,17.28,1.937402276952637,4.904344730072172
1729,17.29,1.9431351892458846,4.911647408274774
1730,17.3,1.9510723321877317,4.936172036575151
1731,17.31,1.9576831913981976,4.941674078446007
1732,17.32,1.9669171382394874,4.955023281493185
1733,17.330000000000002,1.9733186519775912,4.96842108735023
1734,17.34,1.9782275406394123,4.998193420601501
1735,17.35,1.9832741571062644,4.997439699016306
1736,17.36,1.9948668754725198,5.0062953966760295
1737,17.37,2.0058701405353543,5.028743699030813
1738,17.38,2.010227792251445,5.04080695017385
1739,17.39,2.0136178417490562,5.071185431673381
1740,17.400000000000002,2.019675252442538,5.068693140799132
1741,17.41,2.024790553933651,5.088105498068843
1742,17.42,2.032378936188419,5.107552487962918
1743,17.43,2.0358740118815275,5.129979152271961
1744,17.44,2.0402613864839743,5.1302477068884365
1745,17.45,2.044756437085608,5.152388144282508
1746,17.46,2.055908908040132,5.172154797423048
1747,17.47,2.0534258784188077,5.179808093910649
1748,17.48,2.0634345919199126,5.187108018598048
1749,17.490000000000002,2.070119646880616,5.207365968393189
1750,17.5,2.0720622631609413,5.2234860099470115
1751,17.51,2.0810492033012467,5.238745311068574
1752,17.52,2.0873779288405676,5.243152542465222
1753,17.53,2.086908845139479,5.269159391481022
1754,17.54,2.093149416872335,5.276924743208517
1755,17.55,2.0927853057212498,5.2975199405412905
1756,17.56,2.0959157430424438,5.309342815804429
1757,17.57,2.1015447616054024,5.32572596800216
1758,17.580000000000002,2.1062258388713135,5.340102815433577
1759,17.59,2.1137791949697045,5.35742388329517
1760,17.6,2.1165707873329995,5.370322298360481
1761,17.61,2.1145534903258336,5.3805646950650265
1762,17.62,2.1191960555642337,5.405154778378364
1763,17.63,2.121679767668215,5.413039397433056
1764,17.64,2.129755856525498,5.4349254400626
1765,17.650000000000002,2.127355774897168,5.445450343638019
1766,17.66,2.132700740588256,5.462727670122717
1767,17.67,2.134667848350254,5.472956851956601
1768,17.68,2.1367412456163795,5.492692424695892
1769,17.69,2.139870336838626,5.497516062494414
1770,17.7,2.1431128450390653,5.51595874309105
1771,17.71,2.145068746588665,5.542256761136993
1772,17.72,2.1522575497003196,5.546149356988375
1773,17.73,2.1457550850115017,5.564440512771636
1774,17.740000000000002,2.1545935688476248,5.575320333900802
1775,17.75,2.1513127456546757,5.591565007100944
1776,17.76,2.148696389181778,5.60325274013849
1777,17.77,2.1578388527478465,5.627175448695042
1778,17.78,2.155664695331744,5.623379292012725
1779,17.79,2.156628333373948,5.6476278804323865
1780,17.8,2.154184017204342,5.655342276748582
1781,17.81,2.1620783343922136,5.672113324477708
1782,17.82,2.160685734919251,5.69707655797696
1783,17.830000000000002,2.1586480376525286,5.720309971298993
1784,17.84,2.1607131935850568,5.708147515173843
1785,17.85,2.1602131398138553,5.73977705202606
1786,17.86,2.16238237895869,5.7485464272863425
1787,17.87,2.161693875539693,5.769267214832664
1788,17.88,2.161356286953384,5.785107889633133
1789,17.89,2.166121285996793,5.799637608668991
1790,17.900000000000002,2.160437760607628,5.815207508046648
1791,17.91,2.1675424088698105,5.8331150791784205
1792,17.92,2.1654724070324844,5.8417538210356525
1793,17.93,2.160389472209119,5.847851271770878
1794,17.94,2.1610289157841662,5.8641345340999464
1795,17.95,2.1644649693853175,5.873012848319948
1796,17.96,2.163206519098408,5.898689023280425
1797,17.97,2.165434089691565,5.912162201070224
1798,17.98,2.161741155963457,5.926609409052008
1799,17.990000000000002,2.1599101300077606,5.9481212907050915
1800,18.0,2.154865665268183,5.9554817104014575
1801,18.01,2.1594197350359403,5.9718980632142635
1802,18.02,2.15065903841213,5.987590275840987
1803,18.03,2.155048349197675,5.996457821778378
1804,18.04,2.15858181671786,5.99960315454608
1805,18.05,2.1556844233589754,6.026004450298907
1806,18.06,2.1504330616036493,6.030357851784
1807,18.07,2.1442654963178933,6.062692429650868
1808,18.080000000000002,2.153277366215699,6.073981419525487
1809,18.09,2.1461337373239138,6.0776392135797055
1810,18.1,2.148798205829085,6.0928969128322885
1811,18.11,2.143307145661441,6.1094867442523135
1812,18.12,2.138089643838099,6.124065546937682
1813,18.13,2.141297688495172,6.129575102934721
1814,18.14,2.1394919804956785,6.1389681124164435
1815,18.150000000000002,2.1351148009021355,6.161558694423099
1816,18.16,2.133996928064606,6.171824428497794
1817,18.17,2.1310518488366577,6.193407319728071
1818,18.18,2.1273071958481453,6.203761638624589
1819,18.19,2.1240953933234046,6.209467292480762
1820,18.2,2.123889351137524,6.225979832403147
1821,18.21,2.124013796892195,6.241862760253643
1822,18.22,2.115859767304863,6.240297299051378
1823,18.23,2.1129297419088893,6.269003581432947
1824,18.240000000000002,2.1095709490832015,6.277142517394051
1825,18.25,2.1088473480505714,6.297695903866186
1826,18.26,2.105905108649305,6.306968111026257
1827,18.27,2.1070979263661633,6.321867220728927
1828,18.28,2.103565812623651,6.325960817541421
1829,18.29,2.1006413310942134,6.351380485516203
1830,18.3,2.0923347435287734,6.352115815353751
1831,18.31,2.091340621240296,6.382233515317414
1832,18.32,2.0886128186195974,6.381892937486873
1833,18.330000000000002,2.084405931981557,6.391961605615629
1834,18.34,2.0838729389995105,6.394630704732632
1835,18.35,2.075551530731092,6.435927871491135
1836,18.36,2.0730403688826207,6.428654649386235
1837,18.37,2.073703044838792,6.438575022459216
1838,18.38,2.0675237586150246,6.459924314683547
1839,18.39,2.0642481922973017,6.465185732711899
1840,18.400000000000002,2.0543713703867104,6.477534450692681
1841,18.41,2.051933389634036,6.48731522414836
1842,18.42,2.0537518895958224,6.510138063872422
1843,18.43,2.0474911181912385,6.518124378070849
1844,18.44,2.041062621829719,6.534842181000713
1845,18.45,2.0395203105029447,6.538037263649663
1846,18.46,2.03449569647569,6.549536614732455
1847,18.47,2.029591077083767,6.553659091271089
1848,18.48,2.028293619153828,6.563858962804878
1849,18.490000000000002,2.025158984063022,6.591866945414649
1850,18.5,2.0192359734629792,6.593053885800472
1851,18.51,2.017634727848001,6.609094559596839
1852,18.52,2.01180998785005,6.609223532793434
1853,18.53,2.0069116938524307,6.622555470776269
1854,18.54,2.00517083535474,6.631951695086404
1855,18.55,1.9987672123783158,6.653884832767855
1856,18.56,1.9911527622534015,6.657428251381594
1857,18.57,1.9896108348589574,6.681535962602334
1858,18.580000000000002,1.9841528204929535,6.689305036736916
1859,18.59,1.9818156797223785,6.687042904398075
1860,18.6,1.9724983358763857,6.711419890509857
1861,18.61,1.9770005502140602,6.723944242698253
1862,18.62,1.9657407749120728,6.731211227337351
1863,18.63,1.965480058797946,6.737016747985994
1864,18.64,1.9613485839204805,6.762171863811256
1865,18.650000000000002,1.9547133502661242,6.769083079765036
1866,18.66,1.9510928415537656,6.77536407489143
1867,18.67,1.9492220794209107,6.775917008044739
1868,18.68,1.9382262422058802,6.794133700295786
1869,18.69,1.930874415438301,6.79823917283918
1870,18.7,1.925983075645687,6.825752254695785
1871,18.71,1.9200751557970124,6.831400956392768
1872,18.72,1.920311978780692,6.8418867355242945
1873,18.73,1.913068995572947,6.833176991404875
1874,18.740000000000002,1.9117623849028595,6.855871242245089
1875,18.75,1.9049496639545482,6.868588013595864
1876,18.76,1.8954137348233153,6.8710138181482465
1877,18.77,1.8968347623324673,6.87249925719724
1878,18.78,1.8905726473695488,6.8905294024302135
1879,18.79,1.883395511177304,6.9016130002454155
1880,18.8,1.8776895709960904,6.91559615761853
1881,18.81,1.8695704493571446,6.9161146420119115
1882,18.82,1.8686619876494424,6.932838276911219
1883,18.830000000000002,1.8598898992634252,6.937830377498558
1884,18.84,1.8555563318768513,6.941890128516797
1885,18.85,1.8482519371494146,6.957619077037372
1886,18.86,1.8473326447828613,6.964627047251362
1887,18.87,1.8401127632668357,6.973906004212222
1888,18.88,1.83566670032407,6.983776364781325
1889,18.89,1.8288877206384908,6.991631314829652
1890,18.900000000000002,1.8248336779171161,6.996764206394943
1891,18.91,1.8228033044349932,7.015924180297164
1892,18.92,1.8174141365512373,7.025373338869021
1893,18.93,1.8091976518341328,7.032539604460956
1894,18.94,1.8043915358666847,7.0361902089613375
1895,18.95,1.7957678307077514,7.050511791759809
1896,18.96,1.7925035107559575,7.037686617184626
1897,18.97,1.7874001630259364,7.0537483549939815
1898,18.98,1.7826510435906673,7.0682618759332545
1899,18.990000000000002,1.7753097044710833,7.0744084133754805
1900,19.0,1.7719767114766714,7.097603222868033
1901,19.01,1.7645170779788244,7.095707715465063
1902,19.02,1.7547798931027934,7.10471828991461
1903,19.03,1.7517960157324166,7.108099631727842
1904,19.04,1.7471319492223358,7.1032332153265445
1905,19.05,1.7406780507938198,7.129503972480464
1906,19.06,1.734562513577372,7.124872619515791
1907,19.07,1.7309785419675632,7.135578646275713
1908,19.080000000000002,1.7247608071643032,7.142768422492081
1909,19.09,1.7180801790880074,7.145685492556165
1910,19.1,1.711187094463667,7.158172655048485
1911,19.11,1.707382745453867,7.15566458052222
1912,19.12,1.7047200660699684,7.167247974714416
1913,19.13,1.6985109655341983,7.178944959353282
1914,19.14,1.6911596328897076,7.1857506770381026
1915,19.150000000000002,1.6838289564890738,7.183501295826514
1916,19.16,1.6716985963151787,7.195928977046376
1917,19.17,1.6695195127982303,7.1988420326024665
1918,19.18,1.6684671663698012,7.224619776622725
1919,19.19,1.6654785363824136,7.198562445237817
1920,19.2,1.653714378347354,7.2124731375635776
1921,19.21,1.64701588349369,7.223852587495594
1922,19.22,1.641099624214071,7.238094832795306
1923,19.23,1.6317432802017708,7.241918111495711
1924,19.240000000000002,1.6310382375518135,7.250022946738255
1925,19.25,1.6205874569576275,7.252118417691664
1926,19.26,1.6145007026797114,7.25872292211567
1927,19.27,1.6141635416975566,7.26719461699831
1928,19.28,1.6056805722980916,7.2679594395602924
1929,19.29,1.5965395356086658,7.279065530032925
1930,19.3,1.5886904942253302,7.281610149454974
1931,19.31,1.5828453898589585,7.2739945045469225
1932,19.32,1.5797721782597796,7.2846501788359745
1933,19.330000000000002,1.5777363467388625,7.275002518972427
1934,19.34,1.569820060423037,7.284551094148489
1935,19.35,1.558617512258411,7.301126867684405
1936,19.36,1.5510713051780387,7.304954089750543
1937,19.37,1.5488799983400623,7.309333369801804
1938,19.38,1.5356278516327764,7.302126835787781
1939,19.39,1.5341846316132,7.316314480468998
1940,19.400000000000002,1.5264957396732868,7.330467555227557
1941,19.41,1.5199147300976317,7.327403187956563
1942,19.42,1.5186610902673234,7.33389482765213
1943,19.43,1.5034316560117589,7.3259059388814265
1944,19.44,1.5018857956663214,7.331915799075625
1945,19.45,1.493815128270952,7.339292876287393
1946,19.46,1.484175943870271,7.33931071597161
1947,19.47,1.4829722111775394,7.346133816138845
1948,19.48,1.4743731101229631,7.345268188086228
1949,19.490000000000002,1.4661928724610858,7.351581685063376
1950,19.5,1.4633142466451827,7.356387459119004
1951,19.51,1.4586514610648427,7.347509159795734
1952,19.52,1.4473717228628267,7.357629404271039
1953,19.53,1.4427162379853034,7.3565132765477275
1954,19.54,1.4349764947895496,7.372638788092623
1955,19.55,1.4261325327493954,7.375128331921261
1956,19.56,1.4209674340364438,7.377596899843427
1957,19.57,1.417060802305017,7.371208971416027
1958,19.580000000000002,1.4061101416350497,7.377066911998301
1959,19.59,1.40310154684488,7.383708880757896
1960,19.6,1.3914575423217406,7.384176169544331
1961,19.61,1.383856043749576,7.377767873238386
1962,19.62,1.3836060090478997,7.38738273756641
1963,19.63,1.3697620908856414,7.389810721810469
1964,19.64,1.363201339221763,7.385060235458635
1965,19.650000000000002,1.365926018573232,7.3925683468666215
1966,19.66,1.3599974714565268,7.3783831450073425
1967,19.67,1.3524738250870159,7.3893569011390925
1968,19.68,1.3387463248698699,7.38770318694456
1969,19.69,1.3379199607424832,7.397261575821268
1970,19.7,1.32996999018108,7.396923610017276
1971,19.71,1.325825238221434,7.398973090664241
1972,19.72,1.3147989488461855,7.410611050538991
1973,19.73,1.308345617806426,7.3967547768816075
1974,19.740000000000002,1.3039185296197302,7.3962003735098945
1975,19.75,1.2976195853146222,7.406855910945951
1976,19.76,1.2825757670570026,7.40466368560826
1977,19.77,1.2815164674698176,7.41442742532879
1978,19.78,1.2810057735257951,7.400413084341741
1979,19.79,1.2694120611199688,7.395746930818604
1980,19.8,1.2591734447317224,7.402709143942772
1981,19.81,1.2514854432163058,7.401918483015299
1982,19.82,1.2478997436633021,7.40563686223882
1983,19.830000000000002,1.23996424173766,7.398163226140565
1984,19.84,1.232293315959474,7.410485633022819
1985,19.85,1.2249397448096286,7.39350447574576
1986,19.86,1.2195458502831484,7.398035151340626
1987,19.87,1.213003792763707,7.402694120163562
1988,19.88,1.2093023429472307,7.409491005980672
1989,19.89,1.1955579020867375,7.410902986411424
1990,19.900000000000002,1.1951011905327398,7.400417936740652
1991,19.91,1.1901400961225503,7.406579560016971
1992,19.92,1.1799927318325782,7.390641442666011
1993,19.93,1.1767707089279231,7.4015659046884785
1994,19.94,1.1694523443475844,7.394750436157824
1995,19.95,1.1575344521703332,7.382927746636126
1996,19.96,1.1490248924036892,7.3953928972426075
1997,19.97,1.1466723789493343,7.394557625399296
1998,19.98,1.137510804073136,7.384053289334183
1999,19.990000000000002,1.131476662677539,7.394022162687228
2000,20.0,1.1264584754515163,7.387542936411569
2001,20.01,1.119915889970941,7.391966848714941
2002,20.02,1.116342231248662,7.382421903505525
2003,20.03,1.1025332008859767,7.390300739796317
2004,20.04,1.1010346271843598,7.379468304525129
2005,20.05,1.0945338379325549,7.379384179479604
2006,20.06,1.0890345415884382,7.374557850165557
2007,20.07,1.0788768758218934,7.387295908310292
2008,20.080000000000002,1.067888687528876,7.377342634107027
2009,20.09,1.063487785885243,7.371886588402885
2010,20.1,1.0588493497434923,7.373138520648549
2011,20.11,1.0527625342604618,7.3680155493001855
2012,20.12,1.0433995642440395,7.363304580207213
2013,20.13,1.0385292761685567,7.356939660023262
2014,20.14,1.0382039442470667,7.356399885262267
2015,20.150000000000002,1.0211689493769152,7.34894287961455
2016,20.16,1.0141284670539834,7.342327892558049
2017,20.17,1.0143350831930382,7.34292146370732
2018,20.18,1.0045103995064073,7.339331649332632
2019,20.19,1.0020270608024848,7.348558732815104
2020,20.2,0.9926361728428515,7.33421763083408
2021,20.21,0.9827883719046265,7.322813772917599
2022,20.22,0.9796699276874175,7.328477776284104
2023,20.23,0.9713484997042221,7.317185185007242
2024,20.240000000000002,0.9675266501167568,7.322031035562507
2025,20.25,0.9597762040864523,7.322349492743278
2026,20.26,0.9508948061859352,7.303450475398352
2027,20.27,0.9426122736845968,7.28311560265041
2028,20.28,0.9399479636175471,7.2947911528973055
2029,20.29,0.9275206945216531,7.282798443835343
2030,20.3,0.9228227900414036,7.302477977956873
2031,20.31,0.9183649827222096,7.268942518422661
2032,20.32,0.9153891508999569,7.279867223579444
2033,20.330000000000002,0.9008677948611087,7.277916960300462
2034,20.34,0.8958056321317648,7.284815540750476
2035,20.35,0.8971162767590296,7.270310634086082
2036,20.36,0.8889318490041926,7.265906240354887
2037,20.37,0.8804462964788562,7.2504325724186875
2038,20.38,0.8769097843171797,7.241754459296928
2039,20.39,0.861845207410287,7.241219952097404
2040,20.400000000000002,0.8584632884842351,7.2271356201847645
2041,20.41,0.8508496833242268,7.23098906728071
2042,20.42,0.8510389349860936,7.220271854914182
2043,20.43,0.8462362581379892,7.208081079725637
2044,20.44,0.834648529240193,7.204177578321647
2045,20.45,0.8261675418948511,7.196293818602347
2046,20.46,0.8200465385550737,7.206862427559667
2047,20.47,0.813958256325771,7.19866255769688
2048,20.48,0.8083206712055906,7.182857845185063
2049,20.490000000000002,0.8048341026613578,7.188054945143871
2050,20.5,0.7989657154068694,7.159456594418118
2051,20.51,0.7847528580149888,7.159647238484746
2052,20.52,0.7865308220191572,7.152587434435592
2053,20.53,0.7785683098312303,7.146722685326274
2054,20.54,0.7718398000633383,7.145873580359882
2055,20.55,0.7690969671605328,7.135295905095877
2056,20.56,0.7579074614264196,7.130711803587649
2057,20.57,0.7516270575615125,7.118484161033591
2058,20.580000000000002,0.7436907717006059,7.124663162169826
2059,20.59,0.7399920697219489,7.101236722117923
2060,20.6,0.7367620196616551,7.106396778659181
2061,20.61,0.7300208708996753,7.082968919769924
2062,20.62,0.7214489974537875,7.091138256039305
2063,20.63,0.7192888561607936,7.075301568593314
2064,20.64,0.7168917558065435,7.06407205385219
2065,20.650000000000002,0.7086624047877248,7.055658967177835
2066,20.66,0.6956273205727547,7.045617021821933
2067,20.67,0.6919832101206189,7.035938873395695
2068,20.68,0.6889419948218587,7.035279287248937
2069,20.69,0.6831253778659162,7.028463583842572
2070,20.7,0.672260127718589,7.023320078112096
2071,20.71,0.6701025942079877,7.009938680879255
2072,20.72,0.6590113865738689,7.000342023107429
2073,20.73,0.6566613905252808,6.995957387370545
2074,20.740000000000002,0.6483432985842862,6.977760078612059
2075,20.75,0.6474665941945534,6.978165947841914
2076,20.76,0.6407278707291975,6.970069618200492
2077,20.77,0.6369873121200574,6.9526195405559825
2078,20.78,0.6277391881035276,6.943822167913182
2079,20.79,0.6220250272693651,6.927008681286738
2080,20.8,0.61546238076573,6.920996018632204
2081,20.81,0.6128674486750828,6.924704823444819
2082,20.82,0.6082778266503961,6.907281627135145
2083,20.830000000000002,0.6013628004068314,6.900321670364164
2084,20.84,0.5924135997174045,6.897327340047127
2085,20.85,0.5872037333273065,6.880186534277546
2086,20.86,0.5852376766486345,6.876917227095044
2087,20.87,0.5747503788534061,6.8557983104560405
2088,20.88,0.5729101499699268,6.854315137755685
2089,20.89,0.5676290049978306,6.836995163281576
2090,20.900000000000002,0.5678155278716631,6.82506969192642
2091,20.91,0.556964853876998,6.821229894473757
2092,20.92,0.5583100630553597,6.8069490186555965
2093,20.93,0.5447548471545499,6.793231099058551
2094,20.94,0.5385900313133303,6.782672860028036
2095,20.95,0.5362411500369129,6.7772342598913475
2096,20.96,0.5343552092889646,6.762183619148913
2097,20.97,0.5271129262948753,6.75663550065192
2098,20.98,0.5248723144925348,6.735555383139661
2099,20.990000000000002,0.5226970819214605,6.730922905448116
2100,21.0,0.5094241033051319,6.729665759651876
2101,21.01,0.513159186022248,6.717963396435629
2102,21.02,0.49885802752263747,6.6993363638691426
2103,21.03,0.5003636818616115,6.692876998008467
2104,21.04,0.490995646541077,6.672590661989605
2105,21.05,0.4942464796156177,6.668804699699209
2106,21.06,0.4844753319572504,6.652727076187391
2107,21.07,0.47433717896329763,6.652177880259282
2108,21.080000000000002,0.4725080303986431,6.638310743162283
2109,21.09,0.46760373625526525,6.628738079824152
2110,21.1,0.4589828265897149,6.596197536690537
2111,21.11,0.45796154604933936,6.599621962561306
2112,21.12,0.44952254665645497,6.588979990192205
2113,21.13,0.45104250638555454,6.5786253025775325
2114,21.14,0.44328787485438087,6.570999917028337
2115,21.150000000000002,0.4405713700051069,6.550645378754443
2116,21.16,0.434401665397875,6.539495538451027
2117,21.17,0.4296752105124256,6.528132429574153
2118,21.18,0.42470615325270894,6.51789901048265
2119,21.19,0.42229707850894316,6.498620353191193
2120,21.2,0.416173116539952,6.484636928199535
2121,21.21,0.41273347368790536,6.488207788167289
2122,21.22,0.41006663741443306,6.470552571843306
2123,21.23,0.4082620719241677,6.451590568319602
2124,21.240000000000002,0.4018124619706523,6.449209813712741
2125,21.25,0.3971070695931127,6.432630273794251
2126,21.26,0.39923053726280056,6.420336533812615
2127,21.27,0.3918437655546486,6.402826094770759
2128,21.28,0.3874562390135864,6.3933626045011716
2129,21.29,0.3847318787002542,6.38391810273174
2130,21.3,0.37912136655785506,6.370214714965197
2131,21.31,0.377861005804144,6.359909017401471
2132,21.32,0.37093968447082315,6.341013816992854
2133,21.330000000000002,0.36598753921487487,6.320534764253381
2134,21.34,0.36251994774600665,6.307330270383211
2135,21.35,0.36842453253393254,6.299307904838712
2136,21.36,0.3607979396235266,6.285432107387532
2137,21.37,0.3540529446359937,6.282798909959541
2138,21.38,0.3501306398060416,6.256214444904874
2139,21.39,0.34506719511859285,6.2556509351238425
2140,21.400000000000002,0.3424658015751307,6.2370004014123595
2141,21.41,0.3354658443070515,6.223268873836956
2142,21.42,0.33366456626606994,6.220676599784187
2143,21.43,0.33207345053276893,6.19870364287409
2144,21.44,0.32954670500416694,6.1903712844321275
2145,21.45,0.3261024200765451,6.176610685835074
2146,21.46,0.32207909305006427,6.1667767339795745
2147,21.47,0.3188448821806269,6.142470183165889
2148,21.48,0.3164109777148729,6.13584165586803
2149,21.490000000000002,0.31253670662499616,6.119321408083556
2150,21.5,0.31533036152201593,6.105569156951341
2151,21.51,0.3086232511875845,6.088150595892319
2152,21.52,0.3032616644615658,6.073760916197421
2153,21.53,0.3015272014413306,6.077640587227916
2154,21.54,0.2998946596657575,6.048515644503242
2155,21.55,0.29832578369037055,6.0266320695690165
2156,21.56,0.295929557438108,6.0313461066850955
2157,21.57,0.2927417435957488,6.00552847125643
2158,21.580000000000002,0.29291289557850975,5.998511231895719
2159,21.59,0.29076777708537893,5.9857617399293055
2160,21.6,0.2842417825264016,5.973847468662168
2161,21.61,0.2798541581771787,5.9553914925396745
2162,21.62,0.27496559800372317,5.9521096332584715
2163,21.63,0.27468897632432315,5.937185657256901
2164,21.64,0.2712610111137197,5.911896133278919
2165,21.650000000000002,0.26913600170357055,5.907234704318197
2166,21.66,0.26836619821850805,5.887658454009877
2167,21.67,0.26526522636302124,5.87126537974625
2168,21.68,0.259948101243373,5.849520186768619
2169,21.69,0.2634032719223157,5.846070996900859
2170,21.7,0.25918733681022815,5.830525507350022
2171,21.71,0.2547044319916097,5.8155508556416295
2172,21.72,0.2530360817544547,5.813059786641424
2173,21.73,0.253011513321643,5.786107823648422
2174,21.740000000000002,0.24956593507449845,5.773611136111027
2175,21.75,0.24940295790012001,5.775253381836481
2176,21.76,0.24436102028368595,5.742998268907204
2177,21.77,0.2438310088550074,5.735310307367445
2178,21.78,0.23991688068553446,5.7193557525725325
2179,21.79,0.24134538694571572,5.714998652274401
2180,21.8,0.23668558311346724,5.698532505236902
2181,21.81,0.24135278475484118,5.689509040053105
2182,21.82,0.23454185692752869,5.663331734842468
2183,21.830000000000002,0.22810848635759104,5.661047559614541
2184,21.84,0.23537153814055056,5.647995062536796
2185,21.85,0.2274259675523517,5.636291805732762
2186,21.86,0.22706053584456418,5.619502899438878
2187,21.87,0.22720832356744175,5.608292653300347
2188,21.88,0.22439535245228295,5.574946373274013
2189,21.89,0.2227590346957171,5.573389694919997
2190,21.900000000000002,0.21894344746572897,5.565752815045852
2191,21.91,0.21734854508447093,5.548509768440338
2192,21.92,0.21626903015888296,5.543278964278612
2193,21.93,0.21283943328809604,5.521524627714436
2194,21.94,0.2187279039146426,5.512200882029208
2195,21.95,0.21297524188646466,5.4976757880623675
2196,21.96,0.2096402157363342,5.486518820228715
2197,21.97,0.20525727629850116,5.479045224069976
2198,21.98,0.20219279959731395,5.466778214196954
2199,21.990000000000002,0.20330124188286852,5.454456496165866
2200,22.0,0.19801829676428886,5.432764737203198
2201,22.01,0.20395859291034255,5.426476831089014
2202,22.02,0.20204938036414233,5.404246825810878
2203,22.03,0.2018642924603696,5.385466880665741
2204,22.04,0.19580938192138678,5.375816485034164
2205,22.05,0.19514918093759442,5.3721661504883915
2206,22.06,0.18993074606283666,5.353838430647511
2207,22.07,0.19391488085625874,5.352979415976071
2208,22.080000000000002,0.19326465031632262,5.332634010652101
2209,22.09,0.19244623763410293,5.325102979090799
2210,22.1,0.18531184367978512,5.314368434552055
2211,22.11,0.1896684991505653,5.287191038984459
2212,22.12,0.18795609359352788,5.291503951921477
2213,22.13,0.18762159596451883,5.268765792249623
2214,22.14,0.18555454042819974,5.2601247801731335
2215,22.150000000000002,0.1850812595719315,5.2462994990123875
2216,22.16,0.18319577084258148,5.235596452221502
2217,22.17,0.18228832932039624,5.221524147875709
2218,22.18,0.17955845603151474,5.208742042730098
2219,22.19,0.18088604900493974,5.185551659600822
2220,22.2,0.17784288338917248,5.184273625344771
2221,22.21,0.17909142332284866,5.164134800680759
2222,22.22,0.17329103515763503,5.159351575501243
2223,22.23,0.17873423922883788,5.1439083386829525
2224,22.240000000000002,0.17679902463926034,5.137474855539557
2225,22.25,0.1776881395039482,5.119095476772887
2226,22.26,0.1717116794090673,5.112565681577901
2227,22.27,0.17127118468594102,5.101422648361161
2228,22.28,0.17288511398612624,5.089504913356422
2229,22.29,0.16576253150217918,5.076388349984493
2230,22.3,0.17163255499253882,5.066108446050575
2231,22.31,0.16909949116728118,5.037707638471019
2232,22.32,0.17171323117390172,5.043020065622596
2233,22.330000000000002,0.16966285116747307,5.030417354579713
2234,22.34,0.166641769516336,5.0114408547868745
2235,22.35,0.17005281253432983,5.016070275854528
2236,22.36,0.16699895728951278,4.998332489282727
2237,22.37,0.1597755477594972,4.977663139793557
2238,22.38,0.16572026534098064,4.973788639417432
2239,22.39,0.16245847725432241,4.958506379344469
2240,22.400000000000002,0.16264659983283794,4.959475921422549
2241,22.41,0.1618159129498134,4.94076196060101
2242,22.42,0.16095161318377443,4.925470762864299
2243,22.43,0.15851099789553202,4.915723130365552
2244,22.44,0.15647643455637045,4.9059028235351025
2245,22.45,0.15331378861948258,4.902362129969963
2246,22.46,0.15699216693099954,4.876654155834668
2247,22.47,0.15866476147125994,4.869447591920047
2248,22.48,0.15619895607544598,4.858879495296733
2249,22.490000000000002,0.15764144839769767,4.846513175051324
2250,22.5,0.16022709449424394,4.82804875471147
2251,22.51,0.15945367891911455,4.815136331818812
2252,22.52,0.15731928834572756,4.813178829987439
2253,22.53,0.15534330204354935,4.810910432466279
2254,22.54,0.1550872101927522,4.793365116935102
2255,22.55,0.15402785569944777,4.78682683282924
2256,22.56,0.15380330017884922,4.780191104127125
2257,22.57,0.15395187059938611,4.762561246456364
2258,22.580000000000002,0.15253711938744455,4.7555268227317615
2259,22.59,0.15812639920402813,4.745413792102593
2260,22.6,0.15288707095660722,4.727184826964424
2261,22.61,0.15157331335479118,4.7232131766050305
2262,22.62,0.1503882871707149,4.713149433145077
2263,22.63,0.15221651819064919,4.701351142345029
2264,22.64,0.14874324593491675,4.690091623424512
2265,22.650000000000002,0.1500579026374188,4.669879546486798
2266,22.66,0.1526011892238062,4.668203583665459
2267,22.67,0.14967164158659169,4.671226046548028
2268,22.68,0.15111139227609227,4.6478469724560725
2269,22.69,0.1463913616309681,4.63788329621177
2270,22.7,0.14578157463948851,4.632302744542306
2271,22.71,0.14843326558057218,4.603989969683164
2272,22.72,0.15131898899674587,4.60475734556476
2273,22.73,0.14949409307021083,4.606777983218534
2274,22.740000000000002,0.14566521178356875,4.58052721285023
2275,22.75,0.14951726815726502,4.582108758967069
2276,22.76,0.14481264796584087,4.567897098065844
2277,22.77,0.14531628040880096,4.559841754722632
2278,22.78,0.14860832127377477,4.541756643259782
2279,22.79,0.14636368244275735,4.540556618079215
2280,22.8,0.1471725203201759,4.532016728887203
2281,22.81,0.14502940804077136,4.5147717724537815
2282,22.82,0.14476928539827513,4.5079204715260115
2283,22.830000000000002,0.14669531925523982,4.492420542076458
2284,22.84,0.14695421924013313,4.493952976498232
2285,22.85,0.14598510398160094,4.474803814757339
2286,22.86,0.14217272240159715,4.4759460601992505
2287,22.87,0.14539868675579876,4.4700057693651996
2288,22.88,0.14540409174756636,4.451502676988313
2289,22.89,0.14770788566518275,4.441239235418461
2290,22.900000000000002,0.1502846849700842,4.43353058860625
2291,22.91,0.14626079861360067,4.422611109640537
2292,22.92,0.14840789386795394,4.423107233726578
2293,22.93,0.1437724335502921,4.409505112647245
2294,22.94,0.1459257688708908,4.394766267305623
2295,22.95,0.14335922431346884,4.391203833868126
2296,22.96,0.15275353859033483,4.387354504027218
2297,22.97,0.15048607655564214,4.373833713045807
2298,22.98,0.151333155175915,4.361054310218395
2299,22.990000000000002,0.14767566031927498,4.346675912581241
2300,23.0,0.1434482764312777,4.3415694197076045
2301,23.01,0.14287625859476588,4.339527395396158
2302,23.02,0.142228266718219,4.330838151395003
2303,23.03,0.14680228365449216,4.323376939593341
2304,23.04,0.14701904962498402,4.312000632358258
2305,23.05,0.14714828496775892,4.302039194643335
2306,23.06,0.14810343846709367,4.303398200884269
2307,23.07,0.1506282115264059,4.288770307257684
2308,23.080000000000002,0.14295108516981053,4.28964996330459
2309,23.09,0.149752588666048,4.275741782109783
2310,23.1,0.15072536940139514,4.256890016402107
2311,23.11,0.14936728089447002,4.260696661920077
2312,23.12,0.15157239708511028,4.24417607057331
2313,23.13,0.14926770767354997,4.2402173931463905
2314,23.14,0.1459323311483751,4.2280114592073215
2315,23.150000000000002,0.14949915348617523,4.222774368669389
2316,23.16,0.1498764460604516,4.21646708449257
2317,23.17,0.15178140602660173,4.203922587341586
2318,23.18,0.1518831086557885,4.199514669335305
2319,23.19,0.15182284149455896,4.187526946410499
2320,23.2,0.14898753002822687,4.179865369181041
2321,23.21,0.1497989685158719,4.178046570745558
2322,23.22,0.1488816085272174,4.170231501160395
2323,23.23,0.15272601601698038,4.161261192601498
2324,23.240000000000002,0.15444661635040377,4.153810828620818
2325,23.25,0.15168051726835974,4.141472359299486
2326,23.26,0.15048867927656695,4.120219364731491
2327,23.27,0.15573329538486,4.136363408163326
2328,23.28,0.15322939235284827,4.124219689144631
2329,23.29,0.15587462943746516,4.115761834044916
2330,23.3,0.15553654763337688,4.113259504975232
2331,23.31,0.15511559095797187,4.096778191849272
2332,23.32,0.15764325285068245,4.105136683157001
2333,23.330000000000002,0.16162262496339314,4.097286204902349
2334,23.34,0.1612580344432065,4.067086799109598
2335,23.35,0.15111701690206913,4.073244228793142
2336,23.36,0.15738207041843644,4.068178123692988
2337,23.37,0.1577443131884602,4.056632930494837
2338,23.38,0.16098822715397892,4.049670418453476
2339,23.39,0.1565141908554821,4.045992108696872
2340,23.400000000000002,0.15812533616047922,4.0416670387276685
2341,23.41,0.16140935447616123,4.025692079717183
2342,23.42,0.1559478284508656,4.0309375102439855
2343,23.43,0.16363712716944806,4.023597046707697
2344,23.44,0.16196315822644264,4.020498165414792
2345,23.45,0.16106555574657327,4.007512314907369
2346,23.46,0.16262189953382525,4.000264336217713
2347,23.47,0.1659504030479924,3.999482336730572
2348,23.48,0.16687213482630947,3.9986575477152577
2349,23.490000000000002,0.16001284189787784,3.9829374411256833
2350,23.5,0.1656962701417402,3.974352488103186
2351,23.51,0.16738594205790605,3.9745100956391903
2352,23.52,0.16764525258822568,3.9696278627384793
2353,23.53,0.1713778784072739,3.9575552479506295
2354,23.54,0.16914218983982882,3.954186724556164
2355,23.55,0.16763270034700456,3.9414302517237094
2356,23.56,0.17085172773500804,3.943815639089987
2357,23.57,0.17449640027751945,3.9435878950155683
2358,23.580000000000002,0.16995916503618075,3.9207262408247416
2359,23.59,0.17306572689240637,3.9216143790200415
2360,23.6,0.1714341979873996,3.9231166728813918
2361,23.61,0.1765658487248412,3.907814203726765
2362,23.62,0.17836891923245443,3.9179695343526704
2363,23.63,0.17584344894394732,3.9056840498069483
2364,23.64,0.18404245272494485,3.8958373024041815
2365,23.650000000000002,0.17105686068994347,3.8871042961672133
2366,23.66,0.17570609272620774,3.88746221928465
2367,23.67,0.18025704181911392,3.8720874907792058
2368,23.68,0.17936784295387265,3.871721309547895
2369,23.69,0.1814384007674268,3.8696376512129356
2370,23.7,0.17956504918088834,3.8695302174446997
2371,23.71,0.18024996147734534,3.8529184640890506
2372,23.72,0.18159889071461602,3.8490903734775443
2373,23.73,0.18443543753581654,3.853610045525035
2374,23.740000000000002,0.1884463510969282,3.854222058183377
2375,23.75,0.18871367823118065,3.8353641647944947
2376,23.76,0.1895459176648314,3.8328440052360526
2377,23.77,0.19040244367514353,3.8222284203989165
2378,23.78,0.1901379577243881,3.8239155822256152
2379,23.79,0.18827272095062456,3.8222853153162166
2380,23.8,0.1923346963023004,3.808492175758041
2381,23.81,0.1941827991427328,3.810182208377792
2382,23.82,0.19497751562100143,3.798286329447053
2383,23.830000000000002,0.19629474734836383,3.8068396089319267
2384,23.84,0.2017749822499012,3.7859904935978608
2385,23.85,0.2036638230152341,3.779491377450732
2386,23.86,0.2045165076145133,3.7881514100627864
2387,23.87,0.19414193817984382,3.7883783961234054
2388,23.88,0.2046722023604916,3.771558800673538
2389,23.89,0.1978382639366625,3.7833863722289935
2390,23.900000000000002,0.20554626350207844,3.759558576633372
2391,23.91,0.20302642436459714,3.76523890149977
2392,23.92,0.20819842346149525,3.760426946175115
2393,23.93,0.2115805007782447,3.754587693538388
2394,23.94,0.2048768091743403,3.755076528447645
2395,23.95,0.21533564785453518,3.74122275443761
2396,23.96,0.21094771848916574,3.7479576386600666
2397,23.97,0.2161382265356516,3.7421894725838287
2398,23.98,0.21964125712248767,3.74128737958952
2399,23.990000000000002,0.22006122203791303,3.729835544463456
2400,24.0,0.22058503601198784,3.7418695704659117
2401,24.01,0.22081988846733358,3.7243017107487177
2402,24.02,0.22444811678111093,3.7363064593885356
2403,24.03,0.22625730276914122,3.716724098936578
2404,24.04,0.22949967155657117,3.7169929638535786
2405,24.05,0.2329967893186715,3.6987505866788877
2406,24.060000000000002,0.23037722363483534,3.704494928076628
2407,24.07,0.23875034688435443,3.71627683121351
2408,24.080000000000002,0.23489664668805982,3.694345540698013
2409,24.09,0.2358943999238254,3.698442323496968
2410,24.1,0.23816708808638717,3.6929611115316976
2411,24.11,0.2336030061582049,3.68377243371251
2412,24.12,0.2409259000772303,3.6954514084703143
2413,24.13,0.2421394799400797,3.6949319526928
2414,24.14,0.24228773373956264,3.681627123047719
2415,24.150000000000002,0.24870777293751758,3.6811558313627675
2416,24.16,0.24921658041769768,3.683765892705823
2417,24.17,0.2494322790707971,3.681359839470704
2418,24.18,0.251882033367577,3.664506859956419
2419,24.19,0.25359603491309873,3.6666356125702593
2420,24.2,0.2529734996804284,3.662462420823338
2421,24.21,0.25484496827868836,3.6588842027306003
2422,24.22,0.2615868588686487,3.6590191782140025
2423,24.23,0.2676991719030407,3.6546508305260446
2424,24.240000000000002,0.26718541557641523,3.66705842487748
2425,24.25,0.2702628960238071,3.65826932231505
2426,24.26,0.27593227712432633,3.6489974717943596
2427,24.27,0.2737363203153839,3.642379903858877
2428,24.28,0.27921372326448135,3.648215619052667
2429,24.29,0.27913794736919895,3.6449526534704684
2430,24.3,0.27651510570676036,3.6519077024574234
2431,24.310000000000002,0.28180877832762463,3.6418793900090716
2432,24.32,0.2824406362840156,3.632535532230738
2433,24.330000000000002,0.2875104608589975,3.6378026904084937
2434,24.34,0.29145343527537765,3.6384812044619728
2435,24.35,0.2944075007754157,3.6355293528313393
2436,24.36,0.2932680477538348,3.633581241164435
2437,24.37,0.2972571279825513,3.6320271679077623
2438,24.38,0.3009886459652737,3.6319831693836777
2439,24.39,0.30347101571322055,3.6345758451787153
2440,24.400000000000002,0.3051762679196764,3.6288854523005685
2441,24.41,0.31195097033088065,3.621256784097537
2442,24.42,0.3149461681034563,3.621342869167331
2443,24.43,0.3154339249465902,3.6195139946125456
2444,24.44,0.3193937801337514,3.612021222943054
2445,24.45,0.31817636738706584,3.608844973608236
2446,24.46,0.3259899032119875,3.609639770082133
2447,24.47,0.32651104921989144,3.627059060759655
2448,24.48,0.3312964746795034,3.6214376542232674
2449,24.490000000000002,0.3340295599930133,3.6202070216581204
2450,24.5,0.3424271916107745,3.62679186324821
2451,24.51,0.3366133745462827,3.61474437970257
2452,24.52,0.3438823526066401,3.610226588852007
2453,24.53,0.34293058836227336,3.6012296443743055
2454,24.54,0.35181117055487293,3.6183460671766365
2455,24.55,0.3622834164807113,3.603797315788589
2456,24.560000000000002,0.3599494286242037,3.606922436162782
2457,24.57,0.35714521006346617,3.619855383070265
2458,24.580000000000002,0.36534659048547036,3.6120835082089124
2459,24.59,0.3680443157796034,3.6154943210834847
2460,24.6,0.3713889428058464,3.614442115993716
2461,24.61,0.3750137728734191,3.605317603879624
2462,24.62,0.38353623070290394,3.6160464023441294
2463,24.63,0.37925591206623865,3.606835645629547
2464,24.64,0.3859078397484628,3.607500955066495
2465,24.650000000000002,0.38610995865755815,3.6143561165437594
2466,24.66,0.3914887065381982,3.615324677555084
2467,24.67,0.3960063947426318,3.619925219943244
2468,24.68,0.40199431877467257,3.6247685031813943
2469,24.69,0.40747616408835297,3.619503204611046
2470,24.7,0.4124001335858255,3.6181139231082216
2471,24.71,0.41330851860300727,3.6147590492731703
2472,24.72,0.41866488698182336,3.6197417894596833
2473,24.73,0.4240161211087841,3.61610454764823
2474,24.740000000000002,0.42680379485261755,3.6224698265775213
2475,24.75,0.4350523955574362,3.627805088578095
2476,24.76,0.4303958889463288,3.622297873175288
2477,24.77,0.4447018492890853,3.6291750428652074
2478,24.78,0.4475572329600655,3.622293156939721
2479,24.79,0.45252127308474227,3.634035909542372
2480,24.8,0.4562581820919549,3.6223205457065077
2481,24.810000000000002,0.46175409799733674,3.6259465965316173
2482,24.82,0.45979032974759587,3.6266474266074145
2483,24.830000000000002,0.4702975884059236,3.623931557022005
2484,24.84,0.47503950325340427,3.627886027526935
2485,24.85,0.4798218374716121,3.630190378897154
2486,24.86,0.4836943768285726,3.6362196283156063
2487,24.87,0.49632444108549323,3.634664348837589
2488,24.88,0.496689493834758,3.6513556219636807
2489,24.89,0.5095507803163933,3.6430674118870954
2490,24.900000000000002,0.5064047539948494,3.6555114536804285
2491,24.91,0.5162130076654832,3.6436361285990926
2492,24.92,0.5192132609482086,3.654285907618817
2493,24.93,0.5272142035619336,3.653915157075025
2494,24.94,0.5301733034552739,3.6620775448004586
2495,24.95,0.5375668120943244,3.653732696892216
2496,24.96,0.541160493342036,3.659967975733671
2497,24.97,0.5481949787882533,3.6643067696027947
2498,24.98,0.5482048192875212,3.66130316525218
2499,24.990000000000002,0.5624920283216542,3.6702028802204842
2500,25.0,0.5672831847298315,3.6803043687002996
2501,25.01,0.5754368452924629,3.6797680774099795
2502,25.02,0.582654265797374,3.6815717711945553
2503,25.03,0.5881159989629555,3.691365206506114
2504,25.04,0.5912164776898312,3.6827074226101923
2505,25.05,0.5963186230069881,3.694078744832658
2506,25.060000000000002,0.5999187550298465,3.694748594236989
2507,25.07,0.6116165357696736,3.6977650408266713
2508,25.080000000000002,0.6127453693749281,3.7001078783910843
2509,25.09,0.6268166093024546,3.6967480518248736
2510,25.1,0.6280831054890045,3.720929539524558
2511,25.11,0.6393942004797777,3.71514711181382
2512,25.12,0.6481060058528578,3.725453468256526
2513,25.13,0.6506456319722453,3.7243854297045442
2514,25.14,0.6601035299958826,3.7332588171908387
2515,25.150000000000002,0.6661373583934652,3.7290418838674353
2516,25.16,0.673894237188437,3.7416201804629363
2517,25.17,0.6779090929482652,3.751026350527692
2518,25.18,0.6892991275498603,3.7498352355605293
2519,25.19,0.6958280555587955,3.732627546586144
2520,25.2,0.7004312134681054,3.7616241537774022
2521,25.21,0.7111362794136712,3.7627453261786115
2522,25.22,0.7229539864490142,3.764509772637997
2523,25.23,0.7274930489509429,3.764246310328541
2524,25.240000000000002,0.7356589468476966,3.7653295912723084
2525,25.25,0.7437375888201793,3.77939386539549
2526,25.26,0.7522912573065071,3.7913203918204377
2527,25.27,0.7613445552133278,3.7938908638930204
2528,25.28,0.7665812294098837,3.799816955108631
2529,25.29,0.774620944903022,3.809938299303288
2530,25.3,0.7837427626859633,3.8034299403030474
2531,25.310000000000002,0.7940239073890654,3.8258013744321886
2532,25.32,0.7970391274641616,3.8207993274970935
2533,25.330000000000002,0.8141072014023365,3.8229826614079108
2534,25.34,0.8168021310853945,3.826219500215787
2535,25.35,0.830573865007147,3.8352174293481625
2536,25.36,0.8393025479759529,3.8451440593222173
2537,25.37,0.8491719905656462,3.8442657645352973
2538,25.38,0.8548704711827925,3.8630829375931337
2539,25.39,0.8653682405219014,3.8582398826262474
2540,25.400000000000002,0.875659430644888,3.8733959055806886
2541,25.41,0.8834891865429517,3.876650307368675
2542,25.42,0.8969874058650021,3.8876416432727936
2543,25.43,0.8960395543097426,3.9007633467633376
2544,25.44,0.9151463857706794,3.9053509291134487
2545,25.45,0.9220567054330231,3.9121235562770864
2546,25.46,0.9318916136399117,3.923091405390356
2547,25.47,0.9406387184060039,3.918757271091407
2548,25.48,0.9532176610776489,3.9292555664400743
2549,25.490000000000002,0.9579875225442404,3.9369975114935944
2550,25.5,0.9687188857977891,3.9444181539394267
2551,25.51,0.9825143140789587,3.9568616067165716
2552,25.52,0.9877700988148187,3.964002273977625
2553,25.53,0.9993111797778965,3.961309936016745
2554,25.54,1.0106328608287038,3.9883129430770405
2555,25.55,1.019183087156681,3.985413678368007
2556,25.560000000000002,1.0314791362739595,3.988615958534191
2557,25.57,1.0389962759673472,4.000182622901358
2558,25.580000000000002,1.056576834193182,4.023417702375328
2559,25.59,1.0659497117554253,4.024191462506087
2560,25.6,1.073940502567243,4.029161937211219
2561,25.61,1.082357001056314,4.03080471645807
2562,25.62,1.0990346521494356,4.052715629681139
2563,25.63,1.1024564520823956,4.060658842723104
2564,25.64,1.112875737840871,4.0468702430082955
2565,25.650000000000002,1.126882526471849,4.072616450485189
2566,25.66,1.1387278949728734,4.073032915058864
2567,25.67,1.1435952243208811,4.080490920748213
2568,25.68,1.1616216726641497,4.096162034794168
2569,25.69,1.172829678154762,4.10762923717759
2570,25.7,1.180094295908901,4.116361071019432
2571,25.71,1.1915234842214733,4.120780782471956
2572,25.72,1.1996567393326132,4.142879645691141
2573,25.73,1.216949736039906,4.16227152177986
2574,25.740000000000002,1.2252367292178348,4.176192694220349
2575,25.75,1.2379232307484793,4.162241886460311
2576,25.76,1.2468359731656373,4.172648943867881
2577,25.77,1.2570866114812111,4.183495078869146
2578,25.78,1.2687010921558277,4.196246457841112
2579,25.79,1.2854327117912512,4.217563810161724
2580,25.8,1.2913846644229934,4.221019988260305
2581,25.810000000000002,1.3091719107728446,4.233727886163469
2582,25.82,1.3146873815272588,4.241665800727741
2583,25.830000000000002,1.328252859996411,4.245622565668485
2584,25.84,1.3328996140738076,4.262755019345833
2585,25.85,1.3481631306008184,4.269648740684602
2586,25.86,1.3520714535084812,4.293533243590929
2587,25.87,1.3725810561309533,4.2963945482084505
2588,25.88,1.3829638466139444,4.293152357708037
2589,25.89,1.3953595824035736,4.3026837125674025
2590,25.900000000000002,1.408483679360941,4.329822074074613
2591,25.91,1.4185278934147665,4.3338086626545005
2592,25.92,1.4242260845330288,4.3544527176829915
2593,25.93,1.441853279068497,4.359393481422959
2594,25.94,1.4477626830921726,4.374814523708876
2595,25.95,1.4586015383709978,4.380874259987449
2596,25.96,1.4706016992186635,4.388456404413638
2597,25.97,1.4805869566885186,4.4198965199663105
2598,25.98,1.4980762944725865,4.420287242276265
2599,25.990000000000002,1.5015597030827816,4.438038443777381
2600,26.0,1.5196331721839347,4.446380995883545
2601,26.01,1.5270952762257644,4.456469539458547
2602,26.02,1.5397377572043567,4.4625274647879145
2603,26.03,1.5513239326913795,4.4768416404843725
2604,26.04,1.5521375330372993,4.4935619595500444
2605,26.05,1.573299078174602,4.501872178916163
2606,26.060000000000002,1.5803898709239492,4.518793044099819
2607,26.07,1.5927128595662847,4.534843550182538
2608,26.080000000000002,1.5983364250695373,4.550431278987896
2609,26.09,1.6124411197310797,4.555063484117387
2610,26.1,1.6205345999717709,4.5605887927725215
2611,26.11,1.63433932140123,4.573527130572919
2612,26.12,1.6422265284556699,4.6032137298855975
2613,26.13,1.6545807427927235,4.612540369702876
2614,26.14,1.6632168978805872,4.611381658766342
2615,26.150000000000002,1.675137387844047,4.620730087856317
2616,26.16,1.6875038574421282,4.643420048956332
2617,26.17,1.6925827918865675,4.660430624958024
2618,26.18,1.702520200077196,4.660327896732051
2619,26.19,1.7118367818768965,4.670952305620528
2620,26.2,1.7202231918166677,4.6940408985564295
2621,26.21,1.7301766062400017,4.714537997146686
2622,26.22,1.7409677186352923,4.717024047590509
2623,26.23,1.7455342026245977,4.7398919286239565
2624,26.240000000000002,1.7602315619194564,4.7566701419145
2625,26.25,1.766571386443062,4.752628661904292
2626,26.26,1.7809403488145827,4.7684627737752034
2627,26.27,1.7887790141646005,4.78842040495596
2628,26.28,1.7955813160070264,4.805991001700855
2629,26.29,1.8055520522106892,4.810381641525258
2630,26.3,1.815918610515125,4.8331844013336545
2631,26.310000000000002,1.8223598752686299,4.844470135810096
2632,26.32,1.825476315614587,4.853593733113573
2633,26.330000000000002,1.8383677630406488,4.872512753440901
2634,26.34,1.8445146566480701,4.89004528009978
2635,26.35,1.858136153560045,4.888761962551086
2636,26.36,1.862339890285295,4.916475781642582
2637,26.37,1.8679866960201346,4.926562811454562
2638,26.38,1.8749753124750395,4.935805726963691
2639,26.39,1.8814353061508051,4.950683648873903
2640,26.400000000000002,1.8913431919546766,4.9690347353876945
2641,26.41,1.8987807405571353,4.99205920291925
2642,26.42,1.9067722745649038,4.997426077685254
2643,26.43,1.9075419385692653,5.0072241212537065
2644,26.44,1.9176651761419699,5.015665303648259
2645,26.45,1.9238563454981819,5.041102845226043
2646,26.46,1.9338298836122665,5.058357181609493
2647,26.47,1.9410979418242162,5.080195938014699
2648,26.48,1.9463962594562854,5.094267788682059
2649,26.490000000000002,1.9509881903962702,5.097978491602904
2650,26.5,1.9531720992369026,5.104650145473396
2651,26.51,1.9653274718584701,5.130232568129186
2652,26.52,1.9712722889062997,5.131876997411594
2653,26.53,1.9746924899685447,5.148264534236976
2654,26.54,1.9809263422633019,5.178364346764209
2655,26.55,1.9914869207562893,5.170682743105203
2656,26.560000000000002,1.9951694624338632,5.202684975502544
2657,26.57,2.002537724163484,5.198572252032023
2658,26.580000000000002,2.009194286633051,5.2154063643679205
2659,26.59,2.008999337645781,5.244971055696559
2660,26.6,2.0175762949098583,5.256381543176415
2661,26.61,2.018957241151975,5.268984900267761
2662,26.62,2.0269587872025863,5.2867004477629225
2663,26.63,2.031012942523261,5.296843229150555
2664,26.64,2.0323951994039193,5.30156363263768
2665,26.650000000000002,2.036108730302977,5.326839186248354
2666,26.66,2.0367272234541294,5.33362121285146
2667,26.67,2.0481273763542265,5.365500919616896
2668,26.68,2.0481197237303803,5.373402513442828
2669,26.69,2.0516558924663544,5.382941559509171
2670,26.7,2.0565632536065737,5.399753937254305
2671,26.71,2.060959327784299,5.419185858467305
2672,26.72,2.0569942511823993,5.428484364023998
2673,26.73,2.067953444982476,5.425305750809705
2674,26.740000000000002,2.0693765074647286,5.459492337562489
2675,26.75,2.072378237121549,5.46528334737598
2676,26.76,2.0791458428195195,5.489468664554757
2677,26.77,2.086114559145448,5.505954760295477
2678,26.78,2.078331292908652,5.51091310703325
2679,26.79,2.0847554949806173,5.521868265252633
2680,26.8,2.092132770823611,5.539121851807315
2681,26.810000000000002,2.0890588934253405,5.546519068587513
2682,26.82,2.0952246368131227,5.565084862118641
2683,26.830000000000002,2.096785982483401,5.583538376154546
2684,26.84,2.1003420128115686,5.6115299526405265
2685,26.85,2.0957037909608687,5.615477413864905
2686,26.86,2.102855432182819,5.629960635236427
2687,26.87,2.1025725066546883,5.636486492510385
2688,26.88,2.107885988803751,5.652136221249877
2689,26.89,2.105768258828917,5.6592590165903935
2690,26.900000000000002,2.1078625630790118,5.684362827243836
2691,26.91,2.1062100407534294,5.704460681754654
2692,26.92,2.1072585763983938,5.71546653367744
2693,26.93,2.111995802056178,5.720139829655637
2694,26.94,2.1131456751099638,5.730549909131515
2695,26.95,2.1132714181648686,5.755840691992228
2696,26.96,2.1113739682208106,5.770407893136691
2697,26.97,2.111727587778588,5.7870030595251265
2698,26.98,2.1188232206349924,5.785651497816793
2699,26.990000000000002,2.1167496398359242,5.814596074974106
2700,27.0,2.118833513569711,5.823903034691579
2701,27.01,2.1177669256422273,5.838328801623031
2702,27.02,2.119430276486216,5.853531159859694
2703,27.03,2.1140709022798494,5.873224367859945
2704,27.04,2.1191115797751023,5.8863749601130975
2705,27.05,2.118922711711038,5.914292949387682
2706,27.060000000000002,2.1153588234128047,5.918484796822981
2707,27.07,2.1161147275565453,5.929737812672443
2708,27.080000000000002,2.1129983478405054,5.944335671094331
2709,27.09,2.111541048466828,5.950435648827984
2710,27.1,2.116899637637472,5.967407402683567
2711,27.11,2.113096351912915,5.980353305362728
2712,27.12,2.107471918273288,5.993439231233497
2713,27.13,2.108633391894796,6.013444687803563
2714,27.14,2.1064460703370917,6.0341328470147335
2715,27.150000000000002,2.111153405275772,6.032317116100619
2716,27.16,2.1115682168737986,6.0501002423027
2717,27.17,2.1043287159499307,6.072952646640361
2718,27.18,2.1036482767014597,6.081622148984095
2719,27.19,2.10677786705335,6.089447319269208
2720,27.2,2.1030353010099994,6.105431308461329
2721,27.21,2.1068978128027633,6.117904337070194
2722,27.22,2.1006457609623888,6.1231123354815145
2723,27.23,2.098483840894745,6.1552664089578775
2724,27.240000000000002,2.0923959318072285,6.13889046053137
2725,27.25,2.0955897218257333,6.167882473725187
2726,27.26,2.085945490252619,6.184911503555401
2727,27.27,2.09041692855361,6.198131921211758
2728,27.28,2.088064084175701,6.2015433463557
2729,27.29,2.0845277604980947,6.226535375292974
2730,27.3,2.0844617510877614,6.239996520189195
2731,27.310000000000002,2.0766291654018634,6.2469166542935035
2732,27.32,2.0770533588113227,6.261440736754674
2733,27.330000000000002,2.0783017676441684,6.278638111224801
2734,27.34,2.0759310762046237,6.289485245132807
2735,27.35,2.07201330508523,6.313400942693441
2736,27.36,2.0711200443593842,6.315238473908267
2737,27.37,2.063624573567699,6.323395509485845
2738,27.38,2.065026110524445,6.3432056170100495
2739,27.39,2.064187744982451,6.345945797654962
2740,27.400000000000002,2.056549259169957,6.361977195822082
2741,27.41,2.054252672324462,6.3752364796686996
2742,27.42,2.048544950484038,6.394865739147067
2743,27.43,2.050869952457245,6.399814236124444
2744,27.44,2.0426834648369163,6.422738613690093
2745,27.45,2.039349718833895,6.419827714446225
2746,27.46,2.0424958690004624,6.44335761743555
2747,27.47,2.0283165104303853,6.437594678491959
2748,27.48,2.038410968204444,6.463028802491081
2749,27.490000000000002,2.031314087229364,6.466587355047435
2750,27.5,2.026929277815541,6.478131694180045
2751,27.51,2.0186981107265978,6.502346160877908
2752,27.52,2.020657267679152,6.510534749902375
2753,27.53,2.0141584102363796,6.523774692825939
2754,27.54,2.0144178153426946,6.523279546408833
2755,27.55,2.005156818481198,6.542961585098162
2756,27.560000000000002,2.004550305778585,6.555016703535416
2757,27.57,2.0017582948262227,6.5555487802911205
2758,27.580000000000002,1.9937503318282073,6.588629475249239
2759,27.59,1.9897320740049502,6.604284530356773
2760,27.6,1.9902343662068263,6.5941326177838215
2761,27.61,1.9870277104736287,6.613123225541816
2762,27.62,1.9842358530371267,6.617593070963477
2763,27.63,1.9795958450816724,6.635439840559483
2764,27.64,1.9730032457961098,6.650743995937698
2765,27.650000000000002,1.9688101911041154,6.644088084593673
2766,27.66,1.9708266008974207,6.670857127050631
2767,27.67,1.9614525934978357,6.681002965214872
2768,27.68,1.9543384501067083,6.687088036815583
2769,27.69,1.9530914496746479,6.695127460103553
2770,27.7,1.9500070967511511,6.709742149414735
2771,27.71,1.947932627733245,6.725898079023193
2772,27.72,1.940937698636751,6.729303590254184
2773,27.73,1.9398191413141812,6.743255854927276
2774,27.740000000000002,1.9321791612611314,6.75163352917352
2775,27.75,1.9259060079864234,6.769397077626251
2776,27.76,1.9210667044237213,6.772716444094142
2777,27.77,1.9193325525631066,6.787917703194823
2778,27.78,1.9151541719262402,6.796454513092005
2779,27.79,1.9112791871541308,6.794573613277769
2780,27.8,1.8996054433764913,6.82133038002271
2781,27.810000000000002,1.8966629650700724,6.82072926855383
2782,27.82,1.8966514390494018,6.840621348398738
2783,27.830000000000002,1.8887822325128998,6.846405661196259
2784,27.84,1.8928490312750526,6.8441532693883715
2785,27.85,1.881714499467591,6.855331309456692
2786,27.86,1.8794999037693467,6.868150415661642
2787,27.87,1.872253435515698,6.884583823455215
2788,27.88,1.8694433801864154,6.888842909812815
2789,27.89,1.8595115094587436,6.8985011223830455
2790,27.900000000000002,1.8578884931765265,6.909761003356439
2791,27.91,1.8507207315770877,6.913918985643611
2792,27.92,1.8440508234689241,6.925886862212685
2793,27.93,1.837933358823735,6.93647444901082
2794,27.94,1.8375461589070503,6.940547047266488
2795,27.95,1.8328118731977456,6.954278973971808
2796,27.96,1.8289971427495062,6.962729484773856
2797,27.97,1.8221651483821506,6.984836741264815
2798,27.98,1.8166853758692543,6.98844965322739
2799,27.990000000000002,1.8109216975085634,6.984008346453997
2800,28.0,1.807372597946375,7.008242732472973
2801,28.01,1.79969858757422,7.003013848606945
2802,28.02,1.7929966430657385,7.016596712326866
2803,28.03,1.7934237154140706,7.037745438188316
2804,28.04,1.7858032734755627,7.0328711359272935
2805,28.05,1.7808141313116026,7.034797708689733
2806,28.060000000000002,1.7732007280747042,7.043911730519962
2807,28.07,1.7648295214541074,7.043619220603743
2808,28.080000000000002,1.7655776579982505,7.067025944983099
2809,28.09,1.7561943089186445,7.068140784008537
2810,28.1,1.7568353149467926,7.0803476991326235
2811,28.11,1.7481418329468272,7.077799624925499
2812,28.12,1.735666304946494,7.100100260840143
2813,28.13,1.73389578087994,7.098033270989985
2814,28.14,1.7270724609756631,7.109967565547907
2815,28.150000000000002,1.722348512152718,7.109207159430856
2816,28.16,1.722932354003702,7.11967839219105
2817,28.17,1.712315514603753,7.1364997656604645
2818,28.18,1.7024151649422365,7.126850259952334
2819,28.19,1.7013138315826226,7.132708916862869
2820,28.2,1.6985021709992965,7.158550361522632
2821,28.21,1.6859007514613162,7.148689499101445
2822,28.22,1.6872243116094474,7.15553919639024
2823,28.23,1.6756231526855454,7.179460818971027
2824,28.240000000000002,1.6697928129088293,7.173407760193461
2825,28.25,1.6672383406439966,7.173842909272831
2826,28.26,1.6608148150881872,7.181074958562992
2827,28.27,1.6531980876895618,7.192826582224527
2828,28.28,1.6467850465516964,7.196229868513926
2829,28.29,1.6390576478320844,7.205341109172387
2830,28.3,1.6303771165245737,7.207885286843749
2831,28.310000000000002,1.632564554817494,7.21207774371506
2832,28.32,1.6228190795321702,7.2212210265055425
2833,28.330000000000002,1.6188005025951835,7.2211135856563535
2834,28.34,1.6113411666955262,7.237905695440991
2835,28.35,1.6074663613082005,7.223163820925911
2836,28.36,1.6029746304576342,7.240123984635783
2837,28.37,1.5931634057719513,7.253524321985167
2838,28.38,1.5858554711568875,7.240585354864074
2839,28.39,1.5754220333145812,7.263304307473692
2840,28.400000000000002,1.5762418347248346,7.258393386383004
2841,28.41,1.5654393999310172,7.2685650505735655
2842,28.42,1.5546530849103914,7.267087605648956
2843,28.43,1.5583422346393223,7.267971696143947
2844,28.44,1.5484657380137532,7.278050605902754
2845,28.45,1.5439490959752773,7.277577012536493
2846,28.46,1.5334346056727142,7.283392068366229
2847,28.47,1.5259837351717054,7.2927350618163995
2848,28.48,1.5211879589012836,7.298146916875216
2849,28.490000000000002,1.5167462109791845,7.303161200688727
2850,28.5,1.5071972256130122,7.298294884840934
2851,28.51,1.5016795955056161,7.312312080419873
2852,28.52,1.502740662307759,7.31830098661742
2853,28.53,1.4924488050821394,7.324402726436524
2854,28.54,1.4832706625503382,7.322687968993189
2855,28.55,1.4795728630311504,7.331939382305584
2856,28.560000000000002,1.474011384745643,7.322799601893111
2857,28.57,1.4641075605051603,7.33476295904565
2858,28.580000000000002,1.4592635985301432,7.327148618432621
2859,28.59,1.4548201615105074,7.338976958896603
2860,28.6,1.435861440669942,7.341393042526869
2861,28.61,1.4433644677602269,7.343317011032518
2862,28.62,1.4345384808489916,7.334797558227273
2863,28.63,1.4250702001273685,7.350506509010847
2864,28.64,1.4205971776521709,7.347657769968429
2865,28.650000000000002,1.4118062208742925,7.358434853121898
2866,28.66,1.4035870439449558,7.360899062355412
2867,28.67,1.3977411268506241,7.355970438185107
2868,28.68,1.3920944496243237,7.351157760657367
2869,28.69,1.385120627020825,7.3645064039470824
2870,28.7,1.380120280166143,7.374451139029591
2871,28.71,1.3756173627084995,7.373293078683155
2872,28.72,1.360439994759205,7.370975099249843
2873,28.73,1.3629349627197866,7.361752635897119
2874,28.740000000000002,1.3496582557592136,7.360690415072631
2875,28.75,1.3408611476662429,7.376647943070295
2876,28.76,1.3388013167927928,7.366005324108335
2877,28.77,1.3383794792980888,7.374857802406793
2878,28.78,1.3304010565875217,7.383809083613275
2879,28.79,1.3233960211505913,7.371779093405439
2880,28.8,1.3162086623613787,7.381626627182557
2881,28.810000000000002,1.3106878209072905,7.378555011480178
2882,28.82,1.304942406651403,7.381295737977334
2883,28.830000000000002,1.2972983146405397,7.383235079402069
2884,28.84,1.288740098128504,7.384664124439513
2885,28.85,1.2803340858172005,7.386962192786525
2886,28.86,1.2766756230525673,7.388998700682747
2887,28.87,1.2691742915790418,7.3810324331136705
2888,28.88,1.2585095777753625,7.380911922721731
2889,28.89,1.2532051869814511,7.389392582419603
2890,28.900000000000002,1.2548102198256035,7.391835331690219
2891,28.91,1.2419856582145783,7.376560952762768
2892,28.92,1.2377555949695211,7.397919551250184
2893,28.93,1.2263252924059809,7.376319943651022
2894,28.94,1.2211637519233538,7.394868841829099
2895,28.95,1.2108396622255342,7.3910452097271
2896,28.96,1.2131022465594004,7.375657935661554
2897,28.97,1.208232612809684,7.367182984375723
2898,28.98,1.1966529790771456,7.387072989881347
2899,28.990000000000002,1.1911376348923144,7.380102140654304
2900,29.0,1.1803209543852253,7.372327804480144
2901,29.01,1.1772411034872607,7.382346983332374
2902,29.02,1.1716063771462186,7.384814107667277
2903,29.03,1.1621256793202877,7.3828472377572805
2904,29.04,1.15427334112822,7.377908649335666
2905,29.05,1.1487810194190204,7.380182662189728
2906,29.060000000000002,1.142947053183793,7.384084993945579
2907,29.07,1.1392600092976408,7.3892488200262205
2908,29.080000000000002,1.1272116250059145,7.371346962330651
2909,29.09,1.1236779934493928,7.369328418098977
2910,29.1,1.1156032798191795,7.374251394441462
2911,29.11,1.1089298203824232,7.369426788374485
2912,29.12,1.1041790407229322,7.373365489427413
2913,29.13,1.098326625293284,7.359092743388648
2914,29.14,1.0932309886321492,7.3560215961007644
2915,29.150000000000002,1.0845335968999055,7.3565019118373245
2916,29.16,1.0738606229641123,7.351762508323356
2917,29.17,1.0701055155955994,7.348556237908511
2918,29.18,1.060522372386575,7.352376004899593
2919,29.19,1.0533945420872521,7.358695240068313
2920,29.2,1.0486471714109884,7.350061383740952
2921,29.21,1.0413931838839365,7.346191361305247
2922,29.22,1.0401978781480747,7.344241821520496
2923,29.23,1.0307353560754453,7.351683300846585
2924,29.240000000000002,1.0196703154661828,7.3369586685053365
2925,29.25,1.0207834672539533,7.330876852542187
2926,29.26,1.0140759102050838,7.323263692692092
2927,29.27,1.0046945494295716,7.336336631546843
2928,29.28,1.0001044939553894,7.318764372222491
2929,29.29,0.9925900240400954,7.316580314327212
2930,29.3,0.9864453528619509,7.321889354747685
2931,29.310000000000002,0.9759069791222027,7.313687459840686
2932,29.32,0.9736139439850001,7.309764692857781
2933,29.330000000000002,0.9644866596657239,7.301855883814064
2934,29.34,0.9609716833951901,7.29480984330411
2935,29.35,0.9518889030298855,7.297474971205619
2936,29.36,0.947615148726384,7.28724209787848
2937,29.37,0.9338401804077607,7.291323786271228
2938,29.38,0.9330043469798829,7.276630719482707
2939,29.39,0.9302852507584324,7.273169775944915
2940,29.400000000000002,0.9147926912857727,7.266974885251717
2941,29.41,0.9098970136526732,7.270506031732859
2942,29.42,0.9069393588765428,7.261278250917511
2943,29.43,0.895711392971181,7.250402094798009
2944,29.44,0.8933808847544451,7.2408352585854425
2945,29.45,0.8860262383646533,7.245817299532846
2946,29.46,0.8803097678649761,7.234809380668812
2947,29.47,0.8692513539830197,7.2381946900948115
2948,29.48,0.8609737698394758,7.228742467575018
2949,29.490000000000002,0.8589336374115693,7.21870706180609
2950,29.5,0.8531105555667436,7.219315216999498
2951,29.51,0.8450105882876917,7.211742806160725
2952,29.52,0.8390124145892035,7.201113260717926
2953,29.53,0.8339068274062733,7.185976055890314
2954,29.54,0.8301385623082769,7.20046584444088
2955,29.55,0.8210515928910189,7.195419635534696
2956,29.560000000000002,0.8085982789107159,7.172302283365043
2957,29.57,0.8091339721767237,7.1706739664151735
2958,29.580000000000002,0.8010206959272648,7.170499733283215
2959,29.59,0.8022699308355343,7.164802061898198
2960,29.6,0.7908219618024793,7.150171073609758
2961,29.61,0.7852836108084589,7.146487761323657
2962,29.62,0.7757838003289755,7.143178958418342
2963,29.63,0.7708909788518042,7.125022465841956
2964,29.64,0.7654110813390611,7.1199260585040065
2965,29.650000000000002,0.760397309813858,7.124302128477644
2966,29.66,0.7569565999961743,7.103902891221205
2967,29.67,0.7435723059228411,7.10136516876164
2968,29.68,0.7397505766448573,7.098218695324947
2969,29.69,0.7330634234418311,7.087391115898143
2970,29.7,0.7301837971155707,7.073677122795053
2971,29.71,0.7270570586141045,7.076139763557478
2972,29.72,0.7163385807400492,7.0658285304635475
2973,29.73,0.7088077604007252,7.065481307807496
2974,29.740000000000002,0.7051338774777719,7.048500695515676
2975,29.75,0.7012301043105829,7.038182584499248
2976,29.76,0.6958473909753362,7.027811851735314
2977,29.77,0.6873927894767369,7.013052510985577
2978,29.78,0.6798243283883041,7.022895775008092
2979,29.79,0.678466637591816,7.008213670892976
2980,29.8,0.6705405478606904,6.999975838007534
2981,29.810000000000002,0.6632282488615151,6.977665380290469
2982,29.82,0.6587180061949409,6.986328701631342
2983,29.830000000000002,0.6535058350047436,6.976485757811937
2984,29.84,0.6416770710640659,6.962671270897028
2985,29.85,0.6400898855694654,6.953880486591404
2986,29.86,0.63814246670426,6.951702950993593
2987,29.87,0.6330004544859728,6.944458223916869
2988,29.88,0.62528612773296,6.9309100480423655
2989,29.89,0.6126085249848088,6.923982873973964
2990,29.900000000000002,0.6132789710938672,6.907546082955448
2991,29.91,0.6102422997824827,6.900172772695784
2992,29.92,0.6005396614518754,6.888585646838529
2993,29.93,0.6011982772000155,6.873506629965719
2994,29.94,0.5938135644309653,6.8698665045654135
2995,29.95,0.5930401406077846,6.868938707913958
2996,29.96,0.5841572605053723,6.856125246197308
2997,29.97,0.5765713169702656,6.846254713820529
2998,29.98,0.5734776585350362,6.835698691746344
2999,29.990000000000002,0.5618728160241592,6.81225807108325
