,t,x,y
0,0.0,-1.4011480460730723,-1.425750422045065
1,0.01,-1.4060097425150944,-1.4260906684343593
2,0.02,-1.398324204350075,-1.428418212392063
3,0.03,-1.4002188084611935,-1.4295294674365677
4,0.04,-1.401688302986213,-1.431178248386346
5,0.05,-1.4044153055046158,-1.4322610152250204
6,0.06,-1.39535496947269,-1.4316621834388856
7,0.07,-1.40696920760417,-1.4344425742536624
8,0.08,-1.4049685359218984,-1.4332953191157707
9,0.09,-1.4093011756595237,-1.4377413360784252
10,0.1,-1.4103552268133766,-1.4366188344790676
11,0.11,-1.4000602556019872,-1.4387167111497559
12,0.12,-1.4048132961693838,-1.4392654948527264
13,0.13,-1.4014948109430343,-1.4425396969611286
14,0.14,-1.4036625967724963,-1.4429627587069085
15,0.15,-1.4051962854229876,-1.4408322410414236
16,0.16,-1.4037494874953313,-1.444228229033508
17,0.17,-1.4014241142454489,-1.4450968878986457
18,0.18,-1.4062902038398135,-1.44833088265387
19,0.19,-1.4041049915096417,-1.4454243131306235
20,0.2,-1.410486906584934,-1.4482832454082746
21,0.21,-1.407790078269198,-1.449751517195993
22,0.22,-1.4102365781971329,-1.4514960833306487
23,0.23,-1.4052633523603195,-1.4518165458389143
24,0.24,-1.406269936719824,-1.4559498682640715
25,0.25,-1.405013916049518,-1.4524217222651592
26,0.26,-1.4078393419318218,-1.4553356046690853
27,0.27,-1.4035652204789215,-1.4564132804506564
28,0.28,-1.4033530925787783,-1.458770950669801
29,0.29,-1.41257188812022,-1.4575679743474006
30,0.3,-1.3985621621860336,-1.45882040589997
31,0.31,-1.4009008822962519,-1.4597258345008226
32,0.32,-1.4074329932468674,-1.4591134280706428
33,0.33,-1.4094221581677875,-1.460135976494531
34,0.34,-1.405216000177463,-1.4633419972441462
35,0.35000000000000003,-1.4136312599409706,-1.466038006130024
36,0.36,-1.4073380428289333,-1.4667345731945485
37,0.37,-1.410012767649608,-1.470186254594516
38,0.38,-1.4106517502966491,-1.4687565820331576
39,0.39,-1.4062753651765723,-1.4694056789729257
40,0.4,-1.4071640824567153,-1.4723842944119048
41,0.41000000000000003,-1.4133775706291052,-1.4718053478541098
42,0.42,-1.4120074486828023,-1.4699599847592046
43,0.43,-1.4121551054650612,-1.4753079805957894
44,0.44,-1.41435486876324,-1.47589916939766
45,0.45,-1.4136614498441504,-1.4765159319115415
46,0.46,-1.4071615190237787,-1.4747894769583496
47,0.47000000000000003,-1.4085275411730664,-1.4758109860287625
48,0.48,-1.4193456635056283,-1.4782464893276526
49,0.49,-1.4180671507417488,-1.4795080675199779
50,0.5,-1.410503816640248,-1.4791487321031507
51,0.51,-1.4109090819781527,-1.482836804122748
52,0.52,-1.4065566773875589,-1.4849453296148014
53,0.53,-1.4071157358217945,-1.4858667504137582
54,0.54,-1.4148938671760003,-1.4868454893348826
55,0.55,-1.412235915349908,-1.4865964526531539
56,0.56,-1.4078942692479954,-1.4866448044504637
57,0.5700000000000001,-1.4093241281590985,-1.490045297602694
58,0.58,-1.4161535963341345,-1.4841432337120752
59,0.59,-1.415485726141788,-1.4918571399738316
60,0.6,-1.4176017496223805,-1.4894220048701172
61,0.61,-1.411622940826254,-1.493923564154639
62,0.62,-1.416802547531652,-1.492220639885296
63,0.63,-1.4145959257544105,-1.4964059067232227
64,0.64,-1.4088177097661234,-1.4937091236885758
65,0.65,-1.4128966961545921,-1.4939638096793
66,0.66,-1.4121307484490857,-1.4989847724729186
67,0.67,-1.4102889747178524,-1.500307010783988
68,0.68,-1.4153278524374135,-1.5004081366661284
69,0.6900000000000001,-1.4094931954520635,-1.50275221571485
70,0.7000000000000001,-1.4135232480965014,-1.503018592465546
71,0.71,-1.4159921225858627,-1.5018812184409993
72,0.72,-1.412824221600899,-1.5021489856394918
73,0.73,-1.4147994767084746,-1.5057814454192333
74,0.74,-1.4187048550228105,-1.5060266387356998
75,0.75,-1.4161264305603731,-1.5055703940584202
76,0.76,-1.4143249775016242,-1.5096004352733656
77,0.77,-1.4050628017776396,-1.5087072634262222
78,0.78,-1.4093140785165794,-1.5082195846295094
79,0.79,-1.4112716693843506,-1.51203514244031
80,0.8,-1.4075607015388598,-1.5116122968127153
81,0.81,-1.4098777595250338,-1.5147675322025798
82,0.8200000000000001,-1.4120188925268709,-1.5154702738926051
83,0.8300000000000001,-1.41890662312804,-1.5138155867794447
84,0.84,-1.412588043326482,-1.5177894075682752
85,0.85,-1.418415841030028,-1.5196101911254998
86,0.86,-1.4136190502939332,-1.5188582734856022
87,0.87,-1.41052112627251,-1.51733583888449
88,0.88,-1.4215740438193354,-1.519459755675011
89,0.89,-1.4118768844879206,-1.5213844258922071
90,0.9,-1.4127092115252788,-1.5198447542221722
91,0.91,-1.4145889346451772,-1.5233855470265243
92,0.92,-1.4151611774095045,-1.525664650569292
93,0.93,-1.4202012474614367,-1.525526584898233
94,0.9400000000000001,-1.4185698990916185,-1.5273736637541357
95,0.9500000000000001,-1.412834423377402,-1.5281530876578728
96,0.96,-1.4169298146763958,-1.528024374001466
97,0.97,-1.4193364154446515,-1.5301342686395254
98,0.98,-1.4195088155915672,-1.53024650831901
99,0.99,-1.4147702397269657,-1.530945815740955
100,1.0,-1.4177524479694537,-1.534349782903324
101,1.01,-1.4168035495965206,-1.5333870570257713
102,1.02,-1.417674655714255,-1.536925360111298
103,1.03,-1.4096823110106325,-1.536200512009957
104,1.04,-1.4116182260093944,-1.5360682204979708
105,1.05,-1.41464619304165,-1.5395123363307848
106,1.06,-1.4172705425711891,-1.5391865009283485
107,1.07,-1.4152754507208523,-1.5390898361677785
108,1.08,-1.4162236423281576,-1.539687147168241
109,1.09,-1.4234877056781436,-1.5397020382274684
110,1.1,-1.420564960880159,-1.5432803386693776
111,1.11,-1.4161592394617846,-1.545904716698772
112,1.12,-1.420766919159765,-1.5427941617741292
113,1.1300000000000001,-1.4120977127968275,-1.5452129997643316
114,1.1400000000000001,-1.408689679883274,-1.5474060942149
115,1.1500000000000001,-1.4217042418708414,-1.5456041622063992
116,1.16,-1.418377284175843,-1.5471051936260902
117,1.17,-1.4171477342194745,-1.548314689505183
118,1.18,-1.41487197019738,-1.5489522502427893
119,1.19,-1.414518913551051,-1.5528227486859487
120,1.2,-1.4185996553037075,-1.5534027111048248
121,1.21,-1.4191318551416383,-1.5510110389367011
122,1.22,-1.415266189232561,-1.5547613628775991
123,1.23,-1.4136999385217563,-1.553982123417485
124,1.24,-1.4141753056627828,-1.5592809123315055
125,1.25,-1.4170061083658338,-1.5564978987339015
126,1.26,-1.4217313176610036,-1.5572741688346732
127,1.27,-1.4170521690072664,-1.562507114671402
128,1.28,-1.4267828092996049,-1.557250666770328
129,1.29,-1.419207761932323,-1.56218992984071
130,1.3,-1.42315025875469,-1.5622403404578644
131,1.31,-1.4204506550526883,-1.5638533623891266
132,1.32,-1.4144936783487176,-1.5653445982084784
133,1.33,-1.4221533465429104,-1.5669502988284292
134,1.34,-1.4162051540888774,-1.5639280282328993
135,1.35,-1.4243008754308055,-1.5648596488912625
136,1.36,-1.4122489728748813,-1.5688603635961553
137,1.37,-1.4173535975307425,-1.5655836087923682
138,1.3800000000000001,-1.4152984730867508,-1.5702710084184264
139,1.3900000000000001,-1.41899475562794,-1.5707971434960104
140,1.4000000000000001,-1.414319764909467,-1.5711126332716907
141,1.41,-1.4212192278388516,-1.5741088506541983
142,1.42,-1.417411964465067,-1.5716058626104188
143,1.43,-1.4218901600844815,-1.573859545768541
144,1.44,-1.4177511698596994,-1.5764693803892094
145,1.45,-1.4045169002284614,-1.5803496522164096
146,1.46,-1.4140886212906456,-1.5783113408738574
147,1.47,-1.411052708737233,-1.5782807689391989
148,1.48,-1.4198964276620902,-1.5813628492811362
149,1.49,-1.4172319492000096,-1.5808159289008645
150,1.5,-1.421044106640992,-1.582345599542692
151,1.51,-1.4178487672880704,-1.5834633678485486
152,1.52,-1.4177082993671932,-1.5818524658943156
153,1.53,-1.4188812729523432,-1.581884642148609
154,1.54,-1.4208416901672507,-1.5827143016701168
155,1.55,-1.419886221009526,-1.5847871293963685
156,1.56,-1.4112241615475607,-1.586240720484208
157,1.57,-1.4178302797817566,-1.5920225172178848
158,1.58,-1.4138413191722383,-1.591485319332514
159,1.59,-1.423254574544514,-1.5916068706440583
160,1.6,-1.4171597726456135,-1.5927282163461798
161,1.61,-1.4141016891132607,-1.595373753775088
162,1.62,-1.4135173005098214,-1.5906652692664458
163,1.6300000000000001,-1.4172870071389503,-1.5958485308895243
164,1.6400000000000001,-1.4160536776416892,-1.5984149890424855
165,1.6500000000000001,-1.412519736931149,-1.5975857481459748
166,1.6600000000000001,-1.4221283584820728,-1.59754610967262
167,1.67,-1.4074866042629466,-1.5980879244058976
168,1.68,-1.4145764074163478,-1.6005975488629502
169,1.69,-1.4197238932370146,-1.60208571105467
170,1.7,-1.4198160748714095,-1.602390689197017
171,1.71,-1.4176893967270197,-1.6028487768808763
172,1.72,-1.4173356260753736,-1.6055799718382455
173,1.73,-1.4145084729171182,-1.6065503924270474
174,1.74,-1.42420749994986,-1.6079754331026914
175,1.75,-1.4206551488131551,-1.605591400592815
176,1.76,-1.4158629873892736,-1.6069963360477266
177,1.77,-1.4191476936785248,-1.6065218702007915
178,1.78,-1.4150485806413127,-1.6089476507790441
179,1.79,-1.4110728492818976,-1.6131226839660924
180,1.8,-1.410996204198573,-1.6100930943133704
181,1.81,-1.4175357899055088,-1.6104371753705875
182,1.82,-1.4166627709349335,-1.6137149420023484
183,1.83,-1.4112622214896255,-1.6128027128352604
184,1.84,-1.417364514656747,-1.6148455772973276
185,1.85,-1.4164706003945142,-1.6138107813244416
186,1.86,-1.4260197302595996,-1.6188108247575972
187,1.87,-1.411301187770259,-1.6166106906673388
188,1.8800000000000001,-1.4130120943629132,-1.6226252017996865
189,1.8900000000000001,-1.4127578500696296,-1.6202989700007453
190,1.9000000000000001,-1.4146410946318664,-1.6230665817352217
191,1.9100000000000001,-1.4155097409702444,-1.6222691094828925
192,1.92,-1.4237643722445046,-1.6230958163637015
193,1.93,-1.4154076448556565,-1.624451697516235
194,1.94,-1.4141284159317076,-1.6240350677677446
195,1.95,-1.4222606054606886,-1.626128952997764
196,1.96,-1.416725780300736,-1.6293972568266242
197,1.97,-1.4158670610014104,-1.6282430395245582
198,1.98,-1.4151143696906399,-1.628443844218042
199,1.99,-1.4152240459531558,-1.6295984817291271
200,2.0,-1.418583980372301,-1.631070737617394
201,2.0100000000000002,-1.4157203021422544,-1.6321205600721722
202,2.02,-1.415924851579144,-1.6335433396044747
203,2.0300000000000002,-1.4204585239216667,-1.6364530828784634
204,2.04,-1.418402129969625,-1.6339375014214814
205,2.05,-1.40977223286346,-1.6378820842182438
206,2.06,-1.4069835603796934,-1.6369202967958891
207,2.07,-1.4123157167555513,-1.6404965967006064
208,2.08,-1.4130734737692938,-1.6374348034880772
209,2.09,-1.411777351411574,-1.640934364761132
210,2.1,-1.4115366823931204,-1.6435639762939502
211,2.11,-1.4126085706639193,-1.6444764281786037
212,2.12,-1.415013753982403,-1.6424326762783534
213,2.13,-1.400421221094213,-1.6455173638097746
214,2.14,-1.4053810850183182,-1.6470707922748387
215,2.15,-1.4178888551953144,-1.6498023047460673
216,2.16,-1.4127896063605945,-1.647677032798634
217,2.17,-1.4158038969959805,-1.6494963936087994
218,2.18,-1.4074774021874337,-1.6493546861933928
219,2.19,-1.4079142485437874,-1.6507541972373505
220,2.2,-1.4126480621346944,-1.6533912625246592
221,2.21,-1.4149455409651905,-1.6544454375774347
222,2.22,-1.410558445627624,-1.652639771991173
223,2.23,-1.4103157230828236,-1.6568595372741364
224,2.24,-1.41137532710058,-1.6580598373997653
225,2.25,-1.4085429546526052,-1.6584454905693364
226,2.2600000000000002,-1.4098498071748626,-1.658781432771653
227,2.27,-1.4079552237514683,-1.6587232726029533
228,2.2800000000000002,-1.4126211612040713,-1.6605478679700967
229,2.29,-1.412148905237702,-1.6641141415814071
230,2.3000000000000003,-1.4138231409840643,-1.6619258220713622
231,2.31,-1.4127502802657337,-1.6640234151623112
232,2.32,-1.4063727616587132,-1.6669512097092765
233,2.33,-1.4053358061107797,-1.6686586115803848
234,2.34,-1.4081218599055418,-1.668785618726487
235,2.35,-1.4052063072016814,-1.6686969999705707
236,2.36,-1.4076792492576613,-1.6682192991316842
237,2.37,-1.4071871715012962,-1.6729219036091958
238,2.38,-1.4154983092055804,-1.6702436923356325
239,2.39,-1.4094432235845566,-1.674904795552271
240,2.4,-1.4035101211898091,-1.6760601162585234
241,2.41,-1.4099347175722674,-1.6739615549085922
242,2.42,-1.4058196805384335,-1.674690530755452
243,2.43,-1.4068045029699408,-1.6775637819430333
244,2.44,-1.4074643347936067,-1.6808269022547009
245,2.45,-1.4105076990088523,-1.675890403399901
246,2.46,-1.4123142089661493,-1.6800131665274722
247,2.47,-1.410114242617599,-1.6821408199275165
248,2.48,-1.409907152149544,-1.6820560125654416
249,2.49,-1.4104239720997365,-1.683552555986175
250,2.5,-1.4017550783478396,-1.6852669011365538
251,2.5100000000000002,-1.4021027518082292,-1.6866140449816882
252,2.52,-1.4060586124769834,-1.6872460991315925
253,2.5300000000000002,-1.4032809225961493,-1.6885800834939249
254,2.54,-1.4115276008751338,-1.6895609392844064
255,2.5500000000000003,-1.4057673149824585,-1.6906805227764272
256,2.56,-1.408079392391669,-1.6914031998959873
257,2.57,-1.413381070956119,-1.694008404320417
258,2.58,-1.4063634107560372,-1.6930400114528068
259,2.59,-1.401641026546723,-1.6937437571923575
260,2.6,-1.3975482032183193,-1.6980161487991035
261,2.61,-1.407601704967126,-1.6973584802512507
262,2.62,-1.405886632491591,-1.6994116321056005
263,2.63,-1.4098736585505658,-1.6998487733784118
264,2.64,-1.4082975848985404,-1.7000806650169074
265,2.65,-1.4016414829709551,-1.7026302990324893
266,2.66,-1.4004836474934816,-1.7032210164178674
267,2.67,-1.3966930802533237,-1.7043045969386523
268,2.68,-1.40491217029556,-1.7015478152851586
269,2.69,-1.4012349762628098,-1.7076163961999284
270,2.7,-1.4070573136281317,-1.7060465892903995
271,2.71,-1.402546039588753,-1.7058250916384614
272,2.72,-1.4061870048908867,-1.7096942633370824
273,2.73,-1.3946020378988093,-1.7108095048420462
274,2.74,-1.398701747874372,-1.7135014164442905
275,2.75,-1.4017614457825809,-1.7129713568742866
276,2.7600000000000002,-1.3993410225968594,-1.7135748396950325
277,2.77,-1.3989820264778825,-1.716593296800527
278,2.7800000000000002,-1.401428852986186,-1.7176814784358618
279,2.79,-1.4017635966669277,-1.7202144938921657
280,2.8000000000000003,-1.3967796827328232,-1.719847349900371
281,2.81,-1.3996596058632025,-1.7212432731960852
282,2.82,-1.3999282718111867,-1.7216754662150013
283,2.83,-1.3981311195289263,-1.7242310003728192
284,2.84,-1.4030850905730776,-1.7238397858114727
285,2.85,-1.4029962984958846,-1.7285996920921676
286,2.86,-1.3987515259212409,-1.7270223509778198
287,2.87,-1.396240411446795,-1.729102696542546
288,2.88,-1.403539425712589,-1.728279828599254
289,2.89,-1.3971900485920121,-1.7299854655662408
290,2.9,-1.4051446591957073,-1.7299899035767277
291,2.91,-1.3962258365688271,-1.7339945953955418
292,2.92,-1.3987288607698294,-1.733491197249679
293,2.93,-1.398950117602782,-1.7351558964272045
294,2.94,-1.4001077038787109,-1.737640654865605
295,2.95,-1.3954433647427003,-1.737839719472598
296,2.96,-1.3934621685454305,-1.7391060130230283
297,2.97,-1.3980086744820992,-1.7380194149789105
298,2.98,-1.4034682959162996,-1.7412466493395233
299,2.99,-1.3958522502313626,-1.7424844809006181
300,3.0,-1.3962774650894707,-1.743185038196783
301,3.0100000000000002,-1.401210735276863,-1.7429075710283766
302,3.02,-1.392353997856393,-1.7448716381101688
303,3.0300000000000002,-1.3918947699328377,-1.7489124972588992
304,3.04,-1.3885331009950996,-1.7487854772572142
305,3.0500000000000003,-1.397067085384624,-1.7492303657012285
306,3.06,-1.3902998448254267,-1.7506597101015056
307,3.0700000000000003,-1.3984834112742162,-1.7530014138332355
308,3.08,-1.3969446906902117,-1.7522723477838105
309,3.09,-1.3896407764212246,-1.7542395997055773
310,3.1,-1.3859572995088405,-1.7575086055800457
311,3.11,-1.3961459380520096,-1.7587624056884499
312,3.12,-1.3956844264793031,-1.7594265662851345
313,3.13,-1.3890797350420307,-1.7587948450527615
314,3.14,-1.3905370677372277,-1.760975441444537
315,3.15,-1.3918144883027823,-1.7619759366419832
316,3.16,-1.3912631195705119,-1.76512444765632
317,3.17,-1.3909688414630743,-1.762183407728644
318,3.18,-1.389180067316353,-1.766539923677161
319,3.19,-1.3901239496238582,-1.7688614750166098
320,3.2,-1.391701537405138,-1.7713533348487946
321,3.21,-1.3841333845115187,-1.7699751307267226
322,3.22,-1.3837703753743547,-1.770586029940214
323,3.23,-1.3880281342984668,-1.774851719706444
324,3.24,-1.394529816150918,-1.7735802777796363
325,3.25,-1.3845738103273832,-1.7755179031764365
326,3.2600000000000002,-1.3904425038171244,-1.7768343530533621
327,3.27,-1.390017301232367,-1.7788701395876303
328,3.2800000000000002,-1.3860269361330608,-1.7787969713882117
329,3.29,-1.3861707689368024,-1.7801321498106604
330,3.3000000000000003,-1.383598402080572,-1.7807489025011012
331,3.31,-1.3852077930233646,-1.7833872276257934
332,3.3200000000000003,-1.3786837508573027,-1.7875096385290816
333,3.33,-1.3837598932719433,-1.7861614211296437
334,3.34,-1.3788356269215294,-1.7906286469985
335,3.35,-1.382112859116101,-1.7920983586662829
336,3.36,-1.3766230031319122,-1.7924067601541371
337,3.37,-1.382103453561293,-1.7903398275214029
338,3.38,-1.3852377411308014,-1.7958034243899252
339,3.39,-1.3820868395272146,-1.797936858518673
340,3.4,-1.381757696246433,-1.7984174375831257
341,3.41,-1.3798387695994678,-1.7973055424089315
342,3.42,-1.3815439483097451,-1.79974106044542
343,3.43,-1.3795337099513787,-1.7975128877804443
344,3.44,-1.3710409258613527,-1.8032626031449963
345,3.45,-1.3849383962101358,-1.8046165897722841
346,3.46,-1.3836538047867537,-1.8067916920391802
347,3.47,-1.3781853166649163,-1.8084326535644373
348,3.48,-1.3749656457117798,-1.8095169398738513
349,3.49,-1.3746139978724525,-1.8090557777539527
350,3.5,-1.3763442197993079,-1.8107520555729795
351,3.5100000000000002,-1.3766026808831744,-1.80959635408345
352,3.52,-1.3695999025730112,-1.8143040111807849
353,3.5300000000000002,-1.375085231733648,-1.8132681291605768
354,3.54,-1.3777721254038258,-1.8151176156090336
355,3.5500000000000003,-1.3769345358627083,-1.818789059989818
356,3.56,-1.3762698993189788,-1.822034379570126
357,3.5700000000000003,-1.371881544999584,-1.821522639563197
358,3.58,-1.366043205714976,-1.8250026311431438
359,3.59,-1.375645559307822,-1.8257310128317565
360,3.6,-1.367700542341435,-1.8275616661167022
361,3.61,-1.3744972113229241,-1.828405813524371
362,3.62,-1.3672267994547755,-1.8273878783657804
363,3.63,-1.378577432759853,-1.8311210522362829
364,3.64,-1.3734554986182996,-1.8308573627270024
365,3.65,-1.3716252837091651,-1.8345196005364202
366,3.66,-1.3681673397264222,-1.8348871093587549
367,3.67,-1.3711276135574264,-1.8378811624721823
368,3.68,-1.3657336924270662,-1.8359718851561946
369,3.69,-1.358727684299904,-1.8415415138743274
370,3.7,-1.365384725022124,-1.842748553179279
371,3.71,-1.3694256495972483,-1.8455048318427645
372,3.72,-1.3667407271426228,-1.8480497477977702
373,3.73,-1.3634989270191935,-1.8464802902369828
374,3.74,-1.364889840286975,-1.8501970960809984
375,3.75,-1.3614109651595054,-1.8508483841522392
376,3.7600000000000002,-1.3619843985493765,-1.85238301924623
377,3.77,-1.3631679309668572,-1.8529106796043306
378,3.7800000000000002,-1.354470251978428,-1.8549949197495923
379,3.79,-1.3670618369668213,-1.8564044732396776
380,3.8000000000000003,-1.3595627143786553,-1.856424226796878
381,3.81,-1.3524789623372555,-1.8611507871783717
382,3.8200000000000003,-1.360023614392131,-1.859848492230082
383,3.83,-1.3581892302863465,-1.8620432744479334
384,3.84,-1.3559997734017664,-1.8654231138168216
385,3.85,-1.3503447127362163,-1.8661993844015292
386,3.86,-1.355155973515167,-1.8670393021701892
387,3.87,-1.3558468261478895,-1.870914617031607
388,3.88,-1.3510603035871358,-1.8702778537167817
389,3.89,-1.3561065478512362,-1.873266163393318
390,3.9,-1.3548922283476954,-1.873434389420007
391,3.91,-1.355803795249543,-1.8795947725331634
392,3.92,-1.351921080146905,-1.8779255239621517
393,3.93,-1.3522698269417754,-1.8816214218851104
394,3.94,-1.3499664003890817,-1.8804289999623667
395,3.95,-1.347433804069466,-1.88204110111604
396,3.96,-1.3502803046419616,-1.8855951680800507
397,3.97,-1.3413838089403713,-1.8879090536516623
398,3.98,-1.3511423910660691,-1.8896056294076293
399,3.99,-1.352258999177594,-1.893120815373913
400,4.0,-1.3414308692432269,-1.8948242823029118
401,4.01,-1.3445393021525376,-1.8963353237800942
402,4.0200000000000005,-1.344612055053765,-1.8966871876634952
403,4.03,-1.346683766118383,-1.9009411427768115
404,4.04,-1.338581915107634,-1.9023945272262766
405,4.05,-1.3434300040997806,-1.9048478522154797
406,4.0600000000000005,-1.3395971709377348,-1.9038088704706375
407,4.07,-1.3371292494859497,-1.9053278750418943
408,4.08,-1.3405960456481556,-1.9092184140267443
409,4.09,-1.3378257791022279,-1.9079178567204473
410,4.1,-1.3342198184584608,-1.9130518229100413
411,4.11,-1.3329940733352,-1.9134985718568511
412,4.12,-1.3402289455027985,-1.9160358172268295
413,4.13,-1.3355765949299343,-1.916577221931162
414,4.14,-1.3311663816353438,-1.9221265889849364
415,4.15,-1.3393418500291452,-1.9238143664616254
416,4.16,-1.3326277867285286,-1.9252111138009478
417,4.17,-1.332903901809796,-1.9281810316196168
418,4.18,-1.3279356765230814,-1.9264338506869731
419,4.19,-1.3237933635340273,-1.928233460227773
420,4.2,-1.3292598864787182,-1.9323917179116146
421,4.21,-1.3181802001844551,-1.9345739988301267
422,4.22,-1.3245129408652099,-1.9364446840173273
423,4.23,-1.3266822094475654,-1.9376516911453041
424,4.24,-1.3204971455403127,-1.939749785382544
425,4.25,-1.32697805063711,-1.9432308681916217
426,4.26,-1.3229893163300386,-1.9476402927970085
427,4.2700000000000005,-1.3245920073626738,-1.9453484092942908
428,4.28,-1.3263550167413716,-1.9495109038878378
429,4.29,-1.3275143716337374,-1.953243821637978
430,4.3,-1.3170008426315205,-1.9551792105468495
431,4.3100000000000005,-1.323966663233695,-1.9573533823204943
432,4.32,-1.3200716094687284,-1.9571483911558145
433,4.33,-1.3141464385388613,-1.9594378799810506
434,4.34,-1.3135785797633703,-1.9622351528928204
435,4.3500000000000005,-1.3123451367711068,-1.964578977049965
436,4.36,-1.3093367463198868,-1.96850537993276
437,4.37,-1.310798905830673,-1.971100615158443
438,4.38,-1.3088726884153254,-1.9694638227139765
439,4.39,-1.309239571935661,-1.9759775492030962
440,4.4,-1.3126126449233482,-1.978473051020398
441,4.41,-1.2974866123303794,-1.9784465106650182
442,4.42,-1.3043939732585126,-1.9807020436979317
443,4.43,-1.3016943117153565,-1.9831342614221172
444,4.44,-1.3082977218672291,-1.9864008215666038
445,4.45,-1.2984138447229563,-1.9884988827771046
446,4.46,-1.3050513402536517,-1.991998910223019
447,4.47,-1.296806970504006,-1.9937394824676558
448,4.48,-1.291771599530733,-1.9933937134242432
449,4.49,-1.299933644099963,-1.9967691419342113
450,4.5,-1.2942235674050817,-2.0014587265545245
451,4.51,-1.295153489096188,-2.0073529403764474
452,4.5200000000000005,-1.2949835033675372,-2.007034327798638
453,4.53,-1.2912910881731823,-2.0088090799131746
454,4.54,-1.292177516410665,-2.0099945716974226
455,4.55,-1.2929490978453007,-2.012722953074912
456,4.5600000000000005,-1.293328931313834,-2.0135611280114456
457,4.57,-1.2895897064393171,-2.0211074042214348
458,4.58,-1.290952196944826,-2.021179170828621
459,4.59,-1.2868501954536782,-2.0217112949932354
460,4.6000000000000005,-1.2833882091469329,-2.024213059154241
461,4.61,-1.2835234074611628,-2.0261088550450146
462,4.62,-1.2756002798969583,-2.0325743265029805
463,4.63,-1.2791515284938892,-2.0330601171496605
464,4.64,-1.2820516358802188,-2.037593642465072
465,4.65,-1.2765881030819017,-2.040261031237749
466,4.66,-1.2774997687636722,-2.0434519891828313
467,4.67,-1.2761983763416307,-2.0460921908098024
468,4.68,-1.2735766806441549,-2.0488234489842996
469,4.69,-1.2737452756381538,-2.053766974426129
470,4.7,-1.2768160029643683,-2.0544644924724875
471,4.71,-1.2645122284683745,-2.0577803122068725
472,4.72,-1.2630971177257544,-2.0591720202148007
473,4.73,-1.2709770504841498,-2.0628219599440296
474,4.74,-1.2676241806041912,-2.0619971067795024
475,4.75,-1.261662037895852,-2.0655517928151803
476,4.76,-1.258793812521063,-2.071753563811035
477,4.7700000000000005,-1.2588837083856457,-2.0736350848079232
478,4.78,-1.2564001157777758,-2.0784943124769972
479,4.79,-1.2524965741966314,-2.0800427573053617
480,4.8,-1.2574053965497693,-2.0846492854220053
481,4.8100000000000005,-1.24852331532975,-2.084999322563269
482,4.82,-1.2474422190040981,-2.0893048382638137
483,4.83,-1.2498837860584613,-2.0922575499169818
484,4.84,-1.2491799699195025,-2.0955516075756715
485,4.8500000000000005,-1.255540115563862,-2.09928425105491
486,4.86,-1.245931315823232,-2.0993907231858384
487,4.87,-1.2507307575788047,-2.1057547738593336
488,4.88,-1.2400118517788754,-2.1112567709099084
489,4.89,-1.2382826760264214,-2.112519178805491
490,4.9,-1.234900343241101,-2.1139798912548087
491,4.91,-1.2283785688728623,-2.113434276729878
492,4.92,-1.23306572116819,-2.1189070217519643
493,4.93,-1.228942979005193,-2.1256504763249544
494,4.94,-1.230666271564748,-2.125156732448599
495,4.95,-1.2256018488784377,-2.1291385624003327
496,4.96,-1.2259434123169364,-2.134027980827934
497,4.97,-1.222097015835959,-2.133791785478371
498,4.98,-1.217678344679489,-2.138979324218281
499,4.99,-1.2129668233872666,-2.140690861872163
500,5.0,-1.214538419632242,-2.1462557144011507
501,5.01,-1.2121103589211335,-2.1502840610873335
502,5.0200000000000005,-1.2147637758604606,-2.153935257442899
503,5.03,-1.2099439861826082,-2.1593059377730275
504,5.04,-1.2054011114970173,-2.161275519222761
505,5.05,-1.2023875364577365,-2.164267335841056
506,5.0600000000000005,-1.2066733202036808,-2.169040581819886
507,5.07,-1.2002461251078866,-2.17077902529789
508,5.08,-1.2023600002380015,-2.1774785454387735
509,5.09,-1.189007217721457,-2.176151653510448
510,5.1000000000000005,-1.1873534634761556,-2.186667519427896
511,5.11,-1.194932808364543,-2.1885498894960835
512,5.12,-1.1847754075141477,-2.1917798617363204
513,5.13,-1.179402506687396,-2.1937040564280466
514,5.14,-1.1809859915102279,-2.194984318757484
515,5.15,-1.1822232838369304,-2.202788212687832
516,5.16,-1.1708072174782655,-2.208207598773136
517,5.17,-1.167385979543124,-2.209132441904859
518,5.18,-1.1697251290548556,-2.213504216962092
519,5.19,-1.1697976776545296,-2.217458082293103
520,5.2,-1.1633249836035295,-2.223807715782879
521,5.21,-1.1607329007926355,-2.224854358859033
522,5.22,-1.1571118167390209,-2.2306948271818587
523,5.23,-1.1583681273199997,-2.230755523541839
524,5.24,-1.1561840193347905,-2.2374267189716157
525,5.25,-1.1526259995660473,-2.24271769005815
526,5.26,-1.1425559977934614,-2.2461627924291303
527,5.2700000000000005,-1.1446271001444075,-2.2497881204961723
528,5.28,-1.1362890981768692,-2.2530314854293403
529,5.29,-1.1416328125766828,-2.2569586150804755
530,5.3,-1.1284209730716666,-2.261337550497604
531,5.3100000000000005,-1.1271962154246666,-2.2674171653774513
532,5.32,-1.1219272668805318,-2.2697218103542647
533,5.33,-1.1295271491469534,-2.2760898520040627
534,5.34,-1.1036198827577242,-2.280294518131554
535,5.3500000000000005,-1.1010177664841325,-2.2823829640950986
536,5.36,-1.107614291215206,-2.2876446109473747
537,5.37,-1.1002380144700186,-2.2924511126596374
538,5.38,-1.0974549730696888,-2.2976003181254345
539,5.39,-1.0890753234805919,-2.301721102098047
540,5.4,-1.085865307112021,-2.302227237722775
541,5.41,-1.0910776916398046,-2.3109596223161954
542,5.42,-1.07386589146785,-2.3146143942211905
543,5.43,-1.076025497109058,-2.3172985148667857
544,5.44,-1.0725331147396773,-2.323310913961812
545,5.45,-1.0723649868639344,-2.3263146912730437
546,5.46,-1.061617285434798,-2.332273276762727
547,5.47,-1.0591860794602999,-2.337925626475015
548,5.48,-1.0468611964570038,-2.3407651985638442
549,5.49,-1.0440374842332487,-2.344929650449708
550,5.5,-1.0507501975666624,-2.3532961515967763
551,5.51,-1.043921327328162,-2.3571177478097973
552,5.5200000000000005,-1.0386107044902062,-2.3622207466656078
553,5.53,-1.0324063923523308,-2.3650243369591006
554,5.54,-1.0220026124103958,-2.368989693110222
555,5.55,-1.023596764971522,-2.374864377592037
556,5.5600000000000005,-1.009032202743222,-2.379937270468089
557,5.57,-1.0086025654509925,-2.3824093893536373
558,5.58,-0.999363748826654,-2.3890369878756346
559,5.59,-0.9961874627194743,-2.3918888444419575
560,5.6000000000000005,-0.9901094249520714,-2.397606301254218
561,5.61,-0.9808614869284711,-2.4049384962683824
562,5.62,-0.9755234038605655,-2.4090265240076207
563,5.63,-0.9743400489434986,-2.4121525730607316
564,5.64,-0.9680352155802937,-2.4205188156725086
565,5.65,-0.9557308000417298,-2.4254722398045434
566,5.66,-0.9554049712462892,-2.429526919566002
567,5.67,-0.9536901355763105,-2.4354418223641385
568,5.68,-0.9349195529631609,-2.437130867678043
569,5.69,-0.9317248113442843,-2.444059662675709
570,5.7,-0.9192871169769388,-2.4486451714439377
571,5.71,-0.9118654322122486,-2.451089284592866
572,5.72,-0.9067129139666429,-2.458212277378212
573,5.73,-0.9056251319760902,-2.4620994946147787
574,5.74,-0.8989435262914012,-2.4681959393609105
575,5.75,-0.891605288725048,-2.4718604736722103
576,5.76,-0.8730414510402175,-2.481481836044816
577,5.7700000000000005,-0.8678652696190275,-2.4824351518394687
578,5.78,-0.860480744364681,-2.489089468085395
579,5.79,-0.8482861170740024,-2.493371789270374
580,5.8,-0.8408471351368191,-2.498391285417954
581,5.8100000000000005,-0.8421351269854028,-2.5051405048166355
582,5.82,-0.8221390555968578,-2.510577111024919
583,5.83,-0.8129098787434992,-2.5140119728299855
584,5.84,-0.8082595881164365,-2.519135536076656
585,5.8500000000000005,-0.7973335178597902,-2.5246488373893077
586,5.86,-0.7880630764905587,-2.5336724383612155
587,5.87,-0.7742333549134711,-2.534190669342684
588,5.88,-0.7600064880696942,-2.5385348753828434
589,5.89,-0.7532343215489576,-2.5467524112660582
590,5.9,-0.7472264349115239,-2.5489117361777947
591,5.91,-0.7397830078154571,-2.553503279648236
592,5.92,-0.7171763768954423,-2.5579686650848976
593,5.93,-0.7146465624767995,-2.5602837072398783
594,5.94,-0.6980528590373746,-2.5678843175436876
595,5.95,-0.6826417266911854,-2.573422089326226
596,5.96,-0.6777510943381445,-2.5777777827569577
597,5.97,-0.6607553162977199,-2.5819706747630997
598,5.98,-0.6432890362017212,-2.5874758653271246
599,5.99,-0.6388343416082377,-2.588186059847909
600,6.0,-0.6220216766496461,-2.597234204006228
601,6.01,-0.612318965338445,-2.6009572820136126
602,6.0200000000000005,-0.6013050825758822,-2.6053489722636742
603,6.03,-0.5778178693474139,-2.6085021100386654
604,6.04,-0.5689369776085131,-2.6164120099957477
605,6.05,-0.5509702005262715,-2.6186249354121256
606,6.0600000000000005,-0.540828214093683,-2.6227859848676656
607,6.07,-0.523984985462285,-2.622975557928329
608,6.08,-0.5069127680393953,-2.62827437201318
609,6.09,-0.49476521843094795,-2.63084270344602
610,6.1000000000000005,-0.48306545614606244,-2.6386623329629586
611,6.11,-0.45817027396233484,-2.6403079208443803
612,6.12,-0.44524200844462775,-2.6454844488725335
613,6.13,-0.4292453102076458,-2.6468605340177587
614,6.140000000000001,-0.40955468199816353,-2.6502195244634366
615,6.15,-0.3963831016779237,-2.651419412385785
616,6.16,-0.376278862026237,-2.6567920219535095
617,6.17,-0.3683437775607202,-2.6622494820722937
618,6.18,-0.3411134504039758,-2.6628830744188337
619,6.19,-0.32300152664280424,-2.664091908769864
620,6.2,-0.2958775681815115,-2.6646279535776207
621,6.21,-0.2945230268046427,-2.6670204504161474
622,6.22,-0.2693495677327081,-2.674239214775159
623,6.23,-0.23982665997102573,-2.6742260960220303
624,6.24,-0.22378406431193096,-2.674931508011639
625,6.25,-0.20550324584333435,-2.679089510806391
626,6.26,-0.18424695552850215,-2.6800883689325232
627,6.2700000000000005,-0.1674496827510432,-2.682302813432976
628,6.28,-0.14984835057725204,-2.6834561091464466
629,6.29,-0.12442689823916313,-2.6840437186191664
630,6.3,-0.11203438072643276,-2.6830830970452015
631,6.3100000000000005,-0.0871564450517122,-2.684673049337291
632,6.32,-0.058391848324734756,-2.686312053816687
633,6.33,-0.04490727459462401,-2.6861137750445008
634,6.34,-0.022948918386037527,-2.685091626426991
635,6.3500000000000005,-0.004200288609122237,-2.6876368372266324
636,6.36,0.012453222957356895,-2.686973608373412
637,6.37,0.03182164407306966,-2.6866498630028848
638,6.38,0.0569181484990967,-2.6846160772936187
639,6.390000000000001,0.07876432397631154,-2.6835945438681876
640,6.4,0.1042929828463216,-2.684355268661524
641,6.41,0.12304101307834746,-2.6818781788998494
642,6.42,0.13308711253276345,-2.6842220226352107
643,6.43,0.16915643478620287,-2.6795783515080838
644,6.44,0.17684116682787873,-2.6806057914763883
645,6.45,0.19392185978797508,-2.678964343222369
646,6.46,0.2191161690981843,-2.6775173159784607
647,6.47,0.23156957469798184,-2.6758708382955176
648,6.48,0.2524296308645973,-2.676982055819681
649,6.49,0.2754483881812985,-2.6710552689034084
650,6.5,0.2875274077793184,-2.666830330373499
651,6.51,0.31422958452837524,-2.6663285140575246
652,6.5200000000000005,0.3320418818369134,-2.6648441010554533
653,6.53,0.3423690916752828,-2.6611634473530144
654,6.54,0.364668482878836,-2.6597363864591177
655,6.55,0.38420311208271646,-2.655135524276739
656,6.5600000000000005,0.40397322136906527,-2.6512990994982393
657,6.57,0.41434329027338923,-2.6497170958493013
658,6.58,0.43758586062089333,-2.644800452054041
659,6.59,0.4511225564208065,-2.642879990847595
660,6.6000000000000005,0.4688486672325465,-2.6411763664013423
661,6.61,0.4832808284023558,-2.6358532600055145
662,6.62,0.49410069739194035,-2.634162715817904
663,6.63,0.5092545909405616,-2.627666371746896
664,6.640000000000001,0.5282298697311251,-2.625521169509252
665,6.65,0.5522077304640565,-2.6199897343692005
666,6.66,0.5529253569518989,-2.619091848768901
667,6.67,0.5728983531849268,-2.614200404677917
668,6.68,0.5835713685595884,-2.608735827379313
669,6.69,0.5958427162048909,-2.605721412726134
670,6.7,0.6177151412283051,-2.6009308145489745
671,6.71,0.6365757055248555,-2.599421949201421
672,6.72,0.6420123710700876,-2.5908845621990504
673,6.73,0.659938341350818,-2.588161996892656
674,6.74,0.6684075909014884,-2.581355094276842
675,6.75,0.6784693985048283,-2.578351679880383
676,6.76,0.6908635504471737,-2.5729197279954223
677,6.7700000000000005,0.6995740030612195,-2.5706370577248805
678,6.78,0.7113991523823413,-2.5623200530158874
679,6.79,0.7265241679648975,-2.55914531546568
680,6.8,0.7344992037664587,-2.5527049922721625
681,6.8100000000000005,0.7507920965263478,-2.548283362804935
682,6.82,0.7576381768407511,-2.5454442702815987
683,6.83,0.7646210541140006,-2.5379336658444798
684,6.84,0.782450232211743,-2.5329744592819705
685,6.8500000000000005,0.7924256567890138,-2.527626669449266
686,6.86,0.79837535508781,-2.5246797822159293
687,6.87,0.806895207594707,-2.521010721361993
688,6.88,0.815949901453948,-2.5147856749335693
689,6.890000000000001,0.8308397742875164,-2.5069907413253123
690,6.9,0.8416013228671971,-2.5044593098315953
691,6.91,0.8459277562172017,-2.500356597468977
692,6.92,0.8485557532095385,-2.4929325268716136
693,6.93,0.8656048352381218,-2.4907026104953847
694,6.94,0.8708051084263363,-2.484675340138654
695,6.95,0.8808539539262171,-2.481689260093898
696,6.96,0.8948943720628751,-2.4730564805378483
697,6.97,0.8963228475759981,-2.469370223920233
698,6.98,0.9010284468726679,-2.464075693849767
699,6.99,0.9202590646276759,-2.4606660874860258
700,7.0,0.9215551366518253,-2.455634873987921
701,7.01,0.928111847355841,-2.4448976739406554
702,7.0200000000000005,0.9354736388868402,-2.4402160268982476
703,7.03,0.9403904191594777,-2.437804556326474
704,7.04,0.9503566386708289,-2.4350289716956532
705,7.05,0.9537078251626251,-2.429625631280665
706,7.0600000000000005,0.9641403589166634,-2.427159149061218
707,7.07,0.9712582219590227,-2.4195561319504417
708,7.08,0.975724459831614,-2.4132032151422154
709,7.09,0.9856493622943798,-2.4076121146837925
710,7.1000000000000005,0.9870132207317188,-2.40256596766206
711,7.11,0.9930194807562123,-2.3994409437570954
712,7.12,0.9944585685045095,-2.3945735449079573
713,7.13,1.0036973064105914,-2.3897200198549697
714,7.140000000000001,1.0085615458356307,-2.384196899531847
715,7.15,1.009108587017017,-2.3789279151373064
716,7.16,1.018526699006939,-2.3738956222766476
717,7.17,1.0231723788322804,-2.365696204181288
718,7.18,1.0287983279175381,-2.3659690432687634
719,7.19,1.034222214330584,-2.3560231395010747
720,7.2,1.0388355706752845,-2.3561785208253685
721,7.21,1.051783810771356,-2.351734461093092
722,7.22,1.0547639912348874,-2.3456249359139187
723,7.23,1.0586297483102747,-2.3395776564029194
724,7.24,1.062251421943612,-2.336276880188743
725,7.25,1.065475187309406,-2.3352474789349182
726,7.26,1.0749056381345639,-2.3267153936698466
727,7.2700000000000005,1.0698336602140717,-2.3233243006783546
728,7.28,1.0793270270482502,-2.3203074443579323
729,7.29,1.0886001001807715,-2.313151640311296
730,7.3,1.0861680000765612,-2.310282533729793
731,7.3100000000000005,1.088921016563526,-2.303891724756816
732,7.32,1.0951057630127194,-2.302212365929911
733,7.33,1.094731041542629,-2.292477483241986
734,7.34,1.1052846091066533,-2.2902433253549326
735,7.3500000000000005,1.112194125941479,-2.2857450504450516
736,7.36,1.1208920910706188,-2.281645898193758
737,7.37,1.1088119506826897,-2.2787271269738416
738,7.38,1.1127911085891566,-2.27465807313565
739,7.390000000000001,1.1231754393199231,-2.2668298897955643
740,7.4,1.1219885527351399,-2.260260091007744
741,7.41,1.1326150603338203,-2.258752265576912
742,7.42,1.1403024312550563,-2.260381975855713
743,7.43,1.1449118875526738,-2.251726108710582
744,7.44,1.1378193300759485,-2.2472913207567635
745,7.45,1.1426500051968524,-2.2446020469894887
746,7.46,1.1503440397493079,-2.2389867350079427
747,7.47,1.150580480262842,-2.239407042514012
748,7.48,1.1576744698167123,-2.2315124417791203
749,7.49,1.1575151190149018,-2.2283121617202974
750,7.5,1.160699220981704,-2.2232372620921366
751,7.51,1.1527858822571293,-2.220989144339407
752,7.5200000000000005,1.1674380566846205,-2.217857278197681
753,7.53,1.1597252606025483,-2.2124175703593614
754,7.54,1.1675932408047789,-2.2095184771805805
755,7.55,1.1803064756490973,-2.2074736708829983
756,7.5600000000000005,1.176668831906527,-2.2020297901855774
757,7.57,1.1821764373693868,-2.1958196227216615
758,7.58,1.1852066129171703,-2.1927430260661596
759,7.59,1.1881716322030142,-2.1879202891071676
760,7.6000000000000005,1.1835534861143253,-2.1870394152852852
761,7.61,1.188024542031875,-2.181286360955488
762,7.62,1.194287394104003,-2.1790923121967114
763,7.63,1.1983335399372874,-2.176257243010412
764,7.640000000000001,1.2026708665672676,-2.171701295898569
765,7.65,1.19944657316429,-2.1674454193025716
766,7.66,1.201779143959572,-2.167008986685937
767,7.67,1.203500609423927,-2.1621123909951945
768,7.68,1.21130074934231,-2.1548293885992957
769,7.69,1.2125471259779068,-2.1546317985369177
770,7.7,1.21049554817812,-2.1505749199713335
771,7.71,1.2113820232897305,-2.1463128577506856
772,7.72,1.2169915445088222,-2.145177178642099
773,7.73,1.2166965886876548,-2.1394817934897308
774,7.74,1.2227244451996113,-2.135461611712861
775,7.75,1.2206640446733077,-2.133048541685097
776,7.76,1.228482768070478,-2.1291755646960318
777,7.7700000000000005,1.2308823272503782,-2.1259469334756624
778,7.78,1.231959154085339,-2.1215167538370068
779,7.79,1.227698849213862,-2.1224428933417814
780,7.8,1.2352463656438406,-2.1146719733356547
781,7.8100000000000005,1.2382668559779528,-2.1145142514752107
782,7.82,1.236610586973909,-2.108908112225968
783,7.83,1.2510512031042282,-2.108035732850215
784,7.84,1.245386349284625,-2.105558375833124
785,7.8500000000000005,1.2413767759166123,-2.101599853040807
786,7.86,1.2413850700673226,-2.09730347259577
787,7.87,1.2478374804999957,-2.0926509333217433
788,7.88,1.2483259325723717,-2.092682851437422
789,7.890000000000001,1.2483567305336267,-2.090355474734763
790,7.9,1.2488808941654064,-2.0833828716968084
791,7.91,1.2552929849346792,-2.0823569147611947
792,7.92,1.257880147111656,-2.077431712036002
793,7.930000000000001,1.2620067435092206,-2.0775961164380847
794,7.94,1.2569837483252773,-2.072144036473249
795,7.95,1.2644047448787743,-2.069273750051953
796,7.96,1.269215830954059,-2.068543963709087
797,7.97,1.267458157214431,-2.0658241169020024
798,7.98,1.2709764259683143,-2.0622064818916357
799,7.99,1.2666423752905371,-2.0573957452726956
800,8.0,1.269146194653719,-2.0547242827590715
801,8.01,1.2683579033711465,-2.0534601007922135
802,8.02,1.2691643726290855,-2.0501371813617815
803,8.03,1.2739903935133678,-2.0475859888818144
804,8.040000000000001,1.2766686042911624,-2.0421028561100774
805,8.05,1.2683417624865485,-2.042131931067702
806,8.06,1.27868210477559,-2.039049469217811
807,8.07,1.2789112557435185,-2.0374784034093274
808,8.08,1.2821995321923347,-2.034097780420205
809,8.09,1.2846198883728084,-2.0284994517509563
810,8.1,1.2805235928521215,-2.0299229107119072
811,8.11,1.2927157722559097,-2.0236944463515494
812,8.120000000000001,1.288075221430938,-2.0242720792214843
813,8.13,1.2909385333806886,-2.0176912742839823
814,8.14,1.2886991033641317,-2.017646409723127
815,8.15,1.289896682081924,-2.0173191107854054
816,8.16,1.2936404265219834,-2.0156727884040273
817,8.17,1.3016381143907743,-2.0095302333035483
818,8.18,1.2953187395466617,-2.0083060441632608
819,8.19,1.3027884017600448,-2.0041128305396496
820,8.2,1.2952163981265297,-2.0040532515075853
821,8.21,1.296994396160258,-2.0020881273097633
822,8.22,1.3032107188232722,-1.994730013384067
823,8.23,1.3026252751369203,-1.9944451474036566
824,8.24,1.3013857396949409,-1.9951582672774746
825,8.25,1.3043981933445492,-1.990400662354111
826,8.26,1.3007134189816512,-1.987642397170885
827,8.27,1.3066411121060832,-1.986575327915424
828,8.28,1.3072681991285955,-1.9824439776986238
829,8.290000000000001,1.3174417326203902,-1.980494094352135
830,8.3,1.30770250439418,-1.974142072142268
831,8.31,1.313244907243369,-1.9742490966662878
832,8.32,1.3122787571693533,-1.9727577978058755
833,8.33,1.3097106790200155,-1.9721054755189702
834,8.34,1.3117942829971732,-1.9696873955793865
835,8.35,1.3111903358200032,-1.9657978574745005
836,8.36,1.308157585266981,-1.9651356694353483
837,8.370000000000001,1.31606788093722,-1.9619379621357733
838,8.38,1.3167389681662602,-1.9600933419095374
839,8.39,1.3159343137991941,-1.9588438019359002
840,8.4,1.3223414189800708,-1.954100409695667
841,8.41,1.3191557646628924,-1.9505774063929575
842,8.42,1.3176595033648415,-1.9517340047028227
843,8.43,1.3223068428872082,-1.951745999526308
844,8.44,1.3295109927256796,-1.9431728096300924
845,8.45,1.3229790989475783,-1.9441158121482196
846,8.46,1.3319337853142554,-1.9397628682872867
847,8.47,1.323252477757066,-1.940210881941431
848,8.48,1.3278688623879158,-1.9361793096601176
849,8.49,1.3232772651324785,-1.9354614618948238
850,8.5,1.3334523246693166,-1.9333699041621577
851,8.51,1.3317769530382928,-1.9318107782995135
852,8.52,1.3280915640550695,-1.925576982109938
853,8.53,1.3322215657616274,-1.9269373097772264
854,8.540000000000001,1.3326988314063681,-1.9258033606902862
855,8.55,1.335698010130217,-1.9233690112101565
856,8.56,1.3445515281812686,-1.9207768313150289
857,8.57,1.332344974201065,-1.9214633012688696
858,8.58,1.335815322963283,-1.9148588540095324
859,8.59,1.3377563736978,-1.9169491634803697
860,8.6,1.34205759463775,-1.9138029433043393
861,8.61,1.3395932806226363,-1.9125197335850712
862,8.620000000000001,1.3480241831677209,-1.9127609541487842
863,8.63,1.3359671797178216,-1.9075625457033059
864,8.64,1.3386497703438773,-1.9068557201733063
865,8.65,1.34203371787396,-1.905638667439613
866,8.66,1.3422055987299697,-1.8990460506568305
867,8.67,1.3412530519808703,-1.9002654447219152
868,8.68,1.3445276555730392,-1.897169416982742
869,8.69,1.3433942234721101,-1.8987275628762104
870,8.700000000000001,1.3457310087249146,-1.8932367593620791
871,8.71,1.3423355106322818,-1.892187810361811
872,8.72,1.3458229829151624,-1.891057347223466
873,8.73,1.345632851588708,-1.8875677438135472
874,8.74,1.3467167650855096,-1.885034084997246
875,8.75,1.3463568345495245,-1.8833090632772453
876,8.76,1.3537539211424383,-1.8833527075862502
877,8.77,1.358408249816845,-1.8823850859079305
878,8.78,1.3493827224113686,-1.8780558016355227
879,8.790000000000001,1.3470632076582794,-1.8759887209612724
880,8.8,1.356373343327897,-1.872226831869172
881,8.81,1.3555898521394385,-1.8731193785072082
882,8.82,1.35687721804475,-1.8731176164859393
883,8.83,1.35568325007894,-1.8689729592768274
884,8.84,1.3549238324949984,-1.8699163356603525
885,8.85,1.365130246398555,-1.8651683796865146
886,8.86,1.3569961053203383,-1.8641507489170428
887,8.870000000000001,1.355225062886744,-1.8648832762133587
888,8.88,1.35863111677447,-1.8606043432315853
889,8.89,1.3591544040176569,-1.8601222243530298
890,8.9,1.3662013255656507,-1.8576509218409483
891,8.91,1.3642221672837265,-1.8586832334307717
892,8.92,1.3594073032210594,-1.8557361460432045
893,8.93,1.3597046121285323,-1.8528134708711366
894,8.94,1.36722285138106,-1.849347679070379
895,8.950000000000001,1.363736549814528,-1.8501097187785525
896,8.96,1.3632918565283816,-1.8439240112302224
897,8.97,1.3721269299678793,-1.8441217585446796
898,8.98,1.3620582874838891,-1.8450520759677005
899,8.99,1.3707315340776602,-1.8416394411378882
900,9.0,1.367452910534075,-1.839827256727841
901,9.01,1.3678859469430078,-1.8385326601425434
902,9.02,1.3729620160257494,-1.8361098965382199
903,9.03,1.3677029692737386,-1.837756771906548
904,9.040000000000001,1.3668282662392006,-1.8360339153944838
905,9.05,1.366452596193582,-1.8333101074312195
906,9.06,1.3768854969941022,-1.832000717804006
907,9.07,1.3743020040282443,-1.8279482748566704
908,9.08,1.3772035414003474,-1.827820742491955
909,9.09,1.3662028172107086,-1.8262323531618765
910,9.1,1.3727932828165568,-1.8250755871894204
911,9.11,1.3732741905051897,-1.8185025176532137
912,9.120000000000001,1.3794618869080408,-1.8228474443268363
913,9.13,1.3720279256737344,-1.8243627281487451
914,9.14,1.3761540624808248,-1.8176412017431296
915,9.15,1.3772655789933625,-1.816957068747363
916,9.16,1.378485189807918,-1.8167615091030422
917,9.17,1.3782533801681263,-1.8123581379129026
918,9.18,1.383634821757379,-1.8121806561772869
919,9.19,1.3805806386513757,-1.8130558239076413
920,9.200000000000001,1.374141307126125,-1.8113362872135927
921,9.21,1.373157747499598,-1.8070364712429074
922,9.22,1.3849634289872823,-1.8065723302449854
923,9.23,1.3725701162198503,-1.8026389430201637
924,9.24,1.3800473344437376,-1.8038729168655447
925,9.25,1.3804831711167656,-1.8003874812591039
926,9.26,1.3754556326400895,-1.800487860811886
927,9.27,1.3784585425945841,-1.7996837314473404
928,9.28,1.3782681196282929,-1.7998964486612823
929,9.290000000000001,1.3774730172891405,-1.7978747765630354
930,9.3,1.3843207683646304,-1.795160052851436
931,9.31,1.384795689612657,-1.7923757487206469
932,9.32,1.3894148978647272,-1.7948787481506696
933,9.33,1.3904282701536166,-1.7931755245228493
934,9.34,1.3846132134482334,-1.7914404936596693
935,9.35,1.3853247935428008,-1.7854008552757143
936,9.36,1.3843152570468884,-1.7864418645463713
937,9.370000000000001,1.3784873489694653,-1.788131732705183
938,9.38,1.3879465038326346,-1.7840584373195698
939,9.39,1.3847733583352002,-1.7832393984234152
940,9.4,1.386666749855969,-1.77938067678578
941,9.41,1.3916527509672356,-1.781566956803201
942,9.42,1.3957474809091361,-1.7797039548733289
943,9.43,1.3896481633018951,-1.778247196251866
944,9.44,1.3892785357456736,-1.7774533321862551
945,9.450000000000001,1.3848842583467476,-1.7742209178993507
946,9.46,1.38862967605851,-1.7753121159386775
947,9.47,1.3888983400726185,-1.7742314187910753
948,9.48,1.3923432671948546,-1.774226308998078
949,9.49,1.3900220044135996,-1.7708043319096627
950,9.5,1.3908429734945336,-1.7686545404048388
951,9.51,1.3894971595117809,-1.7718566107877665
952,9.52,1.3850001193328119,-1.7650742696345036
953,9.53,1.3903376475444127,-1.7640335679337669
954,9.540000000000001,1.3842773513722308,-1.7636207536241781
955,9.55,1.3929188315643606,-1.7618207619327333
956,9.56,1.3904044029011473,-1.7623583480507101
957,9.57,1.392286643922189,-1.7626559313691832
958,9.58,1.3865954539467016,-1.7583364841488598
959,9.59,1.3843034271776626,-1.7565005906880784
960,9.6,1.3905860125442802,-1.7580197347240722
961,9.61,1.3876726553304048,-1.7596459160979914
962,9.620000000000001,1.3897114195821103,-1.7545450254936825
963,9.63,1.3926574645287912,-1.7512501468258777
964,9.64,1.3948894170943997,-1.7504192525261415
965,9.65,1.3957843365591833,-1.7489964723675686
966,9.66,1.3977225004355094,-1.7509711906646122
967,9.67,1.397316933123168,-1.7453104112715507
968,9.68,1.3933302774823944,-1.7477764012942287
969,9.69,1.392643759530339,-1.7449156669893802
970,9.700000000000001,1.3932129966702191,-1.743733250098576
971,9.71,1.3903405029967808,-1.742129542860041
972,9.72,1.39613636904311,-1.7441663852167153
973,9.73,1.3958780953583083,-1.7393557397647283
974,9.74,1.3924883694472747,-1.7408003691781526
975,9.75,1.3937802065857983,-1.7397114369634514
976,9.76,1.3946656368360228,-1.736496804970017
977,9.77,1.3921921771980412,-1.7357428060168865
978,9.78,1.3963164534367674,-1.7350916317031553
979,9.790000000000001,1.3978362289263557,-1.7352802194578263
980,9.8,1.39741289440646,-1.7346286227989829
981,9.81,1.3999544921551288,-1.7303146430101237
982,9.82,1.395647292252518,-1.7332207845740721
983,9.83,1.3934197351988091,-1.7319232106617992
984,9.84,1.4018442971608882,-1.727285797429391
985,9.85,1.3990214271071795,-1.727924516099101
986,9.86,1.39986515015402,-1.7287494283423055
987,9.870000000000001,1.3952868006306085,-1.7253733511672764
988,9.88,1.3947947895986121,-1.7229042202219762
989,9.89,1.3959417403054897,-1.7237419628453343
990,9.9,1.3950160776844311,-1.7245022524795488
991,9.91,1.3938894492714924,-1.721785507231429
992,9.92,1.3940513988376968,-1.7190248605885237
993,9.93,1.3956093464055705,-1.722642132584903
994,9.94,1.397262402507955,-1.7179812737442703
995,9.950000000000001,1.3931832288395545,-1.7202212405308395
996,9.96,1.3927218240046373,-1.7182804721833915
997,9.97,1.3978565037162844,-1.715791813344059
998,9.98,1.4000954898700388,-1.7145693310147656
999,9.99,1.3965664904489918,-1.7129379356591319
1000,10.0,1.3922037532226508,-1.712021381608019
1001,10.01,1.4025005848241794,-1.7123912043581875
1002,10.02,1.4031675592761035,-1.7095654526882436
1003,10.03,1.3990732543235664,-1.7114492074038337
1004,10.040000000000001,1.3889509614865325,-1.7096910516921073
1005,10.05,1.4052266477685584,-1.7098367475752374
1006,10.06,1.4021528429504637,-1.7084679492233137
1007,10.07,1.3956413962560146,-1.7042763538774848
1008,10.08,1.3996506681101104,-1.7031844462717889
1009,10.09,1.3972719586399995,-1.7036238969022834
1010,10.1,1.3967697295744337,-1.7060473044326714
1011,10.11,1.3979721933375782,-1.700823167299489
1012,10.120000000000001,1.3990575456462209,-1.6990351047418477
1013,10.13,1.3967371672477287,-1.700311150813303
1014,10.14,1.4017569026988406,-1.6996216780239157
1015,10.15,1.3966116258309176,-1.6966644388174448
1016,10.16,1.403621822185603,-1.6953117541366651
1017,10.17,1.3947035636481748,-1.6951223765141314
1018,10.18,1.3953644406531518,-1.6952680872901735
1019,10.19,1.3978914533698583,-1.691390892278972
1020,10.200000000000001,1.3951589837323304,-1.6931405550799474
1021,10.21,1.4054222046954026,-1.6934698206731966
1022,10.22,1.3983959823075047,-1.6903200994574432
1023,10.23,1.3975892985812222,-1.690732702179426
1024,10.24,1.3975729485907649,-1.6877792235888982
1025,10.25,1.3997231546597644,-1.689400179269809
1026,10.26,1.4021022483417014,-1.6879704615485467
1027,10.27,1.399307080967779,-1.6869430661447626
1028,10.28,1.4034480556896967,-1.684419514651942
1029,10.290000000000001,1.4013266952148618,-1.68397377946318
1030,10.3,1.3983130099392371,-1.686004803580403
1031,10.31,1.398234136987756,-1.6840972988796816
1032,10.32,1.3984857902052115,-1.680723934170499
1033,10.33,1.3987489858279218,-1.680251264045777
1034,10.34,1.3986837778168308,-1.6789183346307737
1035,10.35,1.399285602627819,-1.6788212256390573
1036,10.36,1.396528276306458,-1.6792635749843123
1037,10.370000000000001,1.4015158360228157,-1.6752433260661614
1038,10.38,1.4028562462250558,-1.6742120825584628
1039,10.39,1.4029807187364092,-1.6721124076610034
1040,10.4,1.3995579479986924,-1.672890165636696
1041,10.41,1.3952060178089147,-1.6706574866139903
1042,10.42,1.4017404473319062,-1.6703110120456055
1043,10.43,1.3951410817653367,-1.6721911510810945
1044,10.44,1.4040039021532738,-1.6673144875996833
1045,10.450000000000001,1.3972867270845546,-1.668576158291781
1046,10.46,1.3915667815357917,-1.6673241057360257
1047,10.47,1.4009096253587008,-1.6673214654041464
1048,10.48,1.400276512053114,-1.6642811236078696
1049,10.49,1.403288464744735,-1.6632957358580387
1050,10.5,1.40258177657623,-1.6649511571868183
1051,10.51,1.396752953062616,-1.6612002361686018
1052,10.52,1.4036088549559522,-1.660803623108784
1053,10.53,1.3939790746051546,-1.6615094616940043
1054,10.540000000000001,1.3980350977012814,-1.6607742894453268
1055,10.55,1.3977216207947458,-1.658856633689985
1056,10.56,1.4014752000195885,-1.6561136829871201
1057,10.57,1.3978691613249437,-1.6557649431699144
1058,10.58,1.4027808148581282,-1.6518953845040427
1059,10.59,1.4015647255300945,-1.6511030209686153
1060,10.6,1.3988812290646642,-1.6542582921314346
1061,10.61,1.4011628636837197,-1.6515134768869193
1062,10.620000000000001,1.3985929917685358,-1.650100006059788
1063,10.63,1.3998124861796386,-1.647707594517037
1064,10.64,1.407490897071068,-1.645246275537377
1065,10.65,1.4003212951037867,-1.6478301370580533
1066,10.66,1.4073625310080284,-1.6457927824644274
1067,10.67,1.3960949236997255,-1.647378601407949
1068,10.68,1.3968228101518958,-1.6417461535277298
1069,10.69,1.3911724094086453,-1.6439590169090128
1070,10.700000000000001,1.4019152029932929,-1.645661478028282
1071,10.71,1.4076515833623406,-1.6418139780430552
1072,10.72,1.4029230040499003,-1.639658304491217
1073,10.73,1.403399120234965,-1.6385132663572495
1074,10.74,1.398738924437432,-1.637076564088167
1075,10.75,1.4018123145452246,-1.6353398646784545
1076,10.76,1.404963744095219,-1.6375459237540362
1077,10.77,1.4003999963451583,-1.6348197195602983
1078,10.78,1.3994576986863878,-1.633394737889335
1079,10.790000000000001,1.4022786966062633,-1.6343342238455096
1080,10.8,1.4039347161831368,-1.6303611875090194
1081,10.81,1.3991988110191942,-1.630036068950287
1082,10.82,1.4066117913657066,-1.6294692027690632
1083,10.83,1.4022730925890587,-1.6291829937821332
1084,10.84,1.4005468895027657,-1.6282431555478214
1085,10.85,1.4061572462994025,-1.62587112091353
1086,10.86,1.397890962547946,-1.6274641222589652
1087,10.870000000000001,1.4067742008778503,-1.6244513655690105
1088,10.88,1.4037025178641462,-1.6208223655311536
1089,10.89,1.4009358230854705,-1.6221496017860593
1090,10.9,1.403450853960373,-1.6203400626557944
1091,10.91,1.4048945502915169,-1.621190959346882
1092,10.92,1.3993281975966556,-1.6190032234442109
1093,10.93,1.4028271658954543,-1.618019003642283
1094,10.94,1.404452269012797,-1.6165537592227377
1095,10.950000000000001,1.4034090102532502,-1.6191849836190266
1096,10.96,1.4058503170092171,-1.6157024168950367
1097,10.97,1.408237380808593,-1.6146134853826373
1098,10.98,1.404952333320513,-1.612843075859538
1099,10.99,1.4028002912601603,-1.6119359811479532
1100,11.0,1.4078759659703544,-1.6107776949496604
1101,11.01,1.4056283780795658,-1.6127765464788681
1102,11.02,1.4049334177679313,-1.6110080434119902
1103,11.03,1.401556304516335,-1.6091335310045405
1104,11.040000000000001,1.4020565205422242,-1.6074272315075013
1105,11.05,1.4008459885933138,-1.6068097351347053
1106,11.06,1.4052834410265336,-1.6078203773408202
1107,11.07,1.409768411399477,-1.60187911972459
1108,11.08,1.4074878954554997,-1.6038235970664338
1109,11.09,1.4017895374182996,-1.6039808061833645
1110,11.1,1.4060208127085134,-1.6027091244880387
1111,11.11,1.4149428580130712,-1.5995479260797538
1112,11.120000000000001,1.4092048589805783,-1.5985482364276182
1113,11.13,1.4123473654225227,-1.5985183626903756
1114,11.14,1.4071186655671934,-1.598841339911537
1115,11.15,1.4080625077624596,-1.5959032718752295
1116,11.16,1.403832419760854,-1.5963314138955316
1117,11.17,1.4092243105559261,-1.5956480261795685
1118,11.18,1.4135109164903665,-1.5929293922696817
1119,11.19,1.4097899538369916,-1.5920725822733914
1120,11.200000000000001,1.411533025071112,-1.5891125232254988
1121,11.21,1.4050852700719891,-1.5888117560766608
1122,11.22,1.4022313709191465,-1.586091483852755
1123,11.23,1.406982468167128,-1.5890859067538237
1124,11.24,1.4082792803123443,-1.5859240914775128
1125,11.25,1.4121707327329904,-1.5856513854943914
1126,11.26,1.406493200283349,-1.585554285460621
1127,11.27,1.4116026575276577,-1.584794112482775
1128,11.28,1.3926911409110319,-1.5817574004967312
1129,11.290000000000001,1.4125065706909183,-1.58229744021981
1130,11.3,1.4061979498553485,-1.5794084358504326
1131,11.31,1.4203563945509508,-1.5804374000498638
1132,11.32,1.4090013166013908,-1.5802170508602158
1133,11.33,1.404876540755358,-1.5771608532244366
1134,11.34,1.4088586868232034,-1.576142780320752
1135,11.35,1.4066515263128065,-1.5772497550146063
1136,11.36,1.3958382424235198,-1.576630318329395
1137,11.370000000000001,1.4119581301155735,-1.5770561659768403
1138,11.38,1.4070278556213447,-1.573711810533798
1139,11.39,1.4109116691025463,-1.573213944040057
1140,11.4,1.4110877876003403,-1.5685690915030905
1141,11.41,1.4072850351334807,-1.570122737165258
1142,11.42,1.409825504770262,-1.5696818275502606
1143,11.43,1.4082720727398832,-1.5687264773025915
1144,11.44,1.4055840699751077,-1.564231870131356
1145,11.450000000000001,1.4056825783157278,-1.5680143179230694
1146,11.46,1.4143990880267618,-1.5640207689106198
1147,11.47,1.4137247507672408,-1.566077816689332
1148,11.48,1.4137641183913225,-1.5622297869329274
1149,11.49,1.4046305238551076,-1.5611884756683163
1150,11.5,1.404002007786209,-1.5606106176256858
1151,11.51,1.4108007162152199,-1.5604778551570444
1152,11.52,1.404706321634349,-1.5594689491266656
1153,11.53,1.4046424824841284,-1.5592648683029142
1154,11.540000000000001,1.4125341614537366,-1.5582204499914636
1155,11.55,1.4110970063778214,-1.5561100073997287
1156,11.56,1.410844152480843,-1.554928020799554
1157,11.57,1.410803827852828,-1.5546403877476918
1158,11.58,1.4023368365704156,-1.5566763219083635
1159,11.59,1.4055486681772331,-1.5524397696291892
1160,11.6,1.4089726268810079,-1.5522214067489157
1161,11.61,1.4069543846240884,-1.5502204266555335
1162,11.620000000000001,1.4046359442773362,-1.5495299026888294
1163,11.63,1.4104309990999502,-1.5462339889702126
1164,11.64,1.4106209492142763,-1.5507896940377537
1165,11.65,1.4112534511225034,-1.5459286788143791
1166,11.66,1.4110911456325153,-1.5473816826203954
1167,11.67,1.4077220864463535,-1.5460056641865705
1168,11.68,1.4022519123560835,-1.5435594916455182
1169,11.69,1.4025142673139084,-1.5427523513003834
1170,11.700000000000001,1.4043866788473511,-1.5392583643959405
1171,11.71,1.4022339309268914,-1.5399188116190694
1172,11.72,1.4028214322790948,-1.5380631201771562
1173,11.73,1.409090987586431,-1.5393437407410298
1174,11.74,1.404906481462464,-1.5377584364165362
1175,11.75,1.4064686841836191,-1.5389783806013502
1176,11.76,1.4082989343697994,-1.5360815075373855
1177,11.77,1.4114529416003538,-1.5340344224963502
1178,11.78,1.4026258452384421,-1.536045009495481
1179,11.790000000000001,1.4101614511621654,-1.5350648593915568
1180,11.8,1.4147587598159481,-1.5321740849267789
1181,11.81,1.4085178219853394,-1.5286190595269444
1182,11.82,1.4049731944878878,-1.5297792305112423
1183,11.83,1.4102422583859826,-1.5301145146640862
1184,11.84,1.410932426200687,-1.527713935177258
1185,11.85,1.4048055291308752,-1.526577449265263
1186,11.86,1.4026261209811721,-1.52466516801497
1187,11.870000000000001,1.4039422749091557,-1.5261557161037338
1188,11.88,1.40528691775448,-1.5267860717668054
1189,11.89,1.4080018912773808,-1.522811990595253
1190,11.9,1.4057976197058923,-1.5221079362292245
1191,11.91,1.402748431154397,-1.5223125966625177
1192,11.92,1.4005036237621729,-1.5183463120208478
1193,11.93,1.407364973812145,-1.5177537949174322
1194,11.94,1.404159965717485,-1.5177526210241943
1195,11.950000000000001,1.4033037999976135,-1.5197903397276278
1196,11.96,1.4059285281725453,-1.5156156432854457
1197,11.97,1.4042947805878225,-1.5167189638525718
1198,11.98,1.407020791600346,-1.5119896674206412
1199,11.99,1.3991058463717172,-1.5101347061576957
1200,12.0,1.4029360982611792,-1.5092264443913868
1201,12.01,1.411309984992546,-1.5087068408691064
1202,12.02,1.4067486476588267,-1.5097657011604282
1203,12.030000000000001,1.40742954619637,-1.5102638464431026
1204,12.040000000000001,1.4054774555221228,-1.5093593364645186
1205,12.05,1.4107477013470626,-1.5047719122027239
1206,12.06,1.404910324996187,-1.502877536045211
1207,12.07,1.4022055561678297,-1.5069026281090427
1208,12.08,1.4054116797643865,-1.5046350684920071
1209,12.09,1.4042302570771898,-1.5051967235824115
1210,12.1,1.4066270446287403,-1.4985377851312303
1211,12.11,1.3975299346475427,-1.502393417970652
1212,12.120000000000001,1.398585168256657,-1.500114302561846
1213,12.13,1.400083543316519,-1.4987825015059915
1214,12.14,1.397937149549144,-1.4958059417361125
1215,12.15,1.4065019610313854,-1.4951508707036882
1216,12.16,1.397633376807165,-1.4954431643485935
1217,12.17,1.4009465134814059,-1.494112134704209
1218,12.18,1.3998850530796212,-1.4933202097716756
1219,12.19,1.4012941137194277,-1.4902959301951908
1220,12.200000000000001,1.4026246034511258,-1.4930341714746413
1221,12.21,1.3990303022372406,-1.4915341670813145
1222,12.22,1.3989535376362343,-1.4912507110915547
1223,12.23,1.3993807902670423,-1.4879609425308389
1224,12.24,1.400863959278298,-1.48550219271892
1225,12.25,1.4044732117367233,-1.4872718717122821
1226,12.26,1.397717357715431,-1.4841141427386282
1227,12.27,1.39910873271693,-1.4825483146724439
1228,12.280000000000001,1.4038486082977302,-1.485883083987279
1229,12.290000000000001,1.4058621827401507,-1.4805269452115994
1230,12.3,1.4040119431971576,-1.4792014871573655
1231,12.31,1.39695946219561,-1.4822169259791353
1232,12.32,1.4014734240353182,-1.4786048316383529
1233,12.33,1.3981154188391307,-1.4815422057481282
1234,12.34,1.3961305652167004,-1.4763928435982123
1235,12.35,1.4015026528193335,-1.476845331967778
1236,12.36,1.4031661607354908,-1.472857385020183
1237,12.370000000000001,1.4029163549643295,-1.4719812974329343
1238,12.38,1.398045696654782,-1.472501628144244
1239,12.39,1.396835387516351,-1.4726778485735026
1240,12.4,1.3987434601219395,-1.470519426787773
1241,12.41,1.3976929801845157,-1.469044283183535
1242,12.42,1.398407321596424,-1.468598047600569
1243,12.43,1.4040938484658303,-1.4671881880230289
1244,12.44,1.3977557925075434,-1.4639637154474296
1245,12.450000000000001,1.3988544979846937,-1.4643979743805684
1246,12.46,1.3988290630605702,-1.463834016601303
1247,12.47,1.394514792657559,-1.4636968404458812
1248,12.48,1.3998450054295764,-1.4614649791124337
1249,12.49,1.397415583712924,-1.4620746910592806
1250,12.5,1.3935660964877445,-1.4594226694244194
1251,12.51,1.4033915492934346,-1.4564449632209058
1252,12.52,1.4046042536082055,-1.4572069596212929
1253,12.530000000000001,1.3969859253899466,-1.4579258583667145
1254,12.540000000000001,1.3932364290359898,-1.4539859529571535
1255,12.55,1.3971674109856083,-1.4538405351296486
1256,12.56,1.3979034742834955,-1.4521081408476106
1257,12.57,1.396093155285553,-1.4532782802227915
1258,12.58,1.3897254072446803,-1.44938196347392
1259,12.59,1.3952830895059003,-1.4482574315121686
1260,12.6,1.4007784691706038,-1.4485457350119009
1261,12.61,1.3937293126049055,-1.4469354144049589
1262,12.620000000000001,1.3912800413020903,-1.446531761552919
1263,12.63,1.3938482885503387,-1.4454393132236891
1264,12.64,1.4020070887897265,-1.4409649694269158
1265,12.65,1.393264659638191,-1.440216379095479
1266,12.66,1.3898250620786878,-1.4403345534656187
1267,12.67,1.3905614628689877,-1.444349283070045
1268,12.68,1.3915669906073922,-1.4403015252781661
1269,12.69,1.3942862993327336,-1.4380712130809152
1270,12.700000000000001,1.392072189274828,-1.4368443183429933
1271,12.71,1.395011729102054,-1.4382803975290575
1272,12.72,1.3994719495154528,-1.4357550442357363
1273,12.73,1.3838669548395013,-1.4362874286685394
1274,12.74,1.3893698748181624,-1.431899768404083
1275,12.75,1.3897268995383731,-1.4320753033481473
1276,12.76,1.4032576666197945,-1.4277998798939628
1277,12.77,1.3888788569878403,-1.4287341475445114
1278,12.780000000000001,1.39044486119856,-1.4307210766930392
1279,12.790000000000001,1.3884360809202632,-1.426286498905384
1280,12.8,1.3933891569341879,-1.421756737499809
1281,12.81,1.3852417296635842,-1.4220332932532898
1282,12.82,1.3983348362101864,-1.4229460849320659
1283,12.83,1.3886375238550805,-1.4238238734851134
1284,12.84,1.3954086988292622,-1.4199443470876894
1285,12.85,1.3894809125451364,-1.4162625614743027
1286,12.86,1.392647610578928,-1.4146763459941412
1287,12.870000000000001,1.385503040168779,-1.4170718867249597
1288,12.88,1.391722817788388,-1.416650052449806
1289,12.89,1.3897744420170348,-1.416392343603717
1290,12.9,1.3844779881675358,-1.4148190734819153
1291,12.91,1.3915485527212206,-1.4114940773988667
1292,12.92,1.3883979804726316,-1.410771895360021
1293,12.93,1.3901481374179718,-1.4096943964044324
1294,12.94,1.3814884948246375,-1.4079711480963348
1295,12.950000000000001,1.3814817868758678,-1.4083413597967873
1296,12.96,1.387073064241884,-1.405841839900771
1297,12.97,1.3910867764539534,-1.406217068714526
1298,12.98,1.3868149396110587,-1.4031589366682244
1299,12.99,1.3800825947308237,-1.4015911853503877
1300,13.0,1.3831416840066875,-1.4025777795419445
1301,13.01,1.3834602060415375,-1.4025614951240692
1302,13.02,1.3811196420578862,-1.4000977842899478
1303,13.030000000000001,1.38960871437757,-1.399772973002365
1304,13.040000000000001,1.3877910965764857,-1.3981805890480405
1305,13.05,1.384036912278351,-1.3948386003948143
1306,13.06,1.387004324975,-1.3918477693277673
1307,13.07,1.3875215480563838,-1.3931530486215322
1308,13.08,1.3873056533344943,-1.3900849181831496
1309,13.09,1.3874363723831207,-1.3902581687657223
1310,13.1,1.3857736968429297,-1.3879881128470333
1311,13.11,1.387262022810131,-1.3843889132097134
1312,13.120000000000001,1.3767359956478127,-1.385814675984702
1313,13.13,1.3822670066496525,-1.3844305177444811
1314,13.14,1.373771974222402,-1.3853517103113537
1315,13.15,1.382230647223339,-1.383042961551498
1316,13.16,1.370680540953695,-1.3786025964557798
1317,13.17,1.3781235395722564,-1.381379345293189
1318,13.18,1.3822738418493126,-1.3776824824085998
1319,13.19,1.3787565245857674,-1.379631633776366
1320,13.200000000000001,1.3788438481519982,-1.376195933374839
1321,13.21,1.3731727319157288,-1.373822169461165
1322,13.22,1.3710920189048048,-1.3745971191228008
1323,13.23,1.3708139661665708,-1.3715220796604388
1324,13.24,1.3740775599461637,-1.3717442068350623
1325,13.25,1.3751369780600917,-1.3681175367652456
1326,13.26,1.373123983058031,-1.3685734165927061
1327,13.27,1.3759813908341667,-1.371351650121411
1328,13.280000000000001,1.3741096245238813,-1.3626942633015704
1329,13.290000000000001,1.36764902772301,-1.362444541308177
1330,13.3,1.376814111691974,-1.3624347526727152
1331,13.31,1.375965807510963,-1.362181152149793
1332,13.32,1.3737416299755953,-1.3621919443565922
1333,13.33,1.3743742291561105,-1.3546211067749017
1334,13.34,1.3669392610197908,-1.3587972795925851
1335,13.35,1.3707170636546284,-1.3548870470267624
1336,13.36,1.3725539114851264,-1.3534243905776637
1337,13.370000000000001,1.3781898754442237,-1.35490511442138
1338,13.38,1.368909550199464,-1.3540515096181764
1339,13.39,1.3697363161046496,-1.3490212348780835
1340,13.4,1.3679341003198444,-1.3491693413388413
1341,13.41,1.3674340965548404,-1.3494113148033358
1342,13.42,1.368963090799916,-1.3449088070781061
1343,13.43,1.3724019017503288,-1.3453694953556303
1344,13.44,1.3655720512267546,-1.3433538595423022
1345,13.450000000000001,1.3691663022421685,-1.3421268153302979
1346,13.46,1.3743928703266746,-1.3381009375737285
1347,13.47,1.3718546012698658,-1.3374523013970945
1348,13.48,1.3632273552717042,-1.3365833054551937
1349,13.49,1.367265800018938,-1.337738512389163
1350,13.5,1.362977931970432,-1.3329750029797647
1351,13.51,1.3625350779585708,-1.3313144418069904
1352,13.52,1.3662841381861033,-1.3318432836452114
1353,13.530000000000001,1.3603688821085367,-1.3314574659450416
1354,13.540000000000001,1.3631364596545428,-1.3298494197358302
1355,13.55,1.3564454620607007,-1.326000949044371
1356,13.56,1.3592852984754236,-1.3259184249323805
1357,13.57,1.3665809298364837,-1.3254860740340617
1358,13.58,1.364531381663829,-1.3212034184072046
1359,13.59,1.3699484720152013,-1.3192385324207554
1360,13.6,1.3607826368390872,-1.319430300882403
1361,13.61,1.3570624829944762,-1.319629870056407
1362,13.620000000000001,1.3645958806956646,-1.3195831925627173
1363,13.63,1.3608115857878844,-1.315160148755426
1364,13.64,1.3604069129643537,-1.31201748131767
1365,13.65,1.3495693458511793,-1.3142479364430564
1366,13.66,1.353824831678788,-1.3112007034061535
1367,13.67,1.3487623363458041,-1.31010338993065
1368,13.68,1.3599507304423653,-1.3069971902201138
1369,13.69,1.3565412834968753,-1.3078916376005898
1370,13.700000000000001,1.3519063571188592,-1.306600141212029
1371,13.71,1.3528825503322135,-1.3013182240190344
1372,13.72,1.3489568318451113,-1.3007309556951994
1373,13.73,1.3521460258946014,-1.3007563704371061
1374,13.74,1.3426010223624116,-1.2981082443101506
1375,13.75,1.3496478887408019,-1.2968474483622847
1376,13.76,1.3439566247922923,-1.2938321294788966
1377,13.77,1.3500889538107121,-1.2912725654050161
1378,13.780000000000001,1.3530506051843265,-1.2896591880423263
1379,13.790000000000001,1.348805278766848,-1.28741087713435
1380,13.8,1.3475299751146477,-1.289812668270931
1381,13.81,1.3400397297203874,-1.2857007454251945
1382,13.82,1.3450375410020727,-1.283365465020059
1383,13.83,1.3466132320922597,-1.2830901946401947
1384,13.84,1.3512790970138906,-1.2798988779069842
1385,13.85,1.3438265331167443,-1.2802995228397245
1386,13.86,1.3457562885438499,-1.277557662113334
1387,13.870000000000001,1.344099349120207,-1.2744888006025745
1388,13.88,1.3364078533974284,-1.277299566665679
1389,13.89,1.34218574580312,-1.2704447755362325
1390,13.9,1.340259614796173,-1.2707701382451677
1391,13.91,1.3463252792936726,-1.2690372419599012
1392,13.92,1.3400803862228259,-1.2678660485026214
1393,13.93,1.339515420372053,-1.2651150015869368
1394,13.94,1.339440109801743,-1.262002140057961
1395,13.950000000000001,1.3425795199707315,-1.2637710959264556
1396,13.96,1.3334080960311516,-1.259819007620177
1397,13.97,1.3343597692550797,-1.2590187648522062
1398,13.98,1.3413974228063208,-1.2592638269527887
1399,13.99,1.3364769774257643,-1.2553917403141974
1400,14.0,1.331353990200023,-1.2554639354412367
1401,14.01,1.3339675917640836,-1.2522160340498873
1402,14.02,1.32960486535548,-1.25191811308363
1403,14.030000000000001,1.3232030683037859,-1.2467503520334435
1404,14.040000000000001,1.3352570273696396,-1.2468356858596066
1405,14.05,1.3338813722131364,-1.2426065024679023
1406,14.06,1.3276229042961163,-1.2368901278424032
1407,14.07,1.3264239346951083,-1.2388756159796255
1408,14.08,1.3309407766762542,-1.2371702124200143
1409,14.09,1.3245726857870819,-1.2360968728800843
1410,14.1,1.3213086986640579,-1.2346789141846128
1411,14.11,1.3305685193792267,-1.2325447189112066
1412,14.120000000000001,1.3292557372618998,-1.2285281950215812
1413,14.13,1.3234845340875063,-1.2315277903078108
1414,14.14,1.3209144588647388,-1.2232852888759262
1415,14.15,1.3220950276599281,-1.226127291652303
1416,14.16,1.3177092586702879,-1.222346884124323
1417,14.17,1.3188696337418466,-1.2221950079569894
1418,14.18,1.3217395240448113,-1.2165510294881217
1419,14.19,1.3117795670452703,-1.2198715749533953
1420,14.200000000000001,1.3120435466907379,-1.2159188107148697
1421,14.21,1.316995947361065,-1.2134368334622785
1422,14.22,1.3229914480799168,-1.2091067550772723
1423,14.23,1.309493785002387,-1.2081325760775854
1424,14.24,1.3155440634354363,-1.2048032720862143
1425,14.25,1.3107636432114136,-1.2058622325243729
1426,14.26,1.3206996114652274,-1.2016981774229352
1427,14.27,1.3017922712951329,-1.1984949788412107
1428,14.280000000000001,1.3140279743731735,-1.201109810624741
1429,14.290000000000001,1.3126189596100544,-1.1958610642256715
1430,14.3,1.308735823058186,-1.1914397518681719
1431,14.31,1.3025271029954222,-1.189305693919257
1432,14.32,1.3047299588782637,-1.1897542958085368
1433,14.33,1.3074936338903673,-1.1904473362616932
1434,14.34,1.3021964784235123,-1.186478529325825
1435,14.35,1.3042686340839007,-1.1823845749538668
1436,14.36,1.3054012266677582,-1.1764799644049269
1437,14.370000000000001,1.2989039398641498,-1.177906364092838
1438,14.38,1.3008123507000062,-1.1772790224215754
1439,14.39,1.290802182643163,-1.1723369684537392
1440,14.4,1.2868970224470981,-1.1713804145241589
1441,14.41,1.2986789638561742,-1.1709521504620164
1442,14.42,1.30131016821489,-1.165886634752168
1443,14.43,1.2948217957316737,-1.1631010140051194
1444,14.44,1.2835620799712575,-1.1652410486128006
1445,14.450000000000001,1.2831290161085134,-1.1621330941382373
1446,14.46,1.285590316512014,-1.1613738488447491
1447,14.47,1.2822002342213474,-1.1544721015611397
1448,14.48,1.28530387845861,-1.1536126061108964
1449,14.49,1.2825780762829437,-1.151548882673125
1450,14.5,1.28994016696323,-1.148830599078101
1451,14.51,1.2899441422319153,-1.1471327943875478
1452,14.52,1.2823226410196942,-1.1426852334224749
1453,14.530000000000001,1.2784248266936642,-1.1421561249676428
1454,14.540000000000001,1.2806004543311538,-1.1401144007375767
1455,14.55,1.2775700232883347,-1.135943437490594
1456,14.56,1.2734223882481117,-1.1353692870935386
1457,14.57,1.2765248347476033,-1.1291022278152916
1458,14.58,1.2745080591136517,-1.1322187346668857
1459,14.59,1.2722556582398574,-1.124505373161202
1460,14.6,1.2729952544203915,-1.1221997950201494
1461,14.61,1.268368383205655,-1.121409357812501
1462,14.620000000000001,1.2652154983829977,-1.1195752114766846
1463,14.63,1.2692736772743265,-1.116960279225742
1464,14.64,1.256427736620387,-1.1165941985161918
1465,14.65,1.260692853072515,-1.1116795032363613
1466,14.66,1.2646123841302634,-1.1070806922436394
1467,14.67,1.2570300881056264,-1.1078785263476876
1468,14.68,1.2578406680052643,-1.1019088607643823
1469,14.69,1.2510942951862167,-1.1015974459533824
1470,14.700000000000001,1.2583559477578101,-1.099589065827217
1471,14.71,1.2560569678763076,-1.095368021546367
1472,14.72,1.257782664260827,-1.0921707667872054
1473,14.73,1.2550483724543342,-1.0890902464965364
1474,14.74,1.249884522223545,-1.0851914188469585
1475,14.75,1.235952493022196,-1.086838396891851
1476,14.76,1.2457389135245247,-1.084263846232006
1477,14.77,1.2352325305991418,-1.0764248321849368
1478,14.780000000000001,1.2374808041146785,-1.0780577504871365
1479,14.790000000000001,1.2422350334867394,-1.0739667499020888
1480,14.8,1.2401051437221253,-1.0724405339810734
1481,14.81,1.2281192676347912,-1.0662590608407108
1482,14.82,1.2312898736189701,-1.0651483251801244
1483,14.83,1.2328288795158053,-1.062876078600673
1484,14.84,1.2328202540920215,-1.057382674025921
1485,14.85,1.2368502408586062,-1.0558004509963697
1486,14.86,1.22701781868074,-1.0503761722542648
1487,14.870000000000001,1.2316400927744497,-1.0497264724477944
1488,14.88,1.228909258346752,-1.0452247596753268
1489,14.89,1.2216907548068978,-1.0434715752182717
1490,14.9,1.2175816338180143,-1.0421391497020618
1491,14.91,1.2179720770508002,-1.03564895720653
1492,14.92,1.2197820911390718,-1.032087867956868
1493,14.93,1.2114225404961083,-1.0310384578952734
1494,14.94,1.208341674224702,-1.0247980580193892
1495,14.950000000000001,1.2183584714329452,-1.023087271631927
1496,14.96,1.2025340863899887,-1.0215447558952353
1497,14.97,1.2043094038841107,-1.0194346861433423
1498,14.98,1.2058659678997663,-1.0135035878998013
1499,14.99,1.2047560752275788,-1.012903217820091
1500,15.0,1.196522920921117,-1.0066513778532262
1501,15.01,1.1953766205644605,-1.0024640477102689
1502,15.02,1.1927071954587651,-1.0010053174574163
1503,15.030000000000001,1.1979677338552928,-0.9964135048457128
1504,15.040000000000001,1.1928565896462093,-0.9930900471869305
1505,15.05,1.1792762123862388,-0.9908175667837471
1506,15.06,1.1839776815764946,-0.984690669589082
1507,15.07,1.1792186099605884,-0.9843097328577921
1508,15.08,1.1801983180339763,-0.9829918704005289
1509,15.09,1.176460101491482,-0.975679534881423
1510,15.1,1.1721954975228472,-0.9755475140941338
1511,15.11,1.1701262073222778,-0.9669215253530641
1512,15.120000000000001,1.1695362464759615,-0.9631543512444846
1513,15.13,1.1622038073257477,-0.9594592207000325
1514,15.14,1.1618302937634688,-0.9591450980207891
1515,15.15,1.153686954787934,-0.9545322268936471
1516,15.16,1.1557969837864313,-0.9512796339997063
1517,15.17,1.1530252001330024,-0.9486458144344139
1518,15.18,1.149529552041947,-0.9442824141237253
1519,15.19,1.146608876018061,-0.9405830965102094
1520,15.200000000000001,1.1448768481346356,-0.9339216663091551
1521,15.21,1.1435265297383095,-0.9325841580061892
1522,15.22,1.1385470601911234,-0.926668922751453
1523,15.23,1.129268137056942,-0.924989364894407
1524,15.24,1.1384638423260949,-0.9200759866886317
1525,15.25,1.1303163095242947,-0.9174899963563202
1526,15.26,1.129278838826701,-0.909553819338339
1527,15.27,1.1154637155380718,-0.9070408265632068
1528,15.280000000000001,1.1173283506404472,-0.8994670774414761
1529,15.290000000000001,1.1187996752239986,-0.8979687079341249
1530,15.3,1.1168286671266674,-0.8952164116131993
1531,15.31,1.1176005536262321,-0.8926160868102921
1532,15.32,1.1076284202168216,-0.8871792038702797
1533,15.33,1.1049301247681054,-0.8815756881846681
1534,15.34,1.102452590222121,-0.879143152721912
1535,15.35,1.0961635615425795,-0.8730201701457398
1536,15.36,1.0876929877916415,-0.8676766757644084
1537,15.370000000000001,1.0781046183899943,-0.8669779601749545
1538,15.38,1.0772182300577862,-0.8597750727648693
1539,15.39,1.0782107398869294,-0.8566527190305712
1540,15.4,1.075259586585339,-0.8530447631245242
1541,15.41,1.075825602077451,-0.8499410943167582
1542,15.42,1.0667017357704527,-0.8441187797619393
1543,15.43,1.0723958365395927,-0.8385218645793666
1544,15.44,1.0587182123569434,-0.8310707493281729
1545,15.450000000000001,1.0590984858681005,-0.8286157453766558
1546,15.46,1.046067641098515,-0.8242276619584632
1547,15.47,1.050917534547136,-0.8183527606572181
1548,15.48,1.0451315064023166,-0.816162805593159
1549,15.49,1.0377143639274067,-0.8121904437458075
1550,15.5,1.0311336845260946,-0.8064248942753074
1551,15.51,1.0264455393015226,-0.801387786123828
1552,15.52,1.0201115967702397,-0.7964891018418316
1553,15.530000000000001,1.0111667609148074,-0.7952139432154492
1554,15.540000000000001,1.0093268698074236,-0.7915960446519928
1555,15.55,1.001573970017808,-0.7845976702380199
1556,15.56,0.996275123258667,-0.7803912397299276
1557,15.57,0.9940750838141857,-0.7762850509666664
1558,15.58,0.9825878378190254,-0.7688170697128597
1559,15.59,0.9815256045546685,-0.7673188591246992
1560,15.6,0.9811469019684652,-0.762731384679732
1561,15.610000000000001,0.9723592234101641,-0.7551759772968546
1562,15.620000000000001,0.9614352890179273,-0.7515586349711489
1563,15.63,0.96157060966135,-0.7474796971933407
1564,15.64,0.9500178830657703,-0.7437875341540645
1565,15.65,0.9429772501456598,-0.7365096904733692
1566,15.66,0.9396553660588732,-0.7343366775144122
1567,15.67,0.9265208013740494,-0.7268995941967813
1568,15.68,0.9271482327630882,-0.7238240052547826
1569,15.69,0.9196928710555828,-0.7184561934323442
1570,15.700000000000001,0.9118805809545324,-0.7151288245429875
1571,15.71,0.9034270732356242,-0.7112868074824643
1572,15.72,0.8975716286020368,-0.7028609194623341
1573,15.73,0.8916101930949624,-0.6974757605590487
1574,15.74,0.8811929801819373,-0.6949150131241623
1575,15.75,0.8771228749996596,-0.6890031378169345
1576,15.76,0.8642013104247737,-0.6880452957305854
1577,15.77,0.8536414024631608,-0.681675750997706
1578,15.780000000000001,0.847630910667712,-0.6741938950413415
1579,15.790000000000001,0.8346957880994887,-0.6704479643441362
1580,15.8,0.8316742126374236,-0.6691384671188026
1581,15.81,0.8306594368556467,-0.6636260311119113
1582,15.82,0.8231446065773709,-0.6573810871088176
1583,15.83,0.794785234893921,-0.6527399959419281
1584,15.84,0.7933633835317838,-0.6476060923773541
1585,15.85,0.7810683522537105,-0.6421920583508072
1586,15.860000000000001,0.7708970009090005,-0.63972492414665
1587,15.870000000000001,0.7683618049468453,-0.6291922764627901
1588,15.88,0.7592093683926231,-0.6264183964399459
1589,15.89,0.7498581590761819,-0.6230871319149128
1590,15.9,0.7400423005913233,-0.6203147577642211
1591,15.91,0.7305022224860804,-0.6138977968351756
1592,15.92,0.7175763089694157,-0.609104790093824
1593,15.93,0.698369609028587,-0.6035261803108243
1594,15.94,0.7005596764788113,-0.6030072049314473
1595,15.950000000000001,0.6837907306156319,-0.5959553445680192
1596,15.96,0.6695869090671593,-0.5907777398609749
1597,15.97,0.6653043049984159,-0.5883797859085035
1598,15.98,0.6492916366981948,-0.5821002556916893
1599,15.99,0.6346029452198814,-0.5782976882114682
1600,16.0,0.6243056651443407,-0.5725260293081817
1601,16.01,0.6039181106003403,-0.5688390034338634
1602,16.02,0.5936410497920239,-0.5648866013132035
1603,16.03,0.5838590343813138,-0.5622757311138817
1604,16.04,0.5759443742737659,-0.5555914530230456
1605,16.05,0.5560110159903315,-0.554642769096531
1606,16.06,0.5452717189213092,-0.5486402976496227
1607,16.07,0.5278410092422308,-0.5453097230938638
1608,16.080000000000002,0.5103565064052504,-0.5403908370455309
1609,16.09,0.5032778599312123,-0.5393603452384148
1610,16.1,0.48695744310189504,-0.5348125700728387
1611,16.11,0.4656733031148401,-0.529083526292901
1612,16.12,0.45383721688582485,-0.5284057066922666
1613,16.13,0.4400264784329659,-0.5233087126552859
1614,16.14,0.41899065624399284,-0.519572316130909
1615,16.15,0.41139485485381416,-0.5183198635171589
1616,16.16,0.3921299558233787,-0.5151402915123534
1617,16.17,0.37909477869011066,-0.5102629319226717
1618,16.18,0.3587853373374935,-0.5098167444768749
1619,16.19,0.3416991474870365,-0.506242431905911
1620,16.2,0.3289626014892431,-0.5057689809782672
1621,16.21,0.3050947619532799,-0.5023164482029182
1622,16.22,0.29173159042846186,-0.4971567034048115
1623,16.23,0.27495501994729166,-0.49843666565340305
1624,16.240000000000002,0.2530783994016999,-0.4936698480890739
1625,16.25,0.2385671351497303,-0.4932851453225814
1626,16.26,0.21993655733964554,-0.49024076117301996
1627,16.27,0.20543343118803428,-0.48801319019604206
1628,16.28,0.1837902776974232,-0.48886784245200926
1629,16.29,0.157599029166561,-0.48597804272958134
1630,16.3,0.1449165077831808,-0.4868364557599661
1631,16.31,0.13246062057787025,-0.481755312451798
1632,16.32,0.1150761578466159,-0.4824722694490658
1633,16.330000000000002,0.08353134605390605,-0.4825520665677758
1634,16.34,0.07308836778350661,-0.48222777201040234
1635,16.35,0.04844700928940456,-0.48328798483936203
1636,16.36,0.031381332132639175,-0.4828961037915471
1637,16.37,0.016515670781909114,-0.4814744366157375
1638,16.38,-0.0065994003295447795,-0.4802799584208627
1639,16.39,-0.034887194048995984,-0.4842265298394377
1640,16.4,-0.045894765579063405,-0.47858210451504934
1641,16.41,-0.05827093543401933,-0.48364894839333666
1642,16.42,-0.0878698547947613,-0.48213069177000284
1643,16.43,-0.1028220875123543,-0.4835671238328395
1644,16.44,-0.12747199353691172,-0.4830603121610565
1645,16.45,-0.1416998509610021,-0.48501290168704864
1646,16.46,-0.15696733874835894,-0.4853928720741918
1647,16.47,-0.1791590763736525,-0.4897733891605493
1648,16.48,-0.19815826214723015,-0.4938962729831242
1649,16.490000000000002,-0.2185592506641716,-0.4896782294335353
1650,16.5,-0.23071325890490274,-0.4928263559446236
1651,16.51,-0.25514324393693105,-0.4939084753899628
1652,16.52,-0.27186203094586,-0.5006849181378252
1653,16.53,-0.2870307567790432,-0.49872676571768637
1654,16.54,-0.3093542718379618,-0.4993770708544306
1655,16.55,-0.3199484512698017,-0.5027711083900658
1656,16.56,-0.3408748634803989,-0.5038908509840495
1657,16.57,-0.3449813173890974,-0.5094431002544031
1658,16.580000000000002,-0.3747061177052219,-0.5122041568206726
1659,16.59,-0.3867113736863435,-0.5116394501274568
1660,16.6,-0.39580586158749254,-0.5176394710948348
1661,16.61,-0.4153299801955798,-0.5182482269564123
1662,16.62,-0.4333518187034647,-0.5220739594598245
1663,16.63,-0.45285161194574636,-0.5286575338589458
1664,16.64,-0.46984839319938515,-0.5305276292834182
1665,16.65,-0.48214979107167616,-0.5334386107338308
1666,16.66,-0.49642600590234975,-0.5393497484662955
1667,16.67,-0.5171377704873162,-0.5440686306510204
1668,16.68,-0.5299401428486972,-0.5446412895584801
1669,16.69,-0.5408819958770335,-0.5486157888748767
1670,16.7,-0.5519348505174951,-0.5522212452938088
1671,16.71,-0.567283311148238,-0.5553307362980967
1672,16.72,-0.5792739521706851,-0.5627681581837733
1673,16.73,-0.597525976225893,-0.564059373301989
1674,16.740000000000002,-0.6048022774890279,-0.5696409259172907
1675,16.75,-0.6190541098368483,-0.573514135048002
1676,16.76,-0.6309710735959679,-0.5792260170418776
1677,16.77,-0.6465808455325264,-0.5836035610683638
1678,16.78,-0.6606130221250055,-0.5884824068885732
1679,16.79,-0.6743924109351862,-0.5904961515047562
1680,16.8,-0.6782545073647374,-0.596283767348898
1681,16.81,-0.6960323944389026,-0.5999698336387561
1682,16.82,-0.7095902886746985,-0.604224057259414
1683,16.830000000000002,-0.716290667849659,-0.6098400846317038
1684,16.84,-0.7318352423371923,-0.6138843494777309
1685,16.85,-0.7431408249042744,-0.6188735825923629
1686,16.86,-0.7506641344182606,-0.6221235926140684
1687,16.87,-0.7602483536835054,-0.6314738206315881
1688,16.88,-0.7580566296889495,-0.6337685477193814
1689,16.89,-0.7808579037218004,-0.6394905354861683
1690,16.9,-0.7880433962368678,-0.6432480815023034
1691,16.91,-0.7973522390922156,-0.6473755066299234
1692,16.92,-0.8040973156448288,-0.6500243905854484
1693,16.93,-0.8139254010375157,-0.6602230326538032
1694,16.94,-0.8234539238863523,-0.6617193966879769
1695,16.95,-0.8305579687175546,-0.6674499649101372
1696,16.96,-0.8393840441409282,-0.6722766411114653
1697,16.97,-0.8414388913499036,-0.6797904032603225
1698,16.98,-0.8506150363019964,-0.6827257308986073
1699,16.990000000000002,-0.866487572600313,-0.685322448514834
1700,17.0,-0.8683358947537811,-0.6915050850835182
1701,17.01,-0.8837754162218826,-0.6989261095018826
1702,17.02,-0.8877239237493263,-0.7037960534965378
1703,17.03,-0.8922067792591101,-0.7069677888228978
1704,17.04,-0.8979263240060547,-0.7121652871091183
1705,17.05,-0.9110229474845465,-0.7182631254259791
1706,17.06,-0.908861610207506,-0.7224645867717463
1707,17.07,-0.9190340045534758,-0.7248394495582756
1708,17.080000000000002,-0.9292314717861565,-0.734139872033446
1709,17.09,-0.936030332315599,-0.7374771930006087
1710,17.1,-0.9465105850581702,-0.7439047935532233
1711,17.11,-0.9385776397273473,-0.7457717970182081
1712,17.12,-0.9533757648887319,-0.7507912517618881
1713,17.13,-0.9560576386890923,-0.7574957534783008
1714,17.14,-0.9620173711490289,-0.7640327474881505
1715,17.150000000000002,-0.9702238586414286,-0.7657838948232706
1716,17.16,-0.9775229239108797,-0.770310607591067
1717,17.17,-0.9827769879402769,-0.7741347626904854
1718,17.18,-0.9945438218055482,-0.780817884949693
1719,17.19,-0.9967125998540726,-0.7863958040289297
1720,17.2,-0.9957636292417671,-0.7894137381622055
1721,17.21,-1.0045793825190767,-0.7923428053333551
1722,17.22,-1.0065928522842187,-0.7965055726559501
1723,17.23,-1.0176043096867189,-0.8021337718553233
1724,17.240000000000002,-1.0271516452571416,-0.8060685717001664
1725,17.25,-1.0277505047138604,-0.8103203694873614
1726,17.26,-1.0343144079852322,-0.8178436961786382
1727,17.27,-1.029264439633843,-0.8253648904350056
1728,17.28,-1.0372658302841091,-0.8289256125857648
1729,17.29,-1.0465818773094673,-0.829681646873814
1730,17.3,-1.0433299512330518,-0.8336879707687157
1731,17.31,-1.0536917299488822,-0.8378232665606266
1732,17.32,-1.0513298497444499,-0.8435815129471171
1733,17.330000000000002,-1.0522225370468945,-0.846404414561281
1734,17.34,-1.061322622849951,-0.8474721449404411
1735,17.35,-1.06940534774195,-0.8563771060911264
1736,17.36,-1.0729004211051991,-0.8589616604553197
1737,17.37,-1.0813450154392208,-0.8614226665718291
1738,17.38,-1.0804546979606913,-0.8695551654214592
1739,17.39,-1.0802234164414182,-0.874559695205316
1740,17.400000000000002,-1.0835738349992778,-0.877427192901009
1741,17.41,-1.09328870552859,-0.8793263525426797
1742,17.42,-1.1016922193171554,-0.8849249883709892
1743,17.43,-1.0978112649240352,-0.8890795390312435
1744,17.44,-1.111159823184731,-0.8915258853944684
1745,17.45,-1.1080102935532463,-0.8968059393185568
1746,17.46,-1.1133088798575153,-0.900449232739369
1747,17.47,-1.1135184083760488,-0.9088776395922451
1748,17.48,-1.120113666008658,-0.9091956323822042
1749,17.490000000000002,-1.1202838663773458,-0.9123737079072729
1750,17.5,-1.1253397423359075,-0.9160741008133592
1751,17.51,-1.1283114242971775,-0.9200060994841796
1752,17.52,-1.1342061989256824,-0.9261845635076023
1753,17.53,-1.1348977832158589,-0.9291388968481223
1754,17.54,-1.1346874806027851,-0.9297805101665156
1755,17.55,-1.1409020898914428,-0.9346972625204294
1756,17.56,-1.1421879696721635,-0.9380176883219276
1757,17.57,-1.1469113090168315,-0.9405889097634915
1758,17.580000000000002,-1.1535972764874365,-0.94581885537561
1759,17.59,-1.1520859446815623,-0.9521058288548278
1760,17.6,-1.1529617974569293,-0.9571487375424099
1761,17.61,-1.1558105245083432,-0.9558652307387481
1762,17.62,-1.1607281619959544,-0.9591262932897072
1763,17.63,-1.165628465913486,-0.9646532532315439
1764,17.64,-1.1655389066127397,-0.9718925628575567
1765,17.650000000000002,-1.1693309816327166,-0.9747054608917786
1766,17.66,-1.1667396506318557,-0.9770392082104006
1767,17.67,-1.1744837226230662,-0.9774887576794066
1768,17.68,-1.1836219631027536,-0.9843453310421213
1769,17.69,-1.1867614369421813,-0.9864116009463566
1770,17.7,-1.1753958391671746,-0.991089531732135
1771,17.71,-1.1864108214561917,-0.9902829432046831
1772,17.72,-1.1888022874574478,-0.9984519166166573
1773,17.73,-1.1923916985036775,-1.0020627165840443
1774,17.740000000000002,-1.1906999485379721,-1.0035940932691412
1775,17.75,-1.1989665524671513,-1.0047116690953874
1776,17.76,-1.1967523393989141,-1.011566049561584
1777,17.77,-1.1969395914785974,-1.0142748409422626
1778,17.78,-1.2043094688934086,-1.019471624807977
1779,17.79,-1.2009408555161656,-1.0206090784419652
1780,17.8,-1.2076536936520188,-1.0258747677724558
1781,17.81,-1.2047250127640114,-1.024586325483389
1782,17.82,-1.2063825649950906,-1.0329353153117258
1783,17.830000000000002,-1.212086632207255,-1.03243514978356
1784,17.84,-1.2156923040733574,-1.0384926183174419
1785,17.85,-1.2166750529652643,-1.035880680927825
1786,17.86,-1.2178121548480525,-1.0449992013517888
1787,17.87,-1.2191633318895108,-1.0435022242406728
1788,17.88,-1.2230191887140383,-1.0482467233380293
1789,17.89,-1.231179598821303,-1.0569035341265867
1790,17.900000000000002,-1.223188737569187,-1.056577105849481
1791,17.91,-1.2262709677519337,-1.0550476891607687
1792,17.92,-1.227649282702914,-1.0589703662453664
1793,17.93,-1.2266208683093005,-1.0615054841375913
1794,17.94,-1.2380682569894685,-1.0655497603234496
1795,17.95,-1.240115318314666,-1.070967075877421
1796,17.96,-1.2409220483293957,-1.0720213638399054
1797,17.97,-1.232804129400321,-1.0740544460332624
1798,17.98,-1.2381163594300881,-1.0754253659965496
1799,17.990000000000002,-1.2465410362836276,-1.0799331931439204
1800,18.0,-1.2412850350736409,-1.0835023997453543
1801,18.01,-1.239772380220256,-1.0849146933460083
1802,18.02,-1.2555556815327122,-1.088818911200638
1803,18.03,-1.2471084012654596,-1.0922481442261294
1804,18.04,-1.2519030040863461,-1.0949931436460738
1805,18.05,-1.2493253701315237,-1.0990049047153105
1806,18.06,-1.253841447398844,-1.0961505149362818
1807,18.07,-1.2554727839739561,-1.1023127487169093
1808,18.080000000000002,-1.2625567049332158,-1.1075102095356484
1809,18.09,-1.255700627404205,-1.1081616676082604
1810,18.1,-1.2633865363577665,-1.1091965501217615
1811,18.11,-1.2612552093114795,-1.1127424411644358
1812,18.12,-1.2697774137907,-1.1182520264504832
1813,18.13,-1.2652642649137078,-1.1185821412331765
1814,18.14,-1.2687771992257315,-1.1200968753164906
1815,18.150000000000002,-1.2660079643924256,-1.1228546627668423
1816,18.16,-1.2722853998222623,-1.1300617989943078
1817,18.17,-1.271704745940266,-1.130702600485696
1818,18.18,-1.2761394019322758,-1.133278085880404
1819,18.19,-1.274774929260344,-1.1326422577597202
1820,18.2,-1.2840160095473347,-1.1340589285070604
1821,18.21,-1.2675448279392822,-1.141871713669105
1822,18.22,-1.2722343946232963,-1.1412734793781107
1823,18.23,-1.277728180660154,-1.143534268331115
1824,18.240000000000002,-1.2824780038260384,-1.147787077209448
1825,18.25,-1.2843246514802709,-1.1458105988996679
1826,18.26,-1.2853721690713036,-1.1521243302441948
1827,18.27,-1.28453096457368,-1.1521509500724925
1828,18.28,-1.281528915474808,-1.1517361249726559
1829,18.29,-1.2820038059805543,-1.1603017775266513
1830,18.3,-1.287797148946494,-1.1615164021883497
1831,18.31,-1.278731204259588,-1.1637579203185764
1832,18.32,-1.2894941230348385,-1.1636665688466061
1833,18.330000000000002,-1.2897475070992706,-1.1672823391621971
1834,18.34,-1.287734182243754,-1.1684873064342558
1835,18.35,-1.2959643478352156,-1.1737723225718055
1836,18.36,-1.3012538770384625,-1.1719506950281913
1837,18.37,-1.2950050646330182,-1.1813147333906417
1838,18.38,-1.303831193352845,-1.1774427025610537
1839,18.39,-1.299654917366428,-1.1797822071114576
1840,18.400000000000002,-1.2978031878154428,-1.181615941531136
1841,18.41,-1.2961346430275513,-1.1843996442902938
1842,18.42,-1.297829896753653,-1.1885074043507298
1843,18.43,-1.3087581762272475,-1.1889096979481313
1844,18.44,-1.3038842527740686,-1.1895508013009213
1845,18.45,-1.3011579251734597,-1.191842479241622
1846,18.46,-1.3044059643589552,-1.1948553132916522
1847,18.47,-1.3098508976145338,-1.1994483598939643
1848,18.48,-1.3061883409020454,-1.200431183598902
1849,18.490000000000002,-1.3094369863249655,-1.200768552268273
1850,18.5,-1.309267017525981,-1.2043119020530826
1851,18.51,-1.308922606152958,-1.207076707405846
1852,18.52,-1.3086830006547665,-1.208520132652426
1853,18.53,-1.3138615623364025,-1.2073545098700336
1854,18.54,-1.3166283976388828,-1.2133591441451794
1855,18.55,-1.315801169995816,-1.2159558011202576
1856,18.56,-1.3112185197236876,-1.217325019374889
1857,18.57,-1.3159393897271898,-1.21775888923472
1858,18.580000000000002,-1.3189663128688176,-1.2212342964646703
1859,18.59,-1.31701869969592,-1.2212230385408385
1860,18.6,-1.3213457336802445,-1.2250295834570115
1861,18.61,-1.312889627430283,-1.2250732140545975
1862,18.62,-1.3249612866482499,-1.2299323055178553
1863,18.63,-1.3201955560383696,-1.2320483150621155
1864,18.64,-1.3264426707609784,-1.2321750251092694
1865,18.650000000000002,-1.3242866741635047,-1.2340284965708443
1866,18.66,-1.3282241871613272,-1.2359248193158414
1867,18.67,-1.3247513749616733,-1.2368165448729955
1868,18.68,-1.3218020599934224,-1.2415550154919939
1869,18.69,-1.33234879542464,-1.2411036470195427
1870,18.7,-1.3270377038454215,-1.2445629082566265
1871,18.71,-1.3282920890528187,-1.2446322988229122
1872,18.72,-1.3267775432128543,-1.248745331744996
1873,18.73,-1.328916758077397,-1.252091736400796
1874,18.740000000000002,-1.3317531891526346,-1.252275565857095
1875,18.75,-1.330470198326475,-1.251904392214203
1876,18.76,-1.3316666234698329,-1.2565733750986012
1877,18.77,-1.3330468720573339,-1.2590326634226057
1878,18.78,-1.3289404831341913,-1.2580101308343417
1879,18.79,-1.3374577699293182,-1.260810419721181
1880,18.8,-1.3332093646170118,-1.2594893567541308
1881,18.81,-1.3299064067565625,-1.2630078467004786
1882,18.82,-1.3334601606198648,-1.2659422504028475
1883,18.830000000000002,-1.3250412785971548,-1.2676608129966982
1884,18.84,-1.3391559380089177,-1.2708478244460941
1885,18.85,-1.3419059901604902,-1.271093010000082
1886,18.86,-1.3357768990951089,-1.2718916319408964
1887,18.87,-1.3384900799505615,-1.2731886774799812
1888,18.88,-1.3344890736330655,-1.2748803784881637
1889,18.89,-1.3389465425084404,-1.2752947400423742
1890,18.900000000000002,-1.343231653772052,-1.2802619327424525
1891,18.91,-1.3455493220386674,-1.2791453881100494
1892,18.92,-1.33939119095417,-1.2839960044054868
1893,18.93,-1.3445870133285553,-1.2855529142416648
1894,18.94,-1.3461993240831884,-1.2894221464541267
1895,18.95,-1.3454847845470927,-1.2881424250210483
1896,18.96,-1.3459049989107033,-1.2894226849952444
1897,18.97,-1.3511636804645988,-1.291365365702403
1898,18.98,-1.340271025296806,-1.2912080781202857
1899,18.990000000000002,-1.343736323152215,-1.2933473467767604
1900,19.0,-1.3546038644146867,-1.2968074598437997
1901,19.01,-1.3478051872606545,-1.2994537184375017
1902,19.02,-1.3523351047412329,-1.2982345762527507
1903,19.03,-1.3432345308832863,-1.301367768005825
1904,19.04,-1.3490849156456641,-1.30232115078181
1905,19.05,-1.351027424283373,-1.3041694020746994
1906,19.06,-1.35074623670694,-1.3048658827476922
1907,19.07,-1.3486439036921536,-1.3052316260038663
1908,19.080000000000002,-1.347778910697734,-1.3079110411326982
1909,19.09,-1.3506096447768468,-1.3095573990892395
1910,19.1,-1.3492181294869292,-1.3101976937365865
1911,19.11,-1.3643805132100109,-1.312310374877471
1912,19.12,-1.3587621282742695,-1.313968940476714
1913,19.13,-1.3591641029428743,-1.3172527442865045
1914,19.14,-1.35367996526727,-1.314912240804786
1915,19.150000000000002,-1.3586375633732102,-1.3184235595683804
1916,19.16,-1.3551047139433618,-1.3226172444288937
1917,19.17,-1.3558345423002007,-1.3226649301945854
1918,19.18,-1.3542491288930987,-1.323024057133571
1919,19.19,-1.3544820118707428,-1.32551708024113
1920,19.2,-1.361656303962034,-1.327838665042646
1921,19.21,-1.359212327179728,-1.3290834806337055
1922,19.22,-1.3626199683786142,-1.3323052156052118
1923,19.23,-1.3616552413804928,-1.329265310415306
1924,19.240000000000002,-1.365232459373973,-1.333755205586999
1925,19.25,-1.354025866327963,-1.3331422416203262
1926,19.26,-1.367169241570842,-1.3354685111070663
1927,19.27,-1.3639140627140727,-1.3387167330483472
1928,19.28,-1.3698636828470745,-1.3402760825798712
1929,19.29,-1.3652850595729202,-1.3420489729328389
1930,19.3,-1.3708018727557623,-1.341791413391516
1931,19.31,-1.366844214884235,-1.342034858749573
1932,19.32,-1.3640760034699844,-1.3453908639456662
1933,19.330000000000002,-1.367698627622624,-1.3466114806160194
1934,19.34,-1.3657237807537386,-1.3465084420577391
1935,19.35,-1.3636089581894604,-1.3479713719260118
1936,19.36,-1.3632126345511832,-1.3518009793319867
1937,19.37,-1.3644342184874059,-1.3518292262682159
1938,19.38,-1.3743524708283976,-1.3525782784923344
1939,19.39,-1.3723767658305517,-1.3562986268286412
1940,19.400000000000002,-1.3744974739524864,-1.3564068393122646
1941,19.41,-1.3742312666756424,-1.35702841266839
1942,19.42,-1.377655705314724,-1.3602016025967283
1943,19.43,-1.36936037378273,-1.360631579000665
1944,19.44,-1.3766730028300593,-1.3643688715756443
1945,19.45,-1.372636684721087,-1.363577304108079
1946,19.46,-1.3690708710913784,-1.365040526659564
1947,19.47,-1.3687697841285167,-1.3656687166241113
1948,19.48,-1.3643973091880668,-1.3672305997996792
1949,19.490000000000002,-1.3769634649676645,-1.3689394814764595
1950,19.5,-1.3779103112167297,-1.3692245468140711
1951,19.51,-1.3726238041688517,-1.3699692834769508
1952,19.52,-1.3719094836069063,-1.3709199046758085
1953,19.53,-1.376256202043411,-1.3740890756209425
1954,19.54,-1.376238736752922,-1.37460186064798
1955,19.55,-1.3787296062731076,-1.3769111233678122
1956,19.56,-1.377762433337958,-1.3766885658580084
1957,19.57,-1.3695497089417512,-1.3794749036894094
1958,19.580000000000002,-1.3680829061527155,-1.3834143507495869
1959,19.59,-1.3775730684051681,-1.3801084078104375
1960,19.6,-1.3797346658111918,-1.3852037074525527
1961,19.61,-1.3696693236563806,-1.3854384308377923
1962,19.62,-1.3863506401806256,-1.3852861259423561
1963,19.63,-1.3710258504338337,-1.3904564307662401
1964,19.64,-1.3796280075600948,-1.3863589401928151
1965,19.650000000000002,-1.3730411408382548,-1.3882389577867835
1966,19.66,-1.380114095583724,-1.3905384012990225
1967,19.67,-1.3797410418220755,-1.3945595068644336
1968,19.68,-1.3837688955356986,-1.3916198402906608
1969,19.69,-1.3733104265141065,-1.395289666744213
1970,19.7,-1.3882667666413702,-1.3976299113492952
1971,19.71,-1.3846452115190244,-1.395659803763584
1972,19.72,-1.3789519725109178,-1.3971514879786986
1973,19.73,-1.3855304150075247,-1.402792382869306
1974,19.740000000000002,-1.3906950285519817,-1.4015658100858357
1975,19.75,-1.3847777073198746,-1.4032161475335843
1976,19.76,-1.3843426278864486,-1.4043742251663138
1977,19.77,-1.375235467137538,-1.4054028288677423
1978,19.78,-1.3926116884301363,-1.40742004798383
1979,19.79,-1.3851514968782386,-1.408068418648048
1980,19.8,-1.3881478907180138,-1.4070796201671083
1981,19.81,-1.385144536813361,-1.4098251511383524
1982,19.82,-1.3861479390744567,-1.407849844079842
1983,19.830000000000002,-1.3843887055395994,-1.4118874078673709
1984,19.84,-1.3848901152985829,-1.4114407914091263
1985,19.85,-1.3873780209279771,-1.4127229491915418
1986,19.86,-1.3857704453001367,-1.4154341393420005
1987,19.87,-1.3808575550976692,-1.4182556243658808
1988,19.88,-1.38103305529476,-1.4173637416767093
1989,19.89,-1.381199595063926,-1.4214957143859301
1990,19.900000000000002,-1.3857028007201393,-1.4216021250896913
1991,19.91,-1.396293813200155,-1.424409275185619
1992,19.92,-1.3898033835290569,-1.42403201010704
1993,19.93,-1.3817988772483176,-1.4254721565672555
1994,19.94,-1.3907005496488214,-1.4250669100329867
1995,19.95,-1.39505393725163,-1.4259516059806476
1996,19.96,-1.3848112892936013,-1.42910553368042
1997,19.97,-1.3926435810489644,-1.4280750887939415
1998,19.98,-1.3874658828816295,-1.430694570653411
1999,19.990000000000002,-1.392672257690966,-1.431916008753504
2000,20.0,-1.3919349247701058,-1.434066788476314
2001,20.01,-1.3901801094958266,-1.4316256917847348
2002,20.02,-1.3879744137317387,-1.435816871082347
2003,20.03,-1.387789453390674,-1.4331633309215341
2004,20.04,-1.3924629454992943,-1.4382610775431313
2005,20.05,-1.3924102040898734,-1.4374794235127972
2006,20.06,-1.3963603827811317,-1.440276355361406
2007,20.07,-1.4006215305704717,-1.442020360047236
2008,20.080000000000002,-1.3838412167075955,-1.4415219458628314
2009,20.09,-1.3950194692310551,-1.445305028244146
2010,20.1,-1.388899183630917,-1.4444266393218714
2011,20.11,-1.3935649085090958,-1.446149835757913
2012,20.12,-1.3975646054005417,-1.4458941957138478
2013,20.13,-1.3914506601742214,-1.4449931746877052
2014,20.14,-1.3953099377082225,-1.4479636484302325
2015,20.150000000000002,-1.392721270477969,-1.4496559382861267
2016,20.16,-1.397894999199645,-1.4509120080852556
2017,20.17,-1.3882990846360068,-1.4543707127352987
2018,20.18,-1.3997732241001024,-1.4520291618036016
2019,20.19,-1.3956277395290997,-1.4519860042985941
2020,20.2,-1.3953570454343007,-1.4569379193534793
2021,20.21,-1.3994503665139268,-1.4570356299423224
2022,20.22,-1.3854687563965322,-1.4528599582296327
2023,20.23,-1.3932821532935518,-1.458359949605429
2024,20.240000000000002,-1.3931077346802327,-1.4588590263599006
2025,20.25,-1.3964184714105428,-1.4583785529578057
2026,20.26,-1.3929284670383142,-1.459429857814446
2027,20.27,-1.4016666868560888,-1.461661504150632
2028,20.28,-1.3918311074964023,-1.460340623048237
2029,20.29,-1.3956647860510176,-1.4643649197094062
2030,20.3,-1.3916476273032699,-1.464748754556116
2031,20.31,-1.3974891098378739,-1.4659892339691116
2032,20.32,-1.386984509873543,-1.4672680917455365
2033,20.330000000000002,-1.3909238409617997,-1.465651478930678
2034,20.34,-1.403848492166217,-1.468377337394849
2035,20.35,-1.3948031929157232,-1.4675115749328194
2036,20.36,-1.3963016600233047,-1.4702478629179674
2037,20.37,-1.4017349822571303,-1.4757434259033724
2038,20.38,-1.3973898672977907,-1.4734211348866606
2039,20.39,-1.3962975387204248,-1.4738422248197718
2040,20.400000000000002,-1.395356035063136,-1.4764890112640074
2041,20.41,-1.401593300875438,-1.4746637632338389
2042,20.42,-1.3979259239798818,-1.477331670739725
2043,20.43,-1.3978583973935665,-1.4767720089055978
2044,20.44,-1.3943431964534703,-1.4791355511666937
2045,20.45,-1.3950824192497207,-1.4795447909805355
2046,20.46,-1.392223115796072,-1.4813201047546758
2047,20.47,-1.3977061384662592,-1.4838154968326174
2048,20.48,-1.4002118889873076,-1.4835185009576732
2049,20.490000000000002,-1.4021866096396118,-1.4855011295264693
2050,20.5,-1.3934450134907757,-1.4865463785871287
2051,20.51,-1.3991977192556175,-1.485977170737006
2052,20.52,-1.3984568469749814,-1.4868190161982768
2053,20.53,-1.4015305011387122,-1.4922200872276126
2054,20.54,-1.3936625171329986,-1.4912728001395839
2055,20.55,-1.4022060589913292,-1.4900118223620376
2056,20.56,-1.4015807191473044,-1.4930959006336042
2057,20.57,-1.4002767034259236,-1.4937826721623597
2058,20.580000000000002,-1.4004585577228248,-1.489761657653137
2059,20.59,-1.3969602838171244,-1.4951868083910622
2060,20.6,-1.399221747344908,-1.4946189311361138
2061,20.61,-1.398808750461922,-1.4977440012420753
2062,20.62,-1.3972455720494545,-1.4991450121731982
2063,20.63,-1.4062854299060004,-1.4991282929145948
2064,20.64,-1.3959274799100017,-1.5025090845124267
2065,20.650000000000002,-1.4025383874463582,-1.5002534684642994
2066,20.66,-1.4015884688675355,-1.5007418670551713
2067,20.67,-1.4034129235028345,-1.5024446047000823
2068,20.68,-1.4011992941309999,-1.5039753337591113
2069,20.69,-1.390918403905606,-1.5037781632152927
2070,20.7,-1.404548441486836,-1.5060597503628412
2071,20.71,-1.3973286477812286,-1.5042730839751366
2072,20.72,-1.4019778717011515,-1.507054194998727
2073,20.73,-1.4009970788755801,-1.5092441328630744
2074,20.740000000000002,-1.398889893640371,-1.5121966940008842
2075,20.75,-1.406606679297594,-1.5088430274934292
2076,20.76,-1.391812259478647,-1.5075902692188177
2077,20.77,-1.4052470337299547,-1.5151226974732743
2078,20.78,-1.3974106770711292,-1.5121669477965272
2079,20.79,-1.3994818199576131,-1.5174191842942715
2080,20.8,-1.4078857262452067,-1.5150086181141442
2081,20.81,-1.3973270078422888,-1.5153245274942067
2082,20.82,-1.4017899887175271,-1.5171551736423208
2083,20.830000000000002,-1.4042028975558531,-1.5155110741049866
2084,20.84,-1.4008419344996914,-1.5171530278624559
2085,20.85,-1.3974706607364993,-1.5217064623445744
2086,20.86,-1.395525973353722,-1.5216620988056397
2087,20.87,-1.4036908369394754,-1.5220508532843886
2088,20.88,-1.4012033020095476,-1.5224639038100811
2089,20.89,-1.3981205955497347,-1.524522768751574
2090,20.900000000000002,-1.4033675178242975,-1.5239735071727616
2091,20.91,-1.4045898299283732,-1.5259640172230287
2092,20.92,-1.4018376699908581,-1.5281209218226917
2093,20.93,-1.3963625667164654,-1.5270520788640491
2094,20.94,-1.393371753229064,-1.5282976327072604
2095,20.95,-1.3985851155841391,-1.530006590008157
2096,20.96,-1.399139700145868,-1.531987407044563
2097,20.97,-1.3967166817720997,-1.5341462226016054
2098,20.98,-1.396518689845518,-1.5335956668269959
2099,20.990000000000002,-1.4042400524794458,-1.5313652025155342
2100,21.0,-1.398358782010867,-1.5371739443055732
2101,21.01,-1.4011668976595755,-1.5358084280557918
2102,21.02,-1.3879674246197609,-1.5371382554264261
2103,21.03,-1.4014718204832834,-1.5368706672362829
2104,21.04,-1.4042688324407355,-1.5376306525975698
2105,21.05,-1.404484188071296,-1.536111411694876
2106,21.06,-1.3992603694074894,-1.538724748964673
2107,21.07,-1.4028566881179156,-1.54017768471615
2108,21.080000000000002,-1.3996069978524421,-1.5438959750961982
2109,21.09,-1.404336283996837,-1.543627696185587
2110,21.1,-1.4017329807894108,-1.5432339641891586
2111,21.11,-1.3987342582173998,-1.5439783358149488
2112,21.12,-1.4029195163289456,-1.5468932891387592
2113,21.13,-1.3998988432408712,-1.545219375111459
2114,21.14,-1.3983734916673272,-1.5453990028853202
2115,21.150000000000002,-1.397496092719726,-1.5508158198814823
2116,21.16,-1.396122135257934,-1.5479096309752582
2117,21.17,-1.4031428686507494,-1.5541144879430955
2118,21.18,-1.4007704669225156,-1.552509406592637
2119,21.19,-1.4032921724754508,-1.553044489066079
2120,21.2,-1.3940191289793034,-1.5523727375635938
2121,21.21,-1.4009500707934157,-1.5528670451834572
2122,21.22,-1.4020994223923853,-1.557254246216812
2123,21.23,-1.40059737321461,-1.5561015838103316
2124,21.240000000000002,-1.407409354376348,-1.5579062044458984
2125,21.25,-1.4007930510396454,-1.5555865391077315
2126,21.26,-1.4002199439268235,-1.5603273571611294
2127,21.27,-1.402905078923998,-1.56199933844092
2128,21.28,-1.3981006293580847,-1.5632292182509093
2129,21.29,-1.4020691012294633,-1.563432105495907
2130,21.3,-1.4033494439665355,-1.560782093786765
2131,21.31,-1.4045120342795394,-1.563937737298522
2132,21.32,-1.3974030172107283,-1.5662848987306377
2133,21.330000000000002,-1.4070749561275209,-1.5654439175562895
2134,21.34,-1.404582781628398,-1.5675417846810613
2135,21.35,-1.3904456141742838,-1.56498014064326
2136,21.36,-1.4016297235227453,-1.5699333378091205
2137,21.37,-1.395276727458981,-1.5711746772098196
2138,21.38,-1.4013359990806435,-1.5708411050562918
2139,21.39,-1.3960076317365158,-1.5715327725987076
2140,21.400000000000002,-1.4084062734776235,-1.574791857261143
2141,21.41,-1.4007784199676598,-1.5710157060760936
2142,21.42,-1.405883903248457,-1.575318828252379
2143,21.43,-1.40274304748298,-1.5714944223424023
2144,21.44,-1.3985395993404734,-1.5778616290806389
2145,21.45,-1.401761660870342,-1.5763741495695278
2146,21.46,-1.3985585271541463,-1.5801049801758429
2147,21.47,-1.3931801785311033,-1.577236022717994
2148,21.48,-1.4023736360601968,-1.578951860014253
2149,21.490000000000002,-1.3982601593530748,-1.58008347046483
2150,21.5,-1.4038195135277993,-1.5819410316485114
2151,21.51,-1.3933765513763121,-1.5820049830357512
2152,21.52,-1.3968871265101217,-1.5816732378004839
2153,21.53,-1.4015440592613457,-1.58343399904858
2154,21.54,-1.4036235409836715,-1.58945860456107
2155,21.55,-1.4025872646434663,-1.5865029087941513
2156,21.56,-1.4025395700527143,-1.5888109371373196
2157,21.57,-1.406222429241805,-1.5877944939049047
2158,21.580000000000002,-1.3992091052922022,-1.5911022767625704
2159,21.59,-1.4069698076392405,-1.5909963125034656
2160,21.6,-1.3978569180554292,-1.592891085060206
2161,21.61,-1.403750900151364,-1.5935472631938115
2162,21.62,-1.399690814624836,-1.598673945679636
2163,21.63,-1.3938819839995318,-1.5931600524830427
2164,21.64,-1.4006765007479105,-1.5934762991634093
2165,21.650000000000002,-1.4004238126695445,-1.59626288027796
2166,21.66,-1.3937330247975424,-1.5982925988380736
2167,21.67,-1.4037817965471262,-1.6008163738931989
2168,21.68,-1.4021716033469096,-1.6003489251305403
2169,21.69,-1.3949934720839992,-1.599519466375717
2170,21.7,-1.4051834545370017,-1.6040532614675844
2171,21.71,-1.4040710578674414,-1.6056078463397694
2172,21.72,-1.4025804704214981,-1.6033518467353816
2173,21.73,-1.40015497337922,-1.6066128796194303
2174,21.740000000000002,-1.4038618460942283,-1.6087067552016039
2175,21.75,-1.3970747407314332,-1.6081991799741062
2176,21.76,-1.399624604408439,-1.6071566539980262
2177,21.77,-1.3967167746324498,-1.6098131880191031
2178,21.78,-1.3990923771353232,-1.6085194149527078
2179,21.79,-1.399832729835707,-1.6137836178337228
2180,21.8,-1.3983796071057792,-1.615434581829185
2181,21.81,-1.3930533037069204,-1.6109720976255517
2182,21.82,-1.4029875663445588,-1.6138676990008152
2183,21.830000000000002,-1.3944135100844792,-1.615602453076603
2184,21.84,-1.3959113866417827,-1.618371374919625
2185,21.85,-1.3943535971622454,-1.6206496077640764
2186,21.86,-1.391651208636802,-1.6157451365356716
2187,21.87,-1.3960430855654677,-1.6214057021349064
2188,21.88,-1.4014269009583902,-1.6195635822730907
2189,21.89,-1.397150622584416,-1.6235414835637867
2190,21.900000000000002,-1.3962077996608588,-1.622890903494106
2191,21.91,-1.3999807454405129,-1.623430708099937
2192,21.92,-1.3992142324745453,-1.6216638424859815
2193,21.93,-1.392734533974528,-1.62584312938179
2194,21.94,-1.398382990296925,-1.6274568841824908
2195,21.95,-1.4023699722855174,-1.6275378009487749
2196,21.96,-1.4007541076065415,-1.6264272160117261
2197,21.97,-1.3901984777453433,-1.629784448858356
2198,21.98,-1.3967654216112775,-1.6324883247630801
2199,21.990000000000002,-1.3905086427551057,-1.6303373678506097
2200,22.0,-1.3925797952229944,-1.6351188112214954
2201,22.01,-1.3968301154632925,-1.6340213450555103
2202,22.02,-1.3944463900629591,-1.6338500617915788
2203,22.03,-1.398814839160854,-1.6387524879226865
2204,22.04,-1.396983209047622,-1.6384417415261472
2205,22.05,-1.4034112131412546,-1.635555534129145
2206,22.06,-1.3954604121710876,-1.6376958266049289
2207,22.07,-1.3886336305338225,-1.6389001272125865
2208,22.080000000000002,-1.3955497923971212,-1.6404075834462153
2209,22.09,-1.3967223834944045,-1.643068988833574
2210,22.1,-1.3957789966803131,-1.6414445779836833
2211,22.11,-1.3965951186151109,-1.643466794036008
2212,22.12,-1.38944764211575,-1.6426420088244662
2213,22.13,-1.4027914360475489,-1.6470010084029354
2214,22.14,-1.3860870191480579,-1.6490359313066598
2215,22.150000000000002,-1.3895350013809722,-1.647952574701198
2216,22.16,-1.3938070448633575,-1.6505759530855635
2217,22.17,-1.3922731759433924,-1.6496238118119768
2218,22.18,-1.3916207781820478,-1.652426679025509
2219,22.19,-1.3999590489460152,-1.6513497609083516
2220,22.2,-1.3997219843422422,-1.6545182716106062
2221,22.21,-1.392964892867387,-1.6567517159989191
2222,22.22,-1.3963098758498724,-1.655865099977442
2223,22.23,-1.3906001911039096,-1.6554428072613492
2224,22.240000000000002,-1.397734398956356,-1.6574834538475964
2225,22.25,-1.3913891872229638,-1.6599154037143096
2226,22.26,-1.3931903050425467,-1.6602339959219037
2227,22.27,-1.3962409124866366,-1.659965046236537
2228,22.28,-1.3898618337138327,-1.6633666127792552
2229,22.29,-1.3950219619109554,-1.6618601429804438
2230,22.3,-1.3886284591701836,-1.6654659504678706
2231,22.31,-1.3910990980723639,-1.6635446880586815
2232,22.32,-1.3921714991511356,-1.6653282442199704
2233,22.330000000000002,-1.3906315820256776,-1.664676130722086
2234,22.34,-1.3910953602137428,-1.667214412677488
2235,22.35,-1.3973809486459343,-1.6676379583432828
2236,22.36,-1.387797880283941,-1.670200872492806
2237,22.37,-1.401671175428625,-1.672461608876738
2238,22.38,-1.3913537091529145,-1.6757135825835592
2239,22.39,-1.3921894212445203,-1.673498110861328
2240,22.400000000000002,-1.388939134182994,-1.6747843867504708
2241,22.41,-1.3896213123478427,-1.6771079841054126
2242,22.42,-1.380189469867587,-1.6739254730920032
2243,22.43,-1.3912510774920148,-1.6759005015872133
2244,22.44,-1.3866408946782327,-1.6765324883370525
2245,22.45,-1.38791648833845,-1.6807825510794148
2246,22.46,-1.3874864499160482,-1.681372877368867
2247,22.47,-1.3835924908744481,-1.6839998360306465
2248,22.48,-1.3892453297754566,-1.6818320819401862
2249,22.490000000000002,-1.3808100507457441,-1.6838565805115842
2250,22.5,-1.3902118187899546,-1.6896567493848746
2251,22.51,-1.391556904054084,-1.6877969795332395
2252,22.52,-1.3892168596592696,-1.6839854361656454
2253,22.53,-1.3946964119707042,-1.6921878094998257
2254,22.54,-1.392463631174913,-1.6911699990841775
2255,22.55,-1.397381346322047,-1.688770295063087
2256,22.56,-1.3920295242207972,-1.6912421954796963
2257,22.57,-1.3850528702539322,-1.6917451219294468
2258,22.580000000000002,-1.3890099707171097,-1.6981942083531967
2259,22.59,-1.3896084535394844,-1.699451969400202
2260,22.6,-1.3833684982186931,-1.6963869844567316
2261,22.61,-1.3854193691606569,-1.6995967417875026
2262,22.62,-1.3867604094223913,-1.6975777253967617
2263,22.63,-1.3841147648693477,-1.696894466049105
2264,22.64,-1.379528497203209,-1.6993050941077064
2265,22.650000000000002,-1.3827479970017178,-1.7013888140084799
2266,22.66,-1.3799160060755493,-1.7027133666453875
2267,22.67,-1.3858018486686619,-1.7029611967325033
2268,22.68,-1.3819998318855486,-1.703407789716498
2269,22.69,-1.3845436123186117,-1.7055516403841702
2270,22.7,-1.3884418756454118,-1.7064447730041181
2271,22.71,-1.3920363646011178,-1.708252341545796
2272,22.72,-1.3822641347018279,-1.7102625269720257
2273,22.73,-1.389607663260978,-1.7114727295356595
2274,22.740000000000002,-1.3812842797498104,-1.7130394617036113
2275,22.75,-1.3875761709154404,-1.717305162964037
2276,22.76,-1.3792036801428749,-1.7131342823034112
2277,22.77,-1.387370290433667,-1.7159020932068867
2278,22.78,-1.3820843925257433,-1.7160696498225292
2279,22.79,-1.3827942397234256,-1.7197024739066629
2280,22.8,-1.3795346707774956,-1.7199195251575146
2281,22.81,-1.3799677749539065,-1.7219658121824026
2282,22.82,-1.3783965155167135,-1.7213555228933843
2283,22.830000000000002,-1.3815869979034896,-1.724754422703273
2284,22.84,-1.3854915003527475,-1.7219043046556717
2285,22.85,-1.3808660846677752,-1.7247527822059447
2286,22.86,-1.3815755477617397,-1.7279566422980235
2287,22.87,-1.3815758727285674,-1.7260480472785544
2288,22.88,-1.3867241794565737,-1.7295467454214302
2289,22.89,-1.3760927626113977,-1.7279357495824645
2290,22.900000000000002,-1.3749461528150353,-1.731339641894841
2291,22.91,-1.3738425475309333,-1.7355838110390025
2292,22.92,-1.3723253464316627,-1.7345275453761022
2293,22.93,-1.3801009155972355,-1.7370250918959074
2294,22.94,-1.381367708966628,-1.733729188595675
2295,22.95,-1.3801937933175386,-1.7373484363126952
2296,22.96,-1.3732099516835568,-1.7397685195967798
2297,22.97,-1.3730807645414795,-1.7368802503338705
2298,22.98,-1.3758367703040677,-1.737655315620851
2299,22.990000000000002,-1.3751109571535443,-1.7420576208729728
2300,23.0,-1.3731184595734922,-1.7439147605468406
2301,23.01,-1.3745768275806778,-1.7440529717780509
2302,23.02,-1.3761227999518908,-1.7443183355111704
2303,23.03,-1.3666320658317404,-1.7465380928975962
2304,23.04,-1.3650916480058888,-1.748263424348003
2305,23.05,-1.3688979410899307,-1.7512045880086724
2306,23.06,-1.3687209150930217,-1.7488942833026546
2307,23.07,-1.380343036687903,-1.7518733972803826
2308,23.080000000000002,-1.3780620667375019,-1.7544235964407182
2309,23.09,-1.3761509881877438,-1.7532562960868816
2310,23.1,-1.376091501128556,-1.7563797752949413
2311,23.11,-1.3745584179703951,-1.755769437875099
2312,23.12,-1.3706998894286917,-1.7580290457756858
2313,23.13,-1.366248627086756,-1.7629983558551865
2314,23.14,-1.3715858176049684,-1.7594176561772006
2315,23.150000000000002,-1.3659976774980338,-1.7633399680019568
2316,23.16,-1.3725735082021115,-1.7625922823033828
2317,23.17,-1.3656614100580098,-1.7644996318559447
2318,23.18,-1.3763484901137377,-1.7639877172115217
2319,23.19,-1.3687197630358536,-1.766400520715365
2320,23.2,-1.3712960358814608,-1.769372639186149
2321,23.21,-1.3633172933458555,-1.7702083462814906
2322,23.22,-1.3677053818705596,-1.7714466185165794
2323,23.23,-1.3617258583349072,-1.7754453780686534
2324,23.240000000000002,-1.3648464465734325,-1.7767668773179235
2325,23.25,-1.3684161793726748,-1.7748013072261863
2326,23.26,-1.3701956599473837,-1.7774137801209031
2327,23.27,-1.3727146269633144,-1.7783632786531771
2328,23.28,-1.3633226026492775,-1.7778711509905987
2329,23.29,-1.3596447240529417,-1.7798053225093577
2330,23.3,-1.3636879952388357,-1.779257300356475
2331,23.31,-1.3612333280748707,-1.784259442627582
2332,23.32,-1.363149637617285,-1.7858478426479718
2333,23.330000000000002,-1.3604393085112392,-1.7843126598842196
2334,23.34,-1.364738723002473,-1.786725600213079
2335,23.35,-1.3691742775427498,-1.7893399500926706
2336,23.36,-1.362102742362963,-1.7898411195953872
2337,23.37,-1.363646983310424,-1.7902071810969409
2338,23.38,-1.359716575930464,-1.7928277123517917
2339,23.39,-1.3603843808447538,-1.7923503091841575
2340,23.400000000000002,-1.3643939093831432,-1.797740299087453
2341,23.41,-1.3616487587467714,-1.7950111827190782
2342,23.42,-1.3564818887875207,-1.800295473312919
2343,23.43,-1.3609346324816558,-1.7977628773826124
2344,23.44,-1.360204490804739,-1.8020555858441898
2345,23.45,-1.3596086264933123,-1.8048013244463115
2346,23.46,-1.3568875978662522,-1.8036154679283045
2347,23.47,-1.353333706693541,-1.8048942731773394
2348,23.48,-1.358885445046393,-1.8103257895607596
2349,23.490000000000002,-1.3526611690656332,-1.8097676307907842
2350,23.5,-1.3547019121234225,-1.807828925902446
2351,23.51,-1.3539132222141002,-1.811546515591698
2352,23.52,-1.3600410240238978,-1.8164665328951903
2353,23.53,-1.3472848301925737,-1.81775682810115
2354,23.54,-1.3480607659005068,-1.8190514047042343
2355,23.55,-1.3503513020331626,-1.8196645867920638
2356,23.56,-1.35525687624716,-1.8170180362767971
2357,23.57,-1.3575758501258306,-1.8201500465785514
2358,23.580000000000002,-1.351597138432992,-1.8212698235176894
2359,23.59,-1.351845537842568,-1.8220946112492484
2360,23.6,-1.3488971444283777,-1.8243211074704904
2361,23.61,-1.3488271079178615,-1.8258698462622145
2362,23.62,-1.3484943908525395,-1.8267587383482897
2363,23.63,-1.3428425193091296,-1.8315835765656288
2364,23.64,-1.3570718587601294,-1.8337108020688184
2365,23.650000000000002,-1.3424201113349779,-1.8331331535929152
2366,23.66,-1.338262675888322,-1.8345170663303585
2367,23.67,-1.3487802989484874,-1.834466006921002
2368,23.68,-1.3460553212028894,-1.837333069501259
2369,23.69,-1.3427412566577357,-1.839612109575171
2370,23.7,-1.3416262587345054,-1.838052336139305
2371,23.71,-1.3446773630849036,-1.84267687094647
2372,23.72,-1.3390421091138458,-1.8436200274401506
2373,23.73,-1.3394274125148034,-1.8439031120424827
2374,23.740000000000002,-1.3434825677187263,-1.8482386688001027
2375,23.75,-1.3412127203372968,-1.8475054682632543
2376,23.76,-1.3413648739273965,-1.848657516296162
2377,23.77,-1.341518044034263,-1.8528269290705666
2378,23.78,-1.3381718530766746,-1.853281721378881
2379,23.79,-1.3364453869745445,-1.8575281528653973
2380,23.8,-1.335423432273536,-1.8574766975793515
2381,23.81,-1.3291845889464915,-1.8606257349447397
2382,23.82,-1.336369172855004,-1.8617503551557326
2383,23.830000000000002,-1.331854570052508,-1.860646431648433
2384,23.84,-1.335179349001077,-1.8679239007114674
2385,23.85,-1.3331656130888268,-1.8670705160751229
2386,23.86,-1.337095597400733,-1.8662725681865877
2387,23.87,-1.332870589879568,-1.8667892309852625
2388,23.88,-1.3311780209583703,-1.8710502630637533
2389,23.89,-1.333686201763615,-1.8729515429079784
2390,23.900000000000002,-1.3351332817801769,-1.8729332098542197
2391,23.91,-1.3305135936288812,-1.8763737142159573
2392,23.92,-1.3294040769158677,-1.877745432666407
2393,23.93,-1.3302368410407122,-1.8847484189558805
2394,23.94,-1.337500617427595,-1.8819680631651383
2395,23.95,-1.3279950289304292,-1.8861455514288816
2396,23.96,-1.31431545436549,-1.8846481101609756
2397,23.97,-1.3218781213984234,-1.887814960820181
2398,23.98,-1.3209610796577604,-1.8882936306920974
2399,23.990000000000002,-1.3281890617349084,-1.8926053064245876
2400,24.0,-1.3171738661108898,-1.892460942230669
2401,24.01,-1.326026064962049,-1.8952365896381451
2402,24.02,-1.319493368494779,-1.8979145579855223
2403,24.03,-1.3176322153306945,-1.8971607437044704
2404,24.04,-1.3200062325921469,-1.9018395065382179
2405,24.05,-1.3124915716031218,-1.900917964036957
2406,24.060000000000002,-1.3247359368006384,-1.905201479535423
2407,24.07,-1.317091023286822,-1.905249684700307
2408,24.080000000000002,-1.3173297807434157,-1.9066757755616142
2409,24.09,-1.310119388732507,-1.9087238828086572
2410,24.1,-1.3180018525832373,-1.915371325687778
2411,24.11,-1.3045184059413624,-1.91576944007159
2412,24.12,-1.311238652170524,-1.9157875829078044
2413,24.13,-1.3105892289415633,-1.9189159028114344
2414,24.14,-1.3055891382390437,-1.9186848494286441
2415,24.150000000000002,-1.3110173709029758,-1.922556554607702
2416,24.16,-1.313962973793161,-1.9238505702808617
2417,24.17,-1.3094587350895797,-1.927164177176636
2418,24.18,-1.303864536811209,-1.9281954008747144
2419,24.19,-1.301089798273642,-1.9284600859792376
2420,24.2,-1.3063719181277222,-1.9293334910633628
2421,24.21,-1.301925726802413,-1.9347286374167538
2422,24.22,-1.297414454802809,-1.9364075471072035
2423,24.23,-1.308080069855105,-1.9394356770653807
2424,24.240000000000002,-1.2977912118086747,-1.9438058162460041
2425,24.25,-1.2969808035287727,-1.9391515700206394
2426,24.26,-1.295101448767803,-1.9438408048549123
2427,24.27,-1.2972799763290148,-1.949822559756388
2428,24.28,-1.294445254024176,-1.947550003365383
2429,24.29,-1.2957901094090576,-1.9501136149796012
2430,24.3,-1.2996582683614146,-1.9527793471846366
2431,24.310000000000002,-1.28824862966206,-1.9559436043053957
2432,24.32,-1.2951321001578002,-1.9561263935308129
2433,24.330000000000002,-1.296209626799024,-1.9609731986074384
2434,24.34,-1.2897256084478135,-1.9600131110576355
2435,24.35,-1.2782383733163618,-1.9658121049492727
2436,24.36,-1.28068049432266,-1.9664362455074713
2437,24.37,-1.2835896060890168,-1.9667983421856816
2438,24.38,-1.2860058399202654,-1.9660859848637882
2439,24.39,-1.2825622495642899,-1.9729716214887631
2440,24.400000000000002,-1.2749027043376573,-1.9744153893367618
2441,24.41,-1.2830558092353819,-1.9794144003749214
2442,24.42,-1.2811629134447626,-1.9811063532431368
2443,24.43,-1.2720762256382414,-1.983437512317306
2444,24.44,-1.273341795432882,-1.9853306969597464
2445,24.45,-1.2731833806108677,-1.9856327044279287
2446,24.46,-1.2759415902624942,-1.9885252007922087
2447,24.47,-1.2724224543577374,-1.9914607439810277
2448,24.48,-1.276795549085073,-1.9942904287746823
2449,24.490000000000002,-1.271104297880818,-1.994567035949827
2450,24.5,-1.2599142283300775,-1.9995078889203093
2451,24.51,-1.2658805606454233,-2.0016486607066817
2452,24.52,-1.2589079030136912,-2.008207277040988
2453,24.53,-1.2676907342009043,-2.005287612524365
2454,24.54,-1.261600807076389,-2.0081946269200133
2455,24.55,-1.2661690886881254,-2.012155080278461
2456,24.560000000000002,-1.256046569774697,-2.013220464309772
2457,24.57,-1.2580518224373876,-2.017972462417811
2458,24.580000000000002,-1.2564966399349276,-2.021534873732857
2459,24.59,-1.2457516957538506,-2.0224399773193533
2460,24.6,-1.257824344645368,-2.024378111871881
2461,24.61,-1.2560065069516644,-2.0271062621573313
2462,24.62,-1.2489233603614607,-2.028365923805809
2463,24.63,-1.2483434011392673,-2.031592635437859
2464,24.64,-1.2388530245137555,-2.0341607857681216
2465,24.650000000000002,-1.2449856734209481,-2.035990341069684
2466,24.66,-1.2384946903596488,-2.0391893465775923
2467,24.67,-1.2360766415293616,-2.041973491025419
2468,24.68,-1.2385139771342821,-2.0463336724698244
2469,24.69,-1.2388716174130512,-2.0477473719554022
2470,24.7,-1.2360828413734657,-2.0519548211757903
2471,24.71,-1.2302582154639974,-2.0576127532703623
2472,24.72,-1.2304156419513512,-2.054891547817046
2473,24.73,-1.227340449308635,-2.0596506702865156
2474,24.740000000000002,-1.2311516090358132,-2.060723271860705
2475,24.75,-1.226080935430191,-2.0656691218582157
2476,24.76,-1.221208348197078,-2.0665469126290015
2477,24.77,-1.2203534565840055,-2.0690379228418747
2478,24.78,-1.223648211092709,-2.0722119937251233
2479,24.79,-1.2195708481942045,-2.0732779812669078
2480,24.8,-1.2290789563285192,-2.077204479293771
2481,24.810000000000002,-1.2165762887295057,-2.082094335944881
2482,24.82,-1.2151871382280484,-2.08524533515362
2483,24.830000000000002,-1.214136047670154,-2.0883580596644964
2484,24.84,-1.212700148877402,-2.090182666619265
2485,24.85,-1.2096468634063398,-2.0946380414485204
2486,24.86,-1.2065685082977264,-2.0954124026297696
2487,24.87,-1.2017032582169143,-2.1034062961647693
2488,24.88,-1.205297841147763,-2.103651512578921
2489,24.89,-1.1908280495549421,-2.1086671259435588
2490,24.900000000000002,-1.1952808725069384,-2.1089293472936226
2491,24.91,-1.2052168615420524,-2.1116732806179233
2492,24.92,-1.1912342197442765,-2.11531816844164
2493,24.93,-1.1916354898901516,-2.1175646153257253
2494,24.94,-1.1900379088556476,-2.121376209680533
2495,24.95,-1.186897766373306,-2.1240452790556845
2496,24.96,-1.189222314493213,-2.1278034662984537
2497,24.97,-1.1827269319314577,-2.131809152146939
2498,24.98,-1.186741579756664,-2.1360745978561226
2499,24.990000000000002,-1.1778252224503725,-2.138918910992111
2500,25.0,-1.1810801170963054,-2.1453972722304244
2501,25.01,-1.170108124548406,-2.1480631783578206
2502,25.02,-1.1692945521265656,-2.1500226191251297
2503,25.03,-1.1743531894597172,-2.1528811011157654
2504,25.04,-1.1622626556220932,-2.1558913983749597
2505,25.05,-1.1582036118660761,-2.1575533673874094
2506,25.060000000000002,-1.1593074619593995,-2.161018363269729
2507,25.07,-1.1561380927997877,-2.1666429334443316
2508,25.080000000000002,-1.1521646987565246,-2.170464003245577
2509,25.09,-1.1549980113163014,-2.174082912112243
2510,25.1,-1.1457751533692788,-2.178059682564017
2511,25.11,-1.1444837972685626,-2.179004338507207
2512,25.12,-1.1472001839749684,-2.184696731535961
2513,25.13,-1.1391772407372267,-2.188401689449712
2514,25.14,-1.140383645198418,-2.1911048638973223
2515,25.150000000000002,-1.132454412750561,-2.193575625101722
2516,25.16,-1.1281195791266008,-2.1987795642452577
2517,25.17,-1.1311112219654318,-2.203968409872158
2518,25.18,-1.1259276999539753,-2.205834893612444
2519,25.19,-1.1200350925844744,-2.21323294788511
2520,25.2,-1.1209632807594665,-2.2143085320077454
2521,25.21,-1.1180545505445112,-2.216701916105707
2522,25.22,-1.1171825020580215,-2.222408512408171
2523,25.23,-1.1069706516057334,-2.227937344186056
2524,25.240000000000002,-1.1039122365575977,-2.2316989829852547
2525,25.25,-1.0983347069997997,-2.2322571090579792
2526,25.26,-1.1052856018539072,-2.237976554519631
2527,25.27,-1.0954179979941236,-2.2404587372913376
2528,25.28,-1.0861130853125718,-2.2414564821698417
2529,25.29,-1.0898901883375078,-2.248116985401463
2530,25.3,-1.0843262913446918,-2.255972023360724
2531,25.310000000000002,-1.0876186903171596,-2.257306615192277
2532,25.32,-1.077309531369423,-2.259894510086324
2533,25.330000000000002,-1.0738151394967497,-2.264824336329349
2534,25.34,-1.0706523160463948,-2.26957694828935
2535,25.35,-1.056423109966854,-2.2714154258543267
2536,25.36,-1.051668774320562,-2.2772722779843266
2537,25.37,-1.0602555495913708,-2.2819815229765164
2538,25.38,-1.0487281215255349,-2.2891795644599773
2539,25.39,-1.0441519752490689,-2.2903701803893197
2540,25.400000000000002,-1.048097175371453,-2.2976602447026178
2541,25.41,-1.0341729660250505,-2.295448141091367
2542,25.42,-1.0403362836599415,-2.3041577823271435
2543,25.43,-1.0327427637243844,-2.306680185268302
2544,25.44,-1.0249586532272832,-2.3101645564573428
2545,25.45,-1.018534962938899,-2.3185732280981686
2546,25.46,-1.016180075658055,-2.318615029712032
2547,25.47,-1.0039355448976597,-2.325697996089447
2548,25.48,-1.0031701662953718,-2.327109176079634
2549,25.490000000000002,-1.000129491717702,-2.333512835866484
2550,25.5,-0.9919371369391358,-2.3361236118109594
2551,25.51,-0.9967449714873318,-2.3422447669672644
2552,25.52,-0.981834960023513,-2.345967850767014
2553,25.53,-0.9722434047668251,-2.3505617408732347
2554,25.54,-0.9746408825286286,-2.3560381600474907
2555,25.55,-0.9699712069328922,-2.3617076935901475
2556,25.560000000000002,-0.9543505119396216,-2.363260854059886
2557,25.57,-0.9525852086343151,-2.3711681219485112
2558,25.580000000000002,-0.9461661919029345,-2.3711331796037243
2559,25.59,-0.9445859917922842,-2.3784043473843988
2560,25.6,-0.9377787818926717,-2.3849183152248954
2561,25.61,-0.9325010754719857,-2.387891382318795
2562,25.62,-0.9171729158330346,-2.3916199183547446
2563,25.63,-0.912549503563922,-2.4009793942332665
2564,25.64,-0.9144789750730818,-2.40376564345887
2565,25.650000000000002,-0.8969522842792436,-2.407655696835716
2566,25.66,-0.895354740029418,-2.412786029386312
2567,25.67,-0.8885336686300955,-2.4182708566489706
2568,25.68,-0.879487766146245,-2.4217450124669853
2569,25.69,-0.8751239991717269,-2.427250086710488
2570,25.7,-0.8709218040269597,-2.428878381057887
2571,25.71,-0.8594741121582327,-2.436320849785852
2572,25.72,-0.8520898198262381,-2.4393151225891803
2573,25.73,-0.8543196174063705,-2.4456039012315967
2574,25.740000000000002,-0.837404784078432,-2.448482161712828
2575,25.75,-0.8376468986067624,-2.4570838318497317
2576,25.76,-0.8258883753225501,-2.4597121003361297
2577,25.77,-0.807132726128069,-2.462293967838425
2578,25.78,-0.7979377837993167,-2.4682068595845235
2579,25.79,-0.7983566236580457,-2.4714011850424753
2580,25.8,-0.7813208149808235,-2.47637289880799
2581,25.810000000000002,-0.7745112388440497,-2.481433310024873
2582,25.82,-0.7653154356129955,-2.488373376700856
2583,25.830000000000002,-0.7572159066709228,-2.4902221187536044
2584,25.84,-0.7494496655341835,-2.49723257962836
2585,25.85,-0.7434323078503849,-2.498912213366699
2586,25.86,-0.7281551350779649,-2.5072068100604112
2587,25.87,-0.723526612203324,-2.509264517904406
2588,25.88,-0.7092046701926937,-2.515092856383196
2589,25.89,-0.6995213519281863,-2.517847893535533
2590,25.900000000000002,-0.6835179783721518,-2.527623073026254
2591,25.91,-0.6759182764086018,-2.529156935729679
2592,25.92,-0.6617773627146553,-2.532916158306669
2593,25.93,-0.6545349635379016,-2.5354899394030324
2594,25.94,-0.6463120715839918,-2.5420771231085824
2595,25.95,-0.6308308501753098,-2.545008468457181
2596,25.96,-0.6246529786906326,-2.5491738611128065
2597,25.97,-0.6035427345627755,-2.554808620579973
2598,25.98,-0.5902273125165499,-2.5577829352668244
2599,25.990000000000002,-0.5790045643444576,-2.5618551935403793
2600,26.0,-0.5653864192931619,-2.5659968007834166
2601,26.01,-0.5532541566632487,-2.571461817321753
2602,26.02,-0.5366439583158715,-2.571449882139445
2603,26.03,-0.5227054459033951,-2.57425491917518
2604,26.04,-0.5102991872663025,-2.580300716623233
2605,26.05,-0.49824232145384606,-2.5861211672412283
2606,26.060000000000002,-0.4846089631203468,-2.5872468258116124
2607,26.07,-0.4619952586228567,-2.5919699685864126
2608,26.080000000000002,-0.4495184676107466,-2.5964898056607755
2609,26.09,-0.43418280140693,-2.5984054189010646
2610,26.1,-0.4247249372547539,-2.603377026305488
2611,26.11,-0.4176059980139441,-2.6012207723677983
2612,26.12,-0.3912261103027452,-2.6076704696862962
2613,26.13,-0.3773838083235232,-2.6108568404088244
2614,26.14,-0.36587887165458094,-2.6136864396938835
2615,26.150000000000002,-0.3523744890997626,-2.6173390680258146
2616,26.16,-0.33120432485656975,-2.6182639759870923
2617,26.17,-0.3113593666014628,-2.6204527888319444
2618,26.18,-0.3043438730349784,-2.6256254182583927
2619,26.19,-0.2778362482251084,-2.6233923377343658
2620,26.2,-0.26858330774828476,-2.628661586144732
2621,26.21,-0.24405578233450992,-2.6288651197188573
2622,26.22,-0.2286602323755821,-2.627607526224451
2623,26.23,-0.21040358826652744,-2.6316440134557064
2624,26.240000000000002,-0.18928536054734135,-2.6331589085729727
2625,26.25,-0.1740090005580054,-2.6381651587938753
2626,26.26,-0.15888036011728338,-2.6351271019950064
2627,26.27,-0.1374325639201845,-2.638893746902501
2628,26.28,-0.12405277122016896,-2.636895306362963
2629,26.29,-0.10345614674095795,-2.639865911311402
2630,26.3,-0.08834215408020354,-2.641660308973647
2631,26.310000000000002,-0.0726158722280297,-2.640678488461076
2632,26.32,-0.05266295915650687,-2.6405255868845763
2633,26.330000000000002,-0.02889700118125414,-2.6443209268976764
2634,26.34,-0.015251193455830274,-2.6450428103887456
2635,26.35,0.007230509057865927,-2.643821175556651
2636,26.36,0.016692486864859055,-2.642675907359979
2637,26.37,0.03889934411385014,-2.641452057367232
2638,26.38,0.05349679045693971,-2.6432379973709845
2639,26.39,0.07667375469027654,-2.642177864771317
2640,26.400000000000002,0.09347330564639743,-2.6419878186877317
2641,26.41,0.10689306464751448,-2.6397261467353927
2642,26.42,0.1312625980647833,-2.637630853504574
2643,26.43,0.14724237415092797,-2.6387078268185626
2644,26.44,0.16751781473434343,-2.6395422669128004
2645,26.45,0.1804581710961212,-2.636556697541293
2646,26.46,0.1932787617547866,-2.6320648202337953
2647,26.47,0.21197515764825817,-2.632152466324907
2648,26.48,0.23675505967502172,-2.6292477214498224
2649,26.490000000000002,0.25249405447973927,-2.6288311542161846
2650,26.5,0.2713209093272965,-2.6259375391552844
2651,26.51,0.28449318823819075,-2.623147788926752
2652,26.52,0.3082117530001188,-2.617893896608967
2653,26.53,0.32225672735150984,-2.61899299829146
2654,26.54,0.33635149055229885,-2.6153633554069473
2655,26.55,0.3566576786372019,-2.6124231781817593
2656,26.560000000000002,0.37110233269170523,-2.6113729827167096
2657,26.57,0.38565367407402784,-2.608915673307921
2658,26.580000000000002,0.3953139949950611,-2.607047094499059
2659,26.59,0.4147289809522203,-2.6045472889797154
2660,26.6,0.4278074078796078,-2.5994000279140534
2661,26.61,0.441862024998071,-2.5973558947720248
2662,26.62,0.4561681208080476,-2.5928402087936187
2663,26.63,0.4712290750216741,-2.5897343845481173
2664,26.64,0.4921405080733863,-2.5862278249102095
2665,26.650000000000002,0.5046955655774094,-2.580631284224482
2666,26.66,0.5090023066932448,-2.5786514465920214
2667,26.67,0.5297893013568988,-2.5766731136071885
2668,26.68,0.5453717205634158,-2.5728531295535175
2669,26.69,0.5551934988573098,-2.5700629823473187
2670,26.7,0.564466045874461,-2.5663177560828236
2671,26.71,0.5855185873838183,-2.5621492991698855
2672,26.72,0.5918487366324012,-2.556186179857394
2673,26.73,0.6029111933890711,-2.5530173152108224
2674,26.740000000000002,0.6254548907421038,-2.547543281179873
2675,26.75,0.6320551894183459,-2.5447500280512867
2676,26.76,0.637923018427882,-2.5400083647078153
2677,26.77,0.6563470195133276,-2.534226637993887
2678,26.78,0.6595831153944042,-2.532797750577936
2679,26.79,0.6689293668674586,-2.5269771766979305
2680,26.8,0.6931905661884475,-2.5226456437151223
2681,26.810000000000002,0.695365274054382,-2.5140392563632874
2682,26.82,0.7113084869140811,-2.5138059443794583
2683,26.830000000000002,0.7185260416267155,-2.5069547047998766
2684,26.84,0.7267346356580355,-2.5032253664405375
2685,26.85,0.7384099832571074,-2.4994005551007494
2686,26.86,0.7403596186132595,-2.493675981268468
2687,26.87,0.7566294488400225,-2.489992458090568
2688,26.88,0.7717898146575569,-2.485934042640494
2689,26.89,0.7756546112515184,-2.4790557715830404
2690,26.900000000000002,0.7897487959646622,-2.4765248188360696
2691,26.91,0.7929804763244029,-2.4684428417485718
2692,26.92,0.8107216996272287,-2.465852949531273
2693,26.93,0.8118843318229761,-2.4599225292933786
2694,26.94,0.8239332812699929,-2.4581369705304152
2695,26.95,0.8306893320896969,-2.452968128060007
2696,26.96,0.8329941824819787,-2.44831610829566
2697,26.97,0.8541819409314717,-2.442246671936244
2698,26.98,0.8517681666116779,-2.4388636434841704
2699,26.990000000000002,0.8602693501326585,-2.432064438668422
2700,27.0,0.8648172630381987,-2.430217718054854
2701,27.01,0.8716270840170268,-2.4265419854493624
2702,27.02,0.8835933905531094,-2.4198655332790135
2703,27.03,0.8926236220879933,-2.415328235182223
2704,27.04,0.8912219778275894,-2.4088287389131353
2705,27.05,0.9016897791614065,-2.404620588578324
2706,27.060000000000002,0.9019068601401935,-2.40401535761587
2707,27.07,0.9127439512602892,-2.3954270557960973
2708,27.080000000000002,0.9243870425557141,-2.3909593593462213
2709,27.09,0.9225334244967303,-2.385907758670641
2710,27.1,0.9241417085670977,-2.3809986632781817
2711,27.11,0.9361676334778274,-2.3748520180257198
2712,27.12,0.9440937732858143,-2.373073055842188
2713,27.13,0.9481104615834486,-2.3663088658892715
2714,27.14,0.9499011520252701,-2.3617747190515717
2715,27.150000000000002,0.9549902302445884,-2.358592525550539
2716,27.16,0.9660554683275112,-2.3535989264432957
2717,27.17,0.9776557040728797,-2.3516852294571855
2718,27.18,0.978678671527744,-2.345762394448898
2719,27.19,0.985482285354938,-2.3393091723220185
2720,27.2,0.9954938941345398,-2.3356150114399097
2721,27.21,0.9978463743946252,-2.3287373137817533
2722,27.22,1.0015249849503367,-2.3261954562690863
2723,27.23,0.9999825703338425,-2.321750416908388
2724,27.240000000000002,1.0094227630390409,-2.317384954444851
2725,27.25,1.0171192378603742,-2.312411778558763
2726,27.26,1.0202317724176422,-2.308892217571177
2727,27.27,1.0220334592745766,-2.3063936703343058
2728,27.28,1.0200717246155153,-2.299737392732745
2729,27.29,1.030930274957733,-2.296333916382048
2730,27.3,1.0357412439707758,-2.2920277454496247
2731,27.310000000000002,1.0430901512609752,-2.286874221772
2732,27.32,1.0487596810217128,-2.2834594479666355
2733,27.330000000000002,1.0529821617656137,-2.2792278467068448
2734,27.34,1.0616030467576567,-2.278147958730176
2735,27.35,1.0598226459043645,-2.26953194459432
2736,27.36,1.063053884454175,-2.265560729792551
2737,27.37,1.0743934034573461,-2.2639203811797137
2738,27.38,1.0730686754504781,-2.258360485748923
2739,27.39,1.0793338868118534,-2.2532438246152577
2740,27.400000000000002,1.0770314054547123,-2.250924813923928
2741,27.41,1.0826113470931105,-2.2479243707690912
2742,27.42,1.0892851124164813,-2.2416725896329113
2743,27.43,1.0876196082902991,-2.243128067575014
2744,27.44,1.0932053001969637,-2.235281160785817
2745,27.45,1.0944422323995033,-2.2294120338695835
2746,27.46,1.103392982300468,-2.2271146207107018
2747,27.47,1.1054933678755794,-2.221529459453588
2748,27.48,1.1042602527532472,-2.2175195305931137
2749,27.490000000000002,1.1134983154571296,-2.213722135724748
2750,27.5,1.1147473810469486,-2.2119770668219108
2751,27.51,1.1149856434758745,-2.209589371460742
2752,27.52,1.120214917150636,-2.202261844356839
2753,27.53,1.1256156872166412,-2.19651732435814
2754,27.54,1.1297916783387167,-2.19802773549585
2755,27.55,1.1283982272280342,-2.1949247055152576
2756,27.560000000000002,1.1326140676567997,-2.190148046709109
2757,27.57,1.13748067975372,-2.185518260497339
2758,27.580000000000002,1.143521103781763,-2.184259129660866
2759,27.59,1.1425603960791553,-2.176981893937654
2760,27.6,1.1431347407305512,-2.1753212552177223
2761,27.61,1.1429908413026317,-2.173625224977336
2762,27.62,1.1503494740395264,-2.169834077392462
2763,27.63,1.1565480377655677,-2.163874197077947
2764,27.64,1.1664989294401893,-2.1626064528049445
2765,27.650000000000002,1.1675740689282692,-2.1594265949813405
2766,27.66,1.1592906834129604,-2.1566253029607645
2767,27.67,1.1631405394935916,-2.1520210632991055
2768,27.68,1.161531660675698,-2.1475170146443148
2769,27.69,1.173506247387816,-2.1394935571176648
2770,27.7,1.1735824048874084,-2.1388610973364086
2771,27.71,1.1758245461749577,-2.138555726991164
2772,27.72,1.1705125559212088,-2.1342000336036593
2773,27.73,1.1814942414906535,-2.1309748990414525
2774,27.740000000000002,1.1828266993382244,-2.126738401876349
2775,27.75,1.1821519517365702,-2.124681771241975
2776,27.76,1.1820334842641766,-2.1214993527124313
2777,27.77,1.1860257750045482,-2.1175364982601557
2778,27.78,1.1934319563257423,-2.112414013714216
2779,27.79,1.2015102902389871,-2.111926026023318
2780,27.8,1.2026488211354893,-2.1052828380702655
2781,27.810000000000002,1.2010800713127316,-2.1061764947691266
2782,27.82,1.2052255026569354,-2.103633979218663
2783,27.830000000000002,1.201829529210127,-2.0999151869156565
2784,27.84,1.1988082344136661,-2.0965991789232175
2785,27.85,1.2025149874408436,-2.0938720260250983
2786,27.86,1.2094880294059007,-2.089899237849327
2787,27.87,1.2051261124756403,-2.0871108386490214
2788,27.88,1.2139660282509186,-2.0816242205479565
2789,27.89,1.211975809324396,-2.079229592208928
2790,27.900000000000002,1.2219175706520675,-2.0751908593493678
2791,27.91,1.216363705591039,-2.0747401991046517
2792,27.92,1.2189290750773596,-2.073725993413914
2793,27.93,1.220068741066014,-2.069409775037648
2794,27.94,1.2230201690572808,-2.0674743432732186
2795,27.95,1.2225433567391994,-2.0648189956359144
2796,27.96,1.2328496556378477,-2.059390912249138
2797,27.97,1.232252711966118,-2.059009368084076
2798,27.98,1.2273252176126848,-2.0564451971106834
2799,27.990000000000002,1.2324582723051511,-2.054348997181118
2800,28.0,1.2343836870657328,-2.0512580275380006
2801,28.01,1.2356215946130111,-2.0466725565238826
2802,28.02,1.236389665476665,-2.046156584479043
2803,28.03,1.2391015429585661,-2.0420200081107365
2804,28.04,1.2376460859689835,-2.0381941334457627
2805,28.05,1.2449031933937682,-2.0345143066691036
2806,28.060000000000002,1.2457926224719784,-2.0342983564527533
2807,28.07,1.2451737240721341,-2.0310322943037384
2808,28.080000000000002,1.2393556043232408,-2.0281365100808966
2809,28.09,1.251583633190972,-2.0261854839903055
2810,28.1,1.2566384021412076,-2.0244905228545957
2811,28.11,1.2503048204144744,-2.021016511044797
2812,28.12,1.2562306714050024,-2.0165934748290186
2813,28.13,1.2500863433508087,-2.0134311245846623
2814,28.14,1.2544362136610208,-2.0102219308513125
2815,28.150000000000002,1.258991828018759,-2.0107662023695485
2816,28.16,1.2628810375262318,-2.011208928165195
2817,28.17,1.2601554840050477,-2.005751885654095
2818,28.18,1.2600854115553832,-2.005669298816513
2819,28.19,1.2679062408979036,-2.003220252696079
2820,28.2,1.2666822262973079,-1.9980918257954436
2821,28.21,1.2709609553941428,-1.99515427658325
2822,28.22,1.2648148221587945,-1.9930734257161735
2823,28.23,1.2685135590150902,-1.9900197350864048
2824,28.240000000000002,1.2737959982822642,-1.9915251534829472
2825,28.25,1.2745336725867913,-1.985791661950763
2826,28.26,1.2794024890969666,-1.983149074796301
2827,28.27,1.2824237695911447,-1.980477028204847
2828,28.28,1.2707706738339934,-1.9790255489670476
2829,28.29,1.2805714154144001,-1.9769688737262303
2830,28.3,1.2856763825501087,-1.9733953915639373
2831,28.310000000000002,1.2828246175210105,-1.9729275172108052
2832,28.32,1.2821572250851394,-1.9690792385049565
2833,28.330000000000002,1.2820690058477102,-1.9655719058334908
2834,28.34,1.2818848981033013,-1.9641489132410197
2835,28.35,1.2914233731023177,-1.9632337827065267
2836,28.36,1.2729450974470482,-1.9596759382641622
2837,28.37,1.2841458713999028,-1.9580857420437823
2838,28.38,1.2890905107733213,-1.9566223608854225
2839,28.39,1.2884265374003034,-1.9550994121107115
2840,28.400000000000002,1.2883844166456655,-1.9487658700925006
2841,28.41,1.2927057662997514,-1.9467069636108971
2842,28.42,1.2925592866265556,-1.9466703874117979
2843,28.43,1.2966135113597965,-1.9462646113926392
2844,28.44,1.3055510827753243,-1.9426081232763486
2845,28.45,1.3007921696241262,-1.9413899793771163
2846,28.46,1.2941553718010923,-1.93686273264737
2847,28.47,1.2956014398852467,-1.9379113961402064
2848,28.48,1.2995403168000697,-1.9337365997141338
2849,28.490000000000002,1.2979391682476382,-1.9341388902071532
2850,28.5,1.303722104156008,-1.931527204433482
2851,28.51,1.3058697887611528,-1.9266895681284189
2852,28.52,1.30184866718485,-1.9262752293107404
2853,28.53,1.3043050481348832,-1.9238697793501045
2854,28.54,1.3077966221308244,-1.9222359714585515
2855,28.55,1.311704007244131,-1.920002922162064
2856,28.560000000000002,1.3071848306382436,-1.9159686003092844
2857,28.57,1.307922937064137,-1.9179000608748582
2858,28.580000000000002,1.3087310376306076,-1.9186449324933996
2859,28.59,1.3044930439919982,-1.9115937074209748
2860,28.6,1.3141018259326818,-1.910710956101839
2861,28.61,1.3099579201767342,-1.91030903397609
2862,28.62,1.3107396682649064,-1.9063822226635494
2863,28.63,1.3162081337723401,-1.9058721972076629
2864,28.64,1.3179076868894188,-1.9027940454900196
2865,28.650000000000002,1.3076570489624535,-1.9003688158096848
2866,28.66,1.31522252026936,-1.8977882665335186
2867,28.67,1.3193927098104696,-1.8982021195976462
2868,28.68,1.315769017120786,-1.8963862558080629
2869,28.69,1.3130474704407713,-1.895228654286896
2870,28.7,1.3218484703421038,-1.8956915384621102
2871,28.71,1.3203936009654698,-1.8896136432854964
2872,28.72,1.320921257159611,-1.888827321366516
2873,28.73,1.3244635104570972,-1.8890185390676153
2874,28.740000000000002,1.3210697861504561,-1.885821518110629
2875,28.75,1.3264052348342543,-1.883690295282191
2876,28.76,1.3222175618909444,-1.8831887238571294
2877,28.77,1.329539935743766,-1.879665243647999
2878,28.78,1.32295885650529,-1.8768896056257751
2879,28.79,1.3223729972581852,-1.8719881338173372
2880,28.8,1.3246005457923409,-1.8725221844135367
2881,28.810000000000002,1.326481483861205,-1.8739597458837394
2882,28.82,1.3203466240368424,-1.8741584366989132
2883,28.830000000000002,1.3256468133285348,-1.8702484864252333
2884,28.84,1.332524079077471,-1.870441631606554
2885,28.85,1.331316278234382,-1.867555922789078
2886,28.86,1.3257296426408753,-1.8615184643941978
2887,28.87,1.3322571612472895,-1.8615281007320983
2888,28.88,1.3270546913190546,-1.8625377264476572
2889,28.89,1.3229006546372313,-1.8591251812544167
2890,28.900000000000002,1.3245698481144537,-1.8596397716083388
2891,28.91,1.3394714896929787,-1.8568232131815012
2892,28.92,1.3365589389279506,-1.8548148230554369
2893,28.93,1.3384251647514678,-1.8505463078648363
2894,28.94,1.3326315905869826,-1.852280563672904
2895,28.95,1.3359633995869629,-1.8474173147208228
2896,28.96,1.33926994208063,-1.8464114762533397
2897,28.97,1.3449876606986895,-1.8481459058835836
2898,28.98,1.3389578314677493,-1.8489261891005904
2899,28.990000000000002,1.340934037437741,-1.8473544482150492
2900,29.0,1.3310911078833254,-1.8444958486978913
2901,29.01,1.339573679048089,-1.8386298311637286
2902,29.02,1.3398899629990066,-1.8404556331617021
2903,29.03,1.3424865479150951,-1.8371316340082546
2904,29.04,1.3417552079436734,-1.8336567239069632
2905,29.05,1.3399797905899289,-1.8379219348489706
2906,29.060000000000002,1.3390635730915748,-1.834061197068557
2907,29.07,1.3442818373482568,-1.8321396365998701
2908,29.080000000000002,1.3390571530343545,-1.8289497691944574
2909,29.09,1.34391210470286,-1.8290050166343554
2910,29.1,1.3407170248696147,-1.8241115027269048
2911,29.11,1.3468127605058535,-1.8232986034806278
2912,29.12,1.3452152439455185,-1.8219124614962943
2913,29.13,1.3489795027049858,-1.822587263581076
2914,29.14,1.3511075324613966,-1.8171086684824072
2915,29.150000000000002,1.3443485706044658,-1.8180377676381207
2916,29.16,1.3458746247202382,-1.8189185102684555
2917,29.17,1.3523948770137912,-1.8166320745012854
2918,29.18,1.3471524273880824,-1.8136946373759484
2919,29.19,1.3512196052253467,-1.813215490268511
2920,29.2,1.350744657321861,-1.810453323539851
2921,29.21,1.3487948950216664,-1.810201574773021
2922,29.22,1.3487461968238008,-1.8099816181608437
2923,29.23,1.35249425530162,-1.8064423043651954
2924,29.240000000000002,1.3570843105453043,-1.8068695307931621
2925,29.25,1.3539539187879592,-1.8058565978047878
2926,29.26,1.3502470385758916,-1.8025907139336337
2927,29.27,1.350993113962204,-1.800650785734589
2928,29.28,1.3494204622250532,-1.8014833878474703
2929,29.29,1.3530179795791601,-1.800193949535903
2930,29.3,1.3528199181050662,-1.797622379809677
2931,29.310000000000002,1.3498791997436794,-1.7993923328666979
2932,29.32,1.3571514936187818,-1.795255348164256
2933,29.330000000000002,1.3542585832420035,-1.7946562901552183
2934,29.34,1.3563483369651457,-1.7926430493958627
2935,29.35,1.353164704041382,-1.7939395979093606
2936,29.36,1.3514853454412692,-1.7894896421286315
2937,29.37,1.3495598348112792,-1.7892274107197916
2938,29.38,1.3612635664196544,-1.7867770404752183
2939,29.39,1.3551718893520552,-1.783003081649791
2940,29.400000000000002,1.3579762415177983,-1.7837945513072577
2941,29.41,1.3586191113304613,-1.7778659514892372
2942,29.42,1.356387614408785,-1.7808612264672032
2943,29.43,1.3541239872991555,-1.7807208083415442
2944,29.44,1.3610454852264335,-1.7746420009095392
2945,29.45,1.3632669313676364,-1.7775917113818664
2946,29.46,1.3658536212070314,-1.7781355714412854
2947,29.47,1.363421168737257,-1.7747282014441306
2948,29.48,1.3547511150090106,-1.7725379067477083
2949,29.490000000000002,1.3598416991896327,-1.771387883701503
2950,29.5,1.3709301577136856,-1.767406169900531
2951,29.51,1.3623725633650052,-1.7666791411501357
2952,29.52,1.3644386385321237,-1.7671227435686754
2953,29.53,1.3652268557545018,-1.7654129653633355
2954,29.54,1.3686807886370054,-1.7630708729358018
2955,29.55,1.3674605405761537,-1.7647455959575251
2956,29.560000000000002,1.3655842759644685,-1.7610558307271884
2957,29.57,1.3608073453990843,-1.7617744351238125
2958,29.580000000000002,1.366202068740322,-1.7612785717870783
2959,29.59,1.3620157366506085,-1.758133880638749
2960,29.6,1.375880985551115,-1.754764300486218
2961,29.61,1.3625933177026508,-1.7560572972611175
2962,29.62,1.3659626152233428,-1.7546296081957182
2963,29.63,1.3728449323095862,-1.7560521859766813
2964,29.64,1.3683603448533928,-1.7510993996572892
2965,29.650000000000002,1.3778387527615745,-1.7490668208092497
2966,29.66,1.3639653090790707,-1.7484885183534413
2967,29.67,1.373433495708934,-1.7501235802737776
2968,29.68,1.376090455581884,-1.7455975425366728
2969,29.69,1.3762389173284155,-1.7461410071775252
2970,29.7,1.3659741326042132,-1.7432118639804814
2971,29.71,1.3744542524148,-1.7425999904428917
2972,29.72,1.3790595775942351,-1.7410876320852395
2973,29.73,1.3652884829652192,-1.7401167855739663
2974,29.740000000000002,1.3706756005452048,-1.7374156296532512
2975,29.75,1.3737957999376966,-1.7357618452555739
2976,29.76,1.375614951689559,-1.7374646640405258
2977,29.77,1.3663451546309908,-1.7371931805404424
2978,29.78,1.3695405948473858,-1.7342556597804215
2979,29.79,1.3773668639579764,-1.7308543547268436
2980,29.8,1.3716458375544844,-1.7329054616344977
2981,29.810000000000002,1.3788476390331015,-1.7339655474513318
2982,29.82,1.3776039417030506,-1.7293874439162704
2983,29.830000000000002,1.372169090564383,-1.728774938278357
2984,29.84,1.3720620630144134,-1.725208238830633
2985,29.85,1.374998158753112,-1.726081734493753
2986,29.86,1.3774907356675223,-1.7244453609182833
2987,29.87,1.3737932542295757,-1.721635161057944
2988,29.88,1.374565001660661,-1.720791144756233
2989,29.89,1.3767149790506141,-1.7197467608976884
2990,29.900000000000002,1.3822231773148985,-1.7186945270895995
2991,29.91,1.3769747246494524,-1.7204138400414242
2992,29.92,1.3805441390963755,-1.7173011238751588
2993,29.93,1.3798677876395802,-1.7187558078305267
2994,29.94,1.3810820357066371,-1.7147230069408315
2995,29.95,1.3731212127819583,-1.7121751473044977
2996,29.96,1.379188049732235,-1.7136943301502325
2997,29.97,1.3770323534440878,-1.712557838604909
2998,29.98,1.3803100891886535,-1.711603706775069
2999,29.990000000000002,1.377869016556199,-1.7088003673332912
