,t,x,y
0,0.0,-1.4024849257806096,-1.427014788862657
1,0.01,-1.3952582714753712,-1.4261581358622848
2,0.02,-1.4037467327820312,-1.42765715527188
3,0.03,-1.4054100593537495,-1.427939069447967
4,0.04,-1.4031337667144228,-1.4313080672085698
5,0.05,-1.4027852807162684,-1.4290352839642932
6,0.06,-1.4022454134408622,-1.434481216632943
7,0.07,-1.4073578108490201,-1.4340311087105435
8,0.08,-1.4077534644857426,-1.435445973896897
9,0.09,-1.4017044821879252,-1.4367914927753849
10,0.1,-1.399842817676095,-1.4408189807689573
11,0.11,-1.40697520783429,-1.436905023021257
12,0.12,-1.4003112230652315,-1.441061041375379
13,0.13,-1.4030107154890326,-1.4414557536422277
14,0.14,-1.4056412836234715,-1.4419806211587347
15,0.15,-1.4068936050614984,-1.4448710230409172
16,0.16,-1.4067510980625757,-1.4433862349679565
17,0.17,-1.4053425408498048,-1.4478678698704082
18,0.18,-1.4093683851361023,-1.4454646638612367
19,0.19,-1.4080561030994945,-1.450880538697742
20,0.2,-1.3975620042169443,-1.450087362997291
21,0.21,-1.4081178638641672,-1.449865427149012
22,0.22,-1.4054195168645205,-1.4505323849038576
23,0.23,-1.3977034481530577,-1.4510548174063775
24,0.24,-1.4040859431538764,-1.454382490453134
25,0.25,-1.4047843917347878,-1.4543660311225757
26,0.26,-1.402195940673393,-1.4555386028222408
27,0.27,-1.4056858295103145,-1.4546596634450193
28,0.28,-1.397349014940814,-1.4606304328363675
29,0.29,-1.4060716052876767,-1.460214053438684
30,0.3,-1.4013887819689326,-1.4595387183742148
31,0.31,-1.4054024777833969,-1.4597520886657873
32,0.32,-1.4111966534394749,-1.4590053456075789
33,0.33,-1.4128523830202881,-1.4637964736592939
34,0.34,-1.4102192888942378,-1.4642427610680855
35,0.35000000000000003,-1.4069140761945285,-1.4633557851591819
36,0.36,-1.400908888448959,-1.4677658466311172
37,0.37,-1.4029154222810671,-1.4652580955257757
38,0.38,-1.4076016765382338,-1.4680975442011401
39,0.39,-1.4072780116344317,-1.4676382331500262
40,0.4,-1.4059480115124365,-1.470696042395736
41,0.41000000000000003,-1.4068850371419261,-1.470954690549302
42,0.42,-1.409742245589156,-1.4723156691087682
43,0.43,-1.4112957152723362,-1.4746864653627274
44,0.44,-1.4033988600836895,-1.4770815782237223
45,0.45,-1.4108755812708238,-1.4749490644181276
46,0.46,-1.4030574490639436,-1.477941837107222
47,0.47000000000000003,-1.408465134420918,-1.4776228316017375
48,0.48,-1.411867176399232,-1.4812048877117894
49,0.49,-1.4075264522239477,-1.4804584511568342
50,0.5,-1.4083503400179826,-1.4825138425073878
51,0.51,-1.4119196281698652,-1.4839628623972176
52,0.52,-1.4125439951586671,-1.484034642423303
53,0.53,-1.4178006583363294,-1.4831360688705664
54,0.54,-1.4061628095644811,-1.485245648863806
55,0.55,-1.4028257942774165,-1.484478733785588
56,0.56,-1.4163558497828963,-1.4887810528142666
57,0.5700000000000001,-1.4083382102883104,-1.4872850736802703
58,0.58,-1.416724905880191,-1.4884103875853818
59,0.59,-1.414968853057652,-1.492318597552163
60,0.6,-1.408371208128005,-1.492066006621075
61,0.61,-1.4100766921059025,-1.49041533316404
62,0.62,-1.4181330563072343,-1.495357520231607
63,0.63,-1.4136130946717498,-1.4991984571964745
64,0.64,-1.4153576582154412,-1.496668207101238
65,0.65,-1.4094169178610347,-1.4970958130833543
66,0.66,-1.415119012882943,-1.4984545029356489
67,0.67,-1.415324994782099,-1.5009152818257225
68,0.68,-1.4096908343010506,-1.5018387698202027
69,0.6900000000000001,-1.4168301310992997,-1.4996699090133545
70,0.7000000000000001,-1.410763334813877,-1.5034788829241856
71,0.71,-1.4136817713060068,-1.502224998609958
72,0.72,-1.412184974655252,-1.5031388178052827
73,0.73,-1.4155348738022249,-1.5027223045598368
74,0.74,-1.4145378200041145,-1.5073522634172754
75,0.75,-1.4161890896109373,-1.508327003581563
76,0.76,-1.4125773285882584,-1.5079694173778533
77,0.77,-1.4122627967461705,-1.5099053970117917
78,0.78,-1.4211754960452943,-1.5110436676177381
79,0.79,-1.426234583166792,-1.5105781151224975
80,0.8,-1.4107972491785494,-1.5107450813140775
81,0.81,-1.4229031580745606,-1.511246700227637
82,0.8200000000000001,-1.4168502252058637,-1.5124001370017957
83,0.8300000000000001,-1.4177865388193116,-1.5143528804894386
84,0.84,-1.4151801530825745,-1.5130243733372277
85,0.85,-1.4159434485798823,-1.5179459752943512
86,0.86,-1.4146096632711604,-1.5175264085606746
87,0.87,-1.4044455852923325,-1.5200753975123473
88,0.88,-1.411485309428758,-1.5205695451227017
89,0.89,-1.4131386448730971,-1.5217682131110368
90,0.9,-1.415861024231715,-1.521404614268688
91,0.91,-1.4181075719241605,-1.5254566949366677
92,0.92,-1.4162919743935634,-1.5224436697153172
93,0.93,-1.4137155904327414,-1.5252410779827696
94,0.9400000000000001,-1.4153233599843442,-1.5264601302037708
95,0.9500000000000001,-1.412097486650974,-1.5252216704994002
96,0.96,-1.4152507966804644,-1.528979756544361
97,0.97,-1.4186726831184173,-1.5318005985238567
98,0.98,-1.4043491373728223,-1.5307237530702558
99,0.99,-1.4072406623479143,-1.5312979919061813
100,1.0,-1.4138511591936072,-1.5336274489464012
101,1.01,-1.4081912717682032,-1.5334191620663888
102,1.02,-1.4188022390220334,-1.5355121371716849
103,1.03,-1.4169554579805403,-1.5366527477933982
104,1.04,-1.4163790560508898,-1.539092947498704
105,1.05,-1.4139101767270215,-1.5387710505310577
106,1.06,-1.4130225546791462,-1.537888593990337
107,1.07,-1.4159772037966032,-1.5387578844351937
108,1.08,-1.415718237580648,-1.540728320041441
109,1.09,-1.4200518265371067,-1.5429482605169706
110,1.1,-1.4177477864979307,-1.5410240334842487
111,1.11,-1.4160853111180898,-1.5430015277735034
112,1.12,-1.4147843791026462,-1.5465594565223433
113,1.1300000000000001,-1.4139741170734672,-1.545673307715588
114,1.1400000000000001,-1.4209307852357433,-1.547139808850615
115,1.1500000000000001,-1.4209649979200338,-1.5458164629012516
116,1.16,-1.4216335134709954,-1.5448671666961078
117,1.17,-1.4107343934673071,-1.548662952445655
118,1.18,-1.410904568635588,-1.5504075559278416
119,1.19,-1.4140017391532675,-1.551119609924951
120,1.2,-1.4136485557698408,-1.5537300481058371
121,1.21,-1.4271764335515877,-1.5536325542177472
122,1.22,-1.4256859266436572,-1.5547290093087383
123,1.23,-1.411175214894272,-1.556132375445786
124,1.24,-1.414348461241732,-1.556716996548388
125,1.25,-1.4153106428943885,-1.5571149599549994
126,1.26,-1.4201267001243185,-1.5591581408295139
127,1.27,-1.420751516212854,-1.558789515274287
128,1.28,-1.4224077742063552,-1.5572572360490342
129,1.29,-1.418264356893407,-1.5603578704458743
130,1.3,-1.4165063980933446,-1.564654608337928
131,1.31,-1.4141144173062643,-1.5653823819017672
132,1.32,-1.4179256604838217,-1.5661928403316427
133,1.33,-1.4192895125044072,-1.5661289088954966
134,1.34,-1.4255549881939054,-1.5662448644891271
135,1.35,-1.4198355462078422,-1.5698018442215727
136,1.36,-1.4103938585545286,-1.5654754817581016
137,1.37,-1.4218246404814794,-1.57176565433043
138,1.3800000000000001,-1.4147424176028498,-1.56926572760439
139,1.3900000000000001,-1.4178717876610314,-1.5690956975962573
140,1.4000000000000001,-1.4175985821608477,-1.572170931742481
141,1.41,-1.415740978954065,-1.5712218215410796
142,1.42,-1.4084620520344722,-1.5718617107540824
143,1.43,-1.4119166246665356,-1.5758796242495887
144,1.44,-1.4208792393056229,-1.5774329697395753
145,1.45,-1.4201346403919208,-1.5780613315848724
146,1.46,-1.410674583561428,-1.5773356100428217
147,1.47,-1.4129800077947752,-1.5801134457130204
148,1.48,-1.4178945802914011,-1.5793282634645864
149,1.49,-1.4221789276386771,-1.5798445422070293
150,1.5,-1.4233633280098203,-1.5828386240148626
151,1.51,-1.4175827642641623,-1.5834907386335015
152,1.52,-1.4188177384647318,-1.5857202051546688
153,1.53,-1.420563566404756,-1.5873082400644323
154,1.54,-1.4221913326173738,-1.5846568838260289
155,1.55,-1.4207497147604113,-1.5858890812141748
156,1.56,-1.4117630258312337,-1.5877469308865835
157,1.57,-1.4163532057180221,-1.5892800453951879
158,1.58,-1.4184536350496777,-1.590337081012216
159,1.59,-1.4217829529681352,-1.5898488952231093
160,1.6,-1.423481573065852,-1.5902821078989073
161,1.61,-1.4175390146453524,-1.5922708517628443
162,1.62,-1.4101998837920384,-1.5935347287002366
163,1.6300000000000001,-1.416802038896859,-1.5959515201868675
164,1.6400000000000001,-1.4215413503766021,-1.595424208661135
165,1.6500000000000001,-1.4180697735165206,-1.594149778158093
166,1.6600000000000001,-1.408473088370583,-1.597155034940311
167,1.67,-1.4271905865885086,-1.5976220312727414
168,1.68,-1.42127895525431,-1.598504859560419
169,1.69,-1.4121153974265466,-1.599627299456376
170,1.7,-1.4239663672098002,-1.6030450560577854
171,1.71,-1.4125589127351352,-1.6044359194075424
172,1.72,-1.4206059353397358,-1.6020741815480972
173,1.73,-1.4164151644018528,-1.606394282254237
174,1.74,-1.4205391245468304,-1.6067687306965925
175,1.75,-1.421056901855159,-1.608487792327011
176,1.76,-1.4177355772766749,-1.6075868252253702
177,1.77,-1.4180565002595034,-1.6091030643697442
178,1.78,-1.411397551895796,-1.6103827499364143
179,1.79,-1.4203294460083846,-1.6130935834002789
180,1.8,-1.4119050780541007,-1.610823676780937
181,1.81,-1.417829813026283,-1.613657508560413
182,1.82,-1.4143013254723917,-1.615371387064099
183,1.83,-1.4213654795492436,-1.615242386591396
184,1.84,-1.418374243369103,-1.6169466804234347
185,1.85,-1.4139666500226875,-1.6135454722859655
186,1.86,-1.4090498713246093,-1.6211895315985487
187,1.87,-1.414348902349577,-1.6169325121601468
188,1.8800000000000001,-1.4110895506000203,-1.6203489258348711
189,1.8900000000000001,-1.4189577061743837,-1.621191013136508
190,1.9000000000000001,-1.4158838956660575,-1.622536775311209
191,1.9100000000000001,-1.4179673276472646,-1.622707802780681
192,1.92,-1.418190885480877,-1.6246254610190958
193,1.93,-1.4157442273154968,-1.6274890169507432
194,1.94,-1.4124247934747656,-1.6237764256259568
195,1.95,-1.4111855731912961,-1.6267664861726479
196,1.96,-1.4058143644526653,-1.6295540735555851
197,1.97,-1.4199105812799602,-1.6296957392908666
198,1.98,-1.4126043689383707,-1.6300397348273044
199,1.99,-1.4204224876878726,-1.6327837851756708
200,2.0,-1.418969908480502,-1.62954320206381
201,2.0100000000000002,-1.4136371634240759,-1.6336684494923024
202,2.02,-1.409717708172539,-1.6334561852360197
203,2.0300000000000002,-1.4146911317166568,-1.6346202267127068
204,2.04,-1.4165905440831938,-1.6348567850420317
205,2.05,-1.412170107005223,-1.634521976208766
206,2.06,-1.41758792729372,-1.6405252317554178
207,2.07,-1.4188121537578688,-1.6391983056923993
208,2.08,-1.4133593494209438,-1.6414720689271725
209,2.09,-1.4206208075445643,-1.6417458451498799
210,2.1,-1.4178334641918475,-1.6417303809252306
211,2.11,-1.413897500365283,-1.6443396552349512
212,2.12,-1.4164598849045653,-1.6426310878651877
213,2.13,-1.4165822570562658,-1.6452310656865516
214,2.14,-1.417597216063285,-1.6475273086732602
215,2.15,-1.4138953470210476,-1.6500882035456699
216,2.16,-1.4105310898994967,-1.6491773721246799
217,2.17,-1.4160367510187286,-1.651193232522561
218,2.18,-1.4091933616971837,-1.6525957928725974
219,2.19,-1.4095774050376038,-1.6496661652221478
220,2.2,-1.4089180766273628,-1.654470271038347
221,2.21,-1.4151284846288608,-1.6525866468969062
222,2.22,-1.4086914861112882,-1.652919195544365
223,2.23,-1.4049849934107088,-1.6523156774652026
224,2.24,-1.4164674840969982,-1.6572341658322907
225,2.25,-1.4118645537352685,-1.659055536618432
226,2.2600000000000002,-1.4115445261081287,-1.659720112955703
227,2.27,-1.4102148361321656,-1.6610726959166668
228,2.2800000000000002,-1.407662495502452,-1.663864787609094
229,2.29,-1.4162740095933355,-1.6616052268520705
230,2.3000000000000003,-1.4119275447467377,-1.6615210558828182
231,2.31,-1.414297309401829,-1.6633292525743066
232,2.32,-1.4179133171640093,-1.666379198543419
233,2.33,-1.4113470881458203,-1.665192401650808
234,2.34,-1.4174963493373487,-1.6695821527892716
235,2.35,-1.4130277889602576,-1.6656165186932572
236,2.36,-1.4086607243916531,-1.6701600739513625
237,2.37,-1.399102934500097,-1.6682493440941235
238,2.38,-1.4103048411056078,-1.6702139950304347
239,2.39,-1.406971822069523,-1.6709376659499668
240,2.4,-1.4114568883538419,-1.672809528674977
241,2.41,-1.4177827765256283,-1.6748920345550602
242,2.42,-1.4081972584469362,-1.6762970874795478
243,2.43,-1.403686578051386,-1.6783695851118112
244,2.44,-1.4106010166456566,-1.6786782853060234
245,2.45,-1.4073410073134087,-1.6810343897751403
246,2.46,-1.4115941774804097,-1.6820746340322557
247,2.47,-1.4080168460645393,-1.6830921988200147
248,2.48,-1.4162074047096824,-1.6807993260242156
249,2.49,-1.403352948823422,-1.6845805488316394
250,2.5,-1.411549093012951,-1.685252155402195
251,2.5100000000000002,-1.4044470492441594,-1.6858462209465868
252,2.52,-1.4064594577325542,-1.6865940087231324
253,2.5300000000000002,-1.4095559593736007,-1.6890207069626428
254,2.54,-1.4068574378160803,-1.688009695968569
255,2.5500000000000003,-1.3995413096031881,-1.6918192036021324
256,2.56,-1.4021733428475809,-1.692107467012242
257,2.57,-1.4087610688617036,-1.6931442972774455
258,2.58,-1.3974702190059367,-1.6925609805249557
259,2.59,-1.4069335918408106,-1.695561005166398
260,2.6,-1.4047070933353056,-1.6950678374222794
261,2.61,-1.4112805341155714,-1.6960443600601967
262,2.62,-1.4056363935407254,-1.6990971590965
263,2.63,-1.3944125629061748,-1.7012352664167063
264,2.64,-1.405696905135703,-1.7016387342896813
265,2.65,-1.402677561584696,-1.7028415167918516
266,2.66,-1.3986936993008716,-1.7013417407946583
267,2.67,-1.400538004314962,-1.7033713062706872
268,2.68,-1.4141259041006013,-1.7058058890087997
269,2.69,-1.4045020907827572,-1.704086049572202
270,2.7,-1.4013929907965756,-1.7082306441848425
271,2.71,-1.3962450607416552,-1.709548959682941
272,2.72,-1.4016200139096517,-1.7092944218111252
273,2.73,-1.4046053824270852,-1.710551977555345
274,2.74,-1.4064106512204844,-1.7123872241816742
275,2.75,-1.4033698915464268,-1.7152747891070612
276,2.7600000000000002,-1.402569141461635,-1.7150678964998582
277,2.77,-1.4023779450001885,-1.7176642537308393
278,2.7800000000000002,-1.4019492986273818,-1.7167598005503628
279,2.79,-1.4027888751126896,-1.716513623095402
280,2.8000000000000003,-1.395719474791743,-1.7199601196661853
281,2.81,-1.4026497095331538,-1.7183546149456772
282,2.82,-1.3985696768149263,-1.7198119196405868
283,2.83,-1.3960546613011438,-1.7214999326187057
284,2.84,-1.4014981283522587,-1.7214580731067652
285,2.85,-1.3968831032085463,-1.7246162516777641
286,2.86,-1.39621991866678,-1.7272057904931897
287,2.87,-1.4028346262048403,-1.7286491320361725
288,2.88,-1.395095199792181,-1.730493213875774
289,2.89,-1.3973120943565491,-1.7274043291379386
290,2.9,-1.4001191823384302,-1.7312733913175156
291,2.91,-1.3961408554493984,-1.731840097256869
292,2.92,-1.4001735700715081,-1.7331514834337383
293,2.93,-1.4028210859273453,-1.73571523260228
294,2.94,-1.3941840557771739,-1.7361581341017052
295,2.95,-1.3954514945995533,-1.739321930944731
296,2.96,-1.3899611267665408,-1.7382950045134316
297,2.97,-1.3979838130347386,-1.7382071196672801
298,2.98,-1.399341628834061,-1.7421848642224742
299,2.99,-1.3945254096964872,-1.741083277826054
300,3.0,-1.4026906539764241,-1.7416807309755618
301,3.0100000000000002,-1.3928358195461874,-1.7467640017006412
302,3.02,-1.3916024389453283,-1.7470837810003774
303,3.0300000000000002,-1.3963483242450652,-1.745084107234154
304,3.04,-1.3943532476005849,-1.749998776997939
305,3.0500000000000003,-1.3906058411387228,-1.7500894550734565
306,3.06,-1.3955452866332854,-1.7503529981080679
307,3.0700000000000003,-1.3933304466275065,-1.753326870797788
308,3.08,-1.381542631303624,-1.7567043706724412
309,3.09,-1.3914746591253928,-1.7524135742132767
310,3.1,-1.3942187021738972,-1.7528530800160673
311,3.11,-1.3864319426822425,-1.757644801489846
312,3.12,-1.3924380529341265,-1.7580778922208562
313,3.13,-1.3917563097708394,-1.7617115885870225
314,3.14,-1.393406049608337,-1.7636855677790961
315,3.15,-1.3865136022639286,-1.7617116616826733
316,3.16,-1.398124896846078,-1.763378805704838
317,3.17,-1.3983233662869279,-1.7679340590179937
318,3.18,-1.3847001681594644,-1.765814470904174
319,3.19,-1.3888000641166947,-1.767970214304784
320,3.2,-1.3891931165544489,-1.7681783058957223
321,3.21,-1.384808162309752,-1.7695976452596802
322,3.22,-1.3850580165558475,-1.7696064900257475
323,3.23,-1.3852322628176363,-1.7731409178366835
324,3.24,-1.3853614118578408,-1.7730348821929878
325,3.25,-1.3861430568982553,-1.7720439631830547
326,3.2600000000000002,-1.3815323443389025,-1.7746005910883484
327,3.27,-1.3873575866227053,-1.7778450547598557
328,3.2800000000000002,-1.3883765568535125,-1.7792902895438432
329,3.29,-1.3888290294678725,-1.7830743001515605
330,3.3000000000000003,-1.3883688080776868,-1.7842749462928522
331,3.31,-1.382175867635761,-1.7831822645065853
332,3.3200000000000003,-1.3854612966564315,-1.786894711436273
333,3.33,-1.384842512654549,-1.7870354739298502
334,3.34,-1.3839288952051891,-1.7878929459137451
335,3.35,-1.3868062128267373,-1.7903622197233857
336,3.36,-1.3862831467374075,-1.7893475295915109
337,3.37,-1.3816049639967767,-1.792400134455578
338,3.38,-1.3815961865413755,-1.7927715763560224
339,3.39,-1.3772323785002245,-1.7951214252907441
340,3.4,-1.3755592706283655,-1.7956315000928051
341,3.41,-1.381534231056483,-1.800875677360873
342,3.42,-1.3821135898128531,-1.8021275420156766
343,3.43,-1.3792440774200139,-1.8028353052615533
344,3.44,-1.38319868223439,-1.8021281623022791
345,3.45,-1.3787056462491787,-1.8026911649829895
346,3.46,-1.374105949154442,-1.805432466837853
347,3.47,-1.374287775369287,-1.8031171378658513
348,3.48,-1.3838060560579035,-1.810653352787931
349,3.49,-1.374577884796007,-1.8109274307061283
350,3.5,-1.3802935257532027,-1.8110931068691016
351,3.5100000000000002,-1.3783855535974663,-1.812791865200195
352,3.52,-1.383227080132257,-1.81250271555625
353,3.5300000000000002,-1.3762228177561757,-1.8165928050784321
354,3.54,-1.3744019636209956,-1.8197202438163924
355,3.5500000000000003,-1.3698089104689208,-1.819046867689859
356,3.56,-1.3756102395280987,-1.8224663620070758
357,3.5700000000000003,-1.3707932266587364,-1.8221179992122842
358,3.58,-1.3693533883299829,-1.8208119636974163
359,3.59,-1.372725287084862,-1.8233446017016088
360,3.6,-1.3762465205365242,-1.825473929947883
361,3.61,-1.3710644107393741,-1.8274121229462534
362,3.62,-1.3722349429848981,-1.8310091250301839
363,3.63,-1.3721153260908683,-1.8302719357428718
364,3.64,-1.3694325909693656,-1.8295491754120743
365,3.65,-1.3602618057241183,-1.8332270210889907
366,3.66,-1.3718123197773138,-1.8368476705036938
367,3.67,-1.3663161796184533,-1.8368951983121071
368,3.68,-1.3665693005451736,-1.8406184755340516
369,3.69,-1.3674364398621979,-1.8405783502483941
370,3.7,-1.3614595430476144,-1.8431393592953207
371,3.71,-1.3689005758702049,-1.8424291930667707
372,3.72,-1.360670648772644,-1.8445959292673901
373,3.73,-1.3620104831043787,-1.8472809004089685
374,3.74,-1.362612390545538,-1.849067667940243
375,3.75,-1.3629557504823322,-1.8510430855622941
376,3.7600000000000002,-1.3671620525985817,-1.8512518802899367
377,3.77,-1.358456121990761,-1.8531956921484
378,3.7800000000000002,-1.360422090187056,-1.8549943218788303
379,3.79,-1.3576520079194838,-1.8584546795503196
380,3.8000000000000003,-1.3669015475605737,-1.8588533418328097
381,3.81,-1.3575086426071477,-1.8605754139036494
382,3.8200000000000003,-1.365332931278778,-1.861521494448341
383,3.83,-1.368697751534321,-1.862989952792789
384,3.84,-1.3519345825542384,-1.8658987461298793
385,3.85,-1.3566327387586639,-1.8661412022280266
386,3.86,-1.3568353687748071,-1.866238034486622
387,3.87,-1.3509746282146937,-1.8710302860771693
388,3.88,-1.3496640518593996,-1.87396378277697
389,3.89,-1.3558163555667022,-1.8722997298859796
390,3.9,-1.3531970945140104,-1.8732958561377857
391,3.91,-1.3547218213573322,-1.878749533058844
392,3.92,-1.347405677732283,-1.8813844679120109
393,3.93,-1.3522198113662984,-1.8804820698622982
394,3.94,-1.3497991992719218,-1.8849157212267431
395,3.95,-1.3445084113634511,-1.88425474233468
396,3.96,-1.344847516448602,-1.8855489988206957
397,3.97,-1.3431308184661155,-1.8878467959199317
398,3.98,-1.3507255393283262,-1.8884837555380276
399,3.99,-1.3489310058815631,-1.892424107185421
400,4.0,-1.3509451770141394,-1.8924704684492824
401,4.01,-1.343306137682255,-1.8938323636700545
402,4.0200000000000005,-1.3431863188426432,-1.899710253706874
403,4.03,-1.3371586344839843,-1.9014850528726264
404,4.04,-1.3444282555767462,-1.9032124704526212
405,4.05,-1.3407163556538577,-1.9045942303597128
406,4.0600000000000005,-1.3412123406401792,-1.90120606585575
407,4.07,-1.3339268264705744,-1.9068852529928102
408,4.08,-1.3467183760179668,-1.911130234961514
409,4.09,-1.337497783737102,-1.9096969790494198
410,4.1,-1.3389831792515265,-1.910372302127257
411,4.11,-1.335931121280831,-1.9165113010548327
412,4.12,-1.3309014153785634,-1.91809973838133
413,4.13,-1.330245207266831,-1.9179742316198267
414,4.14,-1.3250588309854439,-1.921388714824748
415,4.15,-1.3264291627107045,-1.9214282711791708
416,4.16,-1.330412583736266,-1.9222701512627094
417,4.17,-1.3288121993158606,-1.9276491283939652
418,4.18,-1.3323611185127704,-1.9272062486769828
419,4.19,-1.3310873065910167,-1.9323459042492201
420,4.2,-1.3282778748333717,-1.9310279300919222
421,4.21,-1.3257972133673739,-1.9379682795971471
422,4.22,-1.327018697414647,-1.9375807174054165
423,4.23,-1.320337105167429,-1.9385642696864984
424,4.24,-1.3251457106736175,-1.9412533315033813
425,4.25,-1.3232059346255307,-1.9411298297607342
426,4.26,-1.3269419977688242,-1.9469150512334394
427,4.2700000000000005,-1.3243298664498138,-1.9469379596374425
428,4.28,-1.322243625276869,-1.9506054638854329
429,4.29,-1.326972788512032,-1.9526233249562168
430,4.3,-1.3165774933221963,-1.9536664233601027
431,4.3100000000000005,-1.3130749087165727,-1.956072082941039
432,4.32,-1.3178272754563463,-1.9592863136052276
433,4.33,-1.3159485615196116,-1.9598659843200004
434,4.34,-1.316234311615275,-1.9641513490910936
435,4.3500000000000005,-1.3149291594790204,-1.9633372440723043
436,4.36,-1.308990594635426,-1.9670593241661378
437,4.37,-1.3212862221273578,-1.9692253312948271
438,4.38,-1.3097339618261343,-1.9730708280333644
439,4.39,-1.3127184914830496,-1.9759014885032888
440,4.4,-1.3070165419226412,-1.9772329141104465
441,4.41,-1.3072928899339833,-1.9822834344514606
442,4.42,-1.3069138941604157,-1.98075187675571
443,4.43,-1.3079127683751066,-1.983252620394651
444,4.44,-1.3036976168172203,-1.9857216105118385
445,4.45,-1.30057585895262,-1.9892799660216387
446,4.46,-1.2981909737594832,-1.9902160998057512
447,4.47,-1.2943156106896176,-1.9941990609218456
448,4.48,-1.3007802408919236,-1.9951266787065467
449,4.49,-1.2984688126384107,-2.00086190131146
450,4.5,-1.305560533130119,-2.0030521846277987
451,4.51,-1.2923024903568157,-2.0057723612343747
452,4.5200000000000005,-1.2962572887969759,-2.0054460055138437
453,4.53,-1.2908177565075898,-2.008907017915005
454,4.54,-1.2970460360438194,-2.0078443755805444
455,4.55,-1.2984134632393776,-2.0151758152843793
456,4.5600000000000005,-1.2861472524311857,-2.017465206602363
457,4.57,-1.2853974439632756,-2.019629810136212
458,4.58,-1.2885336448294755,-2.0239714610874304
459,4.59,-1.2843986171641324,-2.0214708140160424
460,4.6000000000000005,-1.286498545546594,-2.024609215795262
461,4.61,-1.2852357183696885,-2.0292394024927285
462,4.62,-1.2782563246121539,-2.0327994032128824
463,4.63,-1.282332170565008,-2.0338074130309938
464,4.64,-1.2797492796194705,-2.036597290825361
465,4.65,-1.2818885904635562,-2.038735830490398
466,4.66,-1.2718916166645675,-2.0418930562208515
467,4.67,-1.2716244103679182,-2.043877171860259
468,4.68,-1.2766829077367523,-2.046190127267721
469,4.69,-1.2741312431086569,-2.0515926409442087
470,4.7,-1.2764090575045994,-2.053474226871163
471,4.71,-1.2718525280873785,-2.0564908355002074
472,4.72,-1.2742520660688934,-2.058475762224557
473,4.73,-1.2664959202500692,-2.062638738543659
474,4.74,-1.2621821550737025,-2.0656522620060684
475,4.75,-1.2625257975838344,-2.065485241122332
476,4.76,-1.2588552005356628,-2.0712931411463176
477,4.7700000000000005,-1.2606571079608022,-2.0719760697215657
478,4.78,-1.2595327896423032,-2.0773078322318725
479,4.79,-1.2611427400437631,-2.077024795438443
480,4.8,-1.2528487485442876,-2.0843139203035483
481,4.8100000000000005,-1.2585808921563253,-2.0882738976457653
482,4.82,-1.2512628283007463,-2.085567345932824
483,4.83,-1.24752534491745,-2.0939707164859738
484,4.84,-1.2459416323370405,-2.094311989542614
485,4.8500000000000005,-1.2460144191934897,-2.0991593393704484
486,4.86,-1.2410297075990384,-2.103032259614778
487,4.87,-1.2418449809625596,-2.101617606252483
488,4.88,-1.2410547224839783,-2.1084087972706222
489,4.89,-1.2407780960307484,-2.111040712781925
490,4.9,-1.2388730054558355,-2.1150540423849553
491,4.91,-1.2386841810137064,-2.115763593305796
492,4.92,-1.2389629806167657,-2.121963289905444
493,4.93,-1.2260611420297065,-2.125684684236425
494,4.94,-1.231843080662441,-2.1282006542311622
495,4.95,-1.2280868336732096,-2.1297694522609967
496,4.96,-1.2228674920809588,-2.1372829109685427
497,4.97,-1.2261219601561228,-2.1368751218554296
498,4.98,-1.2229987344593753,-2.1411052613892654
499,4.99,-1.220035343728094,-2.1432512464054336
500,5.0,-1.2120462668942071,-2.1476707297150583
501,5.01,-1.2144736390204671,-2.1487442091803337
502,5.0200000000000005,-1.2110883428034593,-2.1565441552256686
503,5.03,-1.2071634151223318,-2.15728299917956
504,5.04,-1.2052596235512572,-2.162672966471794
505,5.05,-1.1985110747951597,-2.16827873688862
506,5.0600000000000005,-1.1980485659463116,-2.1702117440254227
507,5.07,-1.2019510524157482,-2.1713351521804474
508,5.08,-1.1897785161879662,-2.1744102102871166
509,5.09,-1.1925241195274403,-2.1795530752522754
510,5.1000000000000005,-1.1865714033414863,-2.1838789150064524
511,5.11,-1.1892840059279959,-2.187512687690019
512,5.12,-1.1847412983747652,-2.192740889886016
513,5.13,-1.186142424607914,-2.1956790181891046
514,5.14,-1.1761224390963267,-2.1984231043147253
515,5.15,-1.1827845936103172,-2.201802118426701
516,5.16,-1.185083117796272,-2.2039225340972712
517,5.17,-1.1752790540667248,-2.2082102275681517
518,5.18,-1.1732333644012456,-2.212863077630993
519,5.19,-1.1636853422568676,-2.2181083747872994
520,5.2,-1.1685785963624615,-2.2189559573582422
521,5.21,-1.1595653586926147,-2.2262539882594385
522,5.22,-1.1621755332713402,-2.2301800130057923
523,5.23,-1.1513433593090576,-2.2326144624290047
524,5.24,-1.1548402140425307,-2.234971452711816
525,5.25,-1.1496954683992662,-2.2431591378203946
526,5.26,-1.1465943371002947,-2.247727288593441
527,5.2700000000000005,-1.1383550315898991,-2.249727907510343
528,5.28,-1.12845696050936,-2.2525152986311623
529,5.29,-1.1256622442789648,-2.2570594379905637
530,5.3,-1.131024454595804,-2.2642570034767173
531,5.3100000000000005,-1.1283065119444016,-2.267468141047034
532,5.32,-1.1179423287157533,-2.2701339331200887
533,5.33,-1.1176889818865925,-2.272361697968658
534,5.34,-1.1082995329117522,-2.2771185499785718
535,5.3500000000000005,-1.1083081981095597,-2.2828852456874875
536,5.36,-1.1050628044468747,-2.2863179932356044
537,5.37,-1.1009929529102473,-2.2909606526798285
538,5.38,-1.1020434661195668,-2.298650707729279
539,5.39,-1.0965139903459733,-2.302355274416763
540,5.4,-1.0867907375775216,-2.303230231254692
541,5.41,-1.0855016176239614,-2.308379687423532
542,5.42,-1.0857051017422146,-2.3147494745980035
543,5.43,-1.0767771001461413,-2.3188051518488346
544,5.44,-1.0725790463969131,-2.324498844924814
545,5.45,-1.0669820609187752,-2.327025401206535
546,5.46,-1.0660572033563624,-2.3344594682433613
547,5.47,-1.0638710685061705,-2.3329117652018447
548,5.48,-1.0602722299670462,-2.3398693703557094
549,5.49,-1.055358456949937,-2.3447872853248746
550,5.5,-1.040637512670267,-2.3511504759212114
551,5.51,-1.0406127375524281,-2.355668959005452
552,5.5200000000000005,-1.0377919791595123,-2.361129839494971
553,5.53,-1.0283848929110593,-2.3678620600611824
554,5.54,-1.0188116800740896,-2.369350806307026
555,5.55,-1.0230229443235026,-2.3738612445808145
556,5.5600000000000005,-1.0169022428967467,-2.378315753645104
557,5.57,-1.0092745761836852,-2.3825954479970743
558,5.58,-1.0031195441309033,-2.3884136249960934
559,5.59,-0.996665894037457,-2.395464674647297
560,5.6000000000000005,-0.989467348085332,-2.3980916420328
561,5.61,-0.9821310485321786,-2.402335922436056
562,5.62,-0.976842281008392,-2.407960757151906
563,5.63,-0.9722805429434968,-2.4115633977418094
564,5.64,-0.9664346857792748,-2.4152485232871617
565,5.65,-0.9605386433445738,-2.422519935757408
566,5.66,-0.9560632253353039,-2.4296632840321317
567,5.67,-0.9430124269002986,-2.4333052179217844
568,5.68,-0.9375342329185434,-2.435931441951649
569,5.69,-0.9318312917956786,-2.446754125153647
570,5.7,-0.9272113815337039,-2.4502077983570696
571,5.71,-0.9238862105341158,-2.4543984013391205
572,5.72,-0.9032444126156766,-2.457345182306304
573,5.73,-0.9085221445947597,-2.463119792440358
574,5.74,-0.898532849361065,-2.4677267963526344
575,5.75,-0.8921144718527657,-2.4729789920402108
576,5.76,-0.872106611513668,-2.478990396418097
577,5.7700000000000005,-0.867345924269775,-2.485233602639371
578,5.78,-0.8624889432298165,-2.4867100010585648
579,5.79,-0.8557649184004911,-2.4915343173805553
580,5.8,-0.8460073469116405,-2.5006427560557736
581,5.8100000000000005,-0.8393754336834557,-2.5044421818762306
582,5.82,-0.8336280576893371,-2.509332037994006
583,5.83,-0.8142511116573754,-2.5148254378543404
584,5.84,-0.8062931431602225,-2.5188430299170586
585,5.8500000000000005,-0.7934757914643671,-2.5251439207495654
586,5.86,-0.7876116216237833,-2.531958276984164
587,5.87,-0.770276580685943,-2.5332831772606914
588,5.88,-0.7702753297884517,-2.540403924830091
589,5.89,-0.755931339928168,-2.5443075272009423
590,5.9,-0.7488918831180459,-2.548880977580405
591,5.91,-0.7293752540800923,-2.554854234200353
592,5.92,-0.7190164294103597,-2.563322889100449
593,5.93,-0.7100067520973733,-2.5646192613850713
594,5.94,-0.6944114802509193,-2.5693146231422674
595,5.95,-0.6865018055812363,-2.5734617376907525
596,5.96,-0.6785312457822308,-2.5780737341178086
597,5.97,-0.6656056737289712,-2.5837522774248023
598,5.98,-0.6491095766751287,-2.588496742340846
599,5.99,-0.6324755387522695,-2.591882128820366
600,6.0,-0.6197280464065036,-2.597570905281459
601,6.01,-0.6064526820863305,-2.6008915806106976
602,6.0200000000000005,-0.5984967243343791,-2.6070156703688543
603,6.03,-0.5818617634047074,-2.609799397096903
604,6.04,-0.566699197919442,-2.6144269851115083
605,6.05,-0.5476000984237934,-2.6185399917062018
606,6.0600000000000005,-0.5377132280844255,-2.6242641034448226
607,6.07,-0.5261684419984936,-2.623860875224009
608,6.08,-0.5096902312360256,-2.6295690402070457
609,6.09,-0.49572481783380695,-2.6354316602362085
610,6.1000000000000005,-0.4771049259704121,-2.637787535761701
611,6.11,-0.4548422421686564,-2.643323431244693
612,6.12,-0.441931888004321,-2.6460310594640752
613,6.13,-0.41538998895304124,-2.6493813948041542
614,6.140000000000001,-0.4034050876784673,-2.650702908251136
615,6.15,-0.39828267454412325,-2.652544804226317
616,6.16,-0.37606601464122835,-2.6566796694748804
617,6.17,-0.35834775750975517,-2.65708490044497
618,6.18,-0.34220008097328947,-2.6647599431138644
619,6.19,-0.32213429613987243,-2.668235979859707
620,6.2,-0.30398717948818205,-2.66713697097623
621,6.21,-0.2806915413370622,-2.666711012131054
622,6.22,-0.2669684750058808,-2.671536069950567
623,6.23,-0.24270550701036353,-2.6758869106603034
624,6.24,-0.23231333813726943,-2.6742308462930455
625,6.25,-0.21025445558170508,-2.6775079361662906
626,6.26,-0.19207401574762523,-2.6794437380096214
627,6.2700000000000005,-0.1614704726874634,-2.6832892549942566
628,6.28,-0.14942882714046693,-2.6838238938693757
629,6.29,-0.13212656164871422,-2.6837987659535703
630,6.3,-0.1021127673024874,-2.6836221216352465
631,6.3100000000000005,-0.08779232922784855,-2.6845594097768495
632,6.32,-0.06308853318606483,-2.68453209199271
633,6.33,-0.04756393499222362,-2.683272613560769
634,6.34,-0.01769471978130906,-2.6875324402829572
635,6.3500000000000005,0.0012206850661504757,-2.6856146960201364
636,6.36,0.01654686133947706,-2.6842262025511525
637,6.37,0.03494372277231002,-2.6841735846464716
638,6.38,0.04964494200884977,-2.685035389265639
639,6.390000000000001,0.07371369064459483,-2.684567751594538
640,6.4,0.10088210790170132,-2.6831092003528365
641,6.41,0.12191406966110645,-2.6836617010715065
642,6.42,0.13779382197475512,-2.683069039209698
643,6.43,0.16609212084325245,-2.682002272193254
644,6.44,0.1751220610777118,-2.6787320210473524
645,6.45,0.1942808031948369,-2.6782300882540744
646,6.46,0.22031040796473086,-2.6769114413358825
647,6.47,0.2397028965941692,-2.676066004064658
648,6.48,0.25447441692425427,-2.671770585744138
649,6.49,0.27516042840401317,-2.6702161937298654
650,6.5,0.29315623298835597,-2.670908196654041
651,6.51,0.3161784472377648,-2.6665111997720476
652,6.5200000000000005,0.33188069976076906,-2.6613478292440917
653,6.53,0.3489270068316,-2.66063379569702
654,6.54,0.3649449625762291,-2.661179680239277
655,6.55,0.37972074129776373,-2.6562520394461844
656,6.5600000000000005,0.3988727949688449,-2.653890474189814
657,6.57,0.41684607683599106,-2.6497637711423785
658,6.58,0.4326763795182363,-2.645310929644932
659,6.59,0.44962963980251336,-2.6438304394117997
660,6.6000000000000005,0.4636570707424847,-2.6405265413660794
661,6.61,0.47489348769491985,-2.6360989484522555
662,6.62,0.5031029413994806,-2.6323637533533253
663,6.63,0.5142934249140934,-2.6274254084076114
664,6.640000000000001,0.526130894376198,-2.624098943971779
665,6.65,0.5415962433719049,-2.620557605415233
666,6.66,0.5499416648136659,-2.615191416753984
667,6.67,0.5722194273201714,-2.6135388086673745
668,6.68,0.5859714870267513,-2.608951054795096
669,6.69,0.6035123394072502,-2.6049890054363867
670,6.7,0.6159703916175826,-2.600665956996312
671,6.71,0.6316118728200165,-2.5964048276305034
672,6.72,0.6434886625061266,-2.592213207945177
673,6.73,0.6551692924023259,-2.590003463386423
674,6.74,0.6672405871882038,-2.5799881765701005
675,6.75,0.6739125820380792,-2.5780665114342494
676,6.76,0.6938741739922697,-2.5735268146474644
677,6.7700000000000005,0.7100248740759605,-2.569245504206798
678,6.78,0.7082102314437168,-2.564988016602094
679,6.79,0.7283272610219832,-2.561900298276667
680,6.8,0.7363025752471419,-2.554296170081803
681,6.8100000000000005,0.7401747097456026,-2.5493093788884944
682,6.82,0.7620219306957374,-2.5458388477781804
683,6.83,0.7689762175332067,-2.538102153440984
684,6.84,0.7767010914274063,-2.5341968182571497
685,6.8500000000000005,0.784381556296523,-2.532756239807196
686,6.86,0.7926476333154847,-2.5261971716418805
687,6.87,0.815041884272113,-2.518967694740794
688,6.88,0.8236296752562258,-2.5168327892641273
689,6.890000000000001,0.8304802000877662,-2.505397768718355
690,6.9,0.8281323201543924,-2.50550194119559
691,6.91,0.851695113056644,-2.4982864061916628
692,6.92,0.8526693773274047,-2.4942277726895457
693,6.93,0.8609764323371883,-2.4896471471198494
694,6.94,0.8722594502768747,-2.4825419854497106
695,6.95,0.8773196261000896,-2.477144700908001
696,6.96,0.8813959855240747,-2.474501721416912
697,6.97,0.8950268209374154,-2.4699300397726804
698,6.98,0.9058169900546361,-2.461521279993783
699,6.99,0.9129536530457908,-2.459488024512695
700,7.0,0.926436030547819,-2.454768500230647
701,7.01,0.9228041320149174,-2.450279412735415
702,7.0200000000000005,0.9393755931382375,-2.445875819836447
703,7.03,0.942820718246025,-2.4413625430830037
704,7.04,0.9539559773522515,-2.43345874393471
705,7.05,0.958639432384854,-2.429154679986689
706,7.0600000000000005,0.9553962861469901,-2.425812975465399
707,7.07,0.9652210203468368,-2.419155412246183
708,7.08,0.976199626421549,-2.411681203423071
709,7.09,0.9818396314567512,-2.405777943695104
710,7.1000000000000005,0.9910631377086081,-2.402447096631433
711,7.11,0.9942631569715175,-2.3987904083063696
712,7.12,0.9961319425812976,-2.3942001745889923
713,7.13,1.0041086634438359,-2.389190019699876
714,7.140000000000001,1.01065869761662,-2.3826836672976484
715,7.15,1.0089413316630649,-2.379542879022021
716,7.16,1.0208247043156031,-2.3750409929738265
717,7.17,1.0230658388727463,-2.3690109703363995
718,7.18,1.0307501968450599,-2.3661202633037752
719,7.19,1.0416392485757808,-2.3594903245172945
720,7.2,1.0498841139345496,-2.3548674434299914
721,7.21,1.0430932813349785,-2.350862270474352
722,7.22,1.0511770919880559,-2.343599128005278
723,7.23,1.0562016284431888,-2.34120272105387
724,7.24,1.0616919511005591,-2.3337810635759157
725,7.25,1.0560288598911436,-2.332036474418326
726,7.26,1.0678076769033225,-2.3267631694780766
727,7.2700000000000005,1.0806917211228217,-2.3215926057312033
728,7.28,1.0817977748463263,-2.3190016387113412
729,7.29,1.089079037147537,-2.313877033001281
730,7.3,1.0863540886136434,-2.3092622944235393
731,7.3100000000000005,1.0888233198207968,-2.3083950871961485
732,7.32,1.0964583985571552,-2.299432555982246
733,7.33,1.105697726442115,-2.2942086672944333
734,7.34,1.1030542158744108,-2.2922661979527654
735,7.3500000000000005,1.1117547159936858,-2.286400693585219
736,7.36,1.111682014775135,-2.2810887152926878
737,7.37,1.1106792456016148,-2.2772874698866006
738,7.38,1.118933472841605,-2.2739054830562218
739,7.390000000000001,1.1170153347550629,-2.2678246324529177
740,7.4,1.1205997445480327,-2.265362970249041
741,7.41,1.1354021447370568,-2.2618576296723014
742,7.42,1.1399757051853543,-2.2561594722687333
743,7.43,1.1298573312329352,-2.2531521160624997
744,7.44,1.137942247858024,-2.2460960797459437
745,7.45,1.142670744800086,-2.242989417031158
746,7.46,1.1454555553067154,-2.24133596644025
747,7.47,1.1528335603422166,-2.2377144738241683
748,7.48,1.1573202366970237,-2.233106122764503
749,7.49,1.155335680725044,-2.2266124573883697
750,7.5,1.1665371816120875,-2.2221328211291485
751,7.51,1.1666472445323703,-2.221288201450161
752,7.5200000000000005,1.1623512237942948,-2.2167175950573452
753,7.53,1.1698654250543326,-2.215473600479447
754,7.54,1.1693304187481401,-2.211022761356646
755,7.55,1.179118039607613,-2.20718321852948
756,7.5600000000000005,1.1749968019780759,-2.2004502775568864
757,7.57,1.181813394647731,-2.1993637698551303
758,7.58,1.183254495489093,-2.1896323064396155
759,7.59,1.1856236144456793,-2.1915211072032537
760,7.6000000000000005,1.1932619404360238,-2.1873900071003103
761,7.61,1.1953488225766038,-2.182657475364852
762,7.62,1.1912772563324154,-2.179106953933635
763,7.63,1.2039860589897087,-2.1729060822919726
764,7.640000000000001,1.1960813823255179,-2.172576327163856
765,7.65,1.204663612059587,-2.1680222059645584
766,7.66,1.2034890100261548,-2.1660954208689702
767,7.67,1.206721858765101,-2.1611810119958546
768,7.68,1.2122015488785238,-2.1593972753037107
769,7.69,1.2057123470450088,-2.153214054312745
770,7.7,1.214988750430497,-2.148615153308678
771,7.71,1.2204953464585222,-2.147122190403284
772,7.72,1.226709723868189,-2.143392513378587
773,7.73,1.2225322943545218,-2.1379816555475455
774,7.74,1.2232031501606555,-2.138950490449333
775,7.75,1.2214645255843657,-2.1342247693212735
776,7.76,1.2213706498437076,-2.131624938952898
777,7.7700000000000005,1.231778651885645,-2.1281565899977104
778,7.78,1.2297939158429978,-2.1245875605178473
779,7.79,1.2342914107213314,-2.1220772001170203
780,7.8,1.2384392081298237,-2.115536645863663
781,7.8100000000000005,1.2338852887693432,-2.114941156922508
782,7.82,1.2395612292994485,-2.1107046994121874
783,7.83,1.2426565988866223,-2.106595538219575
784,7.84,1.2437827837162045,-2.103507679729785
785,7.8500000000000005,1.2503308510053321,-2.1006513089554892
786,7.86,1.246589988741516,-2.0983678228283975
787,7.87,1.2464167623505076,-2.095263881402256
788,7.88,1.2546867807582287,-2.092021050985687
789,7.890000000000001,1.2554447115395382,-2.088008760034512
790,7.9,1.2533708526432275,-2.085497753784944
791,7.91,1.2495346455364862,-2.0838191163998756
792,7.92,1.261779208954159,-2.0828747138231902
793,7.930000000000001,1.2659286417722866,-2.073435757111216
794,7.94,1.2543328867840389,-2.0733897340967227
795,7.95,1.2624885432362034,-2.0693356972770975
796,7.96,1.2685198011391758,-2.068412158220292
797,7.97,1.256885964177546,-2.0641823000592066
798,7.98,1.2655929540142759,-2.0625628755871155
799,7.99,1.2645096228233843,-2.0584905724234064
800,8.0,1.2665317557224383,-2.055866371037567
801,8.01,1.2733775443704454,-2.053170663928706
802,8.02,1.2777468839195225,-2.0504219885725288
803,8.03,1.273541136450943,-2.0472735447556265
804,8.040000000000001,1.2736492017632737,-2.0423638845270333
805,8.05,1.2819458410661502,-2.0439026946094474
806,8.06,1.2877852374116083,-2.040355453720111
807,8.07,1.2943705403524979,-2.0360393946507287
808,8.08,1.279084315188428,-2.034747871287577
809,8.09,1.2777145457457653,-2.032285334975853
810,8.1,1.2793989488732465,-2.02748281126602
811,8.11,1.2887854551648839,-2.0287862430616825
812,8.120000000000001,1.2875044868997874,-2.0218441714806423
813,8.13,1.2884100200330424,-2.0203848735086964
814,8.14,1.2962832817787717,-2.019390724202487
815,8.15,1.2827590983829698,-2.015989383643406
816,8.16,1.2985052455253718,-2.0104645076568515
817,8.17,1.3003239570660914,-2.0125604099344985
818,8.18,1.2923884537091372,-2.0072486025592875
819,8.19,1.2967049975423262,-2.003314463219697
820,8.2,1.2915492341490395,-1.999951858476251
821,8.21,1.3010762365623063,-1.9991663285908345
822,8.22,1.2962374284747975,-1.9964404383804855
823,8.23,1.3001521591658454,-1.9933850956161971
824,8.24,1.2954251758639486,-1.9924863593543503
825,8.25,1.3023484270688281,-1.9933485433909142
826,8.26,1.3021263540079417,-1.9888355441398091
827,8.27,1.301652369828627,-1.9867376598620556
828,8.28,1.3123302677225057,-1.9848008922799885
829,8.290000000000001,1.3057257337813986,-1.9792073073047058
830,8.3,1.3125497202475047,-1.9783400124819923
831,8.31,1.3120451546090899,-1.9761926267709609
832,8.32,1.3157758187780857,-1.9756583373140784
833,8.33,1.3090962485599245,-1.9721258420503875
834,8.34,1.3126872411150552,-1.967929566768447
835,8.35,1.315025520649759,-1.9659557161715389
836,8.36,1.317252127288081,-1.9660782823679082
837,8.370000000000001,1.3182349954714783,-1.9620561925663704
838,8.38,1.318254842188531,-1.9595287371863344
839,8.39,1.3091432540683146,-1.9557421472471896
840,8.4,1.3164157608915552,-1.9542669782800157
841,8.41,1.3252329713982962,-1.9566855271566623
842,8.42,1.3204645389564673,-1.9502155955156526
843,8.43,1.3211931462655406,-1.9492817751973017
844,8.44,1.3318851755273087,-1.9467544955225542
845,8.45,1.327105664796342,-1.9465949721813967
846,8.46,1.3250135807691605,-1.9436010670226072
847,8.47,1.3329720677325798,-1.9401980249619053
848,8.48,1.3311055059812555,-1.9369348329188405
849,8.49,1.327656379153739,-1.9340310031668455
850,8.5,1.331687736326868,-1.9323892352352992
851,8.51,1.327927699515731,-1.9319807240955655
852,8.52,1.3267154967191053,-1.928105583587703
853,8.53,1.333962096895608,-1.9267176275822768
854,8.540000000000001,1.3402275973702509,-1.9241109644831715
855,8.55,1.3343702137718145,-1.9225080243394699
856,8.56,1.3324300350849343,-1.9198324966120592
857,8.57,1.3370043579148683,-1.9195009048733362
858,8.58,1.3376495740032213,-1.9177395012851899
859,8.59,1.334857801148813,-1.9154770427628027
860,8.6,1.3385243231793706,-1.9142645982313997
861,8.61,1.3404253465763287,-1.9133393688063849
862,8.620000000000001,1.3374593795983287,-1.9086724128829566
863,8.63,1.3398515434673863,-1.9081464475558036
864,8.64,1.3467342786662901,-1.9050088007941897
865,8.65,1.3440490021144607,-1.9017706116926099
866,8.66,1.346905693891623,-1.8994119997799268
867,8.67,1.3430593668153354,-1.9031324868569055
868,8.68,1.3432409904918878,-1.8965702398935662
869,8.69,1.3439317150231946,-1.895155271651747
870,8.700000000000001,1.349751348996556,-1.8962979661732804
871,8.71,1.3557236363287106,-1.891337654754644
872,8.72,1.3511195016680306,-1.8875637769045708
873,8.73,1.3452619091583207,-1.8889236215533993
874,8.74,1.3558087563501928,-1.8840629532300144
875,8.75,1.3570763947900912,-1.8817720165155307
876,8.76,1.3512085166482495,-1.8840063364743682
877,8.77,1.3522597492960688,-1.8804887035789402
878,8.78,1.354048488023431,-1.8820198631763623
879,8.790000000000001,1.3556351447084987,-1.8756982563881908
880,8.8,1.3490692238804234,-1.8719272171552261
881,8.81,1.357510145710962,-1.873342498890748
882,8.82,1.3594177538086147,-1.8721341019288966
883,8.83,1.354945042703412,-1.8695094032977404
884,8.84,1.3534449517160285,-1.8699296156873613
885,8.85,1.369347297592163,-1.8649165877805094
886,8.86,1.3568250020603834,-1.8659970491942233
887,8.870000000000001,1.366069049625683,-1.8630471550738903
888,8.88,1.3560663459918756,-1.8596898788789347
889,8.89,1.35935771217937,-1.8611418071738668
890,8.9,1.359554544096388,-1.8563209760333494
891,8.91,1.365216662459064,-1.8542708023085983
892,8.92,1.3650248610901552,-1.8547206366880133
893,8.93,1.364463967196997,-1.8524564932408547
894,8.94,1.369306453833256,-1.8510861399220124
895,8.950000000000001,1.3708075719486903,-1.8494764970558644
896,8.96,1.3650974908869722,-1.8485692933153735
897,8.97,1.361673354733731,-1.8444224632565622
898,8.98,1.3659981862702777,-1.8429298050696674
899,8.99,1.3677096038804344,-1.8404589569527694
900,9.0,1.3688722720681836,-1.841255585596055
901,9.01,1.3740914398387685,-1.8387619738601968
902,9.02,1.3646983298050197,-1.8378010240827911
903,9.03,1.3654693351554115,-1.836322462881589
904,9.040000000000001,1.3681775388562527,-1.833755855663425
905,9.05,1.3657496785508032,-1.8346435565910617
906,9.06,1.3640269535510585,-1.8326937340313232
907,9.07,1.3769459530943906,-1.8288460620770468
908,9.08,1.364823878516598,-1.826454079607979
909,9.09,1.368689959214323,-1.8260639747239913
910,9.1,1.3758885565706342,-1.8252477718153963
911,9.11,1.3767414450659585,-1.8215064123997131
912,9.120000000000001,1.3808943326899188,-1.821946724185806
913,9.13,1.3776015398393426,-1.8194558876465274
914,9.14,1.3754225154936326,-1.8216779655558675
915,9.15,1.3797459549026216,-1.8169358515129856
916,9.16,1.3763292375128564,-1.8169480065682542
917,9.17,1.3756917236804471,-1.8147750404622904
918,9.18,1.3762008692919976,-1.8139637137684197
919,9.19,1.3684650269554473,-1.8115193233343327
920,9.200000000000001,1.3782494522574122,-1.8107788232857422
921,9.21,1.3829476321596774,-1.805277208512754
922,9.22,1.3813153873484263,-1.8086923143336884
923,9.23,1.3758935014859928,-1.805095169685674
924,9.24,1.381192239451137,-1.8032283952521346
925,9.25,1.3736849448872566,-1.8051865293994949
926,9.26,1.3797989726029898,-1.802874755675019
927,9.27,1.389845566350598,-1.7986086931992584
928,9.28,1.3830986026398964,-1.7974488930089474
929,9.290000000000001,1.3845805281103787,-1.7949053805854027
930,9.3,1.3908112816862197,-1.7945069584535795
931,9.31,1.3867124200171135,-1.794629752498684
932,9.32,1.3825342532593061,-1.790714700268997
933,9.33,1.3840313351674198,-1.7921537275442585
934,9.34,1.3842834995336524,-1.7931546712603132
935,9.35,1.384896166252916,-1.7910060422889982
936,9.36,1.3831431365631015,-1.7876224378845027
937,9.370000000000001,1.3868302751922588,-1.786192702573389
938,9.38,1.3842349678535524,-1.7833983459847473
939,9.39,1.3849615018810129,-1.7824484170547537
940,9.4,1.3892103129617228,-1.7814685917117294
941,9.41,1.3853902781284766,-1.7791609280369463
942,9.42,1.3878477515439267,-1.7804580758210646
943,9.43,1.3790573551720766,-1.7794416373441113
944,9.44,1.3944306593529527,-1.7773025688751931
945,9.450000000000001,1.3968944854362135,-1.7775723956835836
946,9.46,1.3854311018199046,-1.7753276328720389
947,9.47,1.3811589626461884,-1.7712374541180098
948,9.48,1.3906900300150677,-1.7732256364061418
949,9.49,1.3912978620123966,-1.7713418280063722
950,9.5,1.3821169308424597,-1.7674208743795345
951,9.51,1.3903636928823295,-1.7677367744193764
952,9.52,1.3835580181035294,-1.763055638826367
953,9.53,1.3876076854444008,-1.7655120610537018
954,9.540000000000001,1.3918319383490856,-1.762991488716996
955,9.55,1.3873922099002773,-1.7620909680364674
956,9.56,1.3931695937679902,-1.7605379178316811
957,9.57,1.3881190605219365,-1.7622718096056629
958,9.58,1.401579136430457,-1.759328864822735
959,9.59,1.3917931179619227,-1.7601485278920987
960,9.6,1.3926784998226271,-1.754272535282502
961,9.61,1.3853654517553269,-1.7555114000171839
962,9.620000000000001,1.3975744302472675,-1.7510505694558633
963,9.63,1.3974498463487373,-1.7502401595666548
964,9.64,1.392837528752947,-1.7523243299845095
965,9.65,1.3966683670663618,-1.752144000288343
966,9.66,1.3946723193293178,-1.7463461765880923
967,9.67,1.388529982435264,-1.7456873799229604
968,9.68,1.3903910550631746,-1.7489901520525777
969,9.69,1.3866959087055173,-1.7468842829350937
970,9.700000000000001,1.3960740928152346,-1.745991144147524
971,9.71,1.392966403940317,-1.7438657751176236
972,9.72,1.3944428852998545,-1.741501650760492
973,9.73,1.398003070962317,-1.7418625238376795
974,9.74,1.3947532140908891,-1.7410088256595182
975,9.75,1.3972199358738278,-1.7386674311748123
976,9.76,1.3962660319324702,-1.7353035263675698
977,9.77,1.3983150393185757,-1.735265933257225
978,9.78,1.3890730716247894,-1.7386028784469376
979,9.790000000000001,1.3905924603272766,-1.7369757793936762
980,9.8,1.392731077602773,-1.7327620876459073
981,9.81,1.3942281915163848,-1.730741063371726
982,9.82,1.3902627165348556,-1.7322057141370881
983,9.83,1.4047248906222092,-1.729957024107534
984,9.84,1.399393904808157,-1.7303013890402512
985,9.85,1.3845970199762607,-1.7262914621988945
986,9.86,1.3957144630603946,-1.7250897782442485
987,9.870000000000001,1.3960732978545536,-1.726440574602747
988,9.88,1.3918148881876724,-1.7262317365095827
989,9.89,1.3936731777214788,-1.7246072339292382
990,9.9,1.3983597159214811,-1.723417113297241
991,9.91,1.3924265935710858,-1.7243507203055144
992,9.92,1.3943092058443483,-1.7218986783105832
993,9.93,1.4014023827223063,-1.7190942915466276
994,9.94,1.3977098366990706,-1.7182263142363436
995,9.950000000000001,1.394723965756016,-1.720787958681593
996,9.96,1.3898128957086051,-1.7182087373297683
997,9.97,1.4002386141236967,-1.7191169533559674
998,9.98,1.394480230175404,-1.715459780400592
999,9.99,1.4065186546761332,-1.7145793327867649
1000,10.0,1.3922668623077472,-1.7090460510428762
1001,10.01,1.397217235506587,-1.712692972154753
1002,10.02,1.401709071665805,-1.7111407390192859
1003,10.03,1.3949584343145642,-1.7094146082435062
1004,10.040000000000001,1.394413711144629,-1.7077133535184634
1005,10.05,1.3996898837426313,-1.7082870218650965
1006,10.06,1.3990862849193084,-1.7084350645377795
1007,10.07,1.3938736800819607,-1.7077707283009227
1008,10.08,1.3992980635028536,-1.7057171515637715
1009,10.09,1.3944250615876328,-1.7052615224516408
1010,10.1,1.4032306032528927,-1.7078097508384766
1011,10.11,1.4034368972706874,-1.7000384855885653
1012,10.120000000000001,1.397501003121239,-1.7006334236596483
1013,10.13,1.404408150567727,-1.7013253223259843
1014,10.14,1.3989341964391588,-1.701290257150603
1015,10.15,1.3880377992719175,-1.695820810212938
1016,10.16,1.404036927455717,-1.6952955388560214
1017,10.17,1.3987661694342626,-1.6963433614383807
1018,10.18,1.3973111358638524,-1.6952844886328227
1019,10.19,1.3985157223860711,-1.6951863600939727
1020,10.200000000000001,1.3977304409163294,-1.6966979614336661
1021,10.21,1.3956612487558533,-1.6908671955825008
1022,10.22,1.4013308502683173,-1.6916612816169194
1023,10.23,1.4036561752993955,-1.6916287291820151
1024,10.24,1.400929801343377,-1.6915791825590418
1025,10.25,1.399305992008103,-1.69008751277975
1026,10.26,1.3910394073081762,-1.6861366933881914
1027,10.27,1.3988831560441255,-1.6865025264540607
1028,10.28,1.398482843351173,-1.6860780576470806
1029,10.290000000000001,1.3967357983749704,-1.684667727769394
1030,10.3,1.396168693209059,-1.683418592601969
1031,10.31,1.4028093555088639,-1.6822678358137282
1032,10.32,1.3996816266735264,-1.6816361500035057
1033,10.33,1.3927257742480328,-1.6816100337003677
1034,10.34,1.3972804253085103,-1.6781709004448613
1035,10.35,1.3972005842168045,-1.675746007377142
1036,10.36,1.3978174187905221,-1.6734294502897273
1037,10.370000000000001,1.4022436211166005,-1.6761898845387677
1038,10.38,1.3988459347452875,-1.675081312339357
1039,10.39,1.4015106365358692,-1.6748730358740975
1040,10.4,1.4042365128261478,-1.67137484562558
1041,10.41,1.3969379867476528,-1.6720738105180892
1042,10.42,1.4021203709993222,-1.6722932343599846
1043,10.43,1.4021771566292802,-1.6705740593167069
1044,10.44,1.3963836252214268,-1.66959433067899
1045,10.450000000000001,1.3966145659963591,-1.6681997544452258
1046,10.46,1.4006069414861955,-1.666007962760707
1047,10.47,1.404416276935692,-1.6656899647277903
1048,10.48,1.40107503522933,-1.6664973084264865
1049,10.49,1.406095740594545,-1.6636052849451004
1050,10.5,1.4059982965522715,-1.662358806470943
1051,10.51,1.406737189877801,-1.6637266167613802
1052,10.52,1.4046748022748583,-1.6593339581631283
1053,10.53,1.3933764707638256,-1.6595149308055341
1054,10.540000000000001,1.3971654451121935,-1.6582991970437795
1055,10.55,1.4035261931479595,-1.659006948985973
1056,10.56,1.4036168774340103,-1.6541024881186297
1057,10.57,1.396762429882453,-1.6562726489428452
1058,10.58,1.3984741458182937,-1.6553486075973494
1059,10.59,1.3978698538028442,-1.6522308067724227
1060,10.6,1.400226482281543,-1.653412477700873
1061,10.61,1.4044651491926745,-1.6538601290699624
1062,10.620000000000001,1.400875810755272,-1.6488318355351872
1063,10.63,1.4048223907208366,-1.6483847882736962
1064,10.64,1.4035760500738446,-1.6492485291070156
1065,10.65,1.4045449723854895,-1.6455509219117588
1066,10.66,1.4032726974393872,-1.648679092866621
1067,10.67,1.3974857081907643,-1.6432141151750437
1068,10.68,1.4048858192878038,-1.6428355807992001
1069,10.69,1.3980251055323176,-1.6430760364028925
1070,10.700000000000001,1.3971446045384734,-1.6429476665452392
1071,10.71,1.412067242728918,-1.640497121363884
1072,10.72,1.4027281279118111,-1.6411800064149142
1073,10.73,1.4032151251547433,-1.6416499029980245
1074,10.74,1.4003465539376962,-1.6362405833777718
1075,10.75,1.4040366493660852,-1.6385738619539632
1076,10.76,1.403585767594233,-1.6351776195888843
1077,10.77,1.405044608951735,-1.6333005269877927
1078,10.78,1.4086195931174832,-1.634191170965861
1079,10.790000000000001,1.4044454310195207,-1.6362385971711872
1080,10.8,1.4032080869744508,-1.6322523328433702
1081,10.81,1.3959475231550886,-1.6290255025778537
1082,10.82,1.4046460474410036,-1.6306545722713583
1083,10.83,1.399491676035764,-1.627803689644104
1084,10.84,1.4051564913048058,-1.6292080485225835
1085,10.85,1.408617907276966,-1.6271290241692418
1086,10.86,1.4103655069387366,-1.6257654974448417
1087,10.870000000000001,1.4058541603104442,-1.623558294174315
1088,10.88,1.4059378639304194,-1.622219453669595
1089,10.89,1.4004191187794144,-1.622023382341542
1090,10.9,1.4068457042622082,-1.6210405235254697
1091,10.91,1.4062596477360707,-1.61812154640525
1092,10.92,1.4029347607196567,-1.6173498675527327
1093,10.93,1.4048598699029295,-1.6164540656741953
1094,10.94,1.4083958490118464,-1.617415870727631
1095,10.950000000000001,1.4062198384411297,-1.6164458051678297
1096,10.96,1.4011846177222633,-1.6151484656194457
1097,10.97,1.4048642040902137,-1.6148576515308424
1098,10.98,1.4001987575763633,-1.6142147279798407
1099,10.99,1.406373828173746,-1.6129889885850182
1100,11.0,1.4125578557494887,-1.6122058939058312
1101,11.01,1.40486980276523,-1.6076239318066456
1102,11.02,1.4044266972228183,-1.6129439898560844
1103,11.03,1.4116293800770774,-1.609298101667719
1104,11.040000000000001,1.4065039426770742,-1.605827162932775
1105,11.05,1.3992574859879205,-1.6071004602130998
1106,11.06,1.4065234898747039,-1.6072390095855362
1107,11.07,1.406497254954487,-1.605043776795005
1108,11.08,1.4084022904078268,-1.6026552038702788
1109,11.09,1.4035666470892223,-1.6042795237327487
1110,11.1,1.402721985026047,-1.6005655001686392
1111,11.11,1.4007353993537857,-1.6014008701892073
1112,11.120000000000001,1.4057391999372952,-1.6005713822842509
1113,11.13,1.4060803193176437,-1.5992129895989404
1114,11.14,1.4020657840671986,-1.5979767043402295
1115,11.15,1.4059580474661644,-1.5941629432499904
1116,11.16,1.4107803454735455,-1.594402021074054
1117,11.17,1.4103418928787117,-1.5928200749656891
1118,11.18,1.406055956897538,-1.5946648538840882
1119,11.19,1.402094859597307,-1.5928612868376648
1120,11.200000000000001,1.4094850872867464,-1.5901786226616696
1121,11.21,1.3997444106183696,-1.5912545419659159
1122,11.22,1.4042823175141845,-1.5897938388007122
1123,11.23,1.4073390109349984,-1.590016190356149
1124,11.24,1.406927087741183,-1.5888046318914173
1125,11.25,1.412845805819556,-1.5859144963292455
1126,11.26,1.409172870206253,-1.586848089857758
1127,11.27,1.4037011912629196,-1.5856355725899716
1128,11.28,1.403363875691822,-1.581808410587533
1129,11.290000000000001,1.408901223170086,-1.582371801941873
1130,11.3,1.4049120597200455,-1.5823681109069259
1131,11.31,1.404771943998067,-1.5799068379133223
1132,11.32,1.4040389301057439,-1.5758361488382269
1133,11.33,1.4101328641597757,-1.5804049069917707
1134,11.34,1.4042467317711698,-1.5786538532078984
1135,11.35,1.4173872733512973,-1.5760962485721457
1136,11.36,1.4151354832626573,-1.5732419892428116
1137,11.370000000000001,1.4134890589459146,-1.5743108294547539
1138,11.38,1.4070138629779618,-1.5777763888333798
1139,11.39,1.4093045394492418,-1.572255274016672
1140,11.4,1.418909190529073,-1.572286552329868
1141,11.41,1.4093329829028187,-1.568824656882176
1142,11.42,1.4058401660706537,-1.5693239291236352
1143,11.43,1.4080009922214656,-1.5679850720455415
1144,11.44,1.4055183787833085,-1.568739652921317
1145,11.450000000000001,1.4098811042626687,-1.5688236196668046
1146,11.46,1.4077890291131767,-1.5692371327325099
1147,11.47,1.4058705846208335,-1.5670677628381335
1148,11.48,1.405817091265321,-1.5638643913657613
1149,11.49,1.4091022410189744,-1.5596915546932402
1150,11.5,1.409619271436685,-1.56104175258489
1151,11.51,1.4064730230690745,-1.5614806411968012
1152,11.52,1.4053349074910233,-1.5600959600057775
1153,11.53,1.4089413065465644,-1.5608022827525374
1154,11.540000000000001,1.4127740114571448,-1.5553872779728677
1155,11.55,1.41341677272983,-1.5543564129743463
1156,11.56,1.4038245467969415,-1.5568819683286357
1157,11.57,1.403000355773694,-1.555032670560243
1158,11.58,1.4107377154786511,-1.5529214143100736
1159,11.59,1.401326473909842,-1.5532217346584676
1160,11.6,1.4083330951011828,-1.5502891982302436
1161,11.61,1.411341498854031,-1.5491969620567014
1162,11.620000000000001,1.409887284840355,-1.550271423947537
1163,11.63,1.409805145128316,-1.5477278777900256
1164,11.64,1.408403255399628,-1.5498443316756239
1165,11.65,1.4068229687857325,-1.548253429143717
1166,11.66,1.4038553067452164,-1.5452668646066392
1167,11.67,1.4056477604530742,-1.5458582301782597
1168,11.68,1.4021541826574786,-1.5458382740672971
1169,11.69,1.4088533412442956,-1.5430178965984405
1170,11.700000000000001,1.410550982774147,-1.539689082722927
1171,11.71,1.4141359588495013,-1.5426092109265201
1172,11.72,1.4050133033269048,-1.5414655261050836
1173,11.73,1.4033503087166594,-1.5374387150799855
1174,11.74,1.4114022037097227,-1.5361878852262312
1175,11.75,1.4054944153744715,-1.5379446100137046
1176,11.76,1.404094933215814,-1.5335672835388914
1177,11.77,1.4032861008750688,-1.532658777131259
1178,11.78,1.4028043536795107,-1.535075753534813
1179,11.790000000000001,1.4080156402671433,-1.5305461929082924
1180,11.8,1.4087026736286536,-1.5337083063359667
1181,11.81,1.4014147396500398,-1.53176505068091
1182,11.82,1.4054264681343862,-1.530131214932678
1183,11.83,1.4077612601157092,-1.5306529747610018
1184,11.84,1.4139675716693392,-1.527570409632369
1185,11.85,1.4042656706930614,-1.5280914383393556
1186,11.86,1.4112557317519077,-1.527877979317715
1187,11.870000000000001,1.4142671113528156,-1.5261533551717572
1188,11.88,1.4068932782523687,-1.5214978522019271
1189,11.89,1.4139938895723325,-1.5211902477072445
1190,11.9,1.408775817074852,-1.5225645962713887
1191,11.91,1.39900742494235,-1.5206369174507992
1192,11.92,1.3995765958425157,-1.5201231176657741
1193,11.93,1.403458902799481,-1.5171509353461468
1194,11.94,1.4077923475031004,-1.5170161668867004
1195,11.950000000000001,1.404963363296736,-1.516859897222031
1196,11.96,1.3972191758022523,-1.5176941330945046
1197,11.97,1.4061470217895549,-1.5143043570252808
1198,11.98,1.4054050699899756,-1.5142683027403958
1199,11.99,1.403128176233608,-1.5126480731624252
1200,12.0,1.408728155447106,-1.5127927799982257
1201,12.01,1.4003028921311964,-1.512771779271892
1202,12.02,1.405406925685657,-1.508992550069668
1203,12.030000000000001,1.4041861946892096,-1.5083519123678029
1204,12.040000000000001,1.4029213884888998,-1.507585971848616
1205,12.05,1.4058807490214973,-1.5082997894177674
1206,12.06,1.4129646002899208,-1.5066822065076495
1207,12.07,1.403403376094951,-1.5051714040123636
1208,12.08,1.4069038046292026,-1.5034816682389274
1209,12.09,1.4068641343163344,-1.5050606928254968
1210,12.1,1.399474945922239,-1.5005187427383924
1211,12.11,1.399997868408206,-1.50095749238592
1212,12.120000000000001,1.3969658674852579,-1.5014044413190595
1213,12.13,1.4073618868657463,-1.5006900119264523
1214,12.14,1.4074406420118355,-1.4958011384081935
1215,12.15,1.3990957833913413,-1.4963077481409066
1216,12.16,1.401712861684523,-1.4930992127476217
1217,12.17,1.4087538576050063,-1.4947759176780804
1218,12.18,1.404289568672456,-1.4911857626014267
1219,12.19,1.4016399158410995,-1.491132350604205
1220,12.200000000000001,1.3991794283936538,-1.4944786845984745
1221,12.21,1.3958652599625994,-1.4885914679424161
1222,12.22,1.3987415926229112,-1.490304298862715
1223,12.23,1.4054102102381836,-1.4899639705504228
1224,12.24,1.3928901745300477,-1.4853077735731972
1225,12.25,1.4025007822726754,-1.4849034854701613
1226,12.26,1.4065249932823962,-1.4852396213150922
1227,12.27,1.4010298484018686,-1.4841163113430433
1228,12.280000000000001,1.3999761783672424,-1.4831693328745699
1229,12.290000000000001,1.4025885383482197,-1.4819535561153308
1230,12.3,1.397286305303764,-1.4791794404930785
1231,12.31,1.4052585218089952,-1.4817121995261255
1232,12.32,1.3961838641204836,-1.4803180993470682
1233,12.33,1.393114883638144,-1.4774857211535841
1234,12.34,1.4015201693368495,-1.4769881823356397
1235,12.35,1.4074822548813826,-1.4767081203695238
1236,12.36,1.3979804624148962,-1.4750509039518271
1237,12.370000000000001,1.390606534704759,-1.473823190818613
1238,12.38,1.3967482657982762,-1.4734843600005862
1239,12.39,1.4015574371733914,-1.4707597224132147
1240,12.4,1.4005576318402195,-1.4708021348500133
1241,12.41,1.4005206044724188,-1.4686382258770538
1242,12.42,1.400235985505858,-1.4691198637256888
1243,12.43,1.4004559846840094,-1.4670515273224667
1244,12.44,1.3982624411124764,-1.4675359113234572
1245,12.450000000000001,1.395231243727512,-1.4648990109339153
1246,12.46,1.4019788489146783,-1.4641178574629026
1247,12.47,1.3994640537276608,-1.4623999163848032
1248,12.48,1.3953077735120372,-1.4626577230443387
1249,12.49,1.392485849270364,-1.4579811954384685
1250,12.5,1.3942022660787785,-1.457333210434475
1251,12.51,1.3968980666468822,-1.457519491511286
1252,12.52,1.3906402599845407,-1.45885379490999
1253,12.530000000000001,1.3893214169351886,-1.4548520875811959
1254,12.540000000000001,1.3877342235234669,-1.4555466915606998
1255,12.55,1.401730693709124,-1.4528986050252584
1256,12.56,1.395253299958448,-1.4532397102889387
1257,12.57,1.3989580274883995,-1.4514236347995133
1258,12.58,1.39646604501913,-1.4530859743938966
1259,12.59,1.391461991012396,-1.4498237902911781
1260,12.6,1.394835655078193,-1.4461919632386668
1261,12.61,1.389340145700958,-1.4466201446718148
1262,12.620000000000001,1.3945580398764965,-1.4475191755931536
1263,12.63,1.3917026248366682,-1.444587437983771
1264,12.64,1.3950377530233846,-1.4424948411443725
1265,12.65,1.3938801687233078,-1.4423491918428468
1266,12.66,1.3892549698930936,-1.4409705163797195
1267,12.67,1.3926236480120178,-1.4422672533469159
1268,12.68,1.392154724251111,-1.4376370874783717
1269,12.69,1.3898533796363366,-1.4398385449406497
1270,12.700000000000001,1.3862662767199982,-1.4363727083531699
1271,12.71,1.3976747209028335,-1.4378116757073551
1272,12.72,1.3931236798765845,-1.433294194430389
1273,12.73,1.3866808465701137,-1.4346823483437596
1274,12.74,1.3895649290317058,-1.4322918205768211
1275,12.75,1.379365190094591,-1.4304976326322658
1276,12.76,1.390634839913515,-1.4277348967376056
1277,12.77,1.3823729014174995,-1.4270847350324223
1278,12.780000000000001,1.3952783848296668,-1.4266933130273107
1279,12.790000000000001,1.393997439341063,-1.4253097568160924
1280,12.8,1.3891883084470062,-1.4230161127763532
1281,12.81,1.3876135904621139,-1.4251059981250591
1282,12.82,1.3870919561026023,-1.423557757414179
1283,12.83,1.3843028037525638,-1.420738323371266
1284,12.84,1.3903613474660863,-1.4205809774769782
1285,12.85,1.384967790300958,-1.4212336627890523
1286,12.86,1.3883220058948995,-1.4172471189930758
1287,12.870000000000001,1.3900650308772047,-1.4170199490644586
1288,12.88,1.3965597732502135,-1.4178245339116373
1289,12.89,1.3856263467014962,-1.4150766006843527
1290,12.9,1.3802450815044327,-1.4130118156285014
1291,12.91,1.3895834754090712,-1.4109201985241189
1292,12.92,1.393675903737173,-1.4113226904048075
1293,12.93,1.3913880133168917,-1.4106516063518788
1294,12.94,1.3850315933112065,-1.4097513896396627
1295,12.950000000000001,1.3852084439688348,-1.407850883496824
1296,12.96,1.390019977244365,-1.405618757906
1297,12.97,1.3820399538669152,-1.404915696422407
1298,12.98,1.3916721190310857,-1.4039485316189813
1299,12.99,1.3817214080630835,-1.4001523626987078
1300,13.0,1.3824416031368705,-1.4002267511090363
1301,13.01,1.3818115018023789,-1.4011917326103118
1302,13.02,1.3863479738070517,-1.4028035255922724
1303,13.030000000000001,1.3831575646010135,-1.3988901473223776
1304,13.040000000000001,1.3761699864008934,-1.3999208784058295
1305,13.05,1.3884522283548548,-1.394784723892119
1306,13.06,1.3835965427633916,-1.392798697320757
1307,13.07,1.3876558926226261,-1.3919733520150772
1308,13.08,1.38105722670004,-1.3893953224489626
1309,13.09,1.3723513905418145,-1.391360588165724
1310,13.1,1.384095705098883,-1.3885620745138216
1311,13.11,1.3850109089467184,-1.3890676172050842
1312,13.120000000000001,1.3739129139004727,-1.3882885736823032
1313,13.13,1.3766337379415898,-1.384926922877053
1314,13.14,1.3765230270100923,-1.380840183145267
1315,13.15,1.3819200339703894,-1.3800563146068068
1316,13.16,1.3757390793026767,-1.3818376608788243
1317,13.17,1.3763846464433933,-1.3802386781926799
1318,13.18,1.3760564787156955,-1.3783694127194381
1319,13.19,1.375038324991843,-1.375872514063912
1320,13.200000000000001,1.3803235429708358,-1.37978115201953
1321,13.21,1.377697402598879,-1.3734588324494368
1322,13.22,1.371416929405723,-1.374584144831716
1323,13.23,1.3731799519642454,-1.37371311808152
1324,13.24,1.3771065433228402,-1.368741617636724
1325,13.25,1.3814066068540072,-1.3693076396077417
1326,13.26,1.3731084605241484,-1.367393624220134
1327,13.27,1.3746758990170278,-1.3688850306339293
1328,13.280000000000001,1.3730443771459673,-1.3642304163040988
1329,13.290000000000001,1.3726803176621882,-1.3624885837971548
1330,13.3,1.3758320006191556,-1.3605267595126582
1331,13.31,1.3747816404892987,-1.3587076192522178
1332,13.32,1.3786994568358821,-1.3572396978939383
1333,13.33,1.3643873752131495,-1.3588045666449426
1334,13.34,1.377937803607526,-1.358085372849708
1335,13.35,1.370075876440595,-1.3547482274825395
1336,13.36,1.3720892643875895,-1.3564721941104092
1337,13.370000000000001,1.3609884549470133,-1.3540317981453744
1338,13.38,1.371569223869072,-1.3506808195552422
1339,13.39,1.372237587057469,-1.3496903330238783
1340,13.4,1.3731871623701053,-1.3476242646510392
1341,13.41,1.3667271807852173,-1.3477474113854429
1342,13.42,1.3649738859679317,-1.3465661929833104
1343,13.43,1.3715647692042914,-1.3441902904663068
1344,13.44,1.3634410223669142,-1.339510237202512
1345,13.450000000000001,1.3727981073738462,-1.3436526124687116
1346,13.46,1.3648698241995805,-1.3395947666187247
1347,13.47,1.3713535397440904,-1.3407018433828672
1348,13.48,1.3676392473030496,-1.3357204467312318
1349,13.49,1.366991584105302,-1.3342814224119306
1350,13.5,1.3658578735141533,-1.3365293133188805
1351,13.51,1.3720828450733817,-1.3312195384287135
1352,13.52,1.3582976040831838,-1.3327867230274995
1353,13.530000000000001,1.3691752293969635,-1.333193427910308
1354,13.540000000000001,1.364668477659785,-1.3270639687677508
1355,13.55,1.3641942265982812,-1.327231296933446
1356,13.56,1.3576414654338573,-1.3247153246617267
1357,13.57,1.3601803264391061,-1.3219597794422455
1358,13.58,1.3606632830275471,-1.3237712736809657
1359,13.59,1.3592545197853005,-1.3225269364451142
1360,13.6,1.3585383391029917,-1.3197084591201695
1361,13.61,1.3564628432901424,-1.3170094443171037
1362,13.620000000000001,1.354562974694723,-1.3183746663035392
1363,13.63,1.3576381204057075,-1.3159551505320053
1364,13.64,1.3511493678059976,-1.3153331496815792
1365,13.65,1.3628066808359391,-1.3119919936767956
1366,13.66,1.3558759146413684,-1.3088143241992767
1367,13.67,1.3620348376787859,-1.3083189825980428
1368,13.68,1.3512820897092628,-1.3085233571443862
1369,13.69,1.3490561070824696,-1.3060097243395532
1370,13.700000000000001,1.3487231216752296,-1.3064561760640294
1371,13.71,1.3539355195482778,-1.3042593672556486
1372,13.72,1.3550096182906333,-1.3053243679437183
1373,13.73,1.357600231951688,-1.3000022568981577
1374,13.74,1.348939720191088,-1.2986787249058085
1375,13.75,1.3501978450669594,-1.2968414706480735
1376,13.76,1.3421772688439555,-1.2949970477412083
1377,13.77,1.3561642846317754,-1.2921819239588657
1378,13.780000000000001,1.3472318028422416,-1.292049603900186
1379,13.790000000000001,1.3510518746561642,-1.2881838362403533
1380,13.8,1.3498747205106558,-1.285389990704605
1381,13.81,1.3622783117985164,-1.284760825090845
1382,13.82,1.351320469687275,-1.2839910998438702
1383,13.83,1.342253215022503,-1.281958324440267
1384,13.84,1.3362907843264997,-1.2805023829034134
1385,13.85,1.3446895191450956,-1.2786883262098403
1386,13.86,1.3477016174056846,-1.2764875051360254
1387,13.870000000000001,1.3409985360899292,-1.274611996431673
1388,13.88,1.342387698190516,-1.2718355393799508
1389,13.89,1.3497942201592013,-1.270703331518723
1390,13.9,1.341488258498393,-1.267632508382718
1391,13.91,1.3463962150316335,-1.2693089541742035
1392,13.92,1.33361296390971,-1.267921236875464
1393,13.93,1.3422906540122017,-1.264472642440768
1394,13.94,1.332144151523133,-1.2626122378642426
1395,13.950000000000001,1.3362637789243217,-1.2621699491823564
1396,13.96,1.3380469082592732,-1.2606918737666406
1397,13.97,1.342215258128586,-1.2597946387317016
1398,13.98,1.3332716878441782,-1.259098150848613
1399,13.99,1.326009202497571,-1.2518992665794242
1400,14.0,1.3393949338619324,-1.2516529233482083
1401,14.01,1.3337302482475695,-1.2506120841637896
1402,14.02,1.329005574923768,-1.2518270627720265
1403,14.030000000000001,1.330368809707714,-1.2463177553865257
1404,14.040000000000001,1.3294651645982645,-1.2467582071610495
1405,14.05,1.3305463333748813,-1.244384622850256
1406,14.06,1.3287101035266542,-1.2420246622339937
1407,14.07,1.3298523368282757,-1.2398778541898878
1408,14.08,1.3298917914104915,-1.238599177132023
1409,14.09,1.3246613395711686,-1.2364747734321915
1410,14.1,1.3330522221489067,-1.2328713731194803
1411,14.11,1.3286460350763143,-1.233873576251713
1412,14.120000000000001,1.3252578968468813,-1.2299776934561217
1413,14.13,1.3260747410755305,-1.2280482586242625
1414,14.14,1.3160318594979727,-1.2276657698152889
1415,14.15,1.3142757575275636,-1.2251769177954916
1416,14.16,1.3195821802881218,-1.221864160082381
1417,14.17,1.3182332418794278,-1.2200887270481617
1418,14.18,1.3134578744587373,-1.2177075178002712
1419,14.19,1.3155645519485841,-1.2168151807623864
1420,14.200000000000001,1.3170097257785645,-1.2133478254806516
1421,14.21,1.3185819533919252,-1.2127598848124206
1422,14.22,1.3192096144291654,-1.2079200925462166
1423,14.23,1.3161131017491736,-1.2095577237411355
1424,14.24,1.3060998533108066,-1.2069893057818926
1425,14.25,1.3160696873536435,-1.2044382721520055
1426,14.26,1.3123180048481033,-1.2011713475431645
1427,14.27,1.3113250528026004,-1.2020050438883687
1428,14.280000000000001,1.3032198864001907,-1.1976707717797188
1429,14.290000000000001,1.308378190310724,-1.19598037945574
1430,14.3,1.309556680437862,-1.1954917216726375
1431,14.31,1.3073038543430207,-1.1909457833439594
1432,14.32,1.3061956380147117,-1.18760764125634
1433,14.33,1.3088588022788108,-1.1887066282829688
1434,14.34,1.3031108265052347,-1.1821239166867814
1435,14.35,1.3069735380771266,-1.182803662357991
1436,14.36,1.3032549549247157,-1.1812852293301388
1437,14.370000000000001,1.3030166871467064,-1.1767547460735683
1438,14.38,1.2953156050654144,-1.1778608164399567
1439,14.39,1.2989560541515452,-1.1752294675013086
1440,14.4,1.2981740624263751,-1.1704333446450674
1441,14.41,1.3011408576766363,-1.1671003848784791
1442,14.42,1.2950980210116763,-1.1661455927205517
1443,14.43,1.2921393770169245,-1.166245546110221
1444,14.44,1.2894583362509668,-1.1650462879732706
1445,14.450000000000001,1.2925051419670002,-1.1588465690897576
1446,14.46,1.292284198848468,-1.161088433300054
1447,14.47,1.284035002087584,-1.15569418745361
1448,14.48,1.2842255621775207,-1.1509328552583162
1449,14.49,1.2793816826740125,-1.1502156183174443
1450,14.5,1.2873738583739491,-1.150459360984035
1451,14.51,1.286730741025042,-1.1439576460257295
1452,14.52,1.2838512959306918,-1.1455221181736783
1453,14.530000000000001,1.2771101564709118,-1.1432760120085126
1454,14.540000000000001,1.273804421662394,-1.1397515375978473
1455,14.55,1.2720300586078515,-1.1391388575390151
1456,14.56,1.273124877654673,-1.1333813413480875
1457,14.57,1.2697391306256038,-1.1307706374525717
1458,14.58,1.2687689179110035,-1.1282003847730115
1459,14.59,1.2705492405948966,-1.124427512292413
1460,14.6,1.2641863970367053,-1.1253825816205612
1461,14.61,1.2702675763379274,-1.1219739572200442
1462,14.620000000000001,1.2618429587407816,-1.1180439130808846
1463,14.63,1.2631506537823516,-1.1176492623361096
1464,14.64,1.2679853654169966,-1.1103013905475925
1465,14.65,1.259218513901504,-1.1107085742049094
1466,14.66,1.2569999420109983,-1.1098917462724083
1467,14.67,1.2628598952834191,-1.1042654932713096
1468,14.68,1.257850571398043,-1.1033008922754322
1469,14.69,1.2649568277648386,-1.1021443019438213
1470,14.700000000000001,1.2452918667934165,-1.0986781260951768
1471,14.71,1.2534918356192015,-1.097889465576924
1472,14.72,1.2512572481877762,-1.0931949099477198
1473,14.73,1.2512291935445117,-1.0862261995742686
1474,14.74,1.2437076808415772,-1.0901740993067537
1475,14.75,1.2479071587819133,-1.0852920966452113
1476,14.76,1.2374418770981481,-1.0803822580229507
1477,14.77,1.2362985400029276,-1.077670077169235
1478,14.780000000000001,1.2415128619245115,-1.076406147404999
1479,14.790000000000001,1.2421503767635318,-1.073021742957871
1480,14.8,1.2380004511772864,-1.0689140503912768
1481,14.81,1.229455846640816,-1.0646161701692236
1482,14.82,1.2313800551331036,-1.0631681460697249
1483,14.83,1.2309155841936048,-1.0623842668408316
1484,14.84,1.2288615665554903,-1.0579721937514832
1485,14.85,1.232331278536519,-1.0556021056482126
1486,14.86,1.227671962010008,-1.051833060661045
1487,14.870000000000001,1.2211858143889176,-1.0492861672596965
1488,14.88,1.2230508814282468,-1.0468862700704809
1489,14.89,1.2210556906363432,-1.0461314380258446
1490,14.9,1.2077877520675488,-1.0423840377816722
1491,14.91,1.2250412734130227,-1.0355233937135837
1492,14.92,1.2101405545887027,-1.0362030469074133
1493,14.93,1.2110536619082826,-1.0322179090758892
1494,14.94,1.2072207873870435,-1.0281982899279678
1495,14.950000000000001,1.2083455292967484,-1.023296218979823
1496,14.96,1.2034391099211734,-1.0225141644732374
1497,14.97,1.2023585509170795,-1.0194277299622378
1498,14.98,1.2077433480264042,-1.0144911568473722
1499,14.99,1.1975203290152603,-1.0131102309822535
1500,15.0,1.1958623336764962,-1.0083445453199391
1501,15.01,1.1925447618880276,-1.0038502418075372
1502,15.02,1.1937236009670167,-1.0005922448358477
1503,15.030000000000001,1.1839398205039036,-0.9969790014014637
1504,15.040000000000001,1.1862744052768166,-0.9937747628984187
1505,15.05,1.1829756377489602,-0.9914896290369191
1506,15.06,1.1798793238375913,-0.9875245607713696
1507,15.07,1.173695822193645,-0.9833709692642326
1508,15.08,1.1877275810809704,-0.9808553981426462
1509,15.09,1.1749518326504194,-0.9759230782674729
1510,15.1,1.1761601104992874,-0.9742028825082584
1511,15.11,1.1764942477931055,-0.969371325900611
1512,15.120000000000001,1.1726294696720798,-0.9668694585532877
1513,15.13,1.1616570277897615,-0.9615662518902904
1514,15.14,1.1711982719810314,-0.9559757771136507
1515,15.15,1.1646839273503853,-0.9537023236804607
1516,15.16,1.1518007789752864,-0.9550698795171343
1517,15.17,1.1550092412013593,-0.9433661853735437
1518,15.18,1.155598748680322,-0.9406867408526416
1519,15.19,1.1477936751977662,-0.9376579749078074
1520,15.200000000000001,1.140934715447563,-0.933395995734965
1521,15.21,1.148752866436106,-0.9311030492157948
1522,15.22,1.1371540585023743,-0.9278590342230943
1523,15.23,1.137863690920728,-0.9220270364654285
1524,15.24,1.1313321496867608,-0.9200085955289036
1525,15.25,1.1298181774571965,-0.9179676098060292
1526,15.26,1.1219889399735719,-0.9108818314092562
1527,15.27,1.1259847901455555,-0.9056651160910222
1528,15.280000000000001,1.1208467147387822,-0.9027491157390077
1529,15.290000000000001,1.1217795330071014,-0.9010808710500975
1530,15.3,1.1164142328129822,-0.8904881098033833
1531,15.31,1.1128555357317715,-0.8914981706305264
1532,15.32,1.1100298917473979,-0.888807486087173
1533,15.33,1.105296601764953,-0.8820667822155419
1534,15.34,1.0910485056282946,-0.8794699898792081
1535,15.35,1.0967327018862219,-0.875491826912204
1536,15.36,1.0942200420631303,-0.8693671943521136
1537,15.370000000000001,1.0847076947404335,-0.8666862289406755
1538,15.38,1.0883623302310392,-0.8625169719752123
1539,15.39,1.0843624961849898,-0.8590166990325825
1540,15.4,1.0772693851280892,-0.8513435783956717
1541,15.41,1.0707116125133567,-0.849402803724342
1542,15.42,1.0636020678127485,-0.8424186849720423
1543,15.43,1.0624766294254144,-0.8400821067400297
1544,15.44,1.0575353280183024,-0.8311997613757363
1545,15.450000000000001,1.0548297592215696,-0.8298779471502906
1546,15.46,1.0505008511668568,-0.8266240669611722
1547,15.47,1.0467440404262045,-0.8212175606838835
1548,15.48,1.042722446625555,-0.8180977191448818
1549,15.49,1.0322496004851267,-0.809007259615786
1550,15.5,1.031787354235414,-0.8096025880925584
1551,15.51,1.0302154873045148,-0.8016524281774998
1552,15.52,1.0287356287533054,-0.7962743471479021
1553,15.530000000000001,1.0219007523393466,-0.7950948088499077
1554,15.540000000000001,1.0046449050573165,-0.7893410726884639
1555,15.55,1.0123469282183573,-0.7864568875530368
1556,15.56,0.9988775822628928,-0.7780255529188871
1557,15.57,0.9947590460850735,-0.776067239943946
1558,15.58,0.9883592998887573,-0.7688816583123556
1559,15.59,0.9833478137628268,-0.7693169445938332
1560,15.6,0.9689300356232105,-0.7626958978135594
1561,15.610000000000001,0.9691442303946445,-0.7554583640838488
1562,15.620000000000001,0.9625527496601031,-0.7509350328528739
1563,15.63,0.9593895677141898,-0.7468707777013408
1564,15.64,0.9492225714478301,-0.7442938157705593
1565,15.65,0.9443747581963187,-0.7371562174105574
1566,15.66,0.9397333087369577,-0.735127318666028
1567,15.67,0.9378051929599119,-0.7292129898672931
1568,15.68,0.9298578677463835,-0.7252432293582259
1569,15.69,0.9234703374069749,-0.7184989019659477
1570,15.700000000000001,0.9065207662517838,-0.7144612418364197
1571,15.71,0.9018289688109008,-0.7079074293746346
1572,15.72,0.8927373029615734,-0.7019595267641582
1573,15.73,0.8851675023932606,-0.7003952897112968
1574,15.74,0.8800984706781673,-0.6959643816675473
1575,15.75,0.8714492706484768,-0.6900144043310222
1576,15.76,0.8682582754632192,-0.6830929677796383
1577,15.77,0.8595884284206802,-0.6804417099717601
1578,15.780000000000001,0.8442949099552425,-0.677436905445031
1579,15.790000000000001,0.8373871756332567,-0.6730293316609844
1580,15.8,0.8361829028545296,-0.666737899022691
1581,15.81,0.8188246342506652,-0.6640503892048993
1582,15.82,0.812478942205431,-0.6570026052283762
1583,15.83,0.8020359560928079,-0.6533055002509413
1584,15.84,0.798871306704777,-0.646558173026696
1585,15.85,0.7903163388730174,-0.6411561152587599
1586,15.860000000000001,0.7764620154688472,-0.6360729598453875
1587,15.870000000000001,0.7679685079380492,-0.6342306226710767
1588,15.88,0.75251344660208,-0.629768255910016
1589,15.89,0.7438604962664892,-0.6269616804970598
1590,15.9,0.7377670874407289,-0.6180009034867153
1591,15.91,0.7303863348808455,-0.6150729357104779
1592,15.92,0.7170905895392914,-0.6107631489451719
1593,15.93,0.7002640643855985,-0.6018116798723215
1594,15.94,0.6977695537681021,-0.6036793701588954
1595,15.950000000000001,0.6844604835992895,-0.5972141088257505
1596,15.96,0.6653323412462627,-0.5885441297315144
1597,15.97,0.661695712212006,-0.5871180593099381
1598,15.98,0.6506048956944404,-0.5805479321722088
1599,15.99,0.6338052317893785,-0.5782777574378214
1600,16.0,0.626250670390114,-0.5742471459441262
1601,16.01,0.613047025827523,-0.5668578544971771
1602,16.02,0.6025586650033197,-0.5648656455027754
1603,16.03,0.5867591428717468,-0.5588603310879653
1604,16.04,0.5721301363699626,-0.5564209138332061
1605,16.05,0.5608552055955728,-0.5513239587210091
1606,16.06,0.5504493126822793,-0.5485124888018522
1607,16.07,0.5311340557578519,-0.5417635105315962
1608,16.080000000000002,0.5153861485833113,-0.540430514691928
1609,16.09,0.4949366639062,-0.5384328207685637
1610,16.1,0.4887629175967717,-0.5334073071187282
1611,16.11,0.4680377596579941,-0.5300425824154469
1612,16.12,0.4532293148011411,-0.5266834003608819
1613,16.13,0.43766352016458304,-0.5216519680530117
1614,16.14,0.4205831493205719,-0.5190132745729392
1615,16.15,0.4035526817243906,-0.5181291750193318
1616,16.16,0.3973841441425669,-0.5145922308806292
1617,16.17,0.3778576686954318,-0.5102583511044614
1618,16.18,0.36199147425502815,-0.5072260774073929
1619,16.19,0.3435037859546879,-0.5032763728729388
1620,16.2,0.32590658905863434,-0.5042390507037476
1621,16.21,0.30788021095621493,-0.5027269364828942
1622,16.22,0.2873940328991455,-0.4977860797711064
1623,16.23,0.26667303884308446,-0.4980444706773693
1624,16.240000000000002,0.25649472061135103,-0.4931546077477526
1625,16.25,0.23820674026850228,-0.49116038655124555
1626,16.26,0.2154320302106372,-0.49297178091121213
1627,16.27,0.20177259629501268,-0.49096787531310215
1628,16.28,0.18077310540385272,-0.4895258556121682
1629,16.29,0.1642616934444147,-0.48591328624085817
1630,16.3,0.14922787590069153,-0.485220293109944
1631,16.31,0.12530840560233683,-0.48461602169415957
1632,16.32,0.10708867584606853,-0.4843647770609742
1633,16.330000000000002,0.08277823702686893,-0.4834733296126264
1634,16.34,0.07008151860978686,-0.4837261719043316
1635,16.35,0.051925560672634076,-0.4820275359187796
1636,16.36,0.027156864334058888,-0.48008501076047105
1637,16.37,0.012565040732080519,-0.4816281786586857
1638,16.38,-0.007709990591223512,-0.4829039631695977
1639,16.39,-0.022642357699271684,-0.4803588565554093
1640,16.4,-0.05381007789334328,-0.48154647490831726
1641,16.41,-0.05772553521919031,-0.48197342260339265
1642,16.42,-0.09003956855306626,-0.4838671580144222
1643,16.43,-0.10627260993802753,-0.48172967070172246
1644,16.44,-0.12472990206031129,-0.4835932825058503
1645,16.45,-0.14525843971102603,-0.48776062443685264
1646,16.46,-0.16096456914565854,-0.4861111576717463
1647,16.47,-0.1811619902775185,-0.49001754979878115
1648,16.48,-0.1969145329503031,-0.4875312359784007
1649,16.490000000000002,-0.22256257045153838,-0.4907811175370833
1650,16.5,-0.2319512328463284,-0.4982761164406677
1651,16.51,-0.24319136323836205,-0.49474431481206566
1652,16.52,-0.2668755131171152,-0.49636498332704415
1653,16.53,-0.2888540506698063,-0.49781009386014236
1654,16.54,-0.30376603536514146,-0.5022174701582643
1655,16.55,-0.32830148529408193,-0.5024763513218867
1656,16.56,-0.3375107148396859,-0.5041735804167966
1657,16.57,-0.35349043148044496,-0.5079096278443178
1658,16.580000000000002,-0.376391312665459,-0.5132696922552052
1659,16.59,-0.39015335607918605,-0.5129739323621133
1660,16.6,-0.4061341855161132,-0.5170243501627918
1661,16.61,-0.4194766206687344,-0.5215352259443028
1662,16.62,-0.4401373163336045,-0.5229468244677816
1663,16.63,-0.4519225439396105,-0.5281190631694735
1664,16.64,-0.4626743622972648,-0.5327482901209114
1665,16.65,-0.47862186277052876,-0.5333361865278657
1666,16.66,-0.49777198653793125,-0.5374832210702364
1667,16.67,-0.5119848760372301,-0.5420616721739082
1668,16.68,-0.5214249158236083,-0.5437914726854335
1669,16.69,-0.5405947013892957,-0.5453603973364023
1670,16.7,-0.557981902052317,-0.5556388845588712
1671,16.71,-0.5685663517534738,-0.5546666209569233
1672,16.72,-0.5881757056563358,-0.5611595297026296
1673,16.73,-0.5914410777576443,-0.5652672651321038
1674,16.740000000000002,-0.61055861538251,-0.5693928447912157
1675,16.75,-0.6208353262441174,-0.5737543876491844
1676,16.76,-0.6283140199160142,-0.5764220526688576
1677,16.77,-0.6431015294433405,-0.5837589664406965
1678,16.78,-0.6618628275274593,-0.5880349833334612
1679,16.79,-0.6746191780117263,-0.590564979554891
1680,16.8,-0.6784488633418007,-0.5942824074953118
1681,16.81,-0.6955680564852448,-0.5999233386854883
1682,16.82,-0.6996786997397128,-0.6027552551908324
1683,16.830000000000002,-0.7103575373611386,-0.6061208712983466
1684,16.84,-0.7269102999547216,-0.6161569140058548
1685,16.85,-0.7363644017506928,-0.62157536412105
1686,16.86,-0.7423981717727781,-0.6249334666071604
1687,16.87,-0.7510825631751485,-0.6285730606843225
1688,16.88,-0.7631354937045016,-0.6318275909342779
1689,16.89,-0.7739166505036076,-0.6382471007867238
1690,16.9,-0.7839069060852235,-0.6443285753170017
1691,16.91,-0.7992525223729504,-0.649103702803526
1692,16.92,-0.7987327739933784,-0.6521538563411292
1693,16.93,-0.8119851656352584,-0.6585458780991243
1694,16.94,-0.8232044888015598,-0.6624298318520101
1695,16.95,-0.8256793120564044,-0.6680375389370655
1696,16.96,-0.8366360753516501,-0.6704788494125357
1697,16.97,-0.848668215882852,-0.677532693086466
1698,16.98,-0.8521258086796679,-0.6825822250192793
1699,16.990000000000002,-0.8601404353724712,-0.6895913202650132
1700,17.0,-0.8711218491634236,-0.6937026454028548
1701,17.01,-0.8807895104995555,-0.6981788383084506
1702,17.02,-0.8828720375385607,-0.7025517326100077
1703,17.03,-0.8890831721842946,-0.7074562124769251
1704,17.04,-0.8903306431275135,-0.7134837295830873
1705,17.05,-0.9081580518916499,-0.7181828209502864
1706,17.06,-0.9100815334539942,-0.7217260944806619
1707,17.07,-0.9193273010024883,-0.7270537574007073
1708,17.080000000000002,-0.9246561276018249,-0.7313287870040949
1709,17.09,-0.9268230827864627,-0.7364895183168214
1710,17.1,-0.9376235742977186,-0.74173614350398
1711,17.11,-0.9429062521965708,-0.7469244295672149
1712,17.12,-0.9514436822701677,-0.7518678635202961
1713,17.13,-0.9563311282398141,-0.7566715688851035
1714,17.14,-0.9682516244835782,-0.7618499361648575
1715,17.150000000000002,-0.9656686635110668,-0.7663779283636619
1716,17.16,-0.9819953417383556,-0.7710456299790137
1717,17.17,-0.9882737404733795,-0.7737643359803004
1718,17.18,-0.9871011076627813,-0.7773878390198159
1719,17.19,-0.994011803506801,-0.7857312218164711
1720,17.2,-0.9942029028368012,-0.7900445195560973
1721,17.21,-1.009388391522621,-0.7935892842604503
1722,17.22,-1.0075698470601049,-0.7960262629763858
1723,17.23,-1.0133955810409034,-0.8036878792700065
1724,17.240000000000002,-1.023610014651401,-0.806673540602478
1725,17.25,-1.0266197641751573,-0.8105582080085681
1726,17.26,-1.0260754361071243,-0.8154452949500341
1727,17.27,-1.0279129824215347,-0.819840446129778
1728,17.28,-1.0402100980455529,-0.8241318165791023
1729,17.29,-1.0416359568312066,-0.8291941218251246
1730,17.3,-1.0595239921710975,-0.8348329777047251
1731,17.31,-1.0467491919476948,-0.838978242550226
1732,17.32,-1.0551144610701435,-0.8445329587276583
1733,17.330000000000002,-1.0603920626450818,-0.8476207292056959
1734,17.34,-1.0647301785175323,-0.8504754216039528
1735,17.35,-1.0738280285148893,-0.8568523960349427
1736,17.36,-1.0667857617183385,-0.8590187449696113
1737,17.37,-1.0780337553757826,-0.8632687048080474
1738,17.38,-1.0846301592261998,-0.8669440513139369
1739,17.39,-1.0882045963664586,-0.872433617147941
1740,17.400000000000002,-1.092065604884401,-0.8769086784667884
1741,17.41,-1.0912431009599852,-0.8792556146780848
1742,17.42,-1.0969384409119225,-0.8822862838244391
1743,17.43,-1.101380770585046,-0.8900497877898115
1744,17.44,-1.1016788233922483,-0.8928099691155539
1745,17.45,-1.1057682982469015,-0.8999287412248261
1746,17.46,-1.1167941341815162,-0.8996962435555261
1747,17.47,-1.1193305713048924,-0.903255889337752
1748,17.48,-1.1221273504969278,-0.9114140938418376
1749,17.490000000000002,-1.1205529374394938,-0.9123869863589807
1750,17.5,-1.1200256238205366,-0.9181487598784462
1751,17.51,-1.1332519242554722,-0.9215460245757845
1752,17.52,-1.1388432516584595,-0.9261678733844416
1753,17.53,-1.1277133796249061,-0.9282798781975314
1754,17.54,-1.1404256103827233,-0.933384859635883
1755,17.55,-1.143459508579608,-0.9387793635321362
1756,17.56,-1.1421201322428154,-0.9385594948567336
1757,17.57,-1.1501195491774392,-0.9428395404026942
1758,17.580000000000002,-1.1427941795298355,-0.9476313486265737
1759,17.59,-1.157332003456329,-0.9476748115983205
1760,17.6,-1.1580718822973848,-0.9561125794232918
1761,17.61,-1.152572708325597,-0.9581874617050462
1762,17.62,-1.1625732996666749,-0.9611038066365356
1763,17.63,-1.160281883772112,-0.9663526625167945
1764,17.64,-1.1654249753169308,-0.9698355948697416
1765,17.650000000000002,-1.1671245745425303,-0.9709169939991649
1766,17.66,-1.1727605431181176,-0.978402712415478
1767,17.67,-1.1729357533280391,-0.9784689844912468
1768,17.68,-1.1776858751271666,-0.9829027867667799
1769,17.69,-1.1778361945873512,-0.9857703683823686
1770,17.7,-1.189582879151143,-0.9926713697839492
1771,17.71,-1.1863205878769594,-0.991532888303141
1772,17.72,-1.189247950228752,-0.9961894879375747
1773,17.73,-1.1948024270452673,-0.9983004638019215
1774,17.740000000000002,-1.1968680601385893,-1.0028966141913391
1775,17.75,-1.1977099307607655,-1.0061886550952819
1776,17.76,-1.2004223770702944,-1.0075486314254316
1777,17.77,-1.1971175158049394,-1.01330168655981
1778,17.78,-1.2032934157911217,-1.0168055120185262
1779,17.79,-1.20318518871684,-1.0175192950526377
1780,17.8,-1.2039986869144093,-1.0240183582054339
1781,17.81,-1.2035024273635357,-1.0261952919230666
1782,17.82,-1.2102698717205123,-1.0307266217289377
1783,17.830000000000002,-1.2095944663109452,-1.0324725316005534
1784,17.84,-1.2125192492460883,-1.0352411592760236
1785,17.85,-1.2261579013094517,-1.0378959400434757
1786,17.86,-1.2258825801533986,-1.0424980120203418
1787,17.87,-1.2251249961454627,-1.0421254353636165
1788,17.88,-1.2229352340413804,-1.0454525123646154
1789,17.89,-1.2260583172250143,-1.0485808853497238
1790,17.900000000000002,-1.2194074785126365,-1.0516348115348457
1791,17.91,-1.2337891050680803,-1.058974744822476
1792,17.92,-1.2311554757741319,-1.0573630765729414
1793,17.93,-1.2272261188982239,-1.0630015639961448
1794,17.94,-1.2384388954365873,-1.0674889264751248
1795,17.95,-1.2402856422050708,-1.068655149865751
1796,17.96,-1.2350657347821745,-1.0720384952064326
1797,17.97,-1.2380389510728114,-1.0757582254536928
1798,17.98,-1.2450600743633613,-1.0775555225823792
1799,17.990000000000002,-1.236563146071862,-1.080885449382366
1800,18.0,-1.2430686981678283,-1.080988644902895
1801,18.01,-1.245972227290867,-1.0867716969757333
1802,18.02,-1.2494951195778758,-1.0869926032450286
1803,18.03,-1.2525555339520364,-1.0924857006304525
1804,18.04,-1.2566904640802257,-1.0934416934061857
1805,18.05,-1.2534557379346427,-1.0937163801311982
1806,18.06,-1.25429759133005,-1.0991418963555386
1807,18.07,-1.2606971460611567,-1.1056722521288995
1808,18.080000000000002,-1.261369915954198,-1.102033330645917
1809,18.09,-1.2544780690449706,-1.1096632956346615
1810,18.1,-1.2567831898203208,-1.1112696670803441
1811,18.11,-1.2716969197831882,-1.1152824818610045
1812,18.12,-1.274456604034665,-1.119378151941758
1813,18.13,-1.2607894564956972,-1.120790703111793
1814,18.14,-1.2728645286112483,-1.120532676471772
1815,18.150000000000002,-1.2719810476914346,-1.1244137260440064
1816,18.16,-1.2644195184080047,-1.1266072276066244
1817,18.17,-1.2726568130218001,-1.1291624916113214
1818,18.18,-1.2692160692539483,-1.1300981750861925
1819,18.19,-1.2730546154786964,-1.1337993744913846
1820,18.2,-1.2691207727977287,-1.1358457588961839
1821,18.21,-1.2738014680330239,-1.1381325358788486
1822,18.22,-1.2860647751147385,-1.140684829148566
1823,18.23,-1.281064305360353,-1.144313789540608
1824,18.240000000000002,-1.2834030383401012,-1.1473355792624809
1825,18.25,-1.2797772843803388,-1.1496947816742817
1826,18.26,-1.2834105194340928,-1.149284915693728
1827,18.27,-1.282398063925404,-1.1539326397319978
1828,18.28,-1.2814494860909613,-1.1561469250079326
1829,18.29,-1.2829167909111228,-1.1589790638673028
1830,18.3,-1.290469703971836,-1.1609639343683944
1831,18.31,-1.2872850471335409,-1.163045069132214
1832,18.32,-1.2818982331539188,-1.1644830139845799
1833,18.330000000000002,-1.2878854289904826,-1.1682343277722838
1834,18.34,-1.284853559048664,-1.1674125881856885
1835,18.35,-1.2977370360017473,-1.171882385361555
1836,18.36,-1.2921638304714496,-1.1737512882233818
1837,18.37,-1.301213292573321,-1.1756948981572575
1838,18.38,-1.2990206358617762,-1.179565686199045
1839,18.39,-1.3057113983506519,-1.1787747673055573
1840,18.400000000000002,-1.3000651157759893,-1.1863916766634253
1841,18.41,-1.3060308960999185,-1.1855341039950618
1842,18.42,-1.3003860396790294,-1.1882607677578267
1843,18.43,-1.30241630698367,-1.1900363489929142
1844,18.44,-1.3029836386026383,-1.195320966936213
1845,18.45,-1.3022542544912699,-1.1931617763831257
1846,18.46,-1.3077775240317835,-1.1961793454164875
1847,18.47,-1.3067738953862467,-1.2004045704282007
1848,18.48,-1.3098982157886685,-1.200059018761382
1849,18.490000000000002,-1.3092006357169415,-1.204615704599001
1850,18.5,-1.3080386314900039,-1.2051194340896496
1851,18.51,-1.3021786016924815,-1.205979867774669
1852,18.52,-1.3103887527350764,-1.207483638497027
1853,18.53,-1.3071217077576247,-1.2113412733131534
1854,18.54,-1.312477336416239,-1.2164297496979772
1855,18.55,-1.31191330019007,-1.211624587677525
1856,18.56,-1.32063440146148,-1.2162059960244629
1857,18.57,-1.3140038663529956,-1.2172236153156397
1858,18.580000000000002,-1.3193809472694653,-1.2215269329677707
1859,18.59,-1.3224945006402882,-1.220840358566466
1860,18.6,-1.3152666113509939,-1.2262356497133995
1861,18.61,-1.3187122037745604,-1.2268339578937806
1862,18.62,-1.3153348865394745,-1.226606027428457
1863,18.63,-1.3207850268071804,-1.2287591352788927
1864,18.64,-1.3215753117859461,-1.2335339088787827
1865,18.650000000000002,-1.3302204480065527,-1.2338434085469432
1866,18.66,-1.3212593570497675,-1.2399119701316306
1867,18.67,-1.321184469362365,-1.2389636655619363
1868,18.68,-1.3314952638724808,-1.2423290716028146
1869,18.69,-1.32659267906913,-1.2411990788252643
1870,18.7,-1.3332786308322317,-1.2443323734360496
1871,18.71,-1.3316485934451945,-1.2449503802880688
1872,18.72,-1.3304285937078706,-1.2478725609325738
1873,18.73,-1.3293346175044087,-1.2524004884192947
1874,18.740000000000002,-1.3221529430066632,-1.251771431330464
1875,18.75,-1.3280058329411757,-1.2544772228785768
1876,18.76,-1.332859580483342,-1.2573318586914557
1877,18.77,-1.3336093731833576,-1.259592555160657
1878,18.78,-1.3241804222235916,-1.257450951932818
1879,18.79,-1.3352693807099347,-1.2581192164971196
1880,18.8,-1.340604715044652,-1.263978073137288
1881,18.81,-1.331448522559349,-1.2655632384469215
1882,18.82,-1.3334976725827004,-1.261867716498548
1883,18.830000000000002,-1.3421181759420406,-1.2658074997831976
1884,18.84,-1.334161600263899,-1.2712377534595485
1885,18.85,-1.3428378812432484,-1.2704613025464238
1886,18.86,-1.338057767642336,-1.2705312841728051
1887,18.87,-1.3327562446661123,-1.274420629814644
1888,18.88,-1.3424041052576183,-1.2764098575148934
1889,18.89,-1.34391492363174,-1.2782847777343067
1890,18.900000000000002,-1.3420258377757122,-1.2815026888694385
1891,18.91,-1.3410529481468987,-1.278251593077405
1892,18.92,-1.3455777383098555,-1.2810119862732874
1893,18.93,-1.3439389832675237,-1.2878773986717926
1894,18.94,-1.3431968613042764,-1.2847033820068228
1895,18.95,-1.344435873679723,-1.288930651437988
1896,18.96,-1.3398547759044694,-1.2898711334262365
1897,18.97,-1.343409278460106,-1.2881496242634791
1898,18.98,-1.3470367293977366,-1.2925348616830188
1899,18.990000000000002,-1.3470543074322388,-1.2962114788188057
1900,19.0,-1.349666046852729,-1.2944191250566326
1901,19.01,-1.3457921855625379,-1.299194823981435
1902,19.02,-1.3551608226992822,-1.2980452523445265
1903,19.03,-1.3520546431325704,-1.300261893906422
1904,19.04,-1.3449337199133926,-1.300662907183202
1905,19.05,-1.3548562529223915,-1.3022099075133966
1906,19.06,-1.3533405320088083,-1.3049720203622777
1907,19.07,-1.3591899908014653,-1.3072041190336705
1908,19.080000000000002,-1.3565855707727807,-1.3081718033116587
1909,19.09,-1.3480845511079353,-1.3073829086513358
1910,19.1,-1.348188999238947,-1.31411740274232
1911,19.11,-1.3663112603060945,-1.3153122561114863
1912,19.12,-1.3518439098353516,-1.316812917499961
1913,19.13,-1.3575048077749154,-1.316509206963043
1914,19.14,-1.359651643487987,-1.318875793719881
1915,19.150000000000002,-1.3525188678380797,-1.3191490261568894
1916,19.16,-1.3560694076282662,-1.322437317594859
1917,19.17,-1.3594591196728205,-1.3237225618734794
1918,19.18,-1.3577185450180083,-1.3263391334707775
1919,19.19,-1.3605927636977324,-1.3255317030360827
1920,19.2,-1.3501827979239396,-1.3277661551606827
1921,19.21,-1.361113759461776,-1.3300499598350437
1922,19.22,-1.366124607472506,-1.3280644159536308
1923,19.23,-1.3598491570252382,-1.3324369088261454
1924,19.240000000000002,-1.370239594387501,-1.3328008093984893
1925,19.25,-1.3647003963616444,-1.3350541131424445
1926,19.26,-1.364033059121129,-1.3352473312694022
1927,19.27,-1.360034044053291,-1.3366289864564505
1928,19.28,-1.368144270265086,-1.3409651416562713
1929,19.29,-1.3652011773621457,-1.343296980317734
1930,19.3,-1.3601287740678163,-1.3414668938937089
1931,19.31,-1.3581316083998616,-1.3432642101638217
1932,19.32,-1.3653130420750834,-1.3465108541941562
1933,19.330000000000002,-1.3650308546275614,-1.3464970874193865
1934,19.34,-1.3597959520915186,-1.3484084077135199
1935,19.35,-1.3693926877251301,-1.3522555842228798
1936,19.36,-1.3663055129546051,-1.349437773695716
1937,19.37,-1.3727931415936385,-1.3537882644237234
1938,19.38,-1.3723106302494563,-1.353795507444808
1939,19.39,-1.3648762399874352,-1.3541665693912917
1940,19.400000000000002,-1.3642423011161315,-1.3561781482451996
1941,19.41,-1.3752393794810662,-1.3596457459524658
1942,19.42,-1.365288849162327,-1.3598253656570467
1943,19.43,-1.3678129360402562,-1.3616571732488876
1944,19.44,-1.3750521075878186,-1.3619686503927455
1945,19.45,-1.3686351194204243,-1.3632119967452196
1946,19.46,-1.3749520215268038,-1.3646087411852548
1947,19.47,-1.3760028500990407,-1.3651720351899954
1948,19.48,-1.3817735874955015,-1.3648759259245753
1949,19.490000000000002,-1.3759183040572813,-1.3689181876040144
1950,19.5,-1.3675048725759418,-1.3731870184420756
1951,19.51,-1.36945324298624,-1.3722938425138522
1952,19.52,-1.3726668105085469,-1.3754471499371264
1953,19.53,-1.3748014967035593,-1.3761111682821034
1954,19.54,-1.3761370288538115,-1.3731440701013709
1955,19.55,-1.3745157124677985,-1.3764296188111798
1956,19.56,-1.3729463334939391,-1.3781797715044106
1957,19.57,-1.3771110848819241,-1.3788761759591026
1958,19.580000000000002,-1.3740676171931105,-1.384171414264316
1959,19.59,-1.3867070447759398,-1.379209352237274
1960,19.6,-1.3851154422205303,-1.3846487896241688
1961,19.61,-1.3780036092608088,-1.3860792637238954
1962,19.62,-1.3795815257235429,-1.3869336252548488
1963,19.63,-1.377709962217037,-1.3869873938626465
1964,19.64,-1.3846718492238508,-1.3895606761352737
1965,19.650000000000002,-1.3823439643556794,-1.3899165595143406
1966,19.66,-1.376758168367368,-1.3883447223131216
1967,19.67,-1.3807203583039764,-1.3945924693180627
1968,19.68,-1.372271167438068,-1.3939157567351228
1969,19.69,-1.3795625316846571,-1.3968413545726173
1970,19.7,-1.391593931540321,-1.3949253273617321
1971,19.71,-1.386046188031984,-1.3976294413686257
1972,19.72,-1.3850785848089835,-1.3963985172458016
1973,19.73,-1.3806788889804882,-1.4025314705692733
1974,19.740000000000002,-1.3854949723507821,-1.4013076970508915
1975,19.75,-1.3825656840196627,-1.4020240039719951
1976,19.76,-1.3838842939613578,-1.4017765207553723
1977,19.77,-1.383072382181939,-1.4047636697552863
1978,19.78,-1.390141792590629,-1.4080672196773514
1979,19.79,-1.3848229309802322,-1.4055442838936343
1980,19.8,-1.3908884701169701,-1.409507017851298
1981,19.81,-1.3913643533305369,-1.4126819923518867
1982,19.82,-1.38775809365555,-1.411202202990661
1983,19.830000000000002,-1.3840110745816625,-1.4111641879188315
1984,19.84,-1.3849397366303324,-1.4159008798564288
1985,19.85,-1.3883585244460177,-1.4159429660796072
1986,19.86,-1.3863131154251864,-1.417770228557614
1987,19.87,-1.3879951275966758,-1.4177715760901082
1988,19.88,-1.3812450649003702,-1.4211777408904989
1989,19.89,-1.3948774642843786,-1.4196817015860248
1990,19.900000000000002,-1.3844203410717744,-1.419354270406692
1991,19.91,-1.3868807614716931,-1.4209472117851987
1992,19.92,-1.3823158403033937,-1.4239842205404116
1993,19.93,-1.3812122032664313,-1.4232083350812297
1994,19.94,-1.39608210581721,-1.4269001674964583
1995,19.95,-1.3812383533391588,-1.4270886566016017
1996,19.96,-1.386627120629211,-1.4287811742070955
1997,19.97,-1.3890542608314118,-1.4294156974385666
1998,19.98,-1.3865487279701696,-1.4294943527215576
1999,19.990000000000002,-1.387147783071806,-1.4326217931229694
2000,20.0,-1.3933456184989135,-1.4337068890465479
2001,20.01,-1.384737452376326,-1.4319187311346258
2002,20.02,-1.3960456399965675,-1.434822433878365
2003,20.03,-1.393649550374591,-1.437427100374405
2004,20.04,-1.3835837170669483,-1.4356375965110058
2005,20.05,-1.3880996320651091,-1.4369325253945606
2006,20.06,-1.387532532351264,-1.4392045499377106
2007,20.07,-1.392239968589658,-1.4391304563941645
2008,20.080000000000002,-1.395816208740048,-1.440035065415849
2009,20.09,-1.3876256329250083,-1.4441455464207387
2010,20.1,-1.3911514127277682,-1.443026018830721
2011,20.11,-1.386452955319786,-1.445025446097235
2012,20.12,-1.3954045155067734,-1.4470613742841956
2013,20.13,-1.393452904412929,-1.4494289597317351
2014,20.14,-1.3916779084330013,-1.4485466389595585
2015,20.150000000000002,-1.3960554068817554,-1.4478685777362954
2016,20.16,-1.388584379861084,-1.4484684811829185
2017,20.17,-1.3913278584903046,-1.4491876285436733
2018,20.18,-1.3941590329344464,-1.4544360461762644
2019,20.19,-1.40263784528311,-1.4514543618328033
2020,20.2,-1.3952695950491711,-1.452961511497568
2021,20.21,-1.3939449804568076,-1.4559090137404842
2022,20.22,-1.3935987092601958,-1.454816652914169
2023,20.23,-1.3925133742159885,-1.4585627751667323
2024,20.240000000000002,-1.3954662560656423,-1.4568934657424542
2025,20.25,-1.3937796754584384,-1.4586409692129398
2026,20.26,-1.3974784064588965,-1.4611008562864336
2027,20.27,-1.396712166200255,-1.4629423236549486
2028,20.28,-1.3983754757577411,-1.4636235174165872
2029,20.29,-1.393253312156327,-1.4644079630746172
2030,20.3,-1.3971665070328507,-1.4628037280833224
2031,20.31,-1.3984316618589674,-1.4637905255793364
2032,20.32,-1.3922303576378157,-1.4665120647169099
2033,20.330000000000002,-1.396704749527102,-1.4684499386891914
2034,20.34,-1.3937092579307468,-1.4663706540781094
2035,20.35,-1.3948090609102897,-1.4694499281840938
2036,20.36,-1.3996985935132824,-1.4737722391458064
2037,20.37,-1.3988589023353541,-1.4743596013258748
2038,20.38,-1.3919795102219317,-1.4739492964557355
2039,20.39,-1.3977811029910447,-1.472085001309372
2040,20.400000000000002,-1.4072390675416413,-1.4773758509028119
2041,20.41,-1.3892030635381933,-1.477434737422572
2042,20.42,-1.3940883007243565,-1.4784784316880524
2043,20.43,-1.390662149654367,-1.4793931431676122
2044,20.44,-1.3940044775824179,-1.481510930909668
2045,20.45,-1.393350343612241,-1.4790808929874468
2046,20.46,-1.396318789963564,-1.4817335257769317
2047,20.47,-1.4026506719014153,-1.4841728223529531
2048,20.48,-1.4019023469221712,-1.4816002935829915
2049,20.490000000000002,-1.3963013546314125,-1.485257446739872
2050,20.5,-1.3961390282744044,-1.4872937883851487
2051,20.51,-1.3915518323577722,-1.4854400588787884
2052,20.52,-1.394140805537547,-1.486878859768765
2053,20.53,-1.3981070524134376,-1.4896705772073835
2054,20.54,-1.3999665131672623,-1.4888927108186498
2055,20.55,-1.4055375030441573,-1.4908073913110371
2056,20.56,-1.4004666203307554,-1.4884528844260738
2057,20.57,-1.4021554237384013,-1.495070334874683
2058,20.580000000000002,-1.3943779674268493,-1.4925541265967182
2059,20.59,-1.3952039162526837,-1.4940733630605432
2060,20.6,-1.3984728004223188,-1.4960348972189892
2061,20.61,-1.4049989733905788,-1.49696340841712
2062,20.62,-1.3962992991925702,-1.4996062018483507
2063,20.63,-1.395772262571522,-1.4983376320451411
2064,20.64,-1.3969623351022715,-1.4990873878433755
2065,20.650000000000002,-1.3978701247401821,-1.5017954911166937
2066,20.66,-1.400698270281344,-1.5041241735587156
2067,20.67,-1.40247898923718,-1.5046962309331904
2068,20.68,-1.3991213443255919,-1.506739057212717
2069,20.69,-1.3914459317719172,-1.503392279418282
2070,20.7,-1.392623290240963,-1.5031672322729936
2071,20.71,-1.3957397470358126,-1.5069508569790866
2072,20.72,-1.404754064267166,-1.5080691611026822
2073,20.73,-1.3934998826598055,-1.508287750709983
2074,20.740000000000002,-1.4079035938321316,-1.5128831673931151
2075,20.75,-1.401583760995433,-1.50908452123034
2076,20.76,-1.3974758461198205,-1.5117345321054751
2077,20.77,-1.390441784455168,-1.5144392461145566
2078,20.78,-1.4070062863492634,-1.5132957302495527
2079,20.79,-1.4100901677300413,-1.5129722877275749
2080,20.8,-1.4014607267114911,-1.5130645950569188
2081,20.81,-1.3994966474053938,-1.5167360799100444
2082,20.82,-1.3986012396676024,-1.5161524622938516
2083,20.830000000000002,-1.3988585038872872,-1.5153443037084622
2084,20.84,-1.3991030927884034,-1.5183643828667617
2085,20.85,-1.3947490611208129,-1.5194845454909713
2086,20.86,-1.3929725429115054,-1.5211024029114923
2087,20.87,-1.3899480763367673,-1.5229945006479941
2088,20.88,-1.3963649319780926,-1.524803332058817
2089,20.89,-1.3983154335444667,-1.5256382591863056
2090,20.900000000000002,-1.3948742331978572,-1.5238864289373535
2091,20.91,-1.404262569571103,-1.526253795646357
2092,20.92,-1.3984496237501733,-1.5254481439144176
2093,20.93,-1.4044021332959116,-1.5318744904853003
2094,20.94,-1.4058534545535883,-1.5285987303785575
2095,20.95,-1.40274109982782,-1.5303765187285419
2096,20.96,-1.4058744842574369,-1.5300151158991016
2097,20.97,-1.4039775437747635,-1.5302654184626754
2098,20.98,-1.402962212451829,-1.529852980416367
2099,20.990000000000002,-1.4055116676635848,-1.5373733459050938
2100,21.0,-1.400997090109483,-1.5355436070857562
2101,21.01,-1.3976374561273508,-1.5368380071127277
2102,21.02,-1.4045658421246683,-1.536799517357246
2103,21.03,-1.3986644993985013,-1.5383516459018036
2104,21.04,-1.404870834006168,-1.5405144117715934
2105,21.05,-1.396621970838552,-1.5385405012737519
2106,21.06,-1.3999774252587143,-1.5425165502605378
2107,21.07,-1.4030763027829805,-1.5395860838633646
2108,21.080000000000002,-1.4006148882793505,-1.5445922515871624
2109,21.09,-1.4033503020496678,-1.5424914065721926
2110,21.1,-1.4016721538012342,-1.5436097625635248
2111,21.11,-1.4000270175783809,-1.546652757110744
2112,21.12,-1.398938345358922,-1.5462933619204802
2113,21.13,-1.3995367238876215,-1.5487270862033253
2114,21.14,-1.400594920173483,-1.547623600368961
2115,21.150000000000002,-1.4073151632931977,-1.5461623260560409
2116,21.16,-1.3982963754680011,-1.5497561882549789
2117,21.17,-1.4072698721414094,-1.5476699807914942
2118,21.18,-1.395296445449901,-1.5496138539991824
2119,21.19,-1.4037659566615261,-1.5544264850090097
2120,21.2,-1.4050516655817529,-1.5531761827414097
2121,21.21,-1.4006004341674718,-1.5522210265722594
2122,21.22,-1.3942080504188152,-1.5556659503818753
2123,21.23,-1.397139110669105,-1.5559283140636813
2124,21.240000000000002,-1.4025136288925708,-1.5562337332062894
2125,21.25,-1.4005921189077672,-1.5591920651578461
2126,21.26,-1.3905958946972294,-1.557185873585847
2127,21.27,-1.396270620467585,-1.5580893558909616
2128,21.28,-1.393403850994348,-1.5617797618686706
2129,21.29,-1.3964215895034886,-1.5650622340831073
2130,21.3,-1.4013671863928603,-1.5610787637028067
2131,21.31,-1.4010186856273514,-1.561847277505945
2132,21.32,-1.3984150429876934,-1.563646310563057
2133,21.330000000000002,-1.4007802772002735,-1.5659557190627735
2134,21.34,-1.3958198439322143,-1.565072434465713
2135,21.35,-1.4028261487737728,-1.5667828966608017
2136,21.36,-1.398315156013494,-1.5671495189081333
2137,21.37,-1.3950872210857,-1.5731058822202206
2138,21.38,-1.4011928128672495,-1.5700685210214826
2139,21.39,-1.406322577652731,-1.5686163244978697
2140,21.400000000000002,-1.4031711681374173,-1.573506691597617
2141,21.41,-1.3954874183275505,-1.5703862800353279
2142,21.42,-1.4001403755868116,-1.5747644339642939
2143,21.43,-1.401051235464469,-1.5745394338039465
2144,21.44,-1.3997558725672228,-1.5778751693765634
2145,21.45,-1.4046907915931717,-1.573582552230801
2146,21.46,-1.3970719132961047,-1.579541521391424
2147,21.47,-1.389674768080538,-1.5803893161533475
2148,21.48,-1.4009515635588496,-1.579683710886252
2149,21.490000000000002,-1.3976292445861533,-1.5818058560927424
2150,21.5,-1.4031918802009895,-1.5855274461159796
2151,21.51,-1.4000605215952133,-1.5843598815855975
2152,21.52,-1.3930098484637983,-1.5844834609429428
2153,21.53,-1.3920845135450917,-1.5861574426487643
2154,21.54,-1.396876975104038,-1.5871740362904014
2155,21.55,-1.401875966735675,-1.5869792275268735
2156,21.56,-1.4026170093884527,-1.5845272623540172
2157,21.57,-1.4026639186388163,-1.591051239278554
2158,21.580000000000002,-1.4020287426952927,-1.5901533967717365
2159,21.59,-1.4004922072413277,-1.5919643223547768
2160,21.6,-1.3990974784151593,-1.5951533054386438
2161,21.61,-1.3924266790910143,-1.5943974902745732
2162,21.62,-1.3986115365854104,-1.5934605775942217
2163,21.63,-1.3995388909628472,-1.5983653734847036
2164,21.64,-1.4002736882637494,-1.5956755433086895
2165,21.650000000000002,-1.3982619000465566,-1.5974729888190404
2166,21.66,-1.3997598665479187,-1.5941325802216466
2167,21.67,-1.4020433742310177,-1.6012944643485294
2168,21.68,-1.4006033787705672,-1.6006218940455073
2169,21.69,-1.3997563747183015,-1.5998359894205143
2170,21.7,-1.3991295659099736,-1.6017630190516154
2171,21.71,-1.3999470943931882,-1.601701870846204
2172,21.72,-1.3986717511291207,-1.602493686235122
2173,21.73,-1.3947932690276932,-1.6052184814099395
2174,21.740000000000002,-1.3949632767251463,-1.6080325754271247
2175,21.75,-1.3965810837959132,-1.6085832196305159
2176,21.76,-1.4078839690286515,-1.6082002426082944
2177,21.77,-1.3987230564002904,-1.6108301998525107
2178,21.78,-1.3985145165801385,-1.61158197781
2179,21.79,-1.3987789156706243,-1.6104289313844744
2180,21.8,-1.3986678813094484,-1.6127777493862405
2181,21.81,-1.397719647414543,-1.6138899592345781
2182,21.82,-1.3981651148901855,-1.6149856613692744
2183,21.830000000000002,-1.398259162335264,-1.6192392308126387
2184,21.84,-1.403122531025903,-1.6184446970111424
2185,21.85,-1.3979322743026645,-1.616761941305113
2186,21.86,-1.3961539984773255,-1.6178562629698747
2187,21.87,-1.4000227178223796,-1.618336819592055
2188,21.88,-1.3963722922624175,-1.622069002294128
2189,21.89,-1.3941694186429068,-1.6202720660068817
2190,21.900000000000002,-1.3936485550664757,-1.6220961381365684
2191,21.91,-1.3996716557858404,-1.623015698947689
2192,21.92,-1.3978857996193865,-1.6261418293288252
2193,21.93,-1.3961666633475953,-1.6237717020661337
2194,21.94,-1.400720587399765,-1.6269155299669962
2195,21.95,-1.3967380335623087,-1.6249116364815566
2196,21.96,-1.3968593122924629,-1.628553340007384
2197,21.97,-1.3908131130760448,-1.6314236894396668
2198,21.98,-1.3902152782651442,-1.6309361603122186
2199,21.990000000000002,-1.3964825291167375,-1.6328189393136643
2200,22.0,-1.3891416333492348,-1.6313164108737976
2201,22.01,-1.3977554692275478,-1.6355677118941379
2202,22.02,-1.3987562315518955,-1.6350974305574741
2203,22.03,-1.394366926193743,-1.6371322349239588
2204,22.04,-1.3976722224641192,-1.6388241814976312
2205,22.05,-1.3991268513753035,-1.6392453038370782
2206,22.06,-1.402756457696431,-1.6414200596010282
2207,22.07,-1.4044602509192563,-1.6371092549805035
2208,22.080000000000002,-1.397020418228057,-1.6420761887199675
2209,22.09,-1.3967967511553516,-1.6400296789573177
2210,22.1,-1.398009126872033,-1.6409807604524183
2211,22.11,-1.397431478908486,-1.646579887869971
2212,22.12,-1.3916506578095516,-1.6454508381177235
2213,22.13,-1.3864225204090415,-1.646344625065368
2214,22.14,-1.3891896161097481,-1.6460864359735075
2215,22.150000000000002,-1.3912690206809806,-1.649744176748589
2216,22.16,-1.3871656820692353,-1.6488851258701038
2217,22.17,-1.3981839228425639,-1.6488324204030558
2218,22.18,-1.3988770405814943,-1.6522505924324478
2219,22.19,-1.3950971730279227,-1.654889158542503
2220,22.2,-1.3976217500790555,-1.65531888552354
2221,22.21,-1.3969739204135505,-1.6568868322627908
2222,22.22,-1.3918030033894704,-1.653594163157724
2223,22.23,-1.4037692421627572,-1.6600640373559705
2224,22.240000000000002,-1.4012513144751608,-1.6585665592795842
2225,22.25,-1.3932711422071964,-1.6566374430699868
2226,22.26,-1.3883971851358516,-1.6599056865261288
2227,22.27,-1.384806550555833,-1.6587101964341813
2228,22.28,-1.3938978717204473,-1.6644006516163368
2229,22.29,-1.397547423159533,-1.6633474873530865
2230,22.3,-1.3951002834205894,-1.6631248528129334
2231,22.31,-1.3913944410319496,-1.6627631512891576
2232,22.32,-1.3922433442619442,-1.6649636600655313
2233,22.330000000000002,-1.3913824091485938,-1.6700089488087546
2234,22.34,-1.3938941192255903,-1.6677507632159108
2235,22.35,-1.3909691631462,-1.6675825647599616
2236,22.36,-1.3937107791380798,-1.6712332493934319
2237,22.37,-1.3855872089586272,-1.6700575187721551
2238,22.38,-1.3909110428220006,-1.6734710570803928
2239,22.39,-1.3948352539600455,-1.6733801088413296
2240,22.400000000000002,-1.3849464850162119,-1.6779770617180525
2241,22.41,-1.3950412582446,-1.6764228772155259
2242,22.42,-1.385996885712688,-1.6764834702916225
2243,22.43,-1.3936410354735054,-1.6790590878176397
2244,22.44,-1.3918977789905858,-1.676553542291216
2245,22.45,-1.3904497663278395,-1.6783965436584214
2246,22.46,-1.3897297435144662,-1.6805894533622108
2247,22.47,-1.3895119280278236,-1.6842367170015111
2248,22.48,-1.3919349725779226,-1.682113077626541
2249,22.490000000000002,-1.3826509666754938,-1.6866110485307693
2250,22.5,-1.3903850994431255,-1.6861439656614816
2251,22.51,-1.3942306884032292,-1.6889249105414
2252,22.52,-1.392341956860059,-1.6898486715278376
2253,22.53,-1.389714740197103,-1.687921866299861
2254,22.54,-1.3921899982937007,-1.6911489983660728
2255,22.55,-1.3895447349987753,-1.6935839251208125
2256,22.56,-1.3787933828397283,-1.6943122588019122
2257,22.57,-1.3925717805390407,-1.6939843495778857
2258,22.580000000000002,-1.3933175601258034,-1.6948180857527375
2259,22.59,-1.3890876798772755,-1.6963082586940954
2260,22.6,-1.3819496359032888,-1.6967663347507254
2261,22.61,-1.3864499836735866,-1.6972859120144712
2262,22.62,-1.3766061231469913,-1.6990462040644638
2263,22.63,-1.3830304809428822,-1.6994450673770727
2264,22.64,-1.3805010889404694,-1.6990499532588055
2265,22.650000000000002,-1.3877506408965545,-1.7024269874009503
2266,22.66,-1.3823921629471672,-1.7041357181837151
2267,22.67,-1.3832453956259654,-1.7027116899868346
2268,22.68,-1.3868595304524152,-1.7058012153753115
2269,22.69,-1.3837922174401502,-1.7086258906663978
2270,22.7,-1.3827926667049124,-1.7067771251726642
2271,22.71,-1.3835540667745747,-1.7100685137518665
2272,22.72,-1.3774750953836081,-1.7112955955707652
2273,22.73,-1.3808659836268997,-1.7093042250290214
2274,22.740000000000002,-1.3871899622101769,-1.7134158360146268
2275,22.75,-1.3815742436939955,-1.7116232959531064
2276,22.76,-1.3759872453290658,-1.7123577594500987
2277,22.77,-1.3805287097008205,-1.715458501916884
2278,22.78,-1.3777329037693167,-1.7198041352255988
2279,22.79,-1.3805619065477885,-1.7181650515795304
2280,22.8,-1.3816983290483407,-1.7194607578538803
2281,22.81,-1.3834865821774092,-1.7170049200352095
2282,22.82,-1.3782106864457002,-1.7198309319704652
2283,22.830000000000002,-1.3775670013595216,-1.7222308920276221
2284,22.84,-1.3739898788742655,-1.7239665312458938
2285,22.85,-1.3793603765037168,-1.7257548601714103
2286,22.86,-1.3772294424527542,-1.728507772113541
2287,22.87,-1.3755933779707468,-1.7299273290930401
2288,22.88,-1.3748413947931157,-1.731556051519843
2289,22.89,-1.3786184009470346,-1.7300611308918534
2290,22.900000000000002,-1.3776894817902983,-1.731395569217787
2291,22.91,-1.3803699281706545,-1.7328650412335302
2292,22.92,-1.376948233816404,-1.73349606922195
2293,22.93,-1.375823551632269,-1.7319284813810942
2294,22.94,-1.3842590096172118,-1.7371341013811705
2295,22.95,-1.3788710778255504,-1.7380382263771725
2296,22.96,-1.3795623831785844,-1.7361874303009488
2297,22.97,-1.3784251205259321,-1.7406890946613338
2298,22.98,-1.3748583296043935,-1.7383807877394903
2299,22.990000000000002,-1.3807026789533328,-1.744034138117451
2300,23.0,-1.3714730928347605,-1.7443269327687163
2301,23.01,-1.3696223993948486,-1.7452251573281128
2302,23.02,-1.3782281752170267,-1.7440850511385766
2303,23.03,-1.3793258349761244,-1.7478959191123038
2304,23.04,-1.3755731762510863,-1.7457980201471262
2305,23.05,-1.376268507390563,-1.7482754152743842
2306,23.06,-1.3691515145060107,-1.7487546375174081
2307,23.07,-1.3750927666825754,-1.7515852128669898
2308,23.080000000000002,-1.3668865762113398,-1.752884564018237
2309,23.09,-1.3751777312875924,-1.7556073603840405
2310,23.1,-1.3688225399495324,-1.7552108077224802
2311,23.11,-1.3670041914836748,-1.7564210064974324
2312,23.12,-1.3658444142496684,-1.7580603596677848
2313,23.13,-1.3669794261200028,-1.7605371149420272
2314,23.14,-1.3664908622033405,-1.7591590838578044
2315,23.150000000000002,-1.3723963545868434,-1.7640700823314646
2316,23.16,-1.360908384025081,-1.7646318988464016
2317,23.17,-1.3672398005533557,-1.764449823556715
2318,23.18,-1.3657103401050774,-1.7657983496202636
2319,23.19,-1.3691848149254082,-1.7711557913197993
2320,23.2,-1.370483370836362,-1.7698195805286425
2321,23.21,-1.3710612982251489,-1.771003288275211
2322,23.22,-1.3617481374770564,-1.7710087365697418
2323,23.23,-1.3633109322120431,-1.77093371473664
2324,23.240000000000002,-1.3703296757087247,-1.7728177236335216
2325,23.25,-1.3675311428113537,-1.7761048300642455
2326,23.26,-1.3643455415217913,-1.7800848853600844
2327,23.27,-1.3744796900303584,-1.7780926328723468
2328,23.28,-1.3740713235086977,-1.780776465741322
2329,23.29,-1.366254587960662,-1.782001088752896
2330,23.3,-1.3675318009740898,-1.7837574665148879
2331,23.31,-1.3656903133275553,-1.7865824048999324
2332,23.32,-1.3615713486327599,-1.7859936694596517
2333,23.330000000000002,-1.3635560475405715,-1.7843185541582647
2334,23.34,-1.3647254926758627,-1.7876775398647102
2335,23.35,-1.3655345658391929,-1.790150896834635
2336,23.36,-1.3696110174394882,-1.7896099475494407
2337,23.37,-1.362152790162728,-1.791312953512189
2338,23.38,-1.3661245443479588,-1.7958085599434646
2339,23.39,-1.3554421837178163,-1.79365405333169
2340,23.400000000000002,-1.3638470731941543,-1.79898138367565
2341,23.41,-1.3691624389571766,-1.8012677346377295
2342,23.42,-1.3586638659612038,-1.7999644130637724
2343,23.43,-1.3640893352006755,-1.8025408899416029
2344,23.44,-1.3551930845115032,-1.8033920396960141
2345,23.45,-1.361090184962167,-1.8026382705069313
2346,23.46,-1.356995727270342,-1.8027441581203438
2347,23.47,-1.3649728947826352,-1.8035357627532276
2348,23.48,-1.3587044739590117,-1.8039747027780038
2349,23.490000000000002,-1.3494935910276367,-1.809848271647168
2350,23.5,-1.355341010951412,-1.809457673903153
2351,23.51,-1.3549478122025507,-1.8127069036504067
2352,23.52,-1.3512429500041785,-1.8150754686830115
2353,23.53,-1.355779898362638,-1.812848136227547
2354,23.54,-1.3507627669145537,-1.8156554003762064
2355,23.55,-1.3491622800352485,-1.8176599475504194
2356,23.56,-1.3564956537700787,-1.8186488521596054
2357,23.57,-1.3585880561544619,-1.8228946663366383
2358,23.580000000000002,-1.3516315191033617,-1.821223977391062
2359,23.59,-1.346473788230595,-1.8213026479763677
2360,23.6,-1.3509556153962152,-1.824162135949087
2361,23.61,-1.34915192844126,-1.824978943411385
2362,23.62,-1.3478084633822653,-1.827569743623247
2363,23.63,-1.3475636728291815,-1.8299230823087669
2364,23.64,-1.3460380527082234,-1.8302686801554293
2365,23.650000000000002,-1.343209202515254,-1.8355517377431467
2366,23.66,-1.340302389499645,-1.8350533827321036
2367,23.67,-1.3557143618251466,-1.837789000195409
2368,23.68,-1.342918811991002,-1.8375354940192123
2369,23.69,-1.3452290314847113,-1.8399804509407474
2370,23.7,-1.3406751562411043,-1.8394707317857535
2371,23.71,-1.343834307680078,-1.8438461220733058
2372,23.72,-1.34449777703631,-1.8448875226690113
2373,23.73,-1.3353338245952648,-1.8487188103146168
2374,23.740000000000002,-1.3370629033824013,-1.8477266596524053
2375,23.75,-1.3385468261231945,-1.8485913039875679
2376,23.76,-1.341809903148932,-1.8496891134471274
2377,23.77,-1.3408926386803606,-1.8508241260888638
2378,23.78,-1.3371121403053796,-1.8538707460772423
2379,23.79,-1.3342150322261164,-1.855934129935396
2380,23.8,-1.3373171149231904,-1.8578227694392768
2381,23.81,-1.3395987163896796,-1.860757837214893
2382,23.82,-1.3384594044396045,-1.8629057429472515
2383,23.830000000000002,-1.3362975219386664,-1.865010844111879
2384,23.84,-1.334147196035737,-1.864134327715653
2385,23.85,-1.339126124905085,-1.8674774462026071
2386,23.86,-1.3270416791483761,-1.8662783279147963
2387,23.87,-1.3279294627484302,-1.8701296357841546
2388,23.88,-1.3317449366673337,-1.8732463651066569
2389,23.89,-1.323576093396752,-1.8742646524011355
2390,23.900000000000002,-1.3307466730494932,-1.874775293602797
2391,23.91,-1.3301545721237578,-1.8775102163228627
2392,23.92,-1.3289405281879023,-1.8781050391209038
2393,23.93,-1.3227927345244583,-1.8808574829531712
2394,23.94,-1.3232480986561108,-1.8844101124056574
2395,23.95,-1.322979601512485,-1.8822956237910469
2396,23.96,-1.323749203423285,-1.886470018712199
2397,23.97,-1.3182203387589315,-1.8852663447552487
2398,23.98,-1.3164959472601312,-1.8862071894094112
2399,23.990000000000002,-1.3227512108163781,-1.8907772604946322
2400,24.0,-1.3193883433227245,-1.8917616215701045
2401,24.01,-1.3178961049104505,-1.8934847686191705
2402,24.02,-1.319572516350265,-1.8962932066334584
2403,24.03,-1.3228092003495258,-1.8987266988249911
2404,24.04,-1.320380720066296,-1.9011826303118609
2405,24.05,-1.3128411835530809,-1.9049385439585849
2406,24.060000000000002,-1.3151094110853985,-1.907393880062848
2407,24.07,-1.314227964803091,-1.9067614825222938
2408,24.080000000000002,-1.311197398129217,-1.9077122598490943
2409,24.09,-1.3093541564766524,-1.9108582292022163
2410,24.1,-1.319371406375664,-1.9126279548560918
2411,24.11,-1.3137652242077786,-1.9147319770729427
2412,24.12,-1.3155815615537325,-1.9158082090040764
2413,24.13,-1.3133893312697376,-1.9189412072445575
2414,24.14,-1.3035420282050316,-1.9212438882412644
2415,24.150000000000002,-1.302610048463906,-1.924193512468455
2416,24.16,-1.3061903233417578,-1.9240425533603969
2417,24.17,-1.309870061518589,-1.9241556896823548
2418,24.18,-1.3121210871958129,-1.9267545323554134
2419,24.19,-1.3109378691375744,-1.9290354867814872
2420,24.2,-1.303918856176898,-1.9338785404478354
2421,24.21,-1.3083715636482502,-1.9352148233393378
2422,24.22,-1.3007765198594194,-1.9343982160265294
2423,24.23,-1.3019841988276517,-1.9385712228964411
2424,24.240000000000002,-1.306579730562943,-1.9425359651980212
2425,24.25,-1.3017388290652583,-1.941213257142117
2426,24.26,-1.2927015917710858,-1.9458428564691659
2427,24.27,-1.2937616370617324,-1.9479144541514983
2428,24.28,-1.297238986841248,-1.9501113084826773
2429,24.29,-1.2919551774154945,-1.9529756166439194
2430,24.3,-1.295744216389712,-1.955275686478487
2431,24.310000000000002,-1.2883202503060294,-1.9545555192106432
2432,24.32,-1.2905160238717857,-1.9575158126319752
2433,24.330000000000002,-1.2886083423287575,-1.9593587892359643
2434,24.34,-1.2863576569930506,-1.9637609757001306
2435,24.35,-1.2917768280378301,-1.959144258251488
2436,24.36,-1.2872016889193052,-1.9660959980797486
2437,24.37,-1.2863730041340489,-1.9694232701753207
2438,24.38,-1.283250535979066,-1.971260935541393
2439,24.39,-1.2874713163754026,-1.9718225791051438
2440,24.400000000000002,-1.2759617851983744,-1.9735995297906281
2441,24.41,-1.2813275109897713,-1.979070455791628
2442,24.42,-1.2794293438063198,-1.983443328662284
2443,24.43,-1.2789492765035446,-1.9803011334691847
2444,24.44,-1.2746109743415936,-1.985876662143611
2445,24.45,-1.2736355806768815,-1.985273174684796
2446,24.46,-1.2689180084124718,-1.988462371533308
2447,24.47,-1.2688598188148827,-1.9937156995423104
2448,24.48,-1.2711905656983826,-1.9946130048493587
2449,24.490000000000002,-1.267144022236658,-1.9954417853838866
2450,24.5,-1.2700099942624474,-2.000348276271098
2451,24.51,-1.270632266711559,-2.000075511793286
2452,24.52,-1.2716547450145341,-2.0032788710972653
2453,24.53,-1.2654085187824071,-2.008726024427273
2454,24.54,-1.2600525265868128,-2.0087319285823404
2455,24.55,-1.2642054708091075,-2.011962133065561
2456,24.560000000000002,-1.2594017357445266,-2.013268028285683
2457,24.57,-1.259050453092434,-2.0162977879846413
2458,24.580000000000002,-1.2575234968405768,-2.017902186622749
2459,24.59,-1.2538264921067943,-2.0218153004796964
2460,24.6,-1.2553709127610815,-2.0222085047102336
2461,24.61,-1.2501702305682518,-2.025052043493919
2462,24.62,-1.2467730667720653,-2.0288251058642044
2463,24.63,-1.2516774825792227,-2.0311639324253097
2464,24.64,-1.2445832908543053,-2.031905448847653
2465,24.650000000000002,-1.243989181911086,-2.0355606040195955
2466,24.66,-1.2422187417493207,-2.0407317805362903
2467,24.67,-1.2480399091129866,-2.043837732192785
2468,24.68,-1.2391256908945216,-2.0438592562361855
2469,24.69,-1.2378835366927303,-2.049670516604951
2470,24.7,-1.2407570537562242,-2.0515841285554433
2471,24.71,-1.2370769201958902,-2.0567341145186395
2472,24.72,-1.2308820964419032,-2.0531282432502853
2473,24.73,-1.2323747258259605,-2.0587050229123127
2474,24.740000000000002,-1.2237204405665512,-2.0633991507359615
2475,24.75,-1.2248734493639795,-2.0662163074645723
2476,24.76,-1.234271398149527,-2.0711303958813914
2477,24.77,-1.2295051623355338,-2.070692865240104
2478,24.78,-1.2235423627032596,-2.0731872896706376
2479,24.79,-1.22057918419682,-2.0762277747867275
2480,24.8,-1.2227832614496101,-2.080294034586669
2481,24.810000000000002,-1.2142109337751315,-2.0824930299426034
2482,24.82,-1.218155982506936,-2.083657378944452
2483,24.830000000000002,-1.2065464848422744,-2.089421788159906
2484,24.84,-1.209633122106513,-2.090782935249188
2485,24.85,-1.2120292883858894,-2.094156118166394
2486,24.86,-1.2105804139929568,-2.0983328927753258
2487,24.87,-1.1982421983545046,-2.099067373232001
2488,24.88,-1.199950634615724,-2.105741508645385
2489,24.89,-1.2007699484425156,-2.1054329359435986
2490,24.900000000000002,-1.1998029495191358,-2.1104181203649883
2491,24.91,-1.195326248626496,-2.111070356110899
2492,24.92,-1.1932468782588557,-2.1166596842819465
2493,24.93,-1.192251478138401,-2.1224010173574293
2494,24.94,-1.1927659418011107,-2.121390005022653
2495,24.95,-1.1879090258258997,-2.123058369735845
2496,24.96,-1.1831167482378124,-2.127633028901199
2497,24.97,-1.1865483165495352,-2.134006097612571
2498,24.98,-1.178185902707588,-2.1330150182007963
2499,24.990000000000002,-1.1759950901290561,-2.135782144143173
2500,25.0,-1.170872407341672,-2.1434541742592366
2501,25.01,-1.1748216008769425,-2.1449682312388507
2502,25.02,-1.1665705980287515,-2.152377487744884
2503,25.03,-1.1717694163934502,-2.148913925923044
2504,25.04,-1.1697380055261941,-2.1560516933878606
2505,25.05,-1.153948200947152,-2.157907928794308
2506,25.060000000000002,-1.161625522770129,-2.1617826929894988
2507,25.07,-1.1580783359737616,-2.1652449938253273
2508,25.080000000000002,-1.1534101177163838,-2.1698502709029106
2509,25.09,-1.1556559950357839,-2.174987626006567
2510,25.1,-1.1442446985432047,-2.1793465616218346
2511,25.11,-1.1509522140138337,-2.179025896233858
2512,25.12,-1.1476276602943698,-2.1867744395616047
2513,25.13,-1.1430451651298834,-2.1888909650471455
2514,25.14,-1.1426277877757616,-2.1915155048627497
2515,25.150000000000002,-1.1295732219860453,-2.197228872696452
2516,25.16,-1.1369016247473405,-2.1989087842171515
2517,25.17,-1.1255266152702799,-2.2036905452495286
2518,25.18,-1.1225595352433113,-2.2081683273200174
2519,25.19,-1.1220783415312896,-2.2079971139150296
2520,25.2,-1.118984476444559,-2.2141350190038387
2521,25.21,-1.1162840098565763,-2.2182459204374023
2522,25.22,-1.11193905140204,-2.2218780388511807
2523,25.23,-1.1149491717855209,-2.2242960550675903
2524,25.240000000000002,-1.106053676939654,-2.2278592663163974
2525,25.25,-1.103137142176212,-2.23349222682429
2526,25.26,-1.1022035230915284,-2.2360481588978263
2527,25.27,-1.090791777958509,-2.241127078526454
2528,25.28,-1.086259950085735,-2.246168566678268
2529,25.29,-1.0871195483798006,-2.249666405752409
2530,25.3,-1.0929158840138273,-2.250660999032054
2531,25.310000000000002,-1.077486639466232,-2.2575809564662395
2532,25.32,-1.071710041426516,-2.2593322205309034
2533,25.330000000000002,-1.070476838572396,-2.2652037166610293
2534,25.34,-1.0685627944962255,-2.271651985453736
2535,25.35,-1.0608105490373592,-2.2735088168574977
2536,25.36,-1.0596756538941128,-2.2773181359808357
2537,25.37,-1.0589958616516648,-2.2846311792300367
2538,25.38,-1.0536636559248336,-2.287240308071913
2539,25.39,-1.0460008551094655,-2.289724049827572
2540,25.400000000000002,-1.045075501929926,-2.2936108871707943
2541,25.41,-1.0390062085607406,-2.299016954891477
2542,25.42,-1.0332045878726221,-2.30510039273975
2543,25.43,-1.0279832106265452,-2.3061304470669457
2544,25.44,-1.028713482494153,-2.3106120963427097
2545,25.45,-1.0225143440962736,-2.318345502147606
2546,25.46,-1.0076793014437784,-2.3208094615841324
2547,25.47,-1.0028689453165445,-2.324731980752352
2548,25.48,-1.001608673904969,-2.3290062142405565
2549,25.490000000000002,-0.9923195570336971,-2.331862498660828
2550,25.5,-0.9924915093358885,-2.3384281287368465
2551,25.51,-0.9863512020775101,-2.3425335009995845
2552,25.52,-0.9813680327194462,-2.3423855783008642
2553,25.53,-0.9779552891646173,-2.352693503001899
2554,25.54,-0.9645642468379555,-2.356590730063941
2555,25.55,-0.9700565793678728,-2.361161941330106
2556,25.560000000000002,-0.9654163984218437,-2.365467017580748
2557,25.57,-0.9534367646557521,-2.3697328238698674
2558,25.580000000000002,-0.9468178081678339,-2.372421581670502
2559,25.59,-0.9447275065857864,-2.3806772818588566
2560,25.6,-0.9361836782508867,-2.3844386188677027
2561,25.61,-0.9295150648849332,-2.390697172337675
2562,25.62,-0.9261025450150455,-2.389736459051077
2563,25.63,-0.9204948800211616,-2.3968413852266406
2564,25.64,-0.9122287563280896,-2.4062825300085025
2565,25.650000000000002,-0.9091722666684555,-2.4043661039600748
2566,25.66,-0.8962066444065654,-2.4098109729286614
2567,25.67,-0.8916150082831588,-2.4143646638118232
2568,25.68,-0.8868751151091429,-2.4218144163773596
2569,25.69,-0.8785741003249924,-2.426025024733503
2570,25.7,-0.8653827732434138,-2.4313819935150796
2571,25.71,-0.8607255751178305,-2.4339576343699343
2572,25.72,-0.8536129194486398,-2.440987849290925
2573,25.73,-0.8507800356983029,-2.4460015912109974
2574,25.740000000000002,-0.8309337957547048,-2.4501733947199145
2575,25.75,-0.8313601868070206,-2.453725483362613
2576,25.76,-0.8199199165164145,-2.4590651160682717
2577,25.77,-0.8140040231174995,-2.4629816979052
2578,25.78,-0.8025492401496421,-2.4690599236865753
2579,25.79,-0.7928876356902733,-2.475244085865126
2580,25.8,-0.7821574185296698,-2.478363477292682
2581,25.810000000000002,-0.7739472131253887,-2.4816239574583534
2582,25.82,-0.7667539868605858,-2.48645800241664
2583,25.830000000000002,-0.755583494927151,-2.495083137890523
2584,25.84,-0.7465255942522746,-2.4961917640979365
2585,25.85,-0.7433208284659178,-2.4985970015722487
2586,25.86,-0.7299576925538901,-2.5072073276927
2587,25.87,-0.7234830842465008,-2.5119627836197993
2588,25.88,-0.714175833142869,-2.5156710936704387
2589,25.89,-0.6958419216277821,-2.517355636319351
2590,25.900000000000002,-0.6880699805496071,-2.521827237984675
2591,25.91,-0.682284259246719,-2.5245737463772127
2592,25.92,-0.664407939564846,-2.530177092092499
2593,25.93,-0.6532221263425662,-2.5352096224552416
2594,25.94,-0.6396981330229078,-2.5420439123951875
2595,25.95,-0.6361455923113862,-2.5443256341698364
2596,25.96,-0.617625864918446,-2.5504816527479637
2597,25.97,-0.5979027284326422,-2.552219621621257
2598,25.98,-0.5956858607675606,-2.5556880278450915
2599,25.990000000000002,-0.5764714084201662,-2.55945007352541
2600,26.0,-0.5627279248900732,-2.563141212896853
2601,26.01,-0.5570207319287067,-2.5679450634517464
2602,26.02,-0.5428442814926606,-2.5723399561599103
2603,26.03,-0.5321439719960962,-2.575812018313488
2604,26.04,-0.5080334639833988,-2.5793395925383034
2605,26.05,-0.5012444977755948,-2.584731297332679
2606,26.060000000000002,-0.4809375225467586,-2.588454004220712
2607,26.07,-0.47075956294420834,-2.59132114482687
2608,26.080000000000002,-0.4573089560440541,-2.5955327211573045
2609,26.09,-0.4433223712281947,-2.5964515354926796
2610,26.1,-0.4302031112885055,-2.601534252941788
2611,26.11,-0.4121219366822643,-2.6038310663642563
2612,26.12,-0.3941097356248254,-2.6089078530140517
2613,26.13,-0.37541110692803265,-2.609914983379138
2614,26.14,-0.3624719096213259,-2.6116012574959675
2615,26.150000000000002,-0.34741475373005665,-2.615772284355273
2616,26.16,-0.32667787593815645,-2.620045982822573
2617,26.17,-0.31269855511264094,-2.6204569014173082
2618,26.18,-0.30064184476156486,-2.624608037811631
2619,26.19,-0.2739556796664548,-2.6248378558681464
2620,26.2,-0.26378695141545927,-2.6278547969559147
2621,26.21,-0.25710802240383146,-2.63145821602347
2622,26.22,-0.23223178932357352,-2.6324618588216406
2623,26.23,-0.21259759143625334,-2.6316791129216424
2624,26.240000000000002,-0.19181374178064683,-2.635895843076009
2625,26.25,-0.17636458673699643,-2.63771327847618
2626,26.26,-0.1599626167603128,-2.636226378536914
2627,26.27,-0.145812152104088,-2.635722037895278
2628,26.28,-0.11965070556193562,-2.6390915488847493
2629,26.29,-0.10392685753676816,-2.6399409997713486
2630,26.3,-0.08797104751058606,-2.641203364380618
2631,26.310000000000002,-0.07028887511312425,-2.643446166310667
2632,26.32,-0.048216215092927506,-2.6430059905613326
2633,26.330000000000002,-0.03526861997831392,-2.6441908648345964
2634,26.34,-0.01836622096580749,-2.6430099792814508
2635,26.35,0.00125805899825613,-2.640323070229346
2636,26.36,0.013896650724851436,-2.6423728229240644
2637,26.37,0.04137118648374587,-2.6395465830482516
2638,26.38,0.06189296133129201,-2.63998308383475
2639,26.39,0.0726742361619845,-2.6445745955467217
2640,26.400000000000002,0.09795766650776512,-2.638819173427495
2641,26.41,0.10977069423434632,-2.6367234886472546
2642,26.42,0.1256005171016936,-2.642227933947805
2643,26.43,0.14666074896532913,-2.6379031812714944
2644,26.44,0.17153129517252957,-2.6379303156047547
2645,26.45,0.17557986077726825,-2.635890453980095
2646,26.46,0.19883446292822474,-2.6350536441315207
2647,26.47,0.21335844264767287,-2.6335835858241183
2648,26.48,0.23283009077655314,-2.629680489607872
2649,26.490000000000002,0.24983946001113186,-2.628509291920132
2650,26.5,0.27440098733348584,-2.6282437480406857
2651,26.51,0.2886993961867291,-2.6232095478742403
2652,26.52,0.30251334938647767,-2.6200535672180263
2653,26.53,0.3142651979288371,-2.618996611740752
2654,26.54,0.33720307913471975,-2.619842425229587
2655,26.55,0.35010745954018163,-2.6119674336904684
2656,26.560000000000002,0.36578287302900125,-2.6119472517750473
2657,26.57,0.3813823395183254,-2.609554512317658
2658,26.580000000000002,0.39776785488858224,-2.604044343000607
2659,26.59,0.4156603862689397,-2.6031343288866244
2660,26.6,0.4319085515968332,-2.602879554920385
2661,26.61,0.4536118856491432,-2.5951087102975525
2662,26.62,0.4599603624630543,-2.590788527494287
2663,26.63,0.4744522536354741,-2.5894205740947136
2664,26.64,0.4874763857171056,-2.58711562583818
2665,26.650000000000002,0.504199640252135,-2.583174829858422
2666,26.66,0.5142069805969809,-2.579339625630777
2667,26.67,0.5340161269725515,-2.57670414210755
2668,26.68,0.5433411044860319,-2.572572737826998
2669,26.69,0.5584351711817043,-2.5697482547728856
2670,26.7,0.5679215684671053,-2.5650030405522948
2671,26.71,0.5849139368268939,-2.560101396318494
2672,26.72,0.5920232088454389,-2.5566698402164074
2673,26.73,0.6046085511169713,-2.5472688327164534
2674,26.740000000000002,0.6245513830947323,-2.5487952310606055
2675,26.75,0.6358457739120692,-2.543912797137796
2676,26.76,0.6420475532948324,-2.539729828267411
2677,26.77,0.6537174190606071,-2.5366389089450556
2678,26.78,0.666512356939918,-2.531457597826715
2679,26.79,0.6813348083261866,-2.5259917124023388
2680,26.8,0.6849778460156546,-2.5224292743158236
2681,26.810000000000002,0.6987529198574568,-2.516513048779347
2682,26.82,0.7111708494783485,-2.5125869481555907
2683,26.830000000000002,0.7218366271879423,-2.510523469032457
2684,26.84,0.733814135284243,-2.5073245957573853
2685,26.85,0.7393587057466866,-2.4994884419658505
2686,26.86,0.7541028297956155,-2.49422566731387
2687,26.87,0.7544025646131896,-2.489348057069154
2688,26.88,0.7731698708325789,-2.486534205954582
2689,26.89,0.7760136061370956,-2.4814002113442304
2690,26.900000000000002,0.7843570559853174,-2.477810455378063
2691,26.91,0.7985965146991041,-2.470021392189924
2692,26.92,0.8086149575116984,-2.4663937539135623
2693,26.93,0.8156883137311147,-2.462248768233807
2694,26.94,0.8276131083994436,-2.4576850930733207
2695,26.95,0.8412738660185187,-2.4525622408562207
2696,26.96,0.8409660170381175,-2.449063265724668
2697,26.97,0.8443129941294311,-2.4426537045002745
2698,26.98,0.8522759796455679,-2.4377181685591194
2699,26.990000000000002,0.8498185490999415,-2.43395451613201
2700,27.0,0.8679052610586045,-2.429722111954353
2701,27.01,0.8752550352459898,-2.421874387330476
2702,27.02,0.8847073848061934,-2.4208457738156732
2703,27.03,0.8837519731947,-2.4141094134278758
2704,27.04,0.8923175055278139,-2.4069587519276827
2705,27.05,0.9052072502916125,-2.4068287061169356
2706,27.060000000000002,0.9081994315470032,-2.4014104298783354
2707,27.07,0.9098018042871865,-2.3966450778417556
2708,27.080000000000002,0.9261902649037952,-2.3920932741387495
2709,27.09,0.9261258862215955,-2.382316082540141
2710,27.1,0.9410305689326076,-2.376948811085582
2711,27.11,0.9404583996238737,-2.3770938088580738
2712,27.12,0.9440770406632726,-2.3732316428879954
2713,27.13,0.9501034243079166,-2.368362432335079
2714,27.14,0.9579139363765821,-2.3630769097020052
2715,27.150000000000002,0.9652181657544437,-2.359477698250632
2716,27.16,0.963471856568026,-2.351788098431001
2717,27.17,0.9718996196042204,-2.3492278260555617
2718,27.18,0.9765462515224987,-2.3440483097087266
2719,27.19,0.9809001627226291,-2.3395360437071675
2720,27.2,0.9879473460290124,-2.3352364988197314
2721,27.21,0.9971685232137848,-2.3302370675533677
2722,27.22,1.0029695621692976,-2.323898572393983
2723,27.23,1.0106583937301412,-2.3236806557560663
2724,27.240000000000002,1.009811559349656,-2.3193705962902316
2725,27.25,1.0134599094110521,-2.312895696744719
2726,27.26,1.0297247834950136,-2.3094617374727875
2727,27.27,1.0328740556818443,-2.3069446735002073
2728,27.28,1.0335603947035892,-2.300390570718261
2729,27.29,1.0308153134195406,-2.2967672538374595
2730,27.3,1.036005991841503,-2.293426710161616
2731,27.310000000000002,1.0361604515020186,-2.2867294402340117
2732,27.32,1.0504573738947751,-2.2832798901475253
2733,27.330000000000002,1.0530682592704232,-2.278914655100069
2734,27.34,1.0535094645314507,-2.276738076761042
2735,27.35,1.0540755658966101,-2.2726675481325773
2736,27.36,1.0615701168793465,-2.26782445193129
2737,27.37,1.0708453881993307,-2.264498315826099
2738,27.38,1.0686733362708787,-2.2594193832544422
2739,27.39,1.0735224232037324,-2.2570242245209897
2740,27.400000000000002,1.0801990254409863,-2.250980377198247
2741,27.41,1.0833125136176225,-2.2433344548927674
2742,27.42,1.0875590766068142,-2.241518047078337
2743,27.43,1.0891871385799015,-2.241696364811628
2744,27.44,1.0934203551731878,-2.2361458920693154
2745,27.45,1.090198274073615,-2.2281527603258504
2746,27.46,1.1070653199958103,-2.2258530462827646
2747,27.47,1.104550788911351,-2.222242835723388
2748,27.48,1.1077362107850035,-2.2179336820466418
2749,27.490000000000002,1.1142950615130345,-2.212269313333816
2750,27.5,1.1136812016524589,-2.2105529749907915
2751,27.51,1.122234703261352,-2.206905023737664
2752,27.52,1.1172381805309834,-2.207247532728648
2753,27.53,1.125891354361591,-2.199496723178146
2754,27.54,1.1251555892472789,-2.1945386182306463
2755,27.55,1.1316843330422661,-2.192142506643401
2756,27.560000000000002,1.1297493944957766,-2.1890169914849054
2757,27.57,1.137064134003682,-2.1871513987759736
2758,27.580000000000002,1.1344992914614118,-2.183491576491257
2759,27.59,1.1412235299664275,-2.1772393292547307
2760,27.6,1.1427118269927374,-2.1753906808826238
2761,27.61,1.159036591317429,-2.172043862564204
2762,27.62,1.1556054727622007,-2.1665104167073386
2763,27.63,1.154722155794617,-2.164701589337367
2764,27.64,1.1551807891613481,-2.1607166645319826
2765,27.650000000000002,1.155385927682011,-2.1594278520534624
2766,27.66,1.1629294360116784,-2.153317799744565
2767,27.67,1.164515168459607,-2.1511155026060735
2768,27.68,1.1616945837375554,-2.145855292645213
2769,27.69,1.170368376786798,-2.1433537047432853
2770,27.7,1.1670132941083773,-2.139291805683115
2771,27.71,1.1790089314917815,-2.136453488420329
2772,27.72,1.1720520292339445,-2.131268081507856
2773,27.73,1.1736703732036096,-2.1326252080671773
2774,27.740000000000002,1.1810208231227648,-2.1275322865669937
2775,27.75,1.1889471273594205,-2.121210068512867
2776,27.76,1.188059895741355,-2.1207758618046504
2777,27.77,1.1910016829355061,-2.118215584131091
2778,27.78,1.2002916769586753,-2.1156991909172564
2779,27.79,1.189094437765538,-2.113230548264889
2780,27.8,1.191298248151685,-2.1091733073511976
2781,27.810000000000002,1.2002796708851238,-2.1072263737336687
2782,27.82,1.2059572519484898,-2.102865433197989
2783,27.830000000000002,1.2091045913024059,-2.0974160307249483
2784,27.84,1.2039019876539123,-2.098068206095004
2785,27.85,1.2127504028831184,-2.091471834810488
2786,27.86,1.2075387107233002,-2.0889204538976642
2787,27.87,1.2050666850972236,-2.085248509155804
2788,27.88,1.2099768595016265,-2.082145699401643
2789,27.89,1.2123685794147405,-2.0820458621960922
2790,27.900000000000002,1.219681090809142,-2.0780526069029146
2791,27.91,1.221312599225164,-2.0787170886660284
2792,27.92,1.2176628256979525,-2.071584143614238
2793,27.93,1.225780244235946,-2.0690673727198843
2794,27.94,1.2313391678339978,-2.0665141554459283
2795,27.95,1.226390604764055,-2.061652823450192
2796,27.96,1.2283038762704923,-2.0619465068903793
2797,27.97,1.229986719998542,-2.0598124152855917
2798,27.98,1.229571134450441,-2.052386653425523
2799,27.990000000000002,1.2316484304119768,-2.0545866001212945
2800,28.0,1.2345038947781488,-2.0518933281057814
2801,28.01,1.236807983325736,-2.0489594914648666
2802,28.02,1.2454354052237895,-2.044784630680262
2803,28.03,1.2449778013230295,-2.0441805524858525
2804,28.04,1.2423022192948627,-2.0383418654115135
2805,28.05,1.234979220672935,-2.0326216037306475
2806,28.060000000000002,1.2454508208057231,-2.034060284560024
2807,28.07,1.2413349447834112,-2.029143162145767
2808,28.080000000000002,1.2506187715226078,-2.028197110502636
2809,28.09,1.2481432294375991,-2.0240098150219796
2810,28.1,1.2491335917902389,-2.023705977477178
2811,28.11,1.2530315638813532,-2.0197089049092805
2812,28.12,1.2548203964670175,-2.0151707462424806
2813,28.13,1.252158559422219,-2.0144061396476727
2814,28.14,1.2626475935681305,-2.0127781229662434
2815,28.150000000000002,1.2569455356017474,-2.0081259896544927
2816,28.16,1.2691480794759684,-2.006214278083123
2817,28.17,1.2611530218532672,-2.0054976685896335
2818,28.18,1.259729790392777,-1.9986343614654334
2819,28.19,1.272589355435283,-2.0001719400080527
2820,28.2,1.267539660225567,-1.9983526312479982
2821,28.21,1.2656466682489762,-1.9950146682930334
2822,28.22,1.2611674101867636,-1.993543951796532
2823,28.23,1.2761311187742994,-1.9887861124049662
2824,28.240000000000002,1.269838220436426,-1.9871660183637097
2825,28.25,1.274343333372584,-1.9857573795275982
2826,28.26,1.2695204480915474,-1.985303766348454
2827,28.27,1.2790291091055115,-1.981054969792155
2828,28.28,1.2749861802672318,-1.9793079347367908
2829,28.29,1.280582015727977,-1.976715471353976
2830,28.3,1.2812570749490142,-1.9729971631186562
2831,28.310000000000002,1.2831786788902857,-1.9709992535373528
2832,28.32,1.288035339512045,-1.971701588023464
2833,28.330000000000002,1.2871757220938376,-1.9666619126660254
2834,28.34,1.2853426896267757,-1.9666576805904161
2835,28.35,1.286792082497025,-1.9668559678939377
2836,28.36,1.2890951694698354,-1.9642433423373615
2837,28.37,1.2877493987204038,-1.9604269402545877
2838,28.38,1.292804214405582,-1.9587041524363273
2839,28.39,1.2866832926616252,-1.953236991979962
2840,28.400000000000002,1.2877273395083138,-1.9525070507270796
2841,28.41,1.2840111091228152,-1.9484423495878491
2842,28.42,1.285504790723092,-1.9471657556671835
2843,28.43,1.2867981435915408,-1.9492096274479442
2844,28.44,1.2944865768541194,-1.9447388021366006
2845,28.45,1.2971800455338058,-1.9380814548299414
2846,28.46,1.3002118238974711,-1.9407846462874987
2847,28.47,1.299578174242343,-1.9354739737666742
2848,28.48,1.302289755131565,-1.937453464513285
2849,28.490000000000002,1.3059630115780678,-1.9344211313695576
2850,28.5,1.3019482944539003,-1.9313718710911
2851,28.51,1.309181472267038,-1.9295943787426653
2852,28.52,1.3040760048012472,-1.927359567374747
2853,28.53,1.3119215759074854,-1.9254162557292234
2854,28.54,1.3107662268521532,-1.9220748573137065
2855,28.55,1.298453290024679,-1.9222861088966343
2856,28.560000000000002,1.305064663569023,-1.9149310337457903
2857,28.57,1.3011537054494753,-1.9171254586368727
2858,28.580000000000002,1.3123703270137133,-1.9122827880715703
2859,28.59,1.3132307599638833,-1.916182740512007
2860,28.6,1.3107636774309745,-1.9103741068976474
2861,28.61,1.3076032470199748,-1.9086898191947266
2862,28.62,1.3127116249723545,-1.9115322296896982
2863,28.63,1.3164548901168058,-1.9028236963998242
2864,28.64,1.3164966344951006,-1.9027266676756682
2865,28.650000000000002,1.3198440744749975,-1.9015849327008125
2866,28.66,1.3188204663514527,-1.9013219309851745
2867,28.67,1.3176128547398294,-1.8960277533672412
2868,28.68,1.3174202302289626,-1.897633185800063
2869,28.69,1.3149131302949615,-1.8932700316235203
2870,28.7,1.3193737757972004,-1.8949987295752782
2871,28.71,1.3139662148250655,-1.8905421912758615
2872,28.72,1.3198227020264124,-1.8878934408581531
2873,28.73,1.3170374234416726,-1.8878789505495885
2874,28.740000000000002,1.3203383056124485,-1.884414612511533
2875,28.75,1.3219236081157366,-1.8851019043639847
2876,28.76,1.3277703799811758,-1.8833643720353415
2877,28.77,1.3272750633874342,-1.876890290507607
2878,28.78,1.3279573449728734,-1.876782106294141
2879,28.79,1.319447620658571,-1.8737682510946734
2880,28.8,1.3272330260794019,-1.8763791251388933
2881,28.810000000000002,1.3292195841528296,-1.872519918669071
2882,28.82,1.32806404827692,-1.873423125701086
2883,28.830000000000002,1.3316127862868938,-1.8704712544062119
2884,28.84,1.3253804745234707,-1.867448334935979
2885,28.85,1.3336690798019133,-1.866927030517929
2886,28.86,1.331030985479246,-1.8634504070251008
2887,28.87,1.3251027688896981,-1.8614766148052153
2888,28.88,1.3250787267871986,-1.8627998668935493
2889,28.89,1.329993064030369,-1.8584458735870222
2890,28.900000000000002,1.331305594433649,-1.8568979913861967
2891,28.91,1.329858259566961,-1.8565000733784587
2892,28.92,1.3329093807499675,-1.8540833792662277
2893,28.93,1.3366334003952325,-1.8532726904857335
2894,28.94,1.3391812568935915,-1.8516442790534675
2895,28.95,1.332984739876098,-1.847505000877812
2896,28.96,1.3386204713384726,-1.849253599966245
2897,28.97,1.3473278484099707,-1.845084706400406
2898,28.98,1.3373963264115292,-1.8441604225550774
2899,28.990000000000002,1.3373388413157399,-1.8420050015921614
2900,29.0,1.3415302111444725,-1.8423451974968428
2901,29.01,1.342838266463368,-1.8413081009785612
2902,29.02,1.3394492921903982,-1.8399711350208252
2903,29.03,1.3417839065044823,-1.8365060661721953
2904,29.04,1.3393506153215062,-1.8367985283681916
2905,29.05,1.339808039375938,-1.8331086994372174
2906,29.060000000000002,1.342756567566406,-1.8315052160427456
2907,29.07,1.3456575356564344,-1.831271719567668
2908,29.080000000000002,1.3408843160985637,-1.8298638329402723
2909,29.09,1.3434677016988787,-1.8272400295381792
2910,29.1,1.3489210158287357,-1.826212614079648
2911,29.11,1.3452121893795288,-1.8251913740930217
2912,29.12,1.3444346917894165,-1.8248543145666098
2913,29.13,1.3440185500452622,-1.8229827976149617
2914,29.14,1.3456134381524567,-1.8214115624443592
2915,29.150000000000002,1.3441832948762393,-1.8182001413611921
2916,29.16,1.3421339893511812,-1.8226823822896268
2917,29.17,1.3557184516024177,-1.8136409443646673
2918,29.18,1.351227887711262,-1.8145951984983237
2919,29.19,1.345350003542135,-1.811776123291755
2920,29.2,1.349640826707293,-1.8124286269612941
2921,29.21,1.3570930353370898,-1.8123989354644279
2922,29.22,1.3366600746462065,-1.8101132167302523
2923,29.23,1.3518927059386192,-1.8067840133586743
2924,29.240000000000002,1.3531637890520931,-1.8056309603775453
2925,29.25,1.3453201422260308,-1.8028510807017708
2926,29.26,1.3527672152324808,-1.8020683163066782
2927,29.27,1.3503007269454335,-1.801746659740448
2928,29.28,1.349414767578945,-1.7987008094903632
2929,29.29,1.3628936250743646,-1.79998197790236
2930,29.3,1.3564994471211744,-1.7967051197293873
2931,29.310000000000002,1.348206011656436,-1.7942099209396536
2932,29.32,1.3491322325139607,-1.791782609847903
2933,29.330000000000002,1.3539402339251019,-1.7901107636295825
2934,29.34,1.3579422580456977,-1.7877610341273393
2935,29.35,1.354921983903979,-1.7908236293026496
2936,29.36,1.3537154778745657,-1.7848525637934642
2937,29.37,1.354475307266853,-1.7853966608057548
2938,29.38,1.3580743317670132,-1.786948473100274
2939,29.39,1.3534810090165719,-1.7839638219912668
2940,29.400000000000002,1.3633189668906753,-1.782977177939254
2941,29.41,1.3543695556867648,-1.7824168076377442
2942,29.42,1.3650236613352902,-1.7787704091320904
2943,29.43,1.3556325207659343,-1.7817166856094737
2944,29.44,1.360186603772521,-1.7749629428860374
2945,29.45,1.352741971488257,-1.7759923462297351
2946,29.46,1.3610725486804207,-1.772709924772081
2947,29.47,1.3652736063736202,-1.773024371494188
2948,29.48,1.3632131274114672,-1.7700723300969732
2949,29.490000000000002,1.369482514709454,-1.769139688445908
2950,29.5,1.3635706451937963,-1.7708576928883952
2951,29.51,1.3646461036326014,-1.769580351879812
2952,29.52,1.3694472565622309,-1.7657586719038447
2953,29.53,1.3592628290509474,-1.767535524838832
2954,29.54,1.3638377102015247,-1.764881327234864
2955,29.55,1.365222331163075,-1.7603405493949331
2956,29.560000000000002,1.3688279721958219,-1.7632957464021524
2957,29.57,1.369947779194872,-1.762413167282255
2958,29.580000000000002,1.3658923941680048,-1.7601162483596737
2959,29.59,1.3651583147111503,-1.7566343286524124
2960,29.6,1.3672106897888652,-1.7581203434774086
2961,29.61,1.3688652460236546,-1.755719582580767
2962,29.62,1.367748021922119,-1.7532365024678305
2963,29.63,1.3601510041251803,-1.7544274419522132
2964,29.64,1.3707193510720164,-1.7525325023081615
2965,29.650000000000002,1.3654673751158757,-1.7508436001640433
2966,29.66,1.3668786367232606,-1.7512910157036057
2967,29.67,1.3606564007460198,-1.748985943835307
2968,29.68,1.3635862212467253,-1.7481392690059379
2969,29.69,1.3714710330292224,-1.746343823077965
2970,29.7,1.3677587196148502,-1.7417364769404389
2971,29.71,1.368276650296195,-1.7433225515370234
2972,29.72,1.3650877941215562,-1.7390559835140138
2973,29.73,1.3686577466661454,-1.7400045842953464
2974,29.740000000000002,1.3779265993297878,-1.7370430672798365
2975,29.75,1.3736083720443177,-1.7410009090726142
2976,29.76,1.370641062537205,-1.736787469575185
2977,29.77,1.3708229259721043,-1.7363179634341044
2978,29.78,1.3730870850789698,-1.73314325730685
2979,29.79,1.3777336697986622,-1.7332043973902933
2980,29.8,1.36818071000593,-1.7301304590747344
2981,29.810000000000002,1.376717908742517,-1.7300583493934254
2982,29.82,1.371571013734237,-1.7285680851383038
2983,29.830000000000002,1.3648772192651035,-1.7276246073054362
2984,29.84,1.3679906774540966,-1.7267726258741574
2985,29.85,1.3802605702466946,-1.727257789715174
2986,29.86,1.3793631604792367,-1.7251921351285797
2987,29.87,1.3758759183383285,-1.7249781419579342
2988,29.88,1.3746703598735153,-1.7242791705922405
2989,29.89,1.3801325279135237,-1.7195377021291867
2990,29.900000000000002,1.3778308481397012,-1.7202312352720448
2991,29.91,1.3745495493934463,-1.7157137921142187
2992,29.92,1.3714373262176562,-1.7184714669188517
2993,29.93,1.3704157674190305,-1.7172565329705258
2994,29.94,1.3805415709033209,-1.716264728990996
2995,29.95,1.3724221905391,-1.711940516764274
2996,29.96,1.3726385623442807,-1.7133053595285956
2997,29.97,1.378203268474062,-1.7110061161930576
2998,29.98,1.378327224626716,-1.7086179395794876
2999,29.990000000000002,1.376444232751108,-1.711203847644581
