,t,x,y
0,0.0,0.3617613521414186,0.21611901651585488
1,0.01,0.3859069533482089,0.21672778099772477
2,0.02,0.42140554168092764,0.21587913341799306
3,0.03,0.4525108542762281,0.21581751194047052
4,0.04,0.49597528155093495,0.21517655601988886
5,0.05,0.5281428456919852,0.21468103646785822
6,0.06,0.5564287081171715,0.21370143625230104
7,0.07,0.588146144614969,0.21367363209232737
8,0.08,0.6250764036772256,0.2125336033544507
9,0.09,0.6579523486714862,0.2119913909857221
10,0.1,0.6926206074769942,0.211743422880304
11,0.11,0.7265035079202375,0.2108056971317299
12,0.12,0.7543605440876737,0.2108300433471017
13,0.13,0.786869916743574,0.20970974374507495
14,0.14,0.8215592402691926,0.20850331602515268
15,0.15,0.8506149143535128,0.20766662509532696
16,0.16,0.8806190137741721,0.2065850117841385
17,0.17,0.9019371190588711,0.20571440318806286
18,0.18,0.925932063774734,0.2044375468356432
19,0.19,0.9483661438064676,0.20381806049379278
20,0.2,0.9739171234779818,0.20269295688196207
21,0.21,0.9966594848471365,0.20144861126895494
22,0.22,1.0162224406977012,0.20101146985274132
23,0.23,1.0336163981625783,0.19909402265056292
24,0.24,1.0527692748960538,0.1988940058637545
25,0.25,1.069635369709495,0.19852363877941587
26,0.26,1.0781063234745871,0.1968931396822272
27,0.27,1.095914569939637,0.19491064517902312
28,0.28,1.1032140287947025,0.19460741466702006
29,0.29,1.1157378382852539,0.19343666048538785
30,0.3,1.127948404064689,0.19362194792101414
31,0.31,1.1345187068554041,0.19126318875332707
32,0.32,1.144813272999498,0.1903208128603347
33,0.33,1.1475162657406357,0.18851275386141111
34,0.34,1.1522665936606324,0.188193880386063
35,0.35000000000000003,1.1541263544611113,0.18618940523599195
36,0.36,1.1648441581478028,0.18587176369338107
37,0.37,1.173106875460589,0.184933819844078
38,0.38,1.1750732495875535,0.18358888069231602
39,0.39,1.1769170273348954,0.1813713602369817
40,0.4,1.1804716300639841,0.18083606554880724
41,0.41000000000000003,1.186497967953389,0.17939509091091846
42,0.42,1.186789235675516,0.17853190783531378
43,0.43,1.184913998430615,0.17742465372266916
44,0.44,1.1891536669986251,0.1762259368368829
45,0.45,1.1903060298481374,0.17503646129024986
46,0.46,1.1911124351060034,0.1740158714831323
47,0.47000000000000003,1.1927910748354997,0.17226625706249693
48,0.48,1.1907225215501198,0.17126982711364463
49,0.49,1.1943053123514205,0.16967111208208904
50,0.5,1.1952947286292515,0.16807905635615422
51,0.51,1.193235598259694,0.16759164039371438
52,0.52,1.1910441904375801,0.16614575681449079
53,0.53,1.1929128312583301,0.16534479856753098
54,0.54,1.190118665109687,0.16427977836487428
55,0.55,1.1909060268799194,0.16247368735664022
56,0.56,1.1910555833593601,0.162201287292991
57,0.5700000000000001,1.1881741346113026,0.16113083855398297
58,0.58,1.1909590817656244,0.15900596713581616
59,0.59,1.1931761147565578,0.15896501152950887
60,0.6,1.1907721395640651,0.15726852565302596
61,0.61,1.1888957408398522,0.15595229863172205
62,0.62,1.1837943847144696,0.15488260767805795
63,0.63,1.1861161012227188,0.15349380767769863
64,0.64,1.1821154804378764,0.1529014042269415
65,0.65,1.186320684439079,0.15060692280862234
66,0.66,1.1825312663553675,0.15024271582977242
67,0.67,1.1896643438354968,0.14918798648797804
68,0.68,1.1879312535216564,0.14816688677965822
69,0.6900000000000001,1.1842892804721967,0.14615097591941284
70,0.7000000000000001,1.1798191277919738,0.14516704875514838
71,0.71,1.1733508746965826,0.14332229168628635
72,0.72,1.1835056359031955,0.14302513219966773
73,0.73,1.176389918768891,0.1417530709524551
74,0.74,1.1809190538753167,0.14004964010832646
75,0.75,1.175177399699969,0.13889834909462465
76,0.76,1.1711506897968964,0.13710515242183718
77,0.77,1.1731009517113313,0.13612682003665522
78,0.78,1.1712507422016203,0.13544086371644115
79,0.79,1.1659255276486564,0.1355397995043497
80,0.8,1.167865908305088,0.13342047871170276
81,0.81,1.16751464497544,0.13187676080078628
82,0.8200000000000001,1.1646593340156732,0.13179198950226043
83,0.8300000000000001,1.1711190540986751,0.12998926237858355
84,0.84,1.168623531226118,0.12888897776392727
85,0.85,1.1631053203106385,0.1275451314881998
86,0.86,1.165359241840559,0.12654953169655145
87,0.87,1.1650921500420361,0.12563511797439844
88,0.88,1.160844250151952,0.12351152878340031
89,0.89,1.15705505273193,0.1231899948884407
90,0.9,1.1580285807033943,0.1212578927724601
91,0.91,1.1576560265118783,0.12032715155542568
92,0.92,1.1563237860270474,0.11930139866081205
93,0.93,1.156315738103778,0.11835320800641544
94,0.9400000000000001,1.1520839250730228,0.11730326646872284
95,0.9500000000000001,1.1568602353848882,0.11547438141908133
96,0.96,1.1561309794802235,0.11433224357869835
97,0.97,1.1496227504407661,0.113606937746438
98,0.98,1.1461964019600734,0.11196780082658472
99,0.99,1.1456484309877524,0.1119988963801922
100,1.0,1.148527620760302,0.11081252721953613
101,1.01,1.1478773141359344,0.10882783691982013
102,1.02,1.1441511172515866,0.10728631776169878
103,1.03,1.1505413969273075,0.10694149054847643
104,1.04,1.1426467504565696,0.10524724474337442
105,1.05,1.1440369454086776,0.10457722775008753
106,1.06,1.1416878565951154,0.10342449437439206
107,1.07,1.1387456668137752,0.10223291427471663
108,1.08,1.1426204196158434,0.10108412749659954
109,1.09,1.1322455145719732,0.09940355726800516
110,1.1,1.1336086576751008,0.0986530149624172
111,1.11,1.1338739608527681,0.09765978138890917
112,1.12,1.1386229901977003,0.09692775989733972
113,1.1300000000000001,1.1362804573197198,0.09490006060854257
114,1.1400000000000001,1.1290945122794318,0.09381811576640776
115,1.1500000000000001,1.1281308451378782,0.09303319923592336
116,1.16,1.1251338802300692,0.09142376105820091
117,1.17,1.1309603074574976,0.0912724980156182
118,1.18,1.1312976138704314,0.08994497773214222
119,1.19,1.1282189974847097,0.08871414841684036
120,1.2,1.123859522906806,0.08751969421876313
121,1.21,1.123771808415629,0.08697988479772012
122,1.22,1.1272540287091053,0.08571675806555816
123,1.23,1.1232289504798572,0.08402308698609488
124,1.24,1.1214190183173431,0.0828463358526419
125,1.25,1.1222363315689636,0.08154658052814719
126,1.26,1.1210203534401126,0.08069913861774278
127,1.27,1.119293174286078,0.08018364372034366
128,1.28,1.1106064194585674,0.07860069423233529
129,1.29,1.1106744984587478,0.0772550153175356
130,1.3,1.1205128283478851,0.07625139988824692
131,1.31,1.1108272819311633,0.07533037833771399
132,1.32,1.1085185947337142,0.07383431039675697
133,1.33,1.111906128067644,0.07252260150255381
134,1.34,1.1092552179481663,0.07168891456889087
135,1.35,1.1052295209235925,0.07042128732755437
136,1.36,1.1087800779416321,0.06940889235075162
137,1.37,1.1048547488089115,0.06814637842106128
138,1.3800000000000001,1.103685630011938,0.0669511491492728
139,1.3900000000000001,1.0984081049409344,0.06575179178791955
140,1.4000000000000001,1.1019126882699775,0.0647593228162618
141,1.41,1.0979532406414048,0.064387849415442
142,1.42,1.0972720828450704,0.0632032975959652
143,1.43,1.1006243385263212,0.06220157710850777
144,1.44,1.0996132188307335,0.06068270187985274
145,1.45,1.0961865007305467,0.059545738191100955
146,1.46,1.0919342237133123,0.059293904314488124
147,1.47,1.092023585989123,0.057626892331036565
148,1.48,1.0877813094755016,0.056423405812355575
149,1.49,1.0922538736239231,0.05509840194135094
150,1.5,1.0855075687798232,0.054045505222501976
151,1.51,1.08667300838398,0.053036465294842454
152,1.52,1.083587980181096,0.05236342817716625
153,1.53,1.0863548010001511,0.05098100685822549
154,1.54,1.0822470718209436,0.04964767589697997
155,1.55,1.0834020229522838,0.048061801678601336
156,1.56,1.0882957826397002,0.04804371936344756
157,1.57,1.073999113635008,0.04603332197436785
158,1.58,1.0752118274795488,0.045740176574848045
159,1.59,1.0728083620592548,0.04444202985664703
160,1.6,1.0751927940633335,0.043526603762810166
161,1.61,1.0747877472487422,0.04223806089621113
162,1.62,1.0732835782134502,0.041168865978470026
163,1.6300000000000001,1.0790145379372953,0.040609326316318396
164,1.6400000000000001,1.075982422061183,0.03927319820778501
165,1.6500000000000001,1.0671463337116947,0.037863776988615594
166,1.6600000000000001,1.068283749982219,0.03717781202256349
167,1.67,1.0662184381349133,0.035403877485338825
168,1.68,1.0628390914707706,0.03519484550889235
169,1.69,1.0609280723068324,0.0340683735494075
170,1.7,1.0619953102949624,0.03335602710327231
171,1.71,1.070585156922888,0.031527396014474046
172,1.72,1.060010167904365,0.03074374459664104
173,1.73,1.058386000401138,0.029559864273938044
174,1.74,1.0577107763410802,0.028642971327921034
175,1.75,1.0538186716757503,0.02716040414997829
176,1.76,1.055549778201164,0.02534478884792181
177,1.77,1.0530771169715267,0.025491139241854505
178,1.78,1.0534913471336775,0.023678557491516844
179,1.79,1.0516817617779326,0.023742153837936427
180,1.8,1.0495541939941506,0.02246750076501456
181,1.81,1.0456304064231918,0.021520623191330468
182,1.82,1.0458288780084093,0.019521678861275964
183,1.83,1.0481731987172267,0.01875228996153488
184,1.84,1.0426030857557826,0.017659619093542713
185,1.85,1.0422741308404722,0.017333618880065665
186,1.86,1.0355509931357283,0.015405313673418727
187,1.87,1.037113387436067,0.014190164823120343
188,1.8800000000000001,1.0376844609634321,0.013649685825509515
189,1.8900000000000001,1.0346594734382863,0.013120677927621442
190,1.9000000000000001,1.032049251250736,0.011809056592250405
191,1.9100000000000001,1.0350512956017717,0.010927930056627878
192,1.92,1.0347801622487487,0.009499489584013582
193,1.93,1.0276124547287515,0.00876017711125792
194,1.94,1.0303776495771582,0.007251318198506375
195,1.95,1.0308341283041789,0.007160657307259235
196,1.96,1.0292567396457775,0.0055195790656154525
197,1.97,1.0198392202357769,0.004109216793831292
198,1.98,1.0254974976366262,0.004044984247056797
199,1.99,1.0223036763213684,0.0031773806821914176
200,2.0,1.0232841579595937,0.001862001113782529
201,2.0100000000000002,1.021546950801347,0.00132873887969954
202,2.02,1.0200449273556276,-0.0005112538541983809
203,2.0300000000000002,1.0139570796581954,-0.001900020136088782
204,2.04,1.0161195238322198,-0.002377268758596736
205,2.05,1.0183710231716974,-0.003078263432663615
206,2.06,1.0169900191721502,-0.004235754561852213
207,2.07,1.010589879618677,-0.005710488270161476
208,2.08,1.010406226822683,-0.005864034027928514
209,2.09,1.0049715882145474,-0.008147789529706274
210,2.1,1.00997128195647,-0.008013478204659023
211,2.11,1.0049122460108384,-0.009811836889570519
212,2.12,1.0082039160683591,-0.0108612255693871
213,2.13,1.0042426959599293,-0.012387903966428021
214,2.14,1.0044511484946836,-0.012195004332811336
215,2.15,1.000369288003414,-0.01410689509587259
216,2.16,0.9930837890137276,-0.014352048201613916
217,2.17,0.9908154630462974,-0.016101584877413377
218,2.18,0.996936524699681,-0.015931369298681303
219,2.19,0.9934481306458772,-0.017655474409827236
220,2.2,0.9937997335451754,-0.01886340517162211
221,2.21,0.9953770543791844,-0.019793783290747206
222,2.22,0.9915309366367022,-0.02126810904511794
223,2.23,0.989660564841277,-0.02234290535139192
224,2.24,0.988184018354497,-0.02288448829447813
225,2.25,0.9912393516707535,-0.024094110495320942
226,2.2600000000000002,0.9869879099728188,-0.02407054631265828
227,2.27,0.9809237578265373,-0.025222420413777973
228,2.2800000000000002,0.9828801111917235,-0.02670219937391517
229,2.29,0.9764799304210788,-0.027819612527362165
230,2.3000000000000003,0.9777738767812829,-0.028538634400794405
231,2.31,0.9750768255764001,-0.028634367036468832
232,2.32,0.9754089280785411,-0.030630839977302978
233,2.33,0.9731157775129726,-0.03085694850425617
234,2.34,0.9738229732679562,-0.032408685184754434
235,2.35,0.9759208231561862,-0.03344213230786681
236,2.36,0.9704564857465326,-0.034136654197570004
237,2.37,0.9718011527508058,-0.03557197443548541
238,2.38,0.9710597147742248,-0.03558431558148196
239,2.39,0.9670635334024014,-0.037407156748840424
240,2.4,0.963036394490925,-0.038474056399929374
241,2.41,0.9619819588432829,-0.03943997027026923
242,2.42,0.9604538123921327,-0.04025059715031983
243,2.43,0.9559727013128166,-0.04016359750010006
244,2.44,0.9586730542620945,-0.041702528051322726
245,2.45,0.959276801863711,-0.04268757068077315
246,2.46,0.9564100957574837,-0.04395059841643515
247,2.47,0.9506066674130271,-0.04510077678327831
248,2.48,0.9554351045322228,-0.04652789538456244
249,2.49,0.9464618948289693,-0.046473385534174766
250,2.5,0.9473507720776594,-0.047895797072193665
251,2.5100000000000002,0.9455950773741535,-0.0482850537047765
252,2.52,0.9453776189822227,-0.04893872127084481
253,2.5300000000000002,0.9455462305385475,-0.050210891470531656
254,2.54,0.9414070054653073,-0.05175101986457112
255,2.5500000000000003,0.9433414447644063,-0.052593941452047016
256,2.56,0.9383548698213935,-0.05367198331195407
257,2.57,0.9403619339034273,-0.05471012402785172
258,2.58,0.934007782016306,-0.05562841921533737
259,2.59,0.9397414703776967,-0.05642104555529129
260,2.6,0.9316787536083914,-0.05722365044401329
261,2.61,0.933829922332523,-0.05797597015154035
262,2.62,0.9290603569990262,-0.05966440829650488
263,2.63,0.9270392247924851,-0.06002730805115916
264,2.64,0.9246791066511875,-0.06142895519711719
265,2.65,0.9227068125554544,-0.062343297911650726
266,2.66,0.9184685503549442,-0.06228580980382423
267,2.67,0.9184187118541832,-0.06444224065381338
268,2.68,0.9218439002795246,-0.06462460439552249
269,2.69,0.912401047212533,-0.06513581452414688
270,2.7,0.9120356266789671,-0.06701156612696518
271,2.71,0.9086624300085839,-0.06723912684354913
272,2.72,0.9149548489631654,-0.06810972806777774
273,2.73,0.9107224955953737,-0.06939472191974298
274,2.74,0.9073478056318993,-0.07026053370371596
275,2.75,0.9048122339751979,-0.07121103475966702
276,2.7600000000000002,0.9082623339327296,-0.07198014655595597
277,2.77,0.900579559399345,-0.07290414020442619
278,2.7800000000000002,0.902408896876971,-0.07366790066246395
279,2.79,0.8995533355558869,-0.07455639497877033
280,2.8000000000000003,0.8937715659554579,-0.07550165565912799
281,2.81,0.89645176186331,-0.07556539986304966
282,2.82,0.8903202121588522,-0.0774755240205069
283,2.83,0.8959540368339046,-0.07777506103692411
284,2.84,0.8895525634769086,-0.0789395650107073
285,2.85,0.8900452105741373,-0.07992273844175267
286,2.86,0.8849535424310071,-0.08103278218870587
287,2.87,0.8865443021076804,-0.0817876150950679
288,2.88,0.8855949416533837,-0.08225900660629429
289,2.89,0.8837788614417512,-0.08312369882316241
290,2.9,0.8754269055860918,-0.08433339123844426
291,2.91,0.8788345711033011,-0.08507792868384847
292,2.92,0.8709630740762537,-0.08502696611625399
293,2.93,0.874019702881039,-0.08708148826004855
294,2.94,0.8761003536211338,-0.0882808087362994
295,2.95,0.8708567692389796,-0.08905312434005937
296,2.96,0.8696659958838754,-0.0899200965074671
297,2.97,0.8693949537044564,-0.09103127551439821
298,2.98,0.8655234640323953,-0.0912553815455255
299,2.99,0.8616853459228038,-0.09221726896898931
300,3.0,0.8622508054559064,-0.09306732392194106
301,3.0100000000000002,0.8563009256085337,-0.09409999495654729
302,3.02,0.8635451692288956,-0.09451346324191254
303,3.0300000000000002,0.8574174271764065,-0.09529266764514116
304,3.04,0.8532520802544719,-0.09644628745974616
305,3.0500000000000003,0.8528992612647958,-0.09713616180231548
306,3.06,0.8542755915075536,-0.09849521022209898
307,3.0700000000000003,0.8478561018490478,-0.09875515471232889
308,3.08,0.8497483111136683,-0.10029633414283066
309,3.09,0.8440821043296002,-0.10068925504617444
310,3.1,0.8399732942199573,-0.1017543197154084
311,3.11,0.8382507901475529,-0.10226825394037124
312,3.12,0.8398706005335425,-0.10318366994881471
313,3.13,0.8347963805245822,-0.10457875861608597
314,3.14,0.8336288312843176,-0.10542285404188208
315,3.15,0.8304594393860655,-0.10618042578890377
316,3.16,0.8284416333501745,-0.1065676782494596
317,3.17,0.8290052763803724,-0.10692247030272917
318,3.18,0.8261360656911557,-0.10796750065884632
319,3.19,0.8243672337963122,-0.10953669516607012
320,3.2,0.8210366127158194,-0.10999946357824762
321,3.21,0.8198974881430631,-0.11097879663288569
322,3.22,0.8204636192267818,-0.111518632874469
323,3.23,0.8164984936401171,-0.11288845634857635
324,3.24,0.8133164787338862,-0.11273506839623007
325,3.25,0.8114022159921415,-0.11453761775020795
326,3.2600000000000002,0.8109853534282292,-0.11433386818823278
327,3.27,0.8044846127564571,-0.1152557763359411
328,3.2800000000000002,0.7997949512346977,-0.1169708350238186
329,3.29,0.7987428228490733,-0.11721035542243757
330,3.3000000000000003,0.8003320811773269,-0.1176923461911324
331,3.31,0.7953653863417128,-0.11931261270080988
332,3.3200000000000003,0.7974708328642048,-0.11984061106818944
333,3.33,0.7953050478688982,-0.120446181729428
334,3.34,0.7906104436325353,-0.12142404255557421
335,3.35,0.7942869396331569,-0.12240914945005536
336,3.36,0.7832342860362467,-0.12233175589965617
337,3.37,0.7826778774911513,-0.12345145651515797
338,3.38,0.7795079822491262,-0.1241835688059102
339,3.39,0.7771336420317771,-0.1251291479809651
340,3.4,0.7761467150612126,-0.12602000576630498
341,3.41,0.7809839921615392,-0.12654606187858078
342,3.42,0.775966246824065,-0.12749958119339125
343,3.43,0.766525629914786,-0.12777681654414041
344,3.44,0.7678132989751177,-0.12920506301278425
345,3.45,0.7668121023919975,-0.12999658962311542
346,3.46,0.7627975085626817,-0.13100299115976677
347,3.47,0.7635931753744946,-0.13064126942683105
348,3.48,0.7566622273238236,-0.13230191985950332
349,3.49,0.7560021353603428,-0.1336411148758787
350,3.5,0.7514817272442732,-0.1332345936683026
351,3.5100000000000002,0.7539596346563746,-0.13410593042156774
352,3.52,0.7502934197987394,-0.13547789882432926
353,3.5300000000000002,0.7474661509771927,-0.13543053802401725
354,3.54,0.7444589522568709,-0.13671533780575681
355,3.5500000000000003,0.7413893385515937,-0.13767797776799617
356,3.56,0.7345971996311708,-0.1385101190231402
357,3.5700000000000003,0.7326338534396335,-0.1396473461002996
358,3.58,0.7311794315788597,-0.13931775725963305
359,3.59,0.7272680959448148,-0.13990858227229921
360,3.6,0.7229370334623901,-0.140951287461656
361,3.61,0.7223601811616581,-0.1411753139534797
362,3.62,0.7252113809521973,-0.1425263989787405
363,3.63,0.7197078674964383,-0.14294108588020857
364,3.64,0.7210360752077768,-0.1442314936500072
365,3.65,0.7146090722269843,-0.14484224384736308
366,3.66,0.7098487870133527,-0.1455061407742524
367,3.67,0.707882447959591,-0.1462517672411079
368,3.68,0.7019227355507955,-0.14759854616280654
369,3.69,0.7016724704920702,-0.1478211286727225
370,3.7,0.7004529649795943,-0.14817832180771023
371,3.71,0.6958548439249709,-0.14898469756543273
372,3.72,0.6968914525158697,-0.14995187235321136
373,3.73,0.6920318291395559,-0.15063502281361543
374,3.74,0.6869397010409496,-0.15066375304023757
375,3.75,0.6834280220293577,-0.15163100098844964
376,3.7600000000000002,0.6824824369146835,-0.15236053283296833
377,3.77,0.6770221818315009,-0.15239796684013465
378,3.7800000000000002,0.6742415961587797,-0.15305379761881763
379,3.79,0.6712231188968039,-0.15526042627661146
380,3.8000000000000003,0.6658106335216141,-0.15412368948832258
381,3.81,0.6654603505099064,-0.15626649967167378
382,3.8200000000000003,0.6612891405023175,-0.1560780436987441
383,3.83,0.6659943608458014,-0.1570470916786763
384,3.84,0.6581538264331751,-0.15724114806925008
385,3.85,0.6528616074748361,-0.15800459475980716
386,3.86,0.6541484487281788,-0.15886310852871355
387,3.87,0.6499267418142639,-0.1598651956166528
388,3.88,0.6459874367130378,-0.15989261428247012
389,3.89,0.6443232655173327,-0.15998559877536864
390,3.9,0.6371161072800731,-0.1617675822621191
391,3.91,0.6308947031704149,-0.16195148470476445
392,3.92,0.6265847451821546,-0.1635496635864191
393,3.93,0.6285420937281126,-0.16383623469765565
394,3.94,0.6161072140414786,-0.16407787643536278
395,3.95,0.6172725816263618,-0.16464829498469394
396,3.96,0.6047336876391727,-0.16540556515432964
397,3.97,0.609953662048257,-0.16547017395407404
398,3.98,0.6025939117367541,-0.16581412073147522
399,3.99,0.6087817453239106,-0.16726279910036232
400,4.0,0.596828914728188,-0.1680995276103195
401,4.01,0.5940291681696099,-0.16834615998062685
402,4.0200000000000005,0.5884139022700461,-0.16870003290305313
403,4.03,0.5791763637540862,-0.1700831177749132
404,4.04,0.5807081399412424,-0.17087087385352004
405,4.05,0.5809342652493354,-0.1704818303409473
406,4.0600000000000005,0.5714356321943296,-0.17080871437173872
407,4.07,0.5666459663301631,-0.17225349022539363
408,4.08,0.5633817634212016,-0.17160844615848547
409,4.09,0.5537073024271291,-0.17272840717607937
410,4.1,0.5530682970529376,-0.17333998680767276
411,4.11,0.5560843228231414,-0.17473165204833
412,4.12,0.546646767906618,-0.17347212838277756
413,4.13,0.5402443360956679,-0.17421558135164106
414,4.14,0.5425365923853263,-0.17598426395059585
415,4.15,0.5345948577627103,-0.17649864226507192
416,4.16,0.5309240999282108,-0.17627759353106912
417,4.17,0.521846373666777,-0.1772126720830079
418,4.18,0.5175161442796037,-0.17808364130457438
419,4.19,0.5114733618678449,-0.17890229535015434
420,4.2,0.5059846563188796,-0.17830265725554
421,4.21,0.5046235757554768,-0.1793537389228449
422,4.22,0.49766512928071727,-0.18031329412013403
423,4.23,0.4920048341870877,-0.18065828822033247
424,4.24,0.48936492532188036,-0.1810480690763909
425,4.25,0.47928039856918925,-0.1815440357021599
426,4.26,0.4726640241289782,-0.18163891832003584
427,4.2700000000000005,0.4654670417060928,-0.18270732894344693
428,4.28,0.4637135240959873,-0.18242255347020633
429,4.29,0.45823060144612343,-0.18332003253833004
430,4.3,0.4479220906925334,-0.18336057951125168
431,4.3100000000000005,0.44355729335767313,-0.18391147171170047
432,4.32,0.4374436023298307,-0.18442427725336252
433,4.33,0.43383724838034954,-0.18498271339496086
434,4.34,0.4218528811856792,-0.18534069387510718
435,4.3500000000000005,0.4216039903418546,-0.18515238779751508
436,4.36,0.4103447093857916,-0.18569487907762292
437,4.37,0.4045389264753479,-0.18605879081880414
438,4.38,0.39584364608838774,-0.18683309543294202
439,4.39,0.3843799823585472,-0.18776602617164007
440,4.4,0.3844494033700801,-0.1880132963809804
441,4.41,0.3741305467058158,-0.1879766646366143
442,4.42,0.36281602317233924,-0.18900289752356736
443,4.43,0.3553313831546167,-0.18856183815567096
444,4.44,0.34388084183129286,-0.1893500015330485
445,4.45,0.33567008957019207,-0.18943368396876023
446,4.46,0.329475046134374,-0.19003935860253923
447,4.47,0.31766237241933426,-0.18982984430298305
448,4.48,0.31232534836918097,-0.19030114299662879
449,4.49,0.2998575886881747,-0.18999423631759088
450,4.5,0.2914281617631676,-0.1915598822995203
451,4.51,0.2824628566756134,-0.19129356431020111
452,4.5200000000000005,0.2629694065248026,-0.19148310907973162
453,4.53,0.2595036698359917,-0.19198427088779316
454,4.54,0.24344268970955327,-0.19181252542428456
455,4.55,0.23551169981273587,-0.1923182542993268
456,4.5600000000000005,0.22798236205297737,-0.19225424872115415
457,4.57,0.21252938776844793,-0.19309178698383558
458,4.58,0.19527503126650853,-0.19263396626419296
459,4.59,0.18344105448664988,-0.1938225568010435
460,4.6000000000000005,0.16958745018039492,-0.19261611169513465
461,4.61,0.15898525804667876,-0.1933987209674979
462,4.62,0.13947418038201678,-0.19360224557723227
463,4.63,0.12817632467045223,-0.19344826162339904
464,4.64,0.10582254061740204,-0.19421020015101903
465,4.65,0.09528502689721119,-0.1940511733058131
466,4.66,0.0808410520931581,-0.19461189607772889
467,4.67,0.0626061687176275,-0.1944485596702733
468,4.68,0.04518758109077958,-0.19437842062267557
469,4.69,0.02659087388004667,-0.1949660888664708
470,4.7,0.006245901696959755,-0.1936906464400957
471,4.71,-0.014417602156270432,-0.19438048728676857
472,4.72,-0.0356020266825918,-0.1937385838976895
473,4.73,-0.054982607193516414,-0.1943692469207893
474,4.74,-0.08045060406127494,-0.19467511789855974
475,4.75,-0.10106748602034521,-0.19480277410285193
476,4.76,-0.12112368760554518,-0.1933733709646066
477,4.7700000000000005,-0.14477126964676046,-0.19439212964127556
478,4.78,-0.16750066679662678,-0.19287467183384485
479,4.79,-0.19212655998860825,-0.19344131143503968
480,4.8,-0.21902108413373594,-0.19274428180180966
481,4.8100000000000005,-0.24617238995729962,-0.1934156241748544
482,4.82,-0.27927881070432903,-0.19257327723330903
483,4.83,-0.3030122161154719,-0.19234211802696285
484,4.84,-0.3334954495512044,-0.19198643976528137
485,4.8500000000000005,-0.3613983075257554,-0.1917253663427224
486,4.86,-0.38590137098451127,-0.191990255869009
487,4.87,-0.42471711008090296,-0.1918852343564453
488,4.88,-0.45230312374765147,-0.19124225859659805
489,4.89,-0.4905055585512722,-0.19035183723707447
490,4.9,-0.5210218116553375,-0.18884545689461416
491,4.91,-0.5469400358058977,-0.18892940763000773
492,4.92,-0.5806839565221767,-0.18897501177209222
493,4.93,-0.6107040987922174,-0.18869499447636381
494,4.94,-0.6447165128246024,-0.1875583291474794
495,4.95,-0.6747349048252327,-0.18767446617340863
496,4.96,-0.705230457554525,-0.1861477325560065
497,4.97,-0.7340986043622486,-0.18471306503552556
498,4.98,-0.7648695871115238,-0.18444867842146936
499,4.99,-0.791653962590232,-0.1832525681365872
500,5.0,-0.8189477509143357,-0.18301880002002968
501,5.01,-0.8440016072632556,-0.18181657894001593
502,5.0200000000000005,-0.8742911808528635,-0.18129283302347338
503,5.03,-0.894987661690841,-0.18051000635873451
504,5.04,-0.9234053757043978,-0.17988519410773599
505,5.05,-0.9369435180843105,-0.17891603137344386
506,5.0600000000000005,-0.96436356481886,-0.17766527943929586
507,5.07,-0.9821250805309764,-0.17662329528247472
508,5.08,-1.0008199961126156,-0.1757025346828222
509,5.09,-1.0158447133096826,-0.17400103909685294
510,5.1000000000000005,-1.0368473007183088,-0.17303111114913
511,5.11,-1.0438157397447156,-0.17366656050809223
512,5.12,-1.0600522463753794,-0.1714691352298531
513,5.13,-1.0704495582831601,-0.17045017808733778
514,5.14,-1.0803617789383764,-0.1700687687374559
515,5.15,-1.0955580310176338,-0.1685948758593708
516,5.16,-1.1033010611044192,-0.1671326651586341
517,5.17,-1.1086407978572739,-0.16601714611617155
518,5.18,-1.1193566944963453,-0.16526502807508983
519,5.19,-1.1296729483085102,-0.16391728608954617
520,5.2,-1.1310509294468418,-0.16255457527475478
521,5.21,-1.137939268558996,-0.1617045203827793
522,5.22,-1.149598839009277,-0.1604811464659854
523,5.23,-1.142764613321076,-0.15928676925427002
524,5.24,-1.1465642420191577,-0.1588115047708697
525,5.25,-1.1505652985459007,-0.1572830527672442
526,5.26,-1.1596719755890779,-0.15529290869022067
527,5.2700000000000005,-1.1584924129682743,-0.15463868923172053
528,5.28,-1.1551177541606301,-0.15391662995600702
529,5.29,-1.1589832186886955,-0.15209053516000168
530,5.3,-1.1679122781118925,-0.15138672059125424
531,5.3100000000000005,-1.1639827331889905,-0.15048010451803612
532,5.32,-1.1633306973139659,-0.1492260105847899
533,5.33,-1.17072409170321,-0.1477076321807843
534,5.34,-1.163106806162014,-0.14678068564032587
535,5.3500000000000005,-1.1747968117535357,-0.14462944406922168
536,5.36,-1.1708568670513637,-0.14376929749144957
537,5.37,-1.1704067043829494,-0.14283822811657093
538,5.38,-1.1718623793088931,-0.1412913183640254
539,5.39,-1.173575238418898,-0.14076490703685862
540,5.4,-1.1684824656411248,-0.13984436543075604
541,5.41,-1.163505186134116,-0.13860693530209872
542,5.42,-1.1640585765707738,-0.1370611724247275
543,5.43,-1.1684911322150893,-0.13652452804009294
544,5.44,-1.1680380681218472,-0.13413532885722
545,5.45,-1.172499358356276,-0.1339469736719188
546,5.46,-1.1645985835150416,-0.13311904763903326
547,5.47,-1.1696015243174485,-0.13102726024998534
548,5.48,-1.1656523740977287,-0.13068300099764718
549,5.49,-1.1637160026649582,-0.12898986205722415
550,5.5,-1.1662044205717519,-0.12697081742418648
551,5.51,-1.1644977898579383,-0.1263720819490985
552,5.5200000000000005,-1.1575557373212213,-0.12582958360496954
553,5.53,-1.1563891257170553,-0.12446827092459782
554,5.54,-1.1593464927515784,-0.12289470742811251
555,5.55,-1.1580420891200536,-0.12309943502051764
556,5.5600000000000005,-1.1499548487217204,-0.12149899442081984
557,5.57,-1.1606124090865229,-0.11956140777210644
558,5.58,-1.1526310494068046,-0.11911489701496022
559,5.59,-1.1536023846230616,-0.11719292882857935
560,5.6000000000000005,-1.150169904943794,-0.1163678828134148
561,5.61,-1.147573610750675,-0.11533985750758603
562,5.62,-1.148907543250952,-0.11458078205384753
563,5.63,-1.1501378751994962,-0.11252598454041647
564,5.64,-1.1543249330625955,-0.11112348592327215
565,5.65,-1.1474093248789603,-0.11041080717815663
566,5.66,-1.1445406123292516,-0.1092431983867924
567,5.67,-1.1474872646766743,-0.10849163278963277
568,5.68,-1.1426696762885002,-0.10678377703839272
569,5.69,-1.1519392675765463,-0.10600323776319082
570,5.7,-1.1425654143692439,-0.10447306682797448
571,5.71,-1.1440536651053916,-0.10336946959019758
572,5.72,-1.1353681305265533,-0.1030146966443945
573,5.73,-1.1395196538223917,-0.10166298565607719
574,5.74,-1.1372259991026024,-0.09991265671429024
575,5.75,-1.140903799304015,-0.09984676163938745
576,5.76,-1.1390357732585967,-0.0977097575865899
577,5.7700000000000005,-1.1335886123889973,-0.0970772791800378
578,5.78,-1.1313411601935917,-0.09575153223747224
579,5.79,-1.1292555377666333,-0.09497979354768013
580,5.8,-1.1301587771214512,-0.09290889761870855
581,5.8100000000000005,-1.1248379020629946,-0.09259590491629739
582,5.82,-1.1255949628399122,-0.09120520586203533
583,5.83,-1.1286421924637169,-0.08972875568342342
584,5.84,-1.1264585895343247,-0.08901793928974873
585,5.8500000000000005,-1.120283508779786,-0.0879397997846132
586,5.86,-1.1312104232659037,-0.08697582805596446
587,5.87,-1.1275003359242997,-0.08542590727085744
588,5.88,-1.115738508561998,-0.08446623503056046
589,5.89,-1.1196816072277898,-0.08290007283232753
590,5.9,-1.117889975618926,-0.08285483899586436
591,5.91,-1.1196289943375988,-0.08103841335802808
592,5.92,-1.117966246951202,-0.07928997436733586
593,5.93,-1.1109948369425116,-0.0795398064534825
594,5.94,-1.1143094870675543,-0.07780731067804267
595,5.95,-1.1080240662405554,-0.07639906005690834
596,5.96,-1.1135062126320223,-0.07540081612336612
597,5.97,-1.1119515551703785,-0.07412564823054624
598,5.98,-1.106259126434168,-0.07360740746512798
599,5.99,-1.108571276272509,-0.0719175390940643
600,6.0,-1.1068122301916237,-0.070218802138608
601,6.01,-1.1012634276662363,-0.06992586009889683
602,6.0200000000000005,-1.1075001957123338,-0.06800229533642828
603,6.03,-1.0994154267486325,-0.06682656226209764
604,6.04,-1.102555346362863,-0.06686036604083516
605,6.05,-1.1038162781947443,-0.0662457724036694
606,6.0600000000000005,-1.0983513517511159,-0.06391749921186723
607,6.07,-1.0950357363022272,-0.06346960670751449
608,6.08,-1.0967680123292138,-0.06235232904306755
609,6.09,-1.0987870283043197,-0.06163637076801043
610,6.1000000000000005,-1.0954844683151326,-0.05974168931751876
611,6.11,-1.091923531180144,-0.058688138252956254
612,6.12,-1.0902597126406974,-0.05760640150525807
613,6.13,-1.0890480907895497,-0.0561158051882681
614,6.140000000000001,-1.0881256850571113,-0.05592071545478039
615,6.15,-1.0884097704910607,-0.05446221206008316
616,6.16,-1.090560990752797,-0.053277965007469105
617,6.17,-1.0854989699616109,-0.05246564453348215
618,6.18,-1.084897197534769,-0.051523259467811375
619,6.19,-1.0835793433794452,-0.05100790249874602
620,6.2,-1.0817757312890448,-0.04818416670111983
621,6.21,-1.082567315964272,-0.047523788888207755
622,6.22,-1.0779060081572542,-0.047517946910176356
623,6.23,-1.084765500696375,-0.045942575862024236
624,6.24,-1.0781229252556106,-0.04556214451979827
625,6.25,-1.0726534219351072,-0.043357858561525145
626,6.26,-1.0752683918188872,-0.04290094163083714
627,6.2700000000000005,-1.0789243761075886,-0.040999055830096165
628,6.28,-1.0699855803065763,-0.041146356249620056
629,6.29,-1.0720114797832554,-0.038959199561535506
630,6.3,-1.069172202560708,-0.03861652819878827
631,6.3100000000000005,-1.0659424732812313,-0.03723056129101846
632,6.32,-1.067189344648243,-0.036722143553182075
633,6.33,-1.0642291213284474,-0.03594333807913574
634,6.34,-1.0636538752757327,-0.033898315705601555
635,6.3500000000000005,-1.0610109720683807,-0.03329165441875894
636,6.36,-1.0647804231585418,-0.032024014184034076
637,6.37,-1.0620505714561985,-0.031160247847214155
638,6.38,-1.0557546151401345,-0.029675168627798502
639,6.390000000000001,-1.0545276789536004,-0.02871383918303394
640,6.4,-1.0486173870721065,-0.027410788635579275
641,6.41,-1.0530277273850908,-0.026707322149309782
642,6.42,-1.0568641299374524,-0.025586863404905787
643,6.43,-1.0575446450744372,-0.024751954080025177
644,6.44,-1.053057385795391,-0.022938727785184555
645,6.45,-1.0493039892317533,-0.023209562201081557
646,6.46,-1.0492630885020715,-0.020630580816425163
647,6.47,-1.04502634907789,-0.019748690860640513
648,6.48,-1.0454202422137044,-0.01923958345378899
649,6.49,-1.0432559984620575,-0.0183399801231843
650,6.5,-1.0418046809169197,-0.017546804422334136
651,6.51,-1.0420841107315177,-0.01587519222401208
652,6.5200000000000005,-1.0425960397000913,-0.014724836687905541
653,6.53,-1.0375930704899667,-0.01404708532899291
654,6.54,-1.042315697329439,-0.01309567667365028
655,6.55,-1.037598765937675,-0.012432700005446514
656,6.5600000000000005,-1.0349141146268284,-0.010854889606760676
657,6.57,-1.0291374084970835,-0.009974868036179772
658,6.58,-1.0311406300012096,-0.008958787009169864
659,6.59,-1.0306681215191755,-0.007707569733502311
660,6.6000000000000005,-1.0308826396189268,-0.0072644802448958755
661,6.61,-1.0301899689292247,-0.006437198130571826
662,6.62,-1.0249182903790504,-0.005339301830756224
663,6.63,-1.0269892973760455,-0.003862078411454566
664,6.640000000000001,-1.023959741944524,-0.002324503902672034
665,6.65,-1.0242474093564236,-0.0017171810942128722
666,6.66,-1.0195354126728426,-0.0007266614801560478
667,6.67,-1.0254163024329872,-0.0004021081205729678
668,6.68,-1.0179420520082836,0.0014596810590611338
669,6.69,-1.0143038140766387,0.0025377538235286518
670,6.7,-1.0245403762853211,0.003114077221656316
671,6.71,-1.012149510155403,0.004674315213299135
672,6.72,-1.0123388251053045,0.0049909997251457216
673,6.73,-1.0109119961382969,0.006091360524804351
674,6.74,-1.013677991528176,0.007714304373445853
675,6.75,-1.0071917544930782,0.008482973241976428
676,6.76,-1.0081940009660073,0.009450307038829129
677,6.7700000000000005,-1.001137807209489,0.01058517014002295
678,6.78,-1.0041376961031385,0.01148745615464686
679,6.79,-1.0052836193689605,0.012122042966775286
680,6.8,-0.9979314339360544,0.012910800901475316
681,6.8100000000000005,-0.9987897822370128,0.013788164640645575
682,6.82,-1.0008802486138526,0.015197186581743832
683,6.83,-1.0005833514238294,0.01663296894999961
684,6.84,-0.9907218933970071,0.017216802533139924
685,6.8500000000000005,-0.9972484999189419,0.01820624558498929
686,6.86,-0.9910415507533206,0.019270505083335072
687,6.87,-0.993348499831798,0.019863303836287143
688,6.88,-0.9898923281431035,0.022227147593364832
689,6.890000000000001,-0.9844484716635059,0.021790577289563306
690,6.9,-0.9834699227669352,0.023695575637741252
691,6.91,-0.9826587480053244,0.02390983830471311
692,6.92,-0.9817636367657614,0.02448958328318656
693,6.93,-0.9810671210537415,0.025959768450003154
694,6.94,-0.9792709748794816,0.02781817326968448
695,6.95,-0.9809715263364133,0.02855212056514622
696,6.96,-0.9750433086238695,0.02930770063605478
697,6.97,-0.9749914218689668,0.03048861889467928
698,6.98,-0.9745545757726288,0.030539373275787974
699,6.99,-0.972456387106551,0.032244661388474184
700,7.0,-0.9726254896561266,0.03304557556816357
701,7.01,-0.9800957724797087,0.03412606034330891
702,7.0200000000000005,-0.9705611384190534,0.0350448237602729
703,7.03,-0.9661976391841338,0.035970713287287494
704,7.04,-0.9697518484703612,0.036398407527372036
705,7.05,-0.9673908911983553,0.037792509237793634
706,7.0600000000000005,-0.9653523286607507,0.03880050763320923
707,7.07,-0.9625551646546412,0.03947522808400676
708,7.08,-0.961906372710688,0.039958774996214814
709,7.09,-0.9572269001008765,0.041852048166782105
710,7.1000000000000005,-0.960026961784314,0.043212981569474784
711,7.11,-0.9530420735859748,0.04387925983080344
712,7.12,-0.9527639254383313,0.04502909465156526
713,7.13,-0.9518905563243755,0.04590341946030543
714,7.140000000000001,-0.9535579955227081,0.04632148208141429
715,7.15,-0.9484792507849856,0.04720127622697232
716,7.16,-0.9505002714349787,0.048584952879289586
717,7.17,-0.9462062217835271,0.04948255032520744
718,7.18,-0.9457978270895585,0.0506687746411806
719,7.19,-0.9378084787951805,0.05081170874581251
720,7.2,-0.9397654105100907,0.05222497094984256
721,7.21,-0.9406527249379645,0.05340288710628751
722,7.22,-0.937213478311573,0.054655444837226126
723,7.23,-0.9368379567130811,0.05458038622923414
724,7.24,-0.9331540764203881,0.05551089001314825
725,7.25,-0.9267139775700229,0.05703007506195758
726,7.26,-0.9327189771894896,0.05839784121269298
727,7.2700000000000005,-0.9246924559947365,0.058783491651919574
728,7.28,-0.92664298320651,0.059161504138192565
729,7.29,-0.9273629284086654,0.06138736125039163
730,7.3,-0.9235146818350785,0.06172648544570247
731,7.3100000000000005,-0.9197424442687456,0.06163682333313599
732,7.32,-0.9203138189149055,0.06260207058142464
733,7.33,-0.921902998308056,0.0643812017544489
734,7.34,-0.9183916071945109,0.06494491879052904
735,7.3500000000000005,-0.9172827125327815,0.06613513727966737
736,7.36,-0.9166067888219718,0.06773199194695405
737,7.37,-0.9132104711683731,0.06869767878845524
738,7.38,-0.9034782937859162,0.06867639629160473
739,7.390000000000001,-0.9089786713625666,0.07008256643101113
740,7.4,-0.9074982301319404,0.07147232850958431
741,7.41,-0.9080979448850258,0.07207504977291856
742,7.42,-0.9001275207511912,0.07272377934811375
743,7.43,-0.9028176754818327,0.07296063470154285
744,7.44,-0.8996129785629975,0.07475077692919314
745,7.45,-0.898994358656739,0.07482320255675919
746,7.46,-0.8983087013292931,0.07678465536098143
747,7.47,-0.8993924879827183,0.07660181232172425
748,7.48,-0.8872937045753065,0.07837861156789991
749,7.49,-0.891199224348483,0.0791724670606176
750,7.5,-0.8872714220751383,0.07967727519403825
751,7.51,-0.886544631823292,0.08037323948812898
752,7.5200000000000005,-0.8845543926925056,0.08169867551115645
753,7.53,-0.8849975227621856,0.08203777054173375
754,7.54,-0.8825040752526133,0.08288038941883319
755,7.55,-0.8840924836543221,0.08474477668386085
756,7.5600000000000005,-0.8850734817825694,0.08557076959288351
757,7.57,-0.8746328690315203,0.08590220504752259
758,7.58,-0.8773125510013724,0.08671880298720286
759,7.59,-0.8742820046291319,0.0875458951023243
760,7.6000000000000005,-0.8748102097344772,0.08892104481485848
761,7.61,-0.8732740197564871,0.08992668145183767
762,7.62,-0.8622348449133795,0.08998304693230966
763,7.63,-0.8635373630420922,0.09127258288231087
764,7.640000000000001,-0.8615346547350401,0.09198698263379387
765,7.65,-0.8655892068518687,0.09306319033477185
766,7.66,-0.8627486100347087,0.09392209007813282
767,7.67,-0.8587997845385663,0.09397094838021305
768,7.68,-0.8583580436245632,0.0953771976731235
769,7.69,-0.8554203437054423,0.09551379834429231
770,7.7,-0.855261187504775,0.0963399196932184
771,7.71,-0.8466585598879163,0.09780846053453235
772,7.72,-0.8527905825678861,0.09873742848125962
773,7.73,-0.8462189071620769,0.09931855125495588
774,7.74,-0.8399185262790015,0.10094405097304136
775,7.75,-0.8396896312661296,0.10073819815463049
776,7.76,-0.8397503224487266,0.10221565565413936
777,7.7700000000000005,-0.8474860411375579,0.10331738044811485
778,7.78,-0.8369000242972174,0.10439300514886214
779,7.79,-0.8343919838986451,0.10419739928072475
780,7.8,-0.8314822447207845,0.10547826971308898
781,7.8100000000000005,-0.8312310647922834,0.10618620413418005
782,7.82,-0.8239819885458931,0.1071102646711699
783,7.83,-0.8250305056584183,0.10810978119630733
784,7.84,-0.8262367433841057,0.1090909073481114
785,7.8500000000000005,-0.8238568044346788,0.11012266538739598
786,7.86,-0.8194331091795002,0.11103835233634612
787,7.87,-0.8205405753608874,0.11128686979787158
788,7.88,-0.8151009296465683,0.11221303987410836
789,7.890000000000001,-0.8124593149352183,0.11297054933713699
790,7.9,-0.8139767466493021,0.1139087175834877
791,7.91,-0.8102217212004805,0.11463657504181543
792,7.92,-0.8092079626460534,0.11557009895613846
793,7.930000000000001,-0.8064152449648966,0.11697410485267642
794,7.94,-0.7941291126405313,0.11689536190849646
795,7.95,-0.800352077673578,0.11775924727989008
796,7.96,-0.7973431143986417,0.11871179533898203
797,7.97,-0.7953419370715695,0.11914246169257403
798,7.98,-0.7909187175680932,0.1202054478441888
799,7.99,-0.7943936599207425,0.12164225433548713
800,8.0,-0.7863350853704955,0.12224278624608526
801,8.01,-0.789836979420967,0.1222800663386693
802,8.02,-0.7852372090344103,0.1239906520642184
803,8.03,-0.7835678222943789,0.12473481746013129
804,8.040000000000001,-0.7747912197064474,0.12497704439592444
805,8.05,-0.777542576592597,0.12586614406115854
806,8.06,-0.7778773317179113,0.12693023848111984
807,8.07,-0.7696317255607616,0.12716122741907487
808,8.08,-0.7723498309870053,0.12834686105502846
809,8.09,-0.7732020639057671,0.12872075806086308
810,8.1,-0.7670244632047024,0.1297797938508278
811,8.11,-0.7644208640666165,0.1305462344255653
812,8.120000000000001,-0.7567257039144846,0.1307531175936228
813,8.13,-0.7585031001459749,0.13246504799592623
814,8.14,-0.7532091849077549,0.13204542014922258
815,8.15,-0.7501718720047306,0.1336679090754038
816,8.16,-0.7478618330351237,0.13478568701636082
817,8.17,-0.7482757693912412,0.13528501578270338
818,8.18,-0.7473216123302885,0.1353611882720781
819,8.19,-0.7439882662966739,0.13675644084699654
820,8.2,-0.7427230665308,0.13703095256633574
821,8.21,-0.7441635351066416,0.13776885653425067
822,8.22,-0.7375619581506603,0.13860555851607595
823,8.23,-0.7307514606658071,0.13992735993668776
824,8.24,-0.7362442866214607,0.14054257357704958
825,8.25,-0.7250576280378799,0.14037714065195636
826,8.26,-0.718687928826069,0.14067213685316374
827,8.27,-0.7289063032120899,0.14251320958762556
828,8.28,-0.7192418117707137,0.1429590368637329
829,8.290000000000001,-0.7167178556617584,0.14353969327365795
830,8.3,-0.7174878894344464,0.1447628539989686
831,8.31,-0.7117498853791709,0.1447750735103075
832,8.32,-0.7113151543050122,0.14623413359975768
833,8.33,-0.7119970038060882,0.14649893965631833
834,8.34,-0.7040723498607713,0.1464895480308595
835,8.35,-0.6994440991296677,0.14791372011744194
836,8.36,-0.695720373553926,0.14861982008669372
837,8.370000000000001,-0.6947386984336859,0.1493871819045221
838,8.38,-0.6873307671206526,0.1494515028738686
839,8.39,-0.6859136325588527,0.1502056549926103
840,8.4,-0.6857701557133941,0.15126239071808975
841,8.41,-0.6889403330363034,0.15262300735581974
842,8.42,-0.6794236201236171,0.15282522459969874
843,8.43,-0.6755048969436492,0.15268066584144732
844,8.44,-0.6769761437261783,0.15401559321227742
845,8.45,-0.667536930751858,0.15527083469492312
846,8.46,-0.6700570269788235,0.15542985199682033
847,8.47,-0.6638910370109107,0.15655599214286262
848,8.48,-0.6648470227559177,0.15686545383192732
849,8.49,-0.6556327257266719,0.15766129364811993
850,8.5,-0.6535283997322405,0.15800032043301168
851,8.51,-0.6524282449842631,0.15938762656896124
852,8.52,-0.6452440405253869,0.15977038183282402
853,8.53,-0.6437682172752792,0.1606049811660198
854,8.540000000000001,-0.6373912457891153,0.16091300500914943
855,8.55,-0.6344187409212187,0.1616614347228059
856,8.56,-0.6314273892514074,0.16161562764695328
857,8.57,-0.6279273434499203,0.16232235239327655
858,8.58,-0.6294995079174872,0.163676128836257
859,8.59,-0.6220516708683166,0.16375866626968344
860,8.6,-0.6162036791385304,0.16424008032115603
861,8.61,-0.616966092355675,0.16525827285322547
862,8.620000000000001,-0.6078966453790156,0.16588434157903556
863,8.63,-0.6013595122750164,0.1667470444611251
864,8.64,-0.6018688516170553,0.16666802354592933
865,8.65,-0.6025181871440635,0.16723801268874167
866,8.66,-0.5930370337182187,0.1675999540230795
867,8.67,-0.588217459576239,0.16914679816030692
868,8.68,-0.5894168588595682,0.16945634781694277
869,8.69,-0.5843267196929718,0.1697564839223864
870,8.700000000000001,-0.5810287051051145,0.17036919644938503
871,8.71,-0.5775273496794268,0.17093733964466426
872,8.72,-0.5689236313159666,0.1722224057106425
873,8.73,-0.5636409641623273,0.1724458904589079
874,8.74,-0.5666635977447422,0.1731689650283548
875,8.75,-0.5570739881385489,0.17325761811330567
876,8.76,-0.5512888874505021,0.1735135244321426
877,8.77,-0.5500747692555795,0.17389640692310954
878,8.78,-0.5425715945659386,0.17486155178161752
879,8.790000000000001,-0.5390044816391604,0.17575077234115458
880,8.8,-0.5360327483315069,0.17549892494133526
881,8.81,-0.5255452788959387,0.17663553781029034
882,8.82,-0.5242000716690451,0.1774984790098641
883,8.83,-0.5198012339147351,0.17786817946626915
884,8.84,-0.516823984180333,0.1778710170133044
885,8.85,-0.5106751561173751,0.17888253897601103
886,8.86,-0.5030498212273826,0.17994900626431398
887,8.870000000000001,-0.49726561061930624,0.18080634650764774
888,8.88,-0.49559217318180854,0.17998598611019176
889,8.89,-0.4899227610276166,0.18023617485169557
890,8.9,-0.4846155818452872,0.1821687373984821
891,8.91,-0.47081640160106436,0.18225553868058877
892,8.92,-0.4722623037062272,0.1823955584772554
893,8.93,-0.4628738410362323,0.1826421407418222
894,8.94,-0.45623244836095284,0.1824825970610944
895,8.950000000000001,-0.4537695632733328,0.1834946066329472
896,8.96,-0.44315900103409933,0.18471197615517992
897,8.97,-0.43909039689733964,0.1847071719984938
898,8.98,-0.4401914666095465,0.18462067124528286
899,8.99,-0.4309806072823114,0.18552140750304894
900,9.0,-0.41719494039103705,0.1848804250302886
901,9.01,-0.41516794901009624,0.18627313997988912
902,9.02,-0.4024777667750631,0.18679666178568444
903,9.03,-0.39600678819488916,0.18708881464364605
904,9.040000000000001,-0.39416350817561563,0.18689754441400364
905,9.05,-0.37836912605205547,0.18796996691051024
906,9.06,-0.37582537272454525,0.18847474733681635
907,9.07,-0.3672778239541601,0.18804183876101516
908,9.08,-0.3579754815218688,0.1888978874972109
909,9.09,-0.3421814319633699,0.18894797534984598
910,9.1,-0.3407142982581329,0.18955255974726196
911,9.11,-0.33137270168941646,0.19050808887635984
912,9.120000000000001,-0.3256206657125849,0.18976263634451354
913,9.13,-0.31708141235767223,0.19081266494053978
914,9.14,-0.30454606964646774,0.19068973676107095
915,9.15,-0.29266438619584045,0.1909308492338057
916,9.16,-0.2845770507396322,0.1907629164001238
917,9.17,-0.2699378398360688,0.1918836523322725
918,9.18,-0.26109399817422346,0.19147085898825097
919,9.19,-0.24743647051197384,0.19202270787482537
920,9.200000000000001,-0.2326553615695982,0.19224710005974677
921,9.21,-0.22665122054556644,0.19272883731140927
922,9.22,-0.21352242553806072,0.19303602795768984
923,9.23,-0.19889728862915937,0.19317502756241842
924,9.24,-0.18640220171913288,0.19388951731111734
925,9.25,-0.17530838759032458,0.1936619152603424
926,9.26,-0.15884440363540409,0.19385151471480497
927,9.27,-0.1476349592139609,0.1934541603624017
928,9.28,-0.13048205055225465,0.19433959930387737
929,9.290000000000001,-0.11406199269032558,0.19360574966505287
930,9.3,-0.09719469258525941,0.1934432432979273
931,9.31,-0.08398544609012176,0.19416204212179516
932,9.32,-0.06593837132500069,0.19444354916968334
933,9.33,-0.04621110372496221,0.19411312194225125
934,9.34,-0.031286986790258986,0.19352820921234237
935,9.35,-0.008573555643939343,0.19512221070279653
936,9.36,0.0074416183677980295,0.19515676278384209
937,9.370000000000001,0.024622355790637922,0.19439471860719895
938,9.38,0.047381338794516385,0.19355768027072276
939,9.39,0.0707205451443922,0.19443338318761205
940,9.4,0.09015523096823526,0.1943938941573015
941,9.41,0.11205564410424798,0.19342064904818954
942,9.42,0.1392369995523999,0.1944280614718404
943,9.43,0.16175089533588757,0.1937967226442373
944,9.44,0.18670438657659044,0.19370065260198566
945,9.450000000000001,0.21467236256087222,0.1940123150812972
946,9.46,0.24044740093118797,0.19326770159175244
947,9.47,0.26892754572677324,0.1923171381359291
948,9.48,0.2949775792283318,0.19276065177351104
949,9.49,0.32228695221424913,0.19251685808822677
950,9.5,0.34764838568776807,0.1914808272255547
951,9.51,0.3774196924279389,0.19183910743139093
952,9.52,0.41685731340624743,0.19169420495288514
953,9.53,0.44338937064571815,0.19060594660983213
954,9.540000000000001,0.4744839620882988,0.19048094054959755
955,9.55,0.5113015634255149,0.1893738739554623
956,9.56,0.5368616191046585,0.1898496896683036
957,9.57,0.574251872747696,0.1897205271724095
958,9.58,0.5995732891396779,0.18820842060737866
959,9.59,0.6299974970433412,0.18763136142161949
960,9.6,0.6653800312766643,0.18622626274918663
961,9.61,0.699701404583781,0.18633529058694728
962,9.620000000000001,0.7232844417900334,0.18544594832410083
963,9.63,0.7551279294460567,0.18483750212723662
964,9.64,0.7784438762939283,0.18342887827521548
965,9.65,0.8054908189317332,0.18281831132501467
966,9.66,0.8382411545959128,0.1819997151652396
967,9.67,0.8619868490392942,0.18161457813269125
968,9.68,0.8894223457243288,0.18101782014179055
969,9.69,0.9134314868473271,0.18003742751307114
970,9.700000000000001,0.9344099800100225,0.17939848186363141
971,9.71,0.9591206243389164,0.17780458700312002
972,9.72,0.9742049834605242,0.17700958941808237
973,9.73,0.9943829093663229,0.17574710296882123
974,9.74,1.015566488273882,0.17522782663246847
975,9.75,1.0285902436655792,0.17450898994767297
976,9.76,1.0461061809346324,0.17297630343228215
977,9.77,1.0598876758060682,0.17250906753349024
978,9.78,1.0737770291040125,0.1713203271880106
979,9.790000000000001,1.0783747686081762,0.1696305069697669
980,9.8,1.0884252143868391,0.16912820315708468
981,9.81,1.1029093785832995,0.16748734680651986
982,9.82,1.1151034968698128,0.166667800510659
983,9.83,1.1218123632170367,0.16522711264450146
984,9.84,1.1221345055670202,0.16387602426397518
985,9.85,1.1281155174599458,0.162419757150599
986,9.86,1.1335442288240605,0.16169164612130302
987,9.870000000000001,1.1471592313310628,0.16087626519273368
988,9.88,1.1490119344686542,0.1599061494520994
989,9.89,1.1431912734093954,0.1583217649057208
990,9.9,1.1547671344548034,0.1578436268649681
991,9.91,1.1573918658502274,0.15627831827722913
992,9.92,1.163743607020058,0.1546937954816099
993,9.93,1.158946974232724,0.15379772353210694
994,9.94,1.163094813143704,0.1534719910143988
995,9.950000000000001,1.1652123591947146,0.1516610701442051
996,9.96,1.16933842609497,0.15059401803363204
997,9.97,1.16711116888555,0.15017918129062793
998,9.98,1.1628003965316096,0.14842265739971952
999,9.99,1.167749376318632,0.14796245828215063
1000,10.0,1.1708156901817797,0.14600493333537876
1001,10.01,1.1714213494807024,0.14474189558398157
1002,10.02,1.1721525446386856,0.14409250882107405
1003,10.03,1.1699378712010455,0.1422311369084463
1004,10.040000000000001,1.1695066480951832,0.14087114090194724
1005,10.05,1.1718640293666602,0.1398324761480725
1006,10.06,1.166368709755718,0.13848593091045674
1007,10.07,1.1687943084628967,0.13795076269595682
1008,10.08,1.167247133623712,0.13586356151067194
1009,10.09,1.169728805576395,0.13574589724788597
1010,10.1,1.1688607569667229,0.13433883952213704
1011,10.11,1.164299653964474,0.13249460307414307
1012,10.120000000000001,1.1650787743457074,0.13212342966670867
1013,10.13,1.1707367144204224,0.13022663662273587
1014,10.14,1.1626410021201994,0.12982295339997124
1015,10.15,1.164629618815338,0.12818914552390345
1016,10.16,1.1584299195859524,0.12670816957581804
1017,10.17,1.1623864501896175,0.12572052587550347
1018,10.18,1.1607872161004482,0.12445369068338659
1019,10.19,1.1586587288551313,0.12390944362208658
1020,10.200000000000001,1.1655396241180442,0.12248720775754168
1021,10.21,1.1522560827944415,0.12141338444829058
1022,10.22,1.1554670662841415,0.12045016813998415
1023,10.23,1.1540327447249363,0.11868399311378655
1024,10.24,1.1516487139879212,0.11736143044096572
1025,10.25,1.1552021510176984,0.11702451963721176
1026,10.26,1.1535607480470393,0.11507801226605996
1027,10.27,1.1536265301204212,0.11442842249663632
1028,10.28,1.1542738209558954,0.1127841381365504
1029,10.290000000000001,1.148516733939695,0.11209194697781573
1030,10.3,1.149615004028438,0.1108709785632602
1031,10.31,1.1494006937613839,0.10919446917716359
1032,10.32,1.1410127846852813,0.10968814707323479
1033,10.33,1.1477047397831677,0.10786585130119787
1034,10.34,1.143649284162028,0.10631356087581721
1035,10.35,1.1375276652875557,0.10542419236633778
1036,10.36,1.141155459618525,0.10394208815221376
1037,10.370000000000001,1.1420768982506406,0.10282696403516307
1038,10.38,1.1371537481191665,0.10148887952011526
1039,10.39,1.1414047024485823,0.1004444937122294
1040,10.4,1.139924759940818,0.09871292173675797
1041,10.41,1.1324706840595826,0.09840646216358896
1042,10.42,1.130718664107955,0.09715021768843507
1043,10.43,1.1302219639118607,0.09634381002291012
1044,10.44,1.132635204450064,0.09546665748547006
1045,10.450000000000001,1.131487305005759,0.09367574841604283
1046,10.46,1.1318896306156967,0.09267933856759934
1047,10.47,1.129489286344556,0.09215460269394349
1048,10.48,1.1257829433702398,0.09032656272353444
1049,10.49,1.128585711997861,0.08980899015720634
1050,10.5,1.1272275629825943,0.08825434344697079
1051,10.51,1.1247632400349288,0.08690767264176574
1052,10.52,1.121935857218749,0.08630227287592154
1053,10.53,1.1217069118584615,0.08467283004833207
1054,10.540000000000001,1.1267690432395943,0.08321820410496704
1055,10.55,1.1245667657635738,0.08256198218266092
1056,10.56,1.1147700849389328,0.08185399692961969
1057,10.57,1.1209750396087512,0.08005478798184118
1058,10.58,1.11346420906575,0.07923241673322585
1059,10.59,1.1154679857034075,0.07785056369885027
1060,10.6,1.1144041885685152,0.0766914378463989
1061,10.61,1.1104122606079248,0.07553843033448937
1062,10.620000000000001,1.1131261998898392,0.0753208378726301
1063,10.63,1.1128531439832166,0.07375498121981651
1064,10.64,1.1118206166160531,0.07341069670429248
1065,10.65,1.1074170179343459,0.07159500972154514
1066,10.66,1.1077052224299093,0.07052734475550099
1067,10.67,1.105663868089337,0.06870403669458533
1068,10.68,1.1040777446549388,0.06881122169000761
1069,10.69,1.1038043902951786,0.0669626793351738
1070,10.700000000000001,1.1032656961555947,0.06640997157781182
1071,10.71,1.100672193448931,0.06498839172429514
1072,10.72,1.0968028995690395,0.06351202045360868
1073,10.73,1.1004580351067241,0.06245009614263729
1074,10.74,1.0979603571697714,0.061965705054125145
1075,10.75,1.0953996283463932,0.060850918857490596
1076,10.76,1.093448371537574,0.059222593319652336
1077,10.77,1.093551938344701,0.05809840442704399
1078,10.78,1.0912465411046737,0.057203436654262634
1079,10.790000000000001,1.0898336748106958,0.05586587455041192
1080,10.8,1.0905213338554534,0.05448952478702816
1081,10.81,1.0839397929383057,0.054145864504290625
1082,10.82,1.0887007164826683,0.052432799539418526
1083,10.83,1.0850353618083657,0.05156149882254367
1084,10.84,1.0821992282260906,0.05002819953175998
1085,10.85,1.0854276739953936,0.049151840087280525
1086,10.86,1.0810088526840904,0.04842256329324042
1087,10.870000000000001,1.0788702468440905,0.046958180586071
1088,10.88,1.080739904834849,0.04578483040059754
1089,10.89,1.0771088159846534,0.045597689076657684
1090,10.9,1.0776640564665334,0.04434875258303254
1091,10.91,1.0811178309465497,0.04304658676805816
1092,10.92,1.0714155012735211,0.042245463621721546
1093,10.93,1.0729769608314745,0.04045516917030717
1094,10.94,1.0740272010929157,0.039358350961873144
1095,10.950000000000001,1.0705032944376145,0.03834685383142761
1096,10.96,1.066703038654248,0.03749667103201665
1097,10.97,1.0680969734291301,0.036849193424901124
1098,10.98,1.065715774181566,0.035137182668294076
1099,10.99,1.0641882708403345,0.034192391371372165
1100,11.0,1.0591076914826187,0.033691981071922554
1101,11.01,1.0612279929320876,0.03217931093850098
1102,11.02,1.0616391330235384,0.031131610106480617
1103,11.03,1.060345258836912,0.030118665401944883
1104,11.040000000000001,1.0617085278725937,0.028618936924296
1105,11.05,1.0563364867437999,0.028107568530797808
1106,11.06,1.0502495783203538,0.027020699607213098
1107,11.07,1.0563391211020996,0.026006932706692503
1108,11.08,1.0547066899152675,0.024298045587096195
1109,11.09,1.0464252899238295,0.024172220550739212
1110,11.1,1.0498891381513902,0.023382984620356956
1111,11.11,1.0487416056904084,0.022085075871659556
1112,11.120000000000001,1.0486905552948969,0.020214238932169767
1113,11.13,1.0485554561950257,0.01971787094578735
1114,11.14,1.0399683092810479,0.018137899635484497
1115,11.15,1.0426202461695078,0.018329697850942076
1116,11.16,1.042844706194232,0.01664788604965322
1117,11.17,1.042021820020181,0.015375298492075999
1118,11.18,1.0418045883721812,0.014398546288989802
1119,11.19,1.0368538695542868,0.01385709249932215
1120,11.200000000000001,1.0348373909559376,0.012644990375875338
1121,11.21,1.034300837865276,0.011467739081623522
1122,11.22,1.0340314112860771,0.011125720232377716
1123,11.23,1.0338231496516008,0.009730834902628918
1124,11.24,1.0342578801791207,0.008717151344955348
1125,11.25,1.0309691987692158,0.0072147121669522
1126,11.26,1.0228873579671878,0.005956464792635931
1127,11.27,1.0218038251182564,0.004169716648150654
1128,11.28,1.0265203078342369,0.0036282474352170367
1129,11.290000000000001,1.023066237437346,0.0035721113305288857
1130,11.3,1.0232991535732099,0.0020102851219524005
1131,11.31,1.0229482017731628,0.0018056055003800426
1132,11.32,1.0226252575076493,0.0003899512220428871
1133,11.33,1.0162927001464654,-0.0010590511080931261
1134,11.34,1.020360083152186,-0.001805343662265273
1135,11.35,1.0152340541371225,-0.00292770790093993
1136,11.36,1.0157907523516196,-0.0038796926157426705
1137,11.370000000000001,1.0117128985768422,-0.005362938787764104
1138,11.38,1.0127210805994276,-0.005747760403093751
1139,11.39,1.0102874954125098,-0.006347334947553431
1140,11.4,1.0070550971219192,-0.008263808887974823
1141,11.41,1.005255282272822,-0.008838483621054582
1142,11.42,1.0077685751716743,-0.009697101349895655
1143,11.43,1.0027775760088375,-0.011394990884062822
1144,11.44,1.0046626901906084,-0.012022877986503075
1145,11.450000000000001,1.0066811306060308,-0.012584065200551638
1146,11.46,1.000266764841749,-0.014523979420707864
1147,11.47,1.0015796723725665,-0.014889719252071823
1148,11.48,0.9944782207648394,-0.01662054706521078
1149,11.49,0.9911926139011631,-0.01734506883043785
1150,11.5,0.9888509727957371,-0.018265458603300436
1151,11.51,0.9941912684568204,-0.019199032378346442
1152,11.52,0.9896010782352559,-0.02023478415672575
1153,11.53,0.9882254305773391,-0.02121918072312182
1154,11.540000000000001,0.9907890105372718,-0.02289780007954694
1155,11.55,0.9860281771630138,-0.022838195467689833
1156,11.56,0.9871721252637327,-0.024328504631268382
1157,11.57,0.9853392438835843,-0.025265142898273914
1158,11.58,0.9845352379521009,-0.02663389692409906
1159,11.59,0.9808902949387645,-0.02735637108730816
1160,11.6,0.9777666722196768,-0.027948105263339653
1161,11.61,0.9789971334717493,-0.02935944791744291
1162,11.620000000000001,0.9781951200042119,-0.029694133221055158
1163,11.63,0.9732784022424029,-0.03122410479517136
1164,11.64,0.9706315861233256,-0.03183715828350877
1165,11.65,0.9713741617669754,-0.03325222995472312
1166,11.66,0.9739713140858085,-0.03435085312152704
1167,11.67,0.9718860582292957,-0.034674936571153364
1168,11.68,0.9717969764542983,-0.03572890076106681
1169,11.69,0.9634770340649041,-0.03654521427242603
1170,11.700000000000001,0.9624560129033897,-0.037701405686898386
1171,11.71,0.9632701149308446,-0.03862807948842652
1172,11.72,0.9584924607265185,-0.039424039978906845
1173,11.73,0.9551527652385843,-0.040406753101586305
1174,11.74,0.9591052377887576,-0.0417679449280006
1175,11.75,0.956547133424932,-0.04261638870242195
1176,11.76,0.9536517103047254,-0.042936777505196914
1177,11.77,0.9567729688202887,-0.043929164775502814
1178,11.78,0.9503620373802343,-0.04556163017001901
1179,11.790000000000001,0.951787479819856,-0.045852845230315936
1180,11.8,0.9465012986210481,-0.0472982440996951
1181,11.81,0.9498459283593668,-0.047824085158832436
1182,11.82,0.9473257295935401,-0.04941951937487556
1183,11.83,0.9475452494445443,-0.04979388207288144
1184,11.84,0.9405234612589438,-0.05140510611910875
1185,11.85,0.9394260039297193,-0.05206236239926232
1186,11.86,0.9404204347459739,-0.05291927362267308
1187,11.870000000000001,0.936483519690825,-0.053416240270043755
1188,11.88,0.9359605513208126,-0.054594608032012014
1189,11.89,0.9322744650134709,-0.05583861631929174
1190,11.9,0.9351620316434996,-0.05647970086455183
1191,11.91,0.9312717162163575,-0.057135778923600215
1192,11.92,0.9296409353661594,-0.05797007705082517
1193,11.93,0.9260441241773036,-0.059747414207328764
1194,11.94,0.9269369071822682,-0.06021461600629486
1195,11.950000000000001,0.9232924801001544,-0.06122385557497292
1196,11.96,0.924605879402295,-0.06175835533659225
1197,11.97,0.9244349027968685,-0.06326158300253731
1198,11.98,0.9224066833772263,-0.06464480266564737
1199,11.99,0.9193113623701207,-0.06547202311932937
1200,12.0,0.9083773278089992,-0.06640589528082201
1201,12.01,0.9133342863362396,-0.06737501942226048
1202,12.02,0.9117834201163816,-0.06719385693713749
1203,12.030000000000001,0.9143878584543537,-0.06847052953426809
1204,12.040000000000001,0.9117870256424914,-0.06929171883849289
1205,12.05,0.9067613961988998,-0.07018554935484497
1206,12.06,0.9039961728097543,-0.07167692991651747
1207,12.07,0.9026409962904518,-0.07216694360953593
1208,12.08,0.9047457451886987,-0.07336588915529442
1209,12.09,0.895294176956771,-0.0734341038749601
1210,12.1,0.8930661232749263,-0.07454783384733019
1211,12.11,0.9017988429784668,-0.07600818515432016
1212,12.120000000000001,0.8988510990924887,-0.07621740980585366
1213,12.13,0.8956419588773566,-0.07732559131462553
1214,12.14,0.8883364092640057,-0.07784274718137633
1215,12.15,0.8881520640541002,-0.07954683179276507
1216,12.16,0.8882715651910755,-0.08006401153992145
1217,12.17,0.887376662433381,-0.08085087535553319
1218,12.18,0.8830343271875428,-0.08213820068504198
1219,12.19,0.8836287549763129,-0.08275617650866593
1220,12.200000000000001,0.8845161570397159,-0.08399814488937245
1221,12.21,0.8762401063606006,-0.08473474942495095
1222,12.22,0.86886558347653,-0.08571230374266486
1223,12.23,0.8768074362899038,-0.08659163446142322
1224,12.24,0.8704953151280266,-0.08767196496898155
1225,12.25,0.869547374124995,-0.08817938799900464
1226,12.26,0.8759019104233978,-0.08951381714829743
1227,12.27,0.8666759326987611,-0.09059878112650475
1228,12.280000000000001,0.8639334124200415,-0.09075758146974668
1229,12.290000000000001,0.8629791338263525,-0.09129952567397412
1230,12.3,0.8611166251740489,-0.09279101073466996
1231,12.31,0.8632899718064538,-0.09375769306244891
1232,12.32,0.8564674377578885,-0.09462736956919761
1233,12.33,0.8518688362835403,-0.09502631489703796
1234,12.34,0.8550049892603172,-0.09565289933948248
1235,12.35,0.8559345220620368,-0.09762092685652005
1236,12.36,0.8537028566468869,-0.09730977729615362
1237,12.370000000000001,0.8523692064809121,-0.09836783299229426
1238,12.38,0.8468469488780843,-0.0992214589336385
1239,12.39,0.8449334453485273,-0.09986045537124277
1240,12.4,0.8373361884612992,-0.10142793524519578
1241,12.41,0.8349500861076541,-0.1022392187106408
1242,12.42,0.8419208445154375,-0.10265750198318196
1243,12.43,0.8404820501614164,-0.10243826027231275
1244,12.44,0.8366604826152535,-0.10503837596001458
1245,12.450000000000001,0.8351180047128282,-0.10487239081321433
1246,12.46,0.8288018340359379,-0.10661143360702456
1247,12.47,0.8268794832138068,-0.10654855767068969
1248,12.48,0.827296863188518,-0.10804618648569186
1249,12.49,0.8326344796119869,-0.10860426230564113
1250,12.5,0.8236238043485,-0.10960939975444256
1251,12.51,0.8190742924941506,-0.11017962366320899
1252,12.52,0.8181586271126358,-0.11084975499577338
1253,12.530000000000001,0.8207594271806323,-0.11267251735634046
1254,12.540000000000001,0.8147063865713869,-0.11214775999113447
1255,12.55,0.8138832925071829,-0.1137518086521418
1256,12.56,0.8138407366207411,-0.1142065567810367
1257,12.57,0.8038851401744564,-0.1144024429020394
1258,12.58,0.8040859328346532,-0.11595282451528482
1259,12.59,0.8007420678798058,-0.11706163093010204
1260,12.6,0.8045337561073052,-0.1172545850858489
1261,12.61,0.7963626478068322,-0.11868331529226059
1262,12.620000000000001,0.8001205301816162,-0.11984166148199776
1263,12.63,0.7901608256604514,-0.11985746317689158
1264,12.64,0.7919119751044874,-0.12066286543823126
1265,12.65,0.7862285431285516,-0.12193338665752958
1266,12.66,0.790192865408189,-0.1229716508501442
1267,12.67,0.7833269723346337,-0.12315910058440539
1268,12.68,0.7823952024540609,-0.12346601949845337
1269,12.69,0.7836828711130934,-0.12402745467022029
1270,12.700000000000001,0.7789922641893323,-0.1249188683322029
1271,12.71,0.7758697991487132,-0.12560265542032417
1272,12.72,0.7675866427953222,-0.12725746870182122
1273,12.73,0.7725250710443783,-0.12826272971392882
1274,12.74,0.7715606863817825,-0.1285906287516198
1275,12.75,0.7672722311292824,-0.12986480610076961
1276,12.76,0.7675081506079746,-0.12968414497503572
1277,12.77,0.761791924700903,-0.13064204255005554
1278,12.780000000000001,0.7576084589302687,-0.13141229230529108
1279,12.790000000000001,0.7549768028805443,-0.1319429919855555
1280,12.8,0.7577723346201686,-0.13280668048017918
1281,12.81,0.74552614832029,-0.1343649077477515
1282,12.82,0.7482498973262959,-0.13495735197688638
1283,12.83,0.7453603990748241,-0.13567577131494457
1284,12.84,0.7441991860461724,-0.13651552895669142
1285,12.85,0.7420319297147614,-0.13730247268234239
1286,12.86,0.739011443720154,-0.1383734369229141
1287,12.870000000000001,0.7382607441808045,-0.13777049074572742
1288,12.88,0.7340343521375207,-0.1384819325640814
1289,12.89,0.732782971017744,-0.13913619369415287
1290,12.9,0.7337557215210265,-0.1413915805445678
1291,12.91,0.7245129295576335,-0.14174129722104645
1292,12.92,0.7228069994798811,-0.14180673405099117
1293,12.93,0.7146788069595515,-0.14331319454981423
1294,12.94,0.72163137896446,-0.1431013483483294
1295,12.950000000000001,0.7159933304004332,-0.14396302596936794
1296,12.96,0.7093178615499008,-0.14467606751672418
1297,12.97,0.7115626732155697,-0.145844617604782
1298,12.98,0.7112241929513939,-0.1463794741830747
1299,12.99,0.7042470226076961,-0.14680358749007208
1300,13.0,0.7019933227661292,-0.14831622707308995
1301,13.01,0.6982693347963744,-0.14856900527605682
1302,13.02,0.6969564440033793,-0.1488447364228591
1303,13.030000000000001,0.6939268728442077,-0.1496427515061691
1304,13.040000000000001,0.68795806964933,-0.15051324008582792
1305,13.05,0.6875793818395932,-0.15139702670915034
1306,13.06,0.6836866304350661,-0.1511361786941541
1307,13.07,0.6773624629643044,-0.15209748100493392
1308,13.08,0.676633893850767,-0.15333199088476146
1309,13.09,0.6795113275645572,-0.15399925412701038
1310,13.1,0.671568479078589,-0.15455394363257904
1311,13.11,0.6659987508239242,-0.15557989900090743
1312,13.120000000000001,0.6692912631358893,-0.1564915425718632
1313,13.13,0.6625625565687988,-0.15661224217254882
1314,13.14,0.6559984112733561,-0.15695320323844336
1315,13.15,0.6524512011363383,-0.15741972990927355
1316,13.16,0.6522245593847962,-0.1582764934084374
1317,13.17,0.6484049622067902,-0.1593154605785971
1318,13.18,0.6426496921855877,-0.1601776580007595
1319,13.19,0.6414338754569849,-0.16048778862299662
1320,13.200000000000001,0.6430568644830199,-0.16132414339676637
1321,13.21,0.6348708502183827,-0.16204824596984263
1322,13.22,0.6279449598238843,-0.16202296416578046
1323,13.23,0.6302394899743801,-0.16319855267358055
1324,13.24,0.6207063569681291,-0.16375682210482542
1325,13.25,0.6154986501872386,-0.16395627884243605
1326,13.26,0.6171825732282847,-0.16522993258216553
1327,13.27,0.6092823358322345,-0.1650414811782483
1328,13.280000000000001,0.6017686362845398,-0.16608855288906965
1329,13.290000000000001,0.6088491323168777,-0.1668922065809509
1330,13.3,0.6012224970341383,-0.1666512427805047
1331,13.31,0.5996026192041749,-0.16788439892213092
1332,13.32,0.5913768832745007,-0.16851707032985655
1333,13.33,0.5897985218364866,-0.16944418335099667
1334,13.34,0.5829390330222214,-0.16955179826041789
1335,13.35,0.5777566178626986,-0.17046267567529522
1336,13.36,0.5713478385045493,-0.17040927244286022
1337,13.370000000000001,0.5710058413144073,-0.171801056668264
1338,13.38,0.5704372366243371,-0.1718015342752353
1339,13.39,0.56260127278078,-0.17239759379916597
1340,13.4,0.5625813989814933,-0.1733796303241897
1341,13.41,0.5493540843409257,-0.17359281936960047
1342,13.42,0.5519267296239928,-0.17345233666523444
1343,13.43,0.5410683693112622,-0.17434836673595705
1344,13.44,0.5424237056326724,-0.17526370621950274
1345,13.450000000000001,0.5332095025097868,-0.17633371936109088
1346,13.46,0.5246656604561597,-0.1765088617142501
1347,13.47,0.528000919030505,-0.17733299176828424
1348,13.48,0.5175088549907969,-0.1776499972280449
1349,13.49,0.5159986999799743,-0.17782734972780953
1350,13.5,0.5098166038544905,-0.178658511645255
1351,13.51,0.5030637603157662,-0.17920928882850626
1352,13.52,0.5021108312784608,-0.17928297341611843
1353,13.530000000000001,0.49669435379564714,-0.18010281394864752
1354,13.540000000000001,0.48810434329825525,-0.18021536486889364
1355,13.55,0.4827264664094313,-0.1812097138903631
1356,13.56,0.48073692111083793,-0.18212303016523104
1357,13.57,0.47516089036002124,-0.18276701530465764
1358,13.58,0.46841467806102816,-0.18303744113152645
1359,13.59,0.4574104625095908,-0.1826608629539948
1360,13.6,0.45450861642570234,-0.18314079824071317
1361,13.61,0.44552119612952906,-0.18421338983515181
1362,13.620000000000001,0.4439701863036031,-0.18416275710941027
1363,13.63,0.4313790634289947,-0.18497679448828575
1364,13.64,0.42919715124473395,-0.184356352670686
1365,13.65,0.4193264906323116,-0.18581149441413244
1366,13.66,0.4124172837204525,-0.18616670563616505
1367,13.67,0.40538859470213795,-0.18636179464866787
1368,13.68,0.4030859723946296,-0.18669562930216324
1369,13.69,0.3904927677980843,-0.18718753785862205
1370,13.700000000000001,0.38637523070985685,-0.18736551876907864
1371,13.71,0.37464662220412326,-0.18781274960196623
1372,13.72,0.36705883226243896,-0.18827304175224324
1373,13.73,0.35934198730368777,-0.18871715548696688
1374,13.74,0.35083421309889357,-0.1887591027343792
1375,13.75,0.339417003855926,-0.18938279155932347
1376,13.76,0.330750386251624,-0.18985543271332664
1377,13.77,0.3224517265723192,-0.19031603343815012
1378,13.780000000000001,0.31131806188471245,-0.19008393717072647
1379,13.790000000000001,0.3046452107558907,-0.19059664305082308
1380,13.8,0.28871558832318756,-0.1915226588570056
1381,13.81,0.2841932407981509,-0.19116909219835757
1382,13.82,0.2771084181540719,-0.19144388491847428
1383,13.83,0.2619835337149358,-0.19211203283144668
1384,13.84,0.2475943078790361,-0.1915895871775104
1385,13.85,0.24485560051708127,-0.19292005008051644
1386,13.86,0.22707243361648022,-0.1914269703750466
1387,13.870000000000001,0.2177504102753318,-0.19264208096768387
1388,13.88,0.20106490894956403,-0.19237414893069266
1389,13.89,0.19183354891116686,-0.19311983880419248
1390,13.9,0.1751359120583366,-0.19412441603327496
1391,13.91,0.1588596759590195,-0.19343559983220646
1392,13.92,0.14827486733301506,-0.193638011849262
1393,13.93,0.13569994344478103,-0.19377390699553007
1394,13.94,0.125294693648518,-0.1943375549626251
1395,13.950000000000001,0.10247629387748274,-0.19434410180651748
1396,13.96,0.08567145284393704,-0.194014783614257
1397,13.97,0.07659204401706601,-0.19432018388396413
1398,13.98,0.047261175840785714,-0.193732671088678
1399,13.99,0.03377153571663746,-0.1949270099956181
1400,14.0,0.02057852731017812,-0.19419065871984537
1401,14.01,-0.004639518800871547,-0.19444845172146985
1402,14.02,-0.023164964754004813,-0.1943296611614801
1403,14.030000000000001,-0.040995661553951984,-0.1938828113302659
1404,14.040000000000001,-0.06800345292028981,-0.19287833699895512
1405,14.05,-0.08233225245741173,-0.1940141675421204
1406,14.06,-0.10381887340181285,-0.19410869142414497
1407,14.07,-0.12903439652202736,-0.19362869428505206
1408,14.08,-0.15952538562801766,-0.19349577960577918
1409,14.09,-0.18555018320180972,-0.19304259097425044
1410,14.1,-0.2043660347013099,-0.19320050012719736
1411,14.11,-0.22873659950168512,-0.19224870612707282
1412,14.120000000000001,-0.2548378731773113,-0.19210812968976074
1413,14.13,-0.28386823770847214,-0.19275169056785874
1414,14.14,-0.3157376309373238,-0.19254438976914104
1415,14.15,-0.34863474679740997,-0.1921543985376526
1416,14.16,-0.37424767698416117,-0.19161601667806463
1417,14.17,-0.404927285525433,-0.19139476805630137
1418,14.18,-0.434814623584495,-0.19118174735378687
1419,14.19,-0.4670442686642745,-0.19002849427971455
1420,14.200000000000001,-0.5014866342010645,-0.19014298995049483
1421,14.21,-0.5303794640175428,-0.18971893811797763
1422,14.22,-0.5594091906939008,-0.18910899769058997
1423,14.23,-0.5897131293864283,-0.18831488857168036
1424,14.24,-0.626923794412694,-0.18748091194723646
1425,14.25,-0.6560111316606675,-0.18753591673456427
1426,14.26,-0.6804184157689246,-0.18635371782600585
1427,14.27,-0.7120561988319938,-0.1853532726112807
1428,14.280000000000001,-0.7461962880883924,-0.18510509742601566
1429,14.290000000000001,-0.7750058157013329,-0.18413010041281294
1430,14.3,-0.8006560514982737,-0.1842856177242489
1431,14.31,-0.8326939832724826,-0.1830661003013958
1432,14.32,-0.8594315155794133,-0.18171564168549512
1433,14.33,-0.8860577076905753,-0.18084979303903745
1434,14.34,-0.9054010279394319,-0.17974067109898992
1435,14.35,-0.9277766179432084,-0.17896134223729704
1436,14.36,-0.9519272944578667,-0.1783883595419078
1437,14.370000000000001,-0.9742186838256981,-0.17668927607368173
1438,14.38,-0.994034641243826,-0.17589462786624727
1439,14.39,-1.0108835669873764,-0.17541257941064708
1440,14.4,-1.0230641891248313,-0.1740125479240258
1441,14.41,-1.038699368741961,-0.17275123441774312
1442,14.42,-1.0564908618223872,-0.1717773186330436
1443,14.43,-1.0641813085088074,-0.1716983380527858
1444,14.44,-1.0756237097495394,-0.16946330493455738
1445,14.450000000000001,-1.0895748620275534,-0.16934023902281792
1446,14.46,-1.100070198586621,-0.16742053554540848
1447,14.47,-1.1069941203495846,-0.16704518469684124
1448,14.48,-1.1157211715230804,-0.16560945805864596
1449,14.49,-1.1271506618652931,-0.16452218788988346
1450,14.5,-1.1310037212785238,-0.16337762943651873
1451,14.51,-1.1368218887811898,-0.16227916868951428
1452,14.52,-1.146239966693318,-0.16115949293923826
1453,14.530000000000001,-1.1443395601307966,-0.15995554056636904
1454,14.540000000000001,-1.1430221392830402,-0.15895108830807042
1455,14.55,-1.1536690960890215,-0.15723936001344904
1456,14.56,-1.1527565748803432,-0.15667310049094477
1457,14.57,-1.1538986352564053,-0.1549387728389576
1458,14.58,-1.1614378203197553,-0.15406267109484667
1459,14.59,-1.1592133470510382,-0.1530913664445912
1460,14.6,-1.1658335713367938,-0.15161680416672474
1461,14.61,-1.1595884823609406,-0.1503889103410884
1462,14.620000000000001,-1.167661197153255,-0.14929781130785386
1463,14.63,-1.1663899308002164,-0.14873671452502618
1464,14.64,-1.1674461764880255,-0.14745041047668073
1465,14.65,-1.164397104548577,-0.14533328639204793
1466,14.66,-1.1723591569661562,-0.1447382427037869
1467,14.67,-1.171011444103095,-0.14371710653227932
1468,14.68,-1.171043544058371,-0.1422266759645632
1469,14.69,-1.1661007945067015,-0.1415539347490377
1470,14.700000000000001,-1.164500736420374,-0.13956083751839374
1471,14.71,-1.1643679702026084,-0.1391059854831778
1472,14.72,-1.1678221058203888,-0.13791930777436343
1473,14.73,-1.1731562236554927,-0.13708716448763636
1474,14.74,-1.167400591432934,-0.1357826111680416
1475,14.75,-1.1625965161466087,-0.13440547311922393
1476,14.76,-1.1675080644345694,-0.1329397835789664
1477,14.77,-1.1624453503909205,-0.1323014808148928
1478,14.780000000000001,-1.1617588019204477,-0.13121873365179812
1479,14.790000000000001,-1.160989252603531,-0.13019643483689725
1480,14.8,-1.1612635107349158,-0.12842707151826668
1481,14.81,-1.16297622318326,-0.12703753557562547
1482,14.82,-1.1614011682388041,-0.1265153835832823
1483,14.83,-1.161237769600526,-0.12469531859752356
1484,14.84,-1.1619711095838638,-0.12367338995407332
1485,14.85,-1.1588066842039815,-0.12361043453662038
1486,14.86,-1.1619482052709835,-0.12160425264638462
1487,14.870000000000001,-1.1575728332180806,-0.1200828768207893
1488,14.88,-1.15467071546272,-0.11887701345900717
1489,14.89,-1.1531522549281739,-0.11856558353482513
1490,14.9,-1.156434986847985,-0.11743463857490628
1491,14.91,-1.1537837009605496,-0.11598095229313829
1492,14.92,-1.1505841845457465,-0.11471211430766515
1493,14.93,-1.1518171040589213,-0.11333575053242051
1494,14.94,-1.1447449580114581,-0.11150107815709635
1495,14.950000000000001,-1.1479833255409533,-0.11128138895260999
1496,14.96,-1.1447796175013567,-0.11040001680456242
1497,14.97,-1.146193461047405,-0.10878294303680737
1498,14.98,-1.144499492209841,-0.10811768183902115
1499,14.99,-1.1437670498471086,-0.10640609259098593
1500,15.0,-1.1411188529308225,-0.10538935114898405
1501,15.01,-1.140044441231077,-0.1042920894337565
1502,15.02,-1.1428363119428786,-0.1030681892683634
1503,15.030000000000001,-1.1416451660488711,-0.10183314163382969
1504,15.040000000000001,-1.1351418564495528,-0.10071720379293612
1505,15.05,-1.1367889470947232,-0.10034738500677308
1506,15.06,-1.1374964262055025,-0.09831580590362281
1507,15.07,-1.136847338689146,-0.09825100120150246
1508,15.08,-1.1342605013067237,-0.0965425469091255
1509,15.09,-1.1345104263723629,-0.09499270587997634
1510,15.1,-1.1314416201847277,-0.09368681579994521
1511,15.11,-1.1345665892279657,-0.09320700946964577
1512,15.120000000000001,-1.1224323098671662,-0.09230392219018868
1513,15.13,-1.1283485669539737,-0.09077122011131816
1514,15.14,-1.1241606250836338,-0.08964084584605057
1515,15.15,-1.1218640715083785,-0.08887798262562972
1516,15.16,-1.1265923366397088,-0.08674265257509149
1517,15.17,-1.1287395514160943,-0.08642275607436098
1518,15.18,-1.1201351386576124,-0.0847181119197386
1519,15.19,-1.120601027015932,-0.08413478071490957
1520,15.200000000000001,-1.1148061830115739,-0.08315529339614802
1521,15.21,-1.1187846352309487,-0.08155470348779502
1522,15.22,-1.1194036953415736,-0.08021704749146705
1523,15.23,-1.1195564464333387,-0.07882748926389081
1524,15.24,-1.1178627447009748,-0.07853444566989244
1525,15.25,-1.1122495065373645,-0.07696420548129813
1526,15.26,-1.1132110971546212,-0.0756035373003531
1527,15.27,-1.1108260719635898,-0.07509126471116989
1528,15.280000000000001,-1.1129151673394173,-0.073574998275967
1529,15.290000000000001,-1.1124982819725668,-0.07232199041871161
1530,15.3,-1.103732014811845,-0.07125948485088299
1531,15.31,-1.1128030932191584,-0.0706381351206148
1532,15.32,-1.1027801128065022,-0.06998706292334617
1533,15.33,-1.102331376429109,-0.06835871090331946
1534,15.34,-1.1051346447780248,-0.06685753183685546
1535,15.35,-1.1007082980658416,-0.06630840016650427
1536,15.36,-1.0983772126546942,-0.06446992768641988
1537,15.370000000000001,-1.0978491656122729,-0.06401933415307302
1538,15.38,-1.0951957584691216,-0.06282491623834655
1539,15.39,-1.0975817826315122,-0.0617474944965862
1540,15.4,-1.0929937262918321,-0.06085132195396324
1541,15.41,-1.0979008255518745,-0.05974242671800108
1542,15.42,-1.0891752076905787,-0.058704127991006404
1543,15.43,-1.0981082370243405,-0.057766079508374354
1544,15.44,-1.085795149425045,-0.05618222872097181
1545,15.450000000000001,-1.0849023278381156,-0.05508411490097754
1546,15.46,-1.0915659027280549,-0.05426498364566884
1547,15.47,-1.0885548217470709,-0.053550036251071124
1548,15.48,-1.0898071453206934,-0.052577316088379004
1549,15.49,-1.079465050216944,-0.051159918375260134
1550,15.5,-1.0798434226303277,-0.04954030162313546
1551,15.51,-1.0875099130456727,-0.04910391920001743
1552,15.52,-1.0830369022618496,-0.047737297369942644
1553,15.530000000000001,-1.079508245466651,-0.04745549601337301
1554,15.540000000000001,-1.0796055557020363,-0.04603026978720503
1555,15.55,-1.079556247935002,-0.044570318807236074
1556,15.56,-1.0770570532954176,-0.04327503125680855
1557,15.57,-1.075263319487212,-0.04191252736146914
1558,15.58,-1.0752882804186876,-0.04084362939908377
1559,15.59,-1.07203463848744,-0.040029017429844674
1560,15.6,-1.064380103521649,-0.03958587010521142
1561,15.610000000000001,-1.0674242695501839,-0.03728451869717458
1562,15.620000000000001,-1.0668419126098982,-0.03616428859040681
1563,15.63,-1.0644447827603551,-0.035620187342531376
1564,15.64,-1.0687519369466785,-0.034681328972250305
1565,15.65,-1.065964221931968,-0.03360382342016249
1566,15.66,-1.0601593539977854,-0.03236884062564043
1567,15.67,-1.0627173287429614,-0.03149571103887973
1568,15.68,-1.0619401118841751,-0.030707705204133958
1569,15.69,-1.0612288779962724,-0.030036257508387943
1570,15.700000000000001,-1.0536628659195866,-0.028493418988030594
1571,15.71,-1.054938948361678,-0.02785185159041998
1572,15.72,-1.0477766819923684,-0.02601415889841321
1573,15.73,-1.050277435329242,-0.024115404820415166
1574,15.74,-1.0527151451576526,-0.024083338650374455
1575,15.75,-1.050755853219466,-0.023103420853720705
1576,15.76,-1.0462493119350182,-0.022312219391470028
1577,15.77,-1.048133240903051,-0.02154263064917148
1578,15.780000000000001,-1.0455671530693993,-0.020505682227968766
1579,15.790000000000001,-1.0402287512882527,-0.01884651502369854
1580,15.8,-1.0478826860838977,-0.01733020170048601
1581,15.81,-1.0441011558203432,-0.01677123020567137
1582,15.82,-1.045881176731876,-0.015284167546030987
1583,15.83,-1.0402233731385087,-0.01485759033341619
1584,15.84,-1.0381114642763436,-0.013681435815802237
1585,15.85,-1.0338894428113121,-0.012076224637832585
1586,15.860000000000001,-1.0332439270935891,-0.011335895404055572
1587,15.870000000000001,-1.039742140156731,-0.010496451763208889
1588,15.88,-1.0347174326343063,-0.009793647220493584
1589,15.89,-1.0332666156262147,-0.008535488161604375
1590,15.9,-1.0278382288545487,-0.007872387906582314
1591,15.91,-1.0293695729108114,-0.006505268022090484
1592,15.92,-1.028505197498694,-0.005749967808078419
1593,15.93,-1.0288512509929895,-0.004206073413986193
1594,15.94,-1.0283050573699344,-0.00414085500268369
1595,15.950000000000001,-1.0232846143331136,-0.0020522714002550657
1596,15.96,-1.0209109135157814,-0.0013349867393656204
1597,15.97,-1.0194068517391024,-0.00018747154825119312
1598,15.98,-1.0163069475940083,0.00029990666498699365
1599,15.99,-1.017578648758345,0.0015228738284943054
1600,16.0,-1.0185563059847764,0.0029305188717571335
1601,16.01,-1.0162236481011022,0.0038288951294349854
1602,16.02,-1.0151431028997244,0.00459185255213256
1603,16.03,-1.011454642430798,0.006104331467287692
1604,16.04,-1.0139041885206752,0.006899814197345422
1605,16.05,-1.0108120424249867,0.008485405279334286
1606,16.06,-1.0033884027965256,0.009168242652156792
1607,16.07,-1.0012641015191814,0.009618649414703266
1608,16.080000000000002,-1.006584641266838,0.011271851481855619
1609,16.09,-0.9994467723141599,0.01210021365937949
1610,16.1,-1.0043971337566988,0.012511993307499709
1611,16.11,-1.002350435734747,0.01336326769887723
1612,16.12,-0.9997906766961301,0.015025723122011924
1613,16.13,-0.9977944543862037,0.016224505566012914
1614,16.14,-0.997035669032956,0.017168697131592383
1615,16.15,-0.9944888288050373,0.018072912051444453
1616,16.16,-0.9972362280018617,0.01851879838454452
1617,16.17,-0.9956164660949889,0.01990643268391204
1618,16.18,-0.9897499977101621,0.021063656842809253
1619,16.19,-0.9951147064137342,0.021903557111922677
1620,16.2,-0.988606726260194,0.0227001094214685
1621,16.21,-0.9871548538268328,0.02353939575392389
1622,16.22,-0.9855073967160626,0.024936097406434553
1623,16.23,-0.9784354106931951,0.02564704895330278
1624,16.240000000000002,-0.9831398061378627,0.026382934516050924
1625,16.25,-0.9812070960372383,0.028403568046456388
1626,16.26,-0.9773349042056911,0.02965009754306723
1627,16.27,-0.9780418738677606,0.029751570367456605
1628,16.28,-0.9779413456237436,0.0310874339436009
1629,16.29,-0.9705518002544563,0.03145622948337386
1630,16.3,-0.9762566231989124,0.03209537904495412
1631,16.31,-0.9802658707665717,0.03362317614176105
1632,16.32,-0.9703786881157205,0.03492596143423005
1633,16.330000000000002,-0.9703652812953012,0.03566341032017318
1634,16.34,-0.9637340774497362,0.0356818351353002
1635,16.35,-0.9652289397486071,0.037067969411856395
1636,16.36,-0.9659868428981295,0.03869287755962567
1637,16.37,-0.9649894852786327,0.039964847723941564
1638,16.38,-0.9610447485424758,0.04082064605687195
1639,16.39,-0.9589549826661117,0.040770956300192805
1640,16.4,-0.9598688102631984,0.04228116347883605
1641,16.41,-0.9546679411267396,0.0432229090003486
1642,16.42,-0.957949379647596,0.04368902910440577
1643,16.43,-0.9540284556484023,0.04496041706587246
1644,16.44,-0.9504654663960386,0.04603556312838715
1645,16.45,-0.9499375980884539,0.04704136605109473
1646,16.46,-0.9465868539868045,0.047564481646536996
1647,16.47,-0.9430606774808767,0.04909304716893055
1648,16.48,-0.9404643286342141,0.049846646273334703
1649,16.490000000000002,-0.942359077538713,0.05085478636514706
1650,16.5,-0.9461809824549589,0.05192501888327814
1651,16.51,-0.9401935531253531,0.053204565617298555
1652,16.52,-0.9405039119411054,0.05441819125368636
1653,16.53,-0.9317701478734725,0.054661149571534555
1654,16.54,-0.9379737054299326,0.05489963022618436
1655,16.55,-0.933587587781063,0.056592866598417904
1656,16.56,-0.9341794496277838,0.056887703401286585
1657,16.57,-0.9302579567263738,0.058114165463309164
1658,16.580000000000002,-0.9294711911448237,0.05895558562473041
1659,16.59,-0.9318060026320878,0.06023386890902628
1660,16.6,-0.9270478907752963,0.06118978531233291
1661,16.61,-0.9226079951572597,0.06252962526725725
1662,16.62,-0.9219304741611359,0.06356059761264986
1663,16.63,-0.9185506287373618,0.06399592561693378
1664,16.64,-0.9177503733605435,0.06481368485040843
1665,16.65,-0.9210688903315006,0.0656509321643154
1666,16.66,-0.9169500904384374,0.06716164328610345
1667,16.67,-0.9174183698790107,0.06811491678421136
1668,16.68,-0.9129591205697607,0.06786677832646984
1669,16.69,-0.9126401120012748,0.06945829416090414
1670,16.7,-0.9123169311537386,0.0706156262815347
1671,16.71,-0.906153233732754,0.0719609590244424
1672,16.72,-0.9096912789036995,0.07263789540665122
1673,16.73,-0.9000323502169933,0.07317715362447134
1674,16.740000000000002,-0.9002858848579319,0.07413103810656096
1675,16.75,-0.9036205874745405,0.0747644954002777
1676,16.76,-0.8997928628530618,0.07635728023653893
1677,16.77,-0.8933781479203079,0.07703937491185608
1678,16.78,-0.8943347315148714,0.0780499514350263
1679,16.79,-0.8927415052894097,0.0783635346362312
1680,16.8,-0.8953223165776408,0.07874161318847918
1681,16.81,-0.8862016867868716,0.0801245583542612
1682,16.82,-0.8852780093665851,0.08116122216023473
1683,16.830000000000002,-0.8845978117695542,0.08239553678467892
1684,16.84,-0.8784013721635401,0.08335266265692863
1685,16.85,-0.8864349246063579,0.08310720961495004
1686,16.86,-0.8822541482518322,0.0855218470945168
1687,16.87,-0.8778836427126044,0.0852209256162706
1688,16.88,-0.8763523510316703,0.08677038444595839
1689,16.89,-0.8752830751826034,0.08713469349560515
1690,16.9,-0.8742754275017315,0.08747596266254863
1691,16.91,-0.8688065582379773,0.08904870385544461
1692,16.92,-0.8641654507094855,0.09069379692142791
1693,16.93,-0.8692798330273387,0.09100274114336122
1694,16.94,-0.8652041375183603,0.09183480968806687
1695,16.95,-0.8668712500751277,0.09170291177969585
1696,16.96,-0.8605778425131858,0.09269090278873428
1697,16.97,-0.8588609198103112,0.09385334091514963
1698,16.98,-0.8532257508045803,0.09498119276154077
1699,16.990000000000002,-0.8535491595998028,0.09631100938027858
1700,17.0,-0.8554006333136162,0.09646570913183912
1701,17.01,-0.8493952211132605,0.0977382130656306
1702,17.02,-0.8539028978815794,0.09949266664146485
1703,17.03,-0.8478321430690621,0.09966920286003692
1704,17.04,-0.8487273343510783,0.10034845142864848
1705,17.05,-0.8395323954421664,0.1008687397728802
1706,17.06,-0.8449688492906156,0.10211893917511954
1707,17.07,-0.8391063848684852,0.10309718237850052
1708,17.080000000000002,-0.8392662903340962,0.10334113208164686
1709,17.09,-0.8315308546363425,0.104040633469085
1710,17.1,-0.8349969093358905,0.10485612865972072
1711,17.11,-0.8325764334654023,0.10618665502782522
1712,17.12,-0.8322536264459004,0.10635429924538706
1713,17.13,-0.8269533065118291,0.10772231558714118
1714,17.14,-0.8204388547671428,0.10828476999309383
1715,17.150000000000002,-0.8272870431492159,0.1091206492116652
1716,17.16,-0.8217885951437974,0.10996032997741823
1717,17.17,-0.8245471981251449,0.11124574579867241
1718,17.18,-0.815445384523328,0.11208787548585548
1719,17.19,-0.8129183227254108,0.1123883314869841
1720,17.2,-0.8089312561083678,0.11354577592525632
1721,17.21,-0.811047585926169,0.11417927774462568
1722,17.22,-0.8089469094292747,0.11493451612548942
1723,17.23,-0.8073657394494758,0.1160725796480377
1724,17.240000000000002,-0.8057064416754788,0.11637405958739246
1725,17.25,-0.8034494538533132,0.11741197765682859
1726,17.26,-0.7996571286216543,0.11736755107517483
1727,17.27,-0.8001816669570253,0.11840792023327304
1728,17.28,-0.7973069409912278,0.11991996102299572
1729,17.29,-0.7925201903635596,0.12041577515774556
1730,17.3,-0.7947256574385954,0.12150708616985856
1731,17.31,-0.7887249279683053,0.12177686017958687
1732,17.32,-0.7886465729635805,0.12264025797210208
1733,17.330000000000002,-0.7859269737411461,0.1234315631442737
1734,17.34,-0.7851841781553046,0.12481401548189434
1735,17.35,-0.7725733381407671,0.1246750245856037
1736,17.36,-0.7806647047091646,0.1260536001597449
1737,17.37,-0.7741565177116724,0.1274394612527035
1738,17.38,-0.7766376713771684,0.12813111504465577
1739,17.39,-0.7668755181987843,0.1279403822171041
1740,17.400000000000002,-0.7631316420797911,0.1288087865495574
1741,17.41,-0.7665865872756364,0.1302837967239859
1742,17.42,-0.7627644989999679,0.13069921083561278
1743,17.43,-0.7564614960629521,0.1310415582271578
1744,17.44,-0.7541961166483102,0.13225656403134775
1745,17.45,-0.7549483963866923,0.13374591035809497
1746,17.46,-0.7525731903046581,0.13371177113434174
1747,17.47,-0.7488250745230456,0.13480236190003395
1748,17.48,-0.7480191425701573,0.13497572752611847
1749,17.490000000000002,-0.7458582276309031,0.13662540140355206
1750,17.5,-0.743969374773215,0.13689018672741438
1751,17.51,-0.7418031569723325,0.13752274498028175
1752,17.52,-0.7374400789078496,0.13806131646695258
1753,17.53,-0.7322532774700331,0.13936862689799856
1754,17.54,-0.7332321567200855,0.1396678941463769
1755,17.55,-0.7273026368339158,0.14048279995285132
1756,17.56,-0.7252583196986704,0.14111736609430633
1757,17.57,-0.7233296343454089,0.14164574444054906
1758,17.580000000000002,-0.7203599162739501,0.14240376886102857
1759,17.59,-0.7148311384061994,0.14316982872708134
1760,17.6,-0.7198206307278707,0.14448251749824917
1761,17.61,-0.7140684686795924,0.14424716683342548
1762,17.62,-0.7167779579448622,0.14587039423246767
1763,17.63,-0.7095941644741103,0.14562248161136987
1764,17.64,-0.7060573250933478,0.147107598393091
1765,17.650000000000002,-0.7029838672036816,0.14756249003774183
1766,17.66,-0.7029631939827989,0.147515443559636
1767,17.67,-0.6974875586310784,0.14912471353090187
1768,17.68,-0.6920880388320391,0.14959078251018687
1769,17.69,-0.6884935180838139,0.15049994480996884
1770,17.7,-0.6849549242804905,0.1504227795312801
1771,17.71,-0.6908363088139392,0.15174559780982294
1772,17.72,-0.6790476522200376,0.15246823932319856
1773,17.73,-0.6733677861891176,0.1529465756942199
1774,17.740000000000002,-0.6727012468900019,0.15484565002148762
1775,17.75,-0.6749783982671641,0.15407902521936523
1776,17.76,-0.6669727885245799,0.15615387803399913
1777,17.77,-0.6709774573074904,0.1555727820334909
1778,17.78,-0.6602900260512121,0.1567446546330625
1779,17.79,-0.6582239980707398,0.15706284325149655
1780,17.8,-0.653051866397554,0.15791440386541072
1781,17.81,-0.6477691567799396,0.15764249218689202
1782,17.82,-0.647697805013881,0.1580049662868006
1783,17.830000000000002,-0.6438170207274784,0.16002048697419566
1784,17.84,-0.6430666735980779,0.1596492311949869
1785,17.85,-0.6376403813724048,0.16013933379439232
1786,17.86,-0.6358479550397547,0.1625548582440864
1787,17.87,-0.6337784116645988,0.16256278261537888
1788,17.88,-0.6287616504887922,0.1630230518574143
1789,17.89,-0.6248838481728243,0.16385920106276275
1790,17.900000000000002,-0.6209099402478142,0.1645544456476546
1791,17.91,-0.6175957589779736,0.1649675532338265
1792,17.92,-0.6129262273671491,0.16576553821889886
1793,17.93,-0.6053269330599936,0.16512812182750253
1794,17.94,-0.608594854093927,0.16602267209705254
1795,17.95,-0.6049443202220032,0.1666962704244153
1796,17.96,-0.5966526939686162,0.16775927192826653
1797,17.97,-0.5948448280773364,0.168226873678804
1798,17.98,-0.5894155081830555,0.16927663012275865
1799,17.990000000000002,-0.584367425573528,0.1697224232030159
1800,18.0,-0.5841379046067108,0.1695517569252378
1801,18.01,-0.5803600576288297,0.1707542321313836
1802,18.02,-0.5787195107037477,0.1714334124930314
1803,18.03,-0.5661488428059389,0.17223021669221317
1804,18.04,-0.562446511873654,0.17302279181533992
1805,18.05,-0.5577741232864064,0.17273804281334051
1806,18.06,-0.5580877370812399,0.17287129524064507
1807,18.07,-0.5534170876730329,0.17351055924075717
1808,18.080000000000002,-0.5454175507766973,0.17469391191553063
1809,18.09,-0.541000124043928,0.1751016994468373
1810,18.1,-0.5371756828377928,0.17551700146079732
1811,18.11,-0.5342954878491929,0.17628606849985273
1812,18.12,-0.5255978415827073,0.17669038050549157
1813,18.13,-0.5233646511070743,0.17725766065078574
1814,18.14,-0.5222411662000352,0.17808350512051324
1815,18.150000000000002,-0.5050536168304971,0.1791724584365497
1816,18.16,-0.5147345693637766,0.17893362121966028
1817,18.17,-0.5057294679769945,0.17936536273425482
1818,18.18,-0.4930388767232789,0.18006432791057575
1819,18.19,-0.491864406516856,0.18070295410596512
1820,18.2,-0.48707863231744,0.18094839259962042
1821,18.21,-0.47829067585945034,0.18144951495440503
1822,18.22,-0.478789703425351,0.18197969700754674
1823,18.23,-0.46970262684303105,0.1818546234475041
1824,18.240000000000002,-0.46413635124257857,0.18245026431652353
1825,18.25,-0.4542070970967714,0.18338095296912146
1826,18.26,-0.44740636137927925,0.18329967135411426
1827,18.27,-0.43888522637629485,0.18397086080097477
1828,18.28,-0.43304887074783704,0.18509428562268138
1829,18.29,-0.42629553142715704,0.1848542984028223
1830,18.3,-0.419979457591894,0.18578720301881838
1831,18.31,-0.42117965920207745,0.18585417101186752
1832,18.32,-0.4033699488894994,0.18630698561478387
1833,18.330000000000002,-0.4050705666860511,0.18693866889514224
1834,18.34,-0.38838610293109005,0.1864385423169489
1835,18.35,-0.3862531647962861,0.18726993467696082
1836,18.36,-0.3831081950090237,0.18872994421057646
1837,18.37,-0.3685703531410929,0.18794450993769532
1838,18.38,-0.3619044354824164,0.18852234573658797
1839,18.39,-0.3538847254639326,0.1891487010364235
1840,18.400000000000002,-0.3423116600700874,0.18940356166300681
1841,18.41,-0.3341546038281886,0.18950365571146485
1842,18.42,-0.3214309407436317,0.1901231202228708
1843,18.43,-0.3154115223595467,0.1901687447419756
1844,18.44,-0.30272405945520514,0.1906867737061701
1845,18.45,-0.2928147968234062,0.19065745494684702
1846,18.46,-0.2856351231423555,0.19154955576657945
1847,18.47,-0.2733818508980306,0.19110857447385138
1848,18.48,-0.26192806881750347,0.19128812162163064
1849,18.490000000000002,-0.2502110536654769,0.1924873656841401
1850,18.5,-0.24098293565734016,0.19138564368052544
1851,18.51,-0.22798527078879,0.19220210680425887
1852,18.52,-0.21709314544243066,0.19263686409398306
1853,18.53,-0.20524468820224961,0.19270227070225365
1854,18.54,-0.1883976489487824,0.19301685826214404
1855,18.55,-0.18073271841373512,0.1929797418887405
1856,18.56,-0.1686856684315776,0.19359232592142475
1857,18.57,-0.15571286727316377,0.19364277173021668
1858,18.580000000000002,-0.13492961672076947,0.19384614344885587
1859,18.59,-0.12104731752212024,0.1936539932408159
1860,18.6,-0.1062056191295113,0.19405259638333255
1861,18.61,-0.08315776450862195,0.19470262634244304
1862,18.62,-0.07585258222430859,0.19394556053674147
1863,18.63,-0.055641395060492496,0.1938466265351093
1864,18.64,-0.037494794565668475,0.19388354489582993
1865,18.650000000000002,-0.021814427295156112,0.19436383965207302
1866,18.66,-0.0003790899054042402,0.19470684109864567
1867,18.67,0.019482312821112995,0.19419291941411684
1868,18.68,0.038024595441270126,0.19421170803826832
1869,18.69,0.05908981197248705,0.19455857138146126
1870,18.7,0.08716208182337025,0.19447752713373656
1871,18.71,0.11060919482791774,0.19413048056364426
1872,18.72,0.12705373574476928,0.19439414864584692
1873,18.73,0.15365105695687628,0.19370042045958413
1874,18.740000000000002,0.17273987405617947,0.19336383871084936
1875,18.75,0.20692970329128152,0.19434364549874153
1876,18.76,0.2284406739159348,0.1932009629734186
1877,18.77,0.2500322719191462,0.1928541727845597
1878,18.78,0.2803875340251224,0.1931430702349203
1879,18.79,0.31286180125569935,0.19223640163883324
1880,18.8,0.3392519172961405,0.19270532566647264
1881,18.81,0.37424391525556017,0.1916527668706873
1882,18.82,0.4019416839753521,0.19151552971148827
1883,18.830000000000002,0.42767565754314896,0.19070930211968729
1884,18.84,0.4619099444978403,0.19033645074421554
1885,18.85,0.4930048520133618,0.1895750809806037
1886,18.86,0.5246649345085829,0.1894399917891382
1887,18.87,0.5575550169936913,0.1891004502581927
1888,18.88,0.5890962797777961,0.1887439102988119
1889,18.89,0.6180608101164278,0.18867903732757343
1890,18.900000000000002,0.6536349819636683,0.18768878439204162
1891,18.91,0.6750806784815858,0.18638875397590757
1892,18.92,0.7057433184243672,0.18584989096168217
1893,18.93,0.7459885937972685,0.18504535836157984
1894,18.94,0.7717091395361326,0.1850862505697933
1895,18.95,0.800461090094683,0.18330078884370973
1896,18.96,0.8242880827897229,0.18314872008181307
1897,18.97,0.8548112082045813,0.18191533927101036
1898,18.98,0.8792709527775805,0.18087496889026974
1899,18.990000000000002,0.9018079721525438,0.17960299289016293
1900,19.0,0.9261437294786288,0.1788023050461885
1901,19.01,0.9478303361476431,0.17810426521990053
1902,19.02,0.9691358353318299,0.17766785130839288
1903,19.03,0.9878235359199751,0.17600071404913623
1904,19.04,1.0060015769791415,0.17606285763033533
1905,19.05,1.0249482062998079,0.17443752518527816
1906,19.06,1.0327795176793662,0.17308104707715377
1907,19.07,1.0541649153916781,0.1725256363125103
1908,19.080000000000002,1.0624389950813355,0.1707753759302084
1909,19.09,1.0749711266633795,0.17069712083552824
1910,19.1,1.0848766051787486,0.16899940282507808
1911,19.11,1.0968790135286088,0.1682558965314807
1912,19.12,1.1055499738386754,0.16727994603385044
1913,19.13,1.1107671767982727,0.16602322804986339
1914,19.14,1.118655948993739,0.1641738913388141
1915,19.150000000000002,1.1314370771475013,0.16375566536998432
1916,19.16,1.1314204717815408,0.1618892148516946
1917,19.17,1.1366725758436336,0.1612102313504145
1918,19.18,1.138767232367877,0.16016737556182747
1919,19.19,1.1466615800892133,0.1586657371254257
1920,19.2,1.1511147262055972,0.15749344074693566
1921,19.21,1.1545285295969678,0.15645842532160356
1922,19.22,1.1593765457325445,0.15558000121707458
1923,19.23,1.1594610988652467,0.15481130085935413
1924,19.240000000000002,1.1596331564620057,0.15400593827258394
1925,19.25,1.1670178614059301,0.15164883399823945
1926,19.26,1.1657444336542624,0.15030953285940224
1927,19.27,1.1676981685626993,0.1501691589539324
1928,19.28,1.1724902896829554,0.14827930104610101
1929,19.29,1.165897226874876,0.14723705947854893
1930,19.3,1.1685331849565967,0.1463347150217135
1931,19.31,1.1650762360306832,0.14481079964580562
1932,19.32,1.1672732055887844,0.14418531604671841
1933,19.330000000000002,1.1732785995017623,0.14258590930334222
1934,19.34,1.1655131097227185,0.14153188011976076
1935,19.35,1.1653787418635417,0.14065489924375119
1936,19.36,1.1676055287014617,0.13920830735066217
1937,19.37,1.167381062312098,0.13873127817192404
1938,19.38,1.166688359621309,0.1373926463838713
1939,19.39,1.1672289642797347,0.13576649765034499
1940,19.400000000000002,1.166561409473752,0.1340856682080254
1941,19.41,1.16544966079083,0.13327970598712066
1942,19.42,1.1617358755603133,0.13294495006124696
1943,19.43,1.1646397220721327,0.13096770272649344
1944,19.44,1.1670707574920702,0.13005835591763482
1945,19.45,1.1577705288654851,0.1288052033925664
1946,19.46,1.160290354164019,0.12803483951920416
1947,19.47,1.1614602002299357,0.125706822176202
1948,19.48,1.1569925958589184,0.12562550239345344
1949,19.490000000000002,1.1595016653483474,0.12384453650468169
1950,19.5,1.1545788752820636,0.12283718605071722
1951,19.51,1.1555861435481258,0.12155615034136952
1952,19.52,1.156992046211342,0.12076266349435058
1953,19.53,1.1566207120604857,0.11965077369714
1954,19.54,1.1554708304903205,0.11839416391937697
1955,19.55,1.1619782957615965,0.11728358965176422
1956,19.56,1.1511052144313196,0.11610109187041648
1957,19.57,1.1520223761075616,0.11465372509324659
1958,19.580000000000002,1.1537165391885178,0.11302386522444018
1959,19.59,1.146699217680524,0.11176760182565089
1960,19.6,1.1472651978622892,0.11097813871854798
1961,19.61,1.143384293796924,0.11038354021174548
1962,19.62,1.1508981700286518,0.10904442791432054
1963,19.63,1.1444484107280353,0.10802715456604037
1964,19.64,1.1459419733472673,0.1069946422674094
1965,19.650000000000002,1.141863406479008,0.10531181065081192
1966,19.66,1.1437251781058186,0.10415399073984045
1967,19.67,1.140886197887927,0.10385313677324402
1968,19.68,1.1419325218277194,0.10219048208725297
1969,19.69,1.1441338983810843,0.10067825817037947
1970,19.7,1.138180296376515,0.10046216837441554
1971,19.71,1.1367657947823662,0.09890467786259349
1972,19.72,1.1293229156754196,0.09800313025477848
1973,19.73,1.1383802758828179,0.0964686817390768
1974,19.740000000000002,1.1296149071141393,0.09597223754032237
1975,19.75,1.1334122327825977,0.09465006808825314
1976,19.76,1.1290426579582697,0.09317092936122984
1977,19.77,1.131080939935312,0.09230706181271892
1978,19.78,1.1312152094876617,0.09094597417414263
1979,19.79,1.1275768300461988,0.08926739545992915
1980,19.8,1.1234771924855818,0.08923721393932178
1981,19.81,1.1218209447669232,0.0874309659973749
1982,19.82,1.1228613392450417,0.0863881879461042
1983,19.830000000000002,1.1274330582570875,0.08497912917390447
1984,19.84,1.124559863077996,0.08471483636416119
1985,19.85,1.1187969961376998,0.08350310845964706
1986,19.86,1.1170865158796126,0.08122639602161467
1987,19.87,1.1159209641125247,0.08090743617934804
1988,19.88,1.117134385151557,0.07932887893154345
1989,19.89,1.1191148885495763,0.07824155606470716
1990,19.900000000000002,1.1135692211292272,0.07698459190932033
1991,19.91,1.1101456004399248,0.07668177593945079
1992,19.92,1.108950017791784,0.07524790170133175
1993,19.93,1.1116901572541402,0.07400518023116164
1994,19.94,1.1113316332523921,0.07275582561451585
1995,19.95,1.1067723119070474,0.07112624800676598
1996,19.96,1.1096120912525838,0.07007629789011385
1997,19.97,1.1098681633851633,0.06978289390716509
1998,19.98,1.106449346034535,0.06877206343598938
1999,19.990000000000002,1.1024102964906768,0.06757380302992703
2000,20.0,1.1005826341898908,0.06593409111992428
2001,20.01,1.100709959301217,0.06530597210298933
2002,20.02,1.0982863764244462,0.06422491582047282
2003,20.03,1.1000509134392122,0.06231921514757713
2004,20.04,1.0975044443232913,0.06166194374550732
2005,20.05,1.0930180332467272,0.0609773406451158
2006,20.06,1.095315160329624,0.05968906259073802
2007,20.07,1.0928708018893647,0.05861031815716494
2008,20.080000000000002,1.0873045749769443,0.05762948278582252
2009,20.09,1.0862404430113115,0.056530700987597084
2010,20.1,1.0896209574196545,0.055268632676641075
2011,20.11,1.0845261852123713,0.054051622850787996
2012,20.12,1.0817572494273167,0.05328025008043291
2013,20.13,1.0927911875584775,0.05244246981342081
2014,20.14,1.08677536794565,0.05136943151795422
2015,20.150000000000002,1.0864382761554172,0.04985211924482003
2016,20.16,1.0871678440432933,0.04925282115219687
2017,20.17,1.078832384832138,0.04787455115218661
2018,20.18,1.0793067307062787,0.047061123092283275
2019,20.19,1.0772908385393998,0.0459638809197789
2020,20.2,1.0748817909128774,0.04426028510335502
2021,20.21,1.077339435582375,0.04342041072435093
2022,20.22,1.074733482283487,0.04251704198617623
2023,20.23,1.077961159115025,0.04160024540669411
2024,20.240000000000002,1.070974202213745,0.04021235038509047
2025,20.25,1.0707615702122437,0.0389241983935562
2026,20.26,1.070241880525868,0.03780688495872952
2027,20.27,1.0680975215386286,0.0371075791279521
2028,20.28,1.0689065396194224,0.036044950521278124
2029,20.29,1.0677458785858134,0.03456707070257502
2030,20.3,1.0600578074113185,0.03354221463135206
2031,20.31,1.0639945382836142,0.032293716765400035
2032,20.32,1.0649809571784135,0.03167759435666547
2033,20.330000000000002,1.0612956381336573,0.030846905077502342
2034,20.34,1.0595486370128488,0.030030563939956078
2035,20.35,1.0535685461625626,0.028438308305373663
2036,20.36,1.0589339529328208,0.02775616230491257
2037,20.37,1.054998736443201,0.026073231206572643
2038,20.38,1.0503901050210456,0.02554894630058464
2039,20.39,1.0590990764854302,0.024524159363060943
2040,20.400000000000002,1.0465790560662793,0.023235957521132403
2041,20.41,1.0466761319550986,0.022913313547519933
2042,20.42,1.0444723561669556,0.020904064230019417
2043,20.43,1.045555016292815,0.019890777154879174
2044,20.44,1.042562075300679,0.019525546794405768
2045,20.45,1.0414517064616495,0.019033713730293597
2046,20.46,1.037083115902836,0.01660525764411004
2047,20.47,1.0404578262072486,0.015867621360796707
2048,20.48,1.0412243732181472,0.015242643410232706
2049,20.490000000000002,1.0321714656128314,0.014305133448154372
2050,20.5,1.0408390790824456,0.012668171517097477
2051,20.51,1.0389968597708332,0.011253740792141509
2052,20.52,1.0361339106509697,0.01065610212269564
2053,20.53,1.0371869586785212,0.00874651876547422
2054,20.54,1.0301958763112427,0.00806212961500622
2055,20.55,1.0284656939071126,0.007495243665765944
2056,20.56,1.0261371150778864,0.00653302459700784
2057,20.57,1.03485932823762,0.005631670007100638
2058,20.580000000000002,1.0222253874215723,0.004482069141626748
2059,20.59,1.024188308292993,0.003310370068132612
2060,20.6,1.0267068295601083,0.0031068361364780792
2061,20.61,1.0231188930808888,0.0018392754878403933
2062,20.62,1.021873064121398,0.0011046548509161726
2063,20.63,1.0198939560583664,-0.000901145407349086
2064,20.64,1.0152039510736395,-0.0018419091188438214
2065,20.650000000000002,1.0160312481213463,-0.0025990698865522776
2066,20.66,1.0122322507326922,-0.004193875567486036
2067,20.67,1.0136008267382435,-0.004782492046353018
2068,20.68,1.0101494197093683,-0.0059196174970186895
2069,20.69,1.0118332614931913,-0.006178205902255284
2070,20.7,1.0115083058565055,-0.007601857840660967
2071,20.71,1.01428041322998,-0.008492728863778828
2072,20.72,1.0115094021774071,-0.009715741678843717
2073,20.73,1.0114872344610992,-0.01079581653706786
2074,20.740000000000002,1.0050091565669115,-0.011666901813336133
2075,20.75,1.0043677346569373,-0.012480557658149162
2076,20.76,1.000791848101107,-0.013480077597462182
2077,20.77,0.997306909937709,-0.0153288658644467
2078,20.78,0.9987374569930427,-0.015667158184556558
2079,20.79,0.9945741517051137,-0.016020669360426128
2080,20.8,0.9923266295178685,-0.017292445515874427
2081,20.81,0.99281296484496,-0.018621176918288393
2082,20.82,0.9907296328326977,-0.020186986520196525
2083,20.830000000000002,0.9948445373646269,-0.020925292710641242
2084,20.84,0.9865697553033171,-0.02169542548732049
2085,20.85,0.989586103460888,-0.022749623564442954
2086,20.86,0.9860694751532277,-0.023559550479441013
2087,20.87,0.9832503725658168,-0.02467484913908113
2088,20.88,0.9788532173244532,-0.024959063406772182
2089,20.89,0.9772331626895591,-0.026871572668754513
2090,20.900000000000002,0.9827856474028337,-0.027807643993694044
2091,20.91,0.9757420890230329,-0.02874308312349897
2092,20.92,0.9791566814065034,-0.029664666741397172
2093,20.93,0.9739386787368618,-0.03001779899668561
2094,20.94,0.971896710792724,-0.03190667500438399
2095,20.95,0.9782643767443854,-0.03224666215706156
2096,20.96,0.9707615173192293,-0.033217617745221736
2097,20.97,0.9715554089431447,-0.03484708121724813
2098,20.98,0.9684995900515071,-0.035326384040157824
2099,20.990000000000002,0.9671517159634757,-0.03681358763294035
2100,21.0,0.9644944375912804,-0.03749334155150626
2101,21.01,0.9666083349498865,-0.03849340287906234
2102,21.02,0.9587253220646624,-0.03947520678427056
2103,21.03,0.9613938657818055,-0.04100416875214217
2104,21.04,0.9615626188741614,-0.04062175414770565
2105,21.05,0.9617456069727666,-0.04178048958037329
2106,21.06,0.954081728088826,-0.042866444964092976
2107,21.07,0.956961221056888,-0.04389616646917738
2108,21.080000000000002,0.9524590809476063,-0.04487353868936453
2109,21.09,0.9521040253192998,-0.04584645891414394
2110,21.1,0.9509411633913091,-0.047088689005738725
2111,21.11,0.9468688095090023,-0.04743014848913292
2112,21.12,0.9475471430328493,-0.04908026504223959
2113,21.13,0.9425710960127126,-0.04988935948360448
2114,21.14,0.9470293730127404,-0.0505193346291615
2115,21.150000000000002,0.9378891821608636,-0.05105205896892703
2116,21.16,0.9409849983785105,-0.05255594474903048
2117,21.17,0.937444948798138,-0.052953345204181324
2118,21.18,0.9356789554805008,-0.0537681994354168
2119,21.19,0.936897292878139,-0.05530341144724124
2120,21.2,0.9352125291142527,-0.05610528616263959
2121,21.21,0.930732678127249,-0.05751604495528842
2122,21.22,0.9302834475054252,-0.058174609134368005
2123,21.23,0.9276909667887087,-0.05896771014291525
2124,21.240000000000002,0.9251417432908123,-0.05965575346537874
2125,21.25,0.9246329207499182,-0.06057692127101509
2126,21.26,0.923976114475318,-0.061714357269450806
2127,21.27,0.9174423813639413,-0.0628846276982012
2128,21.28,0.9225264180478501,-0.06445678093964065
2129,21.29,0.9165162438899932,-0.06486339010075984
2130,21.3,0.9142513685630943,-0.06564690757305773
2131,21.31,0.9142844335633953,-0.06618379262708991
2132,21.32,0.913305199765541,-0.0669788733864362
2133,21.330000000000002,0.9187552763534655,-0.06839703510960829
2134,21.34,0.9130138294213053,-0.06940804116454512
2135,21.35,0.9081022779062132,-0.06975819085286102
2136,21.36,0.9042184296972509,-0.07098712518819411
2137,21.37,0.9011078687975408,-0.07258399290970512
2138,21.38,0.9020316594049644,-0.07341325286095152
2139,21.39,0.8993394482216013,-0.07342452688176615
2140,21.400000000000002,0.902662587321056,-0.07445648807908516
2141,21.41,0.8973105852737703,-0.07607688209471151
2142,21.42,0.8955623904985361,-0.0773171027942121
2143,21.43,0.8944980196804333,-0.07770289122096279
2144,21.44,0.8938817652184814,-0.07821563268552395
2145,21.45,0.8923858718884907,-0.07912017692411642
2146,21.46,0.8872268419467042,-0.07942279514978325
2147,21.47,0.8856146012991681,-0.0808975797819577
2148,21.48,0.8824312858402125,-0.08151105346245655
2149,21.490000000000002,0.881726033817685,-0.082722917491855
2150,21.5,0.8822291047082046,-0.08306642637188999
2151,21.51,0.8823551853963949,-0.0840084841466563
2152,21.52,0.8791948203553719,-0.08529279095043475
2153,21.53,0.8780009232490633,-0.08602004077436644
2154,21.54,0.8704848539199654,-0.08712637768900684
2155,21.55,0.8732285088532814,-0.08876777357666635
2156,21.56,0.8741902534867427,-0.08873855143862737
2157,21.57,0.8698036289941158,-0.09005047240973275
2158,21.580000000000002,0.8699756047011813,-0.0910843233017217
2159,21.59,0.8654465840069436,-0.0915666322447212
2160,21.6,0.8655018026082959,-0.09208941611624082
2161,21.61,0.8652969466396822,-0.09280467576423797
2162,21.62,0.8609697531425103,-0.09371859905144474
2163,21.63,0.8552009447921465,-0.09458854800108374
2164,21.64,0.855639594234437,-0.09597961870188097
2165,21.650000000000002,0.8526182522417712,-0.09653326410354923
2166,21.66,0.8504329442069165,-0.09788460776931461
2167,21.67,0.8481521625864057,-0.09768899811898302
2168,21.68,0.8457548448129795,-0.09878072525823328
2169,21.69,0.8472411208614756,-0.10040307747034734
2170,21.7,0.8445715807410448,-0.1011438784447589
2171,21.71,0.8434705556625378,-0.10177012817544936
2172,21.72,0.8440704083192688,-0.1025047554181294
2173,21.73,0.8401811430423622,-0.10320669683211883
2174,21.740000000000002,0.834063205340471,-0.10440613461562118
2175,21.75,0.8323775721466466,-0.10487332191136095
2176,21.76,0.835017927468787,-0.10600616208324697
2177,21.77,0.8313060630747153,-0.10677555167436355
2178,21.78,0.824587725423305,-0.10805771986018782
2179,21.79,0.8253039587416452,-0.10893695550403043
2180,21.8,0.8227780182051191,-0.10927888359587608
2181,21.81,0.8199260534015402,-0.11031266935332279
2182,21.82,0.8146209403461295,-0.11132431090332191
2183,21.830000000000002,0.8114684404487572,-0.1118545897917677
2184,21.84,0.816132908156025,-0.11238446168649258
2185,21.85,0.8140361518659535,-0.11345014396318215
2186,21.86,0.8154087881787807,-0.1139606435627538
2187,21.87,0.8108496742904544,-0.11553791561777976
2188,21.88,0.8070936902755068,-0.11578766988869438
2189,21.89,0.800725852326127,-0.11666966415700286
2190,21.900000000000002,0.8039547241215235,-0.11759182776328515
2191,21.91,0.803944946569964,-0.1175162098946731
2192,21.92,0.7919829910756564,-0.11919940304510179
2193,21.93,0.7927526057111862,-0.11990473733442876
2194,21.94,0.792887777250609,-0.12133880336966124
2195,21.95,0.7944582781072252,-0.12164112402656246
2196,21.96,0.7818772015708513,-0.12175153795716957
2197,21.97,0.7871468168476025,-0.12247181759078317
2198,21.98,0.7833487683213225,-0.1236262727721019
2199,21.990000000000002,0.7804678024368731,-0.1250169678518008
2200,22.0,0.772506370020347,-0.12495553823290191
2201,22.01,0.7752493016483466,-0.1263954381580528
2202,22.02,0.7731542722092213,-0.12611527602287162
2203,22.03,0.7753052683198118,-0.1270244917655703
2204,22.04,0.7741767047276887,-0.12795567356890655
2205,22.05,0.7665455420371644,-0.1288382770957963
2206,22.06,0.7663250327215494,-0.13009024313179995
2207,22.07,0.7636581917485603,-0.13002241553200766
2208,22.080000000000002,0.758328707767633,-0.13092505642056182
2209,22.09,0.7618466241680252,-0.13239312410777507
2210,22.1,0.7532607112547632,-0.13265588812147475
2211,22.11,0.7529903372908774,-0.1340554634845572
2212,22.12,0.7498514441397905,-0.13431051434148755
2213,22.13,0.741981692150076,-0.13499908939901314
2214,22.14,0.7481619582936676,-0.1355766595418229
2215,22.150000000000002,0.7393536356473452,-0.1371562181676874
2216,22.16,0.7411747842860845,-0.1376881842060585
2217,22.17,0.7395106077025727,-0.1382130734257182
2218,22.18,0.7382280535969852,-0.13863633170463613
2219,22.19,0.7349557903540471,-0.1395081618520613
2220,22.2,0.728955098774187,-0.1404030764844476
2221,22.21,0.7237636409990785,-0.14140865041967204
2222,22.22,0.7247757154558502,-0.1419254848913419
2223,22.23,0.7208865142987751,-0.1428465135049994
2224,22.240000000000002,0.7227315764678403,-0.14323169365431154
2225,22.25,0.7183425891526142,-0.14359985026815605
2226,22.26,0.7137673691855843,-0.14512778964769354
2227,22.27,0.7103825310615038,-0.14563969994211792
2228,22.28,0.7109131631370811,-0.14612955659495003
2229,22.29,0.7021092041376349,-0.14679642947860178
2230,22.3,0.6997500462190198,-0.14744596393419898
2231,22.31,0.6991652270307167,-0.14825270200646792
2232,22.32,0.6966111549878033,-0.1492402964148761
2233,22.330000000000002,0.69492531135073,-0.15004337606579787
2234,22.34,0.6908904317503145,-0.15064555723370068
2235,22.35,0.6947052237264072,-0.15144586299031168
2236,22.36,0.6880767662864374,-0.15136482047405334
2237,22.37,0.6811904733882911,-0.15188070363505532
2238,22.38,0.6822123515765479,-0.15323526912131638
2239,22.39,0.6773215918186348,-0.1537929623975689
2240,22.400000000000002,0.6749120610634802,-0.15448310396029924
2241,22.41,0.668904116027428,-0.1550521474286095
2242,22.42,0.6738758030970258,-0.15524069615568709
2243,22.43,0.6591298941484606,-0.15616920104066434
2244,22.44,0.6635092916629873,-0.15703448895301458
2245,22.45,0.6516227782341553,-0.1575198722017452
2246,22.46,0.6530773123999535,-0.15841076994600148
2247,22.47,0.6493095284323055,-0.15818312458513695
2248,22.48,0.6479426201917141,-0.15939956792537904
2249,22.490000000000002,0.6483664412631728,-0.1604398893885451
2250,22.5,0.643367267369062,-0.16125336306484309
2251,22.51,0.6388045874787841,-0.16240143353945902
2252,22.52,0.6322637465565801,-0.1618179679262918
2253,22.53,0.6301071246795086,-0.16226130629404295
2254,22.54,0.628717962557695,-0.16413011322510768
2255,22.55,0.6221687947411317,-0.16401533821569123
2256,22.56,0.6166775121499903,-0.1648138620538266
2257,22.57,0.6139141895540223,-0.16499695022883734
2258,22.580000000000002,0.6101796805317798,-0.1659180657055819
2259,22.59,0.6029801975738945,-0.1663099172488035
2260,22.6,0.6004606264809853,-0.16750169616571062
2261,22.61,0.6036656904453548,-0.1680526354742391
2262,22.62,0.5984030295127413,-0.16836110732593246
2263,22.63,0.5924861792002226,-0.16905810065094687
2264,22.64,0.5878948687112553,-0.16912218115601743
2265,22.650000000000002,0.5825862675769876,-0.1698601342340426
2266,22.66,0.5788039963668102,-0.170620429079278
2267,22.67,0.5731562909864661,-0.17117353861285536
2268,22.68,0.5701893060357403,-0.1715430026953376
2269,22.69,0.5621971771704308,-0.17279830171673566
2270,22.7,0.5616311473262143,-0.17273831334795683
2271,22.71,0.5591838860848327,-0.17324143492111196
2272,22.72,0.5481717849488281,-0.17413712502758313
2273,22.73,0.5481013599342347,-0.17441363123147413
2274,22.740000000000002,0.5398292260256614,-0.1752842262910371
2275,22.75,0.5399096092322424,-0.17545997633043134
2276,22.76,0.5320824877109764,-0.17704485040099707
2277,22.77,0.5352039388134491,-0.17732385604493608
2278,22.78,0.5203308651594567,-0.1774610076696425
2279,22.79,0.5197274897141215,-0.17700654517262016
2280,22.8,0.515043471130485,-0.17842657776577397
2281,22.81,0.5042602637637266,-0.17878460379307834
2282,22.82,0.4973561582006828,-0.17910442252494702
2283,22.830000000000002,0.49563837098757973,-0.179597671247998
2284,22.84,0.4914836999638099,-0.18015456143894074
2285,22.85,0.48605989081147993,-0.1803208059385264
2286,22.86,0.4828233080220812,-0.18159637456693403
2287,22.87,0.4752285182618751,-0.1816588928755548
2288,22.88,0.47020731943101635,-0.1819987490323429
2289,22.89,0.45731377724664746,-0.1825912671450291
2290,22.900000000000002,0.45628572583176086,-0.18295693060752205
2291,22.91,0.4486148320127888,-0.18357968747025571
2292,22.92,0.4481476430454242,-0.18458034154748273
2293,22.93,0.43782182020990923,-0.18479516486366218
2294,22.94,0.43172009679145606,-0.18435597263225426
2295,22.95,0.4213176005873087,-0.18586111539578642
2296,22.96,0.4233552859508071,-0.1858207271027823
2297,22.97,0.40442418742308184,-0.18655519418112992
2298,22.98,0.4027230068570355,-0.18686326866842135
2299,22.990000000000002,0.4014899180617233,-0.18634562251635825
2300,23.0,0.3839147094833511,-0.1878327433811937
2301,23.01,0.3801867673191298,-0.18793896266400048
2302,23.02,0.37319768609599774,-0.18753416109887946
2303,23.03,0.3615844961861314,-0.18895610526904413
2304,23.04,0.3486333694340627,-0.18950517013555832
2305,23.05,0.34607277443724027,-0.18880509165574608
2306,23.06,0.3372610241038875,-0.18923820433317504
2307,23.07,0.336032838242759,-0.1900769224794867
2308,23.080000000000002,0.31791618434262664,-0.1909615480360243
2309,23.09,0.3158254567137402,-0.19057355526327271
2310,23.1,0.2993721849025808,-0.19070846621388857
2311,23.11,0.29721299288209907,-0.19173900098174118
2312,23.12,0.2795013614081015,-0.19215137949430658
2313,23.13,0.2707726972401266,-0.19128332699723213
2314,23.14,0.2601854137396246,-0.19221680615131226
2315,23.150000000000002,0.2464155881103822,-0.19258806279990934
2316,23.16,0.23151088103002346,-0.19243301638092003
2317,23.17,0.22101063975391805,-0.19302810242101737
2318,23.18,0.2064952297942209,-0.1929454488526937
2319,23.19,0.19946613627756546,-0.19318336225662938
2320,23.2,0.17950965431979,-0.1936470322775391
2321,23.21,0.16733429987811757,-0.19282640394418518
2322,23.22,0.1565570854004203,-0.19295484313921862
2323,23.23,0.1403086475712703,-0.19380598409986294
2324,23.240000000000002,0.12755594412811866,-0.19335104737204498
2325,23.25,0.10659169120805943,-0.19415374402571062
2326,23.26,0.08991594792965142,-0.19383807265414463
2327,23.27,0.07942527841843902,-0.1945459224011586
2328,23.28,0.0613992258288882,-0.1944057356634144
2329,23.29,0.04398146396909784,-0.19428071691011314
2330,23.3,0.026287815985878024,-0.19418331599835753
2331,23.31,0.0029819689288252665,-0.19430420469130166
2332,23.32,-0.014174648852030607,-0.19432887869453222
2333,23.330000000000002,-0.03549304396658569,-0.19427116346272788
2334,23.34,-0.061237867077592066,-0.194217188950771
2335,23.35,-0.07854062310401097,-0.19392547581232839
2336,23.36,-0.09655897599356963,-0.19343803683907168
2337,23.37,-0.12314472281784053,-0.19495776714351948
2338,23.38,-0.14643982998006236,-0.19413057305438383
2339,23.39,-0.17735927170715843,-0.19381150531678876
2340,23.400000000000002,-0.1941570851259882,-0.19376541281300572
2341,23.41,-0.21835121904350976,-0.19339619559473142
2342,23.42,-0.25118753427888024,-0.1927182605359449
2343,23.43,-0.27483763596935434,-0.1929370712419314
2344,23.44,-0.30258720363914,-0.1926003177847502
2345,23.45,-0.32795963653026805,-0.19219869161554057
2346,23.46,-0.3560986829806412,-0.19250563772442988
2347,23.47,-0.3921408191915718,-0.19166838002038983
2348,23.48,-0.4247503009966476,-0.19196819784604413
2349,23.490000000000002,-0.4512526923373644,-0.19039526963096007
2350,23.5,-0.4837525063625137,-0.19059831437067287
2351,23.51,-0.5135425330227572,-0.18959144607389025
2352,23.52,-0.5500437362554673,-0.18958074760118934
2353,23.53,-0.5802499523569494,-0.18874082035018686
2354,23.54,-0.6116518160854618,-0.18722261424417588
2355,23.55,-0.6498778045284056,-0.18751724035238432
2356,23.56,-0.6749155518648862,-0.18714273190597852
2357,23.57,-0.7045970621873568,-0.18561420829955208
2358,23.580000000000002,-0.7289658168975989,-0.18525660424474058
2359,23.59,-0.7606903422634013,-0.18498368245853078
2360,23.6,-0.7908457618119789,-0.18413257060392652
2361,23.61,-0.8212347927287383,-0.18288241430732932
2362,23.62,-0.8413707052718626,-0.18225535956278252
2363,23.63,-0.8736581852713439,-0.18145553303178102
2364,23.64,-0.8990495083670912,-0.1797876984897051
2365,23.650000000000002,-0.9234066789848017,-0.17940228664912494
2366,23.66,-0.9452233479070372,-0.17869470888925296
2367,23.67,-0.9627296702467513,-0.17805455456781485
2368,23.68,-0.9803529032877178,-0.17720743802489572
2369,23.69,-1.0018925409173327,-0.17585377437458058
2370,23.7,-1.019308886516258,-0.17450512753688122
2371,23.71,-1.0355447604531274,-0.17314697989858926
2372,23.72,-1.0489070220394647,-0.17187040560774733
2373,23.73,-1.0601765890203463,-0.1718267011570987
2374,23.740000000000002,-1.0725867982914128,-0.17002037431198613
2375,23.75,-1.0833596718289458,-0.1695440475584077
2376,23.76,-1.0928618760401057,-0.16874966413222664
2377,23.77,-1.100922003738201,-0.167546661735826
2378,23.78,-1.114590931862529,-0.16597571045585957
2379,23.79,-1.1173084907914974,-0.16496315682951632
2380,23.8,-1.1287392399420622,-0.1637243620822193
2381,23.81,-1.1312352601803397,-0.1632782640125235
2382,23.82,-1.1323009400292747,-0.16195410960320997
2383,23.830000000000002,-1.1445782632639594,-0.15996384654827855
2384,23.84,-1.1438626279311892,-0.15868242593576903
2385,23.85,-1.1481429517891333,-0.1584870113557737
2386,23.86,-1.1568374219793653,-0.15715629222767866
2387,23.87,-1.157951889472098,-0.15672770574677264
2388,23.88,-1.1535831064677293,-0.1554511477302002
2389,23.89,-1.1628697511811799,-0.15343186357025204
2390,23.900000000000002,-1.16036275606192,-0.15302125270376593
2391,23.91,-1.163266835963597,-0.15123594200280624
2392,23.92,-1.1658757177352133,-0.15011905579184742
2393,23.93,-1.163603503401015,-0.14905649075766353
2394,23.94,-1.1704022154512175,-0.1482247663122276
2395,23.95,-1.1691089881586119,-0.14627462878583414
2396,23.96,-1.1681583383520255,-0.14630158741799806
2397,23.97,-1.1654241129730152,-0.14410261471351699
2398,23.98,-1.167556886057256,-0.14299342386035688
2399,23.990000000000002,-1.1648444533953195,-0.1422498896923621
2400,24.0,-1.171053375283059,-0.14086953111208647
2401,24.01,-1.1661245403491352,-0.13944728413007465
2402,24.02,-1.170339039749915,-0.13760794242682436
2403,24.03,-1.1668605059925719,-0.13726956561917114
2404,24.04,-1.1612451235275418,-0.13587271849108462
2405,24.05,-1.1658587864723289,-0.1353357337422903
2406,24.060000000000002,-1.1626965208126638,-0.1335892418627067
2407,24.07,-1.1689498306761748,-0.13312997594673917
2408,24.080000000000002,-1.1662165533859274,-0.13171244116534464
2409,24.09,-1.1599576299329837,-0.13064738878763948
2410,24.1,-1.1596676025454666,-0.12947845967479626
2411,24.11,-1.1583650040925844,-0.12714622932467307
2412,24.12,-1.162113996665524,-0.12567875643881987
2413,24.13,-1.1609641312346966,-0.12507558229902652
2414,24.14,-1.160516903053112,-0.12445310418381655
2415,24.150000000000002,-1.1631150983228575,-0.12325440216012673
2416,24.16,-1.16012446863355,-0.12183475070310143
2417,24.17,-1.1593593496728376,-0.1210076447892135
2418,24.18,-1.155790666889963,-0.11992987809414456
2419,24.19,-1.1561498003271116,-0.118939026875735
2420,24.2,-1.1540704397298736,-0.11803232931080004
2421,24.21,-1.1494165529624376,-0.11642334367555117
2422,24.22,-1.157126136867303,-0.11528826883484497
2423,24.23,-1.150381036609315,-0.11368032525519596
2424,24.240000000000002,-1.1454136527365917,-0.11306427089963683
2425,24.25,-1.150603535954735,-0.11224478155486328
2426,24.26,-1.151043976984914,-0.11082542472383543
2427,24.27,-1.1445554697050992,-0.10986804448858761
2428,24.28,-1.1426440509453408,-0.1086668466289487
2429,24.29,-1.1455564652201986,-0.1067340916931859
2430,24.3,-1.1432006341695122,-0.1055931924705964
2431,24.310000000000002,-1.1420746804953523,-0.10417667286441576
2432,24.32,-1.1394763155227299,-0.10357214027729547
2433,24.330000000000002,-1.143078848195839,-0.1025555236781703
2434,24.34,-1.1371096016881344,-0.10067975627742033
2435,24.35,-1.1383549921871534,-0.10013057532931137
2436,24.36,-1.1367536897850878,-0.09915079675041015
2437,24.37,-1.1376265762140536,-0.09750556683287073
2438,24.38,-1.131175910399351,-0.09733541186047484
2439,24.39,-1.1322144909586687,-0.09553894474430553
2440,24.400000000000002,-1.1345387034557088,-0.09430849459229006
2441,24.41,-1.1300348977295656,-0.09340239623125034
2442,24.42,-1.1292462611952236,-0.09217667750749634
2443,24.43,-1.1263213168850423,-0.09108600232118808
2444,24.44,-1.1244221250046846,-0.09017395063482327
2445,24.45,-1.1259128922640593,-0.08902459901294069
2446,24.46,-1.1238929298838138,-0.08820089727977466
2447,24.47,-1.1214582970653217,-0.08770043641849613
2448,24.48,-1.1230301995078562,-0.08505574932556384
2449,24.490000000000002,-1.1216604049509766,-0.08485959346777922
2450,24.5,-1.1212685607089987,-0.08297337917035359
2451,24.51,-1.1192456047454578,-0.08206740039828729
2452,24.52,-1.1158069374857587,-0.08131949478310217
2453,24.53,-1.115133898688455,-0.08043904065688559
2454,24.54,-1.117705762738536,-0.07869012685860362
2455,24.55,-1.1160380355436734,-0.07766950286928075
2456,24.560000000000002,-1.1159715617127732,-0.07680291376212255
2457,24.57,-1.107989793111601,-0.0750635230494221
2458,24.580000000000002,-1.11651393334996,-0.07460419408823772
2459,24.59,-1.1075973597218547,-0.07317436234911988
2460,24.6,-1.1105082104600534,-0.07267272703281698
2461,24.61,-1.1071629840667936,-0.07046034577409797
2462,24.62,-1.10764979688328,-0.07073620765516202
2463,24.63,-1.1055015554767396,-0.06843324262137243
2464,24.64,-1.1089489179654477,-0.06783892475170407
2465,24.650000000000002,-1.1023789129573436,-0.06658179756293553
2466,24.66,-1.100843945052584,-0.06638173677700657
2467,24.67,-1.0986436753830955,-0.0647992058996178
2468,24.68,-1.0989470501836807,-0.06344707699396429
2469,24.69,-1.0944248319339758,-0.06321548573555155
2470,24.7,-1.100561413167829,-0.06101737753007988
2471,24.71,-1.0936189795515774,-0.06021603996170225
2472,24.72,-1.090587268269175,-0.05849045746444431
2473,24.73,-1.093771148497241,-0.05800725665745287
2474,24.740000000000002,-1.0939421532724811,-0.056439743986738664
2475,24.75,-1.088407290243428,-0.05576700822435304
2476,24.76,-1.0919343957824412,-0.054910211429232594
2477,24.77,-1.088635924336867,-0.05351900096757149
2478,24.78,-1.0834520196211674,-0.051878598637206244
2479,24.79,-1.0861522540583668,-0.051153942860494635
2480,24.8,-1.0801020165057242,-0.05133151287940435
2481,24.810000000000002,-1.0827499831061826,-0.04910545902670003
2482,24.82,-1.0781126663748481,-0.04809463996856051
2483,24.830000000000002,-1.0788350491693959,-0.04702733789218138
2484,24.84,-1.077968492064227,-0.04517731003921619
2485,24.85,-1.076691714997894,-0.044544950376610985
2486,24.86,-1.0778261411756755,-0.04353980058120294
2487,24.87,-1.0682615873614645,-0.04261783152219146
2488,24.88,-1.0722333378908298,-0.041459766198263366
2489,24.89,-1.0719415444199893,-0.041543045343255584
2490,24.900000000000002,-1.0691832567760602,-0.03889147464944166
2491,24.91,-1.0710051898545128,-0.03835885523071481
2492,24.92,-1.069482340318804,-0.03742920991753705
2493,24.93,-1.067476282139343,-0.036836091476032964
2494,24.94,-1.0637974523493638,-0.0356175826979515
2495,24.95,-1.0649297081445313,-0.034191465497642966
2496,24.96,-1.0615937668410707,-0.03336189138338425
2497,24.97,-1.065284461375293,-0.03254269788812118
2498,24.98,-1.0622582926010402,-0.030563284624673306
2499,24.990000000000002,-1.059537089439736,-0.030858744304051406
2500,25.0,-1.0598495348182264,-0.029145512033219773
2501,25.01,-1.0577194080996775,-0.027308888909450345
2502,25.02,-1.0520266777799172,-0.026964645670844643
2503,25.03,-1.0560959727607486,-0.02576466472567734
2504,25.04,-1.0579243557658053,-0.024423956387481294
2505,25.05,-1.0519100692862584,-0.023577902905466023
2506,25.060000000000002,-1.0491150424106708,-0.022055572082445324
2507,25.07,-1.0512919544631334,-0.022186380771635626
2508,25.080000000000002,-1.0432189637697742,-0.019938603078832315
2509,25.09,-1.0434398992051832,-0.01930256591922518
2510,25.1,-1.0438621653151297,-0.018620653758690826
2511,25.11,-1.0441415670316334,-0.017314921588586996
2512,25.12,-1.0468936806176588,-0.01632882727828402
2513,25.13,-1.0418081439966642,-0.014580944683986975
2514,25.14,-1.039644753866509,-0.014187133558926101
2515,25.150000000000002,-1.0384976022832428,-0.012712162776601876
2516,25.16,-1.0366373391479977,-0.012615754267085904
2517,25.17,-1.0346045715469596,-0.01063950466615587
2518,25.18,-1.0353722072209228,-0.01055178839761052
2519,25.19,-1.0360528255046177,-0.008827125802795578
2520,25.2,-1.0285737775767134,-0.007777533989815689
2521,25.21,-1.0288893095361402,-0.006811105224152298
2522,25.22,-1.0278219726061046,-0.005129811328240652
2523,25.23,-1.024094436422349,-0.004046110930396238
2524,25.240000000000002,-1.0315720611141468,-0.003399220615496875
2525,25.25,-1.02327936837299,-0.0034406201658721365
2526,25.26,-1.0218736015976209,-0.001640486912488334
2527,25.27,-1.0219789729186675,-0.0008946292794587553
2528,25.28,-1.0210469704702614,0.00021312009113757987
2529,25.29,-1.0143761000421794,0.0009307665818492174
2530,25.3,-1.0140047630914277,0.0024513131570709384
2531,25.310000000000002,-1.0133055648584395,0.0029728509341845183
2532,25.32,-1.0158621476122773,0.004670439739902777
2533,25.330000000000002,-1.0130137376790458,0.00563293517278166
2534,25.34,-1.0096932723897936,0.006719625161274952
2535,25.35,-1.0086955723317788,0.007502997114159471
2536,25.36,-1.007877877377807,0.0084641375677503
2537,25.37,-1.0061069532496678,0.008936220750621957
2538,25.38,-1.0029901849715084,0.011167310179730812
2539,25.39,-0.9980292588537755,0.011839182163535755
2540,25.400000000000002,-1.0048224678346418,0.01255969053902205
2541,25.41,-1.0012631710418427,0.013233157719256337
2542,25.42,-1.0047535359389308,0.01442274548420761
2543,25.43,-1.0000714491369342,0.014655604100670308
2544,25.44,-0.998413869566448,0.01660052030849796
2545,25.45,-0.9926782618876573,0.01671070303386457
2546,25.46,-0.9948865505651168,0.018250326721298674
2547,25.47,-0.9911248380783526,0.019293211088677948
2548,25.48,-0.9915899931455893,0.020814225150136152
2549,25.490000000000002,-0.9956608379648683,0.02099650040409573
2550,25.5,-0.9860144682203212,0.022028952359271093
2551,25.51,-0.990232562084291,0.023702924668433743
2552,25.52,-0.9864809086635606,0.02410791380179501
2553,25.53,-0.9838835616858261,0.02542751425315711
2554,25.54,-0.9892487507429658,0.026752291705877666
2555,25.55,-0.9791091653802864,0.026311972893279224
2556,25.560000000000002,-0.9796157821445453,0.02831037006241766
2557,25.57,-0.9726844402191904,0.029118243552786124
2558,25.580000000000002,-0.9756104739497801,0.028982499838310936
2559,25.59,-0.9800147659494027,0.03136203351410879
2560,25.6,-0.9739948370229135,0.03182234561785865
2561,25.61,-0.9735652330318535,0.03312314290955995
2562,25.62,-0.9719400053211644,0.034178967892626644
2563,25.63,-0.9649344564843156,0.034178049458518774
2564,25.64,-0.9671674619648014,0.036081144116068144
2565,25.650000000000002,-0.9692408452579409,0.03684984519244211
2566,25.66,-0.9599815957463808,0.037853989226925525
2567,25.67,-0.9578932367505467,0.03872493088159713
2568,25.68,-0.9622569489720476,0.039232164998790904
2569,25.69,-0.954708299086681,0.0413995307183264
2570,25.7,-0.9572279232548647,0.04223211742129832
2571,25.71,-0.9557599475570276,0.042335223250588284
2572,25.72,-0.9618111076484596,0.043315062260074214
2573,25.73,-0.9533899280697548,0.04488973207614426
2574,25.740000000000002,-0.953718043152976,0.04495208936107332
2575,25.75,-0.9512980970830311,0.04709253570547326
2576,25.76,-0.9495780113829734,0.04758015441004737
2577,25.77,-0.9444471453238702,0.04812849072471308
2578,25.78,-0.9432558123200593,0.04947459262180094
2579,25.79,-0.9385830587110467,0.05003852513894974
2580,25.8,-0.94551628090562,0.05109534970489148
2581,25.810000000000002,-0.9441755751352658,0.051803141629431206
2582,25.82,-0.9356354352862821,0.05346618737931482
2583,25.830000000000002,-0.9345033040445769,0.054033373813011015
2584,25.84,-0.9333011935159359,0.05480773474770817
2585,25.85,-0.9398932423075514,0.05548666902843948
2586,25.86,-0.927616038909832,0.05684527208604627
2587,25.87,-0.9344937690951596,0.057244567458003756
2588,25.88,-0.9270688891358314,0.05960199119096854
2589,25.89,-0.9310837933899683,0.05923472702652891
2590,25.900000000000002,-0.9198460236904705,0.06070479193313412
2591,25.91,-0.9277161510178286,0.06125415698423621
2592,25.92,-0.9233919193622059,0.06299607086105669
2593,25.93,-0.9206511094155463,0.0636969904355717
2594,25.94,-0.9183027247794542,0.06452838139794635
2595,25.95,-0.9181016294356903,0.06509581472693315
2596,25.96,-0.9206281862288409,0.06672497079102326
2597,25.97,-0.918308985489029,0.06702680412394504
2598,25.98,-0.9140343800418747,0.0677946935964947
2599,25.990000000000002,-0.9108407049318834,0.06914409020436066
2600,26.0,-0.9089382712155006,0.06975728275629192
2601,26.01,-0.902164944072489,0.07081759659718609
2602,26.02,-0.9066714570935639,0.0718014255396202
2603,26.03,-0.9020839932618012,0.07211443929633587
2604,26.04,-0.8980051549406882,0.07244591027444741
2605,26.05,-0.9013265361103774,0.07403864408996814
2606,26.060000000000002,-0.9018799547819989,0.07540534663967151
2607,26.07,-0.8980269339853434,0.07531566841289071
2608,26.080000000000002,-0.8952036905200158,0.07692733427267762
2609,26.09,-0.8945152297313433,0.07843249909643281
2610,26.1,-0.8879367595554525,0.07806515365257949
2611,26.11,-0.8833317062242734,0.07951680899828366
2612,26.12,-0.8874775844815569,0.08018282380122763
2613,26.13,-0.8866546152799775,0.08221536114308618
2614,26.14,-0.8845941991279906,0.0824722189698572
2615,26.150000000000002,-0.8829472809491345,0.08323163476770604
2616,26.16,-0.8797904497572255,0.08424080959327519
2617,26.17,-0.8796283250685728,0.08494912901081661
2618,26.18,-0.8780948086642028,0.08610081241488184
2619,26.19,-0.8748674372915919,0.08635117195141544
2620,26.2,-0.871450032546038,0.08827485115757105
2621,26.21,-0.8684912599504211,0.0879638041354219
2622,26.22,-0.8682664913640116,0.08957821945194372
2623,26.23,-0.8668455443940489,0.09018480344506864
2624,26.240000000000002,-0.8630841503580392,0.09072245776558063
2625,26.25,-0.8625961625356077,0.09229372210400745
2626,26.26,-0.8592733173972531,0.09304890913141535
2627,26.27,-0.8639340206107544,0.09395642265168236
2628,26.28,-0.8546106685329878,0.09402295749611213
2629,26.29,-0.8500377987136148,0.09538782113102816
2630,26.3,-0.8580238583170701,0.09648121198423182
2631,26.310000000000002,-0.851004231388663,0.09697548212276276
2632,26.32,-0.851083786152825,0.09854742601362466
2633,26.330000000000002,-0.8462733151600292,0.099123564671176
2634,26.34,-0.8413546725931708,0.09997455595545082
2635,26.35,-0.8424862576712847,0.1001046694611406
2636,26.36,-0.8385873773007074,0.10144321202014592
2637,26.37,-0.8473379109574537,0.10281192410468737
2638,26.38,-0.8342154909458827,0.1038627351854373
2639,26.39,-0.8356278489775746,0.10372464512844107
2640,26.400000000000002,-0.8304722632458469,0.10457281919014313
2641,26.41,-0.8303450212649902,0.10539758659878092
2642,26.42,-0.8297827978302136,0.10614979206584182
2643,26.43,-0.8331461892957969,0.10754048033823364
2644,26.44,-0.8234205266785155,0.1082557684519592
2645,26.45,-0.8188280555138843,0.10864329310310877
2646,26.46,-0.826032424461848,0.11001159668091674
2647,26.47,-0.8154814189615303,0.11088827916761368
2648,26.48,-0.8195515115114795,0.11170533239714
2649,26.490000000000002,-0.8126758759685734,0.11208048540539572
2650,26.5,-0.8147622581891101,0.11251859729894059
2651,26.51,-0.8094453626313654,0.11457408693725618
2652,26.52,-0.8015490755392134,0.1141289516996242
2653,26.53,-0.8095348263558965,0.11525991871737579
2654,26.54,-0.8039578746906483,0.11608520117270989
2655,26.55,-0.8027157343271233,0.11617206853613794
2656,26.560000000000002,-0.8058823220123775,0.11735597406600722
2657,26.57,-0.7952187792416751,0.11898504792919717
2658,26.580000000000002,-0.7900306942902698,0.11954819215133164
2659,26.59,-0.7928824459368227,0.11967460629629906
2660,26.6,-0.7945175309454338,0.12114974039536536
2661,26.61,-0.7877584800858048,0.12180819994421294
2662,26.62,-0.7861431768029339,0.12295921858280652
2663,26.63,-0.7831886459033175,0.12384274644495873
2664,26.64,-0.7779274039958274,0.1242159361214897
2665,26.650000000000002,-0.7845080229596267,0.12565077971752625
2666,26.66,-0.7788499882124821,0.12629757114932366
2667,26.67,-0.7812994375397441,0.12617296335277742
2668,26.68,-0.771273235727818,0.12669026462993527
2669,26.69,-0.7730988454869592,0.12853334826688134
2670,26.7,-0.7743400805042695,0.12907736159743133
2671,26.71,-0.7680961433380759,0.12999309831666872
2672,26.72,-0.7687204590891638,0.13064298204354935
2673,26.73,-0.7607853894522644,0.13066823273086184
2674,26.740000000000002,-0.7590709865712089,0.13158712751726626
2675,26.75,-0.753609050315958,0.13281491390761485
2676,26.76,-0.7607662896788393,0.13366679367482837
2677,26.77,-0.7505536627064799,0.13443727719237827
2678,26.78,-0.7506100218220983,0.13447788059184687
2679,26.79,-0.7504745890494353,0.13603032780443888
2680,26.8,-0.7423233972162948,0.13683466173523384
2681,26.810000000000002,-0.7423846295697624,0.1369481767578651
2682,26.82,-0.7417031107781975,0.13829920818417496
2683,26.830000000000002,-0.7384676874073822,0.1383574420775795
2684,26.84,-0.7383977642385756,0.13933666992633648
2685,26.85,-0.7313457953601055,0.13980649090388192
2686,26.86,-0.7270963139188186,0.14025701570909374
2687,26.87,-0.7231497992564648,0.14182469852450696
2688,26.88,-0.7184640956849462,0.14194117443944815
2689,26.89,-0.7241241465206573,0.14325850872302032
2690,26.900000000000002,-0.714434371877615,0.14370923324979248
2691,26.91,-0.7171765269981658,0.14435585664355954
2692,26.92,-0.7074665800828048,0.14476794824701203
2693,26.93,-0.7135056580768008,0.14572272755515991
2694,26.94,-0.7093431751947885,0.14701631196431697
2695,26.95,-0.6986916323734593,0.14739095393320237
2696,26.96,-0.6991311626711966,0.148203186722587
2697,26.97,-0.6972744205319803,0.1476523322525005
2698,26.98,-0.6955813586870826,0.14918172424230108
2699,26.990000000000002,-0.6919251772937474,0.15003617987315357
2700,27.0,-0.6856602441003795,0.14996054338613674
2701,27.01,-0.6827161638508911,0.15179127709920123
2702,27.02,-0.6800112742305338,0.1519296855163452
2703,27.03,-0.6822631644280651,0.15317142054563626
2704,27.04,-0.6715154199154432,0.15213965140941912
2705,27.05,-0.6742370557823586,0.1545826410656746
2706,27.060000000000002,-0.6684835870988096,0.15419127058648222
2707,27.07,-0.665702751968534,0.15566032545218997
2708,27.080000000000002,-0.664057840413696,0.15641745853796352
2709,27.09,-0.658737915195232,0.15689808556630733
2710,27.1,-0.654862384027829,0.15762766832363898
2711,27.11,-0.6511070880404529,0.1579930919985666
2712,27.12,-0.650038492508392,0.15793802229753967
2713,27.13,-0.646252940927387,0.15965342239563393
2714,27.14,-0.6360762354061359,0.15989276719019235
2715,27.150000000000002,-0.6395219155613696,0.16069599378084787
2716,27.16,-0.640761049411834,0.1618835180898825
2717,27.17,-0.632054190814061,0.16230393123864253
2718,27.18,-0.6309397708813431,0.1634029521560936
2719,27.19,-0.6247965708084119,0.1635646275727324
2720,27.2,-0.6168960350572943,0.1642201384989776
2721,27.21,-0.6193503834971777,0.16360897675692856
2722,27.22,-0.6142516469545746,0.16504955563995713
2723,27.23,-0.6152201040692977,0.16576003747453677
2724,27.240000000000002,-0.6013512361984414,0.16637006088476178
2725,27.25,-0.6023094638210666,0.16672020460077513
2726,27.26,-0.6024556463070826,0.16723564709181377
2727,27.27,-0.598202603631975,0.16853011995383554
2728,27.28,-0.5917397270495528,0.1686269110959285
2729,27.29,-0.5929090788426097,0.1692401518629295
2730,27.3,-0.5859553568192409,0.17042688399249
2731,27.310000000000002,-0.5814855163390451,0.1711465957665067
2732,27.32,-0.5758257451459844,0.17149242257495084
2733,27.330000000000002,-0.5723960624975786,0.1719610139381553
2734,27.34,-0.5692881865010635,0.17189393260111327
2735,27.35,-0.5624752804646485,0.17328207077541427
2736,27.36,-0.5588311249868254,0.17259252359059274
2737,27.37,-0.5544576389070544,0.17447026728321452
2738,27.38,-0.5494606613478332,0.17421140466150645
2739,27.39,-0.5453558695546006,0.1750874377129732
2740,27.400000000000002,-0.5358087278412279,0.17587059591193804
2741,27.41,-0.5348723955988967,0.17544171918086926
2742,27.42,-0.5290227184400051,0.17681867063533924
2743,27.43,-0.5224174805133694,0.17720261428062017
2744,27.44,-0.5194691669963991,0.17804207843500505
2745,27.45,-0.5143592747504165,0.1784909628064699
2746,27.46,-0.507746080645171,0.17881377977992194
2747,27.47,-0.503435891410621,0.1794397560212816
2748,27.48,-0.49188142231978543,0.18006874851650395
2749,27.490000000000002,-0.49300351716049007,0.1798663263918759
2750,27.5,-0.48885020283648634,0.1802113509735974
2751,27.51,-0.4802092657472694,0.18139179637305913
2752,27.52,-0.4711108829021814,0.1817635917081061
2753,27.53,-0.4706988951047757,0.18256179345201357
2754,27.54,-0.46373014565663095,0.1817644994110867
2755,27.55,-0.4626631495792692,0.1829812269109966
2756,27.560000000000002,-0.45409341136022013,0.18342974685413374
2757,27.57,-0.4473513791631524,0.18423226102083806
2758,27.580000000000002,-0.4396894611616793,0.18440955690475086
2759,27.59,-0.4372734703306805,0.18459788161336033
2760,27.6,-0.42304103992586767,0.18485407217355673
2761,27.61,-0.4182439168262924,0.1858922822488422
2762,27.62,-0.4201530939819658,0.18612252049845537
2763,27.63,-0.40587435132488864,0.185994902464684
2764,27.64,-0.39008552799318336,0.186460650112593
2765,27.650000000000002,-0.38463848498905445,0.1866878443147174
2766,27.66,-0.38163377060910664,0.18799095629639534
2767,27.67,-0.368187039268123,0.18841717799196467
2768,27.68,-0.3640119094001568,0.1886333420617675
2769,27.69,-0.3537686064896471,0.18832140190170635
2770,27.7,-0.34528142245624094,0.188643086087795
2771,27.71,-0.3385737174002644,0.1894747155264426
2772,27.72,-0.33375597193899187,0.19058410975739914
2773,27.73,-0.32225105990721137,0.19029544539260534
2774,27.740000000000002,-0.30980375093480284,0.19064718738878275
2775,27.75,-0.30354776991243576,0.190856041748133
2776,27.76,-0.29157858864995306,0.1909300533351952
2777,27.77,-0.2801049739406582,0.19153762799490437
2778,27.78,-0.2687549548708256,0.19098583203182204
2779,27.79,-0.25977355211621994,0.19200300061351344
2780,27.8,-0.24557814140694217,0.1917043374211568
2781,27.810000000000002,-0.23796586919850077,0.19217505790167203
2782,27.82,-0.2238927088739885,0.1920135347415494
2783,27.830000000000002,-0.2112786681018674,0.19248361592816868
2784,27.84,-0.20150668866298635,0.19312866136719956
2785,27.85,-0.1906131474017508,0.19220769061534043
2786,27.86,-0.167660835472356,0.19316689729797948
2787,27.87,-0.15589041785070393,0.1933886887205202
2788,27.88,-0.14476102289645815,0.19302257538411208
2789,27.89,-0.12596886335225818,0.1930927535693224
2790,27.900000000000002,-0.11393403398497054,0.1940475764394774
2791,27.91,-0.09803757643637254,0.19410644664271812
2792,27.92,-0.08542771918069719,0.19426707621291484
2793,27.93,-0.0678773776630357,0.19450325354729242
2794,27.94,-0.04830232365700968,0.19344382204511404
2795,27.95,-0.02887018134163237,0.1944272197525932
2796,27.96,-0.010892874396332864,0.19436449803754152
2797,27.97,0.006309929716636549,0.19389279239389917
2798,27.98,0.03512247601165183,0.19476156221710827
2799,27.990000000000002,0.0525183895681528,0.19501207361387846
2800,28.0,0.0713436359394482,0.19386142296598313
2801,28.01,0.09266262434868651,0.19406549337451806
2802,28.02,0.11121471563923992,0.1938518748855051
2803,28.03,0.14003924481312507,0.19349522417547788
2804,28.04,0.1639810548106839,0.1937793685274224
2805,28.05,0.18842292844960123,0.1933774746203617
2806,28.060000000000002,0.21453982899651325,0.19346412022729376
2807,28.07,0.24274631549908166,0.19369496516828785
2808,28.080000000000002,0.2697726437523099,0.19253838689241332
2809,28.09,0.3040455986148465,0.19316916356187114
2810,28.1,0.3247005918036575,0.1919972263633
2811,28.11,0.35634783466012154,0.19224073267713215
2812,28.12,0.3844023746781296,0.19134122463540656
2813,28.13,0.4164689798105901,0.19077554685342601
2814,28.14,0.4501156610438959,0.19137682242536386
2815,28.150000000000002,0.4751732324362055,0.19026998463765862
2816,28.16,0.5065398869436295,0.18947841834958853
2817,28.17,0.5437111358689887,0.188763378635937
2818,28.18,0.568998744398717,0.1890164616548915
2819,28.19,0.6034505586510521,0.1884550449589301
2820,28.2,0.6353756138076959,0.18737834370843198
2821,28.21,0.6625327636510511,0.1869137890894564
2822,28.22,0.6971138200733795,0.1861553700652257
2823,28.23,0.7260929104536155,0.18490939370384296
2824,28.240000000000002,0.7587022281589949,0.18544071983614108
2825,28.25,0.7813451868828835,0.18409776608534095
2826,28.26,0.8136080750185697,0.18341088685205095
2827,28.27,0.8394518835308593,0.1836990216565315
2828,28.28,0.8667107696542704,0.1805411867713353
2829,28.29,0.8908602384428675,0.18089541059996825
2830,28.3,0.9145427766690128,0.17974810942169944
2831,28.310000000000002,0.9361730459008267,0.17868818231515074
2832,28.32,0.9602875086322891,0.17817527232264047
2833,28.330000000000002,0.9807849255552825,0.17703898227947973
2834,28.34,0.9916259485834297,0.17656667359493952
2835,28.35,1.0137848718006588,0.17501842491625505
2836,28.36,1.0272865502508903,0.17352943703174517
2837,28.37,1.0402882780239955,0.17312247973533706
2838,28.38,1.0544681985559958,0.17197531876998323
2839,28.39,1.071639245682453,0.17059039158837178
2840,28.400000000000002,1.0824419491896107,0.16943026301281905
2841,28.41,1.0905327304723127,0.16960180737763497
2842,28.42,1.1014744955818865,0.16749756126293003
2843,28.43,1.1084982977064464,0.16610049287218928
2844,28.44,1.1207400263533644,0.16457698537223095
2845,28.45,1.1228942149767365,0.16430964793663966
2846,28.46,1.1326708051496435,0.16321053473606972
2847,28.47,1.1354720539748575,0.16135858006273635
2848,28.48,1.1481968558531233,0.16015906948761574
2849,28.490000000000002,1.1433697914372334,0.1603143289002365
2850,28.5,1.1424996648016177,0.1593536413797658
2851,28.51,1.1547928109583885,0.15688576640334417
2852,28.52,1.15654457814268,0.15679978702501227
2853,28.53,1.1547092940700372,0.15446007378702298
2854,28.54,1.16300604058345,0.15394418227346443
2855,28.55,1.1635443733198945,0.15245507304267691
2856,28.560000000000002,1.1616200006919057,0.15173565762213206
2857,28.57,1.1703150223886616,0.15006944269444208
2858,28.580000000000002,1.1607960885146786,0.1496012029379956
2859,28.59,1.1714121078101893,0.14848253953033258
2860,28.6,1.1665639190667236,0.14675805498503025
2861,28.61,1.1719258281372043,0.14514696434293775
2862,28.62,1.1691380876052786,0.14440881389208107
2863,28.63,1.1641329988811628,0.14289502077301136
2864,28.64,1.1689750754621997,0.14253713776685992
2865,28.650000000000002,1.1658639062983909,0.14084828678265626
2866,28.66,1.1663124582031588,0.1396485102699459
2867,28.67,1.1688785242380768,0.13890515373683754
2868,28.68,1.169938627305973,0.13732496315344422
2869,28.69,1.167519880783969,0.13589081533088557
2870,28.7,1.1684980706440025,0.1355514644941553
2871,28.71,1.161277665177257,0.1338277532520835
2872,28.72,1.1615535560378758,0.13315078443625047
2873,28.73,1.1703590330542397,0.13217078305783495
2874,28.740000000000002,1.1560732854753242,0.13021932413020187
2875,28.75,1.1616199992129075,0.12924329018762118
2876,28.76,1.1649179647008505,0.12840997935331525
2877,28.77,1.1595760260551247,0.1274984453234199
2878,28.78,1.1575619935947452,0.12531954118421698
2879,28.79,1.1618656198827453,0.12492299012480153
2880,28.8,1.156411401399841,0.12361704023510404
2881,28.810000000000002,1.1595640204531783,0.12228911658377266
2882,28.82,1.1618862561816437,0.12095125385875072
2883,28.830000000000002,1.1530230899466067,0.12006688523008764
2884,28.84,1.157964514242743,0.1194151591584477
2885,28.85,1.1588916170394705,0.1176799764154565
2886,28.86,1.1530634373272823,0.11587282145130286
2887,28.87,1.1511795432395218,0.11575673091832413
2888,28.88,1.151601169546335,0.11382317130946891
2889,28.89,1.1509097066747254,0.1129145845957688
2890,28.900000000000002,1.1484831326974567,0.1125527530805118
2891,28.91,1.1487679157569954,0.11105313254885131
2892,28.92,1.1502386055156806,0.10992205470184653
2893,28.93,1.1454165837494892,0.10828917287302642
2894,28.94,1.1468130565063763,0.10749314631571413
2895,28.95,1.1413554645671085,0.10699251078345343
2896,28.96,1.1441540835107868,0.1054055027329548
2897,28.97,1.143312201854781,0.10375238194738368
2898,28.98,1.1414278069865862,0.10311675062787476
2899,28.990000000000002,1.1412268575982805,0.10183735121938942
2900,29.0,1.1371545862041308,0.10057670270955452
2901,29.01,1.1421523418843476,0.09956838936779787
2902,29.02,1.134864648358749,0.09833717442641159
2903,29.03,1.1300118667868095,0.09700405002109125
2904,29.04,1.1324549734150984,0.09587752046839072
2905,29.05,1.1296002314852047,0.09493312879492521
2906,29.060000000000002,1.125425655195931,0.09344433587588424
2907,29.07,1.129396094682753,0.0927143186360918
2908,29.080000000000002,1.1266565074664663,0.09117260166497802
2909,29.09,1.1281658737925224,0.09074776488401269
2910,29.1,1.1260084276700835,0.08935753224405255
2911,29.11,1.12556797323458,0.08781751607841455
2912,29.12,1.120290410073405,0.08631690148801748
2913,29.13,1.1240082662582287,0.08603719822416217
2914,29.14,1.1182540276226436,0.08489857617363131
2915,29.150000000000002,1.1201216159992238,0.08307514472075307
2916,29.16,1.1235641260715645,0.08230711087811579
2917,29.17,1.1163081516679636,0.08072033961393961
2918,29.18,1.116338124091559,0.08001190868639334
2919,29.19,1.1111550606571852,0.07925782711264462
2920,29.2,1.1120236750934065,0.07749325350373344
2921,29.21,1.1126260141819595,0.07704284124148256
2922,29.22,1.1104970747205172,0.07546625162459576
2923,29.23,1.1153493133371617,0.0748493472294923
2924,29.240000000000002,1.1130406647253432,0.07322324170273369
2925,29.25,1.108723830756923,0.0730903511801283
2926,29.26,1.1094342841131994,0.07135875018128891
2927,29.27,1.106115807371983,0.06985778988290123
2928,29.28,1.1054729957312683,0.06943298477598076
2929,29.29,1.1035464355600983,0.06826318785835546
2930,29.3,1.1011985712207306,0.06666634887026784
2931,29.310000000000002,1.0971082502021063,0.06603890394716677
2932,29.32,1.1053326246389912,0.0643489701903501
2933,29.330000000000002,1.0994053945496483,0.06348947034840362
2934,29.34,1.0959036002390596,0.062151103763172164
2935,29.35,1.0972843638009955,0.06155570533099828
2936,29.36,1.0927386398478904,0.060196345958780886
2937,29.37,1.0946785714260563,0.05926449509136472
2938,29.38,1.0932806816949572,0.058140508879860255
2939,29.39,1.0859461871622795,0.05793892079533737
2940,29.400000000000002,1.08865305783385,0.05606957954914386
2941,29.41,1.08945914038207,0.054770748122763405
2942,29.42,1.0845914150525817,0.05321215854338059
2943,29.43,1.0893590485237183,0.05351191974746281
2944,29.44,1.083648309072377,0.051517321776007846
2945,29.45,1.0870061662837334,0.050184819999222134
2946,29.46,1.0854875207973367,0.04974921707293244
2947,29.47,1.0846382745593846,0.04855425685345854
2948,29.48,1.0823430954107018,0.04735903100276367
2949,29.490000000000002,1.076190314811039,0.04557722885921898
2950,29.5,1.0839788797013936,0.04525665034618822
2951,29.51,1.077249168597017,0.0443653551012563
2952,29.52,1.0771612043358603,0.042915054165605135
2953,29.53,1.0692917046517405,0.04183659289423809
2954,29.54,1.0720947688574656,0.041156892488054486
2955,29.55,1.072316118278026,0.039570738339744185
2956,29.560000000000002,1.073958247136988,0.03840604462306161
2957,29.57,1.0641935887103473,0.037547707953573865
2958,29.580000000000002,1.0704150217558588,0.036013315951977896
2959,29.59,1.0663076890639245,0.035286034428715696
2960,29.6,1.0677828400081735,0.034426800919907956
2961,29.61,1.0631837601508345,0.03330148815167289
2962,29.62,1.0601405846768872,0.03214202635141737
2963,29.63,1.0643183793188573,0.030791618501141108
2964,29.64,1.0586476103659044,0.029809418815362265
2965,29.650000000000002,1.061371067905828,0.028378124635751522
2966,29.66,1.0553518683880756,0.02853215765292251
2967,29.67,1.0540646037800354,0.027156880783644807
2968,29.68,1.0509227647886372,0.025653679930754535
2969,29.69,1.0449619732861688,0.024682098759789817
2970,29.7,1.0482847407954055,0.02398328495264069
2971,29.71,1.04758192709464,0.02250525696037647
2972,29.72,1.0524522589160563,0.021859478441068374
2973,29.73,1.0441629057217605,0.021267449162721976
2974,29.740000000000002,1.0512822149406693,0.019448650824817153
2975,29.75,1.0443963206486715,0.018477785289567207
2976,29.76,1.0420416440327773,0.017302933850941903
2977,29.77,1.042910654179321,0.016410534114690213
2978,29.78,1.044286918112467,0.015665654300747924
2979,29.79,1.038309249524597,0.014987020303593232
2980,29.8,1.041773088270134,0.014012390987657653
2981,29.810000000000002,1.0373997844180807,0.012304490467628966
2982,29.82,1.0371982217791227,0.011546684390305482
2983,29.830000000000002,1.0355557103064696,0.009940003761453153
2984,29.84,1.0363625731846275,0.009162225856350617
2985,29.85,1.0307816781508363,0.007353612146232558
2986,29.86,1.0326383874272256,0.007042827258740396
2987,29.87,1.029497970756778,0.006062477146681119
2988,29.88,1.0303997126539088,0.005237653936581731
2989,29.89,1.0295672199923274,0.003948173888986796
2990,29.900000000000002,1.023595206216134,0.0036119674443745864
2991,29.91,1.0235576009339766,0.0017792036145539791
2992,29.92,1.0249703534456438,0.000833380067598398
2993,29.93,1.0230721123844098,-0.00039332166221855026
2994,29.94,1.016480263346128,-0.0013630297353000678
2995,29.95,1.0134789009700036,-0.001213776351906969
2996,29.96,1.0108546889159182,-0.0030857229302149107
2997,29.97,1.0133782377239413,-0.0037336109949563114
2998,29.98,1.0152389675212106,-0.00562602567857415
2999,29.990000000000002,1.0099874059530587,-0.00725473216891743
