,t,x,y
0,0.0,0.35570934713852215,0.21698383720434386
1,0.01,0.3856058689110886,0.21661547878563284
2,0.02,0.42723374297796385,0.21643305326709314
3,0.03,0.457950609689536,0.2161129590855674
4,0.04,0.48663431773544635,0.2153983905967813
5,0.05,0.5267795548627694,0.21400290239017775
6,0.06,0.5594478776394062,0.21425736760024305
7,0.07,0.5913225859140906,0.21363732877519265
8,0.08,0.6257206459679391,0.213151135826813
9,0.09,0.6596723803551681,0.2117187815102082
10,0.1,0.6945161850873781,0.21174990442915229
11,0.11,0.7322659344646013,0.21118965959331695
12,0.12,0.7550772104325653,0.21014211835998967
13,0.13,0.7959898519774283,0.20935961856424595
14,0.14,0.8175570118942689,0.2088323872048534
15,0.15,0.8512761739367944,0.2074591355925143
16,0.16,0.8777208511977831,0.20674400526316167
17,0.17,0.8966837079500319,0.20587709445843227
18,0.18,0.926442352267254,0.20495253101265365
19,0.19,0.9509937227678423,0.20354143043603748
20,0.2,0.9770814864841676,0.20284183803252087
21,0.21,0.9966655350338653,0.20140805728061006
22,0.22,1.018461383772099,0.20052594838296578
23,0.23,1.04018812395513,0.20105068794955241
24,0.24,1.056328997491806,0.1996217447755416
25,0.25,1.0664058190999781,0.1974975462657131
26,0.26,1.0832371534696024,0.1964185723702949
27,0.27,1.0947808128161984,0.19568139373503285
28,0.28,1.1048709367446743,0.1946141407399381
29,0.29,1.1127531721430834,0.1930220198278246
30,0.3,1.1259202027943664,0.1923929213246462
31,0.31,1.1331699954566476,0.19138598259561038
32,0.32,1.1425577673193172,0.18997338209819892
33,0.33,1.1524025605319566,0.18848820288336368
34,0.34,1.155893694977106,0.18701841949291348
35,0.35000000000000003,1.158980082080816,0.18659500370280382
36,0.36,1.165786234667907,0.18605119659044742
37,0.37,1.1730711598531818,0.18397432026491212
38,0.38,1.177293912812266,0.1827521394733529
39,0.39,1.180053575516148,0.18214009577586654
40,0.4,1.1805769871958098,0.18088428696577008
41,0.41000000000000003,1.1836497606717193,0.17992773356890363
42,0.42,1.190569570926605,0.17799510181232586
43,0.43,1.1862999864234942,0.1769949451407073
44,0.44,1.18726823720219,0.17611927487269255
45,0.45,1.1913224763579213,0.17481716887853396
46,0.46,1.1818208600646012,0.1734011485043648
47,0.47000000000000003,1.1885030892012176,0.17147141735545698
48,0.48,1.1958885179173924,0.17153672879317083
49,0.49,1.194627688761595,0.1704837542836249
50,0.5,1.1913232596766887,0.1695330919415169
51,0.51,1.1995259519427846,0.1675756064728179
52,0.52,1.1934871823699182,0.1665361175972676
53,0.53,1.1901250456284893,0.1651797137619367
54,0.54,1.1924680076295575,0.16332943759641502
55,0.55,1.190622606134739,0.1622901400050822
56,0.56,1.1929746934760026,0.16160934514639821
57,0.5700000000000001,1.1900749778757942,0.16050585302980475
58,0.58,1.1926840376148593,0.1593593624043712
59,0.59,1.1961382913165086,0.1586847333461385
60,0.6,1.188697080757544,0.1564047997338061
61,0.61,1.1851311929386183,0.1549017829864839
62,0.62,1.1856810688695834,0.1544145646904004
63,0.63,1.1812082747473056,0.1535759301761468
64,0.64,1.1826048154612923,0.1523027893027589
65,0.65,1.1864416331984426,0.1506898125411377
66,0.66,1.1865257037250807,0.14974755419311073
67,0.67,1.1821862187319765,0.1486113836588446
68,0.68,1.1826047328604194,0.147190623241551
69,0.6900000000000001,1.182654567782832,0.14632341246046127
70,0.7000000000000001,1.1821013359024877,0.1453671249521562
71,0.71,1.1813494857562767,0.14313497793502764
72,0.72,1.1755604468974847,0.14205951946758205
73,0.73,1.1736341433076811,0.14112698609930763
74,0.74,1.1757768499923933,0.1407278237978225
75,0.75,1.1704292416781328,0.139361134005996
76,0.76,1.177988031239803,0.13824210395795294
77,0.77,1.1735892512904729,0.13716318996032795
78,0.78,1.1680609745930068,0.13602555909793554
79,0.79,1.172372496795167,0.13488668087996875
80,0.8,1.170321382051455,0.13334998926289066
81,0.81,1.1703383046813496,0.13223853888624557
82,0.8200000000000001,1.1717946488252025,0.131128899320068
83,0.8300000000000001,1.1668514304747544,0.12975029630502805
84,0.84,1.1729701934225667,0.1288083115477405
85,0.85,1.1644750337127037,0.12779000408015334
86,0.86,1.161015047697023,0.12669500194526195
87,0.87,1.1651113880856367,0.12538522323254464
88,0.88,1.1566815225261788,0.12428880631225031
89,0.89,1.1596003003632536,0.123244764098895
90,0.9,1.157714361141861,0.12193707005766516
91,0.91,1.1556241620057415,0.12099229457452995
92,0.92,1.1588924799349263,0.11967117472817422
93,0.93,1.1523573354983105,0.11855483180257112
94,0.9400000000000001,1.1518946059303383,0.11755356394744478
95,0.9500000000000001,1.1523137036658762,0.11577279654193898
96,0.96,1.1504013384053815,0.1152481470688208
97,0.97,1.1509906101475476,0.11354122717172897
98,0.98,1.1497798034344833,0.11184978409085777
99,0.99,1.150747566227832,0.11171434483043073
100,1.0,1.1502694776478553,0.10977480759343701
101,1.01,1.1435400351638003,0.10930199245082098
102,1.02,1.1457089830677007,0.10782965800728243
103,1.03,1.1445636639608783,0.10621553120956628
104,1.04,1.1485270995814885,0.1061790461395838
105,1.05,1.1414015400282107,0.10459491008046091
106,1.06,1.1409291444846066,0.10298431439873122
107,1.07,1.1371912967465208,0.1028533895620201
108,1.08,1.1385967034097593,0.10116958766660857
109,1.09,1.1368174806125357,0.09959080228507362
110,1.1,1.1352715712606445,0.09894149912740956
111,1.11,1.133332998731581,0.09739041794188202
112,1.12,1.1383930370425948,0.09665251008352889
113,1.1300000000000001,1.1320881166691763,0.09480347510656346
114,1.1400000000000001,1.1340387433920947,0.09454148781796261
115,1.1500000000000001,1.1312742984695694,0.09328729278126267
116,1.16,1.131160664041148,0.091552413080723
117,1.17,1.1319543635373581,0.09132089290805802
118,1.18,1.1295704259997468,0.0898446897947691
119,1.19,1.1264884463271785,0.08834323885413535
120,1.2,1.1239231016078055,0.08704734461819402
121,1.21,1.1229704542930465,0.08615177947609824
122,1.22,1.1207378171719922,0.08438302031476898
123,1.23,1.12330868515049,0.08502395607207443
124,1.24,1.1195993977327845,0.08304613104025842
125,1.25,1.1230594513211372,0.08108364503661242
126,1.26,1.119462145877024,0.08085602987307586
127,1.27,1.1188023073420932,0.07996210451520466
128,1.28,1.1171400470563968,0.0790563931630469
129,1.29,1.1143706610548523,0.0775262868818739
130,1.3,1.1201224639263443,0.07657873321805925
131,1.31,1.113969301180921,0.0757372927254543
132,1.32,1.1121858371743985,0.0740634672854874
133,1.33,1.1121462907442343,0.07332018733783335
134,1.34,1.1060892533794064,0.07080093007331147
135,1.35,1.1140446853915187,0.0704467818274059
136,1.36,1.102818914000929,0.06982870823899529
137,1.37,1.1030620583033468,0.06907867103056413
138,1.3800000000000001,1.1075322743087386,0.06764357935089577
139,1.3900000000000001,1.1028096486667394,0.0659600708241357
140,1.4000000000000001,1.0998825100253458,0.06544078141198394
141,1.41,1.096064961230197,0.06457892155647751
142,1.42,1.101115085269774,0.06287249314117636
143,1.43,1.0968724885203736,0.062011070053156654
144,1.44,1.0893413787170183,0.06143040012387325
145,1.45,1.09298644304726,0.05956274363483929
146,1.46,1.0927430257545887,0.05850078144684532
147,1.47,1.0922289056043881,0.05746082726858738
148,1.48,1.0874717975914772,0.05691140863324264
149,1.49,1.0931920723200983,0.05521920825592679
150,1.5,1.0922355585431651,0.054341176436144195
151,1.51,1.0848018599928038,0.05255699978663795
152,1.52,1.0824699346753799,0.05166949349604668
153,1.53,1.085848202797409,0.05112259460094862
154,1.54,1.0869750229136743,0.04984135005577484
155,1.55,1.0853469741049706,0.0489517921468059
156,1.56,1.0765749535994382,0.04765976149050084
157,1.57,1.0810870239639236,0.0470473155902929
158,1.58,1.0795701369764956,0.046227351420549935
159,1.59,1.082327756964393,0.04434579412833564
160,1.6,1.078725305809474,0.04343906894483499
161,1.61,1.0780593371216274,0.042505805688285304
162,1.62,1.074451621855939,0.041077905551310016
163,1.6300000000000001,1.0707775660883199,0.040070063684490224
164,1.6400000000000001,1.0762641204834695,0.0389270613284509
165,1.6500000000000001,1.0714845873075474,0.03840807786453612
166,1.6600000000000001,1.0730847397099295,0.03676715607609989
167,1.67,1.0664867770956787,0.03582637546516796
168,1.68,1.067946765811188,0.035302732287089945
169,1.69,1.0611989829500603,0.03424070908632982
170,1.7,1.0628177905063032,0.03287672510484743
171,1.71,1.0571292184321948,0.031275474240105086
172,1.72,1.058597907885765,0.030608729659798713
173,1.73,1.0650291347370462,0.029719604456577554
174,1.74,1.056773195061953,0.02850657542463427
175,1.75,1.0546633612773701,0.026661022933027155
176,1.76,1.0583284942131157,0.026640212532504277
177,1.77,1.0538048710675862,0.02494546899744935
178,1.78,1.0515861409915697,0.02437478143177786
179,1.79,1.0504677321518345,0.02349229439338339
180,1.8,1.0476937170248433,0.02083453610901633
181,1.81,1.0447719125020234,0.021128478276276737
182,1.82,1.044345489441241,0.020357909983805756
183,1.83,1.0458361951652237,0.019534099586298603
184,1.84,1.0382976527074939,0.0171692304020873
185,1.85,1.0444132971402234,0.01691872524450191
186,1.86,1.0382905406855605,0.0156731472690731
187,1.87,1.039590000094977,0.014745691365469667
188,1.8800000000000001,1.035488958159334,0.013767602486281501
189,1.8900000000000001,1.0319215816375094,0.013163620099752442
190,1.9000000000000001,1.03370647998635,0.011555129433846493
191,1.9100000000000001,1.0335236063230562,0.010615096358235107
192,1.92,1.0353867004971724,0.00916863235990811
193,1.93,1.0277402224656353,0.008501669644183694
194,1.94,1.0288181517870219,0.007217734135441417
195,1.95,1.0273353102321385,0.006235999521351721
196,1.96,1.0285106658683807,0.004993038148513977
197,1.97,1.0223867906353032,0.003926557328427397
198,1.98,1.0274484623381233,0.0028607031272975137
199,1.99,1.0226796755447631,0.0024235180059541265
200,2.0,1.0207262967447295,0.0017985568361861305
201,2.0100000000000002,1.0218877801997521,0.0007205319326589772
202,2.02,1.0179683052468396,-0.0010837501905215494
203,2.0300000000000002,1.0199377759484893,-0.0019838689494709565
204,2.04,1.020405164609076,-0.0027321070760730893
205,2.05,1.013271677516014,-0.003732578662860934
206,2.06,1.0149642496735312,-0.004860267241616982
207,2.07,1.013331708458377,-0.0059020309244790575
208,2.08,1.0115136941891967,-0.006734285171099686
209,2.09,1.010559779175894,-0.007519280137042033
210,2.1,1.0104937005236427,-0.008816614535156062
211,2.11,1.0035877820783816,-0.009646262288690408
212,2.12,0.9981969596594323,-0.010585883321235121
213,2.13,1.0035332446682785,-0.011576908577726133
214,2.14,1.0026075608936122,-0.012412026660447509
215,2.15,0.9997321113068638,-0.013363831473795863
216,2.16,0.9937923451375411,-0.014900118943172802
217,2.17,0.9991113135773779,-0.0161181013186637
218,2.18,0.9960412127781487,-0.017092681660244483
219,2.19,0.9934123742889281,-0.0170211229221384
220,2.2,0.9920280917575601,-0.01818277691644782
221,2.21,0.9928189423929379,-0.0189533322805769
222,2.22,0.9894975930423169,-0.020460913990891377
223,2.23,0.9887871918412571,-0.02212536931067738
224,2.24,0.9895260015999655,-0.022843007131164092
225,2.25,0.9882487477351531,-0.023582582356263256
226,2.2600000000000002,0.986422063274803,-0.02488478716953953
227,2.27,0.9864100489723372,-0.02547421776611257
228,2.2800000000000002,0.9838945544000617,-0.02641251090338679
229,2.29,0.9811247200759405,-0.027632725101609176
230,2.3000000000000003,0.9832945578284168,-0.028910792999797198
231,2.31,0.9808529347247059,-0.02986198044201259
232,2.32,0.9744561487268126,-0.03030496968716525
233,2.33,0.9710705405070665,-0.031345599954868096
234,2.34,0.9785524236008178,-0.03282897545673098
235,2.35,0.970357515671704,-0.03306145266703442
236,2.36,0.9733982506963365,-0.03358003984663319
237,2.37,0.9675212641168017,-0.0362073080845231
238,2.38,0.9689336188330531,-0.035869461439219624
239,2.39,0.9638758200735215,-0.03676355604377117
240,2.4,0.9612787979970393,-0.03805388409966224
241,2.41,0.9609039857061258,-0.039791460994271874
242,2.42,0.9622739433272159,-0.04003312672613753
243,2.43,0.957804938617963,-0.04096224386776409
244,2.44,0.9605355841058738,-0.041936393728655735
245,2.45,0.9558019181470682,-0.04305019781583158
246,2.46,0.9519330392584692,-0.0443723712717986
247,2.47,0.9517167392080544,-0.04533535146286893
248,2.48,0.9520786195761664,-0.046370183108252694
249,2.49,0.9484570406999429,-0.04747001279832498
250,2.5,0.9511872391238914,-0.046983262136924005
251,2.5100000000000002,0.948827320233175,-0.04841976162372497
252,2.52,0.9454386871045156,-0.0496568053520171
253,2.5300000000000002,0.9389503556540411,-0.05111498071324115
254,2.54,0.9440659720690521,-0.05166179145537
255,2.5500000000000003,0.937023542851539,-0.05226360463534865
256,2.56,0.9380180632660751,-0.05301190416220316
257,2.57,0.9359536525009509,-0.05465946970865113
258,2.58,0.9345007399978373,-0.05517997251013415
259,2.59,0.9317982549656018,-0.05617069890502894
260,2.6,0.9332860571300049,-0.056867054324942365
261,2.61,0.927607465683425,-0.05811078889788571
262,2.62,0.9298728852606103,-0.05872554387545197
263,2.63,0.9291481914696716,-0.06088253697167722
264,2.64,0.9262245193860646,-0.060470867216337536
265,2.65,0.9237090500203845,-0.06210109025619712
266,2.66,0.9228587213900921,-0.0628050613041853
267,2.67,0.9190438958660616,-0.06346838982923518
268,2.68,0.9180860901045961,-0.06473234258180922
269,2.69,0.9164668100671647,-0.06470307915650342
270,2.7,0.9188248863326762,-0.06679593222679112
271,2.71,0.9157171304780934,-0.0671659593665826
272,2.72,0.9075889458490453,-0.06754325282319787
273,2.73,0.9093332393972948,-0.06872409991900424
274,2.74,0.9143522836754185,-0.06975727387371224
275,2.75,0.9058258920331025,-0.07131715663373897
276,2.7600000000000002,0.9105625140007414,-0.07195394644152323
277,2.77,0.9078347905447549,-0.07267748546875576
278,2.7800000000000002,0.9027296895248835,-0.0731228991375346
279,2.79,0.902400045320867,-0.07393735536531007
280,2.8000000000000003,0.8986930665819138,-0.07592339261253198
281,2.81,0.8961972710516374,-0.07631388212964241
282,2.82,0.8879459433060026,-0.07744566642378295
283,2.83,0.8917098765831775,-0.07838427686548113
284,2.84,0.895253719026142,-0.0787706294421189
285,2.85,0.8943234324334501,-0.08074866449931421
286,2.86,0.8872307523695852,-0.08056119020488411
287,2.87,0.8862939536764377,-0.08220200166264188
288,2.88,0.8872731387928123,-0.08302735009882217
289,2.89,0.8812883621120153,-0.08403991095979663
290,2.9,0.8787737763234432,-0.08455352474722015
291,2.91,0.8781122774427971,-0.0856066076307114
292,2.92,0.8754207996117284,-0.08564296306768893
293,2.93,0.8757800402578142,-0.08722216716185223
294,2.94,0.8712243919798905,-0.08804596561694712
295,2.95,0.8712982251590831,-0.08907033527373641
296,2.96,0.8605846465787109,-0.08951294334717658
297,2.97,0.86451118173253,-0.09045253569876777
298,2.98,0.8631249825756032,-0.09118221259065197
299,2.99,0.8657694712954275,-0.0924116615353082
300,3.0,0.8623110592709443,-0.09298220670152652
301,3.0100000000000002,0.8593566373555025,-0.09406572785441479
302,3.02,0.8562954895061108,-0.0948864359658112
303,3.0300000000000002,0.8589537765718729,-0.096344028737412
304,3.04,0.8512218747157736,-0.09641906384231279
305,3.0500000000000003,0.851195176655497,-0.09799133348679687
306,3.06,0.848600768560815,-0.09835798080573128
307,3.0700000000000003,0.8524770325385393,-0.09896011370151504
308,3.08,0.8458464516948929,-0.10005055804747566
309,3.09,0.8474742290484659,-0.10064928826885897
310,3.1,0.8422207727342484,-0.10147269488467794
311,3.11,0.8436808278664737,-0.10273914503540944
312,3.12,0.8405191475349091,-0.1029362735368011
313,3.13,0.8363330761431419,-0.10427150230856393
314,3.14,0.8356156220878568,-0.10488093133326729
315,3.15,0.8318058053666825,-0.10686675072681007
316,3.16,0.8300089586551365,-0.10674307299342156
317,3.17,0.8268245429767435,-0.10742421599079496
318,3.18,0.8283758118700625,-0.10797060965180647
319,3.19,0.8270975274181374,-0.10872450357821715
320,3.2,0.8203260275605587,-0.11062039201966282
321,3.21,0.8170859482688694,-0.11095119567995662
322,3.22,0.8191583429769204,-0.11127446314725932
323,3.23,0.8119658047508376,-0.11175863305352089
324,3.24,0.8178068268340479,-0.11302299823577897
325,3.25,0.8167394160089877,-0.11403964155549551
326,3.2600000000000002,0.8026529702812318,-0.11534624408275143
327,3.27,0.8127451151577374,-0.11554163967337976
328,3.2800000000000002,0.8138091595607906,-0.11649353610881769
329,3.29,0.8050990728428341,-0.11754731342447645
330,3.3000000000000003,0.7957180935480049,-0.11894316531612403
331,3.31,0.8007325066528526,-0.1194085869666377
332,3.3200000000000003,0.7912604807693316,-0.11992434382075487
333,3.33,0.7948461099806761,-0.12037209171067127
334,3.34,0.7879939683101308,-0.12153797660578446
335,3.35,0.7918820319846573,-0.12276748241710982
336,3.36,0.7907307865507112,-0.12242097479180154
337,3.37,0.7854444899910964,-0.12338731200641365
338,3.38,0.7845884114275912,-0.12410476009799305
339,3.39,0.7791795072069299,-0.12464791925962733
340,3.4,0.7772502382930716,-0.12608473484143473
341,3.41,0.7735982399377017,-0.1264969189185374
342,3.42,0.7686279504112324,-0.12750777262371402
343,3.43,0.7663471911419147,-0.12725074231756278
344,3.44,0.7673023859352301,-0.1288597375571239
345,3.45,0.7622193269809682,-0.12995927316841124
346,3.46,0.7561327196956007,-0.13043758479955306
347,3.47,0.7562182823254266,-0.13070828746651802
348,3.48,0.7543072164726958,-0.13186328656412416
349,3.49,0.7510762060317283,-0.13260600100060838
350,3.5,0.7521198013535418,-0.133891851814709
351,3.5100000000000002,0.7483607483953935,-0.13455134296588095
352,3.52,0.7433350562636551,-0.1358159283765292
353,3.5300000000000002,0.7432958655779,-0.13568062101534678
354,3.54,0.7444632260728992,-0.13648821507037084
355,3.5500000000000003,0.7410419903581995,-0.13677956062493912
356,3.56,0.7374924324371654,-0.13874929234556488
357,3.5700000000000003,0.7332073312306836,-0.13824095274851142
358,3.58,0.7372777429834407,-0.13924125881683957
359,3.59,0.7363181800246135,-0.1400073441283929
360,3.6,0.7303756339762257,-0.1409286776752084
361,3.61,0.7217460536964472,-0.141717118790044
362,3.62,0.7167507719241264,-0.1425903479998722
363,3.63,0.7229904744526221,-0.14362999912026556
364,3.64,0.711905266987969,-0.14369297665203004
365,3.65,0.71656553135382,-0.14425154298221396
366,3.66,0.71174356079714,-0.14561444319537675
367,3.67,0.713830031704818,-0.14549083424821657
368,3.68,0.7055289199936416,-0.14672340487335367
369,3.69,0.7043729498694292,-0.14749208529796007
370,3.7,0.6990029673726822,-0.1480506699787165
371,3.71,0.698779767359205,-0.14886592071873578
372,3.72,0.693456363760136,-0.14929510327149995
373,3.73,0.6907236201921478,-0.15078722249939444
374,3.74,0.6845523565701711,-0.1511468514693223
375,3.75,0.6851572710934396,-0.15168214759272344
376,3.7600000000000002,0.6830033901207941,-0.1531790658395748
377,3.77,0.6769026662037932,-0.1528812058868986
378,3.7800000000000002,0.6751148268691971,-0.15325725773522356
379,3.79,0.6702114307699414,-0.15408249336914728
380,3.8000000000000003,0.6679494771369728,-0.15469071006865864
381,3.81,0.6671556008354551,-0.15655277791747657
382,3.8200000000000003,0.6688928157107029,-0.15654896685320208
383,3.83,0.6628997631360447,-0.1564323798453363
384,3.84,0.6525506579134416,-0.1575859412547047
385,3.85,0.6503312283416189,-0.1592160453338539
386,3.86,0.652675137943322,-0.15865425918919931
387,3.87,0.650842071763398,-0.15871195655520817
388,3.88,0.6378916629256126,-0.1599142476887891
389,3.89,0.6453510362866386,-0.16102178180131135
390,3.9,0.636377475731531,-0.16174776782413494
391,3.91,0.6364901540640708,-0.16271618730232953
392,3.92,0.6279273331412776,-0.1620831797958005
393,3.93,0.6230470502963047,-0.16403953089460582
394,3.94,0.6196602812767558,-0.16355894526842446
395,3.95,0.6235380643987917,-0.16432801857011448
396,3.96,0.6162846175718888,-0.1650761011280932
397,3.97,0.6115036942831644,-0.16643330803426978
398,3.98,0.5973062389551083,-0.16622640758131701
399,3.99,0.603239313187534,-0.1667994617228453
400,4.0,0.5952180184949599,-0.16697608350733667
401,4.01,0.5927083120050309,-0.1672937696756384
402,4.0200000000000005,0.5911033069484373,-0.16801618817119543
403,4.03,0.5904371892155865,-0.16909044030687329
404,4.04,0.5826112504561253,-0.17062535721484773
405,4.05,0.5729769938696698,-0.17097625732340468
406,4.0600000000000005,0.5728717869344986,-0.1715651710730691
407,4.07,0.5728381804826684,-0.1715223757524075
408,4.08,0.5634637387750216,-0.1726789132618949
409,4.09,0.5560869921632124,-0.17287552226967512
410,4.1,0.5487776438578403,-0.17359032910182934
411,4.11,0.5490689875382609,-0.1739793387519354
412,4.12,0.5450195385442786,-0.17427154624846353
413,4.13,0.5403258724952557,-0.1747438200741117
414,4.14,0.5373583143556558,-0.17624542301980514
415,4.15,0.5326275324009941,-0.17715594311181382
416,4.16,0.5240293239102615,-0.17701937780160446
417,4.17,0.5199859373292952,-0.17689018296136005
418,4.18,0.5142421365034942,-0.17763184993467232
419,4.19,0.5129250358792433,-0.1789145003783286
420,4.2,0.5048929193458458,-0.17886729778476873
421,4.21,0.5021486657263476,-0.17946324825605206
422,4.22,0.5001213593382808,-0.17920145116020098
423,4.23,0.49318555801075237,-0.18032079213388674
424,4.24,0.4852220834259142,-0.18125464685865492
425,4.25,0.4858041740400399,-0.18131564022316551
426,4.26,0.47587515547396325,-0.18166543652209458
427,4.2700000000000005,0.4700689213239537,-0.1815417953368356
428,4.28,0.4647707039302136,-0.18197229312808633
429,4.29,0.4631078968144922,-0.18298377410343847
430,4.3,0.4477607647921543,-0.18312961085916096
431,4.3100000000000005,0.4406515617777917,-0.18370896570991227
432,4.32,0.43649074936176724,-0.1841034087556073
433,4.33,0.43509679622705894,-0.18434319197250643
434,4.34,0.42221205253556454,-0.18517138540631656
435,4.3500000000000005,0.4196960949180922,-0.18586832724936075
436,4.36,0.41211382735039004,-0.18666079798569443
437,4.37,0.4022615017850656,-0.1864211036535857
438,4.38,0.39277565925169017,-0.18760492025008882
439,4.39,0.3901660601573349,-0.1871327933070531
440,4.4,0.38215675568569624,-0.1885527452175483
441,4.41,0.36867398887627556,-0.1878761784288854
442,4.42,0.3677689400942222,-0.18880720914735802
443,4.43,0.3594028681922288,-0.18909613407031778
444,4.44,0.34690107350745564,-0.18905145460587272
445,4.45,0.3378092555749519,-0.18895974536006818
446,4.46,0.3301986511739689,-0.19001457805041402
447,4.47,0.3214128446714815,-0.1901678047561419
448,4.48,0.31064494657696834,-0.190219058726832
449,4.49,0.29037575715406067,-0.19045453459052425
450,4.5,0.29116193572640414,-0.1910255983605587
451,4.51,0.2766137376280812,-0.1915658134032947
452,4.5200000000000005,0.26937659573899014,-0.1918810040286278
453,4.53,0.25868780648420575,-0.19165716729527912
454,4.54,0.24344705320022908,-0.19211147588933214
455,4.55,0.23803268795294402,-0.19191240830032075
456,4.5600000000000005,0.22150135910565497,-0.19288733167106112
457,4.57,0.20684287310496605,-0.19315269397600465
458,4.58,0.19180480761151963,-0.19289510530685774
459,4.59,0.18451970144047172,-0.19276582608419843
460,4.6000000000000005,0.169890669178168,-0.19330607933797347
461,4.61,0.15422118577640295,-0.19309624923630622
462,4.62,0.14174992235988707,-0.19363824022477305
463,4.63,0.12407359047112847,-0.193652919159446
464,4.64,0.11263397049661403,-0.1937601103802446
465,4.65,0.09348207818807755,-0.19394508814049594
466,4.66,0.0773266509626355,-0.1937221559423459
467,4.67,0.064726066566638,-0.19394752884837155
468,4.68,0.04328835342077547,-0.19440465132401707
469,4.69,0.017212391947164812,-0.1941766887510519
470,4.7,0.007138195175213169,-0.1945462892517226
471,4.71,-0.012046280523803535,-0.1945605867402367
472,4.72,-0.0330733562825966,-0.19323187292181793
473,4.73,-0.05329757578542594,-0.19420229556761695
474,4.74,-0.07422448513450994,-0.1937235979503105
475,4.75,-0.09608350422191642,-0.19375249954034654
476,4.76,-0.12288133232783087,-0.19380406448475263
477,4.7700000000000005,-0.1473692620210326,-0.19426408712600587
478,4.78,-0.16646080421812431,-0.19368764889255843
479,4.79,-0.19848179715218997,-0.19357278651971152
480,4.8,-0.21788077743946893,-0.19326022744829643
481,4.8100000000000005,-0.24907820567288383,-0.19368964178292242
482,4.82,-0.27355200398098356,-0.19300232129559508
483,4.83,-0.30210719157718985,-0.19330275573473824
484,4.84,-0.33348508410660693,-0.1918957560320338
485,4.8500000000000005,-0.36035401446358784,-0.19109918932310652
486,4.86,-0.3924734835641,-0.19037681048724844
487,4.87,-0.42579372502633445,-0.19141572384854794
488,4.88,-0.45361942744766026,-0.19020321151063485
489,4.89,-0.4807761093965787,-0.1903827491667124
490,4.9,-0.5189545910828572,-0.18997605913932863
491,4.91,-0.5495506954758663,-0.1895870163772193
492,4.92,-0.5786642277857839,-0.18832942176835937
493,4.93,-0.6085791615253927,-0.18747379154513094
494,4.94,-0.6337936583422119,-0.18737511240298377
495,4.95,-0.6737191771622986,-0.18711047858622665
496,4.96,-0.7026412894196975,-0.1854389294921923
497,4.97,-0.7337909320181775,-0.18573777201144506
498,4.98,-0.7589679503977531,-0.1845866595214237
499,4.99,-0.7902150350993244,-0.18428177550023947
500,5.0,-0.8168625111254516,-0.18367705572175513
501,5.01,-0.8443523982474188,-0.18174116550695965
502,5.0200000000000005,-0.8717076711893923,-0.18141449306274995
503,5.03,-0.8980979124242416,-0.18091603188483174
504,5.04,-0.9216247984945318,-0.17933592124202163
505,5.05,-0.945216531004141,-0.17843948908224336
506,5.0600000000000005,-0.9642867476810671,-0.17747716416478945
507,5.07,-0.9864799765244616,-0.1761028090291208
508,5.08,-1.002293512876276,-0.17629820243574498
509,5.09,-1.0167119197520826,-0.1745541086529335
510,5.1000000000000005,-1.0330877638075016,-0.17365976660649204
511,5.11,-1.0494439093831076,-0.1729001736074612
512,5.12,-1.0610667713177004,-0.17149021062404493
513,5.13,-1.0728990950122201,-0.17018737690609026
514,5.14,-1.0774971535959645,-0.16910005853125895
515,5.15,-1.094869610688807,-0.16796463066332087
516,5.16,-1.1051765388361199,-0.16693735842713697
517,5.17,-1.114579949548186,-0.16586361855159668
518,5.18,-1.1164002551726198,-0.16499581295178525
519,5.19,-1.1232830504559193,-0.1641584643651359
520,5.2,-1.1325980704720935,-0.16264190880949606
521,5.21,-1.1392983312343565,-0.1617570259986958
522,5.22,-1.1442368557080418,-0.16076836801083888
523,5.23,-1.1428158288929295,-0.16043985374787678
524,5.24,-1.1446004193765182,-0.15831443213834362
525,5.25,-1.1525741108654082,-0.15741538262027896
526,5.26,-1.1597694612394678,-0.15572758528585715
527,5.2700000000000005,-1.1598360639159908,-0.15543807278458613
528,5.28,-1.159804399721319,-0.15383165039767363
529,5.29,-1.1589239554346504,-0.1523807702364492
530,5.3,-1.1619636489315723,-0.15172742053499214
531,5.3100000000000005,-1.165174041280573,-0.1502179018244961
532,5.32,-1.1684828873639963,-0.14944872905360732
533,5.33,-1.1669918924424736,-0.14808656705552264
534,5.34,-1.1650718945383782,-0.1463219832894966
535,5.3500000000000005,-1.1692496602089082,-0.14497451716080514
536,5.36,-1.166168979785835,-0.1447246662701974
537,5.37,-1.1675331945774605,-0.14326801176363904
538,5.38,-1.1687442304749602,-0.14137761844568378
539,5.39,-1.1703470214536786,-0.1411835099715296
540,5.4,-1.1712550108925364,-0.1402178881737719
541,5.41,-1.1682813847882472,-0.13859827312546633
542,5.42,-1.1642032743119228,-0.13693788130132692
543,5.43,-1.1695922109061168,-0.13609785905760868
544,5.44,-1.164244520603855,-0.1348914601101486
545,5.45,-1.1670826761310957,-0.13368698569319468
546,5.46,-1.159223463314797,-0.13277408101675217
547,5.47,-1.161982497232726,-0.1315948791379848
548,5.48,-1.1649503728353463,-0.13012038271451387
549,5.49,-1.1629166866301424,-0.12869989508243593
550,5.5,-1.162773341707725,-0.12780590381923226
551,5.51,-1.1624340869421992,-0.1265444918145178
552,5.5200000000000005,-1.1590279241819719,-0.12633937425988565
553,5.53,-1.1631800485762367,-0.12431780973483772
554,5.54,-1.157231804430549,-0.12299681272511757
555,5.55,-1.1608223692584607,-0.12185232944848493
556,5.5600000000000005,-1.1536027500862291,-0.12122547171893719
557,5.57,-1.1580419557751034,-0.11990099428716923
558,5.58,-1.1592056634306465,-0.11785605176410426
559,5.59,-1.1544554050465872,-0.11731396405609125
560,5.6000000000000005,-1.156445756061159,-0.11624793193673329
561,5.61,-1.1514119134129415,-0.11439318624156794
562,5.62,-1.1534813168542033,-0.11402236005043041
563,5.63,-1.1516590372107987,-0.11277633619992457
564,5.64,-1.147513075902776,-0.11227950353119312
565,5.65,-1.145307903100448,-0.11041154862765769
566,5.66,-1.143886117216901,-0.1096580926632163
567,5.67,-1.150895772466451,-0.10863199868978642
568,5.68,-1.1437719524563967,-0.10758745121766967
569,5.69,-1.1427157594599906,-0.10659546401639285
570,5.7,-1.1382670425911436,-0.10499914797031057
571,5.71,-1.143321002157189,-0.10343165221652618
572,5.72,-1.1393062612842804,-0.10311796794092878
573,5.73,-1.1435790227887226,-0.10130937505946548
574,5.74,-1.1358251653145104,-0.10016841995008192
575,5.75,-1.1400236325913289,-0.09958405049199587
576,5.76,-1.1319817914498036,-0.09901261403338672
577,5.7700000000000005,-1.1318859429540218,-0.09775049522308914
578,5.78,-1.1347311697328304,-0.09599402148239909
579,5.79,-1.1324628837994433,-0.09421907735306553
580,5.8,-1.1291668223892117,-0.09406953895156943
581,5.8100000000000005,-1.131972295894544,-0.09223691598602415
582,5.82,-1.1297295648349617,-0.09079167013304258
583,5.83,-1.1292878222279639,-0.0895689530903541
584,5.84,-1.1279169240431097,-0.08839445207193608
585,5.8500000000000005,-1.1245528717852158,-0.0880680557302123
586,5.86,-1.1274045758646631,-0.08667024380119943
587,5.87,-1.121824657013918,-0.08648930272533994
588,5.88,-1.1246539652819718,-0.08465293535077575
589,5.89,-1.1203681639712426,-0.08360891759368443
590,5.9,-1.115502649162784,-0.08230165320628362
591,5.91,-1.1165624291761744,-0.08125544320375956
592,5.92,-1.119333476689186,-0.08027402359673332
593,5.93,-1.1170472494620003,-0.07887735856172386
594,5.94,-1.1195838987384317,-0.07779864011726152
595,5.95,-1.1065128231646686,-0.0765892120692631
596,5.96,-1.11072564514047,-0.07582184658141056
597,5.97,-1.106477445762245,-0.07482401352502234
598,5.98,-1.1103359119481013,-0.07314667820417464
599,5.99,-1.1036353464828057,-0.0715029332131206
600,6.0,-1.1060560319432353,-0.07092535132084712
601,6.01,-1.1042273681194592,-0.069861623236268
602,6.0200000000000005,-1.1054307759306847,-0.06829240426962459
603,6.03,-1.1057110161674473,-0.06707048581403827
604,6.04,-1.1036586089381621,-0.06715249660866641
605,6.05,-1.0970835636544327,-0.06521110619094263
606,6.0600000000000005,-1.0954523950649788,-0.0643539621109871
607,6.07,-1.0986836554359973,-0.06291578034946546
608,6.08,-1.0934699324151935,-0.06319296605499668
609,6.09,-1.0973724808403527,-0.06030556355852916
610,6.1000000000000005,-1.0981671483519833,-0.06014122604768823
611,6.11,-1.0951526563483949,-0.05879601072590792
612,6.12,-1.0892985707980167,-0.0573042550829855
613,6.13,-1.0909695572841573,-0.055978608541804434
614,6.140000000000001,-1.089241862484973,-0.05547762467445981
615,6.15,-1.087434588004368,-0.05466295682506868
616,6.16,-1.0872250521864328,-0.05338729820737045
617,6.17,-1.086498034828768,-0.05257045654147382
618,6.18,-1.085102313562259,-0.051662573472901034
619,6.19,-1.0835072628856062,-0.04945178530396249
620,6.2,-1.0818601332401994,-0.049473216941682364
621,6.21,-1.083728082208059,-0.04841941978362432
622,6.22,-1.0862993244975248,-0.047515469879441094
623,6.23,-1.0814563661514303,-0.045752245566168914
624,6.24,-1.0817848994679615,-0.045200049611006404
625,6.25,-1.0730518638395452,-0.0435640169722676
626,6.26,-1.0738911943560954,-0.04271580326024147
627,6.2700000000000005,-1.0759623296859364,-0.04153787072602865
628,6.28,-1.0699898869764721,-0.039974742028796084
629,6.29,-1.0731115077150917,-0.03902696967609152
630,6.3,-1.0689326102552907,-0.03757771284510417
631,6.3100000000000005,-1.072930951367951,-0.03713734265507795
632,6.32,-1.0632340214417848,-0.036411946101922735
633,6.33,-1.0682296718262265,-0.035693776715085
634,6.34,-1.0615942070303714,-0.033594152783024536
635,6.3500000000000005,-1.0646547164739815,-0.03317934612388864
636,6.36,-1.0613093687580653,-0.03138347241258526
637,6.37,-1.0574313985541173,-0.03057434218371412
638,6.38,-1.0558607623391025,-0.029816326600130366
639,6.390000000000001,-1.0599743202924645,-0.02928459671703364
640,6.4,-1.0587865472720868,-0.02826498085079567
641,6.41,-1.0549038845216931,-0.027741243281935016
642,6.42,-1.0605980573250076,-0.025541106627795518
643,6.43,-1.0559765517308652,-0.0238889632014184
644,6.44,-1.054025535482685,-0.02312666989538706
645,6.45,-1.048333088234733,-0.023314293774020483
646,6.46,-1.0516792537172837,-0.022540087127179458
647,6.47,-1.0460420740069862,-0.020282128889334387
648,6.48,-1.0475030068619688,-0.01943919055790691
649,6.49,-1.0419554207435247,-0.017704360371662627
650,6.5,-1.041356357061309,-0.016960623407592794
651,6.51,-1.0436694046192925,-0.016775251438022585
652,6.5200000000000005,-1.0389584434166852,-0.014885754653762354
653,6.53,-1.03745845189872,-0.013739983962381372
654,6.54,-1.0383717179656133,-0.01339993061519807
655,6.55,-1.0313195188594884,-0.01241657191774819
656,6.5600000000000005,-1.0364897952469385,-0.010613148342490665
657,6.57,-1.0331221094300798,-0.009864290991919059
658,6.58,-1.030776907567479,-0.009463392513979442
659,6.59,-1.0269916112069497,-0.00754367264426586
660,6.6000000000000005,-1.0283296119094458,-0.007486445493631262
661,6.61,-1.0298564912249533,-0.005979892366593637
662,6.62,-1.026048825951879,-0.0046978020137133664
663,6.63,-1.025620650918641,-0.004319740714841327
664,6.640000000000001,-1.0246783550441125,-0.0037368035376297206
665,6.65,-1.024255382194296,-0.0010426640426645828
666,6.66,-1.0269667929108899,-0.0006972541684624787
667,6.67,-1.01607745951089,0.00024025561023347463
668,6.68,-1.019300635432532,0.0013626494279343681
669,6.69,-1.0147788154588633,0.0021553645993386207
670,6.7,-1.020129568975976,0.0031113038592341206
671,6.71,-1.0161029755991673,0.004742713992834862
672,6.72,-1.0148957978543085,0.0048943158405093
673,6.73,-1.013229513870232,0.006439013121411029
674,6.74,-1.0097021172180167,0.006777597514980156
675,6.75,-1.0109200712180861,0.007812638495738313
676,6.76,-1.0052969943162509,0.009564466973019345
677,6.7700000000000005,-1.003676978405359,0.010800868438139518
678,6.78,-1.007644612904358,0.01134810188576462
679,6.79,-1.0034529735646875,0.010768957230238393
680,6.8,-1.0028165826262774,0.012942157074649394
681,6.8100000000000005,-0.9998450526574036,0.014286567182980067
682,6.82,-0.9967408430234889,0.015354239511608744
683,6.83,-0.9957207989126259,0.016732581516058515
684,6.84,-0.9949510815575052,0.017957021271436946
685,6.8500000000000005,-0.9957179377007334,0.019025462803792755
686,6.86,-0.9928724276115454,0.020120422055785146
687,6.87,-0.9910927426218124,0.02122994060396401
688,6.88,-0.9926452677989488,0.021567059414206044
689,6.890000000000001,-0.9894953641652833,0.022108267369608223
690,6.9,-0.9860025620297506,0.023529160730179847
691,6.91,-0.9859138134398981,0.02473248258133433
692,6.92,-0.9844273059767618,0.02542237710303317
693,6.93,-0.9833215032113028,0.026334797768737813
694,6.94,-0.978276873792605,0.028008651298717217
695,6.95,-0.9829781594184487,0.028140303023988133
696,6.96,-0.9761390668710951,0.02966978748341026
697,6.97,-0.9747111256638445,0.03038849257220954
698,6.98,-0.9742586070005378,0.030596676287006394
699,6.99,-0.9699494877294602,0.032434372322357546
700,7.0,-0.9721206120116135,0.0333187477678334
701,7.01,-0.9689580060455387,0.03432755918999705
702,7.0200000000000005,-0.9700818093832483,0.03526806127512228
703,7.03,-0.9682784911777734,0.03588330652643478
704,7.04,-0.9669319892576437,0.03723403027771585
705,7.05,-0.9662736363128932,0.03646849856324405
706,7.0600000000000005,-0.9654432952589498,0.03813679191582593
707,7.07,-0.9631559867866257,0.04083369435482247
708,7.08,-0.9558595486842972,0.040720449008574515
709,7.09,-0.9592616595624999,0.041167155998895595
710,7.1000000000000005,-0.9579982981894218,0.043139415646744415
711,7.11,-0.9542022959894182,0.04371120708979516
712,7.12,-0.9544780683589535,0.04409485550764456
713,7.13,-0.9461806535000274,0.04544298491566249
714,7.140000000000001,-0.9507901194064271,0.04642588697764191
715,7.15,-0.9515224812513486,0.047414252567431536
716,7.16,-0.9463655378557556,0.0487191758499255
717,7.17,-0.9467816675518231,0.04970716399763972
718,7.18,-0.9454064041492805,0.04977548394097421
719,7.19,-0.9450551994597018,0.051178582887407516
720,7.2,-0.9449461039776508,0.05227869807665532
721,7.21,-0.9413332239427822,0.05262235372951977
722,7.22,-0.9298914236770001,0.05355450663720084
723,7.23,-0.9346145677024734,0.055177000545748776
724,7.24,-0.9352679034962714,0.0555414216044186
725,7.25,-0.9309279166002657,0.056927349237152175
726,7.26,-0.9261675024472917,0.05867529901527598
727,7.2700000000000005,-0.9285653998488728,0.05890287340302357
728,7.28,-0.9264395213734246,0.05930592380541827
729,7.29,-0.9208195109143424,0.06089049502961265
730,7.3,-0.9292387405811471,0.061492335376421355
731,7.3100000000000005,-0.9227825848097915,0.06262157845372351
732,7.32,-0.9257507490558387,0.06334841180792222
733,7.33,-0.9194210476701363,0.06423997333681547
734,7.34,-0.9121875073815172,0.06525946796825796
735,7.3500000000000005,-0.9157693779268725,0.06586379767723115
736,7.36,-0.9147011708783628,0.06677617434636228
737,7.37,-0.9080521175826067,0.06844033486619142
738,7.38,-0.9127680238293193,0.06879719977655706
739,7.390000000000001,-0.9139100929505182,0.06927309391640743
740,7.4,-0.904302025629051,0.07059627230311633
741,7.41,-0.8999396896104566,0.07142084623180515
742,7.42,-0.904286363687555,0.07252735346228195
743,7.43,-0.8996645701577023,0.0734654600714149
744,7.44,-0.8979089848112869,0.0741035240301176
745,7.45,-0.8909681907375646,0.07598570435589687
746,7.46,-0.8978798849548102,0.07678727262321182
747,7.47,-0.8921250395069781,0.07687187401494963
748,7.48,-0.895767268591466,0.07765916714319565
749,7.49,-0.8935962544029354,0.07822634494620057
750,7.5,-0.8897371344368175,0.07938344821223664
751,7.51,-0.8868365324241417,0.08008930107784082
752,7.5200000000000005,-0.8859169261679473,0.08145225187119086
753,7.53,-0.8831969611345283,0.08199215734851512
754,7.54,-0.8822125098100696,0.08333624793690855
755,7.55,-0.8802513381140573,0.08440433366918201
756,7.5600000000000005,-0.8759608468378774,0.08459134996940508
757,7.57,-0.874249223596259,0.08636615055437279
758,7.58,-0.8745755460851751,0.08645670270254086
759,7.59,-0.8660290854939341,0.0882884477997169
760,7.6000000000000005,-0.8699387030540768,0.08820559876685549
761,7.61,-0.869763342361769,0.08938596800571329
762,7.62,-0.8686285162832952,0.09026053355190786
763,7.63,-0.8627398670100171,0.09188564096521729
764,7.640000000000001,-0.8592971255933016,0.09198858685254716
765,7.65,-0.8580713993124522,0.09256953601768243
766,7.66,-0.8535070425552275,0.09376901089155898
767,7.67,-0.8592114488709925,0.09459649301134257
768,7.68,-0.8515837460212656,0.09504314871379706
769,7.69,-0.8587872858860687,0.09662707562684442
770,7.7,-0.8503931860680685,0.0968611171054666
771,7.71,-0.85658954971378,0.09796295224941858
772,7.72,-0.8469133828476217,0.09865704780680085
773,7.73,-0.8446622460478307,0.099447058159718
774,7.74,-0.8432942169376724,0.10045345865758797
775,7.75,-0.8445314746883215,0.10074118415090644
776,7.76,-0.8330615944467873,0.10259084817718707
777,7.7700000000000005,-0.8361560811050628,0.10320107264689839
778,7.78,-0.8389887433073984,0.10350909080915033
779,7.79,-0.8336335098709402,0.10439261005581753
780,7.8,-0.832618686616525,0.10495994809901721
781,7.8100000000000005,-0.8337967108902438,0.10633738241776436
782,7.82,-0.8293965668955783,0.10731835279736816
783,7.83,-0.8239872047252433,0.10774165617419618
784,7.84,-0.8279289443589225,0.10930863877281825
785,7.8500000000000005,-0.8250016025607586,0.1093723943331242
786,7.86,-0.8239917314362668,0.11048539780109075
787,7.87,-0.8197269051836906,0.11132548931898446
788,7.88,-0.8186955191339614,0.11208598483735986
789,7.890000000000001,-0.8175495141332404,0.11234927984807762
790,7.9,-0.8154273573335383,0.11443345086400393
791,7.91,-0.806144071479159,0.11439722300269356
792,7.92,-0.8064700955476293,0.11538131546772522
793,7.930000000000001,-0.8104601751457302,0.11630468862346414
794,7.94,-0.8039288735624542,0.1166459898466211
795,7.95,-0.8020463482118666,0.1186808169484562
796,7.96,-0.8005157913333373,0.11901545823332176
797,7.97,-0.7952354390124772,0.1198463176393046
798,7.98,-0.7921298348806131,0.1202506620993345
799,7.99,-0.7906451398323031,0.12137659142937518
800,8.0,-0.7846820832905443,0.12174060739823712
801,8.01,-0.78974614628424,0.12253108916306253
802,8.02,-0.7865925257642132,0.12362758964597528
803,8.03,-0.7873705186541428,0.12454920335519867
804,8.040000000000001,-0.7809092461558557,0.12477904032330861
805,8.05,-0.7795174652205484,0.12468606931167223
806,8.06,-0.7766223182250772,0.12607630084540472
807,8.07,-0.775480599453391,0.1269887302908897
808,8.08,-0.7664093810682403,0.12805417705961206
809,8.09,-0.7662906276540726,0.1286729084317219
810,8.1,-0.7664642879352188,0.1291263540993306
811,8.11,-0.7633037279065961,0.13035838761919682
812,8.120000000000001,-0.7558614675806192,0.1307850993045429
813,8.13,-0.7559493812083361,0.13201780715529313
814,8.14,-0.751617412825183,0.13194954639693632
815,8.15,-0.748237551202173,0.133738591855479
816,8.16,-0.7474812447314264,0.1336248591104344
817,8.17,-0.749471639850992,0.13558914529051044
818,8.18,-0.7457587199687742,0.13556903008095517
819,8.19,-0.7453378814675261,0.1364158087844822
820,8.2,-0.7417634337595389,0.13724847053453126
821,8.21,-0.7388418681958502,0.13815009642562356
822,8.22,-0.7412570279605283,0.13845487751870048
823,8.23,-0.7324421596709115,0.13943820342087979
824,8.24,-0.7321081531086489,0.13981378792772875
825,8.25,-0.7255881606467558,0.14096593787363296
826,8.26,-0.7236411035779313,0.14209576110529398
827,8.27,-0.7187729969805254,0.14222703925915905
828,8.28,-0.7209701910260212,0.14273832635427863
829,8.290000000000001,-0.7166431032289886,0.14305942344927516
830,8.3,-0.7138973239909351,0.14428300320008658
831,8.31,-0.711237267319421,0.14473889889034142
832,8.32,-0.7138508570653737,0.14623463486211782
833,8.33,-0.7043838641510274,0.14615933280688434
834,8.34,-0.7088106913390998,0.14678313398808765
835,8.35,-0.7009469454315658,0.14738480458153735
836,8.36,-0.6987759696541811,0.14842256454947678
837,8.370000000000001,-0.6923403038264916,0.1492155208560266
838,8.38,-0.6917358354566665,0.14972034939751688
839,8.39,-0.6875783751568293,0.1505824269759221
840,8.4,-0.6865557445737217,0.15098326818632293
841,8.41,-0.6859224281778112,0.15275252972337985
842,8.42,-0.6819095097470887,0.15253228608303027
843,8.43,-0.6795067945205456,0.15431499996693898
844,8.44,-0.6714839836457009,0.1530139674822301
845,8.45,-0.6731813660905529,0.15480954301001093
846,8.46,-0.6689236572130952,0.15555332936330643
847,8.47,-0.6603372851537908,0.15609388532738147
848,8.48,-0.66201719778707,0.15698683003946873
849,8.49,-0.657478006843056,0.15782392434453332
850,8.5,-0.6505744479666236,0.15857834631320367
851,8.51,-0.652317210983702,0.15931292163623514
852,8.52,-0.6473603141687604,0.1591900623814855
853,8.53,-0.6461447275953146,0.16025305591398378
854,8.540000000000001,-0.6401653246287646,0.16050161817426
855,8.55,-0.6389017070581812,0.16160109973407136
856,8.56,-0.6343201440746079,0.1622971951084202
857,8.57,-0.6310867147731829,0.16209447375344202
858,8.58,-0.6222555943924185,0.16415850686514014
859,8.59,-0.6223972176001634,0.16351346820834115
860,8.6,-0.6167177391337785,0.16402968483761804
861,8.61,-0.6161089626834262,0.1655510079184335
862,8.620000000000001,-0.6116613775617783,0.1653309961586621
863,8.63,-0.6064332667440973,0.1660383988755056
864,8.64,-0.604297828951648,0.16667600001336777
865,8.65,-0.599214332809685,0.16757323656536663
866,8.66,-0.5995095725976034,0.16783959499676673
867,8.67,-0.5911477400484324,0.1693339743222978
868,8.68,-0.5872698060601694,0.16936005620441405
869,8.69,-0.5746002891659472,0.17024033406226496
870,8.700000000000001,-0.5801439903049478,0.1707682213956731
871,8.71,-0.5765601489675835,0.1705896444734504
872,8.72,-0.5767212772588202,0.1717608550332021
873,8.73,-0.5643075762264076,0.17267021168592786
874,8.74,-0.5601478474966596,0.17223267175116966
875,8.75,-0.5563865986616908,0.17318579603991516
876,8.76,-0.5528744726819352,0.1735832250260743
877,8.77,-0.5482102945258737,0.1745524523181488
878,8.78,-0.5396091028821787,0.17471223416322912
879,8.790000000000001,-0.5411255282526725,0.17560547661941986
880,8.8,-0.5338084498327776,0.17643923199536346
881,8.81,-0.5318770204297066,0.1760150892408226
882,8.82,-0.5245562707129052,0.1774288193071326
883,8.83,-0.513890003624005,0.17759220128220024
884,8.84,-0.51216322546689,0.17761510219150364
885,8.85,-0.5095521120054853,0.17872149566834983
886,8.86,-0.5082089068237379,0.18000730749091806
887,8.870000000000001,-0.4911525210628824,0.17967464122942353
888,8.88,-0.4898179951364506,0.18004445360616292
889,8.89,-0.49154142334924417,0.18083291470834797
890,8.9,-0.4787270281834865,0.18162012600083535
891,8.91,-0.4717136194974194,0.18170856936057359
892,8.92,-0.47746813067258753,0.18226260516553416
893,8.93,-0.46720905890478776,0.18228437646055798
894,8.94,-0.45651398971562257,0.18253247008940796
895,8.950000000000001,-0.4525833522352435,0.1838445645177744
896,8.96,-0.4481298299948449,0.18392111147659684
897,8.97,-0.44246148499383414,0.18528601646638648
898,8.98,-0.4324599048704849,0.18419285628731913
899,8.99,-0.4265641696242816,0.18585299190135202
900,9.0,-0.41986069888928335,0.18568505085211634
901,9.01,-0.4134177950630713,0.1853439286558415
902,9.02,-0.4061796266513224,0.1868196652852088
903,9.03,-0.39486599680506035,0.18674283379630197
904,9.040000000000001,-0.39104358796587824,0.18695955655836782
905,9.05,-0.38194391929537447,0.18771181599851755
906,9.06,-0.3708239023388111,0.18746376637562134
907,9.07,-0.36764360685185987,0.18861694781667293
908,9.08,-0.3588784260012281,0.1893672427957835
909,9.09,-0.3543050179572919,0.18906470859106583
910,9.1,-0.34186063415839246,0.18941169045946207
911,9.11,-0.32664436597451557,0.19013335941128573
912,9.120000000000001,-0.32647913584150745,0.1905243795691147
913,9.13,-0.31562026734885734,0.19029752871587405
914,9.14,-0.30379125355862896,0.19081793399619268
915,9.15,-0.29345807766962667,0.19090003585686732
916,9.16,-0.27999177490674926,0.19139418973540234
917,9.17,-0.2717922203007525,0.19130002950353298
918,9.18,-0.2609698974167433,0.19275469136073325
919,9.19,-0.2547698995687092,0.1923062408632073
920,9.200000000000001,-0.2392984238773639,0.19212911579887376
921,9.21,-0.2290999212113376,0.19287096624578362
922,9.22,-0.21492441228320927,0.19306173924820777
923,9.23,-0.19813383256975386,0.1927029004720415
924,9.24,-0.18943286557261874,0.1935050413769961
925,9.25,-0.17414397119216404,0.19411086517695414
926,9.26,-0.16001595684103231,0.19382260858251382
927,9.27,-0.14227873242347058,0.1933592055360367
928,9.28,-0.1266748765060585,0.19386981783614604
929,9.290000000000001,-0.11435140535367103,0.19329837611694167
930,9.3,-0.09872274466942586,0.1942254201592801
931,9.31,-0.08692120821326277,0.1954035784685559
932,9.32,-0.06576005042282884,0.19406959061132514
933,9.33,-0.04889009958768204,0.1944589238370073
934,9.34,-0.027655803754094876,0.19455808693130908
935,9.35,-0.010811597263358263,0.1938830745596835
936,9.36,0.005120132205067235,0.19469489709212717
937,9.370000000000001,0.031206869340946942,0.1942815559906657
938,9.38,0.049197357100874965,0.19371701056154136
939,9.39,0.07047867686717056,0.194031345369032
940,9.4,0.09173915222652866,0.19455983928009124
941,9.41,0.11205260616043564,0.19364066029249066
942,9.42,0.13724089178181484,0.19415563074501618
943,9.43,0.16069821056444483,0.19399736804100798
944,9.44,0.18362084612111423,0.19374321733285316
945,9.450000000000001,0.2125569006612998,0.19290750132551818
946,9.46,0.23936288137043263,0.19342391567220865
947,9.47,0.26668720770969573,0.19278486760129743
948,9.48,0.29442971010575425,0.19293216315951034
949,9.49,0.32611301361804634,0.19155370719427375
950,9.5,0.3522755032961496,0.19154380521992095
951,9.51,0.3788986238305568,0.191511952440244
952,9.52,0.4152611027554499,0.1903761836125223
953,9.53,0.44354516251781256,0.19064569328082243
954,9.540000000000001,0.47669752368451,0.1906574637173865
955,9.55,0.5039619554099019,0.1901049969189433
956,9.56,0.5376807299394816,0.18937413619759194
957,9.57,0.5660616673839614,0.18848445481260415
958,9.58,0.602543675404299,0.18817404187476686
959,9.59,0.6361815754086406,0.18813719324577113
960,9.6,0.6614028738408797,0.18702116531956495
961,9.61,0.6942529429865272,0.18628769264507145
962,9.620000000000001,0.7248401634539798,0.1856422802556203
963,9.63,0.7495542393022226,0.18487670302151493
964,9.64,0.782493765082921,0.18400261987727984
965,9.65,0.811211093373596,0.18347699327253839
966,9.66,0.8342839935666378,0.18258991468246918
967,9.67,0.865528524510547,0.1815869781891379
968,9.68,0.8913861638492045,0.1812910227224625
969,9.69,0.9077897115898744,0.17937634417877737
970,9.700000000000001,0.9299416765482523,0.1791981470071751
971,9.71,0.9486930428082383,0.17823846550049935
972,9.72,0.9735168064883344,0.1765936851220111
973,9.73,0.9995899592243872,0.1765397941043609
974,9.74,1.0125316407959881,0.17525623110064883
975,9.75,1.029561874292607,0.1740225475924918
976,9.76,1.0417951961417469,0.17248369329035362
977,9.77,1.0531378085711693,0.17149757887587685
978,9.78,1.0683173532097248,0.17053965553874192
979,9.790000000000001,1.0769046163291554,0.1699596103018031
980,9.8,1.086834538183826,0.16900303538382885
981,9.81,1.10041093695527,0.1677551601178295
982,9.82,1.109912896185146,0.16675412049583827
983,9.83,1.1160746633538379,0.16582504299289208
984,9.84,1.1256559339788133,0.16439953197676835
985,9.85,1.1305589354514254,0.1633157493295845
986,9.86,1.1372654172616878,0.16249575760955756
987,9.870000000000001,1.1439898793763799,0.16093108759459268
988,9.88,1.1503140043863942,0.15956246883480868
989,9.89,1.1506237789981273,0.15987502948039112
990,9.9,1.1530092263399963,0.15779746349491366
991,9.91,1.1578358813586938,0.15601011587613145
992,9.92,1.1614216697991344,0.15533452114185942
993,9.93,1.1604363910844748,0.15411367290635425
994,9.94,1.156566941099134,0.15287511754443833
995,9.950000000000001,1.1627591025526818,0.15190590394738515
996,9.96,1.1618947920319964,0.1505079821036835
997,9.97,1.1700408725763816,0.1492397040549934
998,9.98,1.1687315114383896,0.14801819726645804
999,9.99,1.1694846086358182,0.14707884683922207
1000,10.0,1.1663284655226793,0.14581297107560617
1001,10.01,1.1695816729175756,0.14502418291892136
1002,10.02,1.1677826570820276,0.1439073061027831
1003,10.03,1.1712000370229723,0.14181393325458522
1004,10.040000000000001,1.165241576548429,0.14036480766094298
1005,10.05,1.1684524967542582,0.13955777899223493
1006,10.06,1.1653450049446814,0.13907842126710154
1007,10.07,1.1660910642169056,0.13792653106444933
1008,10.08,1.165890378338974,0.1362979262994651
1009,10.09,1.1652243067058132,0.13514664003324012
1010,10.1,1.162684468058544,0.1336216478079127
1011,10.11,1.1668281538077703,0.13337340537258993
1012,10.120000000000001,1.167009994714912,0.13096998656177522
1013,10.13,1.1655390174129672,0.13076380640417323
1014,10.14,1.1645066705180471,0.1292404751132373
1015,10.15,1.162975501890664,0.12834446606705152
1016,10.16,1.1626667996251225,0.12708469890273544
1017,10.17,1.1626882228420556,0.12649034893152059
1018,10.18,1.1651562287566497,0.1251428095080671
1019,10.19,1.1602715547253655,0.123747030332968
1020,10.200000000000001,1.150456618556399,0.12204502339733629
1021,10.21,1.155856574595509,0.12170107877839424
1022,10.22,1.155937186076125,0.1205135150879254
1023,10.23,1.1514267196040433,0.1186985333645694
1024,10.24,1.1564902241847002,0.1179130781577195
1025,10.25,1.1509315298086484,0.11665610922949154
1026,10.26,1.151831189656809,0.11565579967838949
1027,10.27,1.1516378198319226,0.1141865117185258
1028,10.28,1.1497933311844517,0.11271326278331176
1029,10.290000000000001,1.1480917351420061,0.1121134691148145
1030,10.3,1.1498373395210733,0.1103716115570147
1031,10.31,1.1453919565671742,0.10906581742754065
1032,10.32,1.142988270563433,0.10794135401345381
1033,10.33,1.148697160733435,0.10717170675637419
1034,10.34,1.1456041313872403,0.10623781315582535
1035,10.35,1.1448282577974047,0.10547331921745799
1036,10.36,1.1400170144445936,0.103976868139107
1037,10.370000000000001,1.135182068014684,0.10263926897082577
1038,10.38,1.1325015143711161,0.10159308685512036
1039,10.39,1.1376315408730142,0.1007576148947778
1040,10.4,1.1397404685131198,0.09950597521862013
1041,10.41,1.1348213690785445,0.09852154023497252
1042,10.42,1.1350629451428935,0.09766572398384758
1043,10.43,1.1335480328360956,0.09608334751998014
1044,10.44,1.1290133604483163,0.09497190032739251
1045,10.450000000000001,1.1312949184742604,0.0936760116027252
1046,10.46,1.1321123546105214,0.09270696374857135
1047,10.47,1.1262171457910102,0.09113226895147611
1048,10.48,1.1231723184806375,0.09063082102661113
1049,10.49,1.1332102621223128,0.08961044542013857
1050,10.5,1.126292371446414,0.088198295800252
1051,10.51,1.1282749157087097,0.08696505084979222
1052,10.52,1.1240856428403816,0.08576685801535626
1053,10.53,1.1278079975173678,0.08481639834301177
1054,10.540000000000001,1.1216150935379996,0.08399553657395414
1055,10.55,1.123574726027401,0.08202157626939266
1056,10.56,1.11491559275094,0.08142584003974244
1057,10.57,1.1136375837175947,0.07972339259278718
1058,10.58,1.1137498218345174,0.0793478961795606
1059,10.59,1.1159656826530306,0.07829491138615385
1060,10.6,1.114311571947372,0.07692947168258944
1061,10.61,1.1123764341801416,0.07579063255908976
1062,10.620000000000001,1.1118527386955395,0.07447317097694814
1063,10.63,1.112095509710567,0.07318938536674036
1064,10.64,1.1098297948563245,0.07244309087686426
1065,10.65,1.1098515014374224,0.07098453387341039
1066,10.66,1.10548181960162,0.07076000265645241
1067,10.67,1.1049708496831823,0.06927517397941273
1068,10.68,1.1062585573699921,0.06797022739919874
1069,10.69,1.101423380704835,0.06682150806441592
1070,10.700000000000001,1.0955827275853602,0.06580588859423622
1071,10.71,1.095333264074979,0.06521378143868642
1072,10.72,1.0995926110408536,0.06403263080347285
1073,10.73,1.0952326206750291,0.06276210379094462
1074,10.74,1.0977091210249355,0.061596749635640935
1075,10.75,1.0955267285563228,0.060779779617627046
1076,10.76,1.0890390577923328,0.059533250154299534
1077,10.77,1.0932817986491123,0.058229786813668485
1078,10.78,1.0944145799552094,0.05705267608081406
1079,10.790000000000001,1.09036407375818,0.05610305755695266
1080,10.8,1.0920199314700547,0.05507729747200896
1081,10.81,1.091157656574153,0.05456959139932374
1082,10.82,1.0871926663033957,0.05259909742809462
1083,10.83,1.0827817998639913,0.0518601912635918
1084,10.84,1.0863450752351322,0.050112035305214186
1085,10.85,1.0851832523868852,0.04968926321655757
1086,10.86,1.0798092999533366,0.04811414254801886
1087,10.870000000000001,1.0800006307035097,0.04661239513501455
1088,10.88,1.0782306968799595,0.045803845090032526
1089,10.89,1.0737538098198407,0.04553055306708197
1090,10.9,1.073833058731375,0.044207752016331876
1091,10.91,1.0762282771851284,0.043242455093988545
1092,10.92,1.071677367098574,0.041549087409202844
1093,10.93,1.0737844297053494,0.04047567837389698
1094,10.94,1.0686705058454231,0.04003702143072052
1095,10.950000000000001,1.0686385177628983,0.03824335820023973
1096,10.96,1.0643118876216213,0.03792214485205154
1097,10.97,1.0672221606325822,0.036522841248771636
1098,10.98,1.067170935736321,0.03600201526096345
1099,10.99,1.0624149468452486,0.034588289629239696
1100,11.0,1.063708698375197,0.03334899112731137
1101,11.01,1.0640446278940792,0.03312139311424496
1102,11.02,1.06932550633279,0.031463549765067586
1103,11.03,1.0593800237561368,0.03030862518383522
1104,11.040000000000001,1.0553488633841177,0.02924402279432332
1105,11.05,1.0545982100430642,0.028046075576725643
1106,11.06,1.0552134568637122,0.02696065924723593
1107,11.07,1.0572639431410087,0.025879113054092344
1108,11.08,1.0535467442840292,0.024269036861321664
1109,11.09,1.0516072709848523,0.02343684371264121
1110,11.1,1.0542560653719986,0.023547411782344766
1111,11.11,1.0540547043539212,0.022050996369314166
1112,11.120000000000001,1.0471150931100308,0.020822861838422798
1113,11.13,1.0480804650486024,0.019680938607379454
1114,11.14,1.0454002896438495,0.01794357430050388
1115,11.15,1.0418323741591908,0.017854882975957186
1116,11.16,1.0397029041451757,0.016456844289788306
1117,11.17,1.0401416190678576,0.0148688099293267
1118,11.18,1.0354194490475297,0.014242459059965108
1119,11.19,1.0387160646522018,0.013232900378454059
1120,11.200000000000001,1.034889790352167,0.01288396720338908
1121,11.21,1.034867871830341,0.011381941034768731
1122,11.22,1.038410619742017,0.009645431775792619
1123,11.23,1.0378227942423477,0.009386910496713982
1124,11.24,1.0307996630801104,0.007904087306130113
1125,11.25,1.0283933412905097,0.007418693356000443
1126,11.26,1.0322908147388499,0.005866311375117004
1127,11.27,1.028286893526813,0.005090053971783492
1128,11.28,1.0265566322795414,0.003744556718313231
1129,11.290000000000001,1.024901194015035,0.003330295228013255
1130,11.3,1.0262773138070742,0.0016227085135394575
1131,11.31,1.0192827587156623,0.0004468549433037668
1132,11.32,1.0201746332677963,0.0008295179795481498
1133,11.33,1.0166143132390528,-0.0010602987508825225
1134,11.34,1.0177580170311755,-0.002141637151589003
1135,11.35,1.0192000187977097,-0.0030824888599588936
1136,11.36,1.0139142952486522,-0.003476786220922598
1137,11.370000000000001,1.0153271930691952,-0.005309216498005664
1138,11.38,1.009732516008986,-0.006278402495342421
1139,11.39,1.011927000235506,-0.00632484673934031
1140,11.4,1.0113291497324086,-0.008774384524960462
1141,11.41,1.0091603144715597,-0.009719112069729495
1142,11.42,1.0084645686967966,-0.009907478157269544
1143,11.43,1.000541989282121,-0.011065962351569982
1144,11.44,1.0035381409192392,-0.012219999846973566
1145,11.450000000000001,1.0035072639383558,-0.012535962648284518
1146,11.46,1.0013457165005468,-0.013721040996812277
1147,11.47,1.0046939197051468,-0.014782062453205456
1148,11.48,0.9962192999557932,-0.015449143456225283
1149,11.49,0.9970284537916322,-0.017048590435996627
1150,11.5,0.9948369051216074,-0.01774234079155295
1151,11.51,0.994388192988983,-0.01851693786182328
1152,11.52,0.9904347162221208,-0.01942052618427602
1153,11.53,0.9877086712144464,-0.02095028097363317
1154,11.540000000000001,0.987607331045809,-0.021856915141995475
1155,11.55,0.9871697894156546,-0.023263788328858236
1156,11.56,0.9820052343167627,-0.024081555385664033
1157,11.57,0.9858178508251626,-0.025178384846795954
1158,11.58,0.9826283179424343,-0.025949568184511284
1159,11.59,0.9774987169618876,-0.02735927799257447
1160,11.6,0.9773922164111435,-0.028047157536056248
1161,11.61,0.9788888319480515,-0.02878733774769569
1162,11.620000000000001,0.9783496584948211,-0.02982477960885051
1163,11.63,0.9774522639021392,-0.0304274143846126
1164,11.64,0.9746546638777164,-0.031832107246247666
1165,11.65,0.9779434782868432,-0.033175022788525896
1166,11.66,0.9702129228285507,-0.03385914669290608
1167,11.67,0.9751577016834799,-0.03502150442214103
1168,11.68,0.9699035962387809,-0.03614581284979539
1169,11.69,0.9635275727182989,-0.03664249527298509
1170,11.700000000000001,0.9674416569576734,-0.03767977124257969
1171,11.71,0.956673115414206,-0.03822197815671366
1172,11.72,0.9607274547432045,-0.039795331018685834
1173,11.73,0.9614195973704366,-0.04057049742107851
1174,11.74,0.9564538013526173,-0.041190994499909823
1175,11.75,0.9567238303388259,-0.043012660104510825
1176,11.76,0.9594466133048557,-0.043210975870319336
1177,11.77,0.9564937069307162,-0.044070375926461264
1178,11.78,0.9537699476781836,-0.04544999988539347
1179,11.790000000000001,0.9542757678203545,-0.04644661758856918
1180,11.8,0.9508806289872134,-0.047339229953005844
1181,11.81,0.9481045325023703,-0.04830328210983495
1182,11.82,0.9424926089952408,-0.048730217603024845
1183,11.83,0.9419088103195968,-0.050123878729916124
1184,11.84,0.9435082390657066,-0.05119448274537646
1185,11.85,0.9370632436432926,-0.052742962190025805
1186,11.86,0.9420742848839287,-0.052477726373959206
1187,11.870000000000001,0.939086741018223,-0.05378585957743675
1188,11.88,0.9396638999600284,-0.05489079285915258
1189,11.89,0.9354040829532712,-0.05628982531684802
1190,11.9,0.9299482674055292,-0.0567243973678138
1191,11.91,0.9246608874246286,-0.057679192066911314
1192,11.92,0.9270864994095641,-0.05864633023452401
1193,11.93,0.9293623951947563,-0.06012314209186793
1194,11.94,0.9294191868592444,-0.060374461019187906
1195,11.950000000000001,0.9217802739909098,-0.06172340871138542
1196,11.96,0.9252492537638525,-0.06218729164006982
1197,11.97,0.9226678762435523,-0.06299354017473421
1198,11.98,0.9248566177200227,-0.06433551555050769
1199,11.99,0.921422936077212,-0.06496947754445317
1200,12.0,0.9167009582289621,-0.06591239363099788
1201,12.01,0.9110715705346144,-0.06711819812789424
1202,12.02,0.9120618613329042,-0.06760444885458029
1203,12.030000000000001,0.9060847180053906,-0.06876897515832077
1204,12.040000000000001,0.909956429428567,-0.06956831042632013
1205,12.05,0.913228291466243,-0.07080857899162482
1206,12.06,0.9055114804337109,-0.07069203783055497
1207,12.07,0.8999763474281612,-0.07184557982103376
1208,12.08,0.905073587549791,-0.07257823334028897
1209,12.09,0.9020262613426024,-0.0739548023160843
1210,12.1,0.8964956349013201,-0.07463051560138934
1211,12.11,0.9014477392931367,-0.07557417848345209
1212,12.120000000000001,0.8988910571987568,-0.07677786021932971
1213,12.13,0.8897302098715886,-0.07797322108657721
1214,12.14,0.8883402098367785,-0.07868759010627308
1215,12.15,0.8893553222428388,-0.07939706203308741
1216,12.16,0.8885707067483661,-0.08044475214092073
1217,12.17,0.8888663609876526,-0.08152238189808389
1218,12.18,0.8847659838510445,-0.08182360171056388
1219,12.19,0.8823338384464207,-0.0825668896779893
1220,12.200000000000001,0.8827157370995735,-0.08460313628581952
1221,12.21,0.882377191610263,-0.08507818368821106
1222,12.22,0.8794959167076708,-0.08557165822009731
1223,12.23,0.8725328853787564,-0.08624625338901448
1224,12.24,0.8782552488944914,-0.08666480817256618
1225,12.25,0.8755329621826888,-0.08858226175907312
1226,12.26,0.8687983994012866,-0.08981092101556248
1227,12.27,0.8697117734324307,-0.09009984721629177
1228,12.280000000000001,0.8624273258279936,-0.0902230740247772
1229,12.290000000000001,0.8643092298749969,-0.09211126764151437
1230,12.3,0.864446328155029,-0.09233649094945978
1231,12.31,0.8598025835736154,-0.09374074395233889
1232,12.32,0.8586277947081892,-0.09438740653926991
1233,12.33,0.8544205411108748,-0.09469722302391025
1234,12.34,0.85075948689452,-0.0961167958753763
1235,12.35,0.8544987812272474,-0.09663635040626163
1236,12.36,0.8510603449015419,-0.09749552835167796
1237,12.370000000000001,0.8529283096740853,-0.09860742792330182
1238,12.38,0.8455018123774767,-0.09973691420926237
1239,12.39,0.8448058921880313,-0.10029949088459529
1240,12.4,0.8416941872292142,-0.10168238721350316
1241,12.41,0.844761991057814,-0.10165395874344893
1242,12.42,0.8389202406297026,-0.1028305322926837
1243,12.43,0.8373489711517691,-0.1035733797515293
1244,12.44,0.8402095400779852,-0.10441563564656228
1245,12.450000000000001,0.8341788764024037,-0.1054119214439999
1246,12.46,0.8271672631924657,-0.10567461088938249
1247,12.47,0.8336914263140343,-0.10755249105506966
1248,12.48,0.8237204132016406,-0.10851371489593606
1249,12.49,0.8257920540038797,-0.1091220199025896
1250,12.5,0.8247559689510894,-0.10932851451336514
1251,12.51,0.8207512652085679,-0.11038336275217925
1252,12.52,0.820840610775632,-0.11171440765822098
1253,12.530000000000001,0.8173039990678118,-0.11119297279322699
1254,12.540000000000001,0.8147848700400587,-0.11246065587706547
1255,12.55,0.8102097686572141,-0.11383675546642648
1256,12.56,0.8072022529606575,-0.11418393777438866
1257,12.57,0.8070290770073406,-0.11496894505708558
1258,12.58,0.8083620116407043,-0.11521716084669749
1259,12.59,0.8074635614103296,-0.11707842296368466
1260,12.6,0.8058910299674017,-0.11739871087339467
1261,12.61,0.7974276309617271,-0.11852864529410267
1262,12.620000000000001,0.7955354419028265,-0.11919721051754288
1263,12.63,0.7955971204132753,-0.11957440620117675
1264,12.64,0.7898374629059756,-0.12040244677563969
1265,12.65,0.7874315124591672,-0.12214730178104391
1266,12.66,0.7907169060713084,-0.1221551598917583
1267,12.67,0.7887193008974834,-0.1234620715968419
1268,12.68,0.7879157495760225,-0.12431005672141517
1269,12.69,0.7798725787263394,-0.12452760740008706
1270,12.700000000000001,0.7805300581204102,-0.12530224063028858
1271,12.71,0.7735993971274652,-0.12628406898889227
1272,12.72,0.7789579781310662,-0.12596827985965692
1273,12.73,0.767183731062631,-0.1271174032994645
1274,12.74,0.766257469069109,-0.12849233892850484
1275,12.75,0.7717694831032994,-0.12930246605952492
1276,12.76,0.7631889996598795,-0.13032208262437073
1277,12.77,0.7613016490554436,-0.13064752755241196
1278,12.780000000000001,0.7578130372480112,-0.1321790228365437
1279,12.790000000000001,0.7585772521638531,-0.1321222780843805
1280,12.8,0.7563079479111091,-0.13282199840459433
1281,12.81,0.7534907356077267,-0.134083994629209
1282,12.82,0.7511524997390635,-0.1351146335489974
1283,12.83,0.7469497078406395,-0.13501988590360212
1284,12.84,0.7439271575484937,-0.13554875309094308
1285,12.85,0.7445669928905163,-0.13632365172572042
1286,12.86,0.7357973545293671,-0.13771378256024389
1287,12.870000000000001,0.7328756828586699,-0.13837332967283061
1288,12.88,0.7295300765217915,-0.1389796607577781
1289,12.89,0.7319331970954632,-0.14013131476864527
1290,12.9,0.7308195715939159,-0.14059430453533409
1291,12.91,0.7206777730542026,-0.1418173390943133
1292,12.92,0.7281955810057825,-0.1424562929603999
1293,12.93,0.7194978931148592,-0.14258294694925278
1294,12.94,0.7209311424199679,-0.14325943591952503
1295,12.950000000000001,0.7149420422336535,-0.1433788212156035
1296,12.96,0.7096007781194041,-0.14508776927336242
1297,12.97,0.7086858463083054,-0.1458098739360204
1298,12.98,0.7091279836731276,-0.14657752426485338
1299,12.99,0.7075294534803256,-0.1470682786732554
1300,13.0,0.706148499722495,-0.14796924140919643
1301,13.01,0.6927582469800818,-0.14810666232426628
1302,13.02,0.6976183652073591,-0.14868528392444577
1303,13.030000000000001,0.6970727828963388,-0.1493090259916148
1304,13.040000000000001,0.6955869100536379,-0.15035342659053394
1305,13.05,0.6877456736892097,-0.15146959082265565
1306,13.06,0.6825565130752841,-0.15242627745884463
1307,13.07,0.6818106699880769,-0.15193153941711593
1308,13.08,0.6760314856738269,-0.15358132153288268
1309,13.09,0.6763411119754372,-0.15340421098643042
1310,13.1,0.6649982991072481,-0.154252836507636
1311,13.11,0.6655893483704556,-0.1554959284777827
1312,13.120000000000001,0.6692811717762752,-0.1562334450691877
1313,13.13,0.6664634239734016,-0.15670961461640737
1314,13.14,0.6585280637514778,-0.15777938749134118
1315,13.15,0.6585841701711552,-0.15876875991467893
1316,13.16,0.6514080333464047,-0.15873225466681534
1317,13.17,0.6512029320342838,-0.15882432659186452
1318,13.18,0.6439167930327463,-0.15943317047555955
1319,13.19,0.641364104784354,-0.1605813594006565
1320,13.200000000000001,0.6327461844820932,-0.16067417411261248
1321,13.21,0.6309730058076051,-0.16173961605566245
1322,13.22,0.6311887021268416,-0.1626049013527245
1323,13.23,0.6322199954732064,-0.1631418985704852
1324,13.24,0.6254415199745731,-0.16322324258395884
1325,13.25,0.6247410012844193,-0.16348809682957086
1326,13.26,0.6150284905203035,-0.16462112096419043
1327,13.27,0.6158228180228925,-0.16534207845594903
1328,13.280000000000001,0.610848844335893,-0.165966375426765
1329,13.290000000000001,0.6000288947797289,-0.16738009222850872
1330,13.3,0.6029096811592669,-0.16697207461167052
1331,13.31,0.5977499359873624,-0.16792785532347448
1332,13.32,0.5924876646949003,-0.16810349568713243
1333,13.33,0.5866318926135203,-0.16929549486927079
1334,13.34,0.5837374446958995,-0.16922425730121024
1335,13.35,0.585374464419246,-0.17052403131851318
1336,13.36,0.5730350730220721,-0.17111423805436035
1337,13.370000000000001,0.5688663955833484,-0.17085423830472204
1338,13.38,0.5709186959310532,-0.17159099098072206
1339,13.39,0.5584358019869624,-0.17289245858336064
1340,13.4,0.5589405520340945,-0.17381189450312776
1341,13.41,0.5549562010297514,-0.1748900009413059
1342,13.42,0.5531637998559028,-0.17465578508979132
1343,13.43,0.5436118411277927,-0.17506612714000522
1344,13.44,0.5422878965121426,-0.17472645520452665
1345,13.450000000000001,0.5341469578285694,-0.17642540690680206
1346,13.46,0.5319467578084822,-0.17651864787180585
1347,13.47,0.5270941477237769,-0.17702899597106753
1348,13.48,0.5197154417615165,-0.177500819939549
1349,13.49,0.5153250670803105,-0.17811848224520296
1350,13.5,0.5120877900782722,-0.17878725759903577
1351,13.51,0.5055515916245193,-0.1795774952471487
1352,13.52,0.4966193096714786,-0.1787609245288438
1353,13.530000000000001,0.5015894524203646,-0.18013511708638053
1354,13.540000000000001,0.4905722159710188,-0.18097746926608085
1355,13.55,0.48518794560623163,-0.18072867777695256
1356,13.56,0.47796216338248465,-0.18097895917914736
1357,13.57,0.4750734389685288,-0.18181614417523045
1358,13.58,0.46224513374438386,-0.18200132891716772
1359,13.59,0.4623952122715523,-0.1823021375687938
1360,13.6,0.4512362268629972,-0.18366587739563878
1361,13.61,0.4505785165580031,-0.18385027246935934
1362,13.620000000000001,0.43673595887525546,-0.1849199235847768
1363,13.63,0.43770566767209174,-0.1844437876786995
1364,13.64,0.42817907731409494,-0.18499394430068639
1365,13.65,0.4187328228499214,-0.18540801225733455
1366,13.66,0.4157075395043524,-0.1864858116173359
1367,13.67,0.4018269552393254,-0.18622465002703706
1368,13.68,0.39869089108946154,-0.18669089119754587
1369,13.69,0.38942374071998365,-0.1866547974298365
1370,13.700000000000001,0.3863460591413474,-0.1876225363944342
1371,13.71,0.3755901715111965,-0.1878665937180548
1372,13.72,0.365293252074782,-0.18785289023166105
1373,13.73,0.3539704127668371,-0.1892674972852182
1374,13.74,0.35039993500228384,-0.18899110164452498
1375,13.75,0.33888709479418266,-0.18926936874013667
1376,13.76,0.3301775110854813,-0.18926212766361622
1377,13.77,0.3213895622911951,-0.19047274691475935
1378,13.780000000000001,0.3130811497766404,-0.19045285118690009
1379,13.790000000000001,0.3084407774243281,-0.19073269610332283
1380,13.8,0.29052267656965775,-0.19056162086461206
1381,13.81,0.2847424052398457,-0.19124241853934898
1382,13.82,0.269794803742231,-0.19119429990290115
1383,13.83,0.2629527253405216,-0.19255310332111955
1384,13.84,0.2528733602864495,-0.19187378963299
1385,13.85,0.24602700507915207,-0.19216682942410174
1386,13.86,0.23228451908392994,-0.19280863931597755
1387,13.870000000000001,0.2179832682052115,-0.19258695397393802
1388,13.88,0.20523126608104408,-0.19275312751573734
1389,13.89,0.18874717759610823,-0.19272996238180076
1390,13.9,0.17589649114282913,-0.1932757464648563
1391,13.91,0.15886612642788503,-0.19363299302130357
1392,13.92,0.14784948065975784,-0.19329758544655148
1393,13.93,0.13772847505123423,-0.19376576862638298
1394,13.94,0.11765893409987727,-0.19381163738707693
1395,13.950000000000001,0.10205972640279151,-0.19413307620884637
1396,13.96,0.08536951867305612,-0.1941068032643991
1397,13.97,0.0694066294687605,-0.19449036192300184
1398,13.98,0.05245673006672715,-0.1932319185577356
1399,13.99,0.03902687463452735,-0.1941675115718479
1400,14.0,0.01781966786922602,-0.19427873860946934
1401,14.01,-0.006680397144811379,-0.19367258623701591
1402,14.02,-0.02460430489886074,-0.19433733689814436
1403,14.030000000000001,-0.041701243287936646,-0.19399377680344615
1404,14.040000000000001,-0.06564359754400888,-0.1943472800461525
1405,14.05,-0.08630952039588492,-0.19377686708482172
1406,14.06,-0.11093890519021724,-0.19376509583655221
1407,14.07,-0.13085583738686102,-0.19409619958610513
1408,14.08,-0.16018017832848427,-0.1947486743246446
1409,14.09,-0.1873380142834671,-0.19396267420686467
1410,14.1,-0.2044490657156572,-0.19348962202824727
1411,14.11,-0.2372779076246116,-0.19311080207155076
1412,14.120000000000001,-0.25866861678008163,-0.19411447316527963
1413,14.13,-0.2889440955782499,-0.19244812884473325
1414,14.14,-0.32010916222887464,-0.19275549927940533
1415,14.15,-0.3478009395441138,-0.192513550889573
1416,14.16,-0.3740517646708058,-0.1912763664312813
1417,14.17,-0.40596257423832355,-0.19155074231057131
1418,14.18,-0.43653073131979797,-0.19066947747694665
1419,14.19,-0.46499634579323074,-0.19011241971990311
1420,14.200000000000001,-0.5013727638440533,-0.18985422449606534
1421,14.21,-0.5305388834759314,-0.18980142535530609
1422,14.22,-0.561295009985998,-0.18861362587980762
1423,14.23,-0.5959700939656424,-0.18893024644862239
1424,14.24,-0.6245849563583116,-0.18687674340243693
1425,14.25,-0.6614642272167623,-0.1869735673734472
1426,14.26,-0.6905508025536206,-0.1872922793377957
1427,14.27,-0.7164066302196079,-0.18475340964502027
1428,14.280000000000001,-0.7477792141707398,-0.1847214490145513
1429,14.290000000000001,-0.7778389542178082,-0.18456712256017702
1430,14.3,-0.8059827120863012,-0.1833975616166293
1431,14.31,-0.8382193968342169,-0.18201139021132923
1432,14.32,-0.8579834788580447,-0.1822648104689407
1433,14.33,-0.8802975489265723,-0.18002619551900223
1434,14.34,-0.9122639022418918,-0.17995204588214925
1435,14.35,-0.928652282046743,-0.17905399178450418
1436,14.36,-0.9518939481569283,-0.1783488374188282
1437,14.370000000000001,-0.9749767972348248,-0.17701980125407926
1438,14.38,-0.9882821568396674,-0.1764615501540499
1439,14.39,-1.0071036218954967,-0.17549798605352693
1440,14.4,-1.032964277808253,-0.17391596218921826
1441,14.41,-1.0428174211158872,-0.17237716743537038
1442,14.42,-1.0524277569238212,-0.1719983121169981
1443,14.43,-1.0639948477105032,-0.1705550123399836
1444,14.44,-1.0812356556421925,-0.16997708265410222
1445,14.450000000000001,-1.087291954724228,-0.16976005649179313
1446,14.46,-1.0983737435434835,-0.16831174195134635
1447,14.47,-1.110155336597849,-0.16650699880624784
1448,14.48,-1.1183404694035466,-0.1668326472526242
1449,14.49,-1.126328625153106,-0.16472274024171443
1450,14.5,-1.1298403707069782,-0.16335868442280416
1451,14.51,-1.1318712512561178,-0.1628236548211165
1452,14.52,-1.138514985228729,-0.16128317004646667
1453,14.530000000000001,-1.1425218201949932,-0.1591923140319118
1454,14.540000000000001,-1.1468230095682361,-0.15852364402179667
1455,14.55,-1.1464493928731483,-0.15792201129394434
1456,14.56,-1.1520447054358927,-0.15668390790742662
1457,14.57,-1.1568423828092673,-0.1556848301996047
1458,14.58,-1.1606367134626405,-0.15449473471825134
1459,14.59,-1.163199356501471,-0.15292870068144188
1460,14.6,-1.1661123352883656,-0.15101139487707074
1461,14.61,-1.160483848838431,-0.15074728899953457
1462,14.620000000000001,-1.161947434963609,-0.14930740323696937
1463,14.63,-1.1690581328334801,-0.1486876601171643
1464,14.64,-1.1670984038635512,-0.1474558926867384
1465,14.65,-1.166380852549734,-0.1457485127199321
1466,14.66,-1.1683671690041069,-0.14560373748973313
1467,14.67,-1.1685469680428502,-0.14382366423974496
1468,14.68,-1.1664893644187864,-0.14245702630108636
1469,14.69,-1.1715189039331326,-0.14203248811092473
1470,14.700000000000001,-1.1689653273266518,-0.14024916082148248
1471,14.71,-1.1692701830644399,-0.1387082297174199
1472,14.72,-1.1648126973180957,-0.1379051758635146
1473,14.73,-1.1692200506663688,-0.1362059757504535
1474,14.74,-1.1704788145697316,-0.13539957512471576
1475,14.75,-1.1627804970248738,-0.13378761528630836
1476,14.76,-1.168634463714533,-0.13204143390835435
1477,14.77,-1.1623517878218492,-0.1320459179975219
1478,14.780000000000001,-1.167651336619695,-0.1317363414259746
1479,14.790000000000001,-1.1614297635452404,-0.12896465628281048
1480,14.8,-1.1634781624627593,-0.12896010901000224
1481,14.81,-1.1634787392477133,-0.12701742655491097
1482,14.82,-1.1580923380680976,-0.12694734566105845
1483,14.83,-1.1632151033204663,-0.12488249587320657
1484,14.84,-1.157862529575006,-0.12390487642593895
1485,14.85,-1.153812585069334,-0.12294866488625868
1486,14.86,-1.1548199558945214,-0.12099678511996105
1487,14.870000000000001,-1.15627167372473,-0.12063931575805342
1488,14.88,-1.154264322105432,-0.11845276888337164
1489,14.89,-1.158195127275502,-0.11752125161816421
1490,14.9,-1.1555557184253302,-0.11685423540311708
1491,14.91,-1.1477408912375886,-0.11616746702029962
1492,14.92,-1.1523582495448812,-0.11422617124933825
1493,14.93,-1.1548109271075726,-0.11343727928158495
1494,14.94,-1.148224158939434,-0.11264501327208593
1495,14.950000000000001,-1.1473253937615775,-0.11118903330117136
1496,14.96,-1.1498487501373829,-0.1092055193038645
1497,14.97,-1.145878825066769,-0.10926692381467858
1498,14.98,-1.1444749565703864,-0.10760048492885221
1499,14.99,-1.1407261424989676,-0.1062206015797363
1500,15.0,-1.1435387514162287,-0.10534764380625344
1501,15.01,-1.1419607628054407,-0.10525611747206903
1502,15.02,-1.1417452193735398,-0.10227045973909674
1503,15.030000000000001,-1.1347633482427433,-0.10178328183471226
1504,15.040000000000001,-1.1407450840961806,-0.10077085680290866
1505,15.05,-1.1376729432419914,-0.09892397447045319
1506,15.06,-1.137886574862006,-0.09859378123452713
1507,15.07,-1.135172360206475,-0.09744922724666259
1508,15.08,-1.1299686735523735,-0.09716604691613986
1509,15.09,-1.1307892222510767,-0.09506024395707824
1510,15.1,-1.1339583433581701,-0.09436239130413922
1511,15.11,-1.132038814054976,-0.09297993674580118
1512,15.120000000000001,-1.124120304842692,-0.09213829701402328
1513,15.13,-1.12384448837045,-0.09021522722527367
1514,15.14,-1.1294407844840937,-0.08984716126347213
1515,15.15,-1.1305816044073003,-0.08782042843237685
1516,15.16,-1.1257136554015157,-0.08724648403597915
1517,15.17,-1.1243728859064859,-0.08621850810068357
1518,15.18,-1.1187829253626214,-0.08512008219173446
1519,15.19,-1.1238981881152674,-0.08481419452021022
1520,15.200000000000001,-1.1185876513907198,-0.08295727276977626
1521,15.21,-1.124341936248554,-0.08059280982414395
1522,15.22,-1.1166597364757485,-0.08101008050957549
1523,15.23,-1.1165906243154484,-0.07925285208917561
1524,15.24,-1.1166716722339514,-0.07817554249436406
1525,15.25,-1.1092142278670327,-0.07717899848563796
1526,15.26,-1.1146162381504854,-0.07592638842999036
1527,15.27,-1.114841953296207,-0.07442929671336189
1528,15.280000000000001,-1.1074773906458297,-0.07389815493834495
1529,15.290000000000001,-1.1107568511180923,-0.07249114068144752
1530,15.3,-1.1050045085192015,-0.07124706673485098
1531,15.31,-1.1082136248635015,-0.07011461567532061
1532,15.32,-1.1080040583568973,-0.0695371432633777
1533,15.33,-1.1053615660436533,-0.06818557886134194
1534,15.34,-1.1060911627114245,-0.06723194199420808
1535,15.35,-1.1012552469066523,-0.06561990414165776
1536,15.36,-1.0989983959822607,-0.06554386336959835
1537,15.370000000000001,-1.1002649390732007,-0.06374191142020183
1538,15.38,-1.0998499000376591,-0.06320619969677733
1539,15.39,-1.1007111966734227,-0.06168544248309479
1540,15.4,-1.0936772739866474,-0.06027604506446616
1541,15.41,-1.0954678089972532,-0.05953562886855263
1542,15.42,-1.0935606935230864,-0.0585340716257899
1543,15.43,-1.0930719144557346,-0.057741092388870485
1544,15.44,-1.0901632695132686,-0.0560442799894268
1545,15.450000000000001,-1.0890825209745876,-0.0552081062196156
1546,15.46,-1.088120356501878,-0.054368166810685445
1547,15.47,-1.087301515871334,-0.052973400458087884
1548,15.48,-1.0830834280484365,-0.052097995115284
1549,15.49,-1.085515201152094,-0.05095864068804407
1550,15.5,-1.0834370662809782,-0.04965985129432283
1551,15.51,-1.081969541547165,-0.04860203408518956
1552,15.52,-1.0803991338343468,-0.047073996164223246
1553,15.530000000000001,-1.0845015032494443,-0.046720053090146554
1554,15.540000000000001,-1.0821771932105595,-0.04553123752630479
1555,15.55,-1.0793680626759536,-0.04499409855202875
1556,15.56,-1.0788291838977497,-0.04372839679699601
1557,15.57,-1.0769112360623663,-0.042648568247764
1558,15.58,-1.075017851531582,-0.04136244857205951
1559,15.59,-1.064995097450839,-0.04021528409818353
1560,15.6,-1.0682294281186808,-0.03844538222250207
1561,15.610000000000001,-1.0678519458513884,-0.03788878045773637
1562,15.620000000000001,-1.0659519500827541,-0.03681475309905526
1563,15.63,-1.0702450894855977,-0.03610610889864201
1564,15.64,-1.0651904426227932,-0.03400491255703168
1565,15.65,-1.0618960296830855,-0.03389572275929709
1566,15.66,-1.0639344294458457,-0.032323627320018374
1567,15.67,-1.0595017842702186,-0.031662131792585105
1568,15.68,-1.0554497886047294,-0.03115892466950482
1569,15.69,-1.0575717643743463,-0.029103457276098917
1570,15.700000000000001,-1.0551486944217776,-0.028524465212920236
1571,15.71,-1.0577581922444497,-0.02705089128738902
1572,15.72,-1.0523474026137152,-0.026782751438606082
1573,15.73,-1.0583404206360665,-0.025156389216809287
1574,15.74,-1.0513446436642904,-0.02344607073957595
1575,15.75,-1.0424188837239499,-0.022674961137012787
1576,15.76,-1.046833029862753,-0.021917576860909987
1577,15.77,-1.0441214286782114,-0.02042959531003718
1578,15.780000000000001,-1.045208257308034,-0.020545571428285395
1579,15.790000000000001,-1.0496824951988135,-0.019019194259727635
1580,15.8,-1.0466785112734893,-0.017701628868442246
1581,15.81,-1.0472306402835803,-0.016231392689510973
1582,15.82,-1.037701104103306,-0.015844652412243185
1583,15.83,-1.0444818186161484,-0.014463146211712314
1584,15.84,-1.0391272018830626,-0.013365863785572458
1585,15.85,-1.042161871947312,-0.013215591238288776
1586,15.860000000000001,-1.0366728273759394,-0.011927436869790933
1587,15.870000000000001,-1.0343143325410762,-0.010743056183927287
1588,15.88,-1.0326929910128677,-0.009017730167209083
1589,15.89,-1.0316218369120276,-0.008869202589442031
1590,15.9,-1.036897894102416,-0.007882129383540467
1591,15.91,-1.0326566663996315,-0.006468469761818836
1592,15.92,-1.0284936692144067,-0.006317558480150635
1593,15.93,-1.0263344388570348,-0.0043592335099265234
1594,15.94,-1.02283916104117,-0.003454435814515748
1595,15.950000000000001,-1.0202860434423635,-0.0025356129590421404
1596,15.96,-1.017142366966376,-0.0008265027087822291
1597,15.97,-1.0206112788567423,-0.00024715692156345413
1598,15.98,-1.0216505222949208,0.0015222988978101466
1599,15.99,-1.0147667507371096,0.002018851591058671
1600,16.0,-1.0183082677995032,0.0029258466837725973
1601,16.01,-1.0180853134281045,0.0036991377219906967
1602,16.02,-1.0155127050851018,0.004451232781666977
1603,16.03,-1.0135481847993462,0.006578842435510596
1604,16.04,-1.0161697117748925,0.007050465252100956
1605,16.05,-1.0096544157306242,0.008113753356264554
1606,16.06,-1.0035774884222877,0.007848876975042919
1607,16.07,-1.010245529300337,0.010689972643883473
1608,16.080000000000002,-1.0036794799531854,0.011213590309715131
1609,16.09,-1.0037591033237196,0.012011160044000447
1610,16.1,-1.002565035857185,0.012784870901282512
1611,16.11,-1.0020185887771573,0.013951678971982906
1612,16.12,-0.9987102675322352,0.014194356306542574
1613,16.13,-0.998028814140076,0.015481969267825664
1614,16.14,-0.992970647865319,0.016684461474139784
1615,16.15,-0.9946966232404005,0.017648011166976046
1616,16.16,-0.9959848054647767,0.018946704373216185
1617,16.17,-0.9937458686478639,0.02020700972046941
1618,16.18,-0.9958556056009435,0.020740917826022387
1619,16.19,-0.9918015028509861,0.02212943950597806
1620,16.2,-0.9874731556259307,0.023353685683057835
1621,16.21,-0.9847893907162043,0.024420541410411545
1622,16.22,-0.9865444150287314,0.02481508557343868
1623,16.23,-0.980688529206698,0.026079190154962628
1624,16.240000000000002,-0.9856138460260567,0.02704726492175806
1625,16.25,-0.9801588803308926,0.027998553007073216
1626,16.26,-0.9762153132096008,0.028652109644180447
1627,16.27,-0.975712210117566,0.02903285421772938
1628,16.28,-0.9771008307611303,0.030121033025703712
1629,16.29,-0.9745768283834889,0.031290882997383064
1630,16.3,-0.9692107897217512,0.0325529333345265
1631,16.31,-0.9734546097088079,0.03364856924026664
1632,16.32,-0.969316608417467,0.034506974964828796
1633,16.330000000000002,-0.9636543062243517,0.036120057488846245
1634,16.34,-0.9673331190284608,0.03654289669462666
1635,16.35,-0.9685454560643906,0.03758167382840786
1636,16.36,-0.9614958036237085,0.037991242359333106
1637,16.37,-0.9627640517543181,0.039945741135424574
1638,16.38,-0.9635500456559951,0.03998893784836071
1639,16.39,-0.9571384507282287,0.04110009331319723
1640,16.4,-0.9558365785621001,0.04230679448402928
1641,16.41,-0.9560051484984481,0.04320979334397173
1642,16.42,-0.9537349048532057,0.045136184979325
1643,16.43,-0.9540280035355376,0.04571928599682516
1644,16.44,-0.9490570550355456,0.044870714652241024
1645,16.45,-0.9492601703370935,0.047316534584345496
1646,16.46,-0.9511432573919867,0.04791449728517551
1647,16.47,-0.9449775563318875,0.04897702899076262
1648,16.48,-0.9493905570377809,0.049981342956809484
1649,16.490000000000002,-0.9430140303376111,0.05085864798185083
1650,16.5,-0.9427535718169593,0.05177074633195204
1651,16.51,-0.9362626072819762,0.05294414370860015
1652,16.52,-0.9403593419654963,0.05387700872888901
1653,16.53,-0.9341763937663696,0.05485643006817241
1654,16.54,-0.9389863969315696,0.05596716059586121
1655,16.55,-0.9322734432474995,0.05535142355998341
1656,16.56,-0.9360476141007122,0.05749510402394443
1657,16.57,-0.9330487860175775,0.058219717971112576
1658,16.580000000000002,-0.9227696904255386,0.05938925747287369
1659,16.59,-0.9253505192315311,0.05951358317557216
1660,16.6,-0.9254065404049724,0.061375998771311883
1661,16.61,-0.9164620775454111,0.06168976073744812
1662,16.62,-0.9267830831042858,0.06266358448923454
1663,16.63,-0.9199783058099069,0.06408544686798653
1664,16.64,-0.9172053511664504,0.06507538107641542
1665,16.65,-0.9182588701771477,0.06602960792595403
1666,16.66,-0.9148443894260472,0.06684250458338505
1667,16.67,-0.9100436594693893,0.06782910950003909
1668,16.68,-0.9119160133744892,0.06837509361287555
1669,16.69,-0.9104983510992741,0.06967133556360773
1670,16.7,-0.9109556357620573,0.07035614935508198
1671,16.71,-0.902913701623072,0.07165638020111964
1672,16.72,-0.9072013980437098,0.07234633561984927
1673,16.73,-0.9031462767930107,0.0737294610212493
1674,16.740000000000002,-0.903239815701498,0.07381019612872876
1675,16.75,-0.8994719660193655,0.07511045998564046
1676,16.76,-0.899605909432549,0.07578700692736273
1677,16.77,-0.8995712800183886,0.07701369741698835
1678,16.78,-0.8902402656717094,0.07722740856820226
1679,16.79,-0.8845778119380833,0.07839368270838339
1680,16.8,-0.8921961974015814,0.07912237873862309
1681,16.81,-0.8924031541275705,0.08010199445798831
1682,16.82,-0.8866747867053097,0.08121894055596444
1683,16.830000000000002,-0.881600292955206,0.08173887731098342
1684,16.84,-0.8838158803951762,0.0826317192954966
1685,16.85,-0.8804177349846309,0.0832042966949339
1686,16.86,-0.8783643235034025,0.08524730057849952
1687,16.87,-0.881676462185078,0.08533844026685941
1688,16.88,-0.8777456238455977,0.08704660190246803
1689,16.89,-0.8698339554172757,0.08738351340097289
1690,16.9,-0.8723466167233401,0.08804761851936839
1691,16.91,-0.8741781369084294,0.08905428919294363
1692,16.92,-0.8690160320606399,0.0894783524648004
1693,16.93,-0.8644458573159406,0.0915174478472612
1694,16.94,-0.8668206172033406,0.0919496246526963
1695,16.95,-0.8635589949685478,0.09266837346632442
1696,16.96,-0.860054680169921,0.09327309150319005
1697,16.97,-0.8602460486325355,0.0946628528423466
1698,16.98,-0.8549382834700806,0.09425327077625484
1699,16.990000000000002,-0.858597424593625,0.09585337168428128
1700,17.0,-0.8559047180778906,0.09660633543117955
1701,17.01,-0.8507105123156338,0.0977302606839026
1702,17.02,-0.8504980591717174,0.09782732398840856
1703,17.03,-0.8478100230654823,0.09906467262900742
1704,17.04,-0.8491847689116283,0.09902268110749483
1705,17.05,-0.8417208072545111,0.10097542713892277
1706,17.06,-0.8442817812025334,0.10134875364547775
1707,17.07,-0.8373439725968613,0.10309177001581385
1708,17.080000000000002,-0.8387583030018986,0.10332274253468478
1709,17.09,-0.8373380594209462,0.10423055455027512
1710,17.1,-0.8291374597011338,0.10492159150617655
1711,17.11,-0.8313106303605214,0.10660494447971694
1712,17.12,-0.8302745517669019,0.10640778217523153
1713,17.13,-0.8228137551768809,0.10663108167118648
1714,17.14,-0.8252426245524819,0.10855409612743123
1715,17.150000000000002,-0.8238819703497132,0.10895986617786584
1716,17.16,-0.8190691133008146,0.10903979340546997
1717,17.17,-0.8176941171014179,0.1114245716478357
1718,17.18,-0.8147116454634025,0.11178560123682581
1719,17.19,-0.8144516968365864,0.11340409347598951
1720,17.2,-0.8110452973112723,0.11298379005136465
1721,17.21,-0.8105990836656883,0.11400137206763011
1722,17.22,-0.8100272177526425,0.11537559606050052
1723,17.23,-0.8072804702527497,0.11651926655316742
1724,17.240000000000002,-0.808514337687148,0.11645602138805666
1725,17.25,-0.7985076162287296,0.11742261996876482
1726,17.26,-0.8032024852219088,0.11834737169537386
1727,17.27,-0.8009108204920775,0.1183904869757964
1728,17.28,-0.799777514319255,0.12011917959671077
1729,17.29,-0.7922469382781897,0.12103069727773548
1730,17.3,-0.793100978068174,0.12177398768435002
1731,17.31,-0.785210632507793,0.12220212621899168
1732,17.32,-0.7874538307539646,0.1228360964632882
1733,17.330000000000002,-0.7841139264233542,0.1239343233177401
1734,17.34,-0.7802517412846751,0.12472823113382156
1735,17.35,-0.7798997336256764,0.12477517854115962
1736,17.36,-0.783149705469698,0.12670615474907643
1737,17.37,-0.7795252635148312,0.12678320821878164
1738,17.38,-0.7741564087341888,0.12720364978342946
1739,17.39,-0.7690920384151025,0.1279932124350642
1740,17.400000000000002,-0.7712694265315656,0.129122090347887
1741,17.41,-0.766150344693832,0.1295519474238115
1742,17.42,-0.7618090842204776,0.13061160729252003
1743,17.43,-0.7594276363797211,0.1314756845845708
1744,17.44,-0.758809230176256,0.13220715968111524
1745,17.45,-0.7587673538582886,0.1335958104885498
1746,17.46,-0.758595607265847,0.1337905287332452
1747,17.47,-0.7483730038044514,0.13442946312255583
1748,17.48,-0.7512726809411064,0.13532685946865175
1749,17.490000000000002,-0.7451176233144802,0.13522546312286982
1750,17.5,-0.7433871961180565,0.13625265939639572
1751,17.51,-0.7443462352002306,0.1370723319710106
1752,17.52,-0.7373108449462012,0.13849044776823632
1753,17.53,-0.7376704607991658,0.1390106966096095
1754,17.54,-0.7319526205870517,0.13885823099199188
1755,17.55,-0.7282955662700799,0.1406866363997187
1756,17.56,-0.7318658044842079,0.14188086809757372
1757,17.57,-0.7217455604952451,0.14226221875382158
1758,17.580000000000002,-0.7228681749618862,0.14256911288173557
1759,17.59,-0.7152047339306168,0.14339400565973978
1760,17.6,-0.7172638630228951,0.14457269486213298
1761,17.61,-0.7088665389759103,0.14459558902065137
1762,17.62,-0.7083136986125779,0.14465718992538204
1763,17.63,-0.7132289974966972,0.1469267945695375
1764,17.64,-0.7068154669033471,0.1467165811942335
1765,17.650000000000002,-0.6992211848622607,0.1480712008827515
1766,17.66,-0.6986152509552463,0.1476180464978765
1767,17.67,-0.6989594423880665,0.1483738663524725
1768,17.68,-0.6975184249068447,0.1500801173620097
1769,17.69,-0.6907973656071384,0.1506571317525234
1770,17.7,-0.6887585669541431,0.15157442895876755
1771,17.71,-0.6845617174191113,0.15199065506754691
1772,17.72,-0.6848653467383903,0.15246543794116618
1773,17.73,-0.6815298312904717,0.15366770163677854
1774,17.740000000000002,-0.6764142493829166,0.15429524853304277
1775,17.75,-0.6745423068612068,0.15433034453468464
1776,17.76,-0.6711187859895479,0.15471696462568504
1777,17.77,-0.6665441772664112,0.15577794425947095
1778,17.78,-0.6663211849464713,0.15604230934234561
1779,17.79,-0.6598433342515273,0.15772469075034717
1780,17.8,-0.6540781631695023,0.15804073704504829
1781,17.81,-0.647936807971973,0.158089629343148
1782,17.82,-0.6470133795409984,0.1594143643246597
1783,17.830000000000002,-0.6450928580220744,0.1602824582268692
1784,17.84,-0.6428087259411241,0.16007749779479932
1785,17.85,-0.638983892244938,0.16074360587346417
1786,17.86,-0.6351279207151225,0.1621315376839674
1787,17.87,-0.6272349456074833,0.1619576336615335
1788,17.88,-0.6289453392792019,0.1628033701273149
1789,17.89,-0.6280154354818993,0.16337683134394168
1790,17.900000000000002,-0.61750009066459,0.16351721157457075
1791,17.91,-0.6188932956851632,0.16479047441003214
1792,17.92,-0.6117663519214516,0.16496070828071846
1793,17.93,-0.613253632035358,0.16566590397477607
1794,17.94,-0.6052314038937435,0.16709185129659765
1795,17.95,-0.6028854857761635,0.16642970379235447
1796,17.96,-0.5985346717351322,0.16774127029348437
1797,17.97,-0.5930763613102128,0.1682812753526564
1798,17.98,-0.5925736980303231,0.1687302155507967
1799,17.990000000000002,-0.5857617344708879,0.1696225262650267
1800,18.0,-0.5859427874242924,0.17024717554341331
1801,18.01,-0.5781359783093272,0.17050175905079631
1802,18.02,-0.571775837936597,0.17147703332280434
1803,18.03,-0.568285656383439,0.17177888112351233
1804,18.04,-0.5645283226395573,0.17321478358792403
1805,18.05,-0.5651784292713514,0.17322033672978016
1806,18.06,-0.5555938952963596,0.1736193440474366
1807,18.07,-0.5506139401790516,0.17478222388957723
1808,18.080000000000002,-0.5469242014312162,0.1748942627208953
1809,18.09,-0.5404797520432258,0.17533240231327965
1810,18.1,-0.5406334492549562,0.17532927214221428
1811,18.11,-0.5292884573706824,0.17556337473586697
1812,18.12,-0.5248950970900825,0.17676314048576733
1813,18.13,-0.5263863082825134,0.17754902483477705
1814,18.14,-0.5174221262719061,0.17790041178456548
1815,18.150000000000002,-0.5149815383181742,0.17860616140170515
1816,18.16,-0.5069619451313215,0.1794332110828779
1817,18.17,-0.5040444677308795,0.17986235654127222
1818,18.18,-0.5012584198382907,0.18053114713100765
1819,18.19,-0.48767457895240035,0.18044466041951224
1820,18.2,-0.4833260988545461,0.1812649097120902
1821,18.21,-0.47861515113280145,0.1811467524514036
1822,18.22,-0.4740548220953439,0.18060708200464223
1823,18.23,-0.46733821731757946,0.18278855509143058
1824,18.240000000000002,-0.45928337849118084,0.18252443538214974
1825,18.25,-0.45334906762934907,0.18373029013034664
1826,18.26,-0.44947943804734375,0.18330827938923946
1827,18.27,-0.4414654598689529,0.18422189514917856
1828,18.28,-0.4351357303053206,0.1844413803762036
1829,18.29,-0.43297839705659313,0.18487513654002008
1830,18.3,-0.42920256699638665,0.18550534790093529
1831,18.31,-0.41421963259881406,0.18632790845614244
1832,18.32,-0.40938794063373873,0.1866753629512063
1833,18.330000000000002,-0.4012355837382499,0.18650872172027463
1834,18.34,-0.3963801876203198,0.18836513923444667
1835,18.35,-0.3858070738013795,0.18775092559226944
1836,18.36,-0.37754292929534194,0.18835348867634807
1837,18.37,-0.369806844944044,0.18939501120293703
1838,18.38,-0.363627659796337,0.1877816508986135
1839,18.39,-0.3522929285260974,0.18936135220846761
1840,18.400000000000002,-0.34094088570641445,0.18886915259965326
1841,18.41,-0.33486241376326403,0.19001271857239244
1842,18.42,-0.3253533124773591,0.18965901570353505
1843,18.43,-0.3200709931677411,0.19027457154791644
1844,18.44,-0.3038090751740562,0.19070196579896004
1845,18.45,-0.2964985916224701,0.1905781751626666
1846,18.46,-0.2826531298542147,0.1910474230447943
1847,18.47,-0.2756114976130413,0.19179892095940582
1848,18.48,-0.26699362138407484,0.19151598924503851
1849,18.490000000000002,-0.254300437065995,0.19179816650962717
1850,18.5,-0.24668377850456116,0.19214384517703698
1851,18.51,-0.23291831784466108,0.19233290662557834
1852,18.52,-0.2154136811687202,0.1929939622069986
1853,18.53,-0.20467136008450548,0.19208921793524594
1854,18.54,-0.19377483298457301,0.19302140146238994
1855,18.55,-0.18206405349450056,0.19347711227134673
1856,18.56,-0.16906890533527769,0.19388893833267576
1857,18.57,-0.1534188342619849,0.19400739091783495
1858,18.580000000000002,-0.1337969198096622,0.19419101458972776
1859,18.59,-0.12082019254487446,0.19425514881199674
1860,18.6,-0.10184705896815845,0.19322114245252295
1861,18.61,-0.09300389452783699,0.19398410278285175
1862,18.62,-0.07834783543615341,0.19484554978477509
1863,18.63,-0.05372411863319005,0.19453873182967257
1864,18.64,-0.0352690328979375,0.19446727238485145
1865,18.650000000000002,-0.020058280486201296,0.19472718393672248
1866,18.66,-0.0028013209311579124,0.1940447042406279
1867,18.67,0.018843269457699274,0.19400793104506434
1868,18.68,0.040402919883469425,0.19475364202905396
1869,18.69,0.058157520160618856,0.1945794995556133
1870,18.7,0.08323807408359948,0.19317375411686888
1871,18.71,0.1040173062704198,0.19431734569752476
1872,18.72,0.13192229855864013,0.19482977759796563
1873,18.73,0.1543162668360388,0.1937648729205649
1874,18.740000000000002,0.1789425014418701,0.1932752862218978
1875,18.75,0.2034382097693626,0.1928717371674832
1876,18.76,0.23006618112956911,0.19366711736221068
1877,18.77,0.2560014459022345,0.19314411848236754
1878,18.78,0.28480351839302415,0.19220990343975775
1879,18.79,0.31113213232613607,0.19235173782873183
1880,18.8,0.3368243431719504,0.19294062250019478
1881,18.81,0.3724883830827026,0.1911944556900532
1882,18.82,0.40156859445461185,0.1910080256120609
1883,18.830000000000002,0.43037490213436036,0.19099736977065188
1884,18.84,0.463779918361276,0.19087886943453533
1885,18.85,0.4955301957686954,0.19036817322835792
1886,18.86,0.5219226273067117,0.19017674670820087
1887,18.87,0.5517817974387879,0.18936371747298067
1888,18.88,0.586497062455049,0.1875786220390931
1889,18.89,0.6210632328917614,0.18769276519632014
1890,18.900000000000002,0.6546385206807355,0.18743889968919897
1891,18.91,0.6817366708063092,0.18705261780763827
1892,18.92,0.7137588117447001,0.18567773683770525
1893,18.93,0.742056066135678,0.18483911561283425
1894,18.94,0.7744647445705082,0.1840646998734399
1895,18.95,0.8026927391266973,0.18248292281453687
1896,18.96,0.825494655146143,0.18285072433190586
1897,18.97,0.8546893485763151,0.18125847380999963
1898,18.98,0.8797271869068735,0.1815033321367349
1899,18.990000000000002,0.8999934686197637,0.18035395396500728
1900,19.0,0.927279664486456,0.17931528814482028
1901,19.01,0.9475689851936956,0.17851737066539863
1902,19.02,0.9687712605671245,0.17747452204625214
1903,19.03,0.9850778995889482,0.17693181078913636
1904,19.04,1.005965507356234,0.1759776047601043
1905,19.05,1.0185980370288714,0.17516767321605975
1906,19.06,1.0339187440280062,0.1734546527044377
1907,19.07,1.0544430495313755,0.1726402362816346
1908,19.080000000000002,1.0653639154552834,0.1707089923624477
1909,19.09,1.077368880856424,0.17037383921692514
1910,19.1,1.0904480865097803,0.16978233647261634
1911,19.11,1.0953543100023038,0.16851963181861876
1912,19.12,1.1059264144516927,0.16696171664607873
1913,19.13,1.1123838397598402,0.16551029965024713
1914,19.14,1.1263590031044322,0.1645599034989176
1915,19.150000000000002,1.127697154523999,0.16377840993924486
1916,19.16,1.1285939561463796,0.16253248217252267
1917,19.17,1.1332024354291825,0.1612738520835306
1918,19.18,1.145089612391786,0.16070388291290247
1919,19.19,1.1494194197797696,0.15884236813992614
1920,19.2,1.1519377601163727,0.15767117892755633
1921,19.21,1.1511583647843497,0.15728099106075874
1922,19.22,1.154622431693664,0.15516956816983796
1923,19.23,1.159724690673539,0.15432554204006932
1924,19.240000000000002,1.1584161448056292,0.15359380869981734
1925,19.25,1.1616411761324985,0.15289591311906614
1926,19.26,1.1652141872819146,0.15112239088958598
1927,19.27,1.168737235571201,0.14920611533177255
1928,19.28,1.1672831523478868,0.14894410412981932
1929,19.29,1.1688752511188953,0.14739514719036823
1930,19.3,1.1689921583405132,0.1457665343867742
1931,19.31,1.1716163137891387,0.14544658556211876
1932,19.32,1.1683994379459022,0.14397622334281182
1933,19.330000000000002,1.1689417136387377,0.14251766343860908
1934,19.34,1.1700233472086958,0.14135102726903406
1935,19.35,1.16846777896929,0.14015091108849276
1936,19.36,1.1687534035359297,0.13904182660007328
1937,19.37,1.161726181911651,0.1380359711742068
1938,19.38,1.1640687553328444,0.13674955637642497
1939,19.39,1.167016855718814,0.136478913571857
1940,19.400000000000002,1.1673324484509624,0.1347526207182529
1941,19.41,1.1697821881227968,0.13301127567893778
1942,19.42,1.169503920295335,0.1315115951677801
1943,19.43,1.1665201651140424,0.13118815982049456
1944,19.44,1.1613048428942994,0.12963871746482006
1945,19.45,1.1629953175660945,0.12929602093509374
1946,19.46,1.161038902801852,0.12745197618651222
1947,19.47,1.1641359597717504,0.12661548288234892
1948,19.48,1.1576356394515759,0.12451704584476755
1949,19.490000000000002,1.1687103794471012,0.12442254872438933
1950,19.5,1.1597397693469507,0.12270659870855993
1951,19.51,1.1571383806436784,0.12186569252917498
1952,19.52,1.1567218562715296,0.1213418908880633
1953,19.53,1.1554093160997438,0.11914978232672212
1954,19.54,1.156107845228359,0.11821401593105943
1955,19.55,1.1507675367175851,0.11724770072933201
1956,19.56,1.1495935539833295,0.11554665369501148
1957,19.57,1.150007187359265,0.11445915125982979
1958,19.580000000000002,1.152195089677701,0.11397283326800514
1959,19.59,1.1520667220098695,0.11182913025495526
1960,19.6,1.1448059435665499,0.11113948075248654
1961,19.61,1.149604797334395,0.11024560208400137
1962,19.62,1.1494936612013582,0.10951239259015302
1963,19.63,1.1524300331048762,0.10847890119513501
1964,19.64,1.143528446481056,0.10709559909759298
1965,19.650000000000002,1.1459601612317574,0.10557703675355888
1966,19.66,1.1422764937792886,0.10459971736907173
1967,19.67,1.1402707925988604,0.10358033766256462
1968,19.68,1.137175642952469,0.10254379113659232
1969,19.69,1.1376212891628399,0.10107643910339867
1970,19.7,1.134576211277005,0.09996214579038716
1971,19.71,1.140167773623494,0.09925027693484814
1972,19.72,1.1324054439114464,0.09743366140140806
1973,19.73,1.133016695616293,0.09664079435764343
1974,19.740000000000002,1.1318788980748187,0.09638952841759019
1975,19.75,1.1306151546602268,0.09392470221851995
1976,19.76,1.132284688552811,0.09204080976773849
1977,19.77,1.1278142191559957,0.09232673419687033
1978,19.78,1.1268992419917934,0.09120272573471332
1979,19.79,1.123197951773957,0.08998013245808409
1980,19.8,1.1275156062263358,0.08811801173247406
1981,19.81,1.1224832169856445,0.08698144930404894
1982,19.82,1.1240056907345075,0.08646026830844492
1983,19.830000000000002,1.1243282656543776,0.08508444690230796
1984,19.84,1.1216765556447386,0.08444468627346265
1985,19.85,1.122547431199203,0.08284768580031453
1986,19.86,1.1125544422180444,0.08187145808905767
1987,19.87,1.1179578555530392,0.08061513622424168
1988,19.88,1.1180265835302432,0.0799633696076543
1989,19.89,1.111480973519073,0.0784767850168271
1990,19.900000000000002,1.1167100460291204,0.07737386850886172
1991,19.91,1.1146807162251806,0.0758665936686748
1992,19.92,1.1088438545668913,0.07528210815692736
1993,19.93,1.1053681191844331,0.07410862210680003
1994,19.94,1.1064173895176475,0.07324377291611942
1995,19.95,1.1065324404002657,0.07225620269900658
1996,19.96,1.108682924197663,0.07072029761492511
1997,19.97,1.1025146032963133,0.06964122518071404
1998,19.98,1.1033396420609314,0.06836623009684879
1999,19.990000000000002,1.1059619927187847,0.0677071795592202
2000,20.0,1.1024967914079642,0.0666193572433598
2001,20.01,1.1020564272641749,0.06500014869769756
2002,20.02,1.1008073522586714,0.06380376950856369
2003,20.03,1.1005038890411054,0.06306204091433945
2004,20.04,1.0960510188117158,0.06191343241785243
2005,20.05,1.0917513306256805,0.06081264876270479
2006,20.06,1.0945669861314995,0.06000500095408613
2007,20.07,1.0911604815990796,0.05834127024466487
2008,20.080000000000002,1.0873024610495543,0.05729908015731563
2009,20.09,1.0885130469779996,0.055780002004991516
2010,20.1,1.088582888443171,0.05537086515065635
2011,20.11,1.091665733037752,0.054070692755046966
2012,20.12,1.085302255291352,0.053078412210706645
2013,20.13,1.0881731138422674,0.05267107958762514
2014,20.14,1.0810655420608057,0.050863787483088715
2015,20.150000000000002,1.0776022749620762,0.05095827488996604
2016,20.16,1.080219030312474,0.049169798772838474
2017,20.17,1.0790008915144442,0.04728352660443277
2018,20.18,1.0777458590984976,0.046820469244620265
2019,20.19,1.0821741308466006,0.04570204922973491
2020,20.2,1.0737706785472465,0.043890022353766225
2021,20.21,1.0731669190353947,0.043629698892253745
2022,20.22,1.0781668514085254,0.041844016208568785
2023,20.23,1.0749314852188143,0.04098554398179822
2024,20.240000000000002,1.0728469726644352,0.03994757314276605
2025,20.25,1.069651041498726,0.038967008379305654
2026,20.26,1.074797022557842,0.038556226145302526
2027,20.27,1.0656215544220056,0.03747637471262959
2028,20.28,1.070430131905819,0.035892572637769495
2029,20.29,1.0659809532940656,0.03476231290637655
2030,20.3,1.0664057433275935,0.03408373244714858
2031,20.31,1.0652022044979321,0.03260757973486669
2032,20.32,1.058619619924175,0.03175514932802658
2033,20.330000000000002,1.062222078747626,0.030495912085194345
2034,20.34,1.0623637854301482,0.029550347681180783
2035,20.35,1.0600527532137285,0.02830601877359899
2036,20.36,1.0552346454699553,0.027732577297603787
2037,20.37,1.0504566772380963,0.025810740232934944
2038,20.38,1.051247486183259,0.02557206632295342
2039,20.39,1.0509549080028442,0.02449948423046427
2040,20.400000000000002,1.0498206008723547,0.023176900131014044
2041,20.41,1.0473592132242315,0.02257027392533691
2042,20.42,1.0527214007456114,0.02100363028616371
2043,20.43,1.048609758701135,0.020133817469317538
2044,20.44,1.0428249683548192,0.018415199423545893
2045,20.45,1.0398545577862721,0.01786857164725992
2046,20.46,1.0465232737745056,0.01711492911314675
2047,20.47,1.0414699785345116,0.015616868006889743
2048,20.48,1.036511452981008,0.015125964765620507
2049,20.490000000000002,1.0403420015303337,0.01370133652282561
2050,20.5,1.03239418369477,0.012646841035573954
2051,20.51,1.033743510143487,0.011736939190998864
2052,20.52,1.032781403430479,0.010510642342230913
2053,20.53,1.0361197587241857,0.009744220099076514
2054,20.54,1.0290851330444775,0.008359210287108183
2055,20.55,1.033300351604746,0.00754408670602813
2056,20.56,1.0333799089612967,0.0065451931731467395
2057,20.57,1.0236138697588228,0.005921043884654635
2058,20.580000000000002,1.0270650821632976,0.0048187886548580645
2059,20.59,1.0227097889253687,0.00359187309682191
2060,20.6,1.0224467957604813,0.0028172401728369903
2061,20.61,1.0194718533397038,0.0013684235959775426
2062,20.62,1.0238087565790042,0.00032083080175402464
2063,20.63,1.01473075135838,-0.0002697989541824772
2064,20.64,1.017741997716178,-0.0017375652155998938
2065,20.650000000000002,1.0221908761907434,-0.0030602977204995567
2066,20.66,1.0231003474968023,-0.0035910304988861622
2067,20.67,1.0158826507173884,-0.004580393684931113
2068,20.68,1.012031124856761,-0.005833170369584463
2069,20.69,1.009831936087197,-0.0067729326555157334
2070,20.7,1.0105505587599137,-0.007556254918630783
2071,20.71,1.0079191891982544,-0.008202449138144306
2072,20.72,1.000919074138931,-0.010195770433539173
2073,20.73,1.0090833248645668,-0.011087826646879195
2074,20.740000000000002,1.002601146120649,-0.011744211514675536
2075,20.75,0.997974362042394,-0.01310468969260398
2076,20.76,0.9969599209648999,-0.013718100646601278
2077,20.77,0.9960465082030582,-0.014918010455154437
2078,20.78,0.9975124362404478,-0.016390775980881084
2079,20.79,1.0008972153822715,-0.016686470599975262
2080,20.8,0.9948552359180883,-0.018185018666577724
2081,20.81,0.9932857170945972,-0.019570739179664454
2082,20.82,0.9907160049508559,-0.019788168224937102
2083,20.830000000000002,0.9923811087632709,-0.021081056916176878
2084,20.84,0.9867458007747436,-0.02115686931282942
2085,20.85,0.9906764896630471,-0.022228295891525376
2086,20.86,0.9844412247176553,-0.02297990846767854
2087,20.87,0.9809816463675599,-0.025007080780999856
2088,20.88,0.9772754021757422,-0.025278805148037094
2089,20.89,0.9827292213319929,-0.025893121864755238
2090,20.900000000000002,0.9832728678749114,-0.02767051173428493
2091,20.91,0.9789033563630596,-0.028048275305895445
2092,20.92,0.975638964619824,-0.029601229965118762
2093,20.93,0.9717364765057976,-0.03018227012543135
2094,20.94,0.976596147909312,-0.03076229309976923
2095,20.95,0.9735806679363778,-0.032527852977711755
2096,20.96,0.9725588516165337,-0.033969089039649736
2097,20.97,0.9638924960232336,-0.03455001505190166
2098,20.98,0.9691086136930095,-0.03547029047139232
2099,20.990000000000002,0.9617784526252763,-0.03699762148366889
2100,21.0,0.9616001727293592,-0.03702979027689721
2101,21.01,0.96330146670317,-0.03931840230493719
2102,21.02,0.9617349122312301,-0.03978038023862769
2103,21.03,0.9609471147515284,-0.040374438987059745
2104,21.04,0.9577418211385922,-0.04097706017653581
2105,21.05,0.9575136741603637,-0.04191613536316014
2106,21.06,0.9616183670921769,-0.04313207359149338
2107,21.07,0.9531554539601335,-0.04355449281490136
2108,21.080000000000002,0.9564053646832372,-0.04552370265441556
2109,21.09,0.9526778744089957,-0.045758885190362156
2110,21.1,0.9479948494627672,-0.04714936289794228
2111,21.11,0.9504224487011869,-0.047903339591314716
2112,21.12,0.9501046898203473,-0.048584686887266866
2113,21.13,0.9419404754637443,-0.04956927670002991
2114,21.14,0.9388816813919879,-0.050952795325040996
2115,21.150000000000002,0.9424666596987221,-0.05219215983992335
2116,21.16,0.9400494267631204,-0.052304539590139774
2117,21.17,0.9382672475621078,-0.0533972184547138
2118,21.18,0.9346615094489881,-0.05472728130210801
2119,21.19,0.933669847712238,-0.05492434122988866
2120,21.2,0.9298290031190166,-0.05600692079569604
2121,21.21,0.9317136905447182,-0.05735367565646903
2122,21.22,0.9283925958960899,-0.057438222301844595
2123,21.23,0.9308448022605178,-0.05854430370461039
2124,21.240000000000002,0.9313353321281579,-0.06011204281423473
2125,21.25,0.9257123807239216,-0.06144493399563176
2126,21.26,0.9236950583502774,-0.06186220290016611
2127,21.27,0.9186420129634661,-0.06261745550162626
2128,21.28,0.9210970480158128,-0.06348469108018959
2129,21.29,0.9205735801785947,-0.06513208096472026
2130,21.3,0.9134211992360723,-0.06477867166764197
2131,21.31,0.915527571444657,-0.06612383817801343
2132,21.32,0.9126198408594033,-0.06697597827191785
2133,21.330000000000002,0.9132462416655246,-0.06847287693722384
2134,21.34,0.9162488609903924,-0.06906286874792918
2135,21.35,0.9085227857683463,-0.07005234312558521
2136,21.36,0.9101069657355138,-0.07173944201398691
2137,21.37,0.9090978321328816,-0.07138315851773273
2138,21.38,0.9008099963982844,-0.07332833571369614
2139,21.39,0.900031738653161,-0.07377702144669003
2140,21.400000000000002,0.8972717102405534,-0.07366169488873281
2141,21.41,0.8967057777542962,-0.07547518222935189
2142,21.42,0.8991095392485096,-0.0769306231892497
2143,21.43,0.8974602663937824,-0.07777238071671795
2144,21.44,0.8989966586969937,-0.07775644326907559
2145,21.45,0.895355329950208,-0.07923663353894468
2146,21.46,0.8903819945801579,-0.07947227477435435
2147,21.47,0.8825161461340076,-0.08050465829138953
2148,21.48,0.8851163813039336,-0.08080900189658345
2149,21.490000000000002,0.8853510799880497,-0.08243323621008664
2150,21.5,0.8803931514212615,-0.0829427503471872
2151,21.51,0.882457584464485,-0.08434810896660419
2152,21.52,0.8764466226360828,-0.08579101292006634
2153,21.53,0.8735586503754702,-0.0859630251538807
2154,21.54,0.8766131335647208,-0.08659897028699272
2155,21.55,0.8744666066119205,-0.08830781159863745
2156,21.56,0.8759913676196106,-0.08876383442563486
2157,21.57,0.8719893121097254,-0.08962018624171955
2158,21.580000000000002,0.8665060462451365,-0.09088577766176514
2159,21.59,0.8626274270913664,-0.09191082313449156
2160,21.6,0.8613218852251017,-0.0918198403266716
2161,21.61,0.8627319433213902,-0.09318598574376089
2162,21.62,0.857624866003602,-0.09325452675424228
2163,21.63,0.8581539344165391,-0.09454490574599782
2164,21.64,0.8496204533127333,-0.09572666792946881
2165,21.650000000000002,0.850988314459463,-0.09636678949713764
2166,21.66,0.8549148212625961,-0.09705595030220768
2167,21.67,0.8552502271962659,-0.09841334939214866
2168,21.68,0.8469173708969419,-0.09896911220080522
2169,21.69,0.847246598815249,-0.10009714246936362
2170,21.7,0.8502096822443969,-0.10141591566882467
2171,21.71,0.8454964653449388,-0.10169788602111744
2172,21.72,0.84182327193604,-0.10249550233152165
2173,21.73,0.8411063610206979,-0.10350784297976728
2174,21.740000000000002,0.8409174291456845,-0.10439889039289665
2175,21.75,0.8355277342608965,-0.10509184714547572
2176,21.76,0.8292411481730467,-0.10597881903334702
2177,21.77,0.8342621020675556,-0.1071685549131485
2178,21.78,0.8296140236737539,-0.10775432285304216
2179,21.79,0.8251677244380711,-0.10883944836879159
2180,21.8,0.8239234788720797,-0.10934766308470575
2181,21.81,0.8260460754778205,-0.11037163028755378
2182,21.82,0.821679817284428,-0.11086517440872937
2183,21.830000000000002,0.8214808449106173,-0.11166638205992375
2184,21.84,0.8113193744777445,-0.1128257183456244
2185,21.85,0.8103640964748388,-0.1132945778737879
2186,21.86,0.810581040366415,-0.11327639586874512
2187,21.87,0.8079379150739558,-0.11437973807117106
2188,21.88,0.8052700597509909,-0.11554705064385126
2189,21.89,0.8040989484322744,-0.11667424254986687
2190,21.900000000000002,0.8002287615879399,-0.11651984771218375
2191,21.91,0.8016722999117373,-0.11837384700051594
2192,21.92,0.7947886195905176,-0.11907546663842664
2193,21.93,0.7963170741102559,-0.12019185612744401
2194,21.94,0.7942005597664397,-0.11991474040011166
2195,21.95,0.793017028824391,-0.12159987060483127
2196,21.96,0.7894551721302111,-0.12108904006101569
2197,21.97,0.7882131235757299,-0.12286283025825159
2198,21.98,0.7832497554778509,-0.12239168870637879
2199,21.990000000000002,0.7843306199188647,-0.12365453126746614
2200,22.0,0.7788089520489702,-0.12501024068230662
2201,22.01,0.7751538179105703,-0.12585532727348578
2202,22.02,0.772812497826898,-0.1262223675057467
2203,22.03,0.7734491957809707,-0.12758368589453548
2204,22.04,0.7697976928881646,-0.12807254800676088
2205,22.05,0.7675113002576266,-0.1296008886607793
2206,22.06,0.7653650867541189,-0.12945259308036625
2207,22.07,0.7585044267672221,-0.1308153507282676
2208,22.080000000000002,0.764905768938388,-0.13163351428317588
2209,22.09,0.7611133527472808,-0.13160110144196802
2210,22.1,0.755466819626651,-0.13269215795651002
2211,22.11,0.7591080368258963,-0.13347418403428005
2212,22.12,0.7460159982823611,-0.13440674762701546
2213,22.13,0.7456274730375527,-0.13488114982926824
2214,22.14,0.7455007268047948,-0.1362667515834242
2215,22.150000000000002,0.7417729301556318,-0.13744730472772618
2216,22.16,0.7421090168913971,-0.13801943824822316
2217,22.17,0.7349871115597033,-0.13831192641437176
2218,22.18,0.7347702045745957,-0.13924110633000766
2219,22.19,0.7333532073184363,-0.14019582364915792
2220,22.2,0.7323350938645155,-0.14008939095817366
2221,22.21,0.7290494939994316,-0.14088668913987534
2222,22.22,0.7275013939473325,-0.14250722981425543
2223,22.23,0.7234685154303843,-0.14262453217051074
2224,22.240000000000002,0.7201884885510972,-0.143624624972952
2225,22.25,0.7172042412752124,-0.14345205853246312
2226,22.26,0.7158047927971544,-0.14413611698684659
2227,22.27,0.7071932830524312,-0.1451568599689206
2228,22.28,0.7132936754122619,-0.14603774103671055
2229,22.29,0.7022223095286296,-0.14688638508073618
2230,22.3,0.7032444192635521,-0.14765810720327424
2231,22.31,0.7008644066616516,-0.14774928857069364
2232,22.32,0.6938571877798063,-0.14890071931098245
2233,22.330000000000002,0.6943172308256389,-0.14945447885680177
2234,22.34,0.6885094928362314,-0.15077505730296575
2235,22.35,0.6891692078912133,-0.15072098663988667
2236,22.36,0.685537115607017,-0.15111153799613675
2237,22.37,0.6856248698655805,-0.15238171721951535
2238,22.38,0.6748213107832163,-0.15335251053274943
2239,22.39,0.674459019839577,-0.15370852296522625
2240,22.400000000000002,0.6737902967401063,-0.15480598534947007
2241,22.41,0.6692288451067671,-0.15474498639061396
2242,22.42,0.6671063620868933,-0.15569074922447562
2243,22.43,0.6672519203232878,-0.15644052990278742
2244,22.44,0.6566987143640473,-0.1567335777618253
2245,22.45,0.65983279469852,-0.1578460716215524
2246,22.46,0.6557986608550662,-0.15806369955709146
2247,22.47,0.6505913500458936,-0.15904347650924375
2248,22.48,0.6453089728668617,-0.1607808648785788
2249,22.490000000000002,0.6422624293771404,-0.1603576829640553
2250,22.5,0.6386461843589972,-0.16088135469536488
2251,22.51,0.637793480628233,-0.16131267469866373
2252,22.52,0.6341427577456475,-0.16207707959793657
2253,22.53,0.6330848396394123,-0.1622117710277407
2254,22.54,0.6280610492788669,-0.1635602091481798
2255,22.55,0.6243642523942784,-0.16430315419795852
2256,22.56,0.6193930134331375,-0.16432547811458056
2257,22.57,0.615155724982337,-0.165464378067128
2258,22.580000000000002,0.6070579605597972,-0.16550610411496122
2259,22.59,0.6087855575467315,-0.16634392893831446
2260,22.6,0.6027457114605079,-0.1674388056053001
2261,22.61,0.5994081134186985,-0.16806153921791464
2262,22.62,0.589090623850385,-0.16880853949834737
2263,22.63,0.5915479184925856,-0.16905512795879538
2264,22.64,0.5892392994768753,-0.1694641998938738
2265,22.650000000000002,0.5816575442928663,-0.17068358790845306
2266,22.66,0.578381317467811,-0.17052471973842273
2267,22.67,0.5724315565949384,-0.1713824203287565
2268,22.68,0.5674918526802516,-0.17207630028718524
2269,22.69,0.562329752254953,-0.17282202028356228
2270,22.7,0.5585232231003908,-0.17263980617812794
2271,22.71,0.5590757005920203,-0.17315070916454334
2272,22.72,0.5578569887403603,-0.1742889749630291
2273,22.73,0.5497913610663195,-0.17533080876163015
2274,22.740000000000002,0.5323652310757713,-0.1748843572533856
2275,22.75,0.5355248740507675,-0.174977710595993
2276,22.76,0.5299098666162434,-0.17601243608923328
2277,22.77,0.5282367748586789,-0.1768929933762136
2278,22.78,0.5243085458761778,-0.17748411456309024
2279,22.79,0.5161797626877624,-0.17773569013970852
2280,22.8,0.5163021314341083,-0.17851525643372795
2281,22.81,0.5052744852059114,-0.17886479469324304
2282,22.82,0.5045512858242147,-0.17904085393554645
2283,22.830000000000002,0.49717017144582143,-0.1803406382397585
2284,22.84,0.4939069740940163,-0.18030225324631421
2285,22.85,0.488336656506642,-0.18118873774378433
2286,22.86,0.4844802340627074,-0.18041463346527625
2287,22.87,0.47375378692513165,-0.18200711882381557
2288,22.88,0.46752690688240384,-0.18219284895145885
2289,22.89,0.46267481976251595,-0.1822223479383212
2290,22.900000000000002,0.45271474930146655,-0.18360409163053806
2291,22.91,0.4479035463876087,-0.18365934268918682
2292,22.92,0.44575498243863426,-0.18404391174804152
2293,22.93,0.43304069647315535,-0.18528447823711727
2294,22.94,0.42911037583334194,-0.18470776784587656
2295,22.95,0.4196186608638354,-0.1858479242857051
2296,22.96,0.41576157627860977,-0.18629708692945482
2297,22.97,0.4082079517477562,-0.18662060753223553
2298,22.98,0.4033415912997314,-0.18614697432590072
2299,22.990000000000002,0.3957193092928632,-0.18698033725908728
2300,23.0,0.38401276977906623,-0.18818855324191525
2301,23.01,0.3808265314661447,-0.18726064794949643
2302,23.02,0.37684906532457585,-0.18780649930239787
2303,23.03,0.3626597335400044,-0.18897979314450888
2304,23.04,0.3604738415960219,-0.18847999183094843
2305,23.05,0.3443429270028084,-0.18908587087325504
2306,23.06,0.3407238922435231,-0.18978947072341779
2307,23.07,0.3275329790775772,-0.1908712616539779
2308,23.080000000000002,0.3197151679623935,-0.19027179924258536
2309,23.09,0.3128414219742902,-0.1901986388008511
2310,23.1,0.29911933144941066,-0.1911947688518281
2311,23.11,0.29094149792633317,-0.19050304906625
2312,23.12,0.2796980449252507,-0.19146303411902524
2313,23.13,0.26982703446125494,-0.19189124434726215
2314,23.14,0.2538904261582104,-0.19218070985605396
2315,23.150000000000002,0.24069743270544913,-0.19265835138219625
2316,23.16,0.22960214046101407,-0.19193363407557218
2317,23.17,0.2242167620747517,-0.19208317358601457
2318,23.18,0.21079911949341737,-0.19299069059298676
2319,23.19,0.1942494995127332,-0.19359253278901561
2320,23.2,0.18203476495528956,-0.1932416008241939
2321,23.21,0.1745623292756921,-0.19385044641143678
2322,23.22,0.15308981604658128,-0.19297682537113964
2323,23.23,0.14318923040721412,-0.1940085699999673
2324,23.240000000000002,0.12585685462297935,-0.19408167959912825
2325,23.25,0.11146000648651828,-0.1941880550437933
2326,23.26,0.09161199934478974,-0.19357572739824777
2327,23.27,0.07979986169727277,-0.19429761789302402
2328,23.28,0.0644549100218165,-0.19476215314551448
2329,23.29,0.04273388894180322,-0.19501810579741521
2330,23.3,0.020147575194442137,-0.1941957567855029
2331,23.31,0.005182424809356421,-0.19406487908072198
2332,23.32,-0.011913712309168439,-0.19489183497263274
2333,23.330000000000002,-0.03167935444378927,-0.1939203764834792
2334,23.34,-0.05123645326011338,-0.19440722193347265
2335,23.35,-0.08264911000726456,-0.1948378042263717
2336,23.36,-0.09605973840168444,-0.19376295749023667
2337,23.37,-0.11937412322352181,-0.19350531473108087
2338,23.38,-0.14302477048740467,-0.1935513073384778
2339,23.39,-0.17095586814380098,-0.19423307075568316
2340,23.400000000000002,-0.1955628558557022,-0.19318802790137052
2341,23.41,-0.22007444846050928,-0.19314820489738074
2342,23.42,-0.2472976905781656,-0.1929856852228486
2343,23.43,-0.27544348487158904,-0.19266639574637529
2344,23.44,-0.3049692124783186,-0.19181423623924554
2345,23.45,-0.32874749951501236,-0.1920203943797905
2346,23.46,-0.35930914128023667,-0.19203903766944355
2347,23.47,-0.39500755823855316,-0.191879464028616
2348,23.48,-0.42493747925774816,-0.19110955203468175
2349,23.490000000000002,-0.45139953003173977,-0.19007316729806717
2350,23.5,-0.48699465053203944,-0.18947216613394896
2351,23.51,-0.5175886673702074,-0.18937293433206429
2352,23.52,-0.5500404116032348,-0.1896815007944933
2353,23.53,-0.5789547340099548,-0.18887916683091566
2354,23.54,-0.6115223829305854,-0.18754016995370013
2355,23.55,-0.651598355346441,-0.18687768916594594
2356,23.56,-0.670125481658121,-0.1867479799334417
2357,23.57,-0.704522285307552,-0.18601923238515208
2358,23.580000000000002,-0.7383682908184057,-0.1855908503742427
2359,23.59,-0.7592146110803575,-0.184960125526378
2360,23.6,-0.7934700571948458,-0.18440334269983621
2361,23.61,-0.8141132715259166,-0.1827306607206148
2362,23.62,-0.8456020698999527,-0.18215253338762305
2363,23.63,-0.8725710997319711,-0.1810495049086507
2364,23.64,-0.8969853662802705,-0.1802794243951354
2365,23.650000000000002,-0.9182858526925435,-0.17935412827436217
2366,23.66,-0.9454730635249349,-0.1791910084975564
2367,23.67,-0.9662590455104791,-0.17764929780217095
2368,23.68,-0.9813410380913212,-0.1772832329289594
2369,23.69,-0.9998009097296209,-0.1760581921976173
2370,23.7,-1.02070229233539,-0.17527301110812735
2371,23.71,-1.0385499103860723,-0.17395116869479466
2372,23.72,-1.0462676632438206,-0.17308786082171226
2373,23.73,-1.0559302575291554,-0.17189776596968104
2374,23.740000000000002,-1.0704082840034628,-0.1703844750901193
2375,23.75,-1.0872164476309345,-0.1694536356033947
2376,23.76,-1.0912093282666504,-0.16862561536211138
2377,23.77,-1.1038790356287613,-0.1669253400979095
2378,23.78,-1.1129135264551753,-0.16612869952600146
2379,23.79,-1.1221903549827612,-0.16479392894948036
2380,23.8,-1.1289449337301662,-0.1638519306014134
2381,23.81,-1.1321193408886725,-0.16296820977398135
2382,23.82,-1.138924032259839,-0.16152902214906953
2383,23.830000000000002,-1.1420782106676157,-0.16057256740210854
2384,23.84,-1.1466131649865974,-0.1586973136051256
2385,23.85,-1.1550083549635028,-0.15854842026421306
2386,23.86,-1.1508428134906328,-0.15730127486939746
2387,23.87,-1.157700950234501,-0.15612170066407585
2388,23.88,-1.1611389271432677,-0.15591243727061815
2389,23.89,-1.1626973994687753,-0.15315621189598236
2390,23.900000000000002,-1.162585241377213,-0.1518554047504618
2391,23.91,-1.163411296111457,-0.15136416967459482
2392,23.92,-1.1626602001538242,-0.15019703967012246
2393,23.93,-1.1687755921205658,-0.14910576669824022
2394,23.94,-1.169652042493866,-0.14696767812576675
2395,23.95,-1.1732184400333396,-0.14621752499057045
2396,23.96,-1.1659277812113584,-0.1454372286182413
2397,23.97,-1.1698640420735957,-0.14474592750081286
2398,23.98,-1.171392748278912,-0.14318298044927333
2399,23.990000000000002,-1.1713426524974149,-0.1416033995863019
2400,24.0,-1.1726879039073606,-0.1409592783391187
2401,24.01,-1.1668592073130637,-0.1403740544866594
2402,24.02,-1.1656090105203862,-0.13901897776065958
2403,24.03,-1.1678147608286262,-0.13695513583623395
2404,24.04,-1.1674512341349077,-0.13641796366920184
2405,24.05,-1.1686806310994238,-0.13529666792595113
2406,24.060000000000002,-1.1703953255517066,-0.13312821913044715
2407,24.07,-1.1673570207538313,-0.13304237270679065
2408,24.080000000000002,-1.1661861272960599,-0.13144934082122903
2409,24.09,-1.1606654230476774,-0.12997112261551488
2410,24.1,-1.1634569324357467,-0.12874076923539218
2411,24.11,-1.1619188425382552,-0.1270305182830744
2412,24.12,-1.1642536082668373,-0.12666817250707457
2413,24.13,-1.160270364014528,-0.12561345187681955
2414,24.14,-1.1604200820830288,-0.12439759308983106
2415,24.150000000000002,-1.157814534090979,-0.12334053675818019
2416,24.16,-1.157261444983219,-0.12213298451203491
2417,24.17,-1.1511403634689328,-0.12144862848751514
2418,24.18,-1.15235552281859,-0.11981486352024691
2419,24.19,-1.1571370344866383,-0.1186989676568056
2420,24.2,-1.1570854726916713,-0.11789233021170577
2421,24.21,-1.157104302852842,-0.11592464816059855
2422,24.22,-1.1526489076684896,-0.11507468445866048
2423,24.23,-1.1511987456251678,-0.11371757401379302
2424,24.240000000000002,-1.150985181866776,-0.11283389106213704
2425,24.25,-1.1513323888861644,-0.11106556931536644
2426,24.26,-1.1518563436218314,-0.11066737167941797
2427,24.27,-1.1487281201719295,-0.10895740690095815
2428,24.28,-1.143770162024514,-0.1082932270386577
2429,24.29,-1.1464819234736598,-0.10723742871371669
2430,24.3,-1.1426097869104397,-0.10577207669692233
2431,24.310000000000002,-1.1363184501484442,-0.10455659142352589
2432,24.32,-1.1433984442031264,-0.10403346279967744
2433,24.330000000000002,-1.1427097952331418,-0.10325525822325796
2434,24.34,-1.142932264150223,-0.10098441468232752
2435,24.35,-1.1373158256678049,-0.10068321671259982
2436,24.36,-1.1315546433077064,-0.0989426400763034
2437,24.37,-1.1361027886557233,-0.09813605068011674
2438,24.38,-1.133954476680667,-0.09660473695628367
2439,24.39,-1.1320438192919353,-0.09576616987443114
2440,24.400000000000002,-1.1304943778310161,-0.09519847773485829
2441,24.41,-1.1343716936304888,-0.0936328794662646
2442,24.42,-1.1275454703050705,-0.09208945111626929
2443,24.43,-1.1326935408445222,-0.09170420484743994
2444,24.44,-1.1219670271363937,-0.09040432474731176
2445,24.45,-1.1205606695939911,-0.08908991325482511
2446,24.46,-1.1220686585804507,-0.0873447229188864
2447,24.47,-1.1252294903010789,-0.08640889699210183
2448,24.48,-1.1282192185655435,-0.08580516958386271
2449,24.490000000000002,-1.1240351593592885,-0.08364408041360999
2450,24.5,-1.1248205147124186,-0.08247227247775814
2451,24.51,-1.116817550979609,-0.08247262365042993
2452,24.52,-1.1142482610848365,-0.08114562254281836
2453,24.53,-1.1148701254820566,-0.08014929875964649
2454,24.54,-1.1134511227213237,-0.07909777311847588
2455,24.55,-1.1144055438940583,-0.07791777880101722
2456,24.560000000000002,-1.1145569278666543,-0.07648893950626587
2457,24.57,-1.115194482744804,-0.07582384651077166
2458,24.580000000000002,-1.1089235889170186,-0.07550715482257722
2459,24.59,-1.1111308776334592,-0.07299583236893926
2460,24.6,-1.1088731235401672,-0.07134617400436519
2461,24.61,-1.1041556975484903,-0.07069156875561382
2462,24.62,-1.102676737637125,-0.07081066143651137
2463,24.63,-1.1036622832690548,-0.06855684364679439
2464,24.64,-1.1087464171569998,-0.0681395995993232
2465,24.650000000000002,-1.104515823409099,-0.06738332129843444
2466,24.66,-1.100802110453003,-0.06589993591303653
2467,24.67,-1.1011800373135234,-0.06489771795770569
2468,24.68,-1.0975491013034908,-0.06338445847410648
2469,24.69,-1.0957193133227476,-0.061960256288878066
2470,24.7,-1.0956122560722836,-0.061744170601927356
2471,24.71,-1.096007861054588,-0.0610662326308006
2472,24.72,-1.0951400304320038,-0.059317219096824886
2473,24.73,-1.0883676530954982,-0.057724875445161694
2474,24.740000000000002,-1.089635886406401,-0.05635477912036256
2475,24.75,-1.089097634656258,-0.056340435338471516
2476,24.76,-1.0899898449326655,-0.05454997214904988
2477,24.77,-1.0885335271976562,-0.053858712618074636
2478,24.78,-1.0856002024286893,-0.05252134397507477
2479,24.79,-1.0853804698540712,-0.05050425867732124
2480,24.8,-1.0839239765445492,-0.050653511625756396
2481,24.810000000000002,-1.0841016020170144,-0.04875502488175523
2482,24.82,-1.0870814543024157,-0.047348549113095224
2483,24.830000000000002,-1.0864153317975997,-0.04672735947507296
2484,24.84,-1.076697578609494,-0.04578561765590089
2485,24.85,-1.0798742571333002,-0.04507161153182002
2486,24.86,-1.0812958023831478,-0.04387103119491437
2487,24.87,-1.0762017294458048,-0.04313698217435924
2488,24.88,-1.0742835769857708,-0.04143778128533467
2489,24.89,-1.0654341706415849,-0.040174745902697054
2490,24.900000000000002,-1.0723112793283824,-0.03917998350351092
2491,24.91,-1.0660189066962573,-0.03850195142737737
2492,24.92,-1.0661556955284748,-0.03709875752842109
2493,24.93,-1.0656777266448778,-0.03615241081941686
2494,24.94,-1.065186412103783,-0.035516997828783696
2495,24.95,-1.0610462055445613,-0.033728664621040606
2496,24.96,-1.0624904259891959,-0.033338253695440974
2497,24.97,-1.0606174071535914,-0.0327611631821683
2498,24.98,-1.0637511566821756,-0.03066316039872628
2499,24.990000000000002,-1.0585081896604438,-0.029843762701313975
2500,25.0,-1.05670941646891,-0.028957709005241083
2501,25.01,-1.0569803188566107,-0.027976496901339905
2502,25.02,-1.053969960147414,-0.026625949400396615
2503,25.03,-1.05125201033972,-0.025026665684752005
2504,25.04,-1.047565607772653,-0.024985931827606136
2505,25.05,-1.0508165311455375,-0.02266146280575632
2506,25.060000000000002,-1.0488460708009657,-0.022415358876050343
2507,25.07,-1.0459530881774124,-0.021824656788196447
2508,25.080000000000002,-1.0496616289820326,-0.020695463473701284
2509,25.09,-1.046971448351123,-0.01921698336686721
2510,25.1,-1.0455784359862068,-0.01763473896435225
2511,25.11,-1.0376592359112866,-0.016849829277190267
2512,25.12,-1.0415105465542451,-0.01635951450703211
2513,25.13,-1.0419982824486598,-0.015801078259621494
2514,25.14,-1.0433352030111833,-0.013994341682924962
2515,25.150000000000002,-1.037859723753931,-0.01357102260823897
2516,25.16,-1.0343354646876128,-0.012435073887144673
2517,25.17,-1.0329412967691538,-0.011146550538230358
2518,25.18,-1.0363493189061703,-0.009498693715332029
2519,25.19,-1.0298677083319883,-0.008833517628935294
2520,25.2,-1.027793815390635,-0.007876774550707451
2521,25.21,-1.0274063376185463,-0.0067619975698678895
2522,25.22,-1.0295542477625779,-0.005464097554880829
2523,25.23,-1.0236474598620144,-0.004525234093576715
2524,25.240000000000002,-1.0244912373073205,-0.0034014649350429353
2525,25.25,-1.0206767712128217,-0.003162055853173252
2526,25.26,-1.0286956407281347,-0.0014974769819037284
2527,25.27,-1.0233460887200396,-0.00042900883697646576
2528,25.28,-1.0304215145167686,0.0005996212329726596
2529,25.29,-1.0182807624815466,0.0012168363783518683
2530,25.3,-1.01943733729959,0.002170559470059524
2531,25.310000000000002,-1.010178571655643,0.0031019012864611094
2532,25.32,-1.0154408529894694,0.004377991804928281
2533,25.330000000000002,-1.0073287258949064,0.005447254210729276
2534,25.34,-1.0158436629252148,0.006161331128909055
2535,25.35,-1.008255353075998,0.00728231858294217
2536,25.36,-1.0086994212738989,0.008886487663971496
2537,25.37,-1.0066003199559248,0.009347484875152093
2538,25.38,-1.003618169167633,0.01072650759967637
2539,25.39,-1.0044417583899599,0.011251505101525975
2540,25.400000000000002,-1.0060452769270267,0.012682097468628077
2541,25.41,-1.0034584102462258,0.013456987217044733
2542,25.42,-1.0025095918096953,0.014105298597900669
2543,25.43,-0.9958039085490021,0.015806930844467024
2544,25.44,-0.9973434842527562,0.016631344346600116
2545,25.45,-0.9985149488037697,0.016907588088812518
2546,25.46,-0.994556893286948,0.018838562267728533
2547,25.47,-0.9886809009563675,0.01990529440931555
2548,25.48,-0.9935057324256837,0.02018744023651671
2549,25.490000000000002,-0.993169760747735,0.02157844033336954
2550,25.5,-0.9891761286217352,0.022421883342102166
2551,25.51,-0.9895732875641617,0.023305477835591264
2552,25.52,-0.9811920521823555,0.02442196770647118
2553,25.53,-0.9892371119092488,0.025089134876528044
2554,25.54,-0.9785901721426845,0.026548109969276812
2555,25.55,-0.9889820987275133,0.027473346206076263
2556,25.560000000000002,-0.9810564086936006,0.02828056112941083
2557,25.57,-0.9799159050669259,0.029308083912855883
2558,25.580000000000002,-0.9741598923170544,0.030480777064647958
2559,25.59,-0.9732111722963389,0.031839526899225784
2560,25.6,-0.9758462465138618,0.032193545522733416
2561,25.61,-0.9749847286488803,0.03332172260202052
2562,25.62,-0.9728630763130705,0.032992949239086654
2563,25.63,-0.9687000390653189,0.035083581466585266
2564,25.64,-0.9681900984131776,0.03566181947464729
2565,25.650000000000002,-0.9659015222750046,0.03740611415164789
2566,25.66,-0.9646064496108728,0.03705294399258055
2567,25.67,-0.9603605166282667,0.039685907817364856
2568,25.68,-0.9617973156022928,0.04001272457950147
2569,25.69,-0.9562211474833907,0.040700397138915316
2570,25.7,-0.9530508677185912,0.04195181707973003
2571,25.71,-0.954157942569911,0.04265252320767481
2572,25.72,-0.9551969126507412,0.04307355954362931
2573,25.73,-0.9519323292245451,0.044315746380246254
2574,25.740000000000002,-0.9514562123390321,0.045533187060759026
2575,25.75,-0.9552243867858198,0.04662459474642369
2576,25.76,-0.9476698121600601,0.04731531953382603
2577,25.77,-0.9492785018000915,0.04838035409568391
2578,25.78,-0.9430700075933964,0.04975966011799944
2579,25.79,-0.9427970040977725,0.05093552768583453
2580,25.8,-0.941225318379196,0.051354897064765516
2581,25.810000000000002,-0.9421746451009283,0.052215979969123465
2582,25.82,-0.9410720328793704,0.05297980728303911
2583,25.830000000000002,-0.9387145957799803,0.054467987086396774
2584,25.84,-0.9343573429037457,0.05535061313592476
2585,25.85,-0.9323847045640209,0.05568810020200087
2586,25.86,-0.932057823875965,0.05560555266583751
2587,25.87,-0.9307814789381279,0.057877697658179725
2588,25.88,-0.9309257067225561,0.05874433956643508
2589,25.89,-0.9232712394994917,0.05997309841617949
2590,25.900000000000002,-0.9206016295961021,0.06171459967793861
2591,25.91,-0.9268320676040203,0.06172306460029687
2592,25.92,-0.9223643434281821,0.06332993778662242
2593,25.93,-0.919956781554042,0.06370239489525291
2594,25.94,-0.9212357617726626,0.06482604211841211
2595,25.95,-0.9205314241349993,0.06533230791834768
2596,25.96,-0.9143326694793129,0.06627982757437356
2597,25.97,-0.9184739541626674,0.06602487347096922
2598,25.98,-0.9120267399357235,0.06788567247832875
2599,25.990000000000002,-0.9088363512112113,0.0689681077251428
2600,26.0,-0.913021577063794,0.0697847285458947
2601,26.01,-0.9052186749671773,0.07072765045036881
2602,26.02,-0.9081298980200071,0.07142346836047095
2603,26.03,-0.8995471687676861,0.07275105867560344
2604,26.04,-0.9054188089679278,0.07313227898535596
2605,26.05,-0.9036459160370369,0.07460960887812168
2606,26.060000000000002,-0.9003503793017044,0.07537598215499772
2607,26.07,-0.89884396366265,0.07676371324953273
2608,26.080000000000002,-0.897781090186549,0.07704925950010268
2609,26.09,-0.8984409326664717,0.07857400324739608
2610,26.1,-0.8869330536776476,0.07853389947263166
2611,26.11,-0.8890755176242074,0.08028973459753946
2612,26.12,-0.8926945510005421,0.0803805117867485
2613,26.13,-0.8870519395776927,0.08280832879193274
2614,26.14,-0.8828539458328319,0.08138898758729064
2615,26.150000000000002,-0.8844777180301095,0.08336622109323577
2616,26.16,-0.8788715679291023,0.08427361731718924
2617,26.17,-0.8774040020335492,0.08487424207526592
2618,26.18,-0.8745211272589931,0.08612959124126401
2619,26.19,-0.8750977697247345,0.08647658631100097
2620,26.2,-0.8729319143004115,0.0871856434750426
2621,26.21,-0.8676773400049964,0.08854212709437964
2622,26.22,-0.8678962014999897,0.08891557566754617
2623,26.23,-0.8654602553443587,0.09062015395454814
2624,26.240000000000002,-0.8669172237457041,0.09054090668172657
2625,26.25,-0.8643246035864633,0.09180285304491993
2626,26.26,-0.8650726274481679,0.09270732406095271
2627,26.27,-0.8570283713932394,0.0943741899009108
2628,26.28,-0.8563813004712179,0.09411444433297567
2629,26.29,-0.8583681154689614,0.09491634207411878
2630,26.3,-0.8495072238950175,0.09601103373861358
2631,26.310000000000002,-0.8505503291891714,0.09738996493751131
2632,26.32,-0.8531901954417271,0.09771862123935572
2633,26.330000000000002,-0.843958924369575,0.09886706084701459
2634,26.34,-0.84985924879658,0.09970048884978189
2635,26.35,-0.847976688342381,0.10071040768096373
2636,26.36,-0.8457301962781881,0.1012512273701831
2637,26.37,-0.8393212463069225,0.10208168121181306
2638,26.38,-0.8356172230293692,0.10321637008694608
2639,26.39,-0.8353481997350671,0.10393611502284843
2640,26.400000000000002,-0.8329348266028488,0.10480451563470607
2641,26.41,-0.830048375095153,0.10590329464355945
2642,26.42,-0.8238510847618492,0.10600179840027966
2643,26.43,-0.8275844847134631,0.10713240871419527
2644,26.44,-0.8268248887156456,0.1074741259985192
2645,26.45,-0.823102766285878,0.10895721436832015
2646,26.46,-0.8242982814511484,0.10964212423964688
2647,26.47,-0.820857257728647,0.11023465505375078
2648,26.48,-0.8167457697197301,0.11116414366544942
2649,26.490000000000002,-0.815844070878463,0.11194275240799925
2650,26.5,-0.8152288471558872,0.11297399481400117
2651,26.51,-0.8139946378528851,0.11397366036867636
2652,26.52,-0.8082724410337793,0.11457356121586462
2653,26.53,-0.8027796887266903,0.11573173407375015
2654,26.54,-0.8088871511044023,0.11663780702928955
2655,26.55,-0.8033793259279761,0.1162187893073418
2656,26.560000000000002,-0.7999217993789693,0.11754826423044701
2657,26.57,-0.8042282309655266,0.1180882230343718
2658,26.580000000000002,-0.801073329604376,0.11908359896633222
2659,26.59,-0.7941280992782649,0.12038386304309961
2660,26.6,-0.7928737407146096,0.12097980053355706
2661,26.61,-0.7923239233551161,0.12186745719337769
2662,26.62,-0.7840577842869765,0.12342516594060723
2663,26.63,-0.7895021012506114,0.1236891053670702
2664,26.64,-0.7838611003914105,0.12457370000614
2665,26.650000000000002,-0.7770065906461818,0.12417717679272992
2666,26.66,-0.7782578983359677,0.12519285817006365
2667,26.67,-0.7747446167433887,0.12680505121740487
2668,26.68,-0.775693463921524,0.12690863297936386
2669,26.69,-0.7713851031908534,0.12815973839559816
2670,26.7,-0.7663353859174276,0.12914468496878242
2671,26.71,-0.769670421854041,0.12902865210407471
2672,26.72,-0.7646414941706008,0.12948056907347438
2673,26.73,-0.7606842611133527,0.13114254754769958
2674,26.740000000000002,-0.7623821422007735,0.13202261789897227
2675,26.75,-0.7582662610424828,0.1320887012902019
2676,26.76,-0.7568903662880898,0.13336677514141373
2677,26.77,-0.7520814338882503,0.1350086439807293
2678,26.78,-0.7492885864808325,0.13499986204368514
2679,26.79,-0.7482325983455659,0.13562667105069742
2680,26.8,-0.7444613421787423,0.13590941647092228
2681,26.810000000000002,-0.7393340072837469,0.13699806074479667
2682,26.82,-0.738162106711348,0.13790653663072067
2683,26.830000000000002,-0.7358760839239727,0.13897068055642828
2684,26.84,-0.7333077041665396,0.13926501156267165
2685,26.85,-0.7338960717646036,0.14080091723895122
2686,26.86,-0.7291469104659507,0.14042206036313457
2687,26.87,-0.728074374342437,0.14185634827850294
2688,26.88,-0.7236488573323765,0.1426014002700666
2689,26.89,-0.7191912885467987,0.1433337886302991
2690,26.900000000000002,-0.720928588046597,0.14316375311153665
2691,26.91,-0.7110326916960724,0.14404499383233071
2692,26.92,-0.7140335977617087,0.14519803958007416
2693,26.93,-0.7100905979208073,0.14530970992952397
2694,26.94,-0.7044445857826005,0.14626640867538274
2695,26.95,-0.6973416465824781,0.1473331820645844
2696,26.96,-0.6982344286055664,0.1479579714581456
2697,26.97,-0.6987729604455117,0.1489374560042811
2698,26.98,-0.6967611015893076,0.14946167739617885
2699,26.990000000000002,-0.694923127211224,0.15073671507363545
2700,27.0,-0.6901457688270926,0.15112123411314332
2701,27.01,-0.6854422115474442,0.15098583119005027
2702,27.02,-0.682199833539145,0.15201686827653121
2703,27.03,-0.680179204250795,0.15260372730539412
2704,27.04,-0.6753216744569961,0.1537512486570531
2705,27.05,-0.6712628651512651,0.15396163104361751
2706,27.060000000000002,-0.6729311876803518,0.1553544959338364
2707,27.07,-0.664099639504013,0.15470021601477335
2708,27.080000000000002,-0.666442085287095,0.15640015679165487
2709,27.09,-0.662415253591037,0.15672810509997165
2710,27.1,-0.6521021194212243,0.15747623537099198
2711,27.11,-0.6555531155272276,0.15838954800584332
2712,27.12,-0.6486341672391255,0.15881517244890958
2713,27.13,-0.6528833459342949,0.15952977159142157
2714,27.14,-0.6432285098739899,0.159865162064804
2715,27.150000000000002,-0.6397813128737725,0.160322524646568
2716,27.16,-0.6371668805288727,0.1616970667943499
2717,27.17,-0.6281907253995833,0.16103709696675034
2718,27.18,-0.6326038495124552,0.16255797731449173
2719,27.19,-0.6267424221008272,0.16308028609555855
2720,27.2,-0.6249950341646175,0.16388917455687574
2721,27.21,-0.6176100273928249,0.16473405094987167
2722,27.22,-0.613269764936899,0.16616355725260384
2723,27.23,-0.609881467570808,0.16535534447159894
2724,27.240000000000002,-0.6053775483329904,0.16580534625015703
2725,27.25,-0.602074714086168,0.16673672005085027
2726,27.26,-0.5996143732147119,0.16789336730084106
2727,27.27,-0.5947238248046623,0.16844380922239133
2728,27.28,-0.5904722799823681,0.16916589329347034
2729,27.29,-0.5895382175047441,0.169368908686685
2730,27.3,-0.5844931841877767,0.17123301686474401
2731,27.310000000000002,-0.5770988058531392,0.17014480250791914
2732,27.32,-0.5744506509892998,0.17030658925851105
2733,27.330000000000002,-0.568463142114106,0.1716866363664219
2734,27.34,-0.567902518951843,0.17167165562417339
2735,27.35,-0.5637593431134451,0.17196488639986612
2736,27.36,-0.5551050247957853,0.1735091008303665
2737,27.37,-0.5540097513502265,0.17400585859336665
2738,27.38,-0.5498047613632082,0.17422823281130495
2739,27.39,-0.5425089860091997,0.17558054900586043
2740,27.400000000000002,-0.5361152253143482,0.17578858979463066
2741,27.41,-0.5285305797333061,0.17613910661448065
2742,27.42,-0.5268379865518028,0.17673231858997912
2743,27.43,-0.5253224117481897,0.1773150775057937
2744,27.44,-0.5240143909189915,0.1775023735569452
2745,27.45,-0.5141127464513265,0.1778422847625316
2746,27.46,-0.5118248299268807,0.1784453652034686
2747,27.47,-0.5020723770196213,0.17874494048137166
2748,27.48,-0.5000440537277729,0.18050727433326225
2749,27.490000000000002,-0.496307050364643,0.18052924408975166
2750,27.5,-0.48742857301080916,0.1804346683122936
2751,27.51,-0.4779530523096588,0.1811812560638929
2752,27.52,-0.4726332677282335,0.18128145223308695
2753,27.53,-0.4753348354758091,0.18255775398064597
2754,27.54,-0.464148847226782,0.18319357153043764
2755,27.55,-0.46092438606569297,0.18308111727274273
2756,27.560000000000002,-0.45442871676993124,0.1835448457654916
2757,27.57,-0.4436566142724081,0.18412805611726615
2758,27.580000000000002,-0.4441382452030248,0.18448093171038915
2759,27.59,-0.43145173308951285,0.1846658662492492
2760,27.6,-0.42445454137422944,0.18527870274089797
2761,27.61,-0.4209684146302207,0.18579836712926037
2762,27.62,-0.4078006112867272,0.18645857604659724
2763,27.63,-0.4069201260330001,0.1858811507220378
2764,27.64,-0.3940474565842614,0.1867986803310883
2765,27.650000000000002,-0.38890291041176855,0.18720349447113793
2766,27.66,-0.37808323878748246,0.187419223877012
2767,27.67,-0.3784738077264425,0.1876033271503671
2768,27.68,-0.3636183535623627,0.18748094939811885
2769,27.69,-0.3565943745204142,0.18902217923521233
2770,27.7,-0.34709713179999524,0.18892527096222306
2771,27.71,-0.3416434361436802,0.18871989967926403
2772,27.72,-0.3253270452915746,0.18982920430189912
2773,27.73,-0.3211311606953645,0.19018768097206237
2774,27.740000000000002,-0.31437244624445954,0.18986537147917076
2775,27.75,-0.29974884092657167,0.19080194805039297
2776,27.76,-0.2972934812338269,0.19150954263141756
2777,27.77,-0.28031723832293104,0.19147057714532117
2778,27.78,-0.2731806500924487,0.19178851813388637
2779,27.79,-0.2564400548885403,0.19121460622631173
2780,27.8,-0.2492005395404004,0.19260735934350953
2781,27.810000000000002,-0.2335736278446322,0.19297295426143926
2782,27.82,-0.22562155068995546,0.19292385207145715
2783,27.830000000000002,-0.21446756094276118,0.19262785889746942
2784,27.84,-0.20071386290407014,0.19235269984695041
2785,27.85,-0.1852784603994773,0.19349846606877855
2786,27.86,-0.17191486829300115,0.19313965093570173
2787,27.87,-0.15864230625568668,0.19337850908518095
2788,27.88,-0.14750059970745266,0.1941319457514341
2789,27.89,-0.1289456760302594,0.19359320462687132
2790,27.900000000000002,-0.11484849548367021,0.19374510654438992
2791,27.91,-0.09912286544500971,0.19419857433489407
2792,27.92,-0.08222728949191445,0.19488562995585668
2793,27.93,-0.05899038664233382,0.194551342889761
2794,27.94,-0.04819849198172431,0.19389796973922815
2795,27.95,-0.02402708778372678,0.1936179278501681
2796,27.96,-0.011564104178578038,0.19408216101243636
2797,27.97,0.008033029428140822,0.19387860512438107
2798,27.98,0.02997650529040068,0.19486409829835583
2799,27.990000000000002,0.04883940131005207,0.19443726933746414
2800,28.0,0.07343967454967518,0.19446161891859037
2801,28.01,0.0937295994752697,0.19395593418013474
2802,28.02,0.11781007424054658,0.19343967025976297
2803,28.03,0.13438428687590903,0.19414413125983337
2804,28.04,0.16393962553179559,0.19380519749824876
2805,28.05,0.19073623263864753,0.19352222245820755
2806,28.060000000000002,0.2158957054017509,0.19352150977656
2807,28.07,0.2429191939740075,0.19333621222060568
2808,28.080000000000002,0.2658165436966092,0.19285486724674822
2809,28.09,0.29769896668126805,0.1920473202179638
2810,28.1,0.32467846233917685,0.1918735267002864
2811,28.11,0.3510129742891608,0.19183592841023625
2812,28.12,0.3821225958844785,0.19177066575370105
2813,28.13,0.4114209413403203,0.19035026563351376
2814,28.14,0.44932875633373065,0.19083798510225236
2815,28.150000000000002,0.48073643723112397,0.19014018980027717
2816,28.16,0.5063726648967366,0.18972017288052787
2817,28.17,0.5386337300610551,0.189413799236224
2818,28.18,0.5730614900701018,0.18846641452070229
2819,28.19,0.6081871373434319,0.18790115799485005
2820,28.2,0.630801921753728,0.18759440955956433
2821,28.21,0.6645763327400261,0.18734121592419553
2822,28.22,0.6979420997936499,0.1857653566005532
2823,28.23,0.7304450162128164,0.18437316209950333
2824,28.240000000000002,0.7567158932704345,0.1845276647979868
2825,28.25,0.7827366288809041,0.1849313233886523
2826,28.26,0.8182593745741976,0.1823567268263035
2827,28.27,0.8446581285166219,0.1819102206613396
2828,28.28,0.8683007430029327,0.18148153866959835
2829,28.29,0.8894215094029555,0.18099952883936385
2830,28.3,0.9088491083253537,0.17994834892727804
2831,28.310000000000002,0.9346560502567818,0.17889854044193826
2832,28.32,0.9588899657128117,0.17712926524646347
2833,28.330000000000002,0.9759851117761428,0.1767197597354796
2834,28.34,0.9997247829391103,0.17535575916186927
2835,28.35,1.0201924018216528,0.17511271211749607
2836,28.36,1.0262402457917594,0.17390680250882284
2837,28.37,1.0416613600917262,0.17313349447449464
2838,28.38,1.057897314349938,0.17150281125936526
2839,28.39,1.070220889409547,0.17081024787762894
2840,28.400000000000002,1.0808715534069948,0.16884488103957396
2841,28.41,1.0925795311916557,0.16847142782399743
2842,28.42,1.1073288359411346,0.16761502355392227
2843,28.43,1.1136875264398396,0.16707615865811581
2844,28.44,1.1198609600371037,0.1650370950416348
2845,28.45,1.123924789975288,0.1640989212477661
2846,28.46,1.1373830993706424,0.16289094434767626
2847,28.47,1.13852370451924,0.16175905862764284
2848,28.48,1.1385615817444235,0.1608972528584716
2849,28.490000000000002,1.1473872071532307,0.16011554288448157
2850,28.5,1.1452569811502291,0.15921917629494306
2851,28.51,1.1509999203578685,0.15744549582063774
2852,28.52,1.1518976232304832,0.1563331132283747
2853,28.53,1.1608162800308754,0.1548636215275355
2854,28.54,1.1629373289255738,0.15282271274598042
2855,28.55,1.1623446252175844,0.15300833775571357
2856,28.560000000000002,1.1627091800737515,0.1506408536915311
2857,28.57,1.1614029962127674,0.1507332236049233
2858,28.580000000000002,1.1636290341753954,0.14934877031446242
2859,28.59,1.171685376864463,0.14810969836262872
2860,28.6,1.169964671573066,0.14727954816786637
2861,28.61,1.1625903609955408,0.14565937987283148
2862,28.62,1.165452785203363,0.14443047712755835
2863,28.63,1.1693448702052756,0.14353288056390745
2864,28.64,1.1668049946478416,0.14197754290297915
2865,28.650000000000002,1.167484474048439,0.14036164080225758
2866,28.66,1.1693052932973869,0.13925359594293607
2867,28.67,1.1699818274975857,0.13909608729900372
2868,28.68,1.1682434970187385,0.1374871855113431
2869,28.69,1.1674185801773054,0.13584385848539018
2870,28.7,1.163889831011018,0.13538248508480655
2871,28.71,1.1663137507604258,0.13345098625429175
2872,28.72,1.1648382514146047,0.13242466967121944
2873,28.73,1.1690035548176019,0.13144131539477222
2874,28.740000000000002,1.1670410528462027,0.13069312644975747
2875,28.75,1.1621829772371328,0.12898758434683902
2876,28.76,1.163362690112486,0.12860230549401883
2877,28.77,1.1609391583973812,0.12720828653551963
2878,28.78,1.1603375072404276,0.1251904666729722
2879,28.79,1.157276882222116,0.12495214149785608
2880,28.8,1.1586569651439864,0.12358923427946376
2881,28.810000000000002,1.1532409108762993,0.1227103878611812
2882,28.82,1.1577120969296946,0.12154260428885065
2883,28.830000000000002,1.1552718061377971,0.11973306926716792
2884,28.84,1.1537000671262418,0.11854866597029166
2885,28.85,1.1558340385396455,0.11773234095129259
2886,28.86,1.1567923284413526,0.11632118915000365
2887,28.87,1.1545472344613592,0.1155812119811338
2888,28.88,1.1516704561477438,0.11366316706193093
2889,28.89,1.1538474821003555,0.11336983371842708
2890,28.900000000000002,1.1476996804367503,0.1122811528366102
2891,28.91,1.1488773012308588,0.11081717512914208
2892,28.92,1.146800311405511,0.10993233527595511
2893,28.93,1.1462340996311466,0.10882568957736008
2894,28.94,1.1403440204856927,0.10679994544858286
2895,28.95,1.1464664364337438,0.10636101926773323
2896,28.96,1.1428865252921057,0.10451520789183774
2897,28.97,1.1414280960218257,0.10420013384589516
2898,28.98,1.144527634898148,0.10285402194575172
2899,28.990000000000002,1.1410680391445525,0.10175482915972106
2900,29.0,1.1374830849976048,0.10082127791711022
2901,29.01,1.1373173044962046,0.09926197503943045
2902,29.02,1.138306959182435,0.09832189845927464
2903,29.03,1.131591870908874,0.09768194461045683
2904,29.04,1.13698589494309,0.09546983681065577
2905,29.05,1.1292674666288824,0.09475716552390814
2906,29.060000000000002,1.130666445891185,0.09342186477998779
2907,29.07,1.129965491384505,0.09266229151082923
2908,29.080000000000002,1.130925317519464,0.09139564575664988
2909,29.09,1.1276965011950788,0.09006048369356107
2910,29.1,1.1279834121350443,0.0891097144198695
2911,29.11,1.1244366853000662,0.08780289039677434
2912,29.12,1.1241441340994838,0.08669424276182588
2913,29.13,1.1243745991657195,0.08652127890621678
2914,29.14,1.1231463295564237,0.08498851849847093
2915,29.150000000000002,1.119042838831623,0.08363220396802043
2916,29.16,1.114650582690511,0.08308626260905197
2917,29.17,1.1270250222081555,0.08149482299994511
2918,29.18,1.1144893547116161,0.08029011783863921
2919,29.19,1.1194633717009141,0.07853561522928565
2920,29.2,1.1070123938561067,0.0779949366449101
2921,29.21,1.1079358056690007,0.07673985897391974
2922,29.22,1.1109203514399464,0.07552471272447299
2923,29.23,1.1126087474733377,0.07468328696814294
2924,29.240000000000002,1.1075537771145465,0.07304059704418517
2925,29.25,1.10749351898209,0.07282338500407252
2926,29.26,1.1074810311323011,0.07145805699049203
2927,29.27,1.099421431185959,0.06949738871040524
2928,29.28,1.1068409520957385,0.06925749977082218
2929,29.29,1.1071772624482212,0.06799322058024493
2930,29.3,1.1069783262824613,0.06685550923660036
2931,29.310000000000002,1.1015875195214149,0.06629748567296877
2932,29.32,1.1045091777249834,0.06451628588758333
2933,29.330000000000002,1.1022552671600057,0.0635499370818422
2934,29.34,1.1014617130651074,0.061941518032477216
2935,29.35,1.0984623391726023,0.060470122893985664
2936,29.36,1.0974749132161497,0.06023440879714385
2937,29.37,1.0922934919448237,0.059498782420767296
2938,29.38,1.0950150862510355,0.05825938312889259
2939,29.39,1.0931665664156203,0.05685872517302359
2940,29.400000000000002,1.0926187737794846,0.0565883128467687
2941,29.41,1.0941198476888805,0.05512974239039
2942,29.42,1.0880591668084805,0.05318015309274494
2943,29.43,1.0863782824698296,0.05159988660875897
2944,29.44,1.0897374447660453,0.05030232812672045
2945,29.45,1.0860497050287705,0.05025662120036524
2946,29.46,1.0866888874085068,0.04941998273696065
2947,29.47,1.080421953805463,0.04821577415967523
2948,29.48,1.0763759795326773,0.04712947922284703
2949,29.490000000000002,1.0801462523096141,0.0457489206916695
2950,29.5,1.0811101647720442,0.044954397605695744
2951,29.51,1.0746977471873127,0.043526644774729825
2952,29.52,1.074269016390239,0.044044354673744644
2953,29.53,1.0702004813143808,0.04175951257374409
2954,29.54,1.0727152459664893,0.04092256828435625
2955,29.55,1.0715919869468957,0.04008844803922098
2956,29.560000000000002,1.075375880763245,0.038896295422453916
2957,29.57,1.0664960488509037,0.037425808957974
2958,29.580000000000002,1.066369972362052,0.03671226608906558
2959,29.59,1.0623983599321185,0.03583195292250898
2960,29.6,1.0677115469281084,0.035147693477590725
2961,29.61,1.0615570571627881,0.03379104438443215
2962,29.62,1.060899419058833,0.03264058365136081
2963,29.63,1.0593122068145948,0.030846000106715166
2964,29.64,1.0603197459348344,0.030307047467490463
2965,29.650000000000002,1.0567126333730479,0.029278460432906717
2966,29.66,1.0569098767516252,0.028298529175728244
2967,29.67,1.0549922297039482,0.027154846183299487
2968,29.68,1.0513120234923792,0.02663146735928772
2969,29.69,1.0567010374567671,0.024980750990503134
2970,29.7,1.050683138730079,0.023872739364103376
2971,29.71,1.0490908147748297,0.023347808388694807
2972,29.72,1.053007013032622,0.02194601472941856
2973,29.73,1.0473929278582843,0.020603750761140287
2974,29.740000000000002,1.050890278573786,0.01954100081900239
2975,29.75,1.0446026925808893,0.019468136217337745
2976,29.76,1.041949139963887,0.01783083618730897
2977,29.77,1.0443829422619622,0.016232582236568534
2978,29.78,1.0373501381224657,0.015117084457304208
2979,29.79,1.0367748645783514,0.014434106812514764
2980,29.8,1.0361151224135472,0.013174395710303495
2981,29.810000000000002,1.02994467820277,0.01199412896401804
2982,29.82,1.0318438777193082,0.011106795546694343
2983,29.830000000000002,1.034532070834212,0.010644588971991147
2984,29.84,1.0331559020620058,0.00979144451255317
2985,29.85,1.0294541821158958,0.008610069302872706
2986,29.86,1.0284723123860817,0.006694793204433289
2987,29.87,1.025522308455777,0.006279381659617627
2988,29.88,1.02899424185629,0.00521614398968384
2989,29.89,1.0241709754954558,0.0039030174927204855
2990,29.900000000000002,1.0303161383860284,0.002952576739636708
2991,29.91,1.0229403848150869,0.0021063009132972184
2992,29.92,1.0216148151801911,0.0006921578433717678
2993,29.93,1.0224170726333293,0.00032066621535238566
2994,29.94,1.0158747693662902,-0.0013189949464955137
2995,29.95,1.010504291642053,-0.0021448078571246745
2996,29.96,1.0154977665051275,-0.0029779137190381237
2997,29.97,1.0160031313573752,-0.0037270783248840593
2998,29.98,1.009779960701081,-0.005623638701754678
2999,29.990000000000002,1.011721070306302,-0.005113794983481108
