,t,x,y
0,0.0,0.21106679012212945,0.22705026608371173
1,0.01,0.29944505118181997,0.20254917562507108
2,0.02,0.3050669090456166,0.20544638770062715
3,0.03,0.42813436650575687,0.21140417308601264
4,0.04,0.6079010316257908,0.21085741984921555
5,0.05,0.5222120422045398,0.20775352862841467
6,0.06,0.5222299401397894,0.21014016254140047
7,0.07,0.4422807940914918,0.22507087869469228
8,0.08,0.5359693750633777,0.20991834191679162
9,0.09,0.6535688970324075,0.19164164099875086
10,0.1,0.7586681501677682,0.21747600698529074
11,0.11,0.6477368802752707,0.21301165373123365
12,0.12,0.7631864777876781,0.21820237465088682
13,0.13,0.8674031999105176,0.22269091629680143
14,0.14,1.0105194442712238,0.21114338739279895
15,0.15,0.9667122813436225,0.20197878251556828
16,0.16,0.9730710377778901,0.1979480438171664
17,0.17,1.0682077890945165,0.20223422914938363
18,0.18,0.8932467440680139,0.20702814853276086
19,0.19,0.9528553587104936,0.20070857548090462
20,0.2,0.8060359236666244,0.18048995273048596
21,0.21,0.9324909028287363,0.18672810358015038
22,0.22,1.0293818941811004,0.20631715972545323
23,0.23,1.025924843390058,0.2192049799169889
24,0.24,1.2059041121436123,0.19175801567367312
25,0.25,1.1585936244030637,0.21573016826175093
26,0.26,1.0254164465520217,0.21456781208999237
27,0.27,1.046876610975104,0.2174225492060216
28,0.28,0.9058297416353696,0.19019563909522838
29,0.29,1.2927610686405147,0.16779208233242482
30,0.3,1.1741669145176152,0.16567482119070526
31,0.31,1.0404200292345906,0.16575084152353714
32,0.32,1.1599813737291578,0.2013765520386708
33,0.33,1.057644356679688,0.19191817400631797
34,0.34,1.13251592336605,0.17162542186312815
35,0.35000000000000003,1.1649632929413343,0.18691684540226738
36,0.36,1.0454372985195137,0.1834797554368972
37,0.37,1.1894758726737782,0.15824865786013342
38,0.38,1.1313576267935863,0.18307390180423685
39,0.39,1.0810753776605118,0.1946088873577774
40,0.4,1.2501320977876607,0.2033365059270118
41,0.41000000000000003,1.0415627149144409,0.18215415753747116
42,0.42,1.1493922003377393,0.18845536732166276
43,0.43,1.3396384972886888,0.19431277486385246
44,0.44,0.9730370611925827,0.1737346638206158
45,0.45,1.200489981545741,0.15284055369370494
46,0.46,1.245307655219268,0.1879550482281923
47,0.47000000000000003,1.3228565825820078,0.18227253860960185
48,0.48,1.234021434423696,0.18726205643752086
49,0.49,1.3024105638728813,0.18914624610298902
50,0.5,1.3363668158221758,0.17159175058193976
51,0.51,1.338480202528516,0.17252187143048553
52,0.52,1.2514914635633023,0.1665700262084983
53,0.53,1.3524172054194974,0.18042260476449629
54,0.54,1.1674310558793446,0.1700041318654414
55,0.55,1.2362394755419208,0.16719679874145707
56,0.56,1.347627405118364,0.14583217418855232
57,0.5700000000000001,1.0560189315546957,0.14471744505729678
58,0.58,1.1329169112843358,0.15513646404255882
59,0.59,1.180685603227562,0.1516221726803095
60,0.6,1.0447406242907604,0.17099499370650334
61,0.61,1.1196756245009047,0.13898409400866926
62,0.62,1.233117690821101,0.14633880995238077
63,0.63,1.1053007626302342,0.16544779047591235
64,0.64,1.1025577971568694,0.1340216033232503
65,0.65,1.14372826386995,0.1279012301840511
66,0.66,1.2096749396728679,0.14784716216815433
67,0.67,1.2365646104807995,0.1507343932234687
68,0.68,1.0861505255786816,0.14322409207466655
69,0.6900000000000001,1.285953335249654,0.17032588127341453
70,0.7000000000000001,1.1443461760913858,0.14052862684678102
71,0.71,1.1445789765822167,0.12953522931212774
72,0.72,1.303209313123931,0.12580888551018324
73,0.73,1.0714070219926182,0.1640141622051606
74,0.74,1.273120164116384,0.13734742636388095
75,0.75,1.1378118404010666,0.14439903728163533
76,0.76,1.1235618870822073,0.12763315855901933
77,0.77,1.1834983826111345,0.12816378911914036
78,0.78,1.080661775321263,0.12866759749889448
79,0.79,1.0551602692999242,0.13115684463266727
80,0.8,1.0863395586921307,0.14642453304266378
81,0.81,1.1811500009084663,0.12397542737093477
82,0.8200000000000001,1.1092042728338898,0.13652832014728583
83,0.8300000000000001,1.0833637909319669,0.12412740605513321
84,0.84,1.1830651657050872,0.11512798911760166
85,0.85,1.1990748962628173,0.1254887452388808
86,0.86,1.156492199500863,0.10505132589985416
87,0.87,1.1293487847162,0.1170845711545022
88,0.88,0.9799642848510065,0.10516937323808988
89,0.89,1.2150841979349174,0.11461471638636617
90,0.9,1.214976064330336,0.12717720749227296
91,0.91,1.0863423563545846,0.11122949677373302
92,0.92,1.0871632116127539,0.10368020664726753
93,0.93,0.8905534160371316,0.09832829289837662
94,0.9400000000000001,1.089961796048853,0.11932937176749166
95,0.9500000000000001,1.066135480221708,0.11493932022153115
96,0.96,1.1370431207600653,0.12385485730515208
97,0.97,1.2625559909198656,0.11170565258918053
98,0.98,1.4981336987494955,0.11337470543914059
99,0.99,1.2609590039658791,0.10518785984757323
100,1.0,1.025632075871757,0.10244458356350361
101,1.01,1.1692857154527032,0.11923715118691215
102,1.02,1.1331969370750885,0.11015030559533932
103,1.03,1.1112923080149992,0.09954187191904915
104,1.04,1.177670627807462,0.0880351060238623
105,1.05,1.1004465394530056,0.0980412174211098
106,1.06,1.2211952628703486,0.08598822757217282
107,1.07,1.1625945790659393,0.10168501446699789
108,1.08,1.0515144878879545,0.10063839197071642
109,1.09,1.1010180576809032,0.07914193046777615
110,1.1,1.1235078568164227,0.1127734819509217
111,1.11,1.1439301176248713,0.10281990701347912
112,1.12,1.2776431297544142,0.11099015554669067
113,1.1300000000000001,1.0749871329840808,0.09787376541537764
114,1.1400000000000001,1.1751618440760097,0.08176523670590102
115,1.1500000000000001,1.152238313301163,0.08805148983719127
116,1.16,1.1924162719244569,0.09389229899176664
117,1.17,1.0347137567893432,0.09053577838568481
118,1.18,0.986498932771147,0.07131361316205138
119,1.19,1.218688174534471,0.09736736701926953
120,1.2,1.0936777624019172,0.09490265661109751
121,1.21,1.0004120710466433,0.06848251209035541
122,1.22,1.2839921803730512,0.09659042514697928
123,1.23,1.0738736698091689,0.08935131755193043
124,1.24,1.2188653392779807,0.07771623427057342
125,1.25,1.0523803794143367,0.06919415881374046
126,1.26,1.0016678519326612,0.0861312286667827
127,1.27,1.354712476566289,0.07497758578436389
128,1.28,1.0284196517010211,0.09464051634095266
129,1.29,1.097582511741692,0.09139652296768958
130,1.3,1.1232621666918983,0.08621369286807291
131,1.31,1.1260476136033597,0.06171758230516999
132,1.32,1.118946475799136,0.06821959506416105
133,1.33,1.1311824400412,0.06057048144145833
134,1.34,0.8749937800710943,0.06583211090224915
135,1.35,1.1248037004793634,0.08727889866817484
136,1.36,0.9671719469077066,0.07959895706803927
137,1.37,1.071059000246696,0.06072934741860013
138,1.3800000000000001,1.1311051137752817,0.03929945852873867
139,1.3900000000000001,1.1075280412361272,0.052208462990665366
140,1.4000000000000001,1.1362199540762326,0.04965341338535909
141,1.41,1.0958355085408873,0.06743991838527047
142,1.42,1.115106518804905,0.04718704753987066
143,1.43,1.1364928331553397,0.0525077761701614
144,1.44,1.170753539388815,0.05207063958916451
145,1.45,0.9574521497517453,0.07583067562276136
146,1.46,1.164134694636,0.03331849687728779
147,1.47,1.0525640126309,0.03940837703587978
148,1.48,1.2912463285861506,0.06555215846255096
149,1.49,1.2891422140005864,0.0510114249505502
150,1.5,1.0796361644146593,0.04287116674365868
151,1.51,1.1610863974681187,0.041703593583266564
152,1.52,1.1919027276141696,0.06468218936254706
153,1.53,1.239467990919184,0.05008772814669842
154,1.54,1.1022297749206291,0.06369624704064811
155,1.55,1.2346262038858231,0.051548667582394306
156,1.56,0.9215092770766977,0.029568515707978887
157,1.57,1.089625322187149,0.05030332268155458
158,1.58,1.0790000081963136,0.04122678362134043
159,1.59,1.019371876615563,0.05705543642136099
160,1.6,1.0040037934425445,0.026237362924554836
161,1.61,1.0992193162884238,0.03022786459179276
162,1.62,1.19816802175646,0.050489524196829706
163,1.6300000000000001,1.0454727749074493,0.03899036927411536
164,1.6400000000000001,1.0064240146361534,0.03449966517252018
165,1.6500000000000001,1.1161528946220007,0.04291607475007092
166,1.6600000000000001,1.0132892921615515,0.05612723798554259
167,1.67,1.093980489000999,0.047340239676244525
168,1.68,1.0856740274352095,0.044769706662125125
169,1.69,1.1648121183270115,0.00896792759676528
170,1.7,1.106049292453967,0.0458044605207479
171,1.71,0.9388658722641037,0.027231798616490867
172,1.72,1.158071791864686,0.04796880030723363
173,1.73,1.023588855583107,0.01576485943311645
174,1.74,1.0929225847504354,0.018053227791926064
175,1.75,1.0927663845616433,0.041449095494067494
176,1.76,1.0597539212698277,0.027177446801724396
177,1.77,1.177687056024369,0.01708786694044126
178,1.78,1.0092252482945405,0.03251066107376619
179,1.79,1.0914066672859601,0.02020987050478441
180,1.8,1.0322674211828156,0.020752861543078684
181,1.81,1.171345590404652,0.03709425340530027
182,1.82,0.8983299109489624,0.039971111224951075
183,1.83,0.8636645519574808,0.00034270515277259883
184,1.84,1.042434826668217,0.015149897082742954
185,1.85,1.0196278635206164,0.015338544028062378
186,1.86,1.0822868122812017,0.011624393278041566
187,1.87,0.9847861176036542,0.038712945284964474
188,1.8800000000000001,1.1104699921161973,0.01765489081612333
189,1.8900000000000001,1.062014407658231,0.012831217719228056
190,1.9000000000000001,1.167351418859847,0.01619138538466335
191,1.9100000000000001,1.0510025750324823,0.03412481642405678
192,1.92,1.1491528238558946,0.0047762543665795364
193,1.93,1.0024902187325284,0.020317725432342264
194,1.94,0.998912151950641,0.00338183972226913
195,1.95,1.0685780962770361,0.011822040420628139
196,1.96,1.0933960855452658,-0.006718652635125404
197,1.97,0.8731454464814267,0.006175062661963381
198,1.98,1.0578855718193345,0.010477043557201197
199,1.99,1.1249325267638561,0.00126337041200778
200,2.0,1.046853196100002,-0.0126222058240331
201,2.0100000000000002,1.0649882527364176,-0.013195645503678577
202,2.02,0.9292590194742085,-0.014722461671107571
203,2.0300000000000002,1.1096625833250622,0.008222269992433657
204,2.04,1.0169110544169742,-0.005575539008373851
205,2.05,0.8844930032059592,-0.0010096051694435415
206,2.06,1.1085558508729072,-0.024193796779214665
207,2.07,1.0074062238817514,-0.013812039543294774
208,2.08,1.1050149171702002,-0.0013494995363458225
209,2.09,1.1233075404007222,-0.0022285316210247973
210,2.1,0.9991103806804078,-0.013867300715882346
211,2.11,0.9826724112009707,-0.018600334377152385
212,2.12,1.0462043236991785,-0.03161145175956817
213,2.13,1.0960267376985355,0.00032304381264717554
214,2.14,0.8008590335341819,0.00801925985910664
215,2.15,1.0068271392159511,-0.03190275494281401
216,2.16,0.9284137421318399,0.00010899387654064903
217,2.17,1.0344320028312546,0.0029661563057376446
218,2.18,0.8783697479111532,0.011657337711669241
219,2.19,1.067075897331574,-0.01436259935722692
220,2.2,0.9916008371195824,-0.030945393961045363
221,2.21,0.7074423467820319,-0.026291712105117195
222,2.22,1.1169422297077891,-0.030881649926107917
223,2.23,1.0005209106919786,-0.024100003996351177
224,2.24,1.0580452655752166,-0.018626521530301664
225,2.25,1.016794929570691,-0.03359648197757866
226,2.2600000000000002,0.9241357904612439,-0.02821938847828244
227,2.27,0.9746219902742581,-0.012603276612585052
228,2.2800000000000002,0.9380031264792226,-0.04409337997756069
229,2.29,0.9145364636658444,-0.04155333457776025
230,2.3000000000000003,0.9444349150344842,-0.040181026089895905
231,2.31,1.0591321585834912,-0.05709313154907206
232,2.32,1.106951373811581,-0.023438096092875425
233,2.33,0.9547119221453043,-0.04489468418927982
234,2.34,1.030096105146505,-0.038170415682469795
235,2.35,0.8989898276665562,-0.030763372426843773
236,2.36,1.124366520852421,-0.02936935570313068
237,2.37,0.9061753701596843,-0.011531114870988731
238,2.38,1.1017286194017075,-0.0380713051625235
239,2.39,0.9179166946503885,-0.02244425332528626
240,2.4,0.953704447031331,-0.05457305171875833
241,2.41,1.0508159752647084,-0.029049050557767
242,2.42,1.038705278018732,-0.037327953070150674
243,2.43,0.9872848703803885,-0.043706064890954965
244,2.44,1.0981640413676517,-0.05231974089417652
245,2.45,0.9802153616589977,-0.046600551036549295
246,2.46,0.9287904496833176,-0.07295044001087833
247,2.47,0.9864166843165081,-0.04198876884402766
248,2.48,1.0528298255147386,-0.037591051410954784
249,2.49,0.8926361383293108,-0.03481410850582235
250,2.5,0.8013280411704262,-0.037157707069755366
251,2.5100000000000002,0.7933008188441144,-0.06471773671217668
252,2.52,1.0064126806114309,-0.05571625681986414
253,2.5300000000000002,0.8698338687688648,-0.06762974330659478
254,2.54,1.0140039966901915,-0.04536109084789995
255,2.5500000000000003,0.8780661704311232,-0.055092216190019715
256,2.56,0.8328509201874211,-0.04487658227639985
257,2.57,1.009654606454172,-0.058656426415322004
258,2.58,1.003081046304619,-0.05118325730865121
259,2.59,0.9280268764556886,-0.07646969601061324
260,2.6,1.011007157827621,-0.051239849451149906
261,2.61,0.9527680244660888,-0.05778869791324407
262,2.62,0.8749780611021026,-0.05708455190517595
263,2.63,0.8514556815897617,-0.07623762606139305
264,2.64,0.8447321586195118,-0.07608698529907656
265,2.65,1.0397432863523453,-0.056637887683161435
266,2.66,0.9692441636297991,-0.06676778793360585
267,2.67,0.8885263363065341,-0.06162778434769395
268,2.68,0.962356420007239,-0.07222838776495785
269,2.69,0.7040268219020417,-0.057046094495915675
270,2.7,1.0010512556348514,-0.038689012211910886
271,2.71,1.0843629422719914,-0.0806911876801971
272,2.72,0.7838187817427265,-0.06720343080656983
273,2.73,0.921666960588501,-0.07746424779779053
274,2.74,0.8982550045426346,-0.07406138592484597
275,2.75,0.9869607987966234,-0.07658590243194807
276,2.7600000000000002,0.7851311236375406,-0.04823884762386102
277,2.77,0.8922105327116892,-0.0580286895666315
278,2.7800000000000002,0.917089043030683,-0.07667025016501924
279,2.79,0.8839481520256032,-0.07910446718295024
280,2.8000000000000003,0.6902498294593422,-0.06989399537182087
281,2.81,0.885553364246309,-0.06719587511674494
282,2.82,0.7640404369833296,-0.06843926180770407
283,2.83,0.9297395453639383,-0.05890657716735766
284,2.84,1.0219482053166782,-0.061817168098915104
285,2.85,0.8671377283091437,-0.08208443148142153
286,2.86,0.8908211505721786,-0.07874783521765809
287,2.87,0.821948562091799,-0.08799825590785429
288,2.88,0.8133048384287829,-0.06397394149189581
289,2.89,0.9657093063676875,-0.07832816785822587
290,2.9,0.900111935145025,-0.0928924710918352
291,2.91,0.9064279875076066,-0.09432239433888477
292,2.92,0.8553473099634176,-0.09659974223092331
293,2.93,0.967627389200489,-0.0928407181217249
294,2.94,0.8879372900629301,-0.0803343051021508
295,2.95,0.8863319007819183,-0.08234492529652783
296,2.96,0.8078490449624648,-0.08991133946131431
297,2.97,0.8772730458952931,-0.11058994222769798
298,2.98,0.7363289471940023,-0.09101901055571722
299,2.99,0.7829903469305457,-0.07661334701277592
300,3.0,0.8332651708165242,-0.09789622443100561
301,3.0100000000000002,0.8238914180425564,-0.07631833496457333
302,3.02,0.8818984400952452,-0.1059703897352931
303,3.0300000000000002,0.7721532959419368,-0.09706032086293556
304,3.04,0.7779468480892519,-0.07857843610312967
305,3.0500000000000003,0.7728333957515483,-0.07762248418588263
306,3.06,0.8874036651071132,-0.09660464587349857
307,3.0700000000000003,1.0133286606824892,-0.07159687265345505
308,3.08,0.8334564105282195,-0.07271351607679001
309,3.09,0.9235408658989205,-0.10913168769261411
310,3.1,0.713919038263991,-0.0895084725753861
311,3.11,0.8024442788684343,-0.11814217475416586
312,3.12,0.9394102344682418,-0.07998398847195934
313,3.13,0.6013115594852295,-0.10577191283999915
314,3.14,0.842897479793252,-0.09700771039349435
315,3.15,0.821016876836154,-0.08321262621211918
316,3.16,0.816813827590257,-0.10835667501361829
317,3.17,0.94292575139612,-0.09713168828900186
318,3.18,0.7449486409311753,-0.08373470430565182
319,3.19,0.9360401933806484,-0.12363078155069025
320,3.2,0.901471616069188,-0.10403690327468054
321,3.21,0.8630409298636541,-0.08310121459695582
322,3.22,0.794433179051263,-0.09756304171341962
323,3.23,0.6777749920453993,-0.11732902799453476
324,3.24,0.7314150860820817,-0.10379826109434746
325,3.25,0.7972544934817472,-0.12895034257564914
326,3.2600000000000002,0.8093334593182399,-0.12781381017660112
327,3.27,0.8371999357530612,-0.10116841596978876
328,3.2800000000000002,0.7555287477510235,-0.09557231197167013
329,3.29,0.7520479941876274,-0.10611692964629535
330,3.3000000000000003,0.7181800492899918,-0.1140369575978859
331,3.31,0.9004276812026979,-0.11798172936607158
332,3.3200000000000003,0.8293343831883149,-0.12634327397376746
333,3.33,0.856214655201634,-0.1350997734820516
334,3.34,0.736596279044252,-0.11759963744151504
335,3.35,0.7636102904499507,-0.12080555248297654
336,3.36,0.6562039508882108,-0.13957770362279964
337,3.37,0.9137108167579236,-0.13664851738478107
338,3.38,0.8778882872611748,-0.12051729127580924
339,3.39,0.8698550306431819,-0.12838038824415154
340,3.4,0.7985936719323325,-0.12059321045264502
341,3.41,0.8434516622202759,-0.12984824434137468
342,3.42,0.8983912186323075,-0.12825704550829392
343,3.43,0.7284820334388561,-0.11309886936224048
344,3.44,0.8159782904880549,-0.15841227063061186
345,3.45,0.6429030876134704,-0.12443750613471871
346,3.46,0.7232310839211022,-0.11244875275428237
347,3.47,0.667872711297962,-0.12002501065483454
348,3.48,0.8365352131496047,-0.1438108022390358
349,3.49,0.7411597261069497,-0.13706443603870166
350,3.5,0.7278123846888553,-0.1335663744492995
351,3.5100000000000002,0.728262855927411,-0.1405502027618002
352,3.52,0.7070954802814916,-0.13352297711826025
353,3.5300000000000002,0.6932150353015021,-0.12480448926751145
354,3.54,0.7826215375456942,-0.1537675209245343
355,3.5500000000000003,0.6333583361007488,-0.13060550392154854
356,3.56,0.8200018102890061,-0.13550063750327415
357,3.5700000000000003,0.748648851675064,-0.14393767307962055
358,3.58,0.7705316100103616,-0.11611710608047304
359,3.59,0.7248846659310234,-0.12890257160245452
360,3.6,0.7225999849569932,-0.15926472054221422
361,3.61,0.6210274333556525,-0.13896715639959697
362,3.62,0.7084674257805091,-0.1330437919456155
363,3.63,0.5355484404271617,-0.12989918329215452
364,3.64,0.8781167412412657,-0.14535082776916905
365,3.65,0.7294433899449414,-0.16376909666088924
366,3.66,0.8502320270946941,-0.14944093198370956
367,3.67,0.6532646458269146,-0.15172622146071046
368,3.68,0.684036316351617,-0.12935997691125622
369,3.69,0.5907392546545337,-0.1450704165955563
370,3.7,0.6667887477029686,-0.14282192806338695
371,3.71,0.685903067640174,-0.16480555038361916
372,3.72,0.5760017757093823,-0.168728752412249
373,3.73,0.6530138734243648,-0.13562324980610285
374,3.74,0.6991246078991478,-0.1350384831695676
375,3.75,0.8044640373038233,-0.1621167195896635
376,3.7600000000000002,0.6391802892634857,-0.12920826196924826
377,3.77,0.7016500026436067,-0.15732377252953297
378,3.7800000000000002,0.678493158363578,-0.17488446543371333
379,3.79,0.5802097701303021,-0.15155622520198375
380,3.8000000000000003,0.6627034814941409,-0.1471362920559
381,3.81,0.6515283920237761,-0.15123890250462127
382,3.8200000000000003,0.7798527176497403,-0.1654725622448125
383,3.83,0.7345407751126054,-0.15323039814366024
384,3.84,0.6488193204026599,-0.16435196454109524
385,3.85,0.8053715587805336,-0.16084376831791053
386,3.86,0.447306608238073,-0.16278231765396617
387,3.87,0.6288688923487126,-0.16173130436570196
388,3.88,0.580542823716414,-0.1636475604446432
389,3.89,0.6691813500780617,-0.15808254544419584
390,3.9,0.6233820222952766,-0.15961986066813078
391,3.91,0.694546000279444,-0.1541631136668705
392,3.92,0.5425797982544517,-0.16571993023738854
393,3.93,0.6201120277816885,-0.13417602816013943
394,3.94,0.4966031337590803,-0.13693486222615317
395,3.95,0.6046699317065957,-0.1793889960006161
396,3.96,0.6671684798076658,-0.15598242411911187
397,3.97,0.4992545944342522,-0.18226797422035243
398,3.98,0.7249425435887709,-0.13939449718240948
399,3.99,0.46112080732153005,-0.1779047722736667
400,4.0,0.6956701695194208,-0.16407843366700528
401,4.01,0.6283106238367556,-0.1602861619418094
402,4.0200000000000005,0.6313766613304168,-0.16008790096570974
403,4.03,0.7453479734195154,-0.16751845824579312
404,4.04,0.4514600676475117,-0.1691283459108608
405,4.05,0.3715446577620243,-0.15686062326521927
406,4.0600000000000005,0.6142106601464103,-0.16208859286732064
407,4.07,0.5908511427952416,-0.18053407109078073
408,4.08,0.5999972205310087,-0.18123339211639888
409,4.09,0.767347647033845,-0.15472271742726945
410,4.1,0.7407439110518027,-0.16909558698273877
411,4.11,0.5348973612526305,-0.15826818710935708
412,4.12,0.4680810584305934,-0.17524937686957984
413,4.13,0.6670532179257206,-0.1901500435807736
414,4.14,0.5926474464058177,-0.16580682221739645
415,4.15,0.3652802623748689,-0.1728471289427874
416,4.16,0.6144460852293658,-0.175804070974587
417,4.17,0.4857822091198576,-0.17628670397270652
418,4.18,0.5262827544931858,-0.18203162758831337
419,4.19,0.5612805831303278,-0.1511004240831121
420,4.2,0.621545905202842,-0.1681229603346645
421,4.21,0.6485320202467321,-0.18805659229586105
422,4.22,0.45572189442202765,-0.19286168149007632
423,4.23,0.4903659521928876,-0.18718260527083036
424,4.24,0.3449156835467681,-0.18819552051538005
425,4.25,0.5879871726213547,-0.1756715024286149
426,4.26,0.4010691688558068,-0.19624745441053307
427,4.2700000000000005,0.5232243049886776,-0.20224736238994812
428,4.28,0.3560486273650659,-0.18904152942367808
429,4.29,0.5053998986277178,-0.1773245653132823
430,4.3,0.6023415287282067,-0.19481356552994672
431,4.3100000000000005,0.4645183385671039,-0.19662856297110357
432,4.32,0.3587268626100968,-0.20078668471484007
433,4.33,0.4101083910869493,-0.17979682601558283
434,4.34,0.5633690722153665,-0.1983190677464895
435,4.3500000000000005,0.44066334118219525,-0.17516362153332574
436,4.36,0.2268644837883882,-0.18630924253831713
437,4.37,0.35750072416432244,-0.17837179257699012
438,4.38,0.5913238698184495,-0.19661434635696415
439,4.39,0.3787080919047399,-0.19479527385215825
440,4.4,0.3597684688191356,-0.19917618794057207
441,4.41,0.31758815783530664,-0.19503626704172167
442,4.42,0.3658435552105132,-0.20926099625061864
443,4.43,0.4583058892499148,-0.20117886597490406
444,4.44,0.5049368244038908,-0.17406072215478896
445,4.45,0.15993149430878806,-0.1983048076279986
446,4.46,0.13007840006382576,-0.19655807282361135
447,4.47,0.4355011741494562,-0.1904027112161018
448,4.48,0.21999336633231267,-0.2009903654266714
449,4.49,0.36124785758325334,-0.17761813263206327
450,4.5,0.38146715091042954,-0.18763106677767907
451,4.51,0.2976667713607055,-0.18909323278410914
452,4.5200000000000005,0.2840109600241357,-0.20816099136054722
453,4.53,0.3700150025601949,-0.17863147447260105
454,4.54,0.29418424006684135,-0.20576997700564634
455,4.55,0.2863352345094885,-0.19922523305827824
456,4.5600000000000005,0.4545022049026509,-0.21737976896874245
457,4.57,0.12853700074693886,-0.18776560807140216
458,4.58,0.3985259781050403,-0.19529168474804318
459,4.59,0.14239855996648243,-0.214625119838996
460,4.6000000000000005,0.1953517997739626,-0.19496291261070994
461,4.61,0.19177420769045433,-0.18171762603946118
462,4.62,0.19557480103811403,-0.19218919466085296
463,4.63,0.1706676965140756,-0.2018074774802079
464,4.64,0.06884059847231896,-0.19578617004941554
465,4.65,0.07121738937045174,-0.1810611396116109
466,4.66,0.04126833846436521,-0.18761914228763893
467,4.67,0.18199135873947656,-0.18919993357224957
468,4.68,0.06079655284919622,-0.18710967973588521
469,4.69,0.10518617004098232,-0.20136576519625327
470,4.7,-0.1293586327681061,-0.19923833220554382
471,4.71,0.1610201974984141,-0.18170608470982513
472,4.72,-0.157859304859291,-0.2233290393577214
473,4.73,-0.1109151500330792,-0.21264298424235234
474,4.74,-0.10975383556558019,-0.20945619127580478
475,4.75,-0.13487053709244806,-0.17482907047624918
476,4.76,-0.08187562412189134,-0.19085353115237544
477,4.7700000000000005,-0.12718555272041693,-0.17894978376343953
478,4.78,-0.08254641881190752,-0.21041119257422256
479,4.79,-0.23486002847888077,-0.20153373658632964
480,4.8,-0.25035217512607244,-0.17376271517332637
481,4.8100000000000005,-0.314622742888902,-0.1800683620328262
482,4.82,-0.3163234506571926,-0.16387138985299143
483,4.83,-0.3710501279261303,-0.18339759103434286
484,4.84,-0.39965902778501683,-0.18990929540346393
485,4.8500000000000005,-0.451846343997125,-0.21336569762821683
486,4.86,-0.495725810109816,-0.2041893398669415
487,4.87,-0.4527938205025202,-0.18619800402415823
488,4.88,-0.43289949152960033,-0.19261111553078092
489,4.89,-0.4055902811924278,-0.1861692904898157
490,4.9,-0.5744531794426387,-0.19224254272827582
491,4.91,-0.5063467522266208,-0.200436525850598
492,4.92,-0.4729739684982277,-0.1823326467618032
493,4.93,-0.5830268762239547,-0.19443276829077114
494,4.94,-0.5153222865311099,-0.2164937573570896
495,4.95,-0.5957324936737995,-0.19207812881144617
496,4.96,-0.9388601658536151,-0.19187640374689172
497,4.97,-0.7699993873029926,-0.16383940660464066
498,4.98,-0.8838544284669952,-0.17769928840522423
499,4.99,-0.7937638308821834,-0.21153943163204433
500,5.0,-0.9247486565451317,-0.17900120987730772
501,5.01,-0.8314395502310723,-0.17615528522992807
502,5.0200000000000005,-1.0365320792418125,-0.20568530746646446
503,5.03,-0.9637612456641964,-0.17514877014945682
504,5.04,-0.8922198539984443,-0.19579970959257173
505,5.05,-0.9070303194592738,-0.1814236637606905
506,5.0600000000000005,-0.9106118637767696,-0.18111638260138466
507,5.07,-1.0145515197959178,-0.1535225724870552
508,5.08,-0.894011363150574,-0.17745019232894874
509,5.09,-1.1418864376733104,-0.18396575708768234
510,5.1000000000000005,-1.149858609159099,-0.181613439484185
511,5.11,-1.0312612152655192,-0.19279981697024443
512,5.12,-1.0442766752109036,-0.183843774023137
513,5.13,-0.992328725454112,-0.17941674494168017
514,5.14,-1.102356416389626,-0.1622870770518448
515,5.15,-1.164191403119221,-0.16740915133399403
516,5.16,-1.0042558875782452,-0.16445598323023364
517,5.17,-1.0762668858702,-0.16667511079752467
518,5.18,-1.1120030766903852,-0.16289276654289594
519,5.19,-1.085522279562247,-0.17748352386092447
520,5.2,-0.9632534900323114,-0.15053006162653196
521,5.21,-1.0924792065301252,-0.15706362533046514
522,5.22,-1.0667266644515176,-0.16418068892555027
523,5.23,-1.1722920506941432,-0.16863109102964297
524,5.24,-0.9451062106528049,-0.1655382493628816
525,5.25,-1.27562437083325,-0.17137143117080605
526,5.26,-1.1118888765240933,-0.1304942918945797
527,5.2700000000000005,-1.0580965018308475,-0.1324074439395939
528,5.28,-1.1552159909094357,-0.127738698158467
529,5.29,-1.1538562419274712,-0.15619749081164197
530,5.3,-1.1916916176169607,-0.14306546846920207
531,5.3100000000000005,-1.1870262343198428,-0.1520554907573042
532,5.32,-1.3522883517452662,-0.151692704240526
533,5.33,-1.2729581021862177,-0.14974744057558895
534,5.34,-1.0974455542527275,-0.14436169232651727
535,5.3500000000000005,-0.9652887669002728,-0.14894988584279387
536,5.36,-1.0334487102602155,-0.1333462405207556
537,5.37,-1.1489808983505179,-0.13260153044719467
538,5.38,-1.2340915866239153,-0.1477262199914991
539,5.39,-1.0866082754551079,-0.15295279549236143
540,5.4,-0.9900804943890751,-0.15223017939999842
541,5.41,-1.1209752187060082,-0.1506218557515015
542,5.42,-1.0394875891364446,-0.16195118692285446
543,5.43,-1.1716453056026885,-0.143872073588677
544,5.44,-1.2737043219988629,-0.11292187068864921
545,5.45,-1.1985138924124836,-0.12553946212915165
546,5.46,-1.1465951705357809,-0.11460313919541276
547,5.47,-1.2266203296038425,-0.14374574762075068
548,5.48,-1.2354538386273066,-0.10657329530209926
549,5.49,-1.0766805179590286,-0.12987067584056977
550,5.5,-1.1444058011982825,-0.12834995256803405
551,5.51,-1.1849581479227251,-0.12611511857848273
552,5.5200000000000005,-1.1411783425085822,-0.11104461306158156
553,5.53,-1.1991570194006118,-0.14853303852411492
554,5.54,-1.1424267657141216,-0.12768179858844608
555,5.55,-1.2818804152594574,-0.11401327396457046
556,5.5600000000000005,-1.1859888563466747,-0.12652933877285386
557,5.57,-1.1456239649959628,-0.09878958481410191
558,5.58,-1.1332999933926726,-0.11274261523156676
559,5.59,-1.1953728447692402,-0.11353400195320262
560,5.6000000000000005,-1.0414281870146596,-0.11219417485677023
561,5.61,-1.1232076962397481,-0.11234931640617396
562,5.62,-1.1073337685608786,-0.11252229611004975
563,5.63,-1.1711433857040012,-0.11069075761818112
564,5.64,-1.1249641937075752,-0.11374527564856678
565,5.65,-1.1009895765895716,-0.1062348283143605
566,5.66,-1.132231784529153,-0.09730521718534445
567,5.67,-1.3365132365032526,-0.09164039350216686
568,5.68,-1.2792488098745718,-0.09998218916593943
569,5.69,-1.1096234047807119,-0.09639283029145253
570,5.7,-1.1966706309098813,-0.11759541218405603
571,5.71,-1.0397606059313194,-0.0793963871851693
572,5.72,-1.1378874581724796,-0.11166737266682013
573,5.73,-1.038239972087039,-0.11113523113504578
574,5.74,-1.2309162158988596,-0.09867877887141319
575,5.75,-1.0928159000195963,-0.10122331632670835
576,5.76,-1.1367976989207493,-0.09458799939190991
577,5.7700000000000005,-1.1775078578209013,-0.0927602408407171
578,5.78,-1.1452249411995907,-0.09068314957339281
579,5.79,-1.2498617827960783,-0.09613875381631143
580,5.8,-0.9754205772009061,-0.09329433916797958
581,5.8100000000000005,-1.1938769985917308,-0.0634356148479935
582,5.82,-1.2035288869066667,-0.07688405932882171
583,5.83,-0.9402649873477628,-0.09072226888537264
584,5.84,-1.2184503307553753,-0.10454429969344062
585,5.8500000000000005,-1.0173478589473426,-0.07862029844829856
586,5.86,-1.092128315198358,-0.09453834177069892
587,5.87,-1.135738913855437,-0.09334132534352879
588,5.88,-1.2051978334523148,-0.09330531276916916
589,5.89,-1.1439117769038245,-0.08112376785456521
590,5.9,-1.0759088484295873,-0.08558171655815967
591,5.91,-1.1962418682683083,-0.08664648986370378
592,5.92,-1.0537145853170813,-0.07199320948498952
593,5.93,-1.1722194238615784,-0.08475689101584662
594,5.94,-1.173105611994816,-0.0758217731369257
595,5.95,-1.2354739255581548,-0.07803407574162999
596,5.96,-1.033169544686786,-0.060237869461320474
597,5.97,-1.0766198319969214,-0.07101367665727751
598,5.98,-0.9767881679299246,-0.06869519509227315
599,5.99,-1.0907076536541216,-0.07253248583736921
600,6.0,-1.0919535332159997,-0.06642310589147682
601,6.01,-1.165812731365085,-0.04349557900415209
602,6.0200000000000005,-1.157974154421481,-0.08167648423178096
603,6.03,-1.167149006924676,-0.05009830042327223
604,6.04,-1.1181056230892445,-0.0663286910378808
605,6.05,-1.0349851271186876,-0.058060935078421416
606,6.0600000000000005,-1.0133205792483255,-0.043983362964116784
607,6.07,-1.0598748400120181,-0.0633209019780389
608,6.08,-1.0181085490520503,-0.07791629262971578
609,6.09,-0.9044791368982762,-0.06573699681297987
610,6.1000000000000005,-1.1889372839268797,-0.0969896511934199
611,6.11,-1.1696752816725537,-0.031889383567277024
612,6.12,-1.0498242096014225,-0.05503365731333756
613,6.13,-1.099609998581208,-0.060875820425921705
614,6.140000000000001,-1.0477729406631382,-0.06639937679767274
615,6.15,-1.047895047341307,-0.042466952262562564
616,6.16,-1.089813598906958,-0.06253340846644602
617,6.17,-0.9659704229028079,-0.06275040748755156
618,6.18,-1.2757986864380484,-0.05684035478175891
619,6.19,-1.164943117775342,-0.07321656593444309
620,6.2,-1.2180548783123533,-0.033646762636396634
621,6.21,-1.119526719735208,-0.034548612265467786
622,6.22,-1.1373959695012785,-0.04315339120227774
623,6.23,-1.0912478223842688,-0.05888731055957065
624,6.24,-1.1312897959179495,-0.05680450240830272
625,6.25,-0.9536237425953097,-0.02031710619887219
626,6.26,-1.2131563119531283,-0.05620739032720919
627,6.2700000000000005,-1.1195500066982937,-0.029716619325968103
628,6.28,-1.0155711110668344,-0.022377404216942082
629,6.29,-1.0696491431645634,-0.04356466984695088
630,6.3,-1.06200856289173,-0.036226685555480316
631,6.3100000000000005,-1.193888343025472,-0.03207826022881713
632,6.32,-1.2154782106003632,-0.041585329205680914
633,6.33,-1.2409392828330619,-0.03523972039987246
634,6.34,-1.131756176216269,-0.03515658664159836
635,6.3500000000000005,-1.1961527311116664,-0.03876355653655288
636,6.36,-1.0198418834679728,-0.05252571012404999
637,6.37,-1.0607812212653212,-0.031728270575227126
638,6.38,-1.1082658546396686,-0.014623128189212829
639,6.390000000000001,-1.0498355719597712,-0.015853750612004197
640,6.4,-1.013010623349871,-0.029068705738833772
641,6.41,-0.95102861954276,-0.01556524150110884
642,6.42,-1.0876293930345373,-0.03685712216269081
643,6.43,-1.0590873615343175,-0.028579272387979554
644,6.44,-0.9351188794572172,-0.015697533567679552
645,6.45,-0.9614093007768244,-0.011121825931399064
646,6.46,-0.9473551033366933,-0.02342625245356198
647,6.47,-1.0749976584533538,-0.014340943584016597
648,6.48,-0.9067458695744296,-0.03514164703625349
649,6.49,-1.0116518482739212,-0.026011584806485126
650,6.5,-1.153857860845113,-0.013307946211441966
651,6.51,-0.9680608036094159,-0.02973533072959672
652,6.5200000000000005,-0.9314124106257089,-0.023031469940012837
653,6.53,-0.9570753264253942,-0.013492377298111684
654,6.54,-1.0748190465408678,-0.011268024627100652
655,6.55,-1.0195328055334367,0.0006139849408201403
656,6.5600000000000005,-1.1025095386785844,0.0026451872661012177
657,6.57,-1.0434873438751222,-0.010527094698850173
658,6.58,-1.0858736702026612,-0.034037489489274174
659,6.59,-0.9867280233876997,-0.00367626472417437
660,6.6000000000000005,-1.0070821514655484,-0.008895975206778449
661,6.61,-1.062693159576071,0.00367923313054741
662,6.62,-1.0147806300353124,-0.011956625087975313
663,6.63,-1.1355238528789864,0.0031165852512466743
664,6.640000000000001,-1.12252495350262,-0.015211377177699917
665,6.65,-1.0843564805513664,-0.008020941329474583
666,6.66,-1.1987156344368741,-0.00809566741125339
667,6.67,-0.9838262404901521,-0.005815819722314101
668,6.68,-1.0103417048082157,-0.0036165703018463096
669,6.69,-1.0864978705117374,-0.00921726747295726
670,6.7,-1.039746422126511,-0.015527861236031709
671,6.71,-1.118368566270153,0.01777701512393218
672,6.72,-1.134445974697612,0.004591778253410144
673,6.73,-0.7676162441169504,-0.007431714418544469
674,6.74,-1.0605389735377593,-0.0009862544198763756
675,6.75,-1.0275436572828363,0.00876526335320035
676,6.76,-1.0156922560846786,-0.009097031408974759
677,6.7700000000000005,-1.0055198052926315,0.004799082347138356
678,6.78,-0.834557684627371,0.029991540835783297
679,6.79,-0.9647915740205042,-0.00491609179531409
680,6.8,-1.0970702160327155,0.04522235495303106
681,6.8100000000000005,-1.055274113560976,0.015636753065469595
682,6.82,-1.033783064195493,0.019886140885553363
683,6.83,-0.8666233989740615,0.028210378018406
684,6.84,-0.9653508892245176,0.011904713171845742
685,6.8500000000000005,-1.0144765572924686,0.013277090918465486
686,6.86,-1.0304481361532232,0.022547208594325976
687,6.87,-1.0546321335622628,0.031114615676607248
688,6.88,-0.9976258186498103,0.0029942792044174993
689,6.890000000000001,-0.96557129216157,0.00677189153833614
690,6.9,-1.0192646175077489,0.02905997491112607
691,6.91,-1.0302448941510627,0.04710240145602336
692,6.92,-1.021757330766449,0.030073678436897247
693,6.93,-0.9913271869104617,0.03181111782298201
694,6.94,-0.9490213635820383,0.030384660423825916
695,6.95,-1.1387924570570558,0.04901390190409831
696,6.96,-1.070154661241194,0.04945016340440829
697,6.97,-0.9237411421286221,0.0299337886314933
698,6.98,-0.9981627802586365,0.022754134837130027
699,6.99,-0.9776713952163524,0.05148965385957184
700,7.0,-1.0410546925541568,0.027086901522947793
701,7.01,-1.1515842982187323,0.017017150559391715
702,7.0200000000000005,-0.972735932464244,0.050340733094234286
703,7.03,-0.9793728264428544,0.04297312229230334
704,7.04,-0.981319577488113,0.04758989240951906
705,7.05,-0.9392492584344174,0.018554233383487596
706,7.0600000000000005,-0.9532065329327317,0.03133497190687139
707,7.07,-1.1606377593346606,0.03822677715465594
708,7.08,-0.9202405994503703,0.05332439636300816
709,7.09,-1.105145176744314,0.057123770056454484
710,7.1000000000000005,-0.9703795566928662,0.04611332039673773
711,7.11,-0.9442636514676552,0.02579152556106149
712,7.12,-0.8488069569701931,0.029647582089850612
713,7.13,-1.0141513865500282,0.04780206520286924
714,7.140000000000001,-1.0700957653455663,0.04311201112794844
715,7.15,-0.8334644538637374,0.04620342004117653
716,7.16,-0.9650331592068804,0.05238189318352853
717,7.17,-1.1433764895249525,0.03562685251294572
718,7.18,-0.8933981488690163,0.049568146743808744
719,7.19,-0.9066667655264816,0.02734851411563825
720,7.2,-1.065309606024056,0.05972212369752654
721,7.21,-0.9779652501803374,0.0702142563979349
722,7.22,-0.8732021820430532,0.06460484481691767
723,7.23,-0.8986538804005513,0.05550896907141684
724,7.24,-0.8500652111661234,0.05454290060641406
725,7.25,-0.9313730830556863,0.04219645887657372
726,7.26,-1.0403622903302001,0.04936381074346779
727,7.2700000000000005,-0.9473893401819318,0.06424122474646209
728,7.28,-1.1150264737490554,0.041533311511492865
729,7.29,-0.8001927172042856,0.06399940291247777
730,7.3,-0.9360837667379981,0.07055876662225302
731,7.3100000000000005,-0.9817974388757054,0.06675160955551933
732,7.32,-1.0086397100710036,0.07872675856056889
733,7.33,-1.0330403488348718,0.055224313573386724
734,7.34,-0.9241445754672116,0.07455033214043386
735,7.3500000000000005,-0.746460390132577,0.05612458578062202
736,7.36,-0.8631425559775923,0.05326799914709332
737,7.37,-1.0739593650290675,0.05239078720935252
738,7.38,-0.803333342105781,0.07452796931823052
739,7.390000000000001,-0.9831759185767488,0.08279360608189425
740,7.4,-0.933020531214711,0.060233221530102875
741,7.41,-0.8361086258451748,0.0843672268363521
742,7.42,-0.866956948318786,0.0613381550161314
743,7.43,-0.7931480678869948,0.07816758805054984
744,7.44,-0.9017052452814325,0.08927168792695409
745,7.45,-0.9903105083756113,0.08146887234694662
746,7.46,-0.925900444265815,0.0864412057306566
747,7.47,-0.8641624486850193,0.08655356849822624
748,7.48,-0.909627739840604,0.059638658668010436
749,7.49,-0.890801788866992,0.09016289000216242
750,7.5,-0.8629267779618204,0.08604877606170092
751,7.51,-0.8877738319863655,0.10042316764040031
752,7.5200000000000005,-0.9697837429945196,0.08657986308925904
753,7.53,-0.9410926576876693,0.07414198172466845
754,7.54,-0.9498658720442265,0.08580741239810602
755,7.55,-0.9955039991273995,0.11376494590288688
756,7.5600000000000005,-0.8712182488269516,0.08957382460316925
757,7.57,-0.7361214563529841,0.07005467855021477
758,7.58,-0.8309185836895093,0.07816138587781807
759,7.59,-0.7396545534100615,0.10332154431541019
760,7.6000000000000005,-0.6809133988313187,0.08648012437707885
761,7.61,-0.7193281731447674,0.10357943103013181
762,7.62,-0.8133092453203808,0.08472150716015034
763,7.63,-0.9126695844568395,0.08393004065819584
764,7.640000000000001,-0.8391579552802096,0.09743983213198923
765,7.65,-0.8878184972428113,0.11189643405507564
766,7.66,-0.8446191480441351,0.07131770969814144
767,7.67,-0.8384201113114574,0.08589414811802723
768,7.68,-0.9492083414607507,0.09454503720889545
769,7.69,-0.9260489590120284,0.10354382752244112
770,7.7,-0.9755325627948702,0.11418932162335971
771,7.71,-0.9715439368503528,0.08994053343825116
772,7.72,-0.9387115813047218,0.11658946719384576
773,7.73,-0.9024062932678331,0.09898366703757384
774,7.74,-0.7871225664222009,0.10518607954668316
775,7.75,-0.8219425128983426,0.11633964739579207
776,7.76,-1.0171947888219444,0.09298231589221763
777,7.7700000000000005,-0.8398150955348654,0.11757831779651765
778,7.78,-0.7603631065704767,0.09875514714937071
779,7.79,-0.6454723066174067,0.10739301781000135
780,7.8,-0.8488395566078223,0.09783677865448386
781,7.8100000000000005,-0.7888686278046176,0.07875894909954914
782,7.82,-0.9482297486765122,0.12022999585280751
783,7.83,-0.6638668999228,0.09297990871204898
784,7.84,-0.8930510817222405,0.11596624358784881
785,7.8500000000000005,-0.7223430450813454,0.11445780028749837
786,7.86,-0.7824623260517226,0.10934749551372883
787,7.87,-0.8692076142025974,0.11280272478900179
788,7.88,-0.8743515171152128,0.10613411899067048
789,7.890000000000001,-0.807240705444737,0.12786029508227595
790,7.9,-0.8233448300286931,0.10730607281977234
791,7.91,-0.8871887141944036,0.11515172461903934
792,7.92,-0.7464995819180922,0.1096116001686406
793,7.930000000000001,-0.9142779436828248,0.1311542060933216
794,7.94,-0.8258068003923629,0.11943885014166511
795,7.95,-0.8810446681790212,0.117793605102807
796,7.96,-0.7919142862847053,0.13140372126001432
797,7.97,-0.7294849589325966,0.14424056704804117
798,7.98,-0.9095833090992418,0.12296128045695227
799,7.99,-0.689341526936891,0.12209019907585056
800,8.0,-0.8632631613192596,0.1229459153866769
801,8.01,-0.7359866243255229,0.1584030710347213
802,8.02,-0.7702729501984088,0.10914884398982054
803,8.03,-0.7099394497088711,0.1141466810212991
804,8.040000000000001,-0.9234112684597815,0.10935137588668861
805,8.05,-0.9140722798508907,0.14229661729041496
806,8.06,-0.7276463371255312,0.10714148369893109
807,8.07,-0.7086351720960047,0.13694572079489364
808,8.08,-0.705663487585695,0.09611053271943125
809,8.09,-0.4935233887917466,0.13593909336841917
810,8.1,-0.7816050561613967,0.12772779640544624
811,8.11,-0.7361578635214812,0.12178220314194287
812,8.120000000000001,-0.866276057413918,0.1282669908984651
813,8.13,-0.7416121268521492,0.14457787986366352
814,8.14,-0.772695711656336,0.09578209677865648
815,8.15,-0.7412736815421689,0.1387795934871414
816,8.16,-0.8346047576296147,0.12540825331760277
817,8.17,-0.725872964216525,0.14919818193542883
818,8.18,-0.8544218613883869,0.13404655937938356
819,8.19,-0.7848823038531312,0.13919776824583388
820,8.2,-0.7976268871859543,0.13123409121382043
821,8.21,-0.8758776465335723,0.13848259336915447
822,8.22,-0.7695073440371605,0.13499650720143366
823,8.23,-0.6632201473259267,0.14667691163306656
824,8.24,-0.7961131791202744,0.12533174363104707
825,8.25,-0.6409326723557823,0.14807490016958288
826,8.26,-0.652522207123978,0.15538843928919685
827,8.27,-0.6184448440766017,0.13697993322520097
828,8.28,-0.6000223934188411,0.1682486935061928
829,8.290000000000001,-0.689736206413116,0.13461575681749452
830,8.3,-0.7169379294350855,0.12094671100815554
831,8.31,-0.8268984731039464,0.13864925479619392
832,8.32,-0.6652171279257526,0.15577022737852111
833,8.33,-0.6357023681666555,0.14078419764566255
834,8.34,-0.7654189815340002,0.16720123350522145
835,8.35,-0.7005057228261502,0.16380341386663733
836,8.36,-0.66520903496801,0.15051780899664363
837,8.370000000000001,-0.7389116871395837,0.15698042877627216
838,8.38,-0.613981571824635,0.1511437574333239
839,8.39,-0.8863920632872968,0.15985648397354157
840,8.4,-0.8087900290193537,0.16354755321414974
841,8.41,-0.624157251003741,0.170275451556626
842,8.42,-0.7973696247158235,0.17623547391753513
843,8.43,-0.7074649974001912,0.15084902203935993
844,8.44,-0.5873271063629644,0.15924025479880036
845,8.45,-0.8073983070085974,0.1561375771277061
846,8.46,-0.6434684364739773,0.1534202250166525
847,8.47,-0.5793388346117865,0.15931521059723275
848,8.48,-0.5810509578788032,0.1593893003058787
849,8.49,-0.8309441058911993,0.1454236666286402
850,8.5,-0.6390121997770613,0.13955637850368052
851,8.51,-0.44168198350354404,0.1624762281616039
852,8.52,-0.6924579062424872,0.14962360178572792
853,8.53,-0.6837399231566479,0.1748191227353669
854,8.540000000000001,-0.6108056894009153,0.16079745716231475
855,8.55,-0.5406599433508297,0.18390134250275517
856,8.56,-0.6848537004890087,0.15168136212304947
857,8.57,-0.6845586216376507,0.15117143627289634
858,8.58,-0.6998067321576582,0.17526207360404714
859,8.59,-0.6732554304606165,0.13714644974826082
860,8.6,-0.7802999788194115,0.17687060779812755
861,8.61,-0.6453086729272205,0.16101529350063587
862,8.620000000000001,-0.4807406806668781,0.17532183875330448
863,8.63,-0.628842837429525,0.1747437530422258
864,8.64,-0.43366297712025775,0.15303547928998143
865,8.65,-0.5956985413935034,0.16970719115980668
866,8.66,-0.4433250179222317,0.1851668294329474
867,8.67,-0.5619367835619843,0.1563063663752635
868,8.68,-0.4805852443113964,0.16443884069200407
869,8.69,-0.5101878562044818,0.16623436579506431
870,8.700000000000001,-0.4139873463416056,0.14556772327602058
871,8.71,-0.5233636167645792,0.19905579866410325
872,8.72,-0.5713966118450875,0.1478934722391399
873,8.73,-0.6980409087105711,0.16641575090402114
874,8.74,-0.5301847624646591,0.17263319838819097
875,8.75,-0.6490013669765957,0.17180768087403536
876,8.76,-0.48421760932198926,0.1866985821908105
877,8.77,-0.47186219071127855,0.18840139012846505
878,8.78,-0.46626610609484337,0.16890358678116482
879,8.790000000000001,-0.5049734287335186,0.17309831983656276
880,8.8,-0.38704771621389933,0.16502576471961228
881,8.81,-0.605832767416937,0.16455542325261582
882,8.82,-0.3038787808499445,0.1732731837896759
883,8.83,-0.31657519831598246,0.15995941358106813
884,8.84,-0.5946948458451472,0.20079751446340244
885,8.85,-0.5284237792856492,0.18095080908618438
886,8.86,-0.3630968936139329,0.17566406219992187
887,8.870000000000001,-0.46328517394144797,0.18133182297576217
888,8.88,-0.5240591315445087,0.19271131432886646
889,8.89,-0.4150655995600093,0.17238714485693116
890,8.9,-0.4233830515492031,0.183090678946581
891,8.91,-0.43787224590507323,0.17421146490704978
892,8.92,-0.6314659184164133,0.18080188506610193
893,8.93,-0.4939778444851078,0.19320616618651063
894,8.94,-0.47207777432982273,0.17596651817448422
895,8.950000000000001,-0.4175575800770415,0.18509734373472297
896,8.96,-0.4620562361801622,0.18654203286699297
897,8.97,-0.36489358510001246,0.2096531608689191
898,8.98,-0.49062687472709104,0.1920812287987524
899,8.99,-0.32302695829012806,0.2021616102196549
900,9.0,-0.5078163938229258,0.19189307792139515
901,9.01,-0.506494671321534,0.22041181728898426
902,9.02,-0.32254217390381384,0.17764650158620135
903,9.03,-0.33394695977026434,0.184539177815815
904,9.040000000000001,-0.42446449793475594,0.17032655289525067
905,9.05,-0.31822229814399117,0.20101302060652018
906,9.06,-0.29864248052572673,0.19732012652707537
907,9.07,-0.49063314409745196,0.1797186513662427
908,9.08,-0.32851338400312124,0.17975918584570807
909,9.09,-0.352564828275003,0.21035140993482201
910,9.1,-0.2727123807908139,0.22153724972400923
911,9.11,-0.26305994195190474,0.18241823986148556
912,9.120000000000001,-0.3493985950854432,0.16354553720459702
913,9.13,-0.1992690052295521,0.17495289920326218
914,9.14,-0.2559922910897952,0.16917581609383664
915,9.15,-0.39117863794484276,0.20733204758766974
916,9.16,-0.30098848956955093,0.18508343885544695
917,9.17,-0.2139798325160107,0.1840172229499647
918,9.18,-0.36468570565852576,0.19854177546163024
919,9.19,-0.2812437563712716,0.20338923475109028
920,9.200000000000001,-0.28692600534923374,0.2048469271669187
921,9.21,-0.30779319523028276,0.17258293663380597
922,9.22,-0.06307033958680772,0.20268020822865443
923,9.23,-0.0811068054064332,0.16911079989411681
924,9.24,-0.11003529518131795,0.1953631877617988
925,9.25,-0.20547244841197987,0.16847971347283375
926,9.26,-0.3068864760494429,0.17845340907101276
927,9.27,-0.19991116884075158,0.16834136258315757
928,9.28,-0.11824211516945253,0.16967679777070274
929,9.290000000000001,-0.13106422408192084,0.18974901472202768
930,9.3,-0.16004781371626398,0.1725175918451728
931,9.31,-0.2597429270375201,0.21296606377100738
932,9.32,-0.08324021722604281,0.21590146866528456
933,9.33,-0.0075252639822223424,0.21212781026948513
934,9.34,0.12031097589292522,0.1886298615168429
935,9.35,-0.0886016148789057,0.20524088593314643
936,9.36,0.022914323932055586,0.1881727207641936
937,9.370000000000001,-0.08375221011527692,0.20619526999411752
938,9.38,0.19815496966424873,0.1954567486657119
939,9.39,0.13046348940708707,0.20105492576276507
940,9.4,0.13011187541853136,0.1944357101189188
941,9.41,0.04977852043812454,0.18702334006069335
942,9.42,0.17042332514957317,0.21167977551529554
943,9.43,0.19593011067725857,0.18682152039803504
944,9.44,0.12423693992632406,0.18755553495000443
945,9.450000000000001,0.35098690988101655,0.2104824910505497
946,9.46,0.29172590976302826,0.1834565180355004
947,9.47,0.3708257062308902,0.18688504924350297
948,9.48,0.33303385718118445,0.17803729766513313
949,9.49,0.35048433203243307,0.21004695717886152
950,9.5,0.3592039832310203,0.15675048971800176
951,9.51,0.3532141188563337,0.20304307014098835
952,9.52,0.5184055340328948,0.17382154035473568
953,9.53,0.45057720940277796,0.17327792330313493
954,9.540000000000001,0.31791661254491366,0.1995589421012279
955,9.55,0.6938562714626777,0.20034388086491092
956,9.56,0.5636036205914418,0.17466569119598618
957,9.57,0.5440517763046215,0.18036260354593747
958,9.58,0.6955561247295556,0.19197801992160507
959,9.59,0.6826175175209871,0.19931908067249804
960,9.6,0.5536077219967368,0.190342417824652
961,9.61,0.6204993852766699,0.19319453477304016
962,9.620000000000001,0.6256864583444645,0.19965903166173468
963,9.63,0.7375533416651466,0.19335176222314407
964,9.64,0.8043798057356598,0.20692914068679083
965,9.65,0.9443667161907404,0.1860775695239286
966,9.66,0.8909430396923941,0.1788863448281135
967,9.67,0.9210112731906345,0.1749783697964734
968,9.68,0.7969196498721096,0.19430905757357161
969,9.69,0.7614798007708182,0.18042202993205134
970,9.700000000000001,0.8744784342423276,0.1903325001999075
971,9.71,0.9633667358473619,0.1756581384723957
972,9.72,1.1882028836273422,0.18600933193364777
973,9.73,0.9311015299298564,0.16773470524462922
974,9.74,1.0592795044717447,0.17233429233573766
975,9.75,0.9416922350652419,0.1683463412390331
976,9.76,1.1006841109595216,0.19929051703301054
977,9.77,1.0463017556774004,0.17259248193717697
978,9.78,1.0876326903148021,0.1495619408671351
979,9.790000000000001,1.0322736598322049,0.1842931565856735
980,9.8,1.1669232124931608,0.1764567646923988
981,9.81,1.1097747975363508,0.17841765165803847
982,9.82,1.2508545628710626,0.1742973920491918
983,9.83,1.0065264789417039,0.16765515966269595
984,9.84,1.0120532734697092,0.18218790005362642
985,9.85,1.2339011899916985,0.16510699030012888
986,9.86,1.1186408559086747,0.15837916269599892
987,9.870000000000001,1.012664565208151,0.15940604664799488
988,9.88,1.215314630407582,0.16048471829362732
989,9.89,1.094384575750996,0.14515509409567967
990,9.9,1.0599266803964296,0.17822300062850158
991,9.91,1.1991906486654658,0.1582303658312305
992,9.92,1.06385122065317,0.1404187804736085
993,9.93,1.1980876511199192,0.1487711417280789
994,9.94,1.0827984256861742,0.1480720772058702
995,9.950000000000001,1.2094822441960362,0.16065356598056016
996,9.96,0.9863726745687854,0.13748401123921086
997,9.97,1.1069803097315176,0.1676925980345229
998,9.98,1.1404413856055224,0.14756560841125357
999,9.99,1.2201017347369405,0.1599982997685774
1000,10.0,1.1509463124323374,0.13332077231981165
1001,10.01,1.085752801051874,0.14577233350357835
1002,10.02,1.2023417424064329,0.13009762641658107
1003,10.03,1.0576369656044085,0.15871542421142623
1004,10.040000000000001,1.2375654742668576,0.13556811655165332
1005,10.05,1.230641486431128,0.14279238062528093
1006,10.06,1.2172940590845278,0.13950841477576606
1007,10.07,1.0779427603994134,0.16393037885700065
1008,10.08,1.1989276848420665,0.13348698217034471
1009,10.09,1.0322595651682733,0.11040688565981586
1010,10.1,1.1250536720191822,0.12872312183837398
1011,10.11,1.1725914514859306,0.1244994197918199
1012,10.120000000000001,1.0871234595950874,0.11513165982362228
1013,10.13,1.0375920915079966,0.13058899174581698
1014,10.14,1.1843366981039176,0.13057478604592757
1015,10.15,0.9757178332953439,0.1308597022023551
1016,10.16,0.9842084282033049,0.13358788363230506
1017,10.17,1.1886645056800258,0.1338892940127476
1018,10.18,1.1481603509726017,0.12164677213452761
1019,10.19,1.1501240378532862,0.13543956752029035
1020,10.200000000000001,1.1954097865297137,0.12975031072679494
1021,10.21,1.1552413899379808,0.12359808793387321
1022,10.22,1.187766540779586,0.12148505434040156
1023,10.23,1.2033114503506637,0.13210357661625782
1024,10.24,1.216681447348177,0.14712299968205908
1025,10.25,1.2144648540640688,0.1116082525549469
1026,10.26,1.2336758218184642,0.10696161220431999
1027,10.27,1.1021503344033776,0.14129486393722945
1028,10.28,1.1364924545232462,0.12194621079592585
1029,10.290000000000001,1.163755923669486,0.12867263233863668
1030,10.3,1.1575945946285848,0.08135054688044042
1031,10.31,1.194338471456784,0.10613122459535189
1032,10.32,1.2411076127563339,0.11228907283893963
1033,10.33,1.1135754857633364,0.11972940586400817
1034,10.34,1.1506103701791297,0.08917827013687735
1035,10.35,1.0783095015559185,0.10239244790630227
1036,10.36,1.0131118309857012,0.127466019255911
1037,10.370000000000001,1.1182740251554995,0.10909570220725481
1038,10.38,1.1503368830948473,0.1096382509526791
1039,10.39,1.1643909832397377,0.10305736703041714
1040,10.4,1.1656507851605393,0.09056243887313976
1041,10.41,1.0974280224848367,0.08223396408927576
1042,10.42,0.9413318996261857,0.08785185545406794
1043,10.43,1.1516900508427008,0.08854806770708652
1044,10.44,1.3329234238937793,0.07072000223690436
1045,10.450000000000001,1.1389170125272254,0.065886385163996
1046,10.46,1.2812254824582856,0.11233323404820666
1047,10.47,1.2351783902171456,0.10885606266389466
1048,10.48,1.0796813083967776,0.09001845313321649
1049,10.49,1.3233873868680464,0.09889574068582038
1050,10.5,1.0972054907843216,0.06936789088342382
1051,10.51,1.1571403205760005,0.08792898959544199
1052,10.52,1.0538442538667903,0.0997908778466497
1053,10.53,1.0905022364580312,0.0899223590446455
1054,10.540000000000001,0.9426920959360391,0.10082167343721177
1055,10.55,1.087802981841954,0.0721785744580975
1056,10.56,1.0304303122918246,0.07732261058171119
1057,10.57,0.9294126831216198,0.06351951525928629
1058,10.58,1.0794181968393455,0.08283132704240415
1059,10.59,1.0867383583922214,0.07497403113976008
1060,10.6,1.2484849007634156,0.06762957314794082
1061,10.61,1.2067619616463838,0.06070879602371066
1062,10.620000000000001,1.2298473057793362,0.05892572036993787
1063,10.63,1.1077249066319181,0.09266752047772923
1064,10.64,1.0800099190912795,0.0877920870889684
1065,10.65,1.0433949951666732,0.0925885783445968
1066,10.66,1.0316353612660065,0.05574060364149499
1067,10.67,1.2363673276327132,0.058905095978406555
1068,10.68,0.9359167936251336,0.06555514193560033
1069,10.69,1.1292660379879207,0.058810645993451344
1070,10.700000000000001,1.1458286722911097,0.025885125958967456
1071,10.71,0.882864643570515,0.07313859515694611
1072,10.72,1.0237878789046073,0.06592332762956389
1073,10.73,1.1541709520297923,0.05366507140126161
1074,10.74,1.0657728701671698,0.06340723527570746
1075,10.75,1.2021159130146128,0.07411926353529708
1076,10.76,1.068706265726481,0.04248850416171778
1077,10.77,1.0573103960258154,0.070846177678912
1078,10.78,1.0616599500403623,0.060915708605061104
1079,10.790000000000001,1.0597022995847956,0.05788506454656753
1080,10.8,1.2533812002226932,0.07148047696422134
1081,10.81,1.3573864480003828,0.05773278362802925
1082,10.82,1.0507149038652304,0.05731620348905796
1083,10.83,1.1881997727664986,0.03870584466605113
1084,10.84,0.9659636686674802,0.051692798374178416
1085,10.85,1.0656033443010917,0.03156385902718889
1086,10.86,1.063975610358857,0.05504223331029401
1087,10.870000000000001,1.0635723021728785,0.035912080511879524
1088,10.88,1.185889233707185,0.04287016445921256
1089,10.89,0.981626195357924,0.0268345173685584
1090,10.9,1.2008650960609442,0.015038809951887996
1091,10.91,0.9636821021478577,0.035572370789223574
1092,10.92,0.969416483717003,0.04423087549489458
1093,10.93,1.196827171918058,0.026718871429824098
1094,10.94,0.9975613747325007,0.0376653319546283
1095,10.950000000000001,1.1420247473166176,0.033566181683993356
1096,10.96,1.0934746920007055,0.023674570047550435
1097,10.97,1.0004460122731627,0.036741096254841774
1098,10.98,1.035375963031956,0.03659093993857889
1099,10.99,1.0670427219806058,0.019217151507719306
1100,11.0,1.0706326786802904,0.055549933109607715
1101,11.01,1.0905456918645275,0.058172628890763536
1102,11.02,1.0387492301834964,0.039882221248711484
1103,11.03,1.06792399776469,0.02119607974667511
1104,11.040000000000001,1.224495421476648,0.030577616566059975
1105,11.05,0.988777724164371,0.025955091201907688
1106,11.06,0.8878689903020978,0.02213656053101283
1107,11.07,0.9873927257917917,0.01914899574449353
1108,11.08,0.9143797106755468,0.026956356093258433
1109,11.09,1.0762699437389867,0.031159476750656723
1110,11.1,1.1879096037134056,0.012645483192775128
1111,11.11,1.1124875770282197,0.028121419681361663
1112,11.120000000000001,1.0984866352124263,0.02010150233941086
1113,11.13,1.0737829005062591,0.022156996486591765
1114,11.14,0.969585398363255,0.019287239327754807
1115,11.15,0.9393887171701532,0.02840545034390085
1116,11.16,1.319515305206851,0.014619863501520192
1117,11.17,0.9449333441531313,-0.01688094824173561
1118,11.18,1.1934146675798434,0.02270017649197939
1119,11.19,1.1356181692373588,0.017642874127520726
1120,11.200000000000001,1.0421344417913527,0.00792189632037801
1121,11.21,1.240186154252056,0.009568837651476102
1122,11.22,1.1375986165638954,0.026177546647879038
1123,11.23,1.0852859879122934,0.009989059646274497
1124,11.24,1.0312288609680855,0.024983855516708942
1125,11.25,1.118203662747387,0.017153084086445412
1126,11.26,1.042070161506963,-0.0007181757660660783
1127,11.27,0.9675670331408786,-0.0031791906319710676
1128,11.28,0.940226465412979,-0.010924273437895952
1129,11.290000000000001,1.0432330034130934,0.017759661453319402
1130,11.3,1.163029333522395,0.02130205592060156
1131,11.31,1.0019414965915312,-0.026129962399784084
1132,11.32,1.018513417892766,-0.003969944939331337
1133,11.33,1.1856560246059171,-0.007171454357447481
1134,11.34,0.9545217652028112,0.0006759786040014429
1135,11.35,0.8763140911068149,-0.026235629090909075
1136,11.36,1.0227781267521736,-0.015802636586308268
1137,11.370000000000001,1.0133262212544625,-0.00155639804587091
1138,11.38,1.0351088278110228,0.009279275048894814
1139,11.39,0.834249864904179,-0.0029886489399766616
1140,11.4,0.9784169348161554,-0.0009311600389935483
1141,11.41,0.9640608863912796,-0.00027840728193978016
1142,11.42,0.9509550525758633,-0.011119991736175686
1143,11.43,1.000519730117318,-0.004502497312085135
1144,11.44,1.0656692809180388,-0.022946909237741092
1145,11.450000000000001,0.9614025128043876,-0.038981041202195324
1146,11.46,0.9632194291595803,-0.02300626731086306
1147,11.47,0.9711549832553408,-0.014240413516356768
1148,11.48,1.1762873131249487,-0.014678076856990834
1149,11.49,1.0939883680624565,-0.011755664901885824
1150,11.5,0.9028466001383709,-0.030760075550353955
1151,11.51,0.9920168137156059,-0.030959271709069203
1152,11.52,1.1232418906944246,-0.00256527167612915
1153,11.53,0.9475380592217526,-0.01106301876155961
1154,11.540000000000001,1.004041379490651,-0.007197838923608493
1155,11.55,1.1092341684958427,-0.02193352421941934
1156,11.56,1.067639763039592,-0.028506633112925246
1157,11.57,1.0669836260512953,-0.020896429087871662
1158,11.58,0.8979327455184045,-0.05430742415448133
1159,11.59,0.7784680491535041,-0.010821353648200412
1160,11.6,1.0651033312537919,-0.03517670944433039
1161,11.61,1.0421432857900403,-0.024657524433079704
1162,11.620000000000001,0.8195736571456338,-0.03961113893961163
1163,11.63,0.882626059216093,-0.0396290562468489
1164,11.64,0.9792982730876701,-0.024547179386592354
1165,11.65,0.8547332991460509,-0.018322443482139517
1166,11.66,1.052021169089835,-0.022596822603680972
1167,11.67,0.7853944518397564,-0.03470713526359829
1168,11.68,1.067894139255061,-0.05630405831796857
1169,11.69,0.9944027826607681,-0.06534843240636735
1170,11.700000000000001,0.803231857998883,-0.04483906760279428
1171,11.71,0.9744793260391822,-0.04404205368527393
1172,11.72,0.9208872165055144,-0.07227592415402849
1173,11.73,0.9266089907457248,-0.03627176613342084
1174,11.74,0.8263500474316263,-0.03965049718476295
1175,11.75,1.0753821113001614,-0.054049186646881006
1176,11.76,1.0258020360208926,-0.04168044207906105
1177,11.77,0.880553796268134,-0.02466909806683507
1178,11.78,0.9611503218489282,-0.04852746307186731
1179,11.790000000000001,0.8899325778885726,-0.0486755942875471
1180,11.8,0.8934340811247878,-0.052341910480609155
1181,11.81,0.8632981850574937,-0.025012147199726352
1182,11.82,1.0142001231161177,-0.04358188833328519
1183,11.83,0.9881384640566053,-0.03927358638255065
1184,11.84,1.071371994126169,-0.06219448513724881
1185,11.85,0.9071460082573506,-0.052201972686750274
1186,11.86,0.9619619612216957,-0.04083932617092667
1187,11.870000000000001,0.9599854079971236,-0.04832472408494007
1188,11.88,0.8104213940881125,-0.03703830246099578
1189,11.89,0.8753567134144852,-0.058533264952044334
1190,11.9,0.9585775585890631,-0.05688984879657977
1191,11.91,1.0393802360605127,-0.034783105847296214
1192,11.92,0.853269211380783,-0.046337727897119194
1193,11.93,0.8224770718787608,-0.05667081951685932
1194,11.94,0.9808627721437285,-0.054282307084527116
1195,11.950000000000001,0.8599988703767643,-0.04102201249936587
1196,11.96,0.9764262404846612,-0.05792393838966977
1197,11.97,0.9462806661510483,-0.05454982522142262
1198,11.98,0.8706559395775861,-0.07919693243254533
1199,11.99,0.9296690619225942,-0.04223880581490268
1200,12.0,0.69006876650625,-0.04681156972787795
1201,12.01,0.944888940515697,-0.08519108086970034
1202,12.02,0.9187411274581498,-0.050549965281225503
1203,12.030000000000001,0.9510729691516482,-0.0690692343737347
1204,12.040000000000001,0.9222858388179144,-0.06810501749213806
1205,12.05,0.8774512971468121,-0.08361202951791248
1206,12.06,0.9990444738038217,-0.05104198976934146
1207,12.07,0.8761274986779455,-0.07739408643802918
1208,12.08,0.8606794993146153,-0.04356130644267889
1209,12.09,0.8870777098943539,-0.06886173349505649
1210,12.1,0.861863307403252,-0.0404080943252578
1211,12.11,0.8755926871724992,-0.06449685266046884
1212,12.120000000000001,0.8694822860213592,-0.06963562697974592
1213,12.13,0.8599192150247561,-0.08377938096235171
1214,12.14,0.7498187535447511,-0.08255037143309923
1215,12.15,0.917760359749193,-0.08283189732227225
1216,12.16,0.7942013710937794,-0.09207338531435554
1217,12.17,0.8898585183817095,-0.08648330884014196
1218,12.18,0.9968138496184356,-0.09780212664313997
1219,12.19,0.8116822473696119,-0.09850358321865177
1220,12.200000000000001,0.9002196405396219,-0.07535816087526478
1221,12.21,0.8323318056401823,-0.06835180350335016
1222,12.22,0.7992026962470209,-0.09717897867618706
1223,12.23,0.8788943405230241,-0.06616319318322546
1224,12.24,0.8930514110280311,-0.08910313512063062
1225,12.25,1.0312837728054545,-0.08287971964888038
1226,12.26,0.6463416467126308,-0.07779224286431181
1227,12.27,0.9971415630981991,-0.08101003963165834
1228,12.280000000000001,0.7692708869796805,-0.08616400852713657
1229,12.290000000000001,0.8207981923652727,-0.09647877812230017
1230,12.3,0.8447351987685285,-0.07568970877244713
1231,12.31,0.8183518262702061,-0.08891947827782162
1232,12.32,0.9353516249264157,-0.07738162292256247
1233,12.33,0.878851861528579,-0.08887550832263234
1234,12.34,0.7961881394474233,-0.11455851038558167
1235,12.35,0.9137860474290512,-0.10577865220385443
1236,12.36,0.9299466930230464,-0.12261253204904449
1237,12.370000000000001,0.7158984409370496,-0.09567024322542418
1238,12.38,0.8884503567776155,-0.08627042052645742
1239,12.39,0.722437890592029,-0.1257809935963478
1240,12.4,1.0509295353215535,-0.08563458333370441
1241,12.41,0.8033398789331088,-0.06738209967037892
1242,12.42,0.8525869402928293,-0.10140534222331633
1243,12.43,0.8092188233347741,-0.0707738195426054
1244,12.44,0.8084066962198637,-0.08668612121526512
1245,12.450000000000001,0.5666557121222229,-0.10900069556891998
1246,12.46,0.9977184395002967,-0.0880933737953437
1247,12.47,0.8311252726813925,-0.09097819074259715
1248,12.48,0.7972457676490171,-0.11014921757000795
1249,12.49,0.7554486505030381,-0.10480540732857499
1250,12.5,0.8118238930126391,-0.09716342058080465
1251,12.51,0.8380785887830232,-0.10535497681776544
1252,12.52,0.8756870780507167,-0.12511958276800186
1253,12.530000000000001,0.9732805711055231,-0.10035060081551213
1254,12.540000000000001,0.720675166392154,-0.11396455545240883
1255,12.55,0.851588302112541,-0.1358366916984982
1256,12.56,0.7047176964904172,-0.12348060622362836
1257,12.57,0.7727871899848914,-0.10100371571549055
1258,12.58,0.804086906401388,-0.1047301173422723
1259,12.59,0.7128420161084204,-0.10963748862369392
1260,12.6,0.7277788305885349,-0.10197217379450678
1261,12.61,0.7703877040403424,-0.1137072760755534
1262,12.620000000000001,0.865451624744687,-0.11045082384954902
1263,12.63,0.7110053244500358,-0.12517183542539373
1264,12.64,0.7298822721960869,-0.1176159097027437
1265,12.65,0.9775175020449662,-0.10085702934684046
1266,12.66,0.8222916975083613,-0.1248494128155788
1267,12.67,0.8347355510912942,-0.10879344694573496
1268,12.68,0.639282447392522,-0.10753016754808749
1269,12.69,0.7177295915164795,-0.12695618423317764
1270,12.700000000000001,0.7985346721621825,-0.1250180613919367
1271,12.71,0.6028523131730348,-0.13685459017484614
1272,12.72,0.649672980585127,-0.1454811119535499
1273,12.73,0.9353650628302337,-0.12285295828358876
1274,12.74,0.7678506695388577,-0.11820552927715426
1275,12.75,0.7826731331376577,-0.13928526055176815
1276,12.76,0.8465643643695112,-0.10748942894047353
1277,12.77,0.7194356270044545,-0.12748325613045294
1278,12.780000000000001,0.8045664337283515,-0.15753002973405478
1279,12.790000000000001,0.7926713399938389,-0.1404983554463212
1280,12.8,0.9140992116373485,-0.13211921872459273
1281,12.81,0.8496056994015305,-0.13533803102344893
1282,12.82,0.7706820762616957,-0.14567550976726695
1283,12.83,0.7680466921424484,-0.13466919182475165
1284,12.84,0.586602589220778,-0.1501801905999788
1285,12.85,0.6354676479117519,-0.11896900950520081
1286,12.86,0.7181771338458547,-0.1345149438295913
1287,12.870000000000001,0.7384735603215814,-0.12710764256269685
1288,12.88,0.8073067540676925,-0.14588147052537498
1289,12.89,0.9920603421585759,-0.13232112470027413
1290,12.9,0.6737375116583305,-0.16093802191896495
1291,12.91,0.7250361003008273,-0.12334217862175816
1292,12.92,0.7338327991133166,-0.12440047694366653
1293,12.93,0.7024031375595221,-0.14108315830123005
1294,12.94,0.7620392713248212,-0.1397212708140334
1295,12.950000000000001,0.6293764736435625,-0.15333894844256016
1296,12.96,0.7613761582707479,-0.12009219330036033
1297,12.97,0.8040074612895883,-0.10953955883407629
1298,12.98,0.6480572851508204,-0.12933327595965047
1299,12.99,0.6982146080113626,-0.12271586399035829
1300,13.0,0.5592084677395559,-0.15128768452701896
1301,13.01,0.7035834051149604,-0.15221748679778788
1302,13.02,0.660011179494341,-0.16023065294512384
1303,13.030000000000001,0.8031724493870896,-0.1710204230330576
1304,13.040000000000001,0.7708013329611145,-0.14962203311677677
1305,13.05,0.8052722456082532,-0.15712289886325848
1306,13.06,0.7493062538929942,-0.14082073974907727
1307,13.07,0.7149056836413908,-0.17955868727768554
1308,13.08,0.7250237347025245,-0.1427747222205735
1309,13.09,0.6357732812491755,-0.1231918256943987
1310,13.1,0.6916987895661786,-0.15129703629969843
1311,13.11,0.7601931588360964,-0.17382481249841295
1312,13.120000000000001,0.7279353635661634,-0.1673734371266017
1313,13.13,0.8116852293768563,-0.1416392515152232
1314,13.14,0.6440279091980856,-0.15918972727716982
1315,13.15,0.5854885489042105,-0.15498172418349854
1316,13.16,0.7205562101272993,-0.15430972212553706
1317,13.17,0.7099061456992422,-0.18197657478199358
1318,13.18,0.6403025462864511,-0.15000671477432118
1319,13.19,0.5784863612324981,-0.16458768391690648
1320,13.200000000000001,0.6248618241339644,-0.16955085914512205
1321,13.21,0.7474842206674257,-0.15392303363261892
1322,13.22,0.6305913860578963,-0.1579437923294292
1323,13.23,0.7369415394521406,-0.1714679590476446
1324,13.24,0.5937629121686752,-0.14905430180701432
1325,13.25,0.5819453330492688,-0.15665874793962914
1326,13.26,0.6400933691336119,-0.16578293701694793
1327,13.27,0.6486521771104297,-0.1722220282054578
1328,13.280000000000001,0.5275282007746864,-0.18199399932548188
1329,13.290000000000001,0.629054939518413,-0.1584427187909098
1330,13.3,0.8140889379502113,-0.16146578993446892
1331,13.31,0.45978394616271884,-0.16596610881615317
1332,13.32,0.526682508016372,-0.16727036902491405
1333,13.33,0.574731364896384,-0.18017769602197847
1334,13.34,0.5606058576988315,-0.17076966566263443
1335,13.35,0.6779163441441476,-0.17962653853090096
1336,13.36,0.5701752390024621,-0.1751663085846136
1337,13.370000000000001,0.6073930688520647,-0.19048231857334372
1338,13.38,0.5838998586812324,-0.16075918083539006
1339,13.39,0.6214429215121612,-0.18117679043517035
1340,13.4,0.6082807128749455,-0.17101640996696416
1341,13.41,0.7127836008680861,-0.1578693407793424
1342,13.42,0.5335079411665761,-0.16305481550685919
1343,13.43,0.4917210554405852,-0.1691663930091855
1344,13.44,0.36389258224938414,-0.19676386110686528
1345,13.450000000000001,0.4287105637912646,-0.1709884588465447
1346,13.46,0.602370038639357,-0.18087522273313472
1347,13.47,0.5378826113880774,-0.16305622994260838
1348,13.48,0.6064666331456716,-0.17038723623909804
1349,13.49,0.6357653573927937,-0.18691895613371343
1350,13.5,0.577651444271142,-0.17534436702320694
1351,13.51,0.4691121056211578,-0.18523879396429097
1352,13.52,0.47617862959548096,-0.1761731340666537
1353,13.530000000000001,0.4333310405719907,-0.17641209276429048
1354,13.540000000000001,0.4298878511292132,-0.17159268643377087
1355,13.55,0.46357074005113774,-0.17399348122319705
1356,13.56,0.5693736550754509,-0.1650224228672314
1357,13.57,0.4493539842951203,-0.17319189937738827
1358,13.58,0.4016289656020058,-0.1801623764173163
1359,13.59,0.6053381289265773,-0.17585908194355493
1360,13.6,0.3668894716807831,-0.19048648475329286
1361,13.61,0.49203241304916895,-0.1945089258404965
1362,13.620000000000001,0.41931133846954927,-0.18960423316890138
1363,13.63,0.41800324994690324,-0.16909184430686616
1364,13.64,0.5760081203374645,-0.17355654544411375
1365,13.65,0.37410919365892814,-0.20710251561619786
1366,13.66,0.4600285740016836,-0.170651616654702
1367,13.67,0.5956648418051147,-0.1929270123175602
1368,13.68,0.3043186921471955,-0.21699529286285263
1369,13.69,0.4102105426722075,-0.21184602364791028
1370,13.700000000000001,0.3532067156496472,-0.23189502170291623
1371,13.71,0.2728105214916553,-0.1545011372156312
1372,13.72,0.5703535851123777,-0.21509315801141726
1373,13.73,0.2944386732721515,-0.20060873459394815
1374,13.74,0.31753186606995243,-0.17272448707205937
1375,13.75,0.4079597091063861,-0.19739549543000992
1376,13.76,0.23259901224363194,-0.17096736030546145
1377,13.77,0.24881577493289075,-0.17824443323408812
1378,13.780000000000001,0.22710064001693675,-0.21395267764610448
1379,13.790000000000001,0.2568618832845708,-0.20420535479064444
1380,13.8,0.2557224866270865,-0.18336080845376648
1381,13.81,0.3297790771264737,-0.18444634063970014
1382,13.82,0.2050027630347807,-0.17508596486226252
1383,13.83,0.3511611755060612,-0.19644879078385546
1384,13.84,0.23739156426769498,-0.1820131794854504
1385,13.85,0.29121677168149784,-0.19271899625940353
1386,13.86,0.36933028800795986,-0.17924841656739104
1387,13.870000000000001,0.13611890111002845,-0.18403665530597874
1388,13.88,0.23610222525405244,-0.21029986471313147
1389,13.89,0.28611108057915796,-0.21744452375864665
1390,13.9,0.16290332408665958,-0.17778988379116983
1391,13.91,0.0627485492372366,-0.19485251611374527
1392,13.92,0.2562250653236985,-0.18496993336168646
1393,13.93,0.29067940767567124,-0.18304673278491965
1394,13.94,0.3093943813871918,-0.21931654871971457
1395,13.950000000000001,0.17581903762614193,-0.17829061451726425
1396,13.96,0.07571923862795517,-0.1950283210063786
1397,13.97,0.18077975928990342,-0.19008942473235868
1398,13.98,0.23504079585362947,-0.2118250444287927
1399,13.99,0.17464784780202264,-0.2004106540410944
1400,14.0,0.12748329555703558,-0.21232794332285654
1401,14.01,-0.08793913763810178,-0.19178960461615502
1402,14.02,0.11529010081726149,-0.19805599902024396
1403,14.030000000000001,-0.0939980211825037,-0.19218180746521785
1404,14.040000000000001,-0.07285727620320251,-0.18495566114058498
1405,14.05,0.027482098013480213,-0.19891862780566075
1406,14.06,-0.1313449370063945,-0.20367220493886973
1407,14.07,-0.07497137599659348,-0.18056785311397738
1408,14.08,-0.17190898048095093,-0.22927926574140808
1409,14.09,-0.04072801887113944,-0.18550756153194922
1410,14.1,-0.3043257527066809,-0.20006411108093292
1411,14.11,-0.21160902789303718,-0.2247054640152394
1412,14.120000000000001,-0.18602166283511895,-0.17674718712316984
1413,14.13,-0.22892925335675463,-0.20224218390740067
1414,14.14,-0.2166742696061806,-0.19243156260573582
1415,14.15,-0.2430325655200879,-0.18804047412686506
1416,14.16,-0.29866231589226344,-0.20340770258791424
1417,14.17,-0.2511733589240178,-0.17993821372418084
1418,14.18,-0.3818505826143477,-0.1762219628473416
1419,14.19,-0.47929801774532815,-0.17230914681676485
1420,14.200000000000001,-0.4422166955433139,-0.18719675517761147
1421,14.21,-0.47296287946827803,-0.18060177558747634
1422,14.22,-0.5949558021526107,-0.2071498672766752
1423,14.23,-0.5483007103809788,-0.18671860042930885
1424,14.24,-0.6829688769048146,-0.2085904533270071
1425,14.25,-0.7119694651638829,-0.1897345509036598
1426,14.26,-0.5628201767021787,-0.1679307385662221
1427,14.27,-0.7278686026968696,-0.19028643029344927
1428,14.280000000000001,-0.8928526487096191,-0.19380771627073204
1429,14.290000000000001,-0.895878597524835,-0.1941205500384124
1430,14.3,-0.7946489626555927,-0.21061052165052657
1431,14.31,-0.697477735659582,-0.19865535677411342
1432,14.32,-0.7155467724634843,-0.18615110130075807
1433,14.33,-0.9411747043017904,-0.18680094726629584
1434,14.34,-0.9250273958008716,-0.14950940294951484
1435,14.35,-1.0402099859206133,-0.152020207605368
1436,14.36,-0.8383834802339486,-0.17526642442423998
1437,14.370000000000001,-1.0958270989853287,-0.17404133097949617
1438,14.38,-0.935048021110934,-0.16893102972335858
1439,14.39,-1.0572619394117075,-0.17008379743510701
1440,14.4,-0.846935907723601,-0.17250095794709147
1441,14.41,-1.0991801599880289,-0.17657360360790436
1442,14.42,-1.102205629339178,-0.18354939581848848
1443,14.43,-0.9909768008603912,-0.16990815519672983
1444,14.44,-1.1119821860424346,-0.18009593377392727
1445,14.450000000000001,-1.0351448780893955,-0.1553009086139489
1446,14.46,-1.1563160896414382,-0.1843859134392803
1447,14.47,-0.9705976094361274,-0.1775413128827069
1448,14.48,-1.1499598400582642,-0.15379677500465483
1449,14.49,-1.0988824464240512,-0.1571061927806237
1450,14.5,-1.1379887309689922,-0.1385755791502205
1451,14.51,-1.219737322024639,-0.16148691663841458
1452,14.52,-1.1485827854304438,-0.17888978585514184
1453,14.530000000000001,-1.029461578591654,-0.15884346838292876
1454,14.540000000000001,-0.9644629888246596,-0.16989967770987346
1455,14.55,-1.1533816563895836,-0.1541539612568782
1456,14.56,-1.2175144934834992,-0.16544670469048442
1457,14.57,-1.1391116510372736,-0.16821129784771605
1458,14.58,-1.237523450641179,-0.1362953396112365
1459,14.59,-0.9946690144117587,-0.13116249355914827
1460,14.6,-1.1515634665306036,-0.15132381022705044
1461,14.61,-1.1708685418750653,-0.1429819689633485
1462,14.620000000000001,-1.1720581807362727,-0.1536828419480098
1463,14.63,-1.1311486266574369,-0.1349864724975465
1464,14.64,-1.3310157436944339,-0.1510262393624527
1465,14.65,-1.1737157094744575,-0.15266816970263083
1466,14.66,-1.0343420305687463,-0.14240994867310333
1467,14.67,-1.0807595904074785,-0.12883361613202335
1468,14.68,-1.1391032849358618,-0.15651720301459607
1469,14.69,-1.1670571070541749,-0.1472361597777928
1470,14.700000000000001,-1.3035028726437412,-0.1471955533188084
1471,14.71,-1.3373416284373683,-0.11742230844353163
1472,14.72,-1.1921071255341524,-0.1470545763755939
1473,14.73,-1.2148560346847526,-0.12464535654390707
1474,14.74,-1.1812418748812321,-0.11791077541379237
1475,14.75,-1.0271641150642083,-0.1447714310610186
1476,14.76,-1.1091120452072862,-0.11850753073197173
1477,14.77,-1.3978790364933154,-0.09158009574090573
1478,14.780000000000001,-1.1790840068558839,-0.12852297794287718
1479,14.790000000000001,-1.0206860680719028,-0.11784373131586462
1480,14.8,-0.9758150211150494,-0.15018796172968335
1481,14.81,-1.048215251039368,-0.12521954505480345
1482,14.82,-1.1211910325449959,-0.14957686503099907
1483,14.83,-1.190492397990197,-0.13743511616675844
1484,14.84,-1.137007603938428,-0.13151526330643729
1485,14.85,-1.1772759445170757,-0.09543182086742948
1486,14.86,-1.2556935040100605,-0.12206690591610632
1487,14.870000000000001,-1.1678175695286241,-0.1317523021690251
1488,14.88,-1.0663822823808515,-0.0861651043761964
1489,14.89,-1.1484779582873677,-0.14541503677470932
1490,14.9,-1.1570040137222255,-0.0938723339638767
1491,14.91,-1.3122046351243482,-0.13615023189327496
1492,14.92,-1.1761148249984381,-0.13689036125663706
1493,14.93,-1.1936749417612829,-0.07789245906877248
1494,14.94,-1.2421335096388741,-0.08986646935117043
1495,14.950000000000001,-1.2532632897811318,-0.08844651575022319
1496,14.96,-1.1858012713390744,-0.09991923068025901
1497,14.97,-1.3235543926722215,-0.11940728020774287
1498,14.98,-1.1701668806655061,-0.08193045423230105
1499,14.99,-1.0982065841623443,-0.09071142220511587
1500,15.0,-1.0459038219021426,-0.08654411194601527
1501,15.01,-1.0298318173017367,-0.11851360625088828
1502,15.02,-1.1951077766863072,-0.12477636525831733
1503,15.030000000000001,-1.2452468753743,-0.11313492756418549
1504,15.040000000000001,-1.1182326686704083,-0.10756209899903443
1505,15.05,-1.1457772912171733,-0.10925691316186192
1506,15.06,-1.3325046929386004,-0.1059867365813636
1507,15.07,-1.010232546739077,-0.12197420074556267
1508,15.08,-1.2965417161886572,-0.09704845971415596
1509,15.09,-1.0756636765133367,-0.10504297113051053
1510,15.1,-1.1824936669677726,-0.08839241183000884
1511,15.11,-1.053202110115151,-0.10505469988946145
1512,15.120000000000001,-1.0816882178077718,-0.07216190394940575
1513,15.13,-1.0939013290089998,-0.0848330975636866
1514,15.14,-1.089115698871507,-0.10927424806523138
1515,15.15,-1.1396442349784857,-0.11734954972571976
1516,15.16,-1.1830646191157865,-0.10001881460222493
1517,15.17,-1.0267547572796052,-0.0605651554291038
1518,15.18,-1.2589685769571144,-0.08208935077551466
1519,15.19,-1.1038660515543246,-0.104533645586209
1520,15.200000000000001,-1.0644226376370176,-0.10540420533858572
1521,15.21,-1.1665729462125567,-0.0833892302906506
1522,15.22,-1.0355834132814492,-0.08538424626926207
1523,15.23,-1.0378021816993617,-0.07973538869125597
1524,15.24,-1.0558136111203855,-0.08428663866345158
1525,15.25,-1.1494547849792842,-0.06670405536688824
1526,15.26,-1.043813988987976,-0.08712203596113552
1527,15.27,-0.9145139547236111,-0.07356175911569232
1528,15.280000000000001,-1.1597545647417917,-0.08609039220410072
1529,15.290000000000001,-1.1527340697422408,-0.09011299550567246
1530,15.3,-1.179170737817909,-0.08096874738956356
1531,15.31,-1.24187316547923,-0.061047718046517256
1532,15.32,-1.0915938280119326,-0.09089056174045984
1533,15.33,-1.173410214701645,-0.06968485313660877
1534,15.34,-1.1372032895605768,-0.07423567663117608
1535,15.35,-1.0596889814650794,-0.06271151852217033
1536,15.36,-1.0584116663724703,-0.08462916669332865
1537,15.370000000000001,-1.0653753778332404,-0.058546888942445544
1538,15.38,-1.011128948843138,-0.055392217288622994
1539,15.39,-1.1920506822228827,-0.06623849930447738
1540,15.4,-1.0711949071987223,-0.06829583361205671
1541,15.41,-1.069082895324748,-0.04525028708338729
1542,15.42,-1.109079588642415,-0.041420813231009726
1543,15.43,-1.1184808992609963,-0.07998144955519945
1544,15.44,-1.0113540380474357,-0.07468085623740181
1545,15.450000000000001,-0.9879804796075861,-0.055160101827996404
1546,15.46,-0.9573462790158302,-0.048465371862817484
1547,15.47,-1.0950668479814556,-0.04161204666609612
1548,15.48,-0.9907924452656488,-0.04703639173268403
1549,15.49,-1.1302544814377673,-0.02802839726668423
1550,15.5,-1.0642711464220398,-0.054988747063334606
1551,15.51,-1.2139081747567895,-0.039627119724626576
1552,15.52,-1.1677019382797136,-0.03278021321340059
1553,15.530000000000001,-0.9603422168220382,-0.07130953267780131
1554,15.540000000000001,-1.0634147616974856,-0.06374639208600334
1555,15.55,-1.0667337213212902,-0.045760252648993596
1556,15.56,-1.0022418435476996,-0.027825268757391008
1557,15.57,-1.0134820468929397,-0.049465236536673535
1558,15.58,-1.0821219166695961,-0.05875327026908121
1559,15.59,-1.0524300886123021,-0.06884972493595101
1560,15.6,-0.9582353149890751,-0.04689740663660576
1561,15.610000000000001,-1.131687130027582,-0.02978863547716118
1562,15.620000000000001,-1.2063123874341488,-0.04340215733739759
1563,15.63,-1.1964481099209974,-0.03794648262496506
1564,15.64,-1.0879924990578145,-0.019933660779180337
1565,15.65,-1.085241792893674,-0.038661460428186044
1566,15.66,-0.8944036278663529,-0.027237956977249782
1567,15.67,-1.327193924639419,-0.029955293852065388
1568,15.68,-1.0837033099071023,-0.012964108606375747
1569,15.69,-0.9471517699813943,-0.010576318052344928
1570,15.700000000000001,-1.2163866897499072,-0.010993979311099859
1571,15.71,-0.9817405235244787,-0.029609235787967418
1572,15.72,-1.3281465048122896,-0.016377871201315678
1573,15.73,-0.9405693128443506,-0.02209707362570236
1574,15.74,-1.131880333642684,-0.02997139046429664
1575,15.75,-1.1180074291732018,-0.004170267394241582
1576,15.76,-1.1280325065257462,-0.029853705287542495
1577,15.77,-1.0764926609620522,-0.034247864174858256
1578,15.780000000000001,-1.1764755358415366,-0.0025594819084573603
1579,15.790000000000001,-0.9654152700904415,-0.022142552570355037
1580,15.8,-0.9544269350965636,-0.021510644848130263
1581,15.81,-0.8594014677386546,-0.019601576915264905
1582,15.82,-1.1466619183141922,-0.0213164062090657
1583,15.83,-1.0093575956408598,-0.023096394722412476
1584,15.84,-1.063108991503566,0.005354150829659057
1585,15.85,-0.8786879489856498,-0.005636048967125832
1586,15.860000000000001,-0.9134183320060305,-0.02973240417031769
1587,15.870000000000001,-1.0389953026831662,0.01233444664436983
1588,15.88,-0.9699343662516775,-0.020055291387292905
1589,15.89,-1.0188457692452284,0.01043827429959445
1590,15.9,-1.0579284298678355,-0.020275857425132455
1591,15.91,-1.0283457928790736,0.011052993182990124
1592,15.92,-0.9386100805334586,-0.02355348559289378
1593,15.93,-1.007511369564432,0.00931109392890542
1594,15.94,-1.1050140476896577,-0.001779668685921329
1595,15.950000000000001,-1.0830509450880441,-0.013355848873942028
1596,15.96,-1.173518175119433,0.0063380475636445974
1597,15.97,-1.0379130876771896,-0.012748752786368134
1598,15.98,-1.1087880875888236,-0.00036141256010421645
1599,15.99,-0.9912000142408642,0.027623239402934274
1600,16.0,-1.209076790405771,0.008143555373292907
1601,16.01,-1.0118660412570335,-0.007747469565555247
1602,16.02,-0.9844993213250361,-0.006128810250560869
1603,16.03,-1.0517993183121637,0.0031338636736849643
1604,16.04,-1.1115723299888425,0.0020555163666494923
1605,16.05,-1.0721024153805911,0.011046110977479495
1606,16.06,-0.95530712998333,0.022740299860189446
1607,16.07,-0.932386401185267,0.011868866232431052
1608,16.080000000000002,-1.0603159810098859,0.02075715128879453
1609,16.09,-0.9976801509059413,0.022022573313860393
1610,16.1,-0.8774358215950742,-0.0006788429205258854
1611,16.11,-0.8421635140447851,-0.0076041996559468444
1612,16.12,-1.0061572251918616,0.02849045405998861
1613,16.13,-1.0765110609809863,0.028383329561898547
1614,16.14,-1.1247061393907225,0.021053887802104612
1615,16.15,-0.8127738164116001,0.029917335003095766
1616,16.16,-0.947451539238258,0.037198578768319765
1617,16.17,-1.0149190129026886,0.016406730639651576
1618,16.18,-1.1518801165563608,0.017699081113464903
1619,16.19,-0.8332215756468914,0.028303171019226598
1620,16.2,-0.959424668503288,0.016853339067621723
1621,16.21,-1.075491697559814,0.010063177378838592
1622,16.22,-1.059636298055887,0.02262543528033181
1623,16.23,-0.7982423205306216,0.030120113512458208
1624,16.240000000000002,-1.0602914691449046,0.03533605378025119
1625,16.25,-0.9520162961730095,0.026219412846489265
1626,16.26,-1.2251789970873301,0.03408089787776547
1627,16.27,-1.0972592458728023,0.0432183935759839
1628,16.28,-0.9638132380465521,0.026825085511415107
1629,16.29,-0.9094823596807318,-0.003401438173494989
1630,16.3,-1.001397426199187,0.029733928554231643
1631,16.31,-1.0033599601415502,0.014250033138041261
1632,16.32,-0.851049308407581,0.02618321496687509
1633,16.330000000000002,-0.9854660663869717,0.030579806752813368
1634,16.34,-1.011230719029927,0.03781649446658032
1635,16.35,-0.9508257405311138,0.04669571089383935
1636,16.36,-0.8523090248292706,0.05248329820973965
1637,16.37,-0.8974354857230743,0.033823251801889144
1638,16.38,-0.8896004948959839,0.03133577471960087
1639,16.39,-0.9498666729876885,0.06178273381817813
1640,16.4,-0.9143836386190806,0.01778294437213146
1641,16.41,-0.960168452011497,0.050230871118586484
1642,16.42,-0.8483297887198057,0.03977307830459485
1643,16.43,-1.002667202068354,0.04199218328404692
1644,16.44,-0.972230989843751,0.06556076021159636
1645,16.45,-0.9717806019330931,0.06540872951789284
1646,16.46,-0.8010236470537103,0.04577309477443495
1647,16.47,-0.9914829805847838,0.06345835812654439
1648,16.48,-0.9968341819360763,0.05261365703783215
1649,16.490000000000002,-0.9488677589721753,0.06082380580268845
1650,16.5,-0.7365471431692432,0.06763256270501387
1651,16.51,-1.1582184369948128,0.05743392246504546
1652,16.52,-0.980827212663939,0.05854292677254114
1653,16.53,-1.0135142065691811,0.03973948035636846
1654,16.54,-0.715374705069459,0.061615693470583446
1655,16.55,-0.8913988249385055,0.04549962577238572
1656,16.56,-1.110931233059562,0.041588757611623145
1657,16.57,-0.8206250312205198,0.04509256968120452
1658,16.580000000000002,-0.8613035967387779,0.05528593419772993
1659,16.59,-1.0377098931013375,0.0388333954411877
1660,16.6,-0.913985446204206,0.0619475606646182
1661,16.61,-1.0817013122048036,0.07311972841545801
1662,16.62,-0.9434838673155476,0.06766914895945461
1663,16.63,-0.9358704025553782,0.06685561428840331
1664,16.64,-0.9390147001901589,0.07579411378245526
1665,16.65,-0.9875836882685165,0.07595367240411036
1666,16.66,-0.9496880818870123,0.06319128891729311
1667,16.67,-0.9765549438203248,0.062288105227186315
1668,16.68,-0.7921829023226716,0.055148757696803406
1669,16.69,-0.9626321433245183,0.06767257828481983
1670,16.7,-0.7451931457749399,0.05802381047751964
1671,16.71,-0.839760752365225,0.06904941641819005
1672,16.72,-0.9345696844647831,0.07484744788858223
1673,16.73,-0.9284279823015308,0.07243832550402918
1674,16.740000000000002,-0.7995915943216626,0.04924306816230442
1675,16.75,-0.849313017991439,0.07259486481577762
1676,16.76,-0.9405187058995413,0.06341128961438817
1677,16.77,-0.9052134312389558,0.0669791506818564
1678,16.78,-1.0037061688580249,0.08772201086627027
1679,16.79,-0.988301804603944,0.09045627068045026
1680,16.8,-0.6897353276347494,0.09035603516614188
1681,16.81,-0.8969912049082076,0.06858637322867639
1682,16.82,-1.002442620116846,0.0890237333020584
1683,16.830000000000002,-0.850146641642727,0.095582526489285
1684,16.84,-0.7179317866137613,0.1176734154081654
1685,16.85,-0.7423113569135922,0.08595950927077949
1686,16.86,-0.9342736856890749,0.07877003867657484
1687,16.87,-0.9371139939762444,0.066921622127895
1688,16.88,-0.781384804354152,0.07779955219154264
1689,16.89,-0.7896747309499974,0.10032156071196212
1690,16.9,-0.7609394088372323,0.0911500796179375
1691,16.91,-0.8458746773327639,0.11113011778087387
1692,16.92,-0.8428837071285655,0.09018853378645099
1693,16.93,-0.8919757764236705,0.114288624898488
1694,16.94,-0.80851959157024,0.0840478460040892
1695,16.95,-0.8255800993686271,0.0738110946204542
1696,16.96,-0.822579598081399,0.08415745458683051
1697,16.97,-0.8543110461589263,0.08992799882971472
1698,16.98,-0.7534409633843245,0.10324374438069332
1699,16.990000000000002,-1.0189303127514933,0.10581656536283034
1700,17.0,-0.7605022011317197,0.08854830579584469
1701,17.01,-0.7943117289876871,0.1007954974431644
1702,17.02,-0.936267174969589,0.0918855516214138
1703,17.03,-0.9143788165499435,0.08788303546841797
1704,17.04,-0.7420893403915171,0.11247855897549208
1705,17.05,-0.8925482796803212,0.1013546777761008
1706,17.06,-0.8360803829188493,0.11400700452691406
1707,17.07,-0.7695179798329851,0.10509751243103034
1708,17.080000000000002,-0.705827248292786,0.10401354939301923
1709,17.09,-0.8814451719565843,0.08635188634071084
1710,17.1,-0.8447127801771409,0.10566895108863011
1711,17.11,-0.8258443463965919,0.1049771375839638
1712,17.12,-0.7636795315569251,0.12716072883952162
1713,17.13,-0.640519654053455,0.10754018839649751
1714,17.14,-0.8044198938790171,0.11409347207282078
1715,17.150000000000002,-0.7996828240786172,0.10766150981754118
1716,17.16,-0.7507669989074055,0.10067896380530768
1717,17.17,-0.8128926394689875,0.10987495328097625
1718,17.18,-0.7762389243503696,0.12118000438072346
1719,17.19,-0.9387732783398018,0.1028020796525994
1720,17.2,-0.8130324082323053,0.1122695176456671
1721,17.21,-0.8127208227859893,0.09666221266917985
1722,17.22,-0.7670663532040328,0.10868027056462597
1723,17.23,-0.7211709541865519,0.12447151844633578
1724,17.240000000000002,-0.9986955057878029,0.10663932846504588
1725,17.25,-0.8177091402114247,0.11622472696467896
1726,17.26,-0.8028811487280705,0.12872266617401112
1727,17.27,-0.9659782898975032,0.11527260227089428
1728,17.28,-0.8527172475759487,0.09399975737759782
1729,17.29,-0.7609612887880391,0.13098586888673047
1730,17.3,-0.8371060965017441,0.13237071547303286
1731,17.31,-0.7098602177905271,0.11804134372426944
1732,17.32,-0.7759867052386991,0.11870567325497901
1733,17.330000000000002,-0.7447394752026774,0.13408560904434033
1734,17.34,-0.8417004172732434,0.11596952111325182
1735,17.35,-0.7799614374401437,0.1277324689053654
1736,17.36,-0.7963336919953851,0.1236558841203472
1737,17.37,-0.866875963744044,0.12766165470529173
1738,17.38,-0.9580824115398034,0.11530063930630577
1739,17.39,-0.9359387639531408,0.12883331540546425
1740,17.400000000000002,-0.8210729434505472,0.11601003746292302
1741,17.41,-0.7839624121454425,0.1388762754662691
1742,17.42,-0.6099016646026594,0.13773289774478228
1743,17.43,-0.7466307629598858,0.15072924899590837
1744,17.44,-0.7453557580812631,0.14633628135008847
1745,17.45,-0.7019632797429255,0.16410003117003197
1746,17.46,-0.7128548624051184,0.14330665587384825
1747,17.47,-0.9584830037941449,0.1321186477092459
1748,17.48,-0.847203340021963,0.1491565731509504
1749,17.490000000000002,-0.7800688947372244,0.13596722347991327
1750,17.5,-0.6953748218907847,0.13068864629678228
1751,17.51,-0.9873201241822595,0.14799179498791995
1752,17.52,-0.6217791547908893,0.1559924433276763
1753,17.53,-0.6492992419286109,0.1267064503322341
1754,17.54,-0.8201742108735609,0.14823355056182766
1755,17.55,-0.8433780860100959,0.13950434245492913
1756,17.56,-0.7528815170272044,0.15420885429595657
1757,17.57,-0.6909510670933171,0.14682396399921013
1758,17.580000000000002,-0.6506556683738953,0.12965738418484082
1759,17.59,-0.7748552260309265,0.1380867241919907
1760,17.6,-0.5800797699864199,0.1431118037053129
1761,17.61,-0.6982151701671024,0.1367977445430525
1762,17.62,-0.7202406573649536,0.13341124107082036
1763,17.63,-0.6210440149020572,0.14064087302091538
1764,17.64,-0.53500740031335,0.14808089817761427
1765,17.650000000000002,-0.690824584466221,0.12574227991083978
1766,17.66,-0.7019224256070586,0.14701731083247155
1767,17.67,-0.7644356499935556,0.17222617949490074
1768,17.68,-0.5689512040090565,0.14841745974611545
1769,17.69,-0.8083230546699705,0.1563590853704081
1770,17.7,-0.576778218437186,0.12617955340004583
1771,17.71,-0.7464302605306544,0.15398618626387997
1772,17.72,-0.6931599860661606,0.1658398419503963
1773,17.73,-0.8371257384571575,0.1565663909526931
1774,17.740000000000002,-0.6888482136229502,0.13726237193813337
1775,17.75,-0.6621318382530258,0.13675043245698276
1776,17.76,-0.6855837175753026,0.13563860617680806
1777,17.77,-0.7769201268144048,0.16032959209528364
1778,17.78,-0.5901300954640414,0.16941956701457986
1779,17.79,-0.5733336759405909,0.11066215351550224
1780,17.8,-0.7558544227037456,0.1648662037327504
1781,17.81,-0.5540175879223791,0.14061582534639175
1782,17.82,-0.775934965862821,0.1716576052917051
1783,17.830000000000002,-0.692514615512055,0.1485256420888125
1784,17.84,-0.613911973712378,0.14640524215794928
1785,17.85,-0.6463149699530177,0.16396943851694026
1786,17.86,-0.6610184557248882,0.17037006775345936
1787,17.87,-0.6643717594181121,0.16091348741744999
1788,17.88,-0.6159372557137355,0.15920254625644603
1789,17.89,-0.6964151002266823,0.16990582694447146
1790,17.900000000000002,-0.8087524290069323,0.15478459312041265
1791,17.91,-0.5627884289407261,0.15662810913328834
1792,17.92,-0.6388655141295304,0.1721140733129272
1793,17.93,-0.6080191609227318,0.16505853293046457
1794,17.94,-0.4180459172252902,0.14925628043042477
1795,17.95,-0.5881581587351516,0.16649282306141042
1796,17.96,-0.4915691116528769,0.1577966295886267
1797,17.97,-0.5976866891338726,0.16287579476032873
1798,17.98,-0.6893251732153323,0.17980321377915404
1799,17.990000000000002,-0.5330494550092679,0.16543950591672418
1800,18.0,-0.8236588653023786,0.18399035625838217
1801,18.01,-0.5759228367696647,0.1673838911597547
1802,18.02,-0.6071391645553714,0.18198894840164972
1803,18.03,-0.7644573386500656,0.16273928922202005
1804,18.04,-0.5534696147982475,0.1644691397243931
1805,18.05,-0.41045812646092256,0.19279951144377921
1806,18.06,-0.6303079326674449,0.1758907201076245
1807,18.07,-0.6914764890723898,0.17445764452829213
1808,18.080000000000002,-0.4821941155118617,0.17274334166897723
1809,18.09,-0.5122127904105636,0.15616516523024113
1810,18.1,-0.3672974537293281,0.20261049439948903
1811,18.11,-0.6401490306780139,0.1788765403212102
1812,18.12,-0.6794271464747915,0.17760472874839486
1813,18.13,-0.38841871588063265,0.16372877351388915
1814,18.14,-0.4823869214947286,0.17665892782910148
1815,18.150000000000002,-0.37659187434666386,0.1834849256010568
1816,18.16,-0.45472012982662635,0.18573420647201727
1817,18.17,-0.4980710778134475,0.17608354933235404
1818,18.18,-0.5941529398230516,0.17323907814692327
1819,18.19,-0.45144668618804806,0.1804819004929295
1820,18.2,-0.498100285109182,0.1810777437128622
1821,18.21,-0.39225650280360835,0.16416854409226653
1822,18.22,-0.503926464300411,0.20810644971252895
1823,18.23,-0.3289950516691488,0.20021599973052728
1824,18.240000000000002,-0.2950612470782385,0.18702198938946646
1825,18.25,-0.5675243942592653,0.17142782164620493
1826,18.26,-0.4541748220700526,0.18825488652613165
1827,18.27,-0.6209138069325869,0.16547554587660068
1828,18.28,-0.3975664457670351,0.18839326595887035
1829,18.29,-0.6527456956658264,0.17988020983736092
1830,18.3,-0.30886518135469376,0.19525196358411465
1831,18.31,-0.4555311294477403,0.18083887602286502
1832,18.32,-0.3574879624053434,0.20059102051732486
1833,18.330000000000002,-0.3561662575370517,0.1938442500840044
1834,18.34,-0.385787825486618,0.18748825345453587
1835,18.35,-0.4615194545880599,0.20770607783554473
1836,18.36,-0.47516501889687995,0.1998570709896756
1837,18.37,-0.3299497759403756,0.18349455494104555
1838,18.38,-0.4369286661102173,0.20909573458851344
1839,18.39,-0.44408583438631205,0.2011827617874232
1840,18.400000000000002,-0.42722508385324703,0.16960971857302368
1841,18.41,-0.27629481404933287,0.17888114163346272
1842,18.42,-0.3293831470506842,0.19113145395648568
1843,18.43,-0.3351370846083236,0.17408941865023006
1844,18.44,-0.2654278177094303,0.20686899305195422
1845,18.45,-0.2812945046847905,0.20499566170999584
1846,18.46,-0.40199435793057353,0.18643837630436996
1847,18.47,-0.21328420163226613,0.19119779049759655
1848,18.48,-0.15975283591415862,0.1881918888353103
1849,18.490000000000002,-0.22455162911686882,0.20923341322089858
1850,18.5,-0.27251845520848667,0.18518237388064068
1851,18.51,-0.11271547195322834,0.20238815947844643
1852,18.52,-0.1854406112878256,0.2015625843593688
1853,18.53,-0.19947718149722926,0.19201068416140818
1854,18.54,-0.24404898410574064,0.19390062746166106
1855,18.55,-0.12298956793692695,0.1660304289104826
1856,18.56,-0.23325061065712746,0.17456892178033379
1857,18.57,-0.027443199376983002,0.1735326190294613
1858,18.580000000000002,-0.1487305751131402,0.19878636842886968
1859,18.59,-0.1620011104457238,0.19599178535732736
1860,18.6,-0.23183415604594554,0.2064699814593213
1861,18.61,-0.08155327573892866,0.20186711375267555
1862,18.62,-0.11647638875477341,0.19591082292123677
1863,18.63,-0.08409534742925702,0.191645739975917
1864,18.64,-0.04926859037866535,0.2095250965191913
1865,18.650000000000002,-0.012293015783779384,0.19989076797052882
1866,18.66,-0.14903043690165688,0.19694457915806102
1867,18.67,-0.050682500813314255,0.20266731039652958
1868,18.68,0.15272989187094246,0.17488862403169897
1869,18.69,0.09518048369338884,0.19530344001892458
1870,18.7,0.12119806277050527,0.1902778064730074
1871,18.71,0.09832291668786113,0.20799000823946198
1872,18.72,0.11235190361635791,0.1929373333338751
1873,18.73,0.20544507303480208,0.19769768494671444
1874,18.740000000000002,0.2707689889080506,0.18494772492273548
1875,18.75,0.13364593770430205,0.2082070616225099
1876,18.76,0.26317598498229133,0.18650254103806
1877,18.77,0.1429198943835815,0.21065264558684463
1878,18.78,0.368813943477853,0.1661275372694605
1879,18.79,0.286139474341638,0.2019853427618323
1880,18.8,0.2818440827514995,0.17235338813662165
1881,18.81,0.32803719396451675,0.20099785798849162
1882,18.82,0.3667691446912095,0.15722739954384865
1883,18.830000000000002,0.557713017362768,0.19509621964027563
1884,18.84,0.413408106228639,0.1889212348583696
1885,18.85,0.4128821214904163,0.18454123793499738
1886,18.86,0.574278658774859,0.19473148857685504
1887,18.87,0.6753216714891471,0.1913933721014366
1888,18.88,0.5845510914342165,0.195188122530451
1889,18.89,0.6100028551395671,0.1976636979766166
1890,18.900000000000002,0.7887955277923546,0.18994532121147417
1891,18.91,0.5902778772616778,0.17651174402709915
1892,18.92,0.7818953680664898,0.15493088865957824
1893,18.93,0.8915337833699611,0.18857070609757526
1894,18.94,0.7173549422150739,0.18646527282051842
1895,18.95,0.8040740678756219,0.19510569771872524
1896,18.96,0.7706199113983409,0.1786026234312781
1897,18.97,0.8532918897200206,0.18289919166184934
1898,18.98,0.9579641240683152,0.19068906958502788
1899,18.990000000000002,0.9547683438131428,0.2012979823263563
1900,19.0,0.8470096753088242,0.19118413383579327
1901,19.01,1.051983873830882,0.1830847685733749
1902,19.02,0.9478952448725686,0.1764907156079717
1903,19.03,1.0095796289583607,0.18033954467305816
1904,19.04,1.0557814664952778,0.17659590043331846
1905,19.05,1.1198014885461978,0.17147879199241306
1906,19.06,1.0795564363491994,0.16972439136638212
1907,19.07,1.0167185986112057,0.17780695833297153
1908,19.080000000000002,1.2116957276932891,0.17337146138814288
1909,19.09,1.0811070167713803,0.17733431964066995
1910,19.1,1.0599905622487251,0.16643984095548567
1911,19.11,1.155207421674003,0.1810477428577863
1912,19.12,1.1331673623024943,0.1638841913624137
1913,19.13,1.1220668083193583,0.16675727286621178
1914,19.14,1.1416956724269434,0.1917103080398005
1915,19.150000000000002,1.0869050359543482,0.1784241438876459
1916,19.16,1.261207453203472,0.16745999048734442
1917,19.17,1.2100551642672597,0.16630517836733788
1918,19.18,1.0389793364293138,0.1512350428123918
1919,19.19,1.126963756313578,0.16021972192264253
1920,19.2,1.3040111521600797,0.1724146900570837
1921,19.21,1.1272294461822268,0.15344511277325337
1922,19.22,1.137441092586848,0.1565360925981465
1923,19.23,1.1719835562218726,0.14752136686430325
1924,19.240000000000002,1.1602480371548554,0.12966921525766556
1925,19.25,0.9901425162008515,0.15037396136943104
1926,19.26,1.2276395829299165,0.16613680811786574
1927,19.27,1.216135462311809,0.14109381680505462
1928,19.28,1.1473051288200238,0.13435975239645437
1929,19.29,1.1894343947778665,0.1590658300238486
1930,19.3,1.1882122036119909,0.14540987363654437
1931,19.31,1.1673006428549977,0.15643549101467247
1932,19.32,1.1949001309253557,0.14755652174265704
1933,19.330000000000002,1.2483755764668727,0.1329443504322379
1934,19.34,1.106662887225715,0.1352978788722622
1935,19.35,1.37363698931929,0.11903035907719547
1936,19.36,1.157778961642606,0.15923611024744846
1937,19.37,1.1058984366685272,0.12531576190292615
1938,19.38,1.2240689338198016,0.1129285945484399
1939,19.39,1.1206280310244991,0.13570297765651318
1940,19.400000000000002,0.9188751469846665,0.10107038384498165
1941,19.41,1.1088697692944782,0.13181675749998706
1942,19.42,1.2995382865693084,0.10726168249940889
1943,19.43,1.1780342533003099,0.10658270767832834
1944,19.44,1.104893122805571,0.1455461511598091
1945,19.45,1.1878023732336915,0.13475098886219458
1946,19.46,1.0686190281751604,0.12706678152453357
1947,19.47,1.081553382969087,0.12802520721983562
1948,19.48,1.2294776884046157,0.155788720332924
1949,19.490000000000002,1.1189634495159073,0.1186874980550771
1950,19.5,1.203949611718343,0.13899064782019918
1951,19.51,0.9217646817153684,0.1141068426284995
1952,19.52,1.0887435054095658,0.1114587173927951
1953,19.53,1.0986040912096777,0.11167403199894162
1954,19.54,1.1799006901465159,0.10184333841932534
1955,19.55,1.0939450450403139,0.12308112439961091
1956,19.56,1.1378052934127947,0.10944939612013237
1957,19.57,0.978009452286464,0.12687128169674144
1958,19.580000000000002,1.2269090772956326,0.11628987858971698
1959,19.59,1.081112653868121,0.12438934300112395
1960,19.6,0.9621840578908426,0.10927723473197806
1961,19.61,0.9954520852681107,0.09662807620272729
1962,19.62,1.2767687564284682,0.10981484759517587
1963,19.63,1.1162089256080772,0.08758552412587788
1964,19.64,1.1257012125387664,0.11230964190580223
1965,19.650000000000002,1.2480655313192452,0.10398879809922834
1966,19.66,1.1897429117525973,0.12839544217532553
1967,19.67,1.2435507682835127,0.11798512611381627
1968,19.68,0.9940521175667812,0.11245920314099934
1969,19.69,1.1754459896590004,0.12418584737638937
1970,19.7,0.9352880912421134,0.0930900532439589
1971,19.71,1.0459934440660557,0.09882994188965329
1972,19.72,1.204806384514611,0.11496564917432747
1973,19.73,1.1696246890356596,0.10222062498412707
1974,19.740000000000002,1.1296157864327743,0.09962759548487395
1975,19.75,1.267356119379805,0.10747628404683418
1976,19.76,1.1187516578489594,0.08156702136013334
1977,19.77,1.2134582483246186,0.08805477174027303
1978,19.78,1.1632328804562322,0.09470407722811532
1979,19.79,1.1782940290754547,0.07273933123694243
1980,19.8,1.0459980006599052,0.08324219661499682
1981,19.81,1.0090351425501616,0.07925090363457246
1982,19.82,1.160803643556343,0.10169050576374758
1983,19.830000000000002,1.1823593857811345,0.09859703371680084
1984,19.84,1.312558485956738,0.08273160090526661
1985,19.85,1.1512191326586632,0.10150903742972203
1986,19.86,1.0713095229169052,0.0694387014828643
1987,19.87,1.1089377521013564,0.09995978293476138
1988,19.88,1.1102332434295985,0.07554596785084748
1989,19.89,0.9731392135026435,0.08758566321418856
1990,19.900000000000002,0.8697598944501238,0.07554837475166976
1991,19.91,1.1089719411793422,0.08146846849851269
1992,19.92,1.2059638189032862,0.05678464844996707
1993,19.93,1.218245086133181,0.06049016746170073
1994,19.94,1.2084968163427345,0.055365143484678664
1995,19.95,1.0815804729931071,0.08500487162560545
1996,19.96,1.2104790337320057,0.06184033384351436
1997,19.97,1.28384985206087,0.03730170709666932
1998,19.98,1.166678170023101,0.06050586257610797
1999,19.990000000000002,1.0054448535510927,0.0762840271655009
2000,20.0,0.9893196977675927,0.0459394947944357
2001,20.01,1.1510135318010273,0.0860330828384324
2002,20.02,1.1811037987821247,0.08762986610354292
2003,20.03,1.025305632968048,0.06089363749804338
2004,20.04,0.988010026597198,0.05725506462946528
2005,20.05,1.1786143405107594,0.04585017177811776
2006,20.06,1.1636990109395042,0.05043481731679936
2007,20.07,0.9472872929886721,0.06328843633920826
2008,20.080000000000002,0.9928689761224971,0.06200256653413439
2009,20.09,0.9984370789831944,0.03380961257150258
2010,20.1,1.0377766524387426,0.06144163849078943
2011,20.11,0.9213398015306997,0.04268374973694682
2012,20.12,0.9650453660857209,0.05704751259803432
2013,20.13,1.0484889846981933,0.06833586677757698
2014,20.14,1.1519443201737944,0.05288670751716973
2015,20.150000000000002,1.0202212743083636,0.06240833188871999
2016,20.16,1.2084073187881044,0.03486532829922574
2017,20.17,1.0435044608351725,0.03870546000863524
2018,20.18,1.1337739302349608,0.04480027006995538
2019,20.19,0.9745395671225394,0.026756911975671028
2020,20.2,1.137914098312608,0.065307542027669
2021,20.21,0.9346622844185556,0.033336151927230946
2022,20.22,0.9574244619099731,0.03536573511156529
2023,20.23,1.0938065693943009,0.02867105133793744
2024,20.240000000000002,1.0647086171697246,0.054995302157672066
2025,20.25,1.0115354682632332,0.009194866837265083
2026,20.26,1.1062924390437134,0.036956575749969134
2027,20.27,1.0830530679308168,0.03808311165129295
2028,20.28,1.2495523541575058,0.025361905299332632
2029,20.29,1.074112686554292,0.0471337777771877
2030,20.3,1.1851111847277194,0.038526459023058575
2031,20.31,1.0532635175264455,0.04531926313184588
2032,20.32,1.2143376785792996,0.03838436386669028
2033,20.330000000000002,1.0969020955884083,0.04316712725798594
2034,20.34,1.139904585087096,0.026250612207145405
2035,20.35,1.0576100329418967,0.027950513948986528
2036,20.36,1.1013747941729601,0.029150226235406078
2037,20.37,1.1901191752781708,0.031199301110256344
2038,20.38,0.9733358642251646,0.012311520070935486
2039,20.39,1.0685953666360029,0.018567278996230157
2040,20.400000000000002,1.0354391947972712,0.003217021122605239
2041,20.41,1.0960047163508468,0.02625935420106453
2042,20.42,1.0815507229108934,0.006530151612376666
2043,20.43,1.0654113553745812,0.02296562669103413
2044,20.44,0.8134179295756458,-0.00466081931784585
2045,20.45,0.8828367899265442,0.03411031914715426
2046,20.46,1.0789975774457863,0.03756705695105032
2047,20.47,1.1409569364356733,0.02740057500433293
2048,20.48,1.119258446452688,0.004031476252080151
2049,20.490000000000002,1.045753970541572,0.006915348928321003
2050,20.5,1.1179517641447292,0.03685920777071405
2051,20.51,0.9686875327769912,-0.000924892911107901
2052,20.52,1.0961448073621884,0.013175033556072033
2053,20.53,0.9336078723201074,0.030329427156291163
2054,20.54,1.0871510114875036,0.0075379967236621544
2055,20.55,1.0926251675791143,-0.0012689066091017267
2056,20.56,0.9882464952915141,0.028196278229958783
2057,20.57,0.9330634614433003,0.008112078152332192
2058,20.580000000000002,0.8263713609787408,0.0013657974437220805
2059,20.59,1.1917302746454377,0.011156555583739146
2060,20.6,1.045315947251736,0.015488840984528178
2061,20.61,1.0967140276943583,-0.002707926241066725
2062,20.62,0.8622626056683657,-0.012391599959983212
2063,20.63,1.0166745476960641,0.01121414901374038
2064,20.64,1.116555645825541,2.003903101771608e-05
2065,20.650000000000002,0.8318651437303505,0.004252926654519586
2066,20.66,0.9304893352226276,-0.020944287620395272
2067,20.67,1.047822825216819,0.007857108619279147
2068,20.68,1.0962306768691836,-0.006014196049859906
2069,20.69,0.969554720559343,-0.020740692641425206
2070,20.7,1.0271398398403147,-0.02197461530814
2071,20.71,0.9184938605935234,0.002728557043169365
2072,20.72,1.0426374041791606,-0.00979196167087298
2073,20.73,0.934200072163156,-0.03095720876199365
2074,20.740000000000002,1.0997992461944524,-0.028434409816507536
2075,20.75,0.9430134273280537,-0.018281885489969063
2076,20.76,1.0702619547577108,-0.02568092388484412
2077,20.77,1.058672668821961,0.0021140199831240804
2078,20.78,0.9525414573495422,-0.020397541853321023
2079,20.79,1.0942870041536017,-0.033994956924385186
2080,20.8,1.2212342343761518,-0.027632395467018876
2081,20.81,1.022231183046374,-0.016141795288162907
2082,20.82,0.9680413898648125,-0.01095522955422744
2083,20.830000000000002,1.0540726986062454,-0.035343331846249
2084,20.84,0.8564566438912065,-0.03237177209309798
2085,20.85,1.071006446418816,-0.03843098831820256
2086,20.86,0.9144095534749168,-0.018050845432666267
2087,20.87,1.0286142779635605,-0.03202632000228817
2088,20.88,0.985744805962936,-0.039638160746308
2089,20.89,1.0073284821040633,-0.03768506481676702
2090,20.900000000000002,0.9669185916851625,-0.02745325827993387
2091,20.91,0.9504592533532671,-0.0382487394109329
2092,20.92,0.8756470984432098,-0.029345127357870645
2093,20.93,1.0710450113871384,-0.022384456596041186
2094,20.94,1.1222406539303373,-0.038716671717958166
2095,20.95,1.0361690811531281,-0.031265150447279455
2096,20.96,0.807454001108969,-0.0201805336939221
2097,20.97,0.9853364080707191,-0.01730137963646011
2098,20.98,1.1230972531643562,-0.040187926757323425
2099,20.990000000000002,0.9386816592308775,-0.04340923416442494
2100,21.0,1.0686124971139859,-0.031235773452244844
2101,21.01,0.9327778803741087,-0.034368059541256886
2102,21.02,0.8877240520230044,-0.05279474471393658
2103,21.03,0.8785814735580735,-0.03758512710230147
2104,21.04,1.0734775034116653,-0.020980279343388586
2105,21.05,1.0170384036122169,-0.05104412616944502
2106,21.06,0.8416879220430318,-0.055777580654324255
2107,21.07,0.9943872663086466,-0.04799237731955859
2108,21.080000000000002,1.1128903215651935,-0.04635433702142443
2109,21.09,0.8751432001406059,-0.041134651232719574
2110,21.1,0.8642403817606774,-0.04184403561618116
2111,21.11,0.957249437348063,-0.05829061883125217
2112,21.12,0.9693298576072199,-0.05721303918316379
2113,21.13,1.1252599024807828,-0.05184490889354135
2114,21.14,0.9851373825516737,-0.055412396265105274
2115,21.150000000000002,0.9218254657597363,-0.03311340723650018
2116,21.16,1.010287620480125,-0.03252394256413347
2117,21.17,0.9759202135870229,-0.071154513874873
2118,21.18,0.9226367836711281,-0.05456563544685281
2119,21.19,0.9594151636677515,-0.03840179775717368
2120,21.2,0.9231634042035188,-0.05240284887704118
2121,21.21,0.8444683066878889,-0.05502990717606139
2122,21.22,0.9575834738539739,-0.06967534668134945
2123,21.23,0.9255038704386226,-0.04160075160049513
2124,21.240000000000002,0.9635302552790497,-0.06267067434247967
2125,21.25,1.005657836674315,-0.037569517950612655
2126,21.26,1.115451571284941,-0.055412631529289866
2127,21.27,0.9072349880033189,-0.07021629858225485
2128,21.28,0.9618616269958008,-0.07532941008068873
2129,21.29,0.998803951464697,-0.07728864685922325
2130,21.3,0.920628784767579,-0.0682839272085552
2131,21.31,0.8848988260468456,-0.06402233994280207
2132,21.32,0.9826556201592448,-0.054213117230764246
2133,21.330000000000002,0.8570511807469084,-0.060688422134267554
2134,21.34,0.9302615838843555,-0.06076303822554787
2135,21.35,0.9608123595899514,-0.053947770802754265
2136,21.36,0.7824046144101001,-0.07078666887166125
2137,21.37,0.7737890421696472,-0.06122537365178354
2138,21.38,0.8446076189593605,-0.08449594071547986
2139,21.39,0.8601766554082619,-0.0791012223196014
2140,21.400000000000002,0.7813884306309871,-0.06703453622015887
2141,21.41,0.8403854636951257,-0.0823817114974268
2142,21.42,0.8926036519952024,-0.07931189539182187
2143,21.43,0.8118092321233701,-0.07058893059210085
2144,21.44,1.0091829544519586,-0.07199211461899593
2145,21.45,0.9153802635834765,-0.10090469394037
2146,21.46,0.7605344430864719,-0.09394234875494686
2147,21.47,0.9356614523434706,-0.08565969603648485
2148,21.48,0.7378452159427964,-0.08137781549378197
2149,21.490000000000002,1.0156056487692033,-0.0807557244829492
2150,21.5,0.9627995202938506,-0.0865583275942259
2151,21.51,0.6666735191825566,-0.09333154249213636
2152,21.52,0.7683752747698421,-0.09254627836857265
2153,21.53,0.8311157960943724,-0.08857028354681164
2154,21.54,0.8786506104987469,-0.07045589459696658
2155,21.55,0.824749002700516,-0.09789530637842349
2156,21.56,0.8667244454512346,-0.09672835891457277
2157,21.57,0.8936851224941899,-0.08476096504391374
2158,21.580000000000002,0.76722185809931,-0.09565817029554102
2159,21.59,1.0146656299853443,-0.09550799352993586
2160,21.6,0.8226337845522171,-0.10253412262444142
2161,21.61,0.9581757650166493,-0.11393790926052504
2162,21.62,0.7700270080345829,-0.06057819628235249
2163,21.63,0.8426019974821649,-0.08917534097736204
2164,21.64,0.8955144321350608,-0.0807642314158092
2165,21.650000000000002,0.8454970422468218,-0.09346696527982727
2166,21.66,0.9331821662626656,-0.11842288516894925
2167,21.67,0.8427957770328648,-0.12387083521822453
2168,21.68,0.8640513338777678,-0.08815726440111882
2169,21.69,0.9170461620180876,-0.11695991809630062
2170,21.7,0.8651395187162454,-0.10857828625954553
2171,21.71,0.8435349670424513,-0.08726797769438101
2172,21.72,0.7652331979495064,-0.09944994508190998
2173,21.73,0.9276721437203805,-0.10497266506571572
2174,21.740000000000002,0.9041778111858674,-0.11536931105082421
2175,21.75,0.8841251315275828,-0.08791871340728943
2176,21.76,0.7689306050206557,-0.11355015812452321
2177,21.77,0.7092832113142017,-0.11260180843771668
2178,21.78,0.8845910934842027,-0.11483365066751344
2179,21.79,0.7811856367815704,-0.07720147609307335
2180,21.8,0.9533879450917297,-0.11719690500696482
2181,21.81,0.650454138014208,-0.09970515694893281
2182,21.82,0.7082095765834554,-0.1096668038297207
2183,21.830000000000002,0.5250685446978193,-0.08600092483653378
2184,21.84,0.8412523430247075,-0.12067995502116366
2185,21.85,0.9209794696219277,-0.07974976416155447
2186,21.86,0.8039668729520963,-0.10642670311106811
2187,21.87,0.9224863280574626,-0.11268124196614247
2188,21.88,0.983307640990156,-0.09924325114904252
2189,21.89,0.8128425156650655,-0.11903806251764869
2190,21.900000000000002,0.7152111674719525,-0.11709487093756335
2191,21.91,0.8744946604734883,-0.09349703898625444
2192,21.92,0.95687857152374,-0.08365577668760368
2193,21.93,0.7670117634471535,-0.12100784762806599
2194,21.94,0.7070014838731622,-0.12911629127457075
2195,21.95,0.7732695464718188,-0.10224535470299638
2196,21.96,0.8227504537213788,-0.12027907785856112
2197,21.97,0.9175659847316908,-0.13466080165782474
2198,21.98,0.6929291012979729,-0.12205563729291723
2199,21.990000000000002,0.961134547468286,-0.12836667930545723
2200,22.0,0.7113111691257222,-0.12417667136279192
2201,22.01,0.7050080700037524,-0.12010843818079335
2202,22.02,0.7268960818021482,-0.13951690010733026
2203,22.03,0.7457109220376602,-0.12825463862389894
2204,22.04,0.7549183305092436,-0.13690386713400904
2205,22.05,0.746635924198328,-0.13373948753415302
2206,22.06,0.8673457453724698,-0.12612370977936727
2207,22.07,0.8562023574191452,-0.13789206829593856
2208,22.080000000000002,0.7166691624636045,-0.1480436974045311
2209,22.09,0.7324817254382551,-0.1086875483342514
2210,22.1,0.7739958944372985,-0.14658035258357882
2211,22.11,0.7724853911863812,-0.1299586356747504
2212,22.12,0.8446192560858152,-0.16022263490534044
2213,22.13,0.7159815322422189,-0.13865476829461373
2214,22.14,0.7771279353306031,-0.12884507115499358
2215,22.150000000000002,0.8140735804086024,-0.13803558074970934
2216,22.16,0.6777529187030992,-0.11220583241787782
2217,22.17,0.7675136247106241,-0.13441439024851137
2218,22.18,0.7622258707208893,-0.12468666925447025
2219,22.19,0.7511061221419273,-0.12804830826865574
2220,22.2,0.7059808554817248,-0.14783242266367552
2221,22.21,0.8433006437739848,-0.13553865862235925
2222,22.22,0.8253324226156952,-0.13735389114111834
2223,22.23,0.8037151746218248,-0.13184811511512903
2224,22.240000000000002,0.7024703356310714,-0.12945990542775399
2225,22.25,0.7424054160303449,-0.13116025473472917
2226,22.26,0.6589076682343856,-0.1590647045523539
2227,22.27,0.6596178098988428,-0.1503512995765245
2228,22.28,0.7084666026779113,-0.1470958768193659
2229,22.29,0.6693047522713688,-0.14782862001913077
2230,22.3,0.8729304231639118,-0.16605667395242502
2231,22.31,0.7689339036203429,-0.11815443026635336
2232,22.32,0.7510834117881294,-0.16522909031065272
2233,22.330000000000002,0.794014248934158,-0.1447452762321717
2234,22.34,0.7520542569556559,-0.149531988096184
2235,22.35,0.7474686867692864,-0.13800993703622688
2236,22.36,0.7917011856534971,-0.15447574608300135
2237,22.37,0.5797753493183576,-0.14895880437223633
2238,22.38,0.6763520332639966,-0.15166873757295796
2239,22.39,0.7207008520379234,-0.1438543889565539
2240,22.400000000000002,0.5833710300564091,-0.17076888545355018
2241,22.41,0.7661882751887982,-0.15502675426620843
2242,22.42,0.7132866288335503,-0.15430724983132954
2243,22.43,0.7522421381662233,-0.1610389655001259
2244,22.44,0.6417752197464386,-0.1572750741021196
2245,22.45,0.8023978977712601,-0.16845676585126876
2246,22.46,0.5340538557590903,-0.16920660093035528
2247,22.47,0.6699777864853543,-0.15602425890209293
2248,22.48,0.5909588809993557,-0.17968728622892705
2249,22.490000000000002,0.7374807447849635,-0.1651326954122942
2250,22.5,0.6951297942013412,-0.16653098690130647
2251,22.51,0.6521864058121307,-0.15583487172022936
2252,22.52,0.6503866790167588,-0.17869042598031554
2253,22.53,0.5481715217443004,-0.14876994235429689
2254,22.54,0.5693966251941144,-0.1629517580378667
2255,22.55,0.6030887375477013,-0.16714557343995656
2256,22.56,0.6645979862235957,-0.16799204097664383
2257,22.57,0.6509015600428202,-0.1539712223589373
2258,22.580000000000002,0.6386092726371184,-0.1705756818793353
2259,22.59,0.6249179314510543,-0.1536830891848639
2260,22.6,0.5919214075483761,-0.1719777188341778
2261,22.61,0.5152164464532067,-0.18188217741525542
2262,22.62,0.6108784109493214,-0.18587128830814087
2263,22.63,0.5564243630985882,-0.17433980615007247
2264,22.64,0.7321556620982206,-0.148570759318721
2265,22.650000000000002,0.6933346968720138,-0.1562939738159095
2266,22.66,0.46863923748601416,-0.1536223737538286
2267,22.67,0.6813499685415922,-0.17370814714369098
2268,22.68,0.7502386406930345,-0.15748607139424564
2269,22.69,0.5837139866193631,-0.16746443528455715
2270,22.7,0.6264087458851201,-0.17668969329906123
2271,22.71,0.5085142755160746,-0.1760560466660356
2272,22.72,0.6310360009169127,-0.17370101308492025
2273,22.73,0.7204854134794745,-0.15994554529309715
2274,22.740000000000002,0.5496104196517136,-0.16511466397777588
2275,22.75,0.7962509269468331,-0.19564300997511364
2276,22.76,0.4453804396250092,-0.17309703050980213
2277,22.77,0.4616279671481473,-0.1874851925459889
2278,22.78,0.49790391871430495,-0.20426044811829658
2279,22.79,0.5274625626491978,-0.17234042363622953
2280,22.8,0.5989111750724164,-0.18672353051211368
2281,22.81,0.516796286138519,-0.2030277082249721
2282,22.82,0.5713751002855236,-0.1524504147651558
2283,22.830000000000002,0.497491910687563,-0.1787711261503699
2284,22.84,0.3988130699890775,-0.19777339252674864
2285,22.85,0.44409640679589674,-0.1758484524760176
2286,22.86,0.3117270408872006,-0.20027074954264157
2287,22.87,0.3646976591732906,-0.16480551675145508
2288,22.88,0.5078717018795167,-0.19093864477888567
2289,22.89,0.4158191106588335,-0.1817911194323575
2290,22.900000000000002,0.5463569504245441,-0.20449126167621948
2291,22.91,0.5256210884757692,-0.2003095284764376
2292,22.92,0.5094032213091788,-0.1890256600832309
2293,22.93,0.46252352015773945,-0.18131777003836574
2294,22.94,0.4492825868578416,-0.19202107812467964
2295,22.95,0.6010445156570562,-0.18785148252778078
2296,22.96,0.1875831127784763,-0.20380808522581056
2297,22.97,0.3126160379280523,-0.18159473366628542
2298,22.98,0.3565063791651639,-0.18520718204094805
2299,22.990000000000002,0.5316255672703243,-0.17925810784159643
2300,23.0,0.3790264113646046,-0.1986018470217652
2301,23.01,0.4735865912484968,-0.19693318429759366
2302,23.02,0.43798320409024016,-0.18312679198376716
2303,23.03,0.43041518890762176,-0.16087586169809
2304,23.04,0.3370416666272353,-0.20434178556959307
2305,23.05,0.4728442129717158,-0.17774317062708844
2306,23.06,0.4666787551076609,-0.19357152821307444
2307,23.07,0.40696023999373715,-0.17480730427218688
2308,23.080000000000002,0.4253521498346138,-0.19375687607869715
2309,23.09,0.2535940743148979,-0.2045380001336629
2310,23.1,0.3485176969838674,-0.19347279400110057
2311,23.11,0.3114100434908462,-0.19390321779729433
2312,23.12,0.1269854997128019,-0.193819298064122
2313,23.13,0.26557427676286416,-0.22415880260725463
2314,23.14,0.17312874501514464,-0.18908679719525942
2315,23.150000000000002,0.3365034703505194,-0.20583793726166283
2316,23.16,0.3424940944943188,-0.1927895699314497
2317,23.17,0.2108243184906462,-0.19844266163353308
2318,23.18,0.2214882186399948,-0.1775701022714014
2319,23.19,0.19241786929456603,-0.21415001869759726
2320,23.2,0.24606559243774304,-0.18180981820952163
2321,23.21,0.09097094275890395,-0.1733929586610436
2322,23.22,0.23571776724293678,-0.1882232366813779
2323,23.23,0.2412150924604327,-0.21364003098722456
2324,23.240000000000002,0.21843116640194585,-0.1829829262263292
2325,23.25,0.11828084100009907,-0.2063040619706145
2326,23.26,-0.018681922537656104,-0.18454699734768568
2327,23.27,0.004178064344827939,-0.19656360020636063
2328,23.28,-0.09963135435728349,-0.20610671000754252
2329,23.29,-0.05301744658141938,-0.19635569772315617
2330,23.3,-0.011306807352023142,-0.19777768544022398
2331,23.31,0.07466150333840076,-0.18940286455981373
2332,23.32,-0.08363404933698969,-0.1805903987433228
2333,23.330000000000002,-0.24110616778763905,-0.17212351944602908
2334,23.34,-0.11961394915493014,-0.19845081782229204
2335,23.35,0.0019129682901425915,-0.21399470509276478
2336,23.36,0.013371652905955336,-0.19736733752646535
2337,23.37,-0.2591466623278468,-0.20012008189774635
2338,23.38,-0.11319135354734919,-0.18864467227858547
2339,23.39,-0.15588202814959562,-0.19275428403083517
2340,23.400000000000002,-0.12169563359842116,-0.20014862841928785
2341,23.41,-0.16921788486353545,-0.1777385291037973
2342,23.42,-0.40757050139822837,-0.18553057145444618
2343,23.43,-0.2810867981094133,-0.2099730811528254
2344,23.44,-0.441777942961899,-0.21036203579949556
2345,23.45,-0.2463711100900864,-0.17614132120918694
2346,23.46,-0.31598551601545016,-0.1832655234583262
2347,23.47,-0.594398275115857,-0.18939976472443515
2348,23.48,-0.34054025866757887,-0.18697350055909862
2349,23.490000000000002,-0.3693057370085767,-0.16722855444535467
2350,23.5,-0.4631748502335977,-0.18304389012631206
2351,23.51,-0.4201615490382702,-0.18413932372668942
2352,23.52,-0.7987494838974731,-0.18144090084665251
2353,23.53,-0.6768034073385245,-0.17852118605389117
2354,23.54,-0.4349922975573851,-0.18121729856620272
2355,23.55,-0.5490709885203742,-0.16438063341005102
2356,23.56,-0.7195992043178744,-0.17850094793568774
2357,23.57,-0.8872367921758091,-0.1839777994678501
2358,23.580000000000002,-0.7940179782200989,-0.19073807340875362
2359,23.59,-0.8239952426144335,-0.18405094980029083
2360,23.6,-0.8167248184172496,-0.19549052298091812
2361,23.61,-0.9668232030603583,-0.18373290709375212
2362,23.62,-0.8230779825897281,-0.1904246371204423
2363,23.63,-0.9585687578569632,-0.17348602131737464
2364,23.64,-0.9193798656631087,-0.17536034338636985
2365,23.650000000000002,-0.8683204614534396,-0.1824899235936462
2366,23.66,-0.9944794260510038,-0.17411590689020084
2367,23.67,-0.9457757775868553,-0.17433425754126217
2368,23.68,-1.0835099314618621,-0.17720553505240638
2369,23.69,-0.9345031829949624,-0.19501579295623062
2370,23.7,-1.036368410245555,-0.1677639151820086
2371,23.71,-1.0448441597345983,-0.17022478717229547
2372,23.72,-0.9944597112191126,-0.1791379599713601
2373,23.73,-1.0464340349270471,-0.1643364538912033
2374,23.740000000000002,-0.9500852345647577,-0.1700900243153746
2375,23.75,-1.1378582044755325,-0.15977886555668908
2376,23.76,-1.0798370751250899,-0.17309120645779205
2377,23.77,-1.129024638166301,-0.1644115949871549
2378,23.78,-1.0169313918369873,-0.17749413026334793
2379,23.79,-1.1605391341633435,-0.17147691526169345
2380,23.8,-1.1860798172166502,-0.1749011213793382
2381,23.81,-1.102215829943681,-0.16610285201279298
2382,23.82,-1.3437332565088156,-0.1541839677316928
2383,23.830000000000002,-0.9748285725493981,-0.1601426353118282
2384,23.84,-1.1657813662969818,-0.1549081343889979
2385,23.85,-1.1972769742029148,-0.13363203731266216
2386,23.86,-1.1752667422882517,-0.15197783218030347
2387,23.87,-1.2802869745412642,-0.1345249351598421
2388,23.88,-1.1480113882277951,-0.15330541337197723
2389,23.89,-1.1622667104355147,-0.15322010594801527
2390,23.900000000000002,-1.1432602141752901,-0.1631468772236322
2391,23.91,-1.1719078016617486,-0.17057404612067914
2392,23.92,-1.1293329875175946,-0.14252253281271027
2393,23.93,-1.2651775971088224,-0.14206658876788833
2394,23.94,-1.0383389505358276,-0.15881477166976848
2395,23.95,-1.1100990095329224,-0.16815881071616084
2396,23.96,-1.274051651632069,-0.14184275216204764
2397,23.97,-1.0706943333797516,-0.10992607030452264
2398,23.98,-1.2541587646107424,-0.1387397840076193
2399,23.990000000000002,-1.2275989088117796,-0.1351852429049406
2400,24.0,-1.207851739604379,-0.16279532380794193
2401,24.01,-1.217360212437298,-0.14258995278399708
2402,24.02,-1.1835032638748961,-0.14806519438345064
2403,24.03,-1.1204796924703313,-0.15040527562795042
2404,24.04,-1.3337196282365273,-0.13221746771293158
2405,24.05,-1.1510480899771938,-0.14880249720861322
2406,24.060000000000002,-1.2365924405095596,-0.1298367557918644
2407,24.07,-1.1434234625780204,-0.12397060745447397
2408,24.080000000000002,-1.252643310635713,-0.14045206237294036
2409,24.09,-0.9305714150252581,-0.14531442567898267
2410,24.1,-1.2158977595035563,-0.14241264960901848
2411,24.11,-1.222154275747335,-0.1079474044903933
2412,24.12,-1.3244469624164057,-0.12947210269488077
2413,24.13,-1.2328253136130374,-0.11951919406194772
2414,24.14,-1.1820878962036143,-0.10648470489097082
2415,24.150000000000002,-1.2567784540137041,-0.09352401086573828
2416,24.16,-1.178498081365691,-0.11761752402872938
2417,24.17,-1.118336547965559,-0.12473426625586947
2418,24.18,-1.198825932060676,-0.10213109463556391
2419,24.19,-1.1687210933843932,-0.1261015717140334
2420,24.2,-1.0392027668047195,-0.11361159521340589
2421,24.21,-1.2628153499143897,-0.09080738206747146
2422,24.22,-1.0607141581174273,-0.09984084070603587
2423,24.23,-1.0868706286058805,-0.12065396062920825
2424,24.240000000000002,-1.093151473146904,-0.10563792749947883
2425,24.25,-1.0930013834739283,-0.1270882001207442
2426,24.26,-1.1218191264646258,-0.11791642057242872
2427,24.27,-1.199570870326458,-0.11012520949267522
2428,24.28,-1.2567051781661707,-0.09741736222687901
2429,24.29,-1.1446224379944685,-0.0929444131077313
2430,24.3,-1.2064595307587473,-0.1019511687673923
2431,24.310000000000002,-1.2171933787974085,-0.09714994761144467
2432,24.32,-1.1650014103380912,-0.11117172579490672
2433,24.330000000000002,-1.0910625863489383,-0.11086997459710386
2434,24.34,-1.2241907984322746,-0.11647186223789749
2435,24.35,-1.1839770756123147,-0.09764011908499341
2436,24.36,-0.9788561710109003,-0.09615788071634362
2437,24.37,-1.2201914588810836,-0.11542334367541791
2438,24.38,-1.2255974506127103,-0.08471197441869828
2439,24.39,-1.2265326664270417,-0.08964970217833297
2440,24.400000000000002,-1.1123238405462879,-0.08239332289778953
2441,24.41,-1.1231351559487361,-0.08206609640151867
2442,24.42,-0.9591711374151743,-0.10181074406989785
2443,24.43,-1.0791741632463439,-0.11637924315875332
2444,24.44,-1.1985471921172466,-0.09228586151057322
2445,24.45,-1.0335495871473948,-0.08185717225084972
2446,24.46,-1.2059371015351859,-0.07327012033648048
2447,24.47,-1.0288057187398016,-0.08501341002432002
2448,24.48,-1.2663745618178686,-0.07831636423266598
2449,24.490000000000002,-1.1664277292565082,-0.07238774378298085
2450,24.5,-1.1973676226957735,-0.07330395375623443
2451,24.51,-1.1153734686256922,-0.07102783846696371
2452,24.52,-1.1151702934162175,-0.09740633803390492
2453,24.53,-1.1340607307467434,-0.07249894908111214
2454,24.54,-1.1543850774082403,-0.10025160062472468
2455,24.55,-1.2163764475600827,-0.10568890727848593
2456,24.560000000000002,-1.1344136920404326,-0.05748036426374678
2457,24.57,-1.103342932046314,-0.07292149513407699
2458,24.580000000000002,-1.1496230635377351,-0.05866007669158267
2459,24.59,-1.0599458262110641,-0.07633662265547317
2460,24.6,-1.1265595342066814,-0.08567057070189307
2461,24.61,-1.222388924003125,-0.07420739101878074
2462,24.62,-1.0874660944568872,-0.05526921841200191
2463,24.63,-1.0943051169224824,-0.08117922284712101
2464,24.64,-1.0255869362392456,-0.058638993033106
2465,24.650000000000002,-1.0717134977614773,-0.07090660017834595
2466,24.66,-1.039215938804916,-0.0560554616708447
2467,24.67,-1.1518884592398286,-0.06621691328262476
2468,24.68,-1.105556233421914,-0.046778086249394626
2469,24.69,-1.0593385019801624,-0.06536336659307054
2470,24.7,-1.059948182975618,-0.05082233578244109
2471,24.71,-1.2946649142416387,-0.05695503122955832
2472,24.72,-1.1204303315743145,-0.04960208296765257
2473,24.73,-0.8931942385302093,-0.04738518702424395
2474,24.740000000000002,-1.0613771975125599,-0.06529932896232929
2475,24.75,-1.1222085729980817,-0.06081585755522448
2476,24.76,-1.0930344432077106,-0.05879666013657483
2477,24.77,-1.0879205214648993,-0.07436758525778334
2478,24.78,-1.0692916942591513,-0.059048243337977833
2479,24.79,-1.0526500180204201,-0.053785884963545715
2480,24.8,-1.2956641538911464,-0.03565658085856154
2481,24.810000000000002,-1.0186559806781212,-0.04016068115052295
2482,24.82,-1.1451821904499753,-0.03877342254829008
2483,24.830000000000002,-1.0145098525247787,-0.035853648440883804
2484,24.84,-1.134476999536436,-0.02763133933319075
2485,24.85,-1.0508450356619388,-0.03951419941319882
2486,24.86,-1.2318848068905117,-0.02696528145936696
2487,24.87,-0.8815548775864492,-0.025803833093237433
2488,24.88,-1.1080550521648298,-0.03978393904907064
2489,24.89,-1.0953039751763924,-0.023947149320467685
2490,24.900000000000002,-1.0962544041417936,-0.02627323173913362
2491,24.91,-1.1286835411411784,-0.062434814817734344
2492,24.92,-1.090732412995198,-0.02847719052179153
2493,24.93,-1.0121253917618296,-0.026840270901318256
2494,24.94,-1.0954961626411674,-0.04129033037840092
2495,24.95,-0.9216986588307351,-0.04082370325482578
2496,24.96,-1.1253537229778119,-0.034190686404128666
2497,24.97,-1.0599676999122098,-0.027424570226798457
2498,24.98,-1.0982814041438886,-0.045157064979224816
2499,24.990000000000002,-1.1094563929744745,-0.02765598765055295
2500,25.0,-0.9738478926418621,-0.01193902520209857
2501,25.01,-1.0762530497577112,-0.007223985741166752
2502,25.02,-0.9316497389830521,-0.016810894478035444
2503,25.03,-1.1152290133315301,-0.029589015756124958
2504,25.04,-1.1208526086596293,-0.01883773835430661
2505,25.05,-1.049303276062388,-0.011432765104244203
2506,25.060000000000002,-1.0426672543758724,-0.03573657172106805
2507,25.07,-1.0095554306476693,-0.013061674378052395
2508,25.080000000000002,-0.9174742722902854,-0.018995735845824768
2509,25.09,-1.1276071211748637,-0.0354012490603271
2510,25.1,-1.1127961008644516,-0.029082771539939475
2511,25.11,-0.9782070391715365,-0.020556279088899614
2512,25.12,-0.989567103365266,0.003262343875163675
2513,25.13,-0.9709244667400196,-0.008749990592188353
2514,25.14,-1.0906433679598149,-0.024124861512027522
2515,25.150000000000002,-0.9711598632221851,-0.009577918393477112
2516,25.16,-1.1362722677534907,-0.02093522039199041
2517,25.17,-1.1049823038839517,-0.009544055596514415
2518,25.18,-1.0675581301011552,-0.009058154911232692
2519,25.19,-1.01144244685809,-0.020419037025464007
2520,25.2,-1.0079783869826384,-0.008472876956356817
2521,25.21,-1.0988367111581256,-0.023945630454867528
2522,25.22,-1.1938458432120689,-0.016113139465216475
2523,25.23,-1.029827757071379,-0.02079739820317985
2524,25.240000000000002,-1.106450623819946,-0.021346764780781437
2525,25.25,-1.0776110945356498,0.000401651211742514
2526,25.26,-1.0780230255545658,0.0023855675139845397
2527,25.27,-1.0701014700694655,0.0031970070600840384
2528,25.28,-1.087830890359395,0.000803047371436896
2529,25.29,-0.977678631156065,-0.00449432306401168
2530,25.3,-0.9916866391197264,-0.004463976541646099
2531,25.310000000000002,-0.9971966384387186,0.01138887459784133
2532,25.32,-0.9542949677281811,-0.015980999610660632
2533,25.330000000000002,-0.8769675723123248,-0.002947480791335456
2534,25.34,-1.034610257400656,-0.01216102270726276
2535,25.35,-0.9930132106096997,0.00018911162095453654
2536,25.36,-1.1891961155517339,0.04127833526184051
2537,25.37,-1.0983567358014432,0.016626071463274314
2538,25.38,-0.9882368784919751,0.004952560744361942
2539,25.39,-1.1086859021329563,0.01638427733381865
2540,25.400000000000002,-0.8129537638741772,0.01570501387091374
2541,25.41,-1.0725635453208098,0.0073520651957732835
2542,25.42,-0.8803088797354993,0.0190009349383987
2543,25.43,-0.9389521678216762,0.012764131849629613
2544,25.44,-0.9451233252617455,0.01859417249913659
2545,25.45,-0.8514541291314274,0.014514682491481688
2546,25.46,-0.9208974563368431,0.019464523233216714
2547,25.47,-0.943090483318987,0.011411039759733498
2548,25.48,-0.9240770599089632,0.030933351364109588
2549,25.490000000000002,-0.988791768890979,0.022752186407948485
2550,25.5,-0.9867449510646681,0.02920358266084586
2551,25.51,-0.9114543486737268,0.02653500974555933
2552,25.52,-0.970171110571148,0.027550649459597048
2553,25.53,-0.9861396190777837,0.01433175008336492
2554,25.54,-0.966920469119302,0.04266353187211577
2555,25.55,-0.8816880282521729,0.030813273433837007
2556,25.560000000000002,-0.9023269184887585,0.021521049125310117
2557,25.57,-1.0011835350268181,0.03214736720317932
2558,25.580000000000002,-0.971160259280438,0.029612953623178298
2559,25.59,-0.9644162665963902,0.017562625772103123
2560,25.6,-1.1004373722038594,0.050044882816681055
2561,25.61,-1.0070143069298467,0.026165370063360206
2562,25.62,-0.9305022147331296,0.0456282580489208
2563,25.63,-0.8647685168800519,0.024349267996558965
2564,25.64,-1.007215260143147,0.0390026134669326
2565,25.650000000000002,-0.8971569977023739,0.027222424275843933
2566,25.66,-1.1289016236355751,0.02915915678499082
2567,25.67,-1.2202610768084576,0.04925702489693691
2568,25.68,-0.8209064840147478,0.011649398604499137
2569,25.69,-0.947249552620765,0.04351295793955327
2570,25.7,-0.8724906659269165,0.019810558353383693
2571,25.71,-0.9573427016248283,0.034747951356672094
2572,25.72,-1.0071845051610973,0.03670514040777511
2573,25.73,-0.8389652423543212,0.05369738647230735
2574,25.740000000000002,-1.0206209579842738,0.04741492776394508
2575,25.75,-0.8727984552520894,0.05289732980783676
2576,25.76,-0.9495898781544766,0.05189059594753905
2577,25.77,-0.9849462066267227,0.048995685595642734
2578,25.78,-0.9019082129794511,0.027602092054620345
2579,25.79,-1.1501887373831952,0.061894600156972436
2580,25.8,-1.0208568805589402,0.07588995626218469
2581,25.810000000000002,-0.9122798057423748,0.04543082472973707
2582,25.82,-0.9865669758475284,0.036245363647541676
2583,25.830000000000002,-0.9488152882990107,0.051683095698867726
2584,25.84,-0.8455798940744054,0.05491913122312272
2585,25.85,-0.999830873211214,0.061234548643249724
2586,25.86,-0.9704348015785843,0.03997807682740226
2587,25.87,-0.8451377989248056,0.056082940040286716
2588,25.88,-1.1136662711322507,0.05845007051964862
2589,25.89,-0.8861177093548992,0.04598960860171935
2590,25.900000000000002,-0.8295923276566676,0.04797797362927554
2591,25.91,-0.9511043966562972,0.07751549257624933
2592,25.92,-0.9486459254719359,0.05854336196314547
2593,25.93,-0.9016620148971344,0.09145821056937702
2594,25.94,-0.7337314806791617,0.0704257661681714
2595,25.95,-0.8999556884961051,0.0778393372070728
2596,25.96,-0.9120012223364495,0.07634430117591018
2597,25.97,-1.0146720064617365,0.05010548382195554
2598,25.98,-0.8355816474155364,0.061077688947337304
2599,25.990000000000002,-0.8958529401893839,0.05538994500242331
2600,26.0,-0.843340044418062,0.05314494531070883
2601,26.01,-0.8168966462623132,0.06568050990307399
2602,26.02,-0.9051461425699359,0.08854510919681872
2603,26.03,-1.0328859821643128,0.09627780010836227
2604,26.04,-1.0028965655324562,0.0829289974643022
2605,26.05,-0.9200694763977815,0.06551539191731508
2606,26.060000000000002,-0.9289445264750198,0.08026091451196976
2607,26.07,-0.8365384747020205,0.0664880285926212
2608,26.080000000000002,-0.9651746729171717,0.08700136938435753
2609,26.09,-0.8092085709081825,0.0648346467415822
2610,26.1,-0.9080870785661087,0.10269161632706268
2611,26.11,-0.8532677338141453,0.09934244479197475
2612,26.12,-0.9343582860626883,0.08845495112361164
2613,26.13,-0.8670691133545045,0.06464741476677935
2614,26.14,-0.7626825871409075,0.09145690623384406
2615,26.150000000000002,-0.9399518019930136,0.08990651395558938
2616,26.16,-0.9272039537250822,0.09446107492333061
2617,26.17,-1.0095687193047795,0.07946465911120498
2618,26.18,-0.876468823994305,0.10101154446224593
2619,26.19,-0.8265443671318798,0.0761578205536512
2620,26.2,-0.8401566405000231,0.09099554617299335
2621,26.21,-0.7728497461323329,0.09914869347110024
2622,26.22,-0.9423695313538483,0.07488270731519303
2623,26.23,-0.941338188896949,0.11468435592207803
2624,26.240000000000002,-0.7683734360573432,0.0806128038002207
2625,26.25,-0.9717904152779075,0.08887571819468061
2626,26.26,-0.8601935011160297,0.07208621510959688
2627,26.27,-0.9617941994097305,0.091309189355455
2628,26.28,-0.7109759127580662,0.08971002873423942
2629,26.29,-0.8560139990489001,0.08424132701958799
2630,26.3,-0.6674044586745939,0.09163885205624134
2631,26.310000000000002,-0.955021534657438,0.10532579143489307
2632,26.32,-0.9550735825142305,0.08542077840848851
2633,26.330000000000002,-1.043804396709666,0.10255396316650854
2634,26.34,-0.7931616830400656,0.07941958672246857
2635,26.35,-0.8351278493647795,0.11063247902648016
2636,26.36,-0.6672956647884906,0.10211765617445394
2637,26.37,-0.8739546066774523,0.10821454196784898
2638,26.38,-0.9454751762591863,0.10934127779975872
2639,26.39,-0.8260326486803036,0.12064474466534461
2640,26.400000000000002,-0.8951946448810373,0.10480303194870122
2641,26.41,-0.6841744563051662,0.1077336244411756
2642,26.42,-0.7932842060006989,0.11184518166219005
2643,26.43,-0.8165823264967296,0.1034757096065598
2644,26.44,-0.8813888235325871,0.10326026695490131
2645,26.45,-0.8164906835381837,0.11092891612003508
2646,26.46,-0.7564049765901708,0.11877119156855981
2647,26.47,-0.7430927938373751,0.1015809741706975
2648,26.48,-0.9643474565082901,0.10931761164323964
2649,26.490000000000002,-0.792985829849672,0.11707762056816824
2650,26.5,-0.8420217195048524,0.13116905352970973
2651,26.51,-0.8363558029694553,0.12298288628341246
2652,26.52,-0.8420902783333484,0.1165917244557256
2653,26.53,-0.7295641135598951,0.11185678928796332
2654,26.54,-0.701678228559288,0.12523228336917963
2655,26.55,-0.8179900310892756,0.09126159625945816
2656,26.560000000000002,-0.8032544871824802,0.11118646382406656
2657,26.57,-0.7619367239342474,0.11470877552353116
2658,26.580000000000002,-0.7959841527992434,0.0966346654798712
2659,26.59,-0.8203290394259554,0.13724386151594717
2660,26.6,-0.8315356189125589,0.11952309491228283
2661,26.61,-0.6677989352188339,0.12559018757261806
2662,26.62,-0.8596898942721294,0.12680120015499619
2663,26.63,-0.9176379160145535,0.12352634806213465
2664,26.64,-0.7036043517308157,0.1381155872291702
2665,26.650000000000002,-0.6862203090228064,0.12235445375682868
2666,26.66,-0.6457108065327095,0.10332146808740458
2667,26.67,-0.7610877005780291,0.14295688416179908
2668,26.68,-0.6042324853349004,0.1194960225851573
2669,26.69,-0.831846985153768,0.1504986246485004
2670,26.7,-0.7804877000160734,0.14531223153845918
2671,26.71,-0.7512889750435019,0.13175651040664232
2672,26.72,-0.8787923131876674,0.15561375784425907
2673,26.73,-0.6218274916607974,0.1367669450707827
2674,26.740000000000002,-0.8917139799420979,0.1444553578387161
2675,26.75,-0.6087305815682414,0.13717223398219466
2676,26.76,-0.7569442580086813,0.12854000660246423
2677,26.77,-0.6427218321335535,0.1364744990499327
2678,26.78,-0.7420207320876017,0.13739226237417956
2679,26.79,-0.8320323714429568,0.12849720708605658
2680,26.8,-0.7495882477235739,0.13101484021121038
2681,26.810000000000002,-0.7565286760925148,0.1342203219394097
2682,26.82,-0.8214446518428934,0.1245644694334039
2683,26.830000000000002,-0.5825479735974483,0.14284132854045326
2684,26.84,-0.6593882862007794,0.14013841564289098
2685,26.85,-0.818277936228903,0.14373693447291583
2686,26.86,-0.6428261450543327,0.15852859679292336
2687,26.87,-0.642282547167843,0.12932519961382036
2688,26.88,-0.7632184140239521,0.16985549750955597
2689,26.89,-0.6697403786081959,0.16524602876673772
2690,26.900000000000002,-0.8294682463717696,0.14433012478356752
2691,26.91,-0.769520108741457,0.14497297644276755
2692,26.92,-0.6567967275485137,0.14730020103142624
2693,26.93,-0.7019637257631038,0.1351268620128464
2694,26.94,-0.7190821432264329,0.14775651543216406
2695,26.95,-0.7211229607368208,0.14147979656383727
2696,26.96,-0.6665144856606275,0.14910303358692983
2697,26.97,-0.5999144056025065,0.1400637595619357
2698,26.98,-0.8000991443595046,0.15800468920696537
2699,26.990000000000002,-0.6065772125781235,0.15135821474545927
2700,27.0,-0.5426644594248239,0.154105096006081
2701,27.01,-0.7213946884121092,0.1333481199830767
2702,27.02,-0.6412154246467079,0.1696572624030026
2703,27.03,-0.8600696411580415,0.1516679587741125
2704,27.04,-0.7715579147816881,0.15551163247616964
2705,27.05,-0.8407074585091315,0.14237096340248287
2706,27.060000000000002,-0.6761718571034457,0.1652449119225883
2707,27.07,-0.7268043429338191,0.17125079925766387
2708,27.080000000000002,-0.7342842156722472,0.1505702177526867
2709,27.09,-0.711212366763948,0.1577516840722895
2710,27.1,-0.6861922610420758,0.16085994643053456
2711,27.11,-0.5786300404938478,0.15594105707675854
2712,27.12,-0.6260141254251207,0.14846555168370365
2713,27.13,-0.6249194430322245,0.16717006742540214
2714,27.14,-0.4515061879054535,0.15063060722050137
2715,27.150000000000002,-0.5845406539386142,0.1608963994392976
2716,27.16,-0.6209197962662705,0.16778696470180138
2717,27.17,-0.6066020317610848,0.19693506383590303
2718,27.18,-0.6391570649265561,0.15492474179870835
2719,27.19,-0.5126020386397675,0.15089862172242519
2720,27.2,-0.5004603128499663,0.17092933801932983
2721,27.21,-0.6432663735626183,0.1779606424744097
2722,27.22,-0.4722491928944743,0.1644404834438234
2723,27.23,-0.6179066967159198,0.16437302245193702
2724,27.240000000000002,-0.6339935798015636,0.17045854232803276
2725,27.25,-0.5847846047636938,0.17211111119742023
2726,27.26,-0.685099434008498,0.17262803659532566
2727,27.27,-0.6232728078524375,0.17820274906636627
2728,27.28,-0.6650045754740718,0.198078527725668
2729,27.29,-0.6498040905078469,0.16633789112107356
2730,27.3,-0.6431132907617859,0.17502772262805216
2731,27.310000000000002,-0.700719694354099,0.18556734175703288
2732,27.32,-0.5277350612991337,0.17444522947179494
2733,27.330000000000002,-0.6796188284617727,0.1795628237243015
2734,27.34,-0.5993067406936865,0.1808010487602872
2735,27.35,-0.45762721231652503,0.20367787708160223
2736,27.36,-0.5123137155336233,0.1648795029775089
2737,27.37,-0.4490716697003646,0.1861547243059123
2738,27.38,-0.5409856178651744,0.17575926975064254
2739,27.39,-0.4695338738791646,0.17040820572903825
2740,27.400000000000002,-0.39981923098938343,0.1674684666015921
2741,27.41,-0.5712082107413433,0.1799006906221815
2742,27.42,-0.5458862283052845,0.17675195462161308
2743,27.43,-0.3329613784338653,0.20213156993702208
2744,27.44,-0.4459681095530045,0.1877711689344656
2745,27.45,-0.5274268216540522,0.18271112810089107
2746,27.46,-0.5016779055698485,0.16249778476522636
2747,27.47,-0.6701529963571868,0.19671262345528215
2748,27.48,-0.5280824826893956,0.1721128628573804
2749,27.490000000000002,-0.4216268758768008,0.16594774014980188
2750,27.5,-0.45630367066621386,0.16922197308792375
2751,27.51,-0.4763164712856455,0.1954375159195884
2752,27.52,-0.46682534229342665,0.18510928830609924
2753,27.53,-0.39277954282751426,0.1640259602939936
2754,27.54,-0.6051126025911352,0.19184192161148075
2755,27.55,-0.49447437816716483,0.2163981425248625
2756,27.560000000000002,-0.43311598883999747,0.19089946791873535
2757,27.57,-0.36586779113222656,0.20052164027345493
2758,27.580000000000002,-0.300692519395132,0.1859576453157084
2759,27.59,-0.48331043830420056,0.19956018457903185
2760,27.6,-0.3431882152935152,0.18647023054263845
2761,27.61,-0.4191698616079692,0.16837994911753001
2762,27.62,-0.4595481462959741,0.18888659690127077
2763,27.63,-0.47815675395382257,0.1864181070731387
2764,27.64,-0.3293035872752691,0.1993571173611261
2765,27.650000000000002,-0.4701436956577943,0.18426588463972304
2766,27.66,-0.31545835123856064,0.21060841111353423
2767,27.67,-0.33187193240866747,0.1797435884060394
2768,27.68,-0.3710628255633331,0.18722127492162233
2769,27.69,-0.19156666121110033,0.1846403794203239
2770,27.7,-0.3332496518596602,0.1999523850452168
2771,27.71,-0.2591235431991616,0.1771981236956391
2772,27.72,-0.20091936046838677,0.19543296694331305
2773,27.73,-0.2649204164814966,0.1927648196716475
2774,27.740000000000002,-0.19327402209956285,0.18038428359869224
2775,27.75,-0.25097698395682677,0.20305295720507963
2776,27.76,-0.3779928107704225,0.1868457148594033
2777,27.77,-0.33420371490838463,0.19326876271676363
2778,27.78,-0.14225005879526845,0.1809551223190309
2779,27.79,-0.16146748071732328,0.19605348846263704
2780,27.8,-0.13108010897628816,0.17313867264889649
2781,27.810000000000002,-0.0927681382054184,0.19730922945380214
2782,27.82,-0.1038745310072064,0.18455637433997968
2783,27.830000000000002,-0.18565274947509844,0.18936643120922653
2784,27.84,-0.20382408167974048,0.18123021497688035
2785,27.85,-0.3002944053267092,0.20279690581944826
2786,27.86,-0.287599153418618,0.2027382974046265
2787,27.87,-0.16236027466716033,0.1927838001012781
2788,27.88,0.010870280320209619,0.1889981302858801
2789,27.89,0.0457290394132345,0.16479195502560628
2790,27.900000000000002,-0.05071146419287498,0.20406829739888846
2791,27.91,-0.07615014281667877,0.17721310459588369
2792,27.92,-0.06436227688526017,0.21024291147833263
2793,27.93,-0.09588082468575806,0.21916079975703828
2794,27.94,-0.09938347245642881,0.23094443618918506
2795,27.95,0.13728931703767044,0.1934628724296195
2796,27.96,0.12389629772155461,0.20950831742784437
2797,27.97,0.028222494146932228,0.18319674871750866
2798,27.98,-0.23232259889800025,0.18275615189418182
2799,27.990000000000002,0.005201273790418133,0.18101895735247892
2800,28.0,0.019447915539129862,0.1870896017374943
2801,28.01,0.1599379647113372,0.18308274460950666
2802,28.02,0.1548468428356178,0.17918748621233
2803,28.03,0.20846389264280518,0.20707013742052335
2804,28.04,0.22716754883900708,0.20084932336147057
2805,28.05,0.21042568157407096,0.17152779363018394
2806,28.060000000000002,0.07116714383930584,0.18015491723347804
2807,28.07,0.36625837467013633,0.19784809569384984
2808,28.080000000000002,0.2913334111639015,0.20373402271295044
2809,28.09,0.22209587170971273,0.18560360870675466
2810,28.1,0.1184931405139148,0.20531494473214837
2811,28.11,0.3596777448649894,0.18264648945501671
2812,28.12,0.3821716379744197,0.1761447651855193
2813,28.13,0.5056300598011588,0.21154258010342394
2814,28.14,0.4457360346355476,0.18907720568045802
2815,28.150000000000002,0.47784159304244617,0.20135693948396013
2816,28.16,0.46957778240276593,0.19203004291291242
2817,28.17,0.4645287227932532,0.18808828101306524
2818,28.18,0.5177168401430275,0.21275961270643554
2819,28.19,0.6325604550130643,0.20332336078161994
2820,28.2,0.520990638948545,0.17397658337697522
2821,28.21,0.5921275832423691,0.19809774502967606
2822,28.22,0.795586469188297,0.17469982688468705
2823,28.23,0.8052726849389338,0.1862614134780171
2824,28.240000000000002,0.6435194760301091,0.18417420632193057
2825,28.25,0.9232998852509032,0.18584177286543427
2826,28.26,0.7009848238472423,0.18041375629629622
2827,28.27,0.8346650556041053,0.18940942634764285
2828,28.28,0.9100213773602915,0.18723968855409692
2829,28.29,0.9616973998628104,0.18592575595621788
2830,28.3,0.910211805812361,0.18001679531286144
2831,28.310000000000002,1.0041944231567719,0.18674516517663495
2832,28.32,1.174814325734301,0.18530087273984355
2833,28.330000000000002,1.1272835053609784,0.1642651586884103
2834,28.34,0.9753784441162402,0.18619134994402778
2835,28.35,1.1410685545027661,0.1905465129385176
2836,28.36,1.1803242398763931,0.1802817072885728
2837,28.37,1.0802727652127653,0.16350611611051352
2838,28.38,1.0576910358192237,0.17707782539209815
2839,28.39,0.934516688987366,0.16913106789831608
2840,28.400000000000002,0.9826330444058744,0.17836171484442442
2841,28.41,1.1088589136195253,0.16220200197468057
2842,28.42,1.1873535690074672,0.16420427685299796
2843,28.43,1.1189544771279163,0.19077820892511727
2844,28.44,1.0447554282160827,0.17912599422706416
2845,28.45,0.9950898782126368,0.17783525029598715
2846,28.46,1.2478737315232227,0.16548616408809347
2847,28.47,1.0912420483139802,0.14013725044575986
2848,28.48,1.150922202018351,0.1628965512697349
2849,28.490000000000002,1.1762004106856434,0.16179817978479363
2850,28.5,1.0283718800724488,0.14166713740505407
2851,28.51,1.0821065510902668,0.16891685884020666
2852,28.52,1.2326763749588083,0.15643651629776126
2853,28.53,1.0948188868866922,0.1540877655443656
2854,28.54,0.8768006452131922,0.1410832889031916
2855,28.55,1.1149652657987577,0.1478609021994397
2856,28.560000000000002,1.0731167695731776,0.13733783551892345
2857,28.57,1.1921557664644473,0.1475598541672335
2858,28.580000000000002,1.1889055141817408,0.15261623615190986
2859,28.59,1.217291911570451,0.15723977501380576
2860,28.6,1.2819446429982875,0.13695587657382124
2861,28.61,1.275398076943985,0.1206421848027005
2862,28.62,1.121632848896262,0.12164682231652721
2863,28.63,1.0960365051456076,0.13452519727229464
2864,28.64,1.1289706306359548,0.15344489572724676
2865,28.650000000000002,1.2017991684659086,0.1343906463982615
2866,28.66,1.0704389132617584,0.12850255685271586
2867,28.67,1.2882960365049139,0.1304778739332439
2868,28.68,1.1998547492423475,0.13034452128021676
2869,28.69,1.0772106309492973,0.1586462072903429
2870,28.7,1.1697817313819971,0.13223481947429438
2871,28.71,1.2144387595961355,0.1311964121507363
2872,28.72,1.127770253583692,0.15361614591277395
2873,28.73,1.054086517759885,0.12195151981430952
2874,28.740000000000002,1.2094020110889268,0.1589346885387714
2875,28.75,1.1513817176810923,0.12694602248688316
2876,28.76,1.2506056552850162,0.11514676022298757
2877,28.77,1.0384468335435852,0.12307332981231303
2878,28.78,1.1413166674699318,0.10480599104702056
2879,28.79,1.1002934662776154,0.11754363125859486
2880,28.8,1.041368767159237,0.12325748705945996
2881,28.810000000000002,1.254136051083233,0.10299467462288303
2882,28.82,1.1276998192721939,0.1123181628405283
2883,28.830000000000002,1.1001978945970927,0.11815189519909146
2884,28.84,1.2011396428208065,0.10745750589776534
2885,28.85,1.2399950320594082,0.11780963734667842
2886,28.86,1.0587453937394242,0.11833025686043011
2887,28.87,1.0914122254690224,0.11485594189810135
2888,28.88,1.1557490957813332,0.12222853446793525
2889,28.89,1.191906578979975,0.11146684269477454
2890,28.900000000000002,1.090401353617187,0.10968707124136692
2891,28.91,1.226653961454343,0.126094959923049
2892,28.92,1.1548204953550556,0.10358853716341088
2893,28.93,1.1648977116079258,0.10990305801151208
2894,28.94,0.9804396440663947,0.0957891545784603
2895,28.95,1.2237505085488851,0.11864295152313904
2896,28.96,1.187211716490338,0.09577807479395672
2897,28.97,0.9901045936419697,0.1071615053050542
2898,28.98,1.188629452685721,0.10116145965574325
2899,28.990000000000002,1.1701909206226233,0.10829767829271518
2900,29.0,1.054034231711848,0.09108945349434094
2901,29.01,1.0410967022364368,0.08279891056815358
2902,29.02,1.1035040150687354,0.10931678970518387
2903,29.03,1.2330990601320126,0.0713239818197488
2904,29.04,1.1029752392325591,0.09525889143753494
2905,29.05,1.320204953447645,0.09347270089521052
2906,29.060000000000002,1.0900174040418664,0.11523713270923783
2907,29.07,1.059827933622451,0.08645633122553359
2908,29.080000000000002,1.023538793539354,0.08184994065137327
2909,29.09,1.2187940284191616,0.09978776129503884
2910,29.1,1.1457837679440361,0.07512158884239872
2911,29.11,1.1693007554197006,0.07538764660016879
2912,29.12,1.2459622524072786,0.09997964268545687
2913,29.13,0.9069797329809657,0.07461702764937106
2914,29.14,1.0637413716460582,0.07312172973422104
2915,29.150000000000002,1.1427348970702838,0.08949719319586492
2916,29.16,0.9841603475914716,0.12446685644180708
2917,29.17,1.324580336594221,0.10726576665301527
2918,29.18,1.29660648304847,0.07999684607120412
2919,29.19,0.985414817762513,0.10231048024816891
2920,29.2,1.0989884751605288,0.06141564532600076
2921,29.21,1.2902776394643918,0.07447541248652781
2922,29.22,1.158443988296151,0.07454030468160623
2923,29.23,1.2584828094229394,0.07966027408381242
2924,29.240000000000002,1.1122692969150358,0.07357869591319217
2925,29.25,1.2164664529862825,0.07624224635509974
2926,29.26,1.2096872191029882,0.07786180589180493
2927,29.27,1.0813066549171049,0.05787406410093297
2928,29.28,1.0481108326593458,0.10667538307131288
2929,29.29,1.0723215012465666,0.05632588436275976
2930,29.3,1.030578438368192,0.0714940610106003
2931,29.310000000000002,1.083847718258073,0.07856905802774287
2932,29.32,1.1746854061241254,0.07593992715459907
2933,29.330000000000002,1.1814878276607286,0.04694859269494939
2934,29.34,1.0882040822758599,0.07999132271557129
2935,29.35,1.0572410918691006,0.06452855243112532
2936,29.36,1.0912991104564225,0.05194146847478951
2937,29.37,1.172825017009908,0.06009749291073247
2938,29.38,1.138845739093355,0.05303182878722212
2939,29.39,0.9919543244333999,0.05536665433916915
2940,29.400000000000002,0.9787363590386818,0.04439669444360495
2941,29.41,1.0447679942337584,0.06691037493887635
2942,29.42,1.2116930961875116,0.06103321124440213
2943,29.43,1.0265195412837749,0.02936044680930792
2944,29.44,0.9095501906326361,0.05387266795643402
2945,29.45,1.0139423379144241,0.05377419334775673
2946,29.46,1.1609576120915777,0.0401856747806816
2947,29.47,1.0597716465441727,0.05012849054478456
2948,29.48,1.1239797929935325,0.058551551744661263
2949,29.490000000000002,1.1698480474692432,0.045820304875688625
2950,29.5,1.0765662223799275,0.04470089106458103
2951,29.51,1.2544564593957959,0.05211303423950985
2952,29.52,1.127399520839208,0.051304563890696
2953,29.53,1.0743117391831252,0.041118493625018085
2954,29.54,1.1286186503005369,0.029697003780188844
2955,29.55,0.9812143553144376,0.0383375608270927
2956,29.560000000000002,1.1216194373855841,0.033764065155375146
2957,29.57,1.0003458494955928,0.04204091101311766
2958,29.580000000000002,1.0643999846536087,0.033036338014877493
2959,29.59,1.0412163213230226,0.031338985524129274
2960,29.6,0.8709289598952916,0.049119976458170324
2961,29.61,1.0278641347706305,0.007377456124015001
2962,29.62,1.1453428944285637,0.03181173333932151
2963,29.63,1.1711008734725625,0.015942633135504692
2964,29.64,1.0525707543654406,0.034835177825290234
2965,29.650000000000002,1.1064659715069245,0.0527656262033494
2966,29.66,1.1934883803227305,0.04411532347099002
2967,29.67,0.9797071281199481,0.026582984124165713
2968,29.68,0.8280780230211439,0.035161399645704514
2969,29.69,1.1015212855535623,0.04464318318344301
2970,29.7,1.0280346502518671,0.028495019250071234
2971,29.71,0.9964896511258541,0.024430120054577526
2972,29.72,1.2286914791780408,0.015548076004843623
2973,29.73,0.9784713234714905,0.006648729777426133
2974,29.740000000000002,1.0804737571819745,0.0211966982323786
2975,29.75,1.0361664719315262,0.01901277245664611
2976,29.76,1.0746320066098773,0.010876292793552518
2977,29.77,1.0234830921247342,0.008536487085705166
2978,29.78,1.079547815272812,0.024177845067335696
2979,29.79,1.0180067703573519,-0.0030972032193324825
2980,29.8,0.8239572755133331,0.010032018653927513
2981,29.810000000000002,1.0360284728962663,0.018996170627910817
2982,29.82,0.9891656060399636,-0.008275165741047114
2983,29.830000000000002,0.9658522668052106,0.01057604489473929
2984,29.84,1.0559086838962661,0.01896713862969705
2985,29.85,0.9193369871166941,0.029837387283347255
2986,29.86,0.9799614645782497,-0.0028921054869783663
2987,29.87,0.8622982780713536,0.0009736717117018925
2988,29.88,1.0699891054316815,0.020147616251742433
2989,29.89,1.0103743696577299,0.004694454798740937
2990,29.900000000000002,1.041090391801518,0.01624774901572513
2991,29.91,1.063905138646624,0.0036659537206340663
2992,29.92,1.0001980912907986,-0.02113920185802104
2993,29.93,1.0700791085035923,-0.007056384241905901
2994,29.94,1.0702041173768886,0.02079014693951173
2995,29.95,0.8970819163822967,0.002789981044100929
2996,29.96,1.210974155344838,-0.02223255534674661
2997,29.97,1.023915436620734,0.021992485668203686
2998,29.98,0.8512208253679274,-0.020992890351670023
2999,29.990000000000002,0.9994667582622401,-0.00897003671766427
