,t,x,y
0,0.0,0.35950490776035776,0.2169782941908044
1,0.01,0.38991129582828393,0.21600901645571624
2,0.02,0.42135080299157773,0.21589546625125633
3,0.03,0.45539007562352996,0.21529341721791365
4,0.04,0.49533272980904497,0.21459420124455894
5,0.05,0.52512944867856,0.21467959456406865
6,0.06,0.5577063225292346,0.2137548219743411
7,0.07,0.5942976980416863,0.21335022473043344
8,0.08,0.623025720787546,0.21258210510996095
9,0.09,0.6576874810144298,0.21218431981299754
10,0.1,0.6903976234590837,0.21093914159498534
11,0.11,0.7287822017295503,0.21082789472305977
12,0.12,0.7583323868288784,0.20991139305666712
13,0.13,0.7862761141983254,0.20898808238512762
14,0.14,0.822824134259821,0.2080694589239238
15,0.15,0.8520693221100484,0.20772142670131166
16,0.16,0.8792256619868695,0.20704163979348322
17,0.17,0.9053845235614493,0.20568770990850235
18,0.18,0.9295436584752159,0.20522088650355347
19,0.19,0.9539001924356442,0.2040681277373925
20,0.2,0.9761611345745308,0.20307987029301872
21,0.21,1.0001951366380142,0.20155185219229838
22,0.22,1.019509438258462,0.20067214661420033
23,0.23,1.0355097040315826,0.19978031077763672
24,0.24,1.0522453658069022,0.19977839350667762
25,0.25,1.0665175603189931,0.19781243568506843
26,0.26,1.080715727873645,0.19685513746165667
27,0.27,1.0937418127468805,0.19553566655225124
28,0.28,1.1096146208195161,0.194419889256766
29,0.29,1.113903501755896,0.1932083032923886
30,0.3,1.1246626791660317,0.192091237517439
31,0.31,1.1298455435830412,0.1907658209330005
32,0.32,1.146204187290028,0.18947751261586962
33,0.33,1.1514351753847185,0.18874396943882893
34,0.34,1.1560626586304792,0.1881705776340123
35,0.35000000000000003,1.159018623877085,0.186915023901248
36,0.36,1.1700881871683086,0.18517600739417528
37,0.37,1.166362021269852,0.18423672973639868
38,0.38,1.1722821930000629,0.18322001739112737
39,0.39,1.1802777472250683,0.1825481427731669
40,0.4,1.177879192156766,0.1805114543586833
41,0.41000000000000003,1.181710735942235,0.18014602726052836
42,0.42,1.1846365515358828,0.17832336133992396
43,0.43,1.1870951576391318,0.17711626830592864
44,0.44,1.1896536767800991,0.17561446066387637
45,0.45,1.1874981037352614,0.1749004403756816
46,0.46,1.1950797131038307,0.17354259024173666
47,0.47000000000000003,1.191437910028467,0.17235341137319135
48,0.48,1.1925025121218593,0.17141440222790613
49,0.49,1.1929598065250313,0.1701366024411328
50,0.5,1.187771852378322,0.16930374923660735
51,0.51,1.190880751111727,0.16776156571566495
52,0.52,1.1927199582798227,0.1665460756013673
53,0.53,1.1914221270568028,0.16536320134341467
54,0.54,1.1903473961389865,0.163877430911525
55,0.55,1.19204635012574,0.16275057051172742
56,0.56,1.194751813025038,0.16196051726648306
57,0.5700000000000001,1.1972575839847857,0.16100102170630082
58,0.58,1.191112375267679,0.15948781953412136
59,0.59,1.1912669886905634,0.15911779084828803
60,0.6,1.1884798908661152,0.15724062324970528
61,0.61,1.1866959016621,0.1565792048551923
62,0.62,1.1803591265207913,0.15550052896483196
63,0.63,1.1883093683093158,0.15319578871281167
64,0.64,1.190256490847655,0.15239666525064047
65,0.65,1.1780789294389746,0.15106957522035513
66,0.66,1.1865626808094332,0.14990877191695987
67,0.67,1.1814518520037098,0.14865347619646505
68,0.68,1.1776569313828744,0.14715969814826158
69,0.6900000000000001,1.1781780680255973,0.14620998137543473
70,0.7000000000000001,1.1808722163580914,0.14463095044808788
71,0.71,1.1799915915626034,0.1442271910282361
72,0.72,1.1836600344398656,0.1428908417490234
73,0.73,1.175639057210657,0.14195759938266989
74,0.74,1.1737637713348383,0.1400285197071422
75,0.75,1.1756909830299493,0.1395435255654881
76,0.76,1.1736486005539366,0.1383459882935014
77,0.77,1.176929045807477,0.13706448998353282
78,0.78,1.177570032036449,0.1354736483080853
79,0.79,1.1738135171359332,0.13485132572396558
80,0.8,1.1694565540792548,0.13406581498770778
81,0.81,1.171159983378722,0.13225497663531638
82,0.8200000000000001,1.166909355839748,0.131190892596525
83,0.8300000000000001,1.1692794622401816,0.12968562876162068
84,0.84,1.1632808963352042,0.12874880735102387
85,0.85,1.1635504333882385,0.12819680740320372
86,0.86,1.1622978068322025,0.12665207465559727
87,0.87,1.1609297999938157,0.12514975469380368
88,0.88,1.1598543975333566,0.12370051128564166
89,0.89,1.1604959266891137,0.12285182573855973
90,0.9,1.1591711152453075,0.12187168735748333
91,0.91,1.1597117091380924,0.12052590625382516
92,0.92,1.1581231992155827,0.11929616141897233
93,0.93,1.1587116297560014,0.11814629941931891
94,0.9400000000000001,1.1555052466619922,0.11719895301036257
95,0.9500000000000001,1.1533388078015305,0.11494383160750946
96,0.96,1.1561895942934286,0.1148061019932163
97,0.97,1.1517797714561255,0.11331219318194823
98,0.98,1.152073309099742,0.11292037894349141
99,0.99,1.1495464148795138,0.11156591405024732
100,1.0,1.1480838280466512,0.10960374349600488
101,1.01,1.1461986965082014,0.10898525031935301
102,1.02,1.1454209199949408,0.10819900549781866
103,1.03,1.142737901292846,0.10657449021799544
104,1.04,1.1393211803240044,0.10600752918049823
105,1.05,1.1464651249486972,0.10474758461828455
106,1.06,1.1396111407473088,0.10313622973920578
107,1.07,1.1421036531108852,0.10204778812227643
108,1.08,1.1389123007860154,0.10101728579641438
109,1.09,1.1316914840967194,0.09957894372985257
110,1.1,1.1348455631353063,0.09812547187957324
111,1.11,1.1268768651611074,0.09699577861775503
112,1.12,1.1319615884318623,0.09689976360533306
113,1.1300000000000001,1.1372948093757693,0.09452528360399874
114,1.1400000000000001,1.1318286587018096,0.09447985157884191
115,1.1500000000000001,1.1287893723622968,0.09315185417381618
116,1.16,1.1313837995940543,0.09189656063438939
117,1.17,1.1305849613885368,0.0909299509809263
118,1.18,1.1319825922205264,0.09041084328860616
119,1.19,1.127813708636122,0.08787374998508037
120,1.2,1.1253781411741024,0.087395245820483
121,1.21,1.122854864697523,0.08659604887582086
122,1.22,1.1233575233871516,0.08511962771059735
123,1.23,1.1220682371597746,0.0841606780374995
124,1.24,1.1216605312670753,0.08271032441871816
125,1.25,1.1228973066694423,0.08143267348882545
126,1.26,1.1178568292739404,0.08122921002642487
127,1.27,1.1173345098744594,0.0793204584485689
128,1.28,1.113462175563244,0.07894086902885979
129,1.29,1.11176941458662,0.07726040290880379
130,1.3,1.11377059004766,0.076643522985823
131,1.31,1.1123555353560737,0.0753586457418463
132,1.32,1.1086070589501213,0.07463236960506182
133,1.33,1.1064536723116931,0.0730641413807906
134,1.34,1.106254658699788,0.0725581495705459
135,1.35,1.1038315599410204,0.07037708875873967
136,1.36,1.1010291206407556,0.06893532310301725
137,1.37,1.1007383753229092,0.06817689340220949
138,1.3800000000000001,1.1039697199218408,0.06769086376556864
139,1.3900000000000001,1.0973163045405452,0.0667076681219644
140,1.4000000000000001,1.1008746170555466,0.06584707535853879
141,1.41,1.1018508885847276,0.064578781192632
142,1.42,1.0957027950335858,0.0626720342968586
143,1.43,1.096139883165842,0.061531461719473775
144,1.44,1.0916149143193121,0.060772010366114786
145,1.45,1.0909005358360753,0.05966213226971123
146,1.46,1.0933160383432958,0.05815060893701724
147,1.47,1.0864933491774937,0.05758081574164059
148,1.48,1.0921336381228448,0.056024278203233475
149,1.49,1.0939030594529853,0.05554904312620457
150,1.5,1.090099269906734,0.05406332374693605
151,1.51,1.0821910804651809,0.05325825720694414
152,1.52,1.0864373572920458,0.05241904574639705
153,1.53,1.0867210255318136,0.05082908645418625
154,1.54,1.0852477056782506,0.0503079082952094
155,1.55,1.0781836464206862,0.04966284560635462
156,1.56,1.0813630051032705,0.04807844135667981
157,1.57,1.0775995622849552,0.04660423675505111
158,1.58,1.0724960372716992,0.04572002414493013
159,1.59,1.0762953722954107,0.044593882824857566
160,1.6,1.0792576224052841,0.04330764760742364
161,1.61,1.0699112385374165,0.04238598524046303
162,1.62,1.0811351545924606,0.04100033164444065
163,1.6300000000000001,1.0701554705828282,0.0399984795487422
164,1.6400000000000001,1.071147943740221,0.03928755438941503
165,1.6500000000000001,1.0733657513171386,0.038160032556257856
166,1.6600000000000001,1.0721800914947193,0.03722177831475255
167,1.67,1.0644719656975272,0.03600909495821134
168,1.68,1.0646940096537847,0.03509242222733707
169,1.69,1.0645950751331252,0.03407576810447031
170,1.7,1.064850430754906,0.032501034194159624
171,1.71,1.0625774758542745,0.03158750583279303
172,1.72,1.0647306310319886,0.03013104388992382
173,1.73,1.056627385546165,0.029686209357252885
174,1.74,1.0588475205106365,0.028564510832325005
175,1.75,1.057842908554776,0.027536097025775984
176,1.76,1.0546468103118576,0.026580429401611247
177,1.77,1.054363341051176,0.025732842278038195
178,1.78,1.0553867537666792,0.024553935680059327
179,1.79,1.0461835993758235,0.023971502922522363
180,1.8,1.0511574931369976,0.02277285462033252
181,1.81,1.0522595657659566,0.021633217187216735
182,1.82,1.0467855588799402,0.019830661442572076
183,1.83,1.0455249824536619,0.01951317024837552
184,1.84,1.0439437597531132,0.018270801381474678
185,1.85,1.0405533084964986,0.017667935459731138
186,1.86,1.0409720509644047,0.016473773193183622
187,1.87,1.0379556032060275,0.014508318409037413
188,1.8800000000000001,1.0380561661565466,0.013689630761560316
189,1.8900000000000001,1.035306082364758,0.012091393149229647
190,1.9000000000000001,1.0341801145080713,0.011496303024346495
191,1.9100000000000001,1.0352721283929183,0.010851138785510113
192,1.92,1.0315396216585884,0.009340684184918136
193,1.93,1.0334807454808044,0.008601163625240904
194,1.94,1.0235880336572138,0.008607532097055798
195,1.95,1.0320640875663984,0.006935285189242051
196,1.96,1.0250630850480025,0.005512364986230891
197,1.97,1.0237464051190033,0.005009226306932013
198,1.98,1.0266080126821333,0.0031822788339922544
199,1.99,1.0247890389677405,0.0016047287745122496
200,2.0,1.0233435380397438,0.002141877149866491
201,2.0100000000000002,1.025514027656346,0.000718407665202441
202,2.02,1.017981350496927,1.4968618255290357e-05
203,2.0300000000000002,1.0170366828714121,-0.0016034413287155916
204,2.04,1.0170102308323208,-0.0029581939371243547
205,2.05,1.0184090841778866,-0.002911999031749415
206,2.06,1.0139289102818287,-0.0046930558756842124
207,2.07,1.0128851062575257,-0.006127528174662042
208,2.08,1.0064217534687705,-0.006501339338716153
209,2.09,1.0093193376934073,-0.007518182867620167
210,2.1,1.0130023874893277,-0.008952979802441977
211,2.11,1.0063498972618454,-0.009669892241378873
212,2.12,1.006345143000013,-0.010505865302605505
213,2.13,1.0018732340026637,-0.010873425721156113
214,2.14,1.003318033353019,-0.012881928175752727
215,2.15,1.0041582091193704,-0.013223083342599992
216,2.16,1.0015490650605121,-0.014488501895349346
217,2.17,0.9957707681307523,-0.01596712691169357
218,2.18,0.9969859584357712,-0.016451466669483206
219,2.19,0.9930600873407586,-0.017022951192139476
220,2.2,0.9910259306040493,-0.01910730954019536
221,2.21,0.9898262286142779,-0.019473082588057657
222,2.22,0.9870866474085348,-0.02068104268644063
223,2.23,0.9874383819015986,-0.020842873948200134
224,2.24,0.9930729157686865,-0.022711218741510414
225,2.25,0.9891920210911282,-0.02341317956491208
226,2.2600000000000002,0.9899930227828003,-0.024435404792652785
227,2.27,0.9781261347980353,-0.02524337006264809
228,2.2800000000000002,0.9862124561990429,-0.026897233381856386
229,2.29,0.9752169905402047,-0.028142283912576185
230,2.3000000000000003,0.9812174458959015,-0.02836930991907523
231,2.31,0.9800505848165493,-0.029466744619446046
232,2.32,0.9733391681681084,-0.03018175649306678
233,2.33,0.9718569229370855,-0.031200770707489195
234,2.34,0.972789152219996,-0.03259479642780427
235,2.35,0.9750973668556018,-0.03314625347272167
236,2.36,0.9721455097771733,-0.03502494861051651
237,2.37,0.9715960491439838,-0.03482125749775855
238,2.38,0.9650588636311551,-0.03618474743315128
239,2.39,0.9622392881120284,-0.0369741330389666
240,2.4,0.9647118169319974,-0.038378998205523866
241,2.41,0.9640098902824284,-0.03905740737878481
242,2.42,0.9595705103159449,-0.04018758727714011
243,2.43,0.9587482742434088,-0.04143002238208576
244,2.44,0.9566176062877235,-0.04270665589090973
245,2.45,0.9566240386756127,-0.0427986484476002
246,2.46,0.9532722751717226,-0.04451747817064556
247,2.47,0.9505465107489938,-0.04453275725189273
248,2.48,0.9522225640777771,-0.046125454152044984
249,2.49,0.9458136816813627,-0.046650451055931776
250,2.5,0.9454243216470084,-0.04817924574054654
251,2.5100000000000002,0.9508006454090727,-0.04853901055159697
252,2.52,0.9405981538035681,-0.04919973671700085
253,2.5300000000000002,0.9447258500475622,-0.05143718082642329
254,2.54,0.9424475694401376,-0.05179347622316471
255,2.5500000000000003,0.9469209524127817,-0.05263510809363488
256,2.56,0.9384533354646334,-0.053692353948421076
257,2.57,0.9390299308419556,-0.05386570262779447
258,2.58,0.9352568408356253,-0.0560131342214288
259,2.59,0.9295621378189992,-0.055562686784956655
260,2.6,0.9344734956251173,-0.05690787404621675
261,2.61,0.936358812846771,-0.05799082815721214
262,2.62,0.9259037673352842,-0.05943627498444064
263,2.63,0.9279670546311617,-0.06059810591359324
264,2.64,0.9254109730929941,-0.06137187175125206
265,2.65,0.922025399636926,-0.062201466812535966
266,2.66,0.9227386698858785,-0.0631398295884761
267,2.67,0.9156560950555654,-0.06342833842770312
268,2.68,0.9178979588877636,-0.0644511919278012
269,2.69,0.9203111218789581,-0.06510598746758142
270,2.7,0.9131168573425542,-0.06641282665984427
271,2.71,0.9117968654337404,-0.06790810647886343
272,2.72,0.9064825674530158,-0.06833853932784635
273,2.73,0.9119234372244402,-0.06941489667114809
274,2.74,0.9121581183859663,-0.0697536540611407
275,2.75,0.9076879120473491,-0.07088538651186446
276,2.7600000000000002,0.9066115789890112,-0.07139603929799307
277,2.77,0.9043913422389158,-0.07353443272825849
278,2.7800000000000002,0.8972465088036421,-0.07358128006677513
279,2.79,0.9010664938304488,-0.07489023691786044
280,2.8000000000000003,0.8964140400071379,-0.07585610820565675
281,2.81,0.8948288041304521,-0.07702430652466864
282,2.82,0.8975293664971069,-0.07731463270628591
283,2.83,0.8917802660646864,-0.07783616154132972
284,2.84,0.890310274444512,-0.07886506611721125
285,2.85,0.8954584717997325,-0.07888130981983105
286,2.86,0.8868637403784313,-0.08087570523737675
287,2.87,0.8898404568692138,-0.08190759807160966
288,2.88,0.8853664943411738,-0.08194515464375629
289,2.89,0.881960374183323,-0.08325050596329524
290,2.9,0.8775907642230685,-0.08372515162396725
291,2.91,0.8819148704536321,-0.08508816454281745
292,2.92,0.873749309677822,-0.08606665703592006
293,2.93,0.8727145009015032,-0.08717706660175463
294,2.94,0.871822355000994,-0.08745870134947602
295,2.95,0.863370775117077,-0.08851966126322525
296,2.96,0.8683551619608607,-0.08928633767926879
297,2.97,0.872430254811623,-0.09037689277821996
298,2.98,0.8677918949889439,-0.09196843736863235
299,2.99,0.866610415814586,-0.09239205588636047
300,3.0,0.8626644871694616,-0.09315380771034842
301,3.0100000000000002,0.8610758865925595,-0.09422321201742317
302,3.02,0.8582325533667715,-0.09576731320797804
303,3.0300000000000002,0.8565252708260329,-0.09597090216496076
304,3.04,0.8561970151905426,-0.09722952428705015
305,3.0500000000000003,0.8494575977975751,-0.09794119520463408
306,3.06,0.8506514688073938,-0.09807885079097552
307,3.0700000000000003,0.8482104293028737,-0.09895480178196399
308,3.08,0.8431703416489275,-0.09936786104450589
309,3.09,0.8451981130791635,-0.10073739910704692
310,3.1,0.8435162673600822,-0.10118914505175583
311,3.11,0.8401424867550376,-0.10233722677959113
312,3.12,0.8397198343963846,-0.10331501282611129
313,3.13,0.835493453163304,-0.10386074875431459
314,3.14,0.8343196705544695,-0.10449285899468903
315,3.15,0.8338855909303259,-0.10630334095186782
316,3.16,0.8273653985955084,-0.10697494928748794
317,3.17,0.8306160239876178,-0.10723600785355648
318,3.18,0.8304561200297386,-0.1081115735264803
319,3.19,0.8223140163538167,-0.10921664561623402
320,3.2,0.8206505208600534,-0.11030600683774784
321,3.21,0.814016337801914,-0.11061716845257545
322,3.22,0.818753305229877,-0.11195869002483338
323,3.23,0.8180488078784013,-0.11247050133762417
324,3.24,0.814238132979216,-0.11319325315253725
325,3.25,0.8115969581082348,-0.11451706663121869
326,3.2600000000000002,0.8095230628826665,-0.11444719130997702
327,3.27,0.8073163655257336,-0.11575062566630337
328,3.2800000000000002,0.8027608674041884,-0.11664813338903811
329,3.29,0.8005321989098413,-0.11753691303947805
330,3.3000000000000003,0.7986939882500592,-0.11805943614091477
331,3.31,0.8003510759321736,-0.1192728670715098
332,3.3200000000000003,0.7977240349117147,-0.12001919890942574
333,3.33,0.8003836429241233,-0.12092747805499643
334,3.34,0.7871306001448749,-0.12111083878613772
335,3.35,0.7869251260650454,-0.12168679173326206
336,3.36,0.7832570187819018,-0.12315870684437139
337,3.37,0.7845919584404537,-0.12380920045906282
338,3.38,0.7781173765240283,-0.12444844732056468
339,3.39,0.7798482242324177,-0.12536085870367208
340,3.4,0.7754555075625712,-0.12585143926616113
341,3.41,0.7750587911954419,-0.12643077809711387
342,3.42,0.777468687171226,-0.12766264707681257
343,3.43,0.77030652499336,-0.12742098734254206
344,3.44,0.7661778899747086,-0.12853059250215007
345,3.45,0.7679469759415766,-0.12989031252340855
346,3.46,0.7613790949516204,-0.13148007752773894
347,3.47,0.7599487363165148,-0.1318505735981782
348,3.48,0.753208018522231,-0.13221425945705925
349,3.49,0.75382829355735,-0.13297335784649783
350,3.5,0.7542797096048054,-0.1337736373993556
351,3.5100000000000002,0.7505593668256101,-0.1343182657404919
352,3.52,0.7500421431395592,-0.13497402333598493
353,3.5300000000000002,0.7439245895680631,-0.13584992014558028
354,3.54,0.7367911980319682,-0.13609918360826123
355,3.5500000000000003,0.7370714848487505,-0.1377495803983738
356,3.56,0.7387753126849629,-0.1385547600140934
357,3.5700000000000003,0.7318827308502522,-0.1383278458703208
358,3.58,0.7292381538137909,-0.13886141831395732
359,3.59,0.7357430129961383,-0.14071650270779656
360,3.6,0.7305383819957473,-0.1410742895583892
361,3.61,0.7265493716196064,-0.14198021111005002
362,3.62,0.7209978729780183,-0.14206943292804788
363,3.63,0.723388243315919,-0.14292617330327476
364,3.64,0.7171334986285027,-0.14390379112478927
365,3.65,0.7174957793323866,-0.14416640771803516
366,3.66,0.7115364902363723,-0.14523203841633592
367,3.67,0.706572251096485,-0.14592654007954892
368,3.68,0.7046836684213738,-0.1464975257134681
369,3.69,0.7061025110540988,-0.147368342862222
370,3.7,0.7011599144267343,-0.14800335813000975
371,3.71,0.7062853673298567,-0.1491538432591125
372,3.72,0.6935938965503426,-0.14917834068101393
373,3.73,0.6932891899927845,-0.15055812022092707
374,3.74,0.6877278339309517,-0.15064362504012088
375,3.75,0.6815870044151591,-0.15192613971777977
376,3.7600000000000002,0.6854371237129849,-0.15177994312844068
377,3.77,0.6838247622988808,-0.1528816874471786
378,3.7800000000000002,0.6772986601463407,-0.15474937153977195
379,3.79,0.6756525149696752,-0.15431819581557407
380,3.8000000000000003,0.6704224365329579,-0.155079964252705
381,3.81,0.6684234869995759,-0.15596634441036616
382,3.8200000000000003,0.6557792835471025,-0.15573896570585682
383,3.83,0.6567369328728643,-0.15638903006042157
384,3.84,0.6584005422429275,-0.15802743005045514
385,3.85,0.6532833085529194,-0.15841684437412412
386,3.86,0.6491746746303153,-0.1583746119643191
387,3.87,0.6475384754421404,-0.15918264746981825
388,3.88,0.642923676048605,-0.16024658605673522
389,3.89,0.640841215989756,-0.16124237732381336
390,3.9,0.6378799149934617,-0.1615938296787682
391,3.91,0.6311281162860046,-0.1615691992340595
392,3.92,0.6291968009244989,-0.16202981707156944
393,3.93,0.6263792023711252,-0.1638277832463975
394,3.94,0.6204867819404694,-0.16367403584366233
395,3.95,0.6163917364536181,-0.16504753855435517
396,3.96,0.6127903200958975,-0.16508461453196935
397,3.97,0.6154650988456003,-0.16596690990931773
398,3.98,0.6070183466990893,-0.16687353441370004
399,3.99,0.600130950905691,-0.167969183631613
400,4.0,0.5929409211146993,-0.16834380340600583
401,4.01,0.5927990807162778,-0.16765779114384866
402,4.0200000000000005,0.5891473553607941,-0.16941470372824896
403,4.03,0.5878407919758665,-0.16857495017945584
404,4.04,0.5767310067044403,-0.1700288384042798
405,4.05,0.5762134425438356,-0.17036508039297113
406,4.0600000000000005,0.5724154043240478,-0.17108338687687616
407,4.07,0.5680099632018341,-0.17207966466606942
408,4.08,0.5658743172515442,-0.17162874219533134
409,4.09,0.5603139099286024,-0.17255464182904834
410,4.1,0.5564687533113636,-0.17353140058363953
411,4.11,0.5476966812264968,-0.17313931232726032
412,4.12,0.5493239378130303,-0.1748964269439683
413,4.13,0.5433468120533683,-0.17525943947321268
414,4.14,0.5363827943819554,-0.17577758798409274
415,4.15,0.5377052482747695,-0.17681860559233267
416,4.16,0.5319133821044226,-0.17635816437124802
417,4.17,0.5198853928627934,-0.17773823931733587
418,4.18,0.5213420675562077,-0.17686680849513106
419,4.19,0.5135117116524458,-0.17809974803064776
420,4.2,0.5094060720141919,-0.1789087717210131
421,4.21,0.5052334175643984,-0.17899172204731695
422,4.22,0.49678651317633205,-0.17933411929633306
423,4.23,0.4926539287390667,-0.18077419877032874
424,4.24,0.48366000800591114,-0.18116334364657416
425,4.25,0.47702789484616653,-0.1814393873214315
426,4.26,0.4715962256398976,-0.18192317369004904
427,4.2700000000000005,0.4668176730357371,-0.18185031175567587
428,4.28,0.4610760831011499,-0.18291794598802025
429,4.29,0.4610305427779132,-0.18327288996882438
430,4.3,0.44951352455223126,-0.18420106871632874
431,4.3100000000000005,0.4458798852104976,-0.184624723782719
432,4.32,0.4400955676404646,-0.18410368509950573
433,4.33,0.4300929845627016,-0.18541464626875345
434,4.34,0.42822107094051665,-0.18534906451761302
435,4.3500000000000005,0.41830376942492475,-0.18598466581987788
436,4.36,0.41331398966227534,-0.18665189653333777
437,4.37,0.4066450245808659,-0.18678212042093528
438,4.38,0.39476704830621423,-0.18727629589778141
439,4.39,0.38297642926995007,-0.18730507048637773
440,4.4,0.38106012275841405,-0.18762678887248355
441,4.41,0.37231285254520446,-0.18815592358674574
442,4.42,0.3637375683577587,-0.18854372924554275
443,4.43,0.3544644945623078,-0.18925104582839894
444,4.44,0.34459295852620536,-0.1886268652242752
445,4.45,0.3377456886704681,-0.18996072142853065
446,4.46,0.32695002285856595,-0.1900273539596111
447,4.47,0.31530479743376616,-0.19073216362007078
448,4.48,0.31229195654891406,-0.19039433128846683
449,4.49,0.2997923215382425,-0.1906973144016469
450,4.5,0.29632281910404096,-0.19109649460591083
451,4.51,0.2813487344023078,-0.19174447677001732
452,4.5200000000000005,0.2685914537609638,-0.19222717127015362
453,4.53,0.25445537083141606,-0.19188855844740724
454,4.54,0.24670045851891678,-0.19259492683844232
455,4.55,0.2360135331564566,-0.19208842552372507
456,4.5600000000000005,0.2255229888852709,-0.19248729189892283
457,4.57,0.20973317171321595,-0.19253774503237858
458,4.58,0.1987719979473163,-0.19305183807270154
459,4.59,0.18343027415664875,-0.1932499120098514
460,4.6000000000000005,0.16987995502344258,-0.19377478825022332
461,4.61,0.15601533488383892,-0.19368958350811827
462,4.62,0.14198295444245226,-0.19398929685297056
463,4.63,0.1261933999524739,-0.19435924269191787
464,4.64,0.11162057293843025,-0.19411905299457927
465,4.65,0.09634967785993297,-0.19427456607779245
466,4.66,0.07853535082786561,-0.19417113067140096
467,4.67,0.06021867918144387,-0.1935161535583774
468,4.68,0.043667232477699776,-0.19404521192912078
469,4.69,0.021870067837998355,-0.19477604459000716
470,4.7,0.007311082266851242,-0.1949321407525184
471,4.71,-0.012811384671027846,-0.19333945594739066
472,4.72,-0.03573730736919626,-0.19461435532970048
473,4.73,-0.05729676822730812,-0.19387918504221802
474,4.74,-0.07436501898881774,-0.19468321379086392
475,4.75,-0.10102569831558875,-0.1938950550075958
476,4.76,-0.1179103901069549,-0.1940590229208938
477,4.7700000000000005,-0.14375834006540278,-0.1930982228573814
478,4.78,-0.17245666234725032,-0.19336739771616612
479,4.79,-0.1974139198658604,-0.19376819353603172
480,4.8,-0.22173366192854688,-0.19317891811775048
481,4.8100000000000005,-0.24489161873286217,-0.19326970780325117
482,4.82,-0.2731597886682904,-0.1925110732076111
483,4.83,-0.30234979776284854,-0.19338028455940826
484,4.84,-0.3297828910301092,-0.1922694452917448
485,4.8500000000000005,-0.35745540834948253,-0.19199770241130992
486,4.86,-0.39186968598302563,-0.19179433717168212
487,4.87,-0.4187517913973173,-0.19167731673232566
488,4.88,-0.4538098628915446,-0.19089039180569295
489,4.89,-0.4887680748012084,-0.18997537075690543
490,4.9,-0.5170806847203885,-0.1898526095555572
491,4.91,-0.5476548158501664,-0.18967667491559714
492,4.92,-0.5834244128568116,-0.18846893020026723
493,4.93,-0.610345394324745,-0.18825642543542234
494,4.94,-0.6405301333265735,-0.18749955118488018
495,4.95,-0.6727935535759157,-0.18642600525330424
496,4.96,-0.7043493035432469,-0.18589356589583605
497,4.97,-0.7283844375788088,-0.18557311262390458
498,4.98,-0.7605134807856081,-0.1846233769995659
499,4.99,-0.7871353989104953,-0.18436579120189017
500,5.0,-0.8173726675157478,-0.1832029681608645
501,5.01,-0.8445892996339964,-0.18194622469255323
502,5.0200000000000005,-0.8707018750355162,-0.18176841939623486
503,5.03,-0.8926875836742848,-0.1809015883391238
504,5.04,-0.9204615016286887,-0.17949428949790236
505,5.05,-0.9360029403011649,-0.17853514316969735
506,5.0600000000000005,-0.9636156650145796,-0.17783788851066254
507,5.07,-0.9797578469184485,-0.17674484102478386
508,5.08,-1.0001435794904763,-0.17535460436036604
509,5.09,-1.017372854303716,-0.174289656589801
510,5.1000000000000005,-1.0342561944758208,-0.17398400095595565
511,5.11,-1.0448944787939103,-0.1724504690005979
512,5.12,-1.0612725478950915,-0.1713200813239731
513,5.13,-1.0759608178161417,-0.17054142870761174
514,5.14,-1.088566119419725,-0.1688103322263527
515,5.15,-1.0892209679502485,-0.1677105729873761
516,5.16,-1.0995711247496815,-0.16674430070833898
517,5.17,-1.1099892707040067,-0.1658906997927513
518,5.18,-1.122293132154877,-0.1652585754534627
519,5.19,-1.122628232895172,-0.16414378250069625
520,5.2,-1.130088213184013,-0.16243766932135165
521,5.21,-1.1375570929191288,-0.1614610462239221
522,5.22,-1.147186383934361,-0.16097739091235047
523,5.23,-1.1472023575455985,-0.1591796330325671
524,5.24,-1.1504363444353707,-0.15789164317768703
525,5.25,-1.1545356172388284,-0.15644849372476555
526,5.26,-1.152290713660698,-0.15579111233916376
527,5.2700000000000005,-1.1640109263843879,-0.1559537590383025
528,5.28,-1.162104808579773,-0.15340458305212837
529,5.29,-1.1586289177286702,-0.15280809299006873
530,5.3,-1.1609169819185452,-0.1511955209462143
531,5.3100000000000005,-1.166503749531175,-0.15090299550185654
532,5.32,-1.1675937900144058,-0.14840099744663973
533,5.33,-1.1674550416786533,-0.14745391069556893
534,5.34,-1.16798969332887,-0.14670845858987172
535,5.3500000000000005,-1.1645882863857573,-0.14438472009332323
536,5.36,-1.1654873161235668,-0.14456358721250195
537,5.37,-1.1676645531363088,-0.14276010618866725
538,5.38,-1.1675578600403316,-0.1418745875742703
539,5.39,-1.1667761730586483,-0.1406402408708165
540,5.4,-1.1670804707035478,-0.1395720768780268
541,5.41,-1.1676118394800887,-0.1391423083423864
542,5.42,-1.1633047394143747,-0.13751973099317114
543,5.43,-1.170540023517009,-0.1360384781134404
544,5.44,-1.171365297655802,-0.13468007143880875
545,5.45,-1.170489122159412,-0.13428164367237344
546,5.46,-1.1612177192455582,-0.1320026800098441
547,5.47,-1.1663996946627762,-0.13065944800972037
548,5.48,-1.166752573288801,-0.13024513159190312
549,5.49,-1.1642652676515084,-0.12913749851084091
550,5.5,-1.1568008490876482,-0.12785747173468023
551,5.51,-1.1593266776290905,-0.1263652760563416
552,5.5200000000000005,-1.1560652970326755,-0.12524711020338844
553,5.53,-1.1579011400424117,-0.12503197848456493
554,5.54,-1.1584229767605299,-0.12304622214408124
555,5.55,-1.1570265602344472,-0.12176202384210044
556,5.5600000000000005,-1.161320745286275,-0.12134306791180696
557,5.57,-1.1573435179257436,-0.12014453659831963
558,5.58,-1.155225105699645,-0.11919525337724603
559,5.59,-1.153829748274079,-0.11732128555512668
560,5.6000000000000005,-1.1499626978303108,-0.11638798070856035
561,5.61,-1.155819686311562,-0.11494845180324036
562,5.62,-1.1471411484794771,-0.11394676656839624
563,5.63,-1.149551997591397,-0.11289604843961694
564,5.64,-1.1485747029283542,-0.11267352160601934
565,5.65,-1.14797164385783,-0.1109440778219199
566,5.66,-1.1513530784314119,-0.10891170715826846
567,5.67,-1.1436629370924716,-0.10849411079960726
568,5.68,-1.1405423838780864,-0.1068610096477625
569,5.69,-1.139080787762442,-0.10597572943534875
570,5.7,-1.1442605750505603,-0.10526203300269263
571,5.71,-1.1398565288096645,-0.103621002540575
572,5.72,-1.140001941993258,-0.10229925220493455
573,5.73,-1.1363532721545568,-0.10152691618920452
574,5.74,-1.1399402320167342,-0.10026435860081738
575,5.75,-1.138133945751466,-0.09943589277777608
576,5.76,-1.133932174351426,-0.09788184020309894
577,5.7700000000000005,-1.1378408521315455,-0.09728947706146115
578,5.78,-1.1346841153954417,-0.09572092560545985
579,5.79,-1.133669573984111,-0.09448168633624576
580,5.8,-1.1270470808217556,-0.0933756319862876
581,5.8100000000000005,-1.1312804575030573,-0.09145532624079598
582,5.82,-1.122675544574541,-0.09119365067587565
583,5.83,-1.1316023570572185,-0.08994355475259812
584,5.84,-1.124953874837896,-0.08911733739947739
585,5.8500000000000005,-1.1259470809662289,-0.0878465045395026
586,5.86,-1.1200274729186437,-0.08588846329410613
587,5.87,-1.1210895329446855,-0.08487996235859117
588,5.88,-1.119060510645297,-0.0842990600454486
589,5.89,-1.1241406764517632,-0.08390247266141149
590,5.9,-1.122400245365783,-0.08243246537389244
591,5.91,-1.1168222226670739,-0.08189910267162057
592,5.92,-1.1173115564436504,-0.0799128504489146
593,5.93,-1.1139515507596764,-0.07878535888515396
594,5.94,-1.1134872625296544,-0.07808736979146313
595,5.95,-1.1105091360940245,-0.07690897526067597
596,5.96,-1.1103680983296855,-0.07672864377801844
597,5.97,-1.112423903010295,-0.07433087701077445
598,5.98,-1.1093329941453065,-0.07364478790397755
599,5.99,-1.1105039224015878,-0.0724814920595072
600,6.0,-1.102651643033177,-0.07070671037259972
601,6.01,-1.1046879145849278,-0.0701463905448406
602,6.0200000000000005,-1.1010450494928994,-0.06919636035502784
603,6.03,-1.0968101698879928,-0.06749039875696869
604,6.04,-1.0985776036303032,-0.06630388923428397
605,6.05,-1.104968069248113,-0.06565185666774494
606,6.0600000000000005,-1.101042401848786,-0.06494453227130784
607,6.07,-1.0966330060557659,-0.06366915869222609
608,6.08,-1.0965572185105241,-0.0620261499331809
609,6.09,-1.0946486138035108,-0.061479005234982044
610,6.1000000000000005,-1.0891118896027792,-0.06026734878792675
611,6.11,-1.092895593541078,-0.05871982823991634
612,6.12,-1.0978371573922845,-0.058321408838102995
613,6.13,-1.0931421323803032,-0.056541666711288754
614,6.140000000000001,-1.0896879506224244,-0.0556930774369862
615,6.15,-1.0906610174094191,-0.05464224612213196
616,6.16,-1.0871093617824195,-0.054038075569429814
617,6.17,-1.0897635472104943,-0.0517270337861361
618,6.18,-1.081254877558971,-0.05120085824054112
619,6.19,-1.0818121725562189,-0.05009607457177874
620,6.2,-1.0870548881942559,-0.04902982971082624
621,6.21,-1.082238924392725,-0.04831702472187739
622,6.22,-1.0756887603909977,-0.046383740124729206
623,6.23,-1.0778495505315338,-0.04619468969964138
624,6.24,-1.0757537734217881,-0.04503020125306229
625,6.25,-1.080072314288839,-0.04363468008635532
626,6.26,-1.0744369807869132,-0.04268975938574438
627,6.2700000000000005,-1.080515491933213,-0.04163738460060306
628,6.28,-1.0731193123321925,-0.04069355521683297
629,6.29,-1.07404701173715,-0.03909543581602056
630,6.3,-1.0713010512325287,-0.037955421426352345
631,6.3100000000000005,-1.0662967655747095,-0.03796357247264855
632,6.32,-1.068836127831458,-0.036193006237752366
633,6.33,-1.0640771190064915,-0.035607956716849604
634,6.34,-1.0603474424472432,-0.03390557197849262
635,6.3500000000000005,-1.0651002832612824,-0.03365678256846694
636,6.36,-1.063066481908564,-0.03134440870036321
637,6.37,-1.0578385932316754,-0.03177321468003447
638,6.38,-1.0564041994897089,-0.029479417053710863
639,6.390000000000001,-1.0574732329463543,-0.029057636631872125
640,6.4,-1.0576815208867705,-0.02771705244820707
641,6.41,-1.0560214479716772,-0.026927054588992114
642,6.42,-1.051324817315364,-0.026383802788391766
643,6.43,-1.049857499897444,-0.024522746983497677
644,6.44,-1.0509829394938988,-0.02371826380716716
645,6.45,-1.0479123742176935,-0.022370811359855657
646,6.46,-1.0528624433877656,-0.02106979522495861
647,6.47,-1.0479011361562671,-0.019833905238304583
648,6.48,-1.046106881974365,-0.018950625730610963
649,6.49,-1.0401511848966292,-0.01813058006087323
650,6.5,-1.04484501337765,-0.017313736866418485
651,6.51,-1.0465199242602883,-0.01626408488753365
652,6.5200000000000005,-1.0381047960695557,-0.01544554104594102
653,6.53,-1.0397903754874007,-0.014803905468852884
654,6.54,-1.0372518761448728,-0.013057668873475549
655,6.55,-1.041974316989539,-0.012480847943453282
656,6.5600000000000005,-1.0329350242037787,-0.010725923471060817
657,6.57,-1.0327036039042015,-0.010079288916394197
658,6.58,-1.0370423601298226,-0.009047596055505248
659,6.59,-1.030943155220535,-0.007680320249017446
660,6.6000000000000005,-1.0304108468153124,-0.007093293850989746
661,6.61,-1.0272132067630453,-0.005877452324516671
662,6.62,-1.0250034838658342,-0.0046169358754204
663,6.63,-1.0186743142685384,-0.0035827205426261543
664,6.640000000000001,-1.0212987691374749,-0.0023095971758009893
665,6.65,-1.0287089210252691,-0.0023748498718137306
666,6.66,-1.0187747745873235,-0.0011793206794040775
667,6.67,-1.0204179264788922,0.00043065159649386173
668,6.68,-1.0206517032776588,0.0019552088767203347
669,6.69,-1.014789041765475,0.0018533234113215545
670,6.7,-1.0135945094407794,0.0028323180468658106
671,6.71,-1.0091049885779304,0.004518622820380418
672,6.72,-1.009598152749273,0.0058644680294006385
673,6.73,-1.0123789877441114,0.005962938913307747
674,6.74,-1.0118457106791725,0.0067828481778029305
675,6.75,-1.0059131914272874,0.008578748190354618
676,6.76,-1.009269637575229,0.008645385826075647
677,6.7700000000000005,-1.0064640044673594,0.01043867778050513
678,6.78,-1.006255773583935,0.011233899208794406
679,6.79,-1.0007874604195546,0.01222852038513306
680,6.8,-0.9979431840206516,0.013363960684947907
681,6.8100000000000005,-1.0086091504956063,0.014453306553496371
682,6.82,-0.999122151610252,0.015202895639461818
683,6.83,-0.9967925970083281,0.016054096738700296
684,6.84,-0.9937211519731985,0.017530082711077984
685,6.8500000000000005,-0.9937875964817616,0.018548592411060768
686,6.86,-0.9911629422500627,0.019298135668475228
687,6.87,-0.9900707503952686,0.02048285557229058
688,6.88,-0.9903396950561665,0.020954194700053146
689,6.890000000000001,-0.9866663711824981,0.02234315395292323
690,6.9,-0.9889004139496547,0.0234340174674696
691,6.91,-0.9879635045059635,0.02373931234051959
692,6.92,-0.9837712278632534,0.02507866947428908
693,6.93,-0.9848093393297237,0.02604060882535325
694,6.94,-0.9855906704366588,0.02775422721238822
695,6.95,-0.9799375432942788,0.028106743837210162
696,6.96,-0.9801324393529494,0.02905671888794466
697,6.97,-0.9780153790508649,0.029429391835429416
698,6.98,-0.9726569579211561,0.03135805198621555
699,6.99,-0.9695962298217734,0.031564055320949344
700,7.0,-0.9724606010757635,0.03288833790715209
701,7.01,-0.973291868451391,0.033895797503064116
702,7.0200000000000005,-0.9719612361904147,0.03427633521831213
703,7.03,-0.9691436035282492,0.03624686591491683
704,7.04,-0.9627957359957999,0.03661954293816852
705,7.05,-0.9680512952150548,0.03833168338317874
706,7.0600000000000005,-0.9584631135565874,0.03935958038864243
707,7.07,-0.961930120027591,0.039870762152940754
708,7.08,-0.9634929971194747,0.040909287087647614
709,7.09,-0.9597568811746546,0.04176529182856381
710,7.1000000000000005,-0.9583692323007158,0.042685067308429164
711,7.11,-0.9561400577465126,0.044209892456890484
712,7.12,-0.955968635135723,0.04474292017775671
713,7.13,-0.9522821638999625,0.04523959730990036
714,7.140000000000001,-0.9536721382480404,0.04691414404915976
715,7.15,-0.9491329411834251,0.04747634609891394
716,7.16,-0.9481717732757423,0.04807629854999594
717,7.17,-0.9490727672513382,0.049169936067589286
718,7.18,-0.947623479323527,0.05079780824522885
719,7.19,-0.9426196309068565,0.051182890745136794
720,7.2,-0.9380833544475398,0.052391685721246556
721,7.21,-0.9394804902321557,0.05355314360672062
722,7.22,-0.9442783865285633,0.05379323598356948
723,7.23,-0.9301006851380187,0.05499819885992572
724,7.24,-0.9315297652969105,0.05630996459617035
725,7.25,-0.9320414533982313,0.05641939817972382
726,7.26,-0.9264637419750084,0.05710677106519486
727,7.2700000000000005,-0.929376237532531,0.05889565149941603
728,7.28,-0.926978075834504,0.05949331093870364
729,7.29,-0.92459864802851,0.06019678710601833
730,7.3,-0.9234480319960968,0.06111592793981637
731,7.3100000000000005,-0.9252696127590277,0.0619910464578141
732,7.32,-0.9197482224737445,0.06403078229948127
733,7.33,-0.9195822680064182,0.06427746264943264
734,7.34,-0.9229680093709111,0.06479737680256054
735,7.3500000000000005,-0.9118722695821233,0.06614358307298863
736,7.36,-0.9167379202745478,0.06708437693064573
737,7.37,-0.9182053259669213,0.0684410138298881
738,7.38,-0.9132018711493732,0.06858974666347945
739,7.390000000000001,-0.9106357955868859,0.07027223183979993
740,7.4,-0.9106451509896424,0.07067608365224304
741,7.41,-0.9070744908976452,0.07161375271506848
742,7.42,-0.9013700142777307,0.07267911277426252
743,7.43,-0.9011544495946064,0.0730292746063786
744,7.44,-0.9027409259345804,0.07421793805648763
745,7.45,-0.8988433650177877,0.07558392327925387
746,7.46,-0.8962138725278643,0.07608309725647051
747,7.47,-0.8942029920990192,0.0760083756738707
748,7.48,-0.8933556180912956,0.07850200361761853
749,7.49,-0.8893824864665298,0.07858347005829251
750,7.5,-0.8940283255648429,0.07927542582121222
751,7.51,-0.8916669980994059,0.07996452818818309
752,7.5200000000000005,-0.8872216831562746,0.08175711466105562
753,7.53,-0.8883192190285871,0.08264570329108227
754,7.54,-0.8797135413980659,0.08258169413933969
755,7.55,-0.8773908534937186,0.0844224880660826
756,7.5600000000000005,-0.8777972012631621,0.08533668056413607
757,7.57,-0.8803021142927061,0.08589366110504673
758,7.58,-0.8769207746200872,0.08645859363733886
759,7.59,-0.8722784407730343,0.08843521508847135
760,7.6000000000000005,-0.8724622784144268,0.0886224473727405
761,7.61,-0.8735313359821866,0.08998598547062553
762,7.62,-0.8673617524061286,0.09013307182288328
763,7.63,-0.8625473573021304,0.09075116611899417
764,7.640000000000001,-0.8576474010056141,0.09219846545954771
765,7.65,-0.8635250871493462,0.0934586926698682
766,7.66,-0.8621229365452188,0.09284915426906426
767,7.67,-0.8578344247209848,0.09422416789088263
768,7.68,-0.8602785899925984,0.09598543490589632
769,7.69,-0.85319462592288,0.09618676862217496
770,7.7,-0.8490885276342401,0.09738012211753731
771,7.71,-0.8527670098953245,0.09828571896428656
772,7.72,-0.8477184641044181,0.0986582506313783
773,7.73,-0.8469725639445084,0.09944156538822396
774,7.74,-0.8455871553746086,0.10017172297955855
775,7.75,-0.844117111895365,0.10193164220339122
776,7.76,-0.8397093827153203,0.10231428801262457
777,7.7700000000000005,-0.8406777913763814,0.10346427689122666
778,7.78,-0.8377191316084003,0.10344794560866429
779,7.79,-0.8340751979400544,0.10422498394745223
780,7.8,-0.8285936944894988,0.10581767305453725
781,7.8100000000000005,-0.8278973616919052,0.10561506197025902
782,7.82,-0.8264913110895028,0.10691376534308168
783,7.83,-0.8253525715572279,0.10830816747430504
784,7.84,-0.8235674944948778,0.1090386866885575
785,7.8500000000000005,-0.8196923896680417,0.1093281072958848
786,7.86,-0.8223859561999128,0.11038828344452713
787,7.87,-0.8171708711530803,0.11153270465045621
788,7.88,-0.8178983669170473,0.11225239537920503
789,7.890000000000001,-0.8121950206803387,0.11356117033259902
790,7.9,-0.8124901735901023,0.11354816671779293
791,7.91,-0.8079649397478905,0.11473427893663381
792,7.92,-0.8034127839221639,0.11513726559045788
793,7.930000000000001,-0.8070716541605528,0.11607528513453301
794,7.94,-0.7969680245745698,0.11718427801489854
795,7.95,-0.798055070380944,0.11826647857190493
796,7.96,-0.791728472039958,0.11886822401028323
797,7.97,-0.8001265752612863,0.119263910139381
798,7.98,-0.792148710183296,0.11996209623138533
799,7.99,-0.7980726959977745,0.12145822130027806
800,8.0,-0.7928404972213807,0.1214250956272507
801,8.01,-0.7928426467250312,0.12201093727078297
802,8.02,-0.7847093073767079,0.12408715931179658
803,8.03,-0.7852751961660772,0.12384537142170819
804,8.040000000000001,-0.7836662207918783,0.12479771113850613
805,8.05,-0.7783033341686699,0.1255088102251193
806,8.06,-0.7744825041050383,0.12673172126585544
807,8.07,-0.7761271796172584,0.1268125521469264
808,8.08,-0.7767779987308356,0.12786426166426867
809,8.09,-0.7657223749161304,0.12873736112947315
810,8.1,-0.7670761784718005,0.1303905832968403
811,8.11,-0.7616910980267917,0.12996795546026643
812,8.120000000000001,-0.7612938879988699,0.13148253057489495
813,8.13,-0.7569916398722594,0.13169383867042578
814,8.14,-0.7571516728918739,0.1318811241550251
815,8.15,-0.7547761681101401,0.13332509689726071
816,8.16,-0.752450602569849,0.13368384095464894
817,8.17,-0.7493095505811467,0.1352068309058024
818,8.18,-0.7476193106352647,0.13544127256592906
819,8.19,-0.7408499905154077,0.1359796330697262
820,8.2,-0.7431477857364217,0.13667670503685497
821,8.21,-0.7403956677718965,0.1375785337426475
822,8.22,-0.7355249831403476,0.13870569821585585
823,8.23,-0.7319968456479903,0.14026239202417515
824,8.24,-0.7314913775879306,0.14063080581587145
825,8.25,-0.7271151772456571,0.14035546538985927
826,8.26,-0.7259517240435731,0.14124674940306556
827,8.27,-0.7215581316998163,0.141901322935232
828,8.28,-0.7181766275293265,0.14345051382100468
829,8.290000000000001,-0.7203149273777427,0.14401837684442034
830,8.3,-0.7079501746821115,0.14399594332875185
831,8.31,-0.7147491694938454,0.14533274054581896
832,8.32,-0.706972261031186,0.14572073514172143
833,8.33,-0.7084203060871211,0.1465306364682754
834,8.34,-0.6972871404037055,0.14724093680008196
835,8.35,-0.7029043675729267,0.1485160951074062
836,8.36,-0.6965487967138227,0.14943270288166968
837,8.370000000000001,-0.6884000471997684,0.1497682523307431
838,8.38,-0.6971897544751202,0.14982467339257757
839,8.39,-0.6949083241628645,0.1504430783118943
840,8.4,-0.6822202352604259,0.15169432916167788
841,8.41,-0.6779552368924779,0.15267369080121918
842,8.42,-0.6782428046556838,0.15304776291059385
843,8.43,-0.6773960008270156,0.15293631780320843
844,8.44,-0.6751096394777065,0.1535369658598136
845,8.45,-0.6724916833534964,0.15472488375077578
846,8.46,-0.6654224577485762,0.15538183435640388
847,8.47,-0.6661282170153715,0.15570367188317685
848,8.48,-0.6641835948024825,0.1572885082710357
849,8.49,-0.6595686247620562,0.15732019291678837
850,8.5,-0.6587419345278583,0.15821800227456628
851,8.51,-0.6549187784482912,0.15886973548953565
852,8.52,-0.651464943094379,0.160136613988673
853,8.53,-0.6432719240514336,0.15986897221422222
854,8.540000000000001,-0.6449492731823142,0.16140373646128492
855,8.55,-0.6414981422360213,0.16136097446130754
856,8.56,-0.6370179018165736,0.16182972574664362
857,8.57,-0.6239363141546069,0.16334677835677336
858,8.58,-0.6266384444186706,0.16314998568731093
859,8.59,-0.6244600026477355,0.16352899466994852
860,8.6,-0.6209595913513866,0.16419901979181228
861,8.61,-0.6192969075823296,0.1649792937287739
862,8.620000000000001,-0.6081633373477255,0.16561989823687537
863,8.63,-0.6035981917101725,0.1659283841834896
864,8.64,-0.5994744253796084,0.1670019703281503
865,8.65,-0.6017422271293292,0.16777192841116645
866,8.66,-0.5923353724878286,0.16856878419286714
867,8.67,-0.5930337663992734,0.16846040808347204
868,8.68,-0.5933737995274045,0.16852562771166515
869,8.69,-0.5801470647015788,0.16927563119718872
870,8.700000000000001,-0.5795093272697782,0.1710678846692397
871,8.71,-0.5750677672915478,0.17119500096597823
872,8.72,-0.5688331961692046,0.1715367069349338
873,8.73,-0.5661615451920857,0.17221519995520457
874,8.74,-0.5650872953638874,0.17210861372339795
875,8.75,-0.5563952896097605,0.1731888308439204
876,8.76,-0.5465670246648989,0.17399957832220056
877,8.77,-0.5527427857832634,0.17442596076271333
878,8.78,-0.544759399436265,0.1743014781155891
879,8.790000000000001,-0.5347073312372472,0.17513555407374762
880,8.8,-0.5347148996768971,0.17602883919602635
881,8.81,-0.5307884351552882,0.17623627121501437
882,8.82,-0.5237100002306935,0.17713246446103062
883,8.83,-0.5192332812891217,0.17702206385602867
884,8.84,-0.5184972295200782,0.17870750636722776
885,8.85,-0.5044546709240998,0.1788015819690447
886,8.86,-0.49945503199090685,0.17898930238789948
887,8.870000000000001,-0.49633485929544185,0.17987825008299024
888,8.88,-0.4932617887660206,0.179826526259287
889,8.89,-0.481583919847483,0.18048111501814434
890,8.9,-0.48190974598489256,0.18135397258418665
891,8.91,-0.4743517775536303,0.18174331518620757
892,8.92,-0.4681490875268438,0.18170518735275673
893,8.93,-0.46365533773650086,0.18293316008314373
894,8.94,-0.4656765652392342,0.18308889902506806
895,8.950000000000001,-0.4535002266765287,0.1835054885164555
896,8.96,-0.44636256037891175,0.18375018249154174
897,8.97,-0.43848047781355864,0.1837992046468446
898,8.98,-0.4356090238199276,0.18524226465800844
899,8.99,-0.42853960902952787,0.18495168276473628
900,9.0,-0.4238121308197762,0.18600202050504658
901,9.01,-0.41084280685781277,0.18579748237646357
902,9.02,-0.40959477406057876,0.186974590602249
903,9.03,-0.3964000073839711,0.18659439983612927
904,9.040000000000001,-0.3945515464163582,0.1866711402182794
905,9.05,-0.3832623222361242,0.18741350213833693
906,9.06,-0.37607839189969516,0.18821620019902308
907,9.07,-0.3641960586500491,0.18850192093215884
908,9.08,-0.35950181145238364,0.1884601946693117
909,9.09,-0.3546936853534193,0.18953546036438998
910,9.1,-0.33859032614184986,0.19009156093491375
911,9.11,-0.33257216930069916,0.19033740088090803
912,9.120000000000001,-0.32309765961642684,0.19035797620098618
913,9.13,-0.31867765638858625,0.19060207022122103
914,9.14,-0.3065915706389318,0.19076994524621044
915,9.15,-0.29320165945199644,0.1914147135074835
916,9.16,-0.281565736613832,0.1915977718233015
917,9.17,-0.2752868219589914,0.19212842443807718
918,9.18,-0.25941795064585504,0.1918723469481799
919,9.19,-0.24987473144412717,0.1922986151843614
920,9.200000000000001,-0.23499140732078125,0.1925477653269831
921,9.21,-0.22659691168722526,0.1921243123754445
922,9.22,-0.20975415869211228,0.19162651725989885
923,9.23,-0.20191189858895445,0.19314136177338387
924,9.24,-0.18216247561387672,0.19382035343042942
925,9.25,-0.17067249711199312,0.19422356787220038
926,9.26,-0.16567426663816168,0.19437099202374983
927,9.27,-0.15191085380742267,0.19337103688584048
928,9.28,-0.13058847533796353,0.19367545102613198
929,9.290000000000001,-0.11020178635935218,0.1938385908037971
930,9.3,-0.09809005172640464,0.19434551842438683
931,9.31,-0.08521148195519389,0.19436113885134942
932,9.32,-0.06668278532278521,0.19502509967226944
933,9.33,-0.04344424788656915,0.19404565974375504
934,9.34,-0.03052518469066032,0.19403049146366158
935,9.35,-0.007052359651416144,0.19486336962998876
936,9.36,0.0122328065270974,0.19453955279275442
937,9.370000000000001,0.028501653709841174,0.19410492250616213
938,9.38,0.043532918041886685,0.1945947497377347
939,9.39,0.0728618561267313,0.19393081330066653
940,9.4,0.09484219569191758,0.19411817100284393
941,9.41,0.1094775988065645,0.1945901723239706
942,9.42,0.13407290021601848,0.19384546121819182
943,9.43,0.16266515254578437,0.19287820306943806
944,9.44,0.18594094622998195,0.1942427681691075
945,9.450000000000001,0.21301241879942778,0.19377246510217128
946,9.46,0.24000867830273656,0.1931371206845887
947,9.47,0.26597965555737063,0.19266669599755468
948,9.48,0.30097140893942637,0.19258730586104403
949,9.49,0.3236960802102014,0.19301242764021978
950,9.5,0.3489727371142311,0.19248938317013908
951,9.51,0.3858880518093773,0.19049466620464833
952,9.52,0.41398730215614643,0.19106995133490912
953,9.53,0.4434199840275082,0.19113726810505144
954,9.540000000000001,0.47609319242122405,0.1906518815377954
955,9.55,0.5024707264916418,0.18950707842199643
956,9.56,0.5382725837397913,0.18999991771337027
957,9.57,0.5717296395706953,0.18911199750800592
958,9.58,0.604971137076959,0.18728367801764012
959,9.59,0.6324683093419391,0.18791385798837626
960,9.6,0.6649324341743197,0.18695646701690213
961,9.61,0.6980838078849199,0.18614495019439467
962,9.620000000000001,0.7272612103176029,0.1861103714890574
963,9.63,0.7497899895910655,0.18505970065818128
964,9.64,0.7829657694633146,0.1844567263207722
965,9.65,0.8111320871580349,0.18334229735169177
966,9.66,0.8352713657526284,0.1827810565212625
967,9.67,0.8633782231135696,0.18129838021230504
968,9.68,0.8895164927263632,0.18127622907497887
969,9.69,0.9168519497834988,0.1798879497981716
970,9.700000000000001,0.9343693703664234,0.17883182013088592
971,9.71,0.957211488331661,0.1775667743105135
972,9.72,0.9798232868434003,0.1775855506113921
973,9.73,0.9965380428784821,0.1758076149289905
974,9.74,1.0134719924716655,0.17539717452654907
975,9.75,1.0271838954330472,0.17340801681294618
976,9.76,1.0404053357042335,0.17276928425740956
977,9.77,1.0565483908006321,0.17213159237907522
978,9.78,1.0696856126786844,0.17087493995183972
979,9.790000000000001,1.0810249084047125,0.16964383140369946
980,9.8,1.0920421573951842,0.16856420862503763
981,9.81,1.0989453241116351,0.16712013289468652
982,9.82,1.1099667360165082,0.1665804231790808
983,9.83,1.1159484272258007,0.16511025284193193
984,9.84,1.124505482126539,0.16376198743747564
985,9.85,1.1292892793912046,0.16306681234199905
986,9.86,1.1364015483846177,0.1616748004633965
987,9.870000000000001,1.14211551897431,0.16117534295613364
988,9.88,1.148664944522268,0.1592202627267087
989,9.89,1.1501673286177871,0.15844488331025625
990,9.9,1.1505773890181032,0.15704972631487094
991,9.91,1.1536421569320539,0.15612210264844661
992,9.92,1.1584058783233318,0.15539134367069857
993,9.93,1.1589345221148168,0.15301175533603473
994,9.94,1.1611917444487616,0.1522076028567048
995,9.950000000000001,1.1679921581007007,0.15158972772304338
996,9.96,1.1683893171497823,0.14984581774484995
997,9.97,1.164000547183329,0.1493931172716475
998,9.98,1.1676559632520023,0.1476415754463893
999,9.99,1.1643525539867137,0.14630424066693448
1000,10.0,1.1692897307326728,0.14556492247008912
1001,10.01,1.1684592606926514,0.14439668041814252
1002,10.02,1.1696065378782066,0.14322525887648926
1003,10.03,1.1708107845452251,0.1418485990849969
1004,10.040000000000001,1.168728059723502,0.14142454643913682
1005,10.05,1.1635242148207232,0.13989915308213285
1006,10.06,1.1682229426744828,0.1389871328879887
1007,10.07,1.166570823386626,0.13723505143745693
1008,10.08,1.1701573905962206,0.13621302017441617
1009,10.09,1.1650233767186073,0.13501379232723706
1010,10.1,1.163640809848746,0.13456500854441977
1011,10.11,1.1586994337473175,0.13327859392813854
1012,10.120000000000001,1.1625032977549838,0.13216268717620597
1013,10.13,1.1617824679857383,0.1307864766239636
1014,10.14,1.1603838688530463,0.1290997188355798
1015,10.15,1.1580320961415955,0.12845751204954747
1016,10.16,1.1630779917544876,0.12715515577358139
1017,10.17,1.160354486711773,0.12607289809503647
1018,10.18,1.1593948697712915,0.12481421757416443
1019,10.19,1.155815405050194,0.12357005913469299
1020,10.200000000000001,1.1550299921516307,0.12167619012753875
1021,10.21,1.1541655888880193,0.12046742181791248
1022,10.22,1.1569534138762099,0.1203798587377593
1023,10.23,1.1545586004409467,0.11868332600664387
1024,10.24,1.161498556943486,0.11785091890366366
1025,10.25,1.1503812569308849,0.11693219807929053
1026,10.26,1.1508477908492802,0.11538401535330756
1027,10.27,1.1540424688531334,0.11468193473084266
1028,10.28,1.1483774402359528,0.11301464219128872
1029,10.290000000000001,1.1472946592824853,0.11172506884445224
1030,10.3,1.153030234716978,0.11005797638524456
1031,10.31,1.1393121891108513,0.11014390701449694
1032,10.32,1.1455819494376656,0.10906794430958043
1033,10.33,1.1452250878617667,0.10684134756056342
1034,10.34,1.1443845969505098,0.10627721553684769
1035,10.35,1.137475639301448,0.10508550080759167
1036,10.36,1.1427041231544204,0.10372312929966757
1037,10.370000000000001,1.1351036177434695,0.10196809961839245
1038,10.38,1.1358836117587767,0.10231162794780695
1039,10.39,1.1377215625529522,0.10110710208749535
1040,10.4,1.138507497580953,0.0993020191622
1041,10.41,1.1362505674107903,0.09817999910263002
1042,10.42,1.1342461830316592,0.09734400583798011
1043,10.43,1.1283190249723558,0.09558851434546814
1044,10.44,1.1328930140199438,0.09465424181186011
1045,10.450000000000001,1.1330500880720868,0.09378248632572819
1046,10.46,1.1320159822109517,0.09228523908473632
1047,10.47,1.1254546370270881,0.09123438091271206
1048,10.48,1.125001885030598,0.09137249124134127
1049,10.49,1.1274381265314128,0.08894288343268045
1050,10.5,1.1251988503871635,0.08783133726853007
1051,10.51,1.1232520438734277,0.08703650412671991
1052,10.52,1.1246323119312167,0.08563363804563709
1053,10.53,1.1252327162682723,0.08480021100799184
1054,10.540000000000001,1.1206470633884693,0.08370209660424979
1055,10.55,1.1179304312466922,0.08320426089036506
1056,10.56,1.1194619532200716,0.0811226184726151
1057,10.57,1.1147978658667006,0.08075527277819657
1058,10.58,1.124531793460449,0.07894031025960528
1059,10.59,1.1109042153450188,0.07791748171178124
1060,10.6,1.1148729615079802,0.07685987511832235
1061,10.61,1.1154328915363554,0.0766038930848382
1062,10.620000000000001,1.1126535071091457,0.07533426832175766
1063,10.63,1.1109954338346886,0.07312169062673678
1064,10.64,1.108776968188707,0.07285742772327884
1065,10.65,1.1080861530810482,0.07069036362446288
1066,10.66,1.1053460606875887,0.06912973644697554
1067,10.67,1.1062251953141744,0.0693735778441184
1068,10.68,1.1010153343894828,0.06783345212325367
1069,10.69,1.104624316460192,0.06753837232168801
1070,10.700000000000001,1.1012742381820284,0.06619976970238396
1071,10.71,1.0962946894808674,0.06417364503215657
1072,10.72,1.0982061482201624,0.06397066499962502
1073,10.73,1.0920875209895164,0.06253265363512969
1074,10.74,1.0942957483081215,0.06100576599897019
1075,10.75,1.0951468159556461,0.060623203178106315
1076,10.76,1.0946290733665207,0.05956822349295159
1077,10.77,1.093904827660806,0.058303508202925174
1078,10.78,1.08927523301451,0.05728484687904923
1079,10.790000000000001,1.0917385185281396,0.05600823839632723
1080,10.8,1.0931495802118845,0.05490946604775178
1081,10.81,1.087529760596352,0.05371282674133743
1082,10.82,1.081336884380098,0.05262877504267538
1083,10.83,1.084629201766119,0.05195520934846138
1084,10.84,1.0845462275416795,0.049959945271275404
1085,10.85,1.0830937035004498,0.04986023881766612
1086,10.86,1.0775168554248917,0.04878876905230888
1087,10.870000000000001,1.082128272640586,0.04761094252400848
1088,10.88,1.07541407808366,0.04645931695960161
1089,10.89,1.075415157890854,0.04493598320375432
1090,10.9,1.0715957313073807,0.04456393668318237
1091,10.91,1.0770329695148,0.04267092819086831
1092,10.92,1.0764329386501243,0.04103865467591776
1093,10.93,1.0738019703272714,0.041058473994182866
1094,10.94,1.0717839721158002,0.03979264624940686
1095,10.950000000000001,1.0739468085756605,0.0385194615556702
1096,10.96,1.067064124087331,0.03760892273466112
1097,10.97,1.0724351165092578,0.036003751643765035
1098,10.98,1.066845652644356,0.035367394418032314
1099,10.99,1.0678233176978247,0.034409375219652365
1100,11.0,1.0641773584796819,0.033144048781425677
1101,11.01,1.0652539847639608,0.03271611896731603
1102,11.02,1.0604005708189181,0.03167044311736452
1103,11.03,1.0627710231940686,0.030519746449952624
1104,11.040000000000001,1.0600834760881428,0.029364647924717657
1105,11.05,1.0598814296721688,0.027394207737450247
1106,11.06,1.0509820842003086,0.026315007630030755
1107,11.07,1.051899492844174,0.026482939141775075
1108,11.08,1.0511897499124092,0.024846352350735873
1109,11.09,1.0548942276171307,0.023260774622931864
1110,11.1,1.0490903165896526,0.022627596871138668
1111,11.11,1.0448505326088346,0.021282895951019478
1112,11.120000000000001,1.0406776908815996,0.02075420149855947
1113,11.13,1.0440074249698554,0.01942728814916874
1114,11.14,1.0414778406411067,0.01836371903760238
1115,11.15,1.04790193138967,0.017173262722740484
1116,11.16,1.0371649595800996,0.016499618573126887
1117,11.17,1.0377570781387757,0.015463641964964707
1118,11.18,1.0416971359111598,0.014923783658764492
1119,11.19,1.0369216947067763,0.01381022019568552
1120,11.200000000000001,1.034582523407411,0.01217614658606169
1121,11.21,1.0366423882643196,0.01179131182241389
1122,11.22,1.0356719900458022,0.009898618402996415
1123,11.23,1.035048974552582,0.009367727580463735
1124,11.24,1.0319782106224302,0.008253971469481487
1125,11.25,1.0344307681925946,0.007458810582081209
1126,11.26,1.027691926507261,0.0070313575763848455
1127,11.27,1.0290293915206143,0.0052005442570767675
1128,11.28,1.0234225417512601,0.004084809262099612
1129,11.290000000000001,1.022499310795714,0.0025808508495108475
1130,11.3,1.0287262693893107,0.002252482899685759
1131,11.31,1.0204609897818555,0.001952663174605827
1132,11.32,1.0175790906552047,0.000699270945478281
1133,11.33,1.0226898907346769,-0.0011460037323131281
1134,11.34,1.0205178327612754,-0.0017310461920839698
1135,11.35,1.01838765416919,-0.0024515254526835755
1136,11.36,1.0147083418786385,-0.00407624883830037
1137,11.370000000000001,1.0163552177476236,-0.0056622120496086495
1138,11.38,1.0157638139704657,-0.005950877314220632
1139,11.39,1.0076975083218642,-0.006926310279766216
1140,11.4,1.0069941147713302,-0.00805840599138108
1141,11.41,1.0085532328954958,-0.0090660779581402
1142,11.42,1.0071724041348458,-0.009744629538024798
1143,11.43,1.0020126330920318,-0.010638539514695712
1144,11.44,0.9994962192565613,-0.012240507784650346
1145,11.450000000000001,1.0031317447816768,-0.013942146674385205
1146,11.46,0.99620513943564,-0.014136434224799018
1147,11.47,0.9956218195503279,-0.015504359854235709
1148,11.48,0.9996749043189719,-0.016058586389250507
1149,11.49,1.0007185160135288,-0.017084159654147276
1150,11.5,0.9944617266110795,-0.01840053402022612
1151,11.51,0.9889104996408452,-0.01946451546711547
1152,11.52,0.9817408511328501,-0.019442125074902478
1153,11.53,0.9880232613569662,-0.021245662015221673
1154,11.540000000000001,0.9879085395851909,-0.02169647209390603
1155,11.55,0.9921696424663428,-0.02341455344864921
1156,11.56,0.983842220810766,-0.023883906984559108
1157,11.57,0.9852757121742266,-0.025037223045536305
1158,11.58,0.9831713921888113,-0.026060043377088546
1159,11.59,0.9781570715556958,-0.026713720013215692
1160,11.6,0.9829665993624578,-0.02805890278438224
1161,11.61,0.9801277553241683,-0.028695465124037825
1162,11.620000000000001,0.9810660060832743,-0.029563394042118614
1163,11.63,0.9790545598219256,-0.03153234078277085
1164,11.64,0.9767163782026623,-0.03219157534198036
1165,11.65,0.9685114592583682,-0.03183976549453655
1166,11.66,0.9711052470304946,-0.03392278808412599
1167,11.67,0.9740576341450505,-0.0346503878779484
1168,11.68,0.9660737328232895,-0.03577948947421601
1169,11.69,0.9703386783286533,-0.03593122204366464
1170,11.700000000000001,0.9696752962988474,-0.03777572042352059
1171,11.71,0.9613282014654653,-0.03854604855797833
1172,11.72,0.9604636783402342,-0.040098615121668346
1173,11.73,0.9577812730227093,-0.04006446636012847
1174,11.74,0.9612467634677957,-0.04147615101636731
1175,11.75,0.9597389546167002,-0.041810210500972854
1176,11.76,0.9572264101525007,-0.04325147708206862
1177,11.77,0.9517716363985654,-0.04461825351124169
1178,11.78,0.9520685434566938,-0.044460689745562006
1179,11.790000000000001,0.9526887580599622,-0.04613100931913182
1180,11.8,0.9469826176584072,-0.04730846909124348
1181,11.81,0.9474195067035917,-0.04822021436209034
1182,11.82,0.9462165674615081,-0.04885414179076795
1183,11.83,0.9445837080731987,-0.049285934425859795
1184,11.84,0.9400433922583203,-0.05078478108439424
1185,11.85,0.9394122674195726,-0.052354618429688804
1186,11.86,0.9354196552740585,-0.053204467828936716
1187,11.870000000000001,0.9360385052077921,-0.053862960560415354
1188,11.88,0.9342238466568011,-0.05497399058565373
1189,11.89,0.9316943791302144,-0.05505099015401708
1190,11.9,0.9357160061749373,-0.05607823265175043
1191,11.91,0.9338459717612269,-0.057464790982625885
1192,11.92,0.9272514362631268,-0.05917598716813877
1193,11.93,0.9273530989623249,-0.059671853100490044
1194,11.94,0.9262633389771165,-0.05997751147938473
1195,11.950000000000001,0.9267232096532676,-0.061422779788919066
1196,11.96,0.9196949227040526,-0.06246324864639891
1197,11.97,0.9209117264582629,-0.06364930589512796
1198,11.98,0.9164336950681554,-0.06419841482963783
1199,11.99,0.9169937714117019,-0.06490236517719246
1200,12.0,0.9180033034266605,-0.06558851052677199
1201,12.01,0.9201428147377007,-0.06706677137733988
1202,12.02,0.912985646996672,-0.06732762215732238
1203,12.030000000000001,0.912329616526051,-0.0687105202163534
1204,12.040000000000001,0.9079902975126617,-0.07012368581103666
1205,12.05,0.9049185876886195,-0.07069276094305053
1206,12.06,0.9053483504352462,-0.07113984434134708
1207,12.07,0.9087332391169909,-0.07248870914924826
1208,12.08,0.9011522278622373,-0.07388472307516451
1209,12.09,0.9034302216872415,-0.07425901552979314
1210,12.1,0.8995310346824972,-0.07481820785702413
1211,12.11,0.8945174214985354,-0.07575801329583387
1212,12.120000000000001,0.8969223233593588,-0.0763910875782436
1213,12.13,0.8891713110154618,-0.07794386250283573
1214,12.14,0.895627087540517,-0.0785968041628784
1215,12.15,0.8927655586429174,-0.07945040824286315
1216,12.16,0.8902310512439741,-0.0800903443491896
1217,12.17,0.8858062715968845,-0.08166713572927928
1218,12.18,0.8847170289089756,-0.08163070696407458
1219,12.19,0.8793315554055715,-0.08250430438099361
1220,12.200000000000001,0.8840180472201388,-0.0841686813627382
1221,12.21,0.8783378648018845,-0.08444977187420198
1222,12.22,0.8698013196684684,-0.086678103721148
1223,12.23,0.8774941351374611,-0.0869084761476895
1224,12.24,0.8689451159441128,-0.08708695195570586
1225,12.25,0.873018119115259,-0.08793597151620004
1226,12.26,0.8696802266877475,-0.08915563487825756
1227,12.27,0.8680943417976166,-0.09024138781401482
1228,12.280000000000001,0.8648414680053499,-0.09125567319065811
1229,12.290000000000001,0.8629570369319908,-0.09225409898401488
1230,12.3,0.8628446546509275,-0.09217840726243427
1231,12.31,0.8603691080476017,-0.09311258028852769
1232,12.32,0.8579084718822253,-0.09447409656855386
1233,12.33,0.8551346743679645,-0.09527703005643323
1234,12.34,0.84900255540675,-0.09570481223058348
1235,12.35,0.8511657735123155,-0.09687959765625018
1236,12.36,0.8486470914700501,-0.09762091025209292
1237,12.370000000000001,0.8500923314429681,-0.0985843182941429
1238,12.38,0.8456872354438134,-0.09956794636272549
1239,12.39,0.8384568720185333,-0.10003587307357843
1240,12.4,0.8489981602205481,-0.10153624712928162
1241,12.41,0.8432252549956509,-0.10186913678010932
1242,12.42,0.8368945234310828,-0.10191076568485269
1243,12.43,0.8358541196976709,-0.1033805025409477
1244,12.44,0.8342629250155233,-0.10478427176981334
1245,12.450000000000001,0.8365931889450889,-0.10493208497915905
1246,12.46,0.8331133008954812,-0.1056121706158558
1247,12.47,0.8308953050512914,-0.10642651168646199
1248,12.48,0.8281985875804757,-0.10748554228641732
1249,12.49,0.8211535736433178,-0.10835300431478077
1250,12.5,0.8228029365296493,-0.1092219239840758
1251,12.51,0.819804642715666,-0.11041211237459657
1252,12.52,0.8172091733788884,-0.11159701197354908
1253,12.530000000000001,0.8206064717991546,-0.1112884279644587
1254,12.540000000000001,0.8122825974100404,-0.11270568387066493
1255,12.55,0.8120097433969952,-0.11332566611429137
1256,12.56,0.8143155854109612,-0.11429062161083592
1257,12.57,0.8034861753222161,-0.11511263652541713
1258,12.58,0.8013769460477824,-0.115477965967832
1259,12.59,0.802206910188881,-0.11688550285797551
1260,12.6,0.8010480277690216,-0.11812886085349214
1261,12.61,0.8002267607608449,-0.11834198452645199
1262,12.620000000000001,0.79371039127495,-0.11934204827291252
1263,12.63,0.7989145986996812,-0.11935597062814819
1264,12.64,0.792391924160124,-0.12077814245074076
1265,12.65,0.7908646603647832,-0.12167853243736472
1266,12.66,0.7865512474764742,-0.12246486307915234
1267,12.67,0.7874144192190092,-0.12302710485131874
1268,12.68,0.7810126047665661,-0.12383598466683632
1269,12.69,0.7790992743921363,-0.12476181372906249
1270,12.700000000000001,0.7726983676013001,-0.1254556580587579
1271,12.71,0.7754008207035786,-0.12610946610495968
1272,12.72,0.7758021202101487,-0.12639416303084075
1273,12.73,0.7690260266230566,-0.12770390406481036
1274,12.74,0.7658850216600912,-0.1288386263153347
1275,12.75,0.770316612562294,-0.12961679660523778
1276,12.76,0.7635592364401056,-0.13043347588602336
1277,12.77,0.7628753764630899,-0.13011357593763911
1278,12.780000000000001,0.7587073665086806,-0.13178204763162962
1279,12.790000000000001,0.7601239458412848,-0.13255560206599215
1280,12.8,0.7534994149374415,-0.13308637317014663
1281,12.81,0.7487539403040121,-0.1335648918699018
1282,12.82,0.7504297799788021,-0.13454071860561628
1283,12.83,0.7420623991547345,-0.1360997222583012
1284,12.84,0.7443588163469068,-0.13570645973560772
1285,12.85,0.7384910213518703,-0.13643256990174918
1286,12.86,0.7373862867773857,-0.13767786760808873
1287,12.870000000000001,0.734715156013184,-0.13792687354642497
1288,12.88,0.7324646985793881,-0.13900801566330825
1289,12.89,0.7297229171775047,-0.13985511321167968
1290,12.9,0.7332868431054362,-0.1401825884437423
1291,12.91,0.7246091367098304,-0.14110740785643783
1292,12.92,0.7266869134244456,-0.14246420439385749
1293,12.93,0.7237522048065986,-0.14293215844328852
1294,12.94,0.7167317609239113,-0.1434992831327015
1295,12.950000000000001,0.712313618814511,-0.1442827608998872
1296,12.96,0.7207798703037849,-0.14500631394678642
1297,12.97,0.7115341392020665,-0.14584317059198249
1298,12.98,0.712245317659065,-0.14564275470411023
1299,12.99,0.7091761939062226,-0.1478052065479308
1300,13.0,0.7042263297710463,-0.1479425793628281
1301,13.01,0.697153447196947,-0.14852354466009499
1302,13.02,0.6955873853521566,-0.14945341924751565
1303,13.030000000000001,0.6895676638143587,-0.14914503032235044
1304,13.040000000000001,0.6919587149660449,-0.15095208768405372
1305,13.05,0.6885287281170732,-0.15065194037399754
1306,13.06,0.6860221987923585,-0.15066230223671587
1307,13.07,0.6787626621537969,-0.15170570862857902
1308,13.08,0.6760297696049996,-0.15393779089545317
1309,13.09,0.6733886144049229,-0.15395461984357278
1310,13.1,0.6658031366437733,-0.15459067393165596
1311,13.11,0.6675079283090242,-0.1549432001626982
1312,13.120000000000001,0.6617496096138288,-0.1570869499565774
1313,13.13,0.6593282487346966,-0.15620434535536623
1314,13.14,0.6572794701248449,-0.15717213434508084
1315,13.15,0.6575256292323064,-0.1578746308871258
1316,13.16,0.6527287312941294,-0.15813557857098587
1317,13.17,0.6439975216007342,-0.1589413731067112
1318,13.18,0.6452908779759725,-0.15959202809217998
1319,13.19,0.6393115544792651,-0.16075096904005795
1320,13.200000000000001,0.6359845543104622,-0.16090719836579434
1321,13.21,0.6352818723730269,-0.16157093361032077
1322,13.22,0.6330055291553867,-0.16216272452954525
1323,13.23,0.6289593003583372,-0.1635933989743347
1324,13.24,0.6236181379719832,-0.16364606889978545
1325,13.25,0.6165021310382683,-0.1633467028024332
1326,13.26,0.6149219344518094,-0.16517279264022736
1327,13.27,0.6157458683927953,-0.1656162777989077
1328,13.280000000000001,0.610961164273093,-0.16664483960591267
1329,13.290000000000001,0.6003426043333706,-0.1667993463326634
1330,13.3,0.6048074281591216,-0.1672556238094185
1331,13.31,0.5973561356648122,-0.16828624964141903
1332,13.32,0.5891716524046923,-0.16849301024647972
1333,13.33,0.5875188337025304,-0.16957992159579635
1334,13.34,0.5812735932367353,-0.16944551692206508
1335,13.35,0.5825503443776833,-0.17060470006803302
1336,13.36,0.5717718323459182,-0.17022891934862452
1337,13.370000000000001,0.5732160726952458,-0.17063821781625826
1338,13.38,0.5668075615458116,-0.17226159074811856
1339,13.39,0.5651697525428777,-0.1723431440722096
1340,13.4,0.5548681909078714,-0.17311720892051893
1341,13.41,0.556229698144943,-0.17315844948771345
1342,13.42,0.5593485304127863,-0.17421678451338107
1343,13.43,0.5483394091248118,-0.174927642913777
1344,13.44,0.543964697978803,-0.17559218952639288
1345,13.450000000000001,0.5385752120683505,-0.17524501885998964
1346,13.46,0.5350853323233037,-0.17574618482270357
1347,13.47,0.5275199202201326,-0.17674561573567374
1348,13.48,0.5241629575098732,-0.17743528672358874
1349,13.49,0.5163791855118398,-0.17761567920299787
1350,13.5,0.5092437266079706,-0.17825049393404754
1351,13.51,0.5053058902611594,-0.17905776815719224
1352,13.52,0.5017382037751161,-0.1797615694345037
1353,13.530000000000001,0.49605913036742394,-0.1798508808749682
1354,13.540000000000001,0.485396733472865,-0.18031525068767687
1355,13.55,0.48500544812216445,-0.1808218652802655
1356,13.56,0.4789539686761806,-0.18138898711232915
1357,13.57,0.4677090269557951,-0.18230948338119513
1358,13.58,0.46733557797313163,-0.18295319154262754
1359,13.59,0.4576315051117785,-0.18339580613353487
1360,13.6,0.45195170338353285,-0.18372427457406187
1361,13.61,0.4499846276524496,-0.1843647606604788
1362,13.620000000000001,0.44314831274554284,-0.18500490993332333
1363,13.63,0.4405507449178961,-0.18486130209005402
1364,13.64,0.4302715638109881,-0.18576147455818717
1365,13.65,0.4205452454755193,-0.1857684879450254
1366,13.66,0.41383308454313666,-0.1859039156580695
1367,13.67,0.40849211874538705,-0.18660703997656705
1368,13.68,0.39724214510753486,-0.18609428704801348
1369,13.69,0.3917175808287291,-0.1866655398355564
1370,13.700000000000001,0.38121745099439486,-0.1879344547922291
1371,13.71,0.376446931043838,-0.18742430648706282
1372,13.72,0.37213935110300633,-0.18814609211240305
1373,13.73,0.3599168095138566,-0.18845992403534653
1374,13.74,0.3553214359715647,-0.18831116883672752
1375,13.75,0.34115488788714743,-0.18886028229191082
1376,13.76,0.3334524726571507,-0.1894505633673103
1377,13.77,0.3264761822952295,-0.1891876948702605
1378,13.780000000000001,0.31772326524612315,-0.19001536017021808
1379,13.790000000000001,0.3048082900663282,-0.190530332680659
1380,13.8,0.29426661925080244,-0.19114197430781227
1381,13.81,0.28389572219743725,-0.19114233269562042
1382,13.82,0.2779323982788649,-0.1918877156591288
1383,13.83,0.2620033514625735,-0.19213688716921137
1384,13.84,0.2537487548352246,-0.19152813718778997
1385,13.85,0.2435892604801563,-0.19192295090566983
1386,13.86,0.2286665216830202,-0.19216676898911894
1387,13.870000000000001,0.2224875787682743,-0.19313013436984652
1388,13.88,0.20502902614180804,-0.192306039640255
1389,13.89,0.19278596977139192,-0.19337157690828302
1390,13.9,0.17500526613283152,-0.19384780437147833
1391,13.91,0.1624179838047996,-0.19298117715209628
1392,13.92,0.14675704028039793,-0.19368171399690753
1393,13.93,0.1320995974579606,-0.19407559983093206
1394,13.94,0.12338100871748309,-0.19400696358247174
1395,13.950000000000001,0.0956599630271873,-0.19354993229150103
1396,13.96,0.08429862791426507,-0.19401050673714915
1397,13.97,0.07038105880298198,-0.19419867022126247
1398,13.98,0.051804231547629365,-0.1941762494374883
1399,13.99,0.037891825770437516,-0.19399896363801716
1400,14.0,0.01736847292315361,-0.1947949759417005
1401,14.01,0.002605957889955702,-0.19361652719946956
1402,14.02,-0.025099510873558144,-0.19428448246309463
1403,14.030000000000001,-0.045705554540191526,-0.1932500798473733
1404,14.040000000000001,-0.06440185875564945,-0.19402543375998088
1405,14.05,-0.09427350152480377,-0.1942258357223893
1406,14.06,-0.11318375173071729,-0.19381867932465993
1407,14.07,-0.13190483647094667,-0.1940735435093793
1408,14.08,-0.15386675228248584,-0.19323034727668845
1409,14.09,-0.18021577945102787,-0.19382077490761473
1410,14.1,-0.20956072987993885,-0.19387240276978998
1411,14.11,-0.23474058216479415,-0.19257690593172722
1412,14.120000000000001,-0.25609327231424567,-0.19307113574519566
1413,14.13,-0.28844041848338303,-0.19295223684244212
1414,14.14,-0.31743915134978423,-0.1924375250888521
1415,14.15,-0.3458308640356864,-0.19265506386142556
1416,14.16,-0.3730481141023752,-0.19220092659968543
1417,14.17,-0.4076519165850709,-0.19131197629589553
1418,14.18,-0.43929921414012024,-0.19060919591031603
1419,14.19,-0.4615158453139638,-0.19006628979279483
1420,14.200000000000001,-0.4975384336499473,-0.18995021017608757
1421,14.21,-0.5306527634226227,-0.18986542456038863
1422,14.22,-0.5628652595208925,-0.18922257690179486
1423,14.23,-0.5890111720586495,-0.18923286688396462
1424,14.24,-0.6205554549167447,-0.1877320273373792
1425,14.25,-0.6566385564085827,-0.18692570237876202
1426,14.26,-0.6892785653786386,-0.18580336960617438
1427,14.27,-0.7203564864666341,-0.1858429426623025
1428,14.280000000000001,-0.7513556618389367,-0.1854836108094882
1429,14.290000000000001,-0.7760975382905767,-0.18491335804001377
1430,14.3,-0.8087381167765405,-0.18338077055067903
1431,14.31,-0.8357304971250743,-0.18260672663618815
1432,14.32,-0.8547263662478358,-0.18247229932118747
1433,14.33,-0.8813341581981666,-0.1807308104724059
1434,14.34,-0.9054633879312781,-0.18020110576546416
1435,14.35,-0.9283025756064004,-0.17929619201737712
1436,14.36,-0.9492770521265099,-0.1780640998810467
1437,14.370000000000001,-0.9681423385003151,-0.17676515850997732
1438,14.38,-0.990698653272364,-0.1760716899751436
1439,14.39,-1.011756984019903,-0.17477178330043705
1440,14.4,-1.0299654683729564,-0.17430520925804455
1441,14.41,-1.0388573233080496,-0.1728939808801084
1442,14.42,-1.056559846412369,-0.1720290083171759
1443,14.43,-1.0655243818131097,-0.17114602313012642
1444,14.44,-1.075481797233176,-0.1694301406765281
1445,14.450000000000001,-1.086023744409533,-0.1689265062072128
1446,14.46,-1.0988849405092953,-0.16767647043840114
1447,14.47,-1.1089112485974308,-0.16630759980548834
1448,14.48,-1.1189360854311443,-0.16550493022167023
1449,14.49,-1.1256582085578988,-0.16420509961656232
1450,14.5,-1.122370078824609,-0.16375026476952315
1451,14.51,-1.1340154802847653,-0.1618189739177127
1452,14.52,-1.139850119730622,-0.160703114931683
1453,14.530000000000001,-1.1464665014248345,-0.16026376164554035
1454,14.540000000000001,-1.147386179535684,-0.15886797486457985
1455,14.55,-1.1509122619284664,-0.1568753776447706
1456,14.56,-1.1531226884179286,-0.15682700802776928
1457,14.57,-1.1568204680317635,-0.15481536308476146
1458,14.58,-1.1576493805582602,-0.15463808898638173
1459,14.59,-1.1608155822304607,-0.1523705120974099
1460,14.6,-1.1645725956692967,-0.15107363473756735
1461,14.61,-1.1712747578798501,-0.15060678546709907
1462,14.620000000000001,-1.1629241173678957,-0.1492081630878802
1463,14.63,-1.1689339408921358,-0.1489062077095753
1464,14.64,-1.1664973811231973,-0.14694172455540855
1465,14.65,-1.1656423290976932,-0.14597255197999753
1466,14.66,-1.1736757178463935,-0.14510505197579057
1467,14.67,-1.1671896146304777,-0.14313039145904444
1468,14.68,-1.1656426098375159,-0.14227132030588457
1469,14.69,-1.1720546436956125,-0.1409459930367903
1470,14.700000000000001,-1.1726609733895283,-0.14012564149279036
1471,14.71,-1.167996233978072,-0.13918458434159003
1472,14.72,-1.1687722979160249,-0.13783030746036318
1473,14.73,-1.1684787018057892,-0.13599426927437197
1474,14.74,-1.1693207708688376,-0.13491971630490404
1475,14.75,-1.1701846241270653,-0.1349061167034018
1476,14.76,-1.168215577163269,-0.13265103182375454
1477,14.77,-1.1689531344763406,-0.13232716129263578
1478,14.780000000000001,-1.1641541396709907,-0.13052541083893462
1479,14.790000000000001,-1.1592055134936148,-0.12990000382887448
1480,14.8,-1.1684053873783449,-0.12873018819624898
1481,14.81,-1.1654980866564535,-0.12739310465408313
1482,14.82,-1.1614986659385054,-0.12635475311143313
1483,14.83,-1.1611226918028872,-0.1248481007796747
1484,14.84,-1.1561503460878035,-0.12408509898677815
1485,14.85,-1.158087965796049,-0.12257676364134082
1486,14.86,-1.1597978847779806,-0.12243568363780205
1487,14.870000000000001,-1.1556341428149561,-0.12074822025138984
1488,14.88,-1.1507212327303777,-0.11862167507084043
1489,14.89,-1.1534634618281185,-0.11786397903524383
1490,14.9,-1.1524122937639356,-0.1176687438571027
1491,14.91,-1.1561385969903315,-0.11548854749358116
1492,14.92,-1.1500655690702366,-0.11526805603407246
1493,14.93,-1.1494641203209193,-0.11368329532838267
1494,14.94,-1.14768939945977,-0.11233248128314177
1495,14.950000000000001,-1.1511695864029627,-0.11022660397783623
1496,14.96,-1.1461749437686901,-0.11050005232565785
1497,14.97,-1.1483264281243806,-0.108402409282063
1498,14.98,-1.1500600153392995,-0.10705798296626744
1499,14.99,-1.1409582375238647,-0.10581107408106023
1500,15.0,-1.1435393253348773,-0.10525331459501877
1501,15.01,-1.137161238869133,-0.10485293525145002
1502,15.02,-1.1359201013539795,-0.10281645985810196
1503,15.030000000000001,-1.1451111180926394,-0.10186471139898794
1504,15.040000000000001,-1.1363454625454694,-0.10116344184106844
1505,15.05,-1.1369035061452217,-0.09908284736953013
1506,15.06,-1.134514728396811,-0.09846938526251048
1507,15.07,-1.1347878469071468,-0.09789046859439983
1508,15.08,-1.1292076835197575,-0.09612608992555065
1509,15.09,-1.134210892716695,-0.09462369987259511
1510,15.1,-1.1315419807076363,-0.09452594567820351
1511,15.11,-1.1279067614355252,-0.09219349276322933
1512,15.120000000000001,-1.1270694762598636,-0.09171711656194725
1513,15.13,-1.1235862104048062,-0.09010613780541275
1514,15.14,-1.1270662680245669,-0.08985167750136712
1515,15.15,-1.1227680321897744,-0.08870098135943115
1516,15.16,-1.1258196536350222,-0.08770112157703785
1517,15.17,-1.1180180787489435,-0.08590317138059564
1518,15.18,-1.1251835539442352,-0.08518030026610596
1519,15.19,-1.1165137424433476,-0.08400049501505781
1520,15.200000000000001,-1.11812780612664,-0.08316654479944897
1521,15.21,-1.1201486004184371,-0.08177978958974122
1522,15.22,-1.119578163218798,-0.08081672765210733
1523,15.23,-1.1172478391662022,-0.07862312233786618
1524,15.24,-1.1198450535398659,-0.07849666081113327
1525,15.25,-1.1166194061815224,-0.07715919331670167
1526,15.26,-1.1181764821500173,-0.07599460876344906
1527,15.27,-1.1113483509396567,-0.07540188526978991
1528,15.280000000000001,-1.110183757900951,-0.07363468786529344
1529,15.290000000000001,-1.107551892818672,-0.07332031161959728
1530,15.3,-1.1074681317971113,-0.07131467667598644
1531,15.31,-1.1046496901427827,-0.07129679843327662
1532,15.32,-1.1044784768387739,-0.06954521939601836
1533,15.33,-1.107795528724783,-0.06826673660330623
1534,15.34,-1.1034424907207943,-0.06684981530467787
1535,15.35,-1.1011515821662083,-0.06591615170456785
1536,15.36,-1.1003423137524093,-0.06455159640564906
1537,15.370000000000001,-1.0974255329011893,-0.0639506491652921
1538,15.38,-1.0907432031236484,-0.06273071552330935
1539,15.39,-1.0972228369346555,-0.061862933034546395
1540,15.4,-1.0956947238144101,-0.06061822097465056
1541,15.41,-1.099799828454532,-0.0595598511361504
1542,15.42,-1.0942399025716523,-0.058512106251788175
1543,15.43,-1.0885950366463237,-0.05766127018424199
1544,15.44,-1.0907243768398396,-0.05668637399797417
1545,15.450000000000001,-1.0917330749248626,-0.05570283716842707
1546,15.46,-1.0890297123125365,-0.05425716478567732
1547,15.47,-1.085488825878943,-0.0537544966499846
1548,15.48,-1.0860497458984926,-0.05116414803192461
1549,15.49,-1.084750491736206,-0.05050626048093928
1550,15.5,-1.0895846743165114,-0.0491429448613952
1551,15.51,-1.0792588468245217,-0.049087078897327635
1552,15.52,-1.0798456398513716,-0.04793286777514512
1553,15.530000000000001,-1.0789569397950525,-0.046359557465959295
1554,15.540000000000001,-1.0778497417444048,-0.04511531775639126
1555,15.55,-1.071610102032583,-0.04367410886078333
1556,15.56,-1.0769774000966779,-0.04324646378926397
1557,15.57,-1.0701147206362,-0.04188837574187903
1558,15.58,-1.0761284336302492,-0.04131486578298458
1559,15.59,-1.0744258778082996,-0.03980470039511862
1560,15.6,-1.0687577764403904,-0.03984274299443408
1561,15.610000000000001,-1.0668994203766284,-0.03810690385239652
1562,15.620000000000001,-1.0617387669112195,-0.03716521848857768
1563,15.63,-1.0656538822463195,-0.03542912536454498
1564,15.64,-1.0629608310811394,-0.03519080377876841
1565,15.65,-1.0594024414472192,-0.03349913264834539
1566,15.66,-1.0612010051646408,-0.0334813600316139
1567,15.67,-1.0610943799170904,-0.031224939998945215
1568,15.68,-1.0535931342567677,-0.02984540264722234
1569,15.69,-1.0543591745086904,-0.02923595854718566
1570,15.700000000000001,-1.0568414784068307,-0.02892179820808321
1571,15.71,-1.0558642177751496,-0.026863971315036653
1572,15.72,-1.0551883742234767,-0.025818378941629555
1573,15.73,-1.0574299355891874,-0.024118843836646794
1574,15.74,-1.0488516660745382,-0.02361794580724246
1575,15.75,-1.0490074213011917,-0.023279377333900585
1576,15.76,-1.0466646118785936,-0.021269181765494624
1577,15.77,-1.0471013199851338,-0.02073350661755096
1578,15.780000000000001,-1.0445168805286449,-0.020443721207482352
1579,15.790000000000001,-1.047919811792091,-0.01876649316868857
1580,15.8,-1.040371791353841,-0.01867348732483795
1581,15.81,-1.043307190270118,-0.017128098167450253
1582,15.82,-1.039490194972684,-0.016261179241208734
1583,15.83,-1.0387933100489983,-0.014719739508196925
1584,15.84,-1.0388003944177298,-0.014902445002081082
1585,15.85,-1.0419049559604145,-0.011951035252197244
1586,15.860000000000001,-1.0348736106335643,-0.011810826524340397
1587,15.870000000000001,-1.0338483419011129,-0.010621787683072235
1588,15.88,-1.0333432341980047,-0.010228450289878312
1589,15.89,-1.0305134257917719,-0.008734963175251062
1590,15.9,-1.0307335296031233,-0.007212938521105488
1591,15.91,-1.0301821161331672,-0.006789430422582503
1592,15.92,-1.0289392122267302,-0.0057526610733800295
1593,15.93,-1.028626522434298,-0.0036741200543991474
1594,15.94,-1.0258770531640073,-0.0032017449534769795
1595,15.950000000000001,-1.0263811824774516,-0.002918885653302546
1596,15.96,-1.0221623775193318,-0.001149360779809572
1597,15.97,-1.0206866805986738,0.00023879150974261674
1598,15.98,-1.0252896394713833,0.0008957436660220429
1599,15.99,-1.022485760654233,0.0020654014191176314
1600,16.0,-1.0133142870798952,0.0028700479404173895
1601,16.01,-1.0197821089837196,0.003971263404510067
1602,16.02,-1.0161765432073382,0.004508749144232166
1603,16.03,-1.015689456001986,0.005396963778871061
1604,16.04,-1.0060996429633966,0.006716769140726417
1605,16.05,-1.0093104590293576,0.008238166376380567
1606,16.06,-1.0094241875992973,0.008756634358436337
1607,16.07,-1.0029310749890172,0.009806310829816148
1608,16.080000000000002,-1.0030663001052988,0.01082893059355155
1609,16.09,-1.0037790694694215,0.012115536648797377
1610,16.1,-1.0003806772196018,0.01362486520729364
1611,16.11,-0.9983322526545116,0.013714581893188388
1612,16.12,-0.9966901791393743,0.014102235403943732
1613,16.13,-0.9965454910818358,0.016068794927157615
1614,16.14,-0.99512676896248,0.016113101860887193
1615,16.15,-0.9948966301387838,0.018013975366733097
1616,16.16,-0.9894197119502951,0.01920896657441466
1617,16.17,-0.9920051846321173,0.01967306440388733
1618,16.18,-0.9896965118249741,0.02090738315738918
1619,16.19,-0.9902706583578509,0.022021580906340724
1620,16.2,-0.9845440803627008,0.022982020190015887
1621,16.21,-0.9842972569108049,0.023585569359361267
1622,16.22,-0.9843986742521754,0.02445069397946989
1623,16.23,-0.985478989822517,0.025742081526711206
1624,16.240000000000002,-0.9794448915460467,0.02623267787364785
1625,16.25,-0.9840485008182307,0.027914221084759962
1626,16.26,-0.9768464877736163,0.02859116560060199
1627,16.27,-0.9768050752971866,0.02953091198328884
1628,16.28,-0.9751796584567538,0.030694930571065527
1629,16.29,-0.976648987380704,0.03138354764973919
1630,16.3,-0.9690480535900502,0.0316297862279004
1631,16.31,-0.9705239894118105,0.03379008976683894
1632,16.32,-0.9658816893106977,0.03455512628162883
1633,16.330000000000002,-0.9659706821740149,0.03546862866630654
1634,16.34,-0.9698099490854348,0.03644827550704616
1635,16.35,-0.9696182771143331,0.0376216303631583
1636,16.36,-0.9624470646419361,0.03835780672473226
1637,16.37,-0.9588470966222967,0.039725350500030975
1638,16.38,-0.9596360444623824,0.04044482071559348
1639,16.39,-0.9566165871952005,0.041243785340652046
1640,16.4,-0.96021134549354,0.04198165152506778
1641,16.41,-0.9603917500610109,0.042362659283014525
1642,16.42,-0.9582042141234983,0.04427820853778241
1643,16.43,-0.948852082275359,0.044371330621279695
1644,16.44,-0.9559848665052489,0.04616627984748486
1645,16.45,-0.94825110327887,0.046744456476328924
1646,16.46,-0.94389715813144,0.04782884179590468
1647,16.47,-0.949090375166841,0.04819656564035972
1648,16.48,-0.9377961488693101,0.04968452299339026
1649,16.490000000000002,-0.941525082910248,0.049885978498246115
1650,16.5,-0.943526849631998,0.051647441858229726
1651,16.51,-0.9391738806666745,0.052502425747960775
1652,16.52,-0.9432283320038224,0.05404107628237026
1653,16.53,-0.939457262149949,0.054535870823123375
1654,16.54,-0.9310892739911543,0.054833800746784934
1655,16.55,-0.9361604219861344,0.05699728797309871
1656,16.56,-0.9335606462920509,0.05740684514206671
1657,16.57,-0.9295575085781096,0.057942433410874655
1658,16.580000000000002,-0.9243685516974105,0.05882290324601196
1659,16.59,-0.9246910747547299,0.05997195764046582
1660,16.6,-0.9256221732788705,0.06079323822191702
1661,16.61,-0.9274052269307973,0.06182459081310636
1662,16.62,-0.9214182045666036,0.06269470784224508
1663,16.63,-0.9205208871609246,0.06417411664248811
1664,16.64,-0.9194077171712212,0.06492030574534957
1665,16.65,-0.9171908595556916,0.0654857496255046
1666,16.66,-0.9177276629270074,0.06575418447608328
1667,16.67,-0.9120331953950672,0.06751267852160103
1668,16.68,-0.9104130353218234,0.0694963110266086
1669,16.69,-0.911491740801736,0.06808008544793709
1670,16.7,-0.9081635729288551,0.07026204853436799
1671,16.71,-0.9079839926461283,0.07160131987080634
1672,16.72,-0.9093226484481484,0.07215927444271958
1673,16.73,-0.9051433197708685,0.07355765326100533
1674,16.740000000000002,-0.9009797584564445,0.0742779515428907
1675,16.75,-0.898829950997296,0.0746665936447624
1676,16.76,-0.8963789752016765,0.07574943476405391
1677,16.77,-0.8945200617451065,0.07707424512059956
1678,16.78,-0.8945863100593565,0.07796712102548087
1679,16.79,-0.894035890635962,0.0784713922423056
1680,16.8,-0.8895540601299955,0.07954426507298662
1681,16.81,-0.8875383751214628,0.08021376743371791
1682,16.82,-0.8911778267751735,0.08116024512958686
1683,16.830000000000002,-0.8829063353655713,0.08198015318772575
1684,16.84,-0.8821673282147054,0.08284404630374813
1685,16.85,-0.8831777979799897,0.08382050496320165
1686,16.86,-0.8862144731639675,0.08459389531445811
1687,16.87,-0.8805637737203775,0.0857170745447479
1688,16.88,-0.874228985716564,0.08626123195164138
1689,16.89,-0.8731256443483024,0.08784406371034575
1690,16.9,-0.868750438582396,0.08799988511528607
1691,16.91,-0.8710988420787393,0.08953973667691674
1692,16.92,-0.8690344787328743,0.08931902612676629
1693,16.93,-0.8620561705596524,0.09096169059547936
1694,16.94,-0.8695579558601884,0.09160600272671947
1695,16.95,-0.8627991239389773,0.0923460039536282
1696,16.96,-0.8572000916296134,0.09379691868671232
1697,16.97,-0.8648614635608872,0.09394000623721918
1698,16.98,-0.8579765082940699,0.09480066478641334
1699,16.990000000000002,-0.8613093987902312,0.09515222584773647
1700,17.0,-0.8512337404952038,0.09721047252050281
1701,17.01,-0.8511658992014814,0.09744801653025277
1702,17.02,-0.8506324612684081,0.09855938951656178
1703,17.03,-0.8478560590680198,0.09898942499547315
1704,17.04,-0.8435580238001337,0.09989437988468015
1705,17.05,-0.8414958376124679,0.10080813667934979
1706,17.06,-0.8430537121891265,0.10162295067643458
1707,17.07,-0.836978329689199,0.1020468471842779
1708,17.080000000000002,-0.8370693031087835,0.10316572935794496
1709,17.09,-0.834579877664942,0.10410159989779617
1710,17.1,-0.8346531437556648,0.10513938410097892
1711,17.11,-0.8322009345907396,0.10624860563157461
1712,17.12,-0.8299181005384649,0.1063900182254228
1713,17.13,-0.8283728129152675,0.10782904118973412
1714,17.14,-0.8190038430913392,0.10847081036868506
1715,17.150000000000002,-0.826337310242337,0.1089807881216703
1716,17.16,-0.821901478159956,0.10959902320603192
1717,17.17,-0.81722440238334,0.11094919305390093
1718,17.18,-0.8156211691036,0.1111701592693199
1719,17.19,-0.8205903784323045,0.11240031738337787
1720,17.2,-0.807492184852629,0.1131432986424883
1721,17.21,-0.8150268223978798,0.1139980526410651
1722,17.22,-0.8056671963670038,0.11512960817012298
1723,17.23,-0.806558551983108,0.11655787880452781
1724,17.240000000000002,-0.8026084931064997,0.1170260496183466
1725,17.25,-0.7988443249450403,0.11750742086680009
1726,17.26,-0.8026449765568484,0.11752229779609737
1727,17.27,-0.8005257253372101,0.118953207300562
1728,17.28,-0.7963151230342377,0.11967873008046287
1729,17.29,-0.7930453043209993,0.12024673033564928
1730,17.3,-0.7867331036996524,0.12141299250165426
1731,17.31,-0.7910526759801315,0.12243470289107543
1732,17.32,-0.7865945195356853,0.12315719622838867
1733,17.330000000000002,-0.7809527248834646,0.12493667776753815
1734,17.34,-0.780995836304581,0.12446945831532061
1735,17.35,-0.7777317845723247,0.12528245033655638
1736,17.36,-0.7795439653973832,0.12704851593907138
1737,17.37,-0.7726248775891906,0.12675342654723148
1738,17.38,-0.7700224261392712,0.12781022963251404
1739,17.39,-0.7734436833866757,0.12857918881276809
1740,17.400000000000002,-0.7654509950044216,0.12889791169778245
1741,17.41,-0.7633354791461773,0.12890443782946068
1742,17.42,-0.7568839077371543,0.13001238519473063
1743,17.43,-0.7610294729513108,0.13110422570588762
1744,17.44,-0.75549568071537,0.132402356534
1745,17.45,-0.7538254943012278,0.1329352852934309
1746,17.46,-0.7550473347319598,0.13304386235517138
1747,17.47,-0.7468150247147577,0.13499935887822706
1748,17.48,-0.748827736026042,0.13477573060637135
1749,17.490000000000002,-0.743183814838461,0.1358225712682978
1750,17.5,-0.7463066478528477,0.13736263507208785
1751,17.51,-0.7414335198863926,0.13688755967191643
1752,17.52,-0.738436911494295,0.1387321609114547
1753,17.53,-0.7359870052801095,0.13910546901356016
1754,17.54,-0.7296326939117525,0.13910505239682086
1755,17.55,-0.7315242385608582,0.14041711526322292
1756,17.56,-0.7289035377718915,0.14118629105398395
1757,17.57,-0.7235327988709314,0.14234468506825643
1758,17.580000000000002,-0.7216110363073308,0.14205900650456407
1759,17.59,-0.7191924106379142,0.14360857185230694
1760,17.6,-0.7166920375416294,0.1439181712737028
1761,17.61,-0.7088489753681342,0.14432893820374124
1762,17.62,-0.712544492510962,0.14536722441155053
1763,17.63,-0.7006610019981849,0.14594078769373425
1764,17.64,-0.7095484581841882,0.14727606879348276
1765,17.650000000000002,-0.7005788066140869,0.14722900425251387
1766,17.66,-0.6999374848706656,0.14886058530298396
1767,17.67,-0.6999533471764339,0.14849481244947924
1768,17.68,-0.6913962239398492,0.1489042100187574
1769,17.69,-0.6899301469750169,0.15046546670106367
1770,17.7,-0.6920615000829927,0.15090062097259396
1771,17.71,-0.6854688936581266,0.15181236598422598
1772,17.72,-0.6813117358773829,0.15230659397259166
1773,17.73,-0.6772546815290327,0.15377765518366424
1774,17.740000000000002,-0.6748803252924883,0.1536067937578681
1775,17.75,-0.6675079290138579,0.15448452285717884
1776,17.76,-0.6701319057317771,0.15444974370973147
1777,17.77,-0.6729556101403401,0.15600230757131234
1778,17.78,-0.664563285081355,0.15656346490582365
1779,17.79,-0.6582398207989085,0.15730243871059618
1780,17.8,-0.6527359460789982,0.15734346719164918
1781,17.81,-0.6504685668562562,0.15892754693456476
1782,17.82,-0.6490788938538613,0.15964720118154685
1783,17.830000000000002,-0.6432008293597036,0.15926453433541554
1784,17.84,-0.6414206856778203,0.1606276783436462
1785,17.85,-0.6412285733397226,0.16116076247279917
1786,17.86,-0.6334442990194494,0.16173247034095078
1787,17.87,-0.6337941665089865,0.16254003233796394
1788,17.88,-0.6304315465035785,0.16218765111498715
1789,17.89,-0.6200568647239264,0.1634530553696996
1790,17.900000000000002,-0.618825486595535,0.16415725426202582
1791,17.91,-0.6179523736235585,0.16574066628868248
1792,17.92,-0.61516064795472,0.16514954978601595
1793,17.93,-0.614231200976693,0.16643717377813144
1794,17.94,-0.6086985390780106,0.1667227218225422
1795,17.95,-0.6062646264582713,0.1671806611720192
1796,17.96,-0.5994032504016986,0.16805467544538838
1797,17.97,-0.589757175722874,0.16873321357273585
1798,17.98,-0.5857986545333249,0.16882191146085276
1799,17.990000000000002,-0.582000883515246,0.16935033790283666
1800,18.0,-0.5831593526962704,0.16987957269275358
1801,18.01,-0.5783530740646071,0.17104807681075224
1802,18.02,-0.5779048984816875,0.17126211858019105
1803,18.03,-0.5683179689896437,0.17254533453782883
1804,18.04,-0.5652892289925423,0.17230132491381359
1805,18.05,-0.5598338252915279,0.17255005256039876
1806,18.06,-0.554535732325185,0.17405957060323204
1807,18.07,-0.5463142862301664,0.1741114351580558
1808,18.080000000000002,-0.5501542708758973,0.17479258223425176
1809,18.09,-0.5463997453117201,0.17481085892249437
1810,18.1,-0.5360599875758897,0.17610709906333938
1811,18.11,-0.5315592201167266,0.17601205719999238
1812,18.12,-0.5272364393906599,0.1765359020086735
1813,18.13,-0.525324428409009,0.1766320331527121
1814,18.14,-0.5148272517944389,0.1780222073009132
1815,18.150000000000002,-0.5131427166483866,0.17778433237033595
1816,18.16,-0.5106983555666839,0.17919980896232157
1817,18.17,-0.5000631594735836,0.17924793930697597
1818,18.18,-0.49908478245591975,0.17984829694250934
1819,18.19,-0.48840299913160756,0.18019208469951734
1820,18.2,-0.482844293552318,0.18142602088540877
1821,18.21,-0.4849022544320717,0.18145490157728028
1822,18.22,-0.4790725268568648,0.18186782752568859
1823,18.23,-0.46578205928254895,0.1820984594478157
1824,18.240000000000002,-0.4598001536144673,0.1833090523319818
1825,18.25,-0.4566549457704705,0.183275010145499
1826,18.26,-0.4562371796124404,0.18456710885370572
1827,18.27,-0.4430613633774174,0.18379751039823725
1828,18.28,-0.4379218379960799,0.1841070020476566
1829,18.29,-0.4314450441558303,0.18508953674717013
1830,18.3,-0.42337728611116615,0.18546085994549194
1831,18.31,-0.4134608269462763,0.18501049831306932
1832,18.32,-0.4108577523526668,0.18582337663024928
1833,18.330000000000002,-0.400619535256055,0.18757123037372592
1834,18.34,-0.3923835965816656,0.1867791290499888
1835,18.35,-0.385911992293413,0.187226971849061
1836,18.36,-0.3791213250365897,0.18784975775961288
1837,18.37,-0.36548214503797466,0.1880365502208811
1838,18.38,-0.3642367584151087,0.18815672302448683
1839,18.39,-0.3562885020050618,0.18932866083505703
1840,18.400000000000002,-0.3415314786974193,0.1898189720163203
1841,18.41,-0.33286601108051334,0.18951679599143087
1842,18.42,-0.32568366087345985,0.18974234412333588
1843,18.43,-0.31564669053840694,0.1904704270680227
1844,18.44,-0.3064862344365447,0.19037121515437364
1845,18.45,-0.2938166524925505,0.19126594739598546
1846,18.46,-0.28622284867734843,0.1916329902546301
1847,18.47,-0.2737623957422725,0.191234833561964
1848,18.48,-0.2662767909721118,0.19136508780858705
1849,18.490000000000002,-0.25207432908180333,0.191664517632151
1850,18.5,-0.24478621593020825,0.19264834093728922
1851,18.51,-0.22866316909938095,0.19168491314771474
1852,18.52,-0.21796746373889817,0.19209913695542635
1853,18.53,-0.20974970789666145,0.19279206952420053
1854,18.54,-0.19249416830943372,0.19263586371996205
1855,18.55,-0.18218478250204004,0.19384747946755443
1856,18.56,-0.170343822189858,0.19379534878481144
1857,18.57,-0.15644169901334007,0.1936860099225046
1858,18.580000000000002,-0.13600968037952646,0.19387279786157358
1859,18.59,-0.1278880605459009,0.1945307304890625
1860,18.6,-0.10460958522568954,0.19402561620019304
1861,18.61,-0.0907196409472256,0.19431709787597287
1862,18.62,-0.07683806721215199,0.19441888431890098
1863,18.63,-0.056085836970483645,0.19416725824890724
1864,18.64,-0.03969503149782402,0.1943135030555447
1865,18.650000000000002,-0.018662179440941312,0.19484685906853186
1866,18.66,-0.0009790719505698047,0.19468865776595232
1867,18.67,0.018653454113447997,0.19428448969074005
1868,18.68,0.03921539025206277,0.19407553919454038
1869,18.69,0.06564662659375564,0.1946429879335929
1870,18.7,0.0885477792076408,0.1946663964841085
1871,18.71,0.10272785425578658,0.19397539516339973
1872,18.72,0.13006780630181936,0.19320509282886975
1873,18.73,0.1503034568794433,0.19335907842853833
1874,18.740000000000002,0.17344880257763629,0.19362031277188083
1875,18.75,0.20508068264685536,0.19331198752906012
1876,18.76,0.22577248396224472,0.1933779913814272
1877,18.77,0.2560209332148521,0.19345326415040753
1878,18.78,0.28309339264394257,0.19307361499325107
1879,18.79,0.31045991719111543,0.192063694242151
1880,18.8,0.33849196881907007,0.1924871141287376
1881,18.81,0.3695566196541614,0.19226568043174855
1882,18.82,0.40282359438248927,0.19168744556267983
1883,18.830000000000002,0.43120524816683353,0.19181826155133092
1884,18.84,0.4652808654844698,0.19029070734713818
1885,18.85,0.4894886008437143,0.19013466654576758
1886,18.86,0.5267148027478963,0.18976611373770283
1887,18.87,0.552236085974196,0.18871060218310143
1888,18.88,0.5834598167322369,0.18783291026597332
1889,18.89,0.6187299015042066,0.18810721174068207
1890,18.900000000000002,0.6500195625204158,0.1871149254256638
1891,18.91,0.6757519259282827,0.18598314252452836
1892,18.92,0.709861311793367,0.18523505989979358
1893,18.93,0.7439796019561845,0.18479034020798774
1894,18.94,0.7722799523088745,0.18433762674751603
1895,18.95,0.7971636315790213,0.1838355682667296
1896,18.96,0.8228510777373875,0.182746421067267
1897,18.97,0.8485042573185834,0.1823658917640741
1898,18.98,0.8801922894695259,0.1804716289937242
1899,18.990000000000002,0.8964889695722156,0.18044759849293648
1900,19.0,0.919706101408976,0.17947852836683428
1901,19.01,0.9495356716929441,0.17824789802206936
1902,19.02,0.9661668362481892,0.178104920237109
1903,19.03,0.9888617542726615,0.17598260701207705
1904,19.04,1.0044224349747424,0.1749770327437608
1905,19.05,1.0218889083155414,0.17422499982507983
1906,19.06,1.039428326836868,0.17304580225286073
1907,19.07,1.051768814022769,0.17248389410857698
1908,19.080000000000002,1.0702808469524052,0.17180964054949022
1909,19.09,1.0759983959712809,0.1705110357131351
1910,19.1,1.0887432769987981,0.16924596137271675
1911,19.11,1.0976281298116541,0.16798202711856067
1912,19.12,1.1063510594886783,0.16668927593904082
1913,19.13,1.112600593175265,0.16597311881192256
1914,19.14,1.1191801389891045,0.16484120930108287
1915,19.150000000000002,1.1270494240671558,0.1640360466832611
1916,19.16,1.1357650734212665,0.16229493406893536
1917,19.17,1.1409090909415915,0.16176475011323332
1918,19.18,1.143189119193675,0.1597193435185691
1919,19.19,1.149735367088611,0.15917590084606992
1920,19.2,1.1578048010158224,0.1578821302471709
1921,19.21,1.1463045824920248,0.15688386435540175
1922,19.22,1.1502936375230457,0.15571221632416357
1923,19.23,1.1601115495091507,0.15501457926072454
1924,19.240000000000002,1.1584227639652516,0.1534695941444552
1925,19.25,1.1630795300891055,0.15218676984457113
1926,19.26,1.1619106288443524,0.15080822325320506
1927,19.27,1.1684524497187294,0.14969013642905957
1928,19.28,1.166922279079566,0.14880200375168762
1929,19.29,1.1706494337228632,0.147102010313025
1930,19.3,1.1668599651594742,0.14523866144423406
1931,19.31,1.170976766776229,0.14487939154069543
1932,19.32,1.169501350481407,0.14362732609984052
1933,19.330000000000002,1.1700547219862427,0.14297699072642608
1934,19.34,1.168347170642026,0.14112774009118115
1935,19.35,1.1707958236361993,0.14060116008417622
1936,19.36,1.172715877110747,0.13965006373593591
1937,19.37,1.1669425551006478,0.1375562587973671
1938,19.38,1.1659306842813195,0.1362370426874134
1939,19.39,1.1658723137506681,0.13579979668052347
1940,19.400000000000002,1.1702187580853238,0.13527323808352104
1941,19.41,1.1683492062974687,0.13371670718322487
1942,19.42,1.1670341376751716,0.13229437301086142
1943,19.43,1.1681402800762153,0.13189456988277265
1944,19.44,1.1649885384849843,0.1294037864956235
1945,19.45,1.1663827207390587,0.12863868386962118
1946,19.46,1.1635629008510695,0.12741261360999545
1947,19.47,1.159622135488591,0.12610711592020515
1948,19.48,1.1562153241230586,0.12581179090285113
1949,19.490000000000002,1.1601145423772832,0.12368166172585897
1950,19.5,1.1598442680188676,0.1229461949768156
1951,19.51,1.1625055391080017,0.12174838155655485
1952,19.52,1.15746911575892,0.12055052757376197
1953,19.53,1.156564169874476,0.11859347267405944
1954,19.54,1.1536137343916868,0.11786119007645099
1955,19.55,1.1543252600096794,0.11723600129174439
1956,19.56,1.158567716960996,0.1151030306182144
1957,19.57,1.1496565729937025,0.11454717507297255
1958,19.580000000000002,1.1498756499807805,0.11313785278143554
1959,19.59,1.1448344528051009,0.11303012686941244
1960,19.6,1.1502093765987318,0.11120689973841838
1961,19.61,1.1484315991900098,0.11061586688781072
1962,19.62,1.1459665311366947,0.10911983479023044
1963,19.63,1.143741203968254,0.10780623117203124
1964,19.64,1.1427005646070214,0.10685661054812018
1965,19.650000000000002,1.1449477439120754,0.10578824135007381
1966,19.66,1.1423187748117247,0.10472190116107348
1967,19.67,1.1450655800898424,0.10331990871746274
1968,19.68,1.141851023376828,0.10184336463328177
1969,19.69,1.1370351751440055,0.10138926637680377
1970,19.7,1.1349507718556329,0.09955798049959558
1971,19.71,1.1399384572813545,0.0989380075980007
1972,19.72,1.1393815767942905,0.09791476493726625
1973,19.73,1.1356984093884692,0.09683194238341744
1974,19.740000000000002,1.1320069182726054,0.09503528324723913
1975,19.75,1.128963923593255,0.09473903504502088
1976,19.76,1.1305123686118104,0.09285454000595608
1977,19.77,1.129054371746001,0.09186708833635374
1978,19.78,1.1248182682059713,0.09047991311659948
1979,19.79,1.130281149283632,0.08996763785919648
1980,19.8,1.1282691178377655,0.0886486469014391
1981,19.81,1.1266804503039656,0.0874170288219914
1982,19.82,1.1196635724486574,0.08571433214504343
1983,19.830000000000002,1.1203498991586367,0.08514988392915171
1984,19.84,1.1185378285303975,0.08379478533120065
1985,19.85,1.125171344055087,0.08315288584973221
1986,19.86,1.1214614728054977,0.08119556951588192
1987,19.87,1.119078829934551,0.08099616156852069
1988,19.88,1.1160199613948663,0.07964002764127787
1989,19.89,1.1124406120773649,0.07793567327632284
1990,19.900000000000002,1.1102464123476776,0.0769527452560416
1991,19.91,1.1112246996416721,0.0753699230815627
1992,19.92,1.1073081387944026,0.07502602350007896
1993,19.93,1.1094674106125615,0.07359928123237977
1994,19.94,1.1101144469787474,0.07265970960382834
1995,19.95,1.110862194075979,0.07228737973716737
1996,19.96,1.1074393494233314,0.07036796862255013
1997,19.97,1.105076800922741,0.07041149534620142
1998,19.98,1.1007485656674825,0.06893126787364458
1999,19.990000000000002,1.102598905864151,0.06765187122340545
2000,20.0,1.1013725177495022,0.06629774469792349
2001,20.01,1.1035288320637249,0.06456920278756736
2002,20.02,1.101997736677207,0.0642737132837449
2003,20.03,1.1020169990683215,0.06285426589119616
2004,20.04,1.0963783171178427,0.061646025349087086
2005,20.05,1.0959712481576578,0.06001776517192146
2006,20.06,1.0994233862159717,0.05949453450880647
2007,20.07,1.094623610522978,0.05841067018094547
2008,20.080000000000002,1.09506918530862,0.05713134848689077
2009,20.09,1.086047254661492,0.05678437079296513
2010,20.1,1.0912525459586138,0.055017152507602404
2011,20.11,1.093359338597854,0.053682012359529074
2012,20.12,1.087507430176191,0.053633890445608866
2013,20.13,1.0813990297766904,0.05156680775107582
2014,20.14,1.0876857360509633,0.05203147529388606
2015,20.150000000000002,1.0879323792311253,0.05006507723628971
2016,20.16,1.0816973219234596,0.04935778456330083
2017,20.17,1.07490778040517,0.047542496054786734
2018,20.18,1.083830653524719,0.0466283028164181
2019,20.19,1.0784175411663537,0.045324983782346374
2020,20.2,1.0758487965571832,0.044206952056796985
2021,20.21,1.074969940071783,0.04348540784006575
2022,20.22,1.0743641571079234,0.04271161810669324
2023,20.23,1.0715023767764917,0.041189981107808395
2024,20.240000000000002,1.0744946099848809,0.04019385249263523
2025,20.25,1.0708500761199908,0.0397422275186075
2026,20.26,1.0734496767598396,0.037549180575586504
2027,20.27,1.0689187902531585,0.037492653183672356
2028,20.28,1.0732630001058319,0.03588472630118859
2029,20.29,1.0668846292308662,0.03475756699437465
2030,20.3,1.0612119543645093,0.03312054205541593
2031,20.31,1.0662383009144512,0.03233106056502271
2032,20.32,1.0650468604577283,0.03137255084768683
2033,20.330000000000002,1.0616815178865004,0.03094946787034823
2034,20.34,1.0588374584265188,0.03024138080359241
2035,20.35,1.0559324237813912,0.029027605630586237
2036,20.36,1.0554794834401382,0.027527006329370926
2037,20.37,1.0577667638681991,0.02707801871760334
2038,20.38,1.0548190319568786,0.025358026620509632
2039,20.39,1.0522261689133006,0.02362515949529398
2040,20.400000000000002,1.049169831949825,0.023097271830248425
2041,20.41,1.049950063130981,0.022037858046174096
2042,20.42,1.0465714445855958,0.020608887974623975
2043,20.43,1.0458029076340702,0.02002973577288133
2044,20.44,1.0445864039028863,0.018558667925610752
2045,20.45,1.0415378792988323,0.017816305713710363
2046,20.46,1.0421425820169026,0.01779457601437665
2047,20.47,1.043414320338424,0.015395959933433241
2048,20.48,1.0410633820868855,0.014602393662019797
2049,20.490000000000002,1.0388097722942762,0.014255999539811404
2050,20.5,1.041584183102133,0.012992276425406533
2051,20.51,1.0376221929014497,0.012704427827338795
2052,20.52,1.0311880255414763,0.01082086153790629
2053,20.53,1.0329075359808186,0.00977615758087939
2054,20.54,1.0297649066283165,0.009220720892341137
2055,20.55,1.0319352849797976,0.008226581068741011
2056,20.56,1.0310191549961794,0.0067947593590006366
2057,20.57,1.0271058394701094,0.006164664275640758
2058,20.580000000000002,1.0279671216064183,0.005158705048265051
2059,20.59,1.021662766047749,0.003832969560924082
2060,20.6,1.022720039833721,0.0026251289989233846
2061,20.61,1.0236563525843703,0.001197278924907045
2062,20.62,1.0210345394850153,0.0006622300103394655
2063,20.63,1.0172043388586989,-0.00030182595682231363
2064,20.64,1.018914211914969,-0.001750305312932641
2065,20.650000000000002,1.0191721293176508,-0.0029620618604633713
2066,20.66,1.01667177675807,-0.003962288649124654
2067,20.67,1.0176211188638133,-0.0043772581579423625
2068,20.68,1.0125506604065146,-0.005783509860629807
2069,20.69,1.0058980214668907,-0.00684291043865755
2070,20.7,1.008714346148686,-0.008047262379467925
2071,20.71,1.0091799473396958,-0.00870734816063579
2072,20.72,1.0065060375793726,-0.009946434840612748
2073,20.73,1.0065471491314877,-0.010606584818102902
2074,20.740000000000002,1.0060059730357094,-0.011932568119066648
2075,20.75,1.0030929844210998,-0.013349671582502698
2076,20.76,1.0058489854546697,-0.01396200364830004
2077,20.77,0.9944384160779691,-0.014051733669513766
2078,20.78,1.0003053822267682,-0.015702029262856187
2079,20.79,1.0008106082996298,-0.016423104133258842
2080,20.8,0.9947431631106108,-0.01775802429836979
2081,20.81,0.9887167155157945,-0.018307672456123632
2082,20.82,0.9927973146495096,-0.01995378754904848
2083,20.830000000000002,0.9843992971564891,-0.019908640591044892
2084,20.84,0.9897693000869507,-0.021243519707965043
2085,20.85,0.9915755751791672,-0.02286675255222483
2086,20.86,0.987478777326201,-0.02313332752808221
2087,20.87,0.9857286551160306,-0.024700079159098075
2088,20.88,0.981602289750718,-0.02596958192667556
2089,20.89,0.9762033948492331,-0.02662469983937268
2090,20.900000000000002,0.9784549733065088,-0.027462800663008085
2091,20.91,0.9761837905519816,-0.028458664433297108
2092,20.92,0.9813453874233312,-0.029756915046961575
2093,20.93,0.9746080444801553,-0.030107590917176595
2094,20.94,0.9742323280654578,-0.030771956229389302
2095,20.95,0.9757426603267688,-0.03258029049347691
2096,20.96,0.9685170053460558,-0.032648615156897015
2097,20.97,0.9716924287275268,-0.03439320342363268
2098,20.98,0.9650360374602716,-0.03579973386262401
2099,20.990000000000002,0.9700441817617782,-0.03610429993959877
2100,21.0,0.9652600161697982,-0.03739554957642562
2101,21.01,0.9612527025837071,-0.03821744008241357
2102,21.02,0.9639583811791342,-0.04019755119155806
2103,21.03,0.9628803958496018,-0.039575706842318516
2104,21.04,0.9617961605335816,-0.040949567311088175
2105,21.05,0.956007710021252,-0.041789788917504206
2106,21.06,0.9594458527469323,-0.043465747682059214
2107,21.07,0.9577551916317961,-0.04365459899318544
2108,21.080000000000002,0.9517353513468163,-0.04573247082772513
2109,21.09,0.9523950823103406,-0.04523835853773005
2110,21.1,0.9497487840143596,-0.046903946755801056
2111,21.11,0.9485257630345009,-0.04696395442837585
2112,21.12,0.951888114601799,-0.04835972728930961
2113,21.13,0.9507370546433458,-0.04941777884778324
2114,21.14,0.9355106440167669,-0.050547185463552656
2115,21.150000000000002,0.9420870818941004,-0.05188509160332995
2116,21.16,0.9449768342611402,-0.0532499427783803
2117,21.17,0.936163686072965,-0.05323117540421421
2118,21.18,0.9375418008918726,-0.054498252229897216
2119,21.19,0.9387487711903053,-0.0559423282280391
2120,21.2,0.9293917688617337,-0.05635134059930894
2121,21.21,0.9294199063814231,-0.057691781587066886
2122,21.22,0.929096474624503,-0.05816818193822578
2123,21.23,0.9280507867656761,-0.058926620208656494
2124,21.240000000000002,0.9278005685154306,-0.05963545151416252
2125,21.25,0.9225030719774868,-0.060847128011585705
2126,21.26,0.921824946079735,-0.061324614489348395
2127,21.27,0.9219231879374519,-0.06330757090648435
2128,21.28,0.9207810584461358,-0.06400254697052789
2129,21.29,0.917821400360064,-0.06475950272192013
2130,21.3,0.9164921662343403,-0.06569664963485819
2131,21.31,0.9144719510740138,-0.06608803360475157
2132,21.32,0.9220799561338722,-0.06780086901925873
2133,21.330000000000002,0.9130781798328806,-0.06831027335747393
2134,21.34,0.9106907849484285,-0.06878651853072013
2135,21.35,0.9051360972104179,-0.07070871692111967
2136,21.36,0.9074073710777664,-0.07127120248997755
2137,21.37,0.906081671711072,-0.07138808213256721
2138,21.38,0.8996247755904005,-0.0725721762141163
2139,21.39,0.9000575333857971,-0.07343703245596557
2140,21.400000000000002,0.896708281021518,-0.0738316668276491
2141,21.41,0.8981788724492541,-0.07588727324560157
2142,21.42,0.892233620412241,-0.07625745922584458
2143,21.43,0.8944648626417173,-0.07718000467768332
2144,21.44,0.8954508407802501,-0.07824340005673322
2145,21.45,0.8920189711266058,-0.07925291180670349
2146,21.46,0.8906757362837571,-0.08003952072088791
2147,21.47,0.8892359478429975,-0.08149248264603781
2148,21.48,0.8858378085692682,-0.08149422865990609
2149,21.490000000000002,0.8831922595874554,-0.08251396673691828
2150,21.5,0.8792549729385095,-0.08376591317800046
2151,21.51,0.8781771947213894,-0.08501208857610228
2152,21.52,0.8840396523485298,-0.08541963347293004
2153,21.53,0.8811101819557309,-0.08611472635257557
2154,21.54,0.8736486102421978,-0.08663334746175969
2155,21.55,0.8754400698052649,-0.0877416835430376
2156,21.56,0.8685962737236991,-0.08834961886418655
2157,21.57,0.8649066114835741,-0.08988461874800951
2158,21.580000000000002,0.863730300357144,-0.09037834584314237
2159,21.59,0.8673574887678115,-0.09168885066840284
2160,21.6,0.8602408862489309,-0.09187826562010461
2161,21.61,0.864246407663342,-0.09357907214216414
2162,21.62,0.8579485117873347,-0.09353816876221212
2163,21.63,0.8591550859290855,-0.094576093718135
2164,21.64,0.8530242717327946,-0.09524398539950363
2165,21.650000000000002,0.852616985123088,-0.09604640550600317
2166,21.66,0.8531870546316782,-0.09713352228951322
2167,21.67,0.8508113047390429,-0.09768788240058449
2168,21.68,0.8530819913332213,-0.09888213784973147
2169,21.69,0.8479693460492451,-0.09984469598681935
2170,21.7,0.839047606047064,-0.10076979218446401
2171,21.71,0.844503532666644,-0.10171753422795697
2172,21.72,0.8366881837243112,-0.10192117580297458
2173,21.73,0.8402326773736928,-0.10372413906196266
2174,21.740000000000002,0.8360111286608413,-0.10374776956791885
2175,21.75,0.835358240657705,-0.10465301643688212
2176,21.76,0.8314506956685616,-0.10622595943765549
2177,21.77,0.8298693694770043,-0.1076918683216002
2178,21.78,0.8284989346722162,-0.10718680890407625
2179,21.79,0.821463423048446,-0.1077586678822373
2180,21.8,0.823712904537462,-0.10870550845078962
2181,21.81,0.8211662666459436,-0.10986870073350195
2182,21.82,0.8213826970241906,-0.11076068588437908
2183,21.830000000000002,0.817261148212154,-0.11200191187639552
2184,21.84,0.817024195610639,-0.1130368219915735
2185,21.85,0.8174672766362562,-0.11329834129021685
2186,21.86,0.8115368706467979,-0.11384708512234813
2187,21.87,0.8085524306717826,-0.1146466894606321
2188,21.88,0.8045365543473135,-0.11618017309500674
2189,21.89,0.8101890126874589,-0.11644183700175313
2190,21.900000000000002,0.8003731622568601,-0.11765709126501406
2191,21.91,0.8078478310043605,-0.11830207976025645
2192,21.92,0.7956719433739688,-0.11851117514369011
2193,21.93,0.7915241497024738,-0.11954909044699547
2194,21.94,0.7936861455969402,-0.12062966968186138
2195,21.95,0.7899751407125597,-0.12132684040596874
2196,21.96,0.789807638413432,-0.12300146525878285
2197,21.97,0.7889765295770095,-0.12255503118041525
2198,21.98,0.7800403138803632,-0.12391427165089332
2199,21.990000000000002,0.778812122483961,-0.12496085096805663
2200,22.0,0.775989459899301,-0.12500472673454538
2201,22.01,0.7772246075757346,-0.12598136131121465
2202,22.02,0.7715114118660061,-0.12679604857611557
2203,22.03,0.7751536304956331,-0.12712726690476459
2204,22.04,0.7695591646147069,-0.12826046756763657
2205,22.05,0.771700354221011,-0.1287263435240361
2206,22.06,0.7614893859738149,-0.12926252372818686
2207,22.07,0.766471623176191,-0.13023142712571167
2208,22.080000000000002,0.7594802593024933,-0.13082701547644568
2209,22.09,0.7553568197331112,-0.13179077348171495
2210,22.1,0.7494492730255808,-0.13307420061044173
2211,22.11,0.7511898123756532,-0.13352494679345467
2212,22.12,0.7525622289415864,-0.13478578880448489
2213,22.13,0.749508683104034,-0.134604677254081
2214,22.14,0.7395236161386134,-0.1362924983550261
2215,22.150000000000002,0.74194531795233,-0.13622468999872045
2216,22.16,0.7396547480057909,-0.13743106302253139
2217,22.17,0.7346171006119273,-0.13786543838730625
2218,22.18,0.7394192076209702,-0.13930885054798653
2219,22.19,0.7281868365495006,-0.13989114327124003
2220,22.2,0.7333252661019537,-0.1392562648431243
2221,22.21,0.7247950732714864,-0.1410427289901804
2222,22.22,0.7282337547233781,-0.14102612878017928
2223,22.23,0.7208556794942329,-0.14286586373911017
2224,22.240000000000002,0.7187936388967029,-0.1431134231924449
2225,22.25,0.7184824140582078,-0.14363630838304792
2226,22.26,0.7118706336742247,-0.14453745368834023
2227,22.27,0.7116089107323438,-0.14581402226922788
2228,22.28,0.7083045297896744,-0.14574961902221084
2229,22.29,0.7010663028482643,-0.1465175492288406
2230,22.3,0.7040232380444131,-0.14848545337470354
2231,22.31,0.7008646757634401,-0.14814401763464097
2232,22.32,0.6994760918410804,-0.14889550688344147
2233,22.330000000000002,0.6985725701809642,-0.14935910044418135
2234,22.34,0.689023608777784,-0.14984401128538558
2235,22.35,0.6826365972150931,-0.1502353891537083
2236,22.36,0.6792102825131712,-0.15089659754968232
2237,22.37,0.6817455022421798,-0.1518446882312201
2238,22.38,0.6757589650285065,-0.15326604572431282
2239,22.39,0.67369775442943,-0.15392988047334405
2240,22.400000000000002,0.6696201276086573,-0.1543183856697849
2241,22.41,0.667108041319398,-0.1550964760695377
2242,22.42,0.6654706440886308,-0.15485689313025597
2243,22.43,0.6621397693581164,-0.15572256371155668
2244,22.44,0.661018180583929,-0.15727911740305867
2245,22.45,0.6586875814833418,-0.1572661289514998
2246,22.46,0.6588954438012268,-0.15853471472351663
2247,22.47,0.6536969930658526,-0.1590245335445136
2248,22.48,0.6484764556366538,-0.15958737544537763
2249,22.490000000000002,0.6425115054176495,-0.1601353312815754
2250,22.5,0.6479125266522276,-0.16104817123780119
2251,22.51,0.6398336006629561,-0.16115046839157374
2252,22.52,0.6347777799149087,-0.16225921089720213
2253,22.53,0.6355317237933609,-0.162840571903834
2254,22.54,0.6270048144867525,-0.16380134581845088
2255,22.55,0.623426565498835,-0.163306766736487
2256,22.56,0.6219709727181639,-0.16496746112211735
2257,22.57,0.6142674575547135,-0.16516380390210994
2258,22.580000000000002,0.609930957998191,-0.16594782480008993
2259,22.59,0.6128626301066585,-0.16593038363899706
2260,22.6,0.604324934472941,-0.1669982786487823
2261,22.61,0.5993566354352594,-0.16727768348981348
2262,22.62,0.5912722287037866,-0.1683011962919795
2263,22.63,0.5858478250145944,-0.16852713192617647
2264,22.64,0.5866993674602481,-0.16937985002459305
2265,22.650000000000002,0.5823444498792314,-0.17041281142057252
2266,22.66,0.5839017935229672,-0.1710922161787372
2267,22.67,0.5698724863053096,-0.17132456416858813
2268,22.68,0.5715316985852172,-0.17275343085079722
2269,22.69,0.5618191990294068,-0.17290687844415992
2270,22.7,0.5590919578223412,-0.17243584899198722
2271,22.71,0.5531942707756278,-0.17367629065882104
2272,22.72,0.5500229539301481,-0.1745707219292006
2273,22.73,0.5458962731574672,-0.1740125370838158
2274,22.740000000000002,0.5404378539908359,-0.17481233004826074
2275,22.75,0.5388524146906067,-0.17547220747000142
2276,22.76,0.5257429091251283,-0.17593638303440087
2277,22.77,0.5299358840757998,-0.17696965550252514
2278,22.78,0.5221043644125638,-0.17673586248800435
2279,22.79,0.5158540722337893,-0.17791350562499372
2280,22.8,0.509528514346899,-0.17871056211213604
2281,22.81,0.5087409084016759,-0.178434894961539
2282,22.82,0.49987775460897793,-0.17907415293664708
2283,22.830000000000002,0.49962667611340233,-0.17937389017539956
2284,22.84,0.48688716220196504,-0.18083910625321717
2285,22.85,0.4889965250668216,-0.1804868920684049
2286,22.86,0.4798096472068359,-0.18159430064581755
2287,22.87,0.4715341663959163,-0.1823479735460802
2288,22.88,0.47043232139124314,-0.1823525605529806
2289,22.89,0.45858088434057165,-0.18346616677005673
2290,22.900000000000002,0.45888811625013187,-0.18331362053487912
2291,22.91,0.4485423777339345,-0.18338957896694372
2292,22.92,0.4417152072488261,-0.18361837907913584
2293,22.93,0.43691188317730995,-0.1844289564936939
2294,22.94,0.42893791353009403,-0.18484375843536333
2295,22.95,0.4256803864283907,-0.18550427651101964
2296,22.96,0.4158774805387989,-0.18552178288428156
2297,22.97,0.413587956097525,-0.18606308458771742
2298,22.98,0.4034480381554505,-0.1864961618968408
2299,22.990000000000002,0.3954554926913619,-0.18804798245186197
2300,23.0,0.3920350858625579,-0.1873741278024746
2301,23.01,0.3857754974426281,-0.18801813728322683
2302,23.02,0.3740512628115057,-0.1876414047024614
2303,23.03,0.3683620184840217,-0.18860619521886823
2304,23.04,0.357416646827301,-0.1891581878415864
2305,23.05,0.35235053385304316,-0.18922961283173428
2306,23.06,0.3402273273431721,-0.18951876999658104
2307,23.07,0.3331622608604106,-0.18961634526264134
2308,23.080000000000002,0.321455291471014,-0.1903224173847407
2309,23.09,0.3083019796390585,-0.18993273909571592
2310,23.1,0.30071065777822414,-0.19078967550854423
2311,23.11,0.29061286161005895,-0.19094955671066058
2312,23.12,0.28368763908659766,-0.19161991192625558
2313,23.13,0.2726706700179739,-0.1914207760926961
2314,23.14,0.2544299335490209,-0.1920437338343446
2315,23.150000000000002,0.24762394956916445,-0.1926198408851596
2316,23.16,0.23277563120733064,-0.19312317167913726
2317,23.17,0.220506900223291,-0.1920730195879606
2318,23.18,0.20957016331802375,-0.1929438007624401
2319,23.19,0.20146892631740465,-0.19295335372019992
2320,23.2,0.18309437653808228,-0.1927417839452711
2321,23.21,0.1694243911328654,-0.19302858902571204
2322,23.22,0.15584152897770084,-0.19271177117516042
2323,23.23,0.13820750983471708,-0.19408479159004205
2324,23.240000000000002,0.12148504575962493,-0.19392702631497055
2325,23.25,0.10922146991751344,-0.19376965470661053
2326,23.26,0.09331854189222236,-0.1939246667676437
2327,23.27,0.07465734607203095,-0.1946340768975485
2328,23.28,0.06084648014711209,-0.19462760180430033
2329,23.29,0.04679185395248529,-0.19432666447999644
2330,23.3,0.027845086849918023,-0.19464716043156907
2331,23.31,0.008337417674370738,-0.19441741693907225
2332,23.32,-0.016548500618648522,-0.19456535542919026
2333,23.330000000000002,-0.03577443762068948,-0.19425128424248964
2334,23.34,-0.0545572709101658,-0.19437026585727096
2335,23.35,-0.07806808691226559,-0.1940229503812333
2336,23.36,-0.10020627522852077,-0.19371345464381273
2337,23.37,-0.12484207679142695,-0.1944082541976018
2338,23.38,-0.1491304858006517,-0.19419613603084687
2339,23.39,-0.17525015335373825,-0.19408866968744018
2340,23.400000000000002,-0.1931153434150289,-0.1934854516357879
2341,23.41,-0.22349829660945414,-0.1920903415415626
2342,23.42,-0.24330631003834896,-0.19284675125120146
2343,23.43,-0.2760564479417283,-0.19351164308528218
2344,23.44,-0.30714212567487786,-0.1916506610153598
2345,23.45,-0.32623563816448325,-0.19243023732342057
2346,23.46,-0.36234011137549715,-0.19165942415586665
2347,23.47,-0.39264217267932777,-0.19203971268451875
2348,23.48,-0.41607251831730735,-0.19128399243892757
2349,23.490000000000002,-0.4567710136076496,-0.19073765975403784
2350,23.5,-0.48355011491066896,-0.18950867764458165
2351,23.51,-0.5190551688819193,-0.19002722889156987
2352,23.52,-0.5507358982805759,-0.18950587702326485
2353,23.53,-0.5755365348909554,-0.18847223554162587
2354,23.54,-0.6099911643498048,-0.18712196093158107
2355,23.55,-0.6408291263173594,-0.1873833450886725
2356,23.56,-0.6734214467744442,-0.18731019224605602
2357,23.57,-0.703298437033725,-0.18607675793322276
2358,23.580000000000002,-0.7371563955188334,-0.1854317564872649
2359,23.59,-0.7662821505994699,-0.18544976633034174
2360,23.6,-0.7887468420381221,-0.1833314294724163
2361,23.61,-0.8212933882809957,-0.18270081642405558
2362,23.62,-0.8401650893937087,-0.18242906163996175
2363,23.63,-0.8661825668433963,-0.18121658485025963
2364,23.64,-0.9001680217820744,-0.1799180311745426
2365,23.650000000000002,-0.9228836396065568,-0.17941166922700832
2366,23.66,-0.9376347791464141,-0.17857424503624003
2367,23.67,-0.9625102935782519,-0.17762287243753833
2368,23.68,-0.9838737010526362,-0.17648895346280985
2369,23.69,-1.001285252304231,-0.17534772567154003
2370,23.7,-1.0191379127862463,-0.1742301761990879
2371,23.71,-1.0355238268712035,-0.1736971495397272
2372,23.72,-1.0449053095049858,-0.17217515925092103
2373,23.73,-1.0583352960291785,-0.17196944829817698
2374,23.740000000000002,-1.074082199622991,-0.1701279870503631
2375,23.75,-1.0787081051083014,-0.16970330195448163
2376,23.76,-1.0942418831117842,-0.16886528844181098
2377,23.77,-1.1062702928262234,-0.16730424120070703
2378,23.78,-1.118863694419375,-0.16580137863574004
2379,23.79,-1.1234382095313078,-0.16461214268690216
2380,23.8,-1.1241060105569893,-0.16354960728862641
2381,23.81,-1.1292341254886769,-0.1626816459090173
2382,23.82,-1.1288508932447678,-0.16136575270452325
2383,23.830000000000002,-1.1410730831183737,-0.16030289777327048
2384,23.84,-1.1452033998565856,-0.159849976930072
2385,23.85,-1.1508010935639692,-0.15753053560270572
2386,23.86,-1.1544316007978301,-0.15739527182992016
2387,23.87,-1.1563598303826508,-0.15611508690928808
2388,23.88,-1.1580363560519524,-0.15453095217384843
2389,23.89,-1.1590005220507813,-0.15329546710145112
2390,23.900000000000002,-1.1593905423853337,-0.15206719271028843
2391,23.91,-1.167305176906316,-0.15176800606708252
2392,23.92,-1.1643660154010471,-0.15025522763085974
2393,23.93,-1.1708449910064493,-0.1486710652037832
2394,23.94,-1.168487136565235,-0.1478788284142206
2395,23.95,-1.1689589749524885,-0.1469116257510353
2396,23.96,-1.1728759924383456,-0.14620314995191916
2397,23.97,-1.1684267247410287,-0.1442974766019549
2398,23.98,-1.17078589079661,-0.1434013572468912
2399,23.990000000000002,-1.1696023502573911,-0.14110275852825627
2400,24.0,-1.163962761576284,-0.14076714591116601
2401,24.01,-1.1678041753454775,-0.13984053239471397
2402,24.02,-1.1652789433499073,-0.13853423910303747
2403,24.03,-1.1716558100084913,-0.1373843148503408
2404,24.04,-1.166137250470232,-0.13587871759349668
2405,24.05,-1.163262223297705,-0.13433699824657708
2406,24.060000000000002,-1.167088161006272,-0.13389208355397475
2407,24.07,-1.155580835597614,-0.1331571859232559
2408,24.080000000000002,-1.165109807913248,-0.13204259065856236
2409,24.09,-1.1666353002526328,-0.13014769004706997
2410,24.1,-1.1645362436763669,-0.1290202421167307
2411,24.11,-1.1644896763894776,-0.12806114260829463
2412,24.12,-1.1653574832543192,-0.12653920263470866
2413,24.13,-1.1584956164513533,-0.12578866870972732
2414,24.14,-1.1588227494668406,-0.12501794645122918
2415,24.150000000000002,-1.1553296850754282,-0.12333419235310662
2416,24.16,-1.1562774442456791,-0.12213475789460834
2417,24.17,-1.1541518665562611,-0.12100674664622514
2418,24.18,-1.1581323467489573,-0.11986174456662758
2419,24.19,-1.1540418155868466,-0.11909787783290185
2420,24.2,-1.1510910374347674,-0.1175899147375153
2421,24.21,-1.1547730011681558,-0.11663499345082183
2422,24.22,-1.155605556285985,-0.11469943246316458
2423,24.23,-1.1460852626958384,-0.11452544749643934
2424,24.240000000000002,-1.1517562134335284,-0.11255876788088577
2425,24.25,-1.1487828722493847,-0.11205438078973266
2426,24.26,-1.1511605688744808,-0.11088912359994914
2427,24.27,-1.1454221391242385,-0.1096738174324158
2428,24.28,-1.1500187243566629,-0.10809472508245493
2429,24.29,-1.150847105421979,-0.1066119311040555
2430,24.3,-1.1448537717451697,-0.10573149155556046
2431,24.310000000000002,-1.149958213220221,-0.10437544251784364
2432,24.32,-1.1449903530799317,-0.103521782411037
2433,24.330000000000002,-1.1398414034555668,-0.102250754842755
2434,24.34,-1.1435464310772767,-0.10142476922255353
2435,24.35,-1.1340163465842752,-0.10041487905966076
2436,24.36,-1.1391142723832293,-0.09983846785885811
2437,24.37,-1.135906620764899,-0.09848780539971344
2438,24.38,-1.1383808804529865,-0.09632522493768697
2439,24.39,-1.1279095409727957,-0.09614933677642254
2440,24.400000000000002,-1.1287699243968587,-0.09426301210420891
2441,24.41,-1.1260790998539314,-0.0937939451992292
2442,24.42,-1.1250201674981284,-0.09178266846496434
2443,24.43,-1.125966139276381,-0.09137332319412625
2444,24.44,-1.1254913005045295,-0.09032475380767496
2445,24.45,-1.1266495280127635,-0.08943077925128112
2446,24.46,-1.1267462275069093,-0.08753837052721573
2447,24.47,-1.1274821412986504,-0.08750733970556675
2448,24.48,-1.1167680384888656,-0.08545452455798395
2449,24.490000000000002,-1.122513221694086,-0.08468476274680391
2450,24.5,-1.1189604474966455,-0.08272548306097807
2451,24.51,-1.1203407913965986,-0.08173829819734336
2452,24.52,-1.1180280390370267,-0.080669999613925
2453,24.53,-1.1177315552647131,-0.07992808785139388
2454,24.54,-1.1162477551735341,-0.07848926836874234
2455,24.55,-1.112903691003706,-0.07728490628672538
2456,24.560000000000002,-1.1160098924829334,-0.07658529053368514
2457,24.57,-1.1112643019829187,-0.07572517793766975
2458,24.580000000000002,-1.113326556223127,-0.07437899841180337
2459,24.59,-1.1130569648117155,-0.07293460943383594
2460,24.6,-1.1067747562676549,-0.07282822190874468
2461,24.61,-1.1084747932799246,-0.07118857498156236
2462,24.62,-1.10791978365882,-0.06972614494132572
2463,24.63,-1.1083167800509945,-0.06891550708243215
2464,24.64,-1.1056605637513086,-0.06768617417555052
2465,24.650000000000002,-1.1010079134741724,-0.06669435821107736
2466,24.66,-1.102182605901254,-0.06620944754793895
2467,24.67,-1.100003573901015,-0.06426337541619681
2468,24.68,-1.1011392000708278,-0.0638858541838229
2469,24.69,-1.0998416868432266,-0.06175870648037107
2470,24.7,-1.0976035239184536,-0.06070427442212663
2471,24.71,-1.0952363590130436,-0.05918394885546215
2472,24.72,-1.0970820687013343,-0.059378266922354254
2473,24.73,-1.0939694117952896,-0.057647412786462064
2474,24.740000000000002,-1.089676454547157,-0.05661605158485638
2475,24.75,-1.089822608124373,-0.055817869465639214
2476,24.76,-1.0880645007526377,-0.0549348201057862
2477,24.77,-1.090186256552521,-0.0536289523383695
2478,24.78,-1.0872223231820943,-0.05263833601649894
2479,24.79,-1.0804135161085588,-0.05185975350683263
2480,24.8,-1.0816921288068597,-0.05048471693654224
2481,24.810000000000002,-1.0804579489181576,-0.049599988814579485
2482,24.82,-1.0779500962461686,-0.04841696147354751
2483,24.830000000000002,-1.081340489173069,-0.04619222620898471
2484,24.84,-1.0760444978755197,-0.045806249459738574
2485,24.85,-1.0752848920409348,-0.0451406941889394
2486,24.86,-1.077451493368255,-0.04383878926264143
2487,24.87,-1.0778254659379332,-0.04249961148460003
2488,24.88,-1.0722454156947372,-0.04101694890756725
2489,24.89,-1.0714410240931322,-0.04116147060365567
2490,24.900000000000002,-1.0719078151072416,-0.03950711092483401
2491,24.91,-1.0715716716987669,-0.038188931384182855
2492,24.92,-1.0651840961364434,-0.03733439802312194
2493,24.93,-1.0658018806049951,-0.03647651113013938
2494,24.94,-1.0674531763452049,-0.035616612662260815
2495,24.95,-1.066306144302366,-0.03464299634908796
2496,24.96,-1.0656744881116107,-0.03354516717419392
2497,24.97,-1.0654083772262992,-0.03221173900965472
2498,24.98,-1.0592908276306452,-0.03150025853209252
2499,24.990000000000002,-1.0612504109892715,-0.029490136104606955
2500,25.0,-1.063641142849534,-0.02869714654975821
2501,25.01,-1.0539621668262495,-0.02764210271175154
2502,25.02,-1.0547093480569356,-0.02622486906382838
2503,25.03,-1.0528338354911129,-0.025735901052014745
2504,25.04,-1.052600100241271,-0.024915440955728965
2505,25.05,-1.0447572655034105,-0.023845465417276883
2506,25.060000000000002,-1.047778996939616,-0.02246243465406364
2507,25.07,-1.0484055208479597,-0.022028180580905922
2508,25.080000000000002,-1.0465487677735579,-0.020170063611109325
2509,25.09,-1.0419576472463294,-0.019255585830378442
2510,25.1,-1.048104318930605,-0.018252263927985863
2511,25.11,-1.045474690912648,-0.017176087422599403
2512,25.12,-1.0396461707519196,-0.016600440419635727
2513,25.13,-1.0418789082867255,-0.014915625116678564
2514,25.14,-1.0349428371096165,-0.014229165324869385
2515,25.150000000000002,-1.0369173569810581,-0.012798468083188406
2516,25.16,-1.0360944695648502,-0.012457067210572523
2517,25.17,-1.0390361264372436,-0.010679018690093788
2518,25.18,-1.034815702106114,-0.010314665225808537
2519,25.19,-1.033600844261903,-0.008900508418417887
2520,25.2,-1.0323126520069346,-0.008655360728032918
2521,25.21,-1.0270705033430314,-0.006472364064412096
2522,25.22,-1.0272950046361962,-0.005691521103972688
2523,25.23,-1.0310822265590962,-0.0054469100708761774
2524,25.240000000000002,-1.0284391640086832,-0.0032967620957594914
2525,25.25,-1.0236077969719073,-0.0028214008663226217
2526,25.26,-1.023723566667449,-0.0014537195483242233
2527,25.27,-1.019879485647771,-0.0008902005332435405
2528,25.28,-1.0219572752667632,0.00018419846254097582
2529,25.29,-1.0175919315770776,0.0010611538570844867
2530,25.3,-1.0180243020633784,0.0016834964072558554
2531,25.310000000000002,-1.0167376283756195,0.0031683483585114624
2532,25.32,-1.0141652773172278,0.0044034691946561975
2533,25.330000000000002,-1.0097796344002874,0.005156904892175597
2534,25.34,-1.008290019154933,0.006748776498448812
2535,25.35,-1.0138146424708596,0.00715362150396113
2536,25.36,-1.0108049540962976,0.007994252791699697
2537,25.37,-1.0080403137045437,0.009399343158569278
2538,25.38,-1.0031244801031367,0.010974346117327439
2539,25.39,-1.004696161992657,0.012315859248424165
2540,25.400000000000002,-1.0017666355701749,0.012516189465364695
2541,25.41,-1.0032209211379604,0.013100865799438994
2542,25.42,-1.0022849871655246,0.01408920080951645
2543,25.43,-0.9956142442643184,0.015102707998326949
2544,25.44,-0.9974531541604585,0.01612738724794095
2545,25.45,-0.9955311415194235,0.01723605933340178
2546,25.46,-0.9933368254877526,0.018062635707171842
2547,25.47,-0.992754745718346,0.019511659315138655
2548,25.48,-0.9931079765464419,0.02058892115047479
2549,25.490000000000002,-0.9950613669983925,0.02158437401201691
2550,25.5,-0.9874581488643788,0.021837967447405633
2551,25.51,-0.9847370989159852,0.023940635910329626
2552,25.52,-0.9862041805585198,0.024108329784972123
2553,25.53,-0.9844330531004463,0.02496468984033055
2554,25.54,-0.9802947284127222,0.02596311905520406
2555,25.55,-0.9834326964579955,0.026759576395088292
2556,25.560000000000002,-0.980814318224324,0.028420941730883047
2557,25.57,-0.9766017641321821,0.029526783187628514
2558,25.580000000000002,-0.9745645539530822,0.03072153930765035
2559,25.59,-0.9782303477953599,0.03145429884032297
2560,25.6,-0.9724130457949405,0.03238246909389214
2561,25.61,-0.9685626378175678,0.03250061838102294
2562,25.62,-0.9678449388935615,0.03382817803360663
2563,25.63,-0.9754181054104452,0.03463072272815114
2564,25.64,-0.9631782956262535,0.03608428684626594
2565,25.650000000000002,-0.9649536132829685,0.03756278014249567
2566,25.66,-0.9615768186935318,0.03791621453051372
2567,25.67,-0.9612312261491627,0.038849178139759466
2568,25.68,-0.963057934921549,0.04027930428226983
2569,25.69,-0.9556331345296262,0.0412093941083291
2570,25.7,-0.9596078235373403,0.04151483121516501
2571,25.71,-0.9568716585435617,0.043051707103942065
2572,25.72,-0.9525459300949611,0.044070499328906464
2573,25.73,-0.9516960949521417,0.04507025796253552
2574,25.740000000000002,-0.9560561041209877,0.04537199675062627
2575,25.75,-0.9560330069511498,0.046809122402898445
2576,25.76,-0.9516684247413175,0.04741739748003188
2577,25.77,-0.9471824347626673,0.04797661230109553
2578,25.78,-0.9455331095370162,0.04972879673291314
2579,25.79,-0.9421731180418613,0.04990468436718025
2580,25.8,-0.9413208356589727,0.05104509471299618
2581,25.810000000000002,-0.9378928686593452,0.051733741350190945
2582,25.82,-0.9336390299049651,0.05315246383010911
2583,25.830000000000002,-0.9414730845664073,0.053558673852632625
2584,25.84,-0.9346422975086367,0.054428528295085626
2585,25.85,-0.9373044582175091,0.056265529047158536
2586,25.86,-0.9236534649878574,0.0560856517815776
2587,25.87,-0.9348862311334215,0.05829273840297848
2588,25.88,-0.9342710073189212,0.05797470224311694
2589,25.89,-0.9227115761038379,0.0603576003860998
2590,25.900000000000002,-0.9247330001238284,0.06111087749411772
2591,25.91,-0.9231905229451353,0.06179949562019181
2592,25.92,-0.919173077242822,0.062275625229519946
2593,25.93,-0.9196004649302003,0.06328562728359279
2594,25.94,-0.9186997719443623,0.06418450828549452
2595,25.95,-0.9179134815664596,0.06455737596736559
2596,25.96,-0.9170979196181516,0.066286841547953
2597,25.97,-0.910043902770756,0.06729022639644663
2598,25.98,-0.9133046816876519,0.06726420789845625
2599,25.990000000000002,-0.9109666238036219,0.06879965637463736
2600,26.0,-0.9127183736868554,0.06956441377997032
2601,26.01,-0.9094599320278244,0.0705371851988863
2602,26.02,-0.9049689601266397,0.07166739001852834
2603,26.03,-0.9069045272388402,0.07268017067499125
2604,26.04,-0.9023790631050029,0.07303818664610298
2605,26.05,-0.903006418980397,0.07367933210899526
2606,26.060000000000002,-0.9003599921292506,0.07547008176329102
2607,26.07,-0.8943878155152152,0.07660858976414937
2608,26.080000000000002,-0.9017333465704116,0.07741901939626712
2609,26.09,-0.8931156602544832,0.07811248581884726
2610,26.1,-0.8920981737521582,0.07908992888498056
2611,26.11,-0.8862598246962745,0.07977402416202552
2612,26.12,-0.8902116729193326,0.08038058997781693
2613,26.13,-0.8836887986046851,0.08153277019596025
2614,26.14,-0.8835264324505842,0.08276217209577483
2615,26.150000000000002,-0.8814794613804009,0.08369241383575764
2616,26.16,-0.8818655883956674,0.08377332142822244
2617,26.17,-0.879123526164264,0.08468180285274404
2618,26.18,-0.8781377773802072,0.08595308122694527
2619,26.19,-0.8755042968490859,0.08701058139864482
2620,26.2,-0.8704588744798833,0.0881803887072786
2621,26.21,-0.8718105293654433,0.08864159859068559
2622,26.22,-0.8689376744612407,0.09026942253639077
2623,26.23,-0.8667686849505754,0.09044992358470644
2624,26.240000000000002,-0.8673088962600612,0.0908089835211902
2625,26.25,-0.8569264999356292,0.09215213910403158
2626,26.26,-0.8598809101958826,0.09377831836229153
2627,26.27,-0.85444885278577,0.0940965311281685
2628,26.28,-0.8552099720940914,0.09462884671412744
2629,26.29,-0.8614252347218676,0.09543381380506419
2630,26.3,-0.8552223880765512,0.09604317084346997
2631,26.310000000000002,-0.8548574802882325,0.09661025447705174
2632,26.32,-0.8487150244387159,0.0989667475740176
2633,26.330000000000002,-0.8465902576628407,0.09838329052505002
2634,26.34,-0.8471522459116864,0.09944158874970403
2635,26.35,-0.8465517722231517,0.10080201040074435
2636,26.36,-0.84126958979539,0.10102108096328526
2637,26.37,-0.8436553842694883,0.10307869157098612
2638,26.38,-0.8339869564339873,0.10274037880600867
2639,26.39,-0.8363502129052917,0.10341096245546191
2640,26.400000000000002,-0.8335104106494247,0.10417432975057483
2641,26.41,-0.8341181265818525,0.10625814673759236
2642,26.42,-0.8328093162231937,0.10650180241615292
2643,26.43,-0.8253534503387321,0.10748956711287236
2644,26.44,-0.8290952064207716,0.10795319976347156
2645,26.45,-0.8275981560554364,0.10849205156510815
2646,26.46,-0.8296679734921879,0.10975112036914517
2647,26.47,-0.8189362863172372,0.11041160681459591
2648,26.48,-0.8191043375339532,0.11116534977248577
2649,26.490000000000002,-0.8185104394878565,0.11218191407874184
2650,26.5,-0.813959334967939,0.1129601045020362
2651,26.51,-0.8053104538950737,0.11362676956916544
2652,26.52,-0.8076226374884921,0.11443125819510785
2653,26.53,-0.805680186440094,0.11516054734960963
2654,26.54,-0.8063208229444166,0.1161706188616652
2655,26.55,-0.802481267415673,0.11705445876568053
2656,26.560000000000002,-0.8029471125110796,0.1181785698218766
2657,26.57,-0.8017369337526964,0.11818989968785455
2658,26.580000000000002,-0.7978919523347255,0.11926708890748604
2659,26.59,-0.794529245250544,0.1205843838854285
2660,26.6,-0.7890699585947629,0.1212318881383102
2661,26.61,-0.7870764365291549,0.12168804286537327
2662,26.62,-0.7877356376975647,0.1221606606043866
2663,26.63,-0.7819374887252684,0.12320589255490938
2664,26.64,-0.7799942411276327,0.12380241492498595
2665,26.650000000000002,-0.7813030687789606,0.12540213978908124
2666,26.66,-0.7756355546620147,0.12550727524507624
2667,26.67,-0.7745891147895121,0.12681442707479107
2668,26.68,-0.7716584657805224,0.127549273925766
2669,26.69,-0.7693752999806395,0.1280652219298125
2670,26.7,-0.7656439029787786,0.12825929469193134
2671,26.71,-0.7678246339016649,0.12911798529150728
2672,26.72,-0.7651509366868817,0.13033935451769937
2673,26.73,-0.7588257709644151,0.13182965296522267
2674,26.740000000000002,-0.7549665778993394,0.13203410487389447
2675,26.75,-0.7527969351882691,0.13253532090195663
2676,26.76,-0.7549385638495517,0.1335002483659185
2677,26.77,-0.7581675235204921,0.1339380709484102
2678,26.78,-0.7458413101219404,0.1354213953265127
2679,26.79,-0.743041071528411,0.13558116123473526
2680,26.8,-0.74354788254908,0.13596298062315715
2681,26.810000000000002,-0.7453215130104013,0.13712478531271613
2682,26.82,-0.7396397778347963,0.1382958507533585
2683,26.830000000000002,-0.7386172778716158,0.1385326029931378
2684,26.84,-0.7395722654024705,0.13920754193291593
2685,26.85,-0.7305511400958838,0.1395843199832291
2686,26.86,-0.7284129480846944,0.14073979382774948
2687,26.87,-0.7271982352979417,0.14107841489490827
2688,26.88,-0.7234911926136335,0.14178098588585086
2689,26.89,-0.7188551166848939,0.14291254190721556
2690,26.900000000000002,-0.7193243081715192,0.1439738166069082
2691,26.91,-0.7149408395598372,0.14418395352081692
2692,26.92,-0.7103935482988966,0.14483757314617432
2693,26.93,-0.7129727013404312,0.14576404801908527
2694,26.94,-0.7129508944035129,0.14733953172162237
2695,26.95,-0.7034761461713329,0.14717350891346148
2696,26.96,-0.7009081121292124,0.14822647574122846
2697,26.97,-0.7028798344866211,0.14875267564020775
2698,26.98,-0.6937439220667375,0.14955148885295305
2699,26.990000000000002,-0.6907343285750882,0.14994421082015544
2700,27.0,-0.6891414809415976,0.15067435694206244
2701,27.01,-0.6834200127054749,0.15196962455650054
2702,27.02,-0.6808961413467117,0.15171816184403683
2703,27.03,-0.6788164460629825,0.15284347269877574
2704,27.04,-0.6776007452925025,0.15346465996600953
2705,27.05,-0.6763332645515374,0.15493020309737665
2706,27.060000000000002,-0.6738111898889672,0.1540599162983448
2707,27.07,-0.6652514246695218,0.15520732564447368
2708,27.080000000000002,-0.665758047885616,0.15642509959637596
2709,27.09,-0.6592241115274693,0.15626201323209837
2710,27.1,-0.6535275558864152,0.15764898299571428
2711,27.11,-0.6516011798253503,0.158123045843896
2712,27.12,-0.6475786934361502,0.15782880639666555
2713,27.13,-0.6444920848932092,0.15941325008751242
2714,27.14,-0.6372838273974559,0.16043843243512934
2715,27.150000000000002,-0.6400134441891436,0.1607351933244
2716,27.16,-0.6370637693117667,0.16156329298086128
2717,27.17,-0.6342176486670246,0.16183469473833834
2718,27.18,-0.6288670140067171,0.162762251162853
2719,27.19,-0.6281247656549853,0.16306183355875692
2720,27.2,-0.6257977169303727,0.16335781694214235
2721,27.21,-0.6140042201622051,0.16402497441230976
2722,27.22,-0.6138362879247387,0.1652839855377427
2723,27.23,-0.6083340327792373,0.16569168427553452
2724,27.240000000000002,-0.6089380110797624,0.16596257891477104
2725,27.25,-0.6030512994678262,0.16702596309126277
2726,27.26,-0.5963087370157938,0.16816628657966629
2727,27.27,-0.59388193235212,0.16751463124093674
2728,27.28,-0.5949361112263579,0.1686642421229949
2729,27.29,-0.591557845738337,0.16918026038809356
2730,27.3,-0.5845739022065308,0.16918858391910221
2731,27.310000000000002,-0.5790531865740334,0.1708350335245767
2732,27.32,-0.5760490830391747,0.1712818197276674
2733,27.330000000000002,-0.5720447504114402,0.17147706430122864
2734,27.34,-0.5638970197884692,0.1716383786933493
2735,27.35,-0.5569292750732019,0.17379783495388024
2736,27.36,-0.5576122675918391,0.17300264051699335
2737,27.37,-0.5494649871487263,0.17411351158925495
2738,27.38,-0.5468421974432436,0.17373245641876764
2739,27.39,-0.5437693127958303,0.1751749883707716
2740,27.400000000000002,-0.5434136111238589,0.17586294960512017
2741,27.41,-0.5385805884729118,0.17597495941812458
2742,27.42,-0.5292937937811494,0.17680339062462846
2743,27.43,-0.5252910952021165,0.17719326025465582
2744,27.44,-0.5189421404801091,0.17701808400019334
2745,27.45,-0.519330823898952,0.17882593148973697
2746,27.46,-0.508138849701151,0.1781942617674074
2747,27.47,-0.5064265083969488,0.17904038898519928
2748,27.48,-0.4993078157735953,0.1795034537237889
2749,27.490000000000002,-0.49300064662767235,0.18004601181494506
2750,27.5,-0.48999742128034873,0.1805316609760282
2751,27.51,-0.48197329775842906,0.1807484251673132
2752,27.52,-0.4767692750164268,0.18148671710220485
2753,27.53,-0.469247374356751,0.1829139212346983
2754,27.54,-0.464733148819689,0.1817299563779655
2755,27.55,-0.4589206038442219,0.1834277509949407
2756,27.560000000000002,-0.4491229292672357,0.18398340666836824
2757,27.57,-0.445201623854553,0.18466947566371308
2758,27.580000000000002,-0.442559939136971,0.1845100152148634
2759,27.59,-0.43514633192854346,0.1846162449853741
2760,27.6,-0.4267513241948047,0.18542072099623208
2761,27.61,-0.41846897379000714,0.1853443631168877
2762,27.62,-0.41039214288484854,0.1855076745306391
2763,27.63,-0.4001002591038228,0.18698546364718047
2764,27.64,-0.3957765979024317,0.18700631384886082
2765,27.650000000000002,-0.3855441013873183,0.18716621705391567
2766,27.66,-0.3757568979022911,0.18735243108751068
2767,27.67,-0.37741095629095905,0.1876045535805197
2768,27.68,-0.36157110917891616,0.18897508361574045
2769,27.69,-0.35560037631683344,0.18858824683047792
2770,27.7,-0.3499904439001887,0.18856976034971504
2771,27.71,-0.332812648515733,0.18922591510496517
2772,27.72,-0.3289331384614875,0.18919599908772952
2773,27.73,-0.3215447342627127,0.1907532174556491
2774,27.740000000000002,-0.3060162810936161,0.19148986613269564
2775,27.75,-0.2990066227753048,0.1912731576522713
2776,27.76,-0.28818030677575857,0.19164821331463497
2777,27.77,-0.27580048459828077,0.1915660412029373
2778,27.78,-0.27272234171566606,0.1920167112630666
2779,27.79,-0.2624611890879724,0.19165834227232814
2780,27.8,-0.25259172870255475,0.1910342947444114
2781,27.810000000000002,-0.23735681906015374,0.19211374807780954
2782,27.82,-0.22884550586086885,0.19226310932572632
2783,27.830000000000002,-0.21141402098447187,0.192724132658021
2784,27.84,-0.20281684170091543,0.19260363437288053
2785,27.85,-0.18959252104252647,0.19296472923096344
2786,27.86,-0.17298724220282627,0.1931562408867004
2787,27.87,-0.16170761764759006,0.1928308115824155
2788,27.88,-0.14688644896397973,0.19383246022241452
2789,27.89,-0.12872848288897787,0.193858379242093
2790,27.900000000000002,-0.11386213378680067,0.1938888457712014
2791,27.91,-0.0958244854480349,0.19441922529262629
2792,27.92,-0.08192981913425243,0.19475898159816898
2793,27.93,-0.06372322028707883,0.19477635570994908
2794,27.94,-0.04927474749234594,0.19437313635270378
2795,27.95,-0.027276811868916888,0.19337717096494045
2796,27.96,-0.0052125810110121434,0.19429506224213938
2797,27.97,0.0026852581133584956,0.19463281079776998
2798,27.98,0.024868614435316624,0.19408949677334855
2799,27.990000000000002,0.0496613132793323,0.19447449385368687
2800,28.0,0.0669088064558365,0.19417340012844259
2801,28.01,0.0950999218393987,0.19387274957778408
2802,28.02,0.11591228653855612,0.19351445940206266
2803,28.03,0.1392915728386443,0.19313001725411308
2804,28.04,0.1657254588630483,0.1934968932549158
2805,28.05,0.18718347557313045,0.19305152531210604
2806,28.060000000000002,0.2122738942250103,0.19353603370446204
2807,28.07,0.2429962624398885,0.19211330348735203
2808,28.080000000000002,0.2649589258929184,0.19308347689779634
2809,28.09,0.29715480526025134,0.1930099585924067
2810,28.1,0.33024785086526814,0.19267898235006287
2811,28.11,0.3463592643828218,0.19182440553123523
2812,28.12,0.3858909933301407,0.19130052738876435
2813,28.13,0.4142083365865015,0.1911920718950982
2814,28.14,0.44174506109777045,0.19042803739151776
2815,28.150000000000002,0.4771060563743734,0.19060024935063385
2816,28.16,0.506377240749426,0.18966793266890059
2817,28.17,0.5392286720430759,0.1889899591603312
2818,28.18,0.5774500422900677,0.1885504919489812
2819,28.19,0.6056777750884804,0.18806150271969405
2820,28.2,0.6332376482197388,0.18748147442279695
2821,28.21,0.6643224037737092,0.18662376836832986
2822,28.22,0.6991017003354771,0.18652912388720128
2823,28.23,0.7303816081349375,0.18531983514306713
2824,28.240000000000002,0.7593739543115472,0.18560496818944275
2825,28.25,0.7816071142671916,0.18418446913091865
2826,28.26,0.8117576921186279,0.18265325383221637
2827,28.27,0.8405412686108672,0.18168824926988492
2828,28.28,0.8624973250688415,0.18136588952892993
2829,28.29,0.8883516296653204,0.18027062368497462
2830,28.3,0.9203499568471905,0.17950028215200314
2831,28.310000000000002,0.9371436052444536,0.17902006231666773
2832,28.32,0.959453172742105,0.1777320776565711
2833,28.330000000000002,0.982268074727643,0.17711201472768448
2834,28.34,0.9964964635817599,0.17623495293352026
2835,28.35,1.019222918260022,0.17525768344561513
2836,28.36,1.0273421113571404,0.17369457117829695
2837,28.37,1.046426696059741,0.17309807643831726
2838,28.38,1.0541767942047882,0.17120971833674323
2839,28.39,1.0705142964875964,0.17064301419376524
2840,28.400000000000002,1.0830888478254819,0.1693097015914374
2841,28.41,1.0928457450774234,0.16799582976273533
2842,28.42,1.0984712163182837,0.16774401080495943
2843,28.43,1.1107503120631081,0.16683232535684603
2844,28.44,1.1175723574868472,0.16515154624727327
2845,28.45,1.1239123392139199,0.16352243542139558
2846,28.46,1.125667126107482,0.16276995946881484
2847,28.47,1.1342775344758558,0.16234009220115497
2848,28.48,1.140452828503989,0.1601454766167733
2849,28.490000000000002,1.1449352140822262,0.1594119394017927
2850,28.5,1.1499121619372656,0.15826023002070186
2851,28.51,1.1507411553523834,0.15707149456705716
2852,28.52,1.1534533694465263,0.1563418063992723
2853,28.53,1.1642894483274244,0.15482712116140973
2854,28.54,1.1577102779388164,0.15352404038635295
2855,28.55,1.1628431901300549,0.15251150466180644
2856,28.560000000000002,1.1627804237419561,0.15159463992896474
2857,28.57,1.1693820827569168,0.14981281048317568
2858,28.580000000000002,1.161728547293012,0.1500185671613259
2859,28.59,1.1640700557218613,0.14842852545041155
2860,28.6,1.1658785573370962,0.1464379281973412
2861,28.61,1.1651292807685028,0.14545349941717342
2862,28.62,1.1680323365404108,0.14463588134613434
2863,28.63,1.1739996714163476,0.14302976232944628
2864,28.64,1.170214365134712,0.14161266660879535
2865,28.650000000000002,1.1700443650821308,0.14121806670720646
2866,28.66,1.1674678459893353,0.14039109551071596
2867,28.67,1.1692859687155637,0.13895122792563755
2868,28.68,1.1680815144744103,0.13740733961962345
2869,28.69,1.1706539094168418,0.13627415628584252
2870,28.7,1.1651446059347366,0.13449486334166552
2871,28.71,1.1586424676847895,0.13383632239875928
2872,28.72,1.1662021413685326,0.13275248242177537
2873,28.73,1.166612261167682,0.13080788120539494
2874,28.740000000000002,1.1619512532536649,0.13035331369318917
2875,28.75,1.1603343982300736,0.1288900914456696
2876,28.76,1.1613145979594202,0.12868234947317128
2877,28.77,1.1586583447371763,0.12673187642011421
2878,28.78,1.160216799242072,0.12596207643417354
2879,28.79,1.163777768835606,0.12363388628312764
2880,28.8,1.1601982842346503,0.12404835740431852
2881,28.810000000000002,1.1590578926855282,0.12180755017708045
2882,28.82,1.1540780247052689,0.12184196096943069
2883,28.830000000000002,1.154390783039501,0.12042560488411756
2884,28.84,1.1537428226521766,0.11882462051236907
2885,28.85,1.1544794977313368,0.11847076272940521
2886,28.86,1.1524626714393376,0.1163111662369778
2887,28.87,1.1547255133775194,0.11522840359157922
2888,28.88,1.150080670084891,0.11453201831500553
2889,28.89,1.1480801966497856,0.11318836414251003
2890,28.900000000000002,1.1456923089893616,0.11226720266062251
2891,28.91,1.1463656544614664,0.11048232068207563
2892,28.92,1.143913111675505,0.10978822615910719
2893,28.93,1.144484279116485,0.10919315143322841
2894,28.94,1.1431938226848397,0.10787322040990265
2895,28.95,1.1438400886426514,0.10614329187534698
2896,28.96,1.1396807706222913,0.10439789029686874
2897,28.97,1.1395893388296885,0.10367133235214039
2898,28.98,1.1405557118718912,0.10200264657398521
2899,28.990000000000002,1.1414226017864588,0.10154353759376969
2900,29.0,1.1387293740173279,0.10048874209720447
2901,29.01,1.144377889116244,0.0996600460354939
2902,29.02,1.133980459055337,0.09837942241588592
2903,29.03,1.13360346978892,0.0974744188318518
2904,29.04,1.1346046778491856,0.09589088048390408
2905,29.05,1.1307896059995057,0.09519861087069625
2906,29.060000000000002,1.1359509339282654,0.09380576490267999
2907,29.07,1.12500165086412,0.09218129827330758
2908,29.080000000000002,1.1267553229295368,0.09169971900223083
2909,29.09,1.1284224345920328,0.08968676678997646
2910,29.1,1.1285236721769123,0.0891878657255762
2911,29.11,1.1263745608686353,0.08763354676524301
2912,29.12,1.1269570570766718,0.08697083848414448
2913,29.13,1.1210309848597304,0.0855968514803652
2914,29.14,1.1233171445390469,0.0844822014690816
2915,29.150000000000002,1.1207732873903709,0.08339177148360585
2916,29.16,1.1213028453753984,0.0820329010946282
2917,29.17,1.1150290154833993,0.08158453892855551
2918,29.18,1.1174116469362851,0.08008612772477804
2919,29.19,1.1195793593250363,0.0787543885351962
2920,29.2,1.1179541661156989,0.0783373136710304
2921,29.21,1.1119959625087021,0.077487132277801
2922,29.22,1.1121410989225986,0.0760866107849022
2923,29.23,1.1117527706825443,0.07398199665876404
2924,29.240000000000002,1.1099030470188325,0.07388771132469792
2925,29.25,1.1094577731534172,0.0721571831583408
2926,29.26,1.1105341320019777,0.07163591007908816
2927,29.27,1.1125691719579895,0.0697688163524923
2928,29.28,1.106360448734309,0.06945934871267706
2929,29.29,1.105906869635605,0.06768263844358564
2930,29.3,1.0995022554756197,0.06660079097797574
2931,29.310000000000002,1.106791927067449,0.06610626867388827
2932,29.32,1.1023900802770117,0.06404869283291781
2933,29.330000000000002,1.0987443244321096,0.06381564207541507
2934,29.34,1.0979093671916575,0.06231975016247392
2935,29.35,1.1033873139505865,0.061940606711578056
2936,29.36,1.0996870530045895,0.06031147086280701
2937,29.37,1.0986697093991968,0.05885243048043892
2938,29.38,1.093598592524669,0.05812646852502445
2939,29.39,1.0946119483713121,0.05678897695586684
2940,29.400000000000002,1.0876840012800382,0.055709528126744734
2941,29.41,1.0881832891682577,0.05510298763959986
2942,29.42,1.0928758245004793,0.05402609882601266
2943,29.43,1.085919402044443,0.05313669927507783
2944,29.44,1.0853578179735646,0.051852586333440955
2945,29.45,1.078141745853677,0.050222149360596005
2946,29.46,1.0870007327678917,0.04910001474603919
2947,29.47,1.0792827153161286,0.049234780896468947
2948,29.48,1.0829464444781203,0.04707354751703396
2949,29.490000000000002,1.0830872462825227,0.04607503900378941
2950,29.5,1.077581668797014,0.04449788277283844
2951,29.51,1.07639915371767,0.04412928908340084
2952,29.52,1.0787263388043595,0.0430115847060143
2953,29.53,1.0744168127200686,0.04158300261377664
2954,29.54,1.070089964100694,0.040450792712808235
2955,29.55,1.070271820398699,0.039183499052306545
2956,29.560000000000002,1.0692739981093304,0.038455941060002864
2957,29.57,1.071453444016614,0.03799332373843684
2958,29.580000000000002,1.0732008432983267,0.0369185543321743
2959,29.59,1.0632954862221184,0.03523122466759915
2960,29.6,1.068968772462674,0.03475767584529514
2961,29.61,1.0642939648715128,0.03381666334916784
2962,29.62,1.0579963308763733,0.032160670707518116
2963,29.63,1.0600857561356702,0.03158086366295883
2964,29.64,1.0561902374469592,0.030001995090554866
2965,29.650000000000002,1.0576004801632444,0.028994441208997582
2966,29.66,1.054218227756466,0.02821225129328545
2967,29.67,1.0550124677022183,0.026937826370296455
2968,29.68,1.0514372794716376,0.026802672905914166
2969,29.69,1.0489168245355431,0.02532476892227942
2970,29.7,1.0465476917716734,0.02441738156351817
2971,29.71,1.0522595419226006,0.02388163647537291
2972,29.72,1.0462881562331285,0.02162841861799445
2973,29.73,1.0514936504141799,0.020608629227692892
2974,29.740000000000002,1.045427035242626,0.0195376677112454
2975,29.75,1.044382928670341,0.01799923710941815
2976,29.76,1.0474645109269887,0.01731619927467351
2977,29.77,1.0416119406281288,0.01607493727781347
2978,29.78,1.0410706063578399,0.015291963096227075
2979,29.79,1.0385254352167332,0.01388778053770589
2980,29.8,1.0337966984647928,0.013493123337453455
2981,29.810000000000002,1.0365470408164092,0.012879070501000676
2982,29.82,1.038230605018384,0.011102521885685
2983,29.830000000000002,1.0348706610424563,0.010147993005429332
2984,29.84,1.0304633827057554,0.009324827574488636
2985,29.85,1.0336393232483148,0.00830644855601808
2986,29.86,1.0283297397477056,0.007201826021262916
2987,29.87,1.0256955323545913,0.006118831263267606
2988,29.88,1.0295587222276643,0.004945711837070224
2989,29.89,1.0272057701339556,0.003925192674385575
2990,29.900000000000002,1.0269191097779589,0.003356912408392646
2991,29.91,1.0196836037712578,0.0016854111650793616
2992,29.92,1.0228622853556177,0.0014467593869985198
2993,29.93,1.0203355334196185,-0.00021160831556523061
2994,29.94,1.0160170091879428,-0.0006174509076744309
2995,29.95,1.0164048411074873,-0.0019101659650511932
2996,29.96,1.0179373954070323,-0.0028985998598139613
2997,29.97,1.0169569335493363,-0.004639883798423362
2998,29.98,1.0120061975969161,-0.005099200857499401
2999,29.990000000000002,1.0104840653410325,-0.005289626269155481
