,t,x,y
0,0.0,0.3691792614089776,0.2096682146301871
1,0.01,0.5152502686181749,0.21000483183643698
2,0.02,0.3688630095596199,0.21808449203523422
3,0.03,0.4223910187050675,0.21970083350063294
4,0.04,0.5323077642292873,0.18858124138750837
5,0.05,0.6259825238822814,0.2286069020356804
6,0.06,0.5621312914417721,0.230354272205257
7,0.07,0.5327091601166962,0.21642243511707662
8,0.08,0.5583145035558023,0.21665705370210445
9,0.09,0.7878580356705227,0.21789853596213787
10,0.1,0.7575275506125929,0.21981900978982247
11,0.11,0.7562000757720001,0.2122458913603021
12,0.12,0.5517773105093716,0.19655137424577254
13,0.13,0.684702032339787,0.22487040790126983
14,0.14,0.8001921679349558,0.20466145409572398
15,0.15,0.7430621826527302,0.23302583813958774
16,0.16,0.9018511801572974,0.20592026294050733
17,0.17,1.0145059132971979,0.20218765589888818
18,0.18,0.9574245333270489,0.19873648251225315
19,0.19,1.1520819245438592,0.21958743070895279
20,0.2,1.0191134832423097,0.22367636372104296
21,0.21,1.1565443561792144,0.20964390795765997
22,0.22,0.9832500793782186,0.1845759441403346
23,0.23,1.0366516150336051,0.18686561522364908
24,0.24,1.1356142129908817,0.19499304589543603
25,0.25,1.1150930891236965,0.20039684970488153
26,0.26,1.0720177703183824,0.19132282709789517
27,0.27,1.128460644935545,0.1949034814601419
28,0.28,1.1208236559769773,0.17785852070934693
29,0.29,1.020275466994266,0.18543803103530376
30,0.3,1.1407758461205129,0.19860438430225413
31,0.31,1.1928390152355655,0.17541333899741912
32,0.32,1.0273852652867217,0.20338843956583666
33,0.33,1.1033882722113009,0.19716817538309148
34,0.34,1.1837283221922088,0.17082567498945128
35,0.35000000000000003,1.0863115877265819,0.17114940866621517
36,0.36,1.1562052023539557,0.1820818310484862
37,0.37,1.150042954638291,0.16898275053821935
38,0.38,1.1606505196925598,0.17202186233935923
39,0.39,1.3417578921226623,0.17988570891685435
40,0.4,1.2038215754641217,0.1860403466832657
41,0.41000000000000003,1.0753927835418875,0.17399896394721745
42,0.42,1.2984369364562618,0.17228256375947448
43,0.43,1.1774497949017395,0.17286707593844552
44,0.44,0.948326918559025,0.1590635002694942
45,0.45,1.2745734742007009,0.1682316609204847
46,0.46,1.223901979612352,0.15594642649360002
47,0.47000000000000003,1.3281393018906797,0.17519066786107362
48,0.48,1.2477662734129185,0.16685331397243225
49,0.49,1.1399326005925128,0.14452353989467603
50,0.5,1.1695300032360134,0.1776697827336029
51,0.51,1.1612895359845024,0.17621834578662032
52,0.52,1.2848514654244627,0.14433909019481322
53,0.53,1.184628126635596,0.1550154466591462
54,0.54,1.2094529944745471,0.17391219836139715
55,0.55,1.21907532198569,0.1655277982845855
56,0.56,1.220205639799115,0.17364498269465525
57,0.5700000000000001,1.1333199015475683,0.14483741817850307
58,0.58,1.2892919184135654,0.1701828317626907
59,0.59,1.0879457874314227,0.15799599701844683
60,0.6,1.055209278175934,0.15800173617898444
61,0.61,1.2489603005312624,0.14438336739252539
62,0.62,1.255933333813956,0.15882933840882535
63,0.63,1.1569462576264962,0.1519126148410157
64,0.64,0.9795733501494005,0.14250572710787016
65,0.65,1.105234657020766,0.12730674665192449
66,0.66,1.1082444357933334,0.1556546975329042
67,0.67,1.263056465686265,0.16861551189311255
68,0.68,1.1245682830343506,0.12237591244493441
69,0.6900000000000001,1.1621924942405548,0.12816722976951989
70,0.7000000000000001,1.2092773697134946,0.1491139862344958
71,0.71,1.2867768767126297,0.1342406238126776
72,0.72,1.136707891835659,0.14886669187097865
73,0.73,1.257267690020005,0.13975397657313532
74,0.74,1.2700342692053699,0.15341811481081075
75,0.75,1.2236463163995657,0.13954528189077842
76,0.76,1.1819243284475798,0.14154689880351692
77,0.77,1.1375668490429007,0.13935830477165423
78,0.78,1.1290987509495956,0.14360262004068802
79,0.79,1.1801104047402489,0.14985390294803513
80,0.8,1.0802406559966347,0.12187398877404931
81,0.81,1.0753041439965885,0.13073381465160505
82,0.8200000000000001,1.1589812291622892,0.1300657922831572
83,0.8300000000000001,1.094435639753457,0.14384322656133236
84,0.84,1.0601181057531486,0.1250195662106424
85,0.85,1.2374642297955611,0.14409725341547475
86,0.86,1.161614479004036,0.11997556818983145
87,0.87,1.1642653570423525,0.11768034395856572
88,0.88,1.2122876751645053,0.12420584420704674
89,0.89,1.2776168789699707,0.106884062564798
90,0.9,1.0270112297768719,0.10177591382537389
91,0.91,1.2249706073959288,0.11561612177448628
92,0.92,1.1289092866692652,0.105883752799337
93,0.93,1.0259455800575392,0.10610118551608985
94,0.9400000000000001,1.0327126863328209,0.11717927415358945
95,0.9500000000000001,1.1094679122134548,0.1210226062385569
96,0.96,1.3479367507017683,0.12726266925700647
97,0.97,1.1765063243044422,0.11646445010171681
98,0.98,1.247244555747993,0.09067016117486933
99,0.99,1.2032050200531013,0.10299181215980181
100,1.0,1.1893906682762632,0.11341591076891928
101,1.01,1.125711320197982,0.12696517848835756
102,1.02,0.9720484746022782,0.10828001082227125
103,1.03,1.0936947054190695,0.11256055818742369
104,1.04,1.1620373331278553,0.10943295774899676
105,1.05,1.2018242351369008,0.09330453279322384
106,1.06,1.2056727995695256,0.10186309197251799
107,1.07,0.9227429717151984,0.1118640003965104
108,1.08,1.110934778464861,0.07198634968555583
109,1.09,1.2197312739634905,0.08617131346687198
110,1.1,1.0926227557983672,0.0891415984596792
111,1.11,1.0484322932873313,0.1023067472522711
112,1.12,1.2125571231032826,0.09122568231469276
113,1.1300000000000001,1.1457864670468922,0.10160314616171569
114,1.1400000000000001,1.0427940531897366,0.08019548282444863
115,1.1500000000000001,1.1253523538597894,0.06958106871851509
116,1.16,1.1424392857720749,0.0730026656430524
117,1.17,1.147014048402114,0.06723461355543586
118,1.18,1.0664272370427568,0.0858664216842702
119,1.19,1.1412576323105004,0.09587385147689778
120,1.2,1.259138202358133,0.0946992102819309
121,1.21,1.1512130482022813,0.08312280133598256
122,1.22,1.1369406652113467,0.08874894933074287
123,1.23,1.2524561147543316,0.06779547612937001
124,1.24,0.9648933568135979,0.05880845703034307
125,1.25,1.2702378229078801,0.08206150860484553
126,1.26,1.2145834099705377,0.08833758073406707
127,1.27,1.0492700714382714,0.0790953038374802
128,1.28,1.0269061741530796,0.06947961508213628
129,1.29,1.0809961517170172,0.06246651492932755
130,1.3,1.1523206204279017,0.07093439861504092
131,1.31,1.1713532564095357,0.06755286637109532
132,1.32,1.309442705305496,0.05876428513676987
133,1.33,1.1074588230423157,0.0706623438990375
134,1.34,0.9984898375419968,0.06242624087075343
135,1.35,1.172156093214078,0.07526557824975609
136,1.36,0.9962491937597462,0.09286876038237206
137,1.37,1.0541219294310877,0.08738879967653314
138,1.3800000000000001,1.0098606875612013,0.06536521023735488
139,1.3900000000000001,0.8737211665447797,0.07215055360013052
140,1.4000000000000001,1.110430428737979,0.06179470822100509
141,1.41,1.0628165254427981,0.06682909172876454
142,1.42,1.0412314999738919,0.060029847367993355
143,1.43,1.211204467395749,0.030700449662568727
144,1.44,1.0476427084198976,0.05572627400627292
145,1.45,1.1069106187898956,0.036414562089724135
146,1.46,1.0044613968198592,0.04451764063888119
147,1.47,1.1718252234978055,0.07046676843766436
148,1.48,1.0677335082057149,0.06844489174539585
149,1.49,1.0099056827731852,0.04968947414417206
150,1.5,1.0498600947511951,0.018534711093542093
151,1.51,1.0372632662045174,0.07593308500538952
152,1.52,1.0736720832005253,0.05776509182348409
153,1.53,1.1233196659751237,0.05247941588599709
154,1.54,1.1086504843836738,0.039044991078603666
155,1.55,0.9251854171519918,0.04921443514400811
156,1.56,0.9888289312480353,0.04770289075373994
157,1.57,0.8927785269903236,0.03794224890278567
158,1.58,1.0805120169305145,0.04385192029632734
159,1.59,1.0454638871217283,0.04171761398171166
160,1.6,1.128502963720938,0.03230276532529017
161,1.61,1.0906394369557102,0.041743528257219734
162,1.62,1.166965871504748,0.06906551163005115
163,1.6300000000000001,1.1461066159911628,0.039399282309624716
164,1.6400000000000001,1.1489149094320743,0.04294603570009824
165,1.6500000000000001,1.0191925820401235,0.0306194309257361
166,1.6600000000000001,1.0490949467611579,0.05971453464843159
167,1.67,0.9119959674240783,0.06518358482111611
168,1.68,1.13007805400802,0.05449533943492099
169,1.69,1.1894936616539553,0.02988202249256759
170,1.7,0.9458409145506206,0.027264237652603107
171,1.71,1.1818501650675597,0.04200113951099699
172,1.72,1.12214581582672,0.017304541193049524
173,1.73,1.0330325899504007,0.0384853916638511
174,1.74,1.0527205013490732,0.034587891633637756
175,1.75,1.0979983872184045,0.040438892405379664
176,1.76,0.9352010539511257,0.05390108343954912
177,1.77,1.1193437485464652,0.032073441746481565
178,1.78,1.150620939917102,0.022252051500771305
179,1.79,1.049995718375024,0.01537412920613946
180,1.8,1.0125140754829325,0.022684595622754516
181,1.81,1.044061661533437,0.03628367577014675
182,1.82,1.057948431443586,0.02414759709628643
183,1.83,1.0090458777875047,0.038190658822759155
184,1.84,1.0609514800761637,0.03697525262249382
185,1.85,1.0349009681263532,0.020351869378110513
186,1.86,0.8164012415531735,0.029006950031385335
187,1.87,1.2306875453590103,-0.007202439046503853
188,1.8800000000000001,0.8817315538297879,-0.0034378406482635585
189,1.8900000000000001,0.984052642058619,0.02078750689473924
190,1.9000000000000001,0.9081016091771509,0.022139342582508464
191,1.9100000000000001,1.098356156764356,0.012573837145807846
192,1.92,1.1114307944157265,-0.0022829656013325025
193,1.93,0.9704929705308113,0.017074636314356746
194,1.94,0.8931954129656499,0.026760559581809507
195,1.95,0.9521228122370717,0.003532606950589136
196,1.96,1.068235167992375,-0.0005592711748431218
197,1.97,1.1788899998297309,0.00930073204075922
198,1.98,1.120112493089114,-0.00528045923626172
199,1.99,0.9962244600557824,0.008000173706111762
200,2.0,1.1231800883462402,0.024116807111306718
201,2.0100000000000002,1.0777403067325273,0.016230542574301458
202,2.02,0.9396419490743855,0.009715612802603869
203,2.0300000000000002,1.1522160845312088,0.004761312079046228
204,2.04,0.9150526416525605,-0.03314008370458242
205,2.05,0.9544301958110333,0.0006189525269990536
206,2.06,1.0644004169273313,0.010940653161178265
207,2.07,0.944021726953839,0.0023206911259373263
208,2.08,1.0984561388035088,-0.01047094071131245
209,2.09,1.0946993302384773,-0.0006262496187491515
210,2.1,0.992454989442352,0.004349002286149836
211,2.11,0.9673734813522956,-0.012156074704024281
212,2.12,1.1089447116919549,-0.00794845614017537
213,2.13,1.0265810626262584,-0.020638989692419653
214,2.14,0.9646054908721138,-0.03621400524244868
215,2.15,0.8997788117903204,-0.015271343025726358
216,2.16,0.885964497755362,-0.016258631350402564
217,2.17,0.9921284468742884,-0.012351317842093526
218,2.18,0.9650190831502368,-0.019974184058224678
219,2.19,1.0380791554179956,-0.01585920912320129
220,2.2,1.0285925785417842,-0.008977127421106984
221,2.21,1.1213280367726859,-0.03279107934455309
222,2.22,0.9678229189159638,-0.032719155562972384
223,2.23,0.7981110505327503,-0.014632554443149549
224,2.24,1.0719594345122645,-0.024094106908708786
225,2.25,1.1293213711695569,-0.010262012108599818
226,2.2600000000000002,1.0304366053205216,-0.019441420039342062
227,2.27,0.9367694711286962,-0.012905361598384808
228,2.2800000000000002,1.0059803794277604,-0.04397048309764193
229,2.29,0.9065565083948309,-0.03470041087406525
230,2.3000000000000003,0.9354868063822509,-0.03274393170247257
231,2.31,0.9545967702357835,-0.04652081458694543
232,2.32,1.112324980959887,-0.0244643513851171
233,2.33,1.0064252476458126,-0.035411421711174236
234,2.34,0.9651131269467443,-0.021695288731176987
235,2.35,0.9843520040093392,-0.030959749336464098
236,2.36,0.9970706747772266,-0.029576226993608613
237,2.37,0.8613101916886505,-0.04230992641494002
238,2.38,1.072371835858378,-0.03161131030011378
239,2.39,1.0196581295789644,-0.042901873513705224
240,2.4,0.9356956509622028,-0.01807984023590075
241,2.41,0.9835297905176783,-0.0201383765895491
242,2.42,1.0147043188984344,-0.03183252059028158
243,2.43,0.9890304692077256,-0.03663865369411261
244,2.44,0.8893061251702423,-0.03655135641944464
245,2.45,0.9945733715977898,-0.05197188577300798
246,2.46,1.0354618336054708,-0.049208686993472146
247,2.47,1.0047323827554968,-0.041604216453711006
248,2.48,1.051410904999308,-0.041702381383064153
249,2.49,0.9750145514272078,-0.033772211992052305
250,2.5,1.059226636253334,-0.055181955592076073
251,2.5100000000000002,0.9992583797210483,-0.030536705520543425
252,2.52,0.9706112050291476,-0.04458933919169927
253,2.5300000000000002,1.0831219237185918,-0.04118566717236951
254,2.54,0.8337212661939629,-0.046975180901299964
255,2.5500000000000003,0.9497375491331992,-0.04727859932916775
256,2.56,0.9838010301779567,-0.04893981591022697
257,2.57,0.9486891518046467,-0.04809087828746009
258,2.58,1.0023647451133002,-0.05735217895685531
259,2.59,0.8765099216274455,-0.06219423141342937
260,2.6,0.86291278450431,-0.06851750849864792
261,2.61,1.1130689317593534,-0.06188362894866345
262,2.62,0.937420654600315,-0.0408180923679128
263,2.63,0.9968771309685684,-0.06050992846772087
264,2.64,0.9254325742834001,-0.06095273752291588
265,2.65,0.9843390070109944,-0.06163243757868178
266,2.66,0.8897832315485151,-0.07579603877270666
267,2.67,0.728458757003923,-0.049844141457796434
268,2.68,0.8190199514057788,-0.06262840546355049
269,2.69,0.9695519692854018,-0.06744328380108879
270,2.7,0.985327673798311,-0.0676077529511998
271,2.71,0.8884049816871907,-0.08140397888954384
272,2.72,0.8908870614659349,-0.07360317558860693
273,2.73,0.8889745651233187,-0.07667326750998163
274,2.74,0.8063279753644373,-0.05471087447594269
275,2.75,1.050499940966401,-0.06673781692645828
276,2.7600000000000002,1.084836753253689,-0.08041933738602206
277,2.77,0.9920268297888994,-0.07906347805991659
278,2.7800000000000002,0.896244436949493,-0.07531937095977836
279,2.79,0.6923581254390988,-0.061704822580520804
280,2.8000000000000003,0.952583188324075,-0.05705611022279508
281,2.81,0.8461190809562703,-0.07983259677692024
282,2.82,0.8198528394981716,-0.07332132034914635
283,2.83,0.826728306342383,-0.09150350615035165
284,2.84,1.0321391120471524,-0.05290838828067407
285,2.85,0.9324610285756,-0.07029088040299254
286,2.86,0.802493285982615,-0.08877100466675389
287,2.87,0.882475137877425,-0.07998031770904537
288,2.88,0.9493460731180292,-0.10970933208359757
289,2.89,0.8539147524720411,-0.061657330940559585
290,2.9,0.9851413346391896,-0.05277091205876085
291,2.91,0.8237807788345264,-0.07829023692032831
292,2.92,0.9498508319645543,-0.07492479218442365
293,2.93,0.9259452602254595,-0.08536104142011977
294,2.94,0.9286516853132775,-0.08205612737525052
295,2.95,0.907560307204442,-0.10213530906094104
296,2.96,0.9014094573124274,-0.11103268467064191
297,2.97,0.7887342653248931,-0.0765717840267227
298,2.98,0.8537396708428426,-0.08210286904318327
299,2.99,0.6801847983200076,-0.08907078474753367
300,3.0,0.8014535771256209,-0.08812844725711119
301,3.0100000000000002,0.6777995705954013,-0.094103955284234
302,3.02,0.7609225811340881,-0.07773022202597818
303,3.0300000000000002,0.8515117131034151,-0.07181525664785748
304,3.04,0.8148299937680714,-0.08057118671888021
305,3.0500000000000003,0.6630340504990814,-0.10631017777697566
306,3.06,0.7822159665562832,-0.11077426486183599
307,3.0700000000000003,0.933567251972595,-0.10996308629618098
308,3.08,0.7580694244481483,-0.11704801134273207
309,3.09,0.9338145418269694,-0.08842434065109635
310,3.1,0.8461399835267344,-0.10313058646460052
311,3.11,0.9773452221507134,-0.08996592968251452
312,3.12,0.8580126210562445,-0.09508754059785898
313,3.13,0.8721354554750194,-0.11320758589525196
314,3.14,0.8594002397885507,-0.11324562873612931
315,3.15,0.8532693357683411,-0.12816452246231488
316,3.16,0.7756168180337828,-0.09933127455009133
317,3.17,0.8488371574362944,-0.12573047999956927
318,3.18,0.7758943697673261,-0.13773952953182245
319,3.19,0.7869896796491493,-0.09442102288355726
320,3.2,0.8949894792784074,-0.10229799627921399
321,3.21,0.8302383147187135,-0.10816397904402895
322,3.22,0.8729490878616815,-0.0994473536652578
323,3.23,0.8426689227925305,-0.1373092896609937
324,3.24,0.858409009433091,-0.11589929444618538
325,3.25,0.8463052348913702,-0.10476576211936234
326,3.2600000000000002,0.8394311697979507,-0.12573423676107065
327,3.27,0.706588996048871,-0.12878749602111875
328,3.2800000000000002,0.8169614683365388,-0.11428518760745934
329,3.29,0.8455871588315046,-0.11129634182914883
330,3.3000000000000003,0.7316973629725098,-0.13484934450199143
331,3.31,0.8365046990658275,-0.14293129459313703
332,3.3200000000000003,0.6590947524493169,-0.1105485550687083
333,3.33,0.8811715023012042,-0.10481495714660873
334,3.34,0.7566456214610081,-0.10352586006062114
335,3.35,0.6914981330303228,-0.12408465246742095
336,3.36,0.8377244027927163,-0.11702561602856196
337,3.37,0.8472950856494188,-0.11638780661896272
338,3.38,0.8222937023916197,-0.12354935120569707
339,3.39,0.7139904253483839,-0.12799278729204744
340,3.4,0.7133732063465383,-0.1267672645402598
341,3.41,0.7713384349087028,-0.13025799210084082
342,3.42,0.7559086849413834,-0.1267130782160007
343,3.43,0.9051074244434267,-0.11153866487386482
344,3.44,0.7127774887235429,-0.12511065752273476
345,3.45,0.8083435152651082,-0.13933349588419136
346,3.46,0.6829934015968417,-0.14249407236363407
347,3.47,0.8281959795383351,-0.13689255158165242
348,3.48,0.796780528825757,-0.12999351303801404
349,3.49,0.7424161338862494,-0.13378335173288913
350,3.5,0.8523528042724391,-0.12683930024270929
351,3.5100000000000002,0.8123056898404557,-0.12492656835856425
352,3.52,0.920357833057929,-0.1238637289788386
353,3.5300000000000002,0.9319089299909334,-0.13006345354591858
354,3.54,0.7520222320988232,-0.14803493007696383
355,3.5500000000000003,0.7888460625732807,-0.1373172456452639
356,3.56,0.7390235397952032,-0.1455309986816217
357,3.5700000000000003,0.7624229847183788,-0.14755332754301548
358,3.58,0.7320359160898281,-0.12922596680480952
359,3.59,0.7456965594606143,-0.15088852498701893
360,3.6,0.6273993664170991,-0.14016581957296181
361,3.61,0.7015340944304526,-0.1342575881535172
362,3.62,0.7071296857112971,-0.13287990053330873
363,3.63,0.8506415665981124,-0.13442771837161785
364,3.64,0.6899521659304058,-0.1522203252926333
365,3.65,0.5332276374231975,-0.17037259518924708
366,3.66,0.7516261552907818,-0.13516192578594213
367,3.67,0.5625890112745144,-0.15532144552292404
368,3.68,0.6924779650285475,-0.14121483142418492
369,3.69,0.6548953302654792,-0.16409601304192872
370,3.7,0.6357761240740539,-0.14735144248167734
371,3.71,0.7136183339375566,-0.14351287992941844
372,3.72,0.5754366522367751,-0.1422418655611697
373,3.73,0.6325537559800717,-0.1396201336743975
374,3.74,0.7173206143583523,-0.14709632688348118
375,3.75,0.7409046322942087,-0.1355164029113479
376,3.7600000000000002,0.7255694391997687,-0.15291142279399184
377,3.77,0.630924018457499,-0.15415648808657642
378,3.7800000000000002,0.7102270408968067,-0.15274721085418985
379,3.79,0.5940124600028205,-0.15946433353747536
380,3.8000000000000003,0.7006217134634158,-0.1466585845153321
381,3.81,0.5321589426777663,-0.15347562686220642
382,3.8200000000000003,0.7154232976022786,-0.1570014539346207
383,3.83,0.6883466367530714,-0.17561380904437898
384,3.84,0.5935740654796057,-0.1538174466421457
385,3.85,0.6839330992814248,-0.15504779823383585
386,3.86,0.5643807755775805,-0.15435089964462032
387,3.87,0.6283711946496296,-0.18771738250873696
388,3.88,0.6108754044902669,-0.16491860405446793
389,3.89,0.6732832479916918,-0.171869757115494
390,3.9,0.7463025612094109,-0.1450260847433199
391,3.91,0.6938590550446925,-0.1663814251082463
392,3.92,0.6191646189556994,-0.13879756855549288
393,3.93,0.5785486122043421,-0.1569966786363098
394,3.94,0.7259603315691644,-0.16231081896873817
395,3.95,0.580928327329946,-0.17312438864292426
396,3.96,0.7032400022820122,-0.13494510472927573
397,3.97,0.6753665273509474,-0.1487233010258414
398,3.98,0.6681998987420752,-0.14091423463405597
399,3.99,0.768650226641576,-0.18193314588670878
400,4.0,0.47367731026592136,-0.16329187701903425
401,4.01,0.5710239724204871,-0.1656732680678933
402,4.0200000000000005,0.5875098362943408,-0.17289915630350097
403,4.03,0.661004843619471,-0.19234710605503194
404,4.04,0.6164823077689825,-0.1535127325809378
405,4.05,0.6307289458878422,-0.18654430919204903
406,4.0600000000000005,0.6377745459943351,-0.17386388429906405
407,4.07,0.4760597087156938,-0.18196372154452767
408,4.08,0.39140177473543436,-0.1712568123775973
409,4.09,0.6093645563670852,-0.18112481132141436
410,4.1,0.5545084414249505,-0.1608763818018231
411,4.11,0.5458970587746041,-0.17119366255497587
412,4.12,0.5707201066461327,-0.18016576038760854
413,4.13,0.5446811715673279,-0.18930139386633213
414,4.14,0.40192876491345975,-0.1777495245056814
415,4.15,0.4031766204234213,-0.1617766697339347
416,4.16,0.47387053501399085,-0.17100670582179603
417,4.17,0.7279153607506197,-0.17284826083323437
418,4.18,0.5199143246068438,-0.1707629510431515
419,4.19,0.42230053215479646,-0.15043680549977367
420,4.2,0.6043431390967757,-0.16736985085055262
421,4.21,0.5726722473282642,-0.17316714030712047
422,4.22,0.5885336215701099,-0.17822440457375757
423,4.23,0.5030227436407764,-0.17056463795784546
424,4.24,0.4327113783454988,-0.1654347818770059
425,4.25,0.5929536618770926,-0.1856820537761702
426,4.26,0.5668866189032118,-0.16326355426226213
427,4.2700000000000005,0.21524902863310758,-0.17145624046745794
428,4.28,0.4668494930678031,-0.18747091198976187
429,4.29,0.4042221084152816,-0.17943615892330386
430,4.3,0.3797279077001695,-0.17800021539864033
431,4.3100000000000005,0.5271300698836774,-0.18555998208160884
432,4.32,0.2084063828162304,-0.19817954004225877
433,4.33,0.45310931081585853,-0.19178306198327616
434,4.34,0.5031867946740606,-0.20896004904274038
435,4.3500000000000005,0.3291789748003874,-0.1893657921640749
436,4.36,0.35473146038667724,-0.1867957661306072
437,4.37,0.35690079356779153,-0.17705054303162202
438,4.38,0.2938611464613499,-0.18388646271744014
439,4.39,0.3089314334266921,-0.19895712389831602
440,4.4,0.4911410732290689,-0.1924114343238453
441,4.41,0.4186387678525892,-0.20419782712276746
442,4.42,0.3806116764548706,-0.19896908728123197
443,4.43,0.490150255633101,-0.2024969795547286
444,4.44,0.49289431015593776,-0.19598798280293958
445,4.45,0.41450276885623466,-0.18236569912052641
446,4.46,0.3529942426604055,-0.18791761153039643
447,4.47,0.12503732391976397,-0.17223573823798896
448,4.48,0.3691569176288603,-0.20335420992969583
449,4.49,0.31836000880283705,-0.18295194706020937
450,4.5,0.24096513234124342,-0.17889480228387802
451,4.51,0.2411600314718169,-0.18194111636885626
452,4.5200000000000005,0.16462948464064836,-0.17646395559607003
453,4.53,0.26860068666564163,-0.19760177932658637
454,4.54,0.3330363091695593,-0.20646186941140096
455,4.55,0.15851410343598152,-0.1878456256540693
456,4.5600000000000005,0.23238440103887523,-0.16905586523414506
457,4.57,0.345492152695296,-0.20704289633409914
458,4.58,0.10433967604857941,-0.18271693541444312
459,4.59,0.21958589668360262,-0.20883648874976235
460,4.6000000000000005,0.2166441544282809,-0.20524499540279204
461,4.61,0.2104517729455288,-0.2098098786810607
462,4.62,0.1535030473190084,-0.20675531787683327
463,4.63,0.026190838094526825,-0.18154387615713732
464,4.64,0.11103655628026964,-0.19314245609551114
465,4.65,0.2444647706770723,-0.19802461520198322
466,4.66,0.08610869323457254,-0.19055434146005926
467,4.67,0.0005986548051975238,-0.19860549227117352
468,4.68,0.11684604931829277,-0.21117706463525487
469,4.69,0.1518205897713031,-0.2068846884159914
470,4.7,-0.10385106491145514,-0.17974227483397706
471,4.71,-0.1763039334494245,-0.18110617363621442
472,4.72,0.113490465092534,-0.194329542047145
473,4.73,-0.04427344282631843,-0.19217730501281755
474,4.74,-0.18851577694521998,-0.20170214190461205
475,4.75,0.03807473647275121,-0.1930459497915037
476,4.76,0.041972351744345826,-0.20478937279384393
477,4.7700000000000005,-0.25084974328897053,-0.19746431322466254
478,4.78,-0.32549032619552665,-0.1852335943482292
479,4.79,-0.13036846540874897,-0.18507918649828484
480,4.8,-0.23429838688670973,-0.1740911006011667
481,4.8100000000000005,-0.3227519988494346,-0.18693434232569994
482,4.82,-0.328067434316775,-0.18825712636412778
483,4.83,-0.25402287817939423,-0.20504708440001643
484,4.84,-0.33986331840974676,-0.1883425380775074
485,4.8500000000000005,-0.4135061884617269,-0.1891778609544561
486,4.86,-0.4524710355740876,-0.1979806968884485
487,4.87,-0.5351124727787497,-0.18855972157662715
488,4.88,-0.29700347814528616,-0.2022725845897222
489,4.89,-0.37977299429278377,-0.18573875248682037
490,4.9,-0.5390285063611937,-0.18686439174210057
491,4.91,-0.5834043280156909,-0.18728078074158663
492,4.92,-0.48440248683400894,-0.1990024926270365
493,4.93,-0.6717363105633543,-0.2006107109764394
494,4.94,-0.6531162618516506,-0.20918558490393552
495,4.95,-0.6206297474796619,-0.17134299974364842
496,4.96,-0.764863186953268,-0.20340682290691026
497,4.97,-0.7895877599898069,-0.18021023593478433
498,4.98,-0.7187818921146177,-0.19145150567652297
499,4.99,-0.7538102258925773,-0.18954581211342145
500,5.0,-1.0428077603637766,-0.18294662128103478
501,5.01,-0.7114159389470159,-0.17064954331730026
502,5.0200000000000005,-0.8577488119451548,-0.19660722953447704
503,5.03,-0.7963082018473963,-0.15727203011833693
504,5.04,-0.9238123411018568,-0.17662032341347464
505,5.05,-0.9169647366896101,-0.1828251700904897
506,5.0600000000000005,-0.9086406716108688,-0.19116716628516942
507,5.07,-0.9779569410857191,-0.16145577981752063
508,5.08,-0.9009554311630382,-0.1573538663978437
509,5.09,-0.9871094237107922,-0.16348058664819157
510,5.1000000000000005,-1.2033693136397852,-0.19110475584555098
511,5.11,-1.128913020210419,-0.20220403355500957
512,5.12,-1.0457366974711035,-0.16923174304005048
513,5.13,-1.0283524191717108,-0.1512959833227846
514,5.14,-0.9191014713706557,-0.17543338164317884
515,5.15,-1.1809417044221837,-0.15892657408345892
516,5.16,-1.2644857924647177,-0.14566283126986068
517,5.17,-1.1093016882770421,-0.16893459208273195
518,5.18,-1.1375196510365244,-0.15750992254965163
519,5.19,-1.1108616046641895,-0.16504502408372396
520,5.2,-1.114378541604295,-0.14580226411576167
521,5.21,-1.1826113387033408,-0.1451971777341002
522,5.22,-1.1967402850169397,-0.15844575304030878
523,5.23,-1.208222120182557,-0.14521787232316646
524,5.24,-1.2303693788853847,-0.13382644472866775
525,5.25,-1.284083078905741,-0.17039100304647317
526,5.26,-1.1457277710134628,-0.16969343454036998
527,5.2700000000000005,-1.1786916429524785,-0.18791883367839138
528,5.28,-1.0926772704828291,-0.14832904952091583
529,5.29,-1.0736330184953045,-0.17094004659830775
530,5.3,-1.0835744657740574,-0.16464711883529126
531,5.3100000000000005,-1.2055675101623358,-0.16275564000541348
532,5.32,-1.1544393199449121,-0.1531397189715489
533,5.33,-1.1874147828514512,-0.14833098307417084
534,5.34,-1.2465485631972093,-0.1516114107723339
535,5.3500000000000005,-1.0577526063856109,-0.16938697716237083
536,5.36,-1.1920805207735437,-0.14919327925900558
537,5.37,-1.1230040313921323,-0.14534835395630996
538,5.38,-1.0825402294543487,-0.13367278535423932
539,5.39,-1.1355358169235799,-0.14001292004103918
540,5.4,-1.1633794557276762,-0.141503419581726
541,5.41,-1.2812552411507385,-0.13004805398923258
542,5.42,-1.2590219034336825,-0.14521611739807785
543,5.43,-1.1747696103824077,-0.15050010521870366
544,5.44,-1.214144672250927,-0.1391926610226381
545,5.45,-1.203706983473759,-0.13657168786921528
546,5.46,-1.084914390848457,-0.11464157609857746
547,5.47,-1.3092970545506522,-0.12444151228397352
548,5.48,-1.2308675531373916,-0.12753511696902217
549,5.49,-1.0852746901531525,-0.13990993386959527
550,5.5,-1.2354122836038102,-0.10912134370010187
551,5.51,-1.2149378836038527,-0.1257002813881968
552,5.5200000000000005,-1.2980986061967055,-0.12676585168521964
553,5.53,-1.0704801777957587,-0.10897473372942637
554,5.54,-1.0542543013410755,-0.15165588053257406
555,5.55,-1.000168675099515,-0.13296361367642653
556,5.5600000000000005,-1.2768173569470878,-0.11398127713623649
557,5.57,-1.134053087490347,-0.13064453837458934
558,5.58,-1.3223322442330998,-0.12236167696623385
559,5.59,-1.2010061820374118,-0.10729806237997913
560,5.6000000000000005,-1.0392104711965566,-0.12988013911461785
561,5.61,-1.1829258080507936,-0.11657743899153206
562,5.62,-1.2908546207483247,-0.12145822142011231
563,5.63,-0.9934315327741726,-0.10695457268227315
564,5.64,-1.1439490408799813,-0.11178064173598776
565,5.65,-1.1962912702550181,-0.0980316333528137
566,5.66,-1.1385071151505493,-0.12460021663365986
567,5.67,-1.2812070013602963,-0.104529881838393
568,5.68,-1.1061970343244008,-0.11660751580992113
569,5.69,-1.1982468292685164,-0.09817763056074492
570,5.7,-1.1932927819036812,-0.08878245891990219
571,5.71,-1.1254486178823975,-0.0979646777436032
572,5.72,-1.0615733733332402,-0.09611441095471022
573,5.73,-1.2970538257808129,-0.09718018586838925
574,5.74,-1.2679120106725705,-0.11146862183982656
575,5.75,-1.1814077237613934,-0.08633204941603267
576,5.76,-1.307341543598744,-0.09585931524310314
577,5.7700000000000005,-1.069106184286782,-0.10898842641983503
578,5.78,-1.1673292577420296,-0.09092623474963361
579,5.79,-1.0616083673240215,-0.09051227573432434
580,5.8,-1.2263875689063526,-0.09617944748083669
581,5.8100000000000005,-1.2381427873608248,-0.1061030326055707
582,5.82,-1.0541083293171607,-0.08781653612127621
583,5.83,-1.182850869037381,-0.08549873410951656
584,5.84,-1.1408547403043627,-0.07371545295008972
585,5.8500000000000005,-1.1159561343863915,-0.08067776570235952
586,5.86,-1.0343298109314318,-0.09716448560364958
587,5.87,-1.1741631107994073,-0.08012157659109961
588,5.88,-0.9150758775935939,-0.11170739423444721
589,5.89,-1.060323396306291,-0.0866436522222493
590,5.9,-1.247366651850066,-0.08526381377270364
591,5.91,-1.1228208303715983,-0.05763156476922661
592,5.92,-1.1087475672781277,-0.07347374002988671
593,5.93,-1.046550198579538,-0.08026487265607408
594,5.94,-1.0472068230000569,-0.08557877477857637
595,5.95,-1.1060431303218714,-0.0842347893502897
596,5.96,-1.014725287753347,-0.08015555682235156
597,5.97,-1.073460539147997,-0.07469289898203159
598,5.98,-1.089524690595324,-0.07970677952235261
599,5.99,-1.1459978230102204,-0.04525538207852052
600,6.0,-1.2756274588722456,-0.07494200367569395
601,6.01,-0.9618443695333769,-0.06141503503584856
602,6.0200000000000005,-1.1349566751027953,-0.0736042699850926
603,6.03,-1.0160975605314833,-0.06154638650306438
604,6.04,-1.2083488731505678,-0.07990617966869241
605,6.05,-1.0214568420780086,-0.09225964066228956
606,6.0600000000000005,-1.1770143944466893,-0.047865956780797636
607,6.07,-1.0156766636139702,-0.054859929964093945
608,6.08,-1.1813585250914265,-0.08509200999705832
609,6.09,-1.2309718550381334,-0.08103447225292013
610,6.1000000000000005,-1.0421537453182075,-0.06397879618944129
611,6.11,-1.2435079201980241,-0.0961970719246581
612,6.12,-1.084663893613672,-0.05077171889853793
613,6.13,-1.248598635145083,-0.054496390956566707
614,6.140000000000001,-1.0491240741692183,-0.05282429429317198
615,6.15,-1.077371812264523,-0.0472548845875468
616,6.16,-0.9684695240935923,-0.04932755355423834
617,6.17,-1.1790115820079856,-0.06679421164529334
618,6.18,-0.9172586960415143,-0.05659552493802582
619,6.19,-1.0966796629450684,-0.04025913951284193
620,6.2,-1.1932509388848231,-0.05627697762614508
621,6.21,-1.0677323668764112,-0.053752768072703336
622,6.22,-1.1787343691439351,-0.03332204800644679
623,6.23,-1.1714861923970903,-0.07092308550866709
624,6.24,-1.1322777990847814,-0.032370138422326826
625,6.25,-0.9464754160304668,-0.03829232363865194
626,6.26,-1.1645728710599443,-0.04683763861261371
627,6.2700000000000005,-1.0846533332170647,-0.048548576363277564
628,6.28,-1.1239563951422196,-0.052292401774740566
629,6.29,-0.8623963509191039,-0.041206036585635375
630,6.3,-1.1364272254300494,-0.025599312250833763
631,6.3100000000000005,-0.9150775895105215,-0.042332554410505485
632,6.32,-1.1085403691316507,-0.048928598100981865
633,6.33,-1.1733453243959828,-0.013282065912647755
634,6.34,-1.1350099221814536,-0.03530254896670256
635,6.3500000000000005,-1.1854198270923617,-0.03358273428036059
636,6.36,-1.1026453972228718,-0.0342506274173077
637,6.37,-1.0507932210391244,-0.02504087078599615
638,6.38,-1.0909411696032711,-0.0239133942251358
639,6.390000000000001,-0.996216429043008,-0.04506042172576302
640,6.4,-0.9564780589885594,-0.019505987765448186
641,6.41,-0.8325946180725086,-0.015920617107527645
642,6.42,-0.9558014164513646,-0.015880176698993755
643,6.43,-0.8956687637975719,-0.03580363577318243
644,6.44,-1.0989894896783825,-0.013464536133280719
645,6.45,-1.1143031554001033,-0.03801099987367111
646,6.46,-1.1195391471673635,-0.02269622829087213
647,6.47,-1.0492190040520453,-0.009151669044509408
648,6.48,-1.1686330157835596,-0.02829092782005683
649,6.49,-0.929967827805902,-0.028300130527510355
650,6.5,-0.9792753088453132,0.00047047594646173335
651,6.51,-0.9812164033742858,-0.02982944930203681
652,6.5200000000000005,-1.0233876180610542,-0.03782625508274724
653,6.53,-1.0714153911422404,-0.010471457415123033
654,6.54,-1.0918279037215683,-0.03117050201038795
655,6.55,-0.8941917022942732,-0.043022978083596314
656,6.5600000000000005,-0.8991640224101788,0.007408338187856729
657,6.57,-0.8970137705203494,-0.01853160046731773
658,6.58,-1.040360352007102,-0.029187813171550423
659,6.59,-1.0120132707479106,-0.008413679872818405
660,6.6000000000000005,-1.1008783843990668,-0.004708579429105714
661,6.61,-1.0752907858294674,-0.010807477568504907
662,6.62,-0.9231109921502203,-0.008237455360944002
663,6.63,-1.1216665630867964,-0.0037241979602295437
664,6.640000000000001,-1.0031598984305972,0.01710863391925962
665,6.65,-1.0561912997411291,-0.0012609431167142293
666,6.66,-1.0211199271235394,-0.00258331286026464
667,6.67,-0.9300448736528913,-0.00623356121707587
668,6.68,-1.0091737179075053,0.0047330233808237894
669,6.69,-1.1067775258153358,0.008324322584830079
670,6.7,-1.1491510262438034,0.016904484571711863
671,6.71,-0.957546397528682,0.010730533814070055
672,6.72,-1.0622303033529503,0.0028345200262392405
673,6.73,-0.9574897304032468,0.02980946437262973
674,6.74,-0.8913895745256095,-0.00019595775778922554
675,6.75,-1.0618819674438076,0.012102425221491957
676,6.76,-0.9585564336651445,0.02031102127452018
677,6.7700000000000005,-0.9499015873669272,0.0035826169888516094
678,6.78,-1.0648463380211939,0.011352488057098159
679,6.79,-0.9324001228590069,-0.0023677636691491026
680,6.8,-1.0664164103687677,0.006413633718672901
681,6.8100000000000005,-1.0560474882531916,0.015802473367932588
682,6.82,-1.0103936520867016,0.009978537001404572
683,6.83,-1.1007386610626826,0.016045131826098114
684,6.84,-1.1373123761551227,0.02566225543323733
685,6.8500000000000005,-0.8399380354947144,0.007736339675356724
686,6.86,-0.9340848945300747,0.032379987679112945
687,6.87,-0.9646414507818001,0.002031378050720841
688,6.88,-0.9897335420639575,0.03153123833298473
689,6.890000000000001,-1.0547510078873439,0.012625625186256243
690,6.9,-0.9121915673981341,0.032469375605538725
691,6.91,-1.0559709787118077,0.014658828905680033
692,6.92,-0.9939073634429103,-0.0036240310910962553
693,6.93,-1.087417137065098,0.041717844317530596
694,6.94,-0.9585802977277529,0.023901337770793965
695,6.95,-1.0844082657007037,0.001231272301694248
696,6.96,-1.1082352823008714,0.027449503581797832
697,6.97,-0.9795491874280989,0.023237399086551813
698,6.98,-0.9071949255022336,0.04227161606392049
699,6.99,-1.050861440177455,0.010661952463168846
700,7.0,-0.8727100096941701,0.03983691147433931
701,7.01,-0.8654412076463879,0.07153127735002857
702,7.0200000000000005,-1.0895047908383917,0.038101160635121104
703,7.03,-1.026063535522473,0.025585612870659604
704,7.04,-0.9258952150927212,0.01758059308194449
705,7.05,-0.8611466159964276,0.030945398082802604
706,7.0600000000000005,-0.837325951828227,0.02413472662243977
707,7.07,-0.7721775299252435,0.03290053914873412
708,7.08,-0.9577832896999374,0.04221627885607409
709,7.09,-0.8332754758881177,0.023274841237671165
710,7.1000000000000005,-0.9845795832931488,0.0288266949195964
711,7.11,-1.2094954462758063,0.0301108997715819
712,7.12,-0.9501501334115086,0.04766555977163413
713,7.13,-0.7044392315889767,0.04663240085864246
714,7.140000000000001,-0.8453755934704126,0.0580411878762184
715,7.15,-0.8505680856505591,0.0436174282237552
716,7.16,-0.8778344043100645,0.0601301614117116
717,7.17,-0.9189866706437713,0.07009514935104917
718,7.18,-0.9718446539555978,0.029104285932001567
719,7.19,-0.9818666065932307,0.05106131776789447
720,7.2,-0.9666585589356351,0.020641564359464633
721,7.21,-0.9603446032028606,0.06414492126477642
722,7.22,-0.815068204557394,0.035622421549565464
723,7.23,-0.9230377250003422,0.06938503782078134
724,7.24,-0.9330972209153362,0.04161113082406544
725,7.25,-0.8734513902137281,0.06883091515466594
726,7.26,-0.87313894023832,0.05463192199526792
727,7.2700000000000005,-0.9158303263390926,0.05566741469132237
728,7.28,-0.9091687170557369,0.07451350776147764
729,7.29,-1.1149674672974998,0.06092321234714155
730,7.3,-1.0398496263217916,0.07092564131761483
731,7.3100000000000005,-0.880582505130379,0.0979803658918587
732,7.32,-1.0413275671894726,0.06663961944573274
733,7.33,-0.8455651663573384,0.06478962968072373
734,7.34,-1.0690679934425642,0.06950047367983556
735,7.3500000000000005,-0.9652152700372518,0.08401374055486455
736,7.36,-0.8698038283244113,0.08187617601604821
737,7.37,-0.7022250143112689,0.07398236840385251
738,7.38,-0.8145142885287605,0.0712236939311086
739,7.390000000000001,-0.7921887282934668,0.06987019722194682
740,7.4,-0.8553238582201308,0.07844719383113079
741,7.41,-0.825855649814738,0.06516929976766452
742,7.42,-0.8494762164589281,0.09129481751200377
743,7.43,-1.0039290314082883,0.07336495120902257
744,7.44,-0.8509182354041092,0.09540450337397378
745,7.45,-1.0333777916988318,0.09485511923066638
746,7.46,-0.7979423177618536,0.05387293098893914
747,7.47,-0.8470198306240412,0.0820583821772313
748,7.48,-0.9325248583715147,0.07937136426823516
749,7.49,-0.987164864714637,0.054646077797031935
750,7.5,-0.9832048365094381,0.13105169858472285
751,7.51,-0.752972127122482,0.08383354474640349
752,7.5200000000000005,-0.9580206631819559,0.08715541597893697
753,7.53,-0.8152530854882775,0.09298207765791183
754,7.54,-0.9310222967434009,0.09445127042018302
755,7.55,-0.8722625634524752,0.09551936746071987
756,7.5600000000000005,-0.852371694536213,0.11054993018443339
757,7.57,-0.8685347223326279,0.09744819286657477
758,7.58,-0.7184949436829059,0.10866097782101469
759,7.59,-0.9360115757389043,0.0728825889668302
760,7.6000000000000005,-0.7316956244126872,0.10425973259837484
761,7.61,-0.8715972862720146,0.0884913092926018
762,7.62,-0.9032860444141712,0.0902145478460206
763,7.63,-0.8351912575974751,0.07121206021488988
764,7.640000000000001,-0.7919085063144184,0.07702971243287215
765,7.65,-0.9485002827512029,0.09151465951305912
766,7.66,-0.852969135842208,0.1041658775869594
767,7.67,-0.9277164489914526,0.09030434576185162
768,7.68,-0.7603702364935006,0.09973158064021795
769,7.69,-0.909375518432209,0.0881825687829238
770,7.7,-0.847072525664748,0.10995201863606699
771,7.71,-0.8705587673766216,0.1212887281675975
772,7.72,-0.8066910054268631,0.09233452111815216
773,7.73,-0.8026819178284655,0.10919427598550724
774,7.74,-1.0734173439658912,0.09132555131290167
775,7.75,-0.7432014302739982,0.1355981969733756
776,7.76,-0.8481778483680739,0.11302647350063898
777,7.7700000000000005,-0.8377676353167545,0.11811016856628155
778,7.78,-0.9980526447349345,0.10386739766849563
779,7.79,-0.9289190456741938,0.09252433538549956
780,7.8,-0.7866609137055107,0.07159111392590592
781,7.8100000000000005,-0.8781686581903492,0.10999100215596205
782,7.82,-0.9059587320351179,0.10639253700888933
783,7.83,-0.7466345482488715,0.1008312189033516
784,7.84,-0.820670410123218,0.12630811892389482
785,7.8500000000000005,-0.8364814020746825,0.13192971412520565
786,7.86,-0.7442076686734598,0.09969857046099882
787,7.87,-0.8533560059875869,0.11225569980946493
788,7.88,-1.0760454165306133,0.12367551857248463
789,7.890000000000001,-0.8367887395857908,0.115480742202902
790,7.9,-0.7361897739185607,0.11396331127528114
791,7.91,-0.8891651321314011,0.11470271196308562
792,7.92,-0.874554463867369,0.10432848451813372
793,7.930000000000001,-0.7411158430000166,0.10687205543456763
794,7.94,-0.8896829623045718,0.10608158281595029
795,7.95,-0.6628186833748588,0.1155054024853262
796,7.96,-0.7918567735675263,0.10622635517089035
797,7.97,-0.931375500527723,0.10678523649533914
798,7.98,-0.7797180880995858,0.11947925472806296
799,7.99,-0.8759844936621708,0.12236509703630202
800,8.0,-0.7482506127136873,0.12925626607393415
801,8.01,-0.8142821025008575,0.11849774423474281
802,8.02,-0.7955242933258454,0.13771168788160212
803,8.03,-0.7040523733907715,0.11407901135344305
804,8.040000000000001,-0.6988689993009368,0.12722544343731787
805,8.05,-0.8106700887078914,0.11083281025385516
806,8.06,-0.7837812230069293,0.16259382210379988
807,8.07,-0.9206122560035891,0.12717558139380777
808,8.08,-0.6688388434343415,0.11577110104728343
809,8.09,-0.8121103828254589,0.14016751595989946
810,8.1,-0.6580107693469401,0.12471669264054891
811,8.11,-0.8381541094000298,0.1406207113904484
812,8.120000000000001,-0.773221183385824,0.13715437018022109
813,8.13,-0.7694843628158423,0.15191991511597094
814,8.14,-0.8083773521493127,0.12298008472379746
815,8.15,-0.8719843848263866,0.11861105604239491
816,8.16,-0.6172755426155894,0.11870634013336065
817,8.17,-0.7896891669222204,0.1480362411652323
818,8.18,-0.5678267550507853,0.17040909025516757
819,8.19,-0.737161392745224,0.15235342595933082
820,8.2,-0.5098255072191178,0.14686663233373332
821,8.21,-0.6818875291516763,0.1364246076980964
822,8.22,-0.7643052734036063,0.14577655089786126
823,8.23,-0.7531643829911809,0.12996285135310126
824,8.24,-0.670765112140254,0.15062690936920733
825,8.25,-0.8549414661255397,0.12288119947769607
826,8.26,-0.7969592173937203,0.150934093386554
827,8.27,-0.7158012279723377,0.1301950441499161
828,8.28,-0.7917547801323761,0.13591147186044072
829,8.290000000000001,-0.7815425579753617,0.14391371510239045
830,8.3,-0.6312122893900524,0.13841356592393844
831,8.31,-0.645575670309413,0.14299225019683826
832,8.32,-0.7905643362098355,0.12947600027253625
833,8.33,-0.6580951491624855,0.1377340221903802
834,8.34,-0.8050258014369486,0.12013484280556949
835,8.35,-0.6383176813402192,0.12415289501177915
836,8.36,-0.7801300743934022,0.16808211254183225
837,8.370000000000001,-0.7200720860992584,0.13366170937711105
838,8.38,-0.6778640785961001,0.13674566949890044
839,8.39,-0.6424067193093966,0.13384036176138298
840,8.4,-0.74163236461112,0.152105907352959
841,8.41,-0.626364736709066,0.14482465596917846
842,8.42,-0.6621074047402372,0.15317955929780797
843,8.43,-0.7797917913796268,0.15105489772083378
844,8.44,-0.6052191553040802,0.15819551343038726
845,8.45,-0.7536397860686722,0.14290103050887898
846,8.46,-0.4899110445529853,0.16352621705048492
847,8.47,-0.6724713512207184,0.15187227548993232
848,8.48,-0.6889422685283542,0.14494324781711923
849,8.49,-0.6416308916028219,0.15560852115947033
850,8.5,-0.6003138447680723,0.16733390660831687
851,8.51,-0.6528918438410299,0.20237667327408812
852,8.52,-0.7215417794423211,0.14199861321565155
853,8.53,-0.6171666097379085,0.17583936574065967
854,8.540000000000001,-0.6193451503301869,0.16463924924226067
855,8.55,-0.614422811890319,0.1651674531042218
856,8.56,-0.5021214398139273,0.14657473402197338
857,8.57,-0.75637859283824,0.15736599933461728
858,8.58,-0.5640135217196618,0.14902993761867706
859,8.59,-0.5492688567024473,0.1707989124024506
860,8.6,-0.576912360174008,0.17680563687608078
861,8.61,-0.5620941397963732,0.17503768270871478
862,8.620000000000001,-0.4940151852811097,0.17047899077854853
863,8.63,-0.5346989295780445,0.14294752219498238
864,8.64,-0.6137223103680772,0.1679017233221935
865,8.65,-0.5523259011917796,0.1531569743465265
866,8.66,-0.7458090819215965,0.15384975071024876
867,8.67,-0.5830487071954562,0.1782429757057524
868,8.68,-0.44975580945287574,0.1661068207727151
869,8.69,-0.745429060662497,0.1600373574769965
870,8.700000000000001,-0.3958819300209816,0.17825864661656524
871,8.71,-0.4447170775776136,0.15333994610712498
872,8.72,-0.45726765174753675,0.16618742511628876
873,8.73,-0.6065987304907094,0.18175807275336447
874,8.74,-0.6294496148765216,0.16016645403016166
875,8.75,-0.6109830691636771,0.13595404925735854
876,8.76,-0.48870317981783573,0.17415069636181968
877,8.77,-0.6980313480921976,0.18463001139628107
878,8.78,-0.5465862107621934,0.1708450280302127
879,8.790000000000001,-0.46182784653602327,0.17271290782990836
880,8.8,-0.5141211093865462,0.18573388598889198
881,8.81,-0.488044611988014,0.15047575541230973
882,8.82,-0.48736450695493405,0.18712516479930819
883,8.83,-0.4520279402796643,0.17488515162277524
884,8.84,-0.5041396357050211,0.1762574966218028
885,8.85,-0.5954223863696485,0.18491895469832786
886,8.86,-0.6824539679277793,0.19254963766074237
887,8.870000000000001,-0.5919639444247043,0.18234904019674747
888,8.88,-0.38249702762965226,0.16844983462790367
889,8.89,-0.3991556876613948,0.1783268477594398
890,8.9,-0.35815675509079425,0.16470209796271665
891,8.91,-0.5318224042819231,0.1915133999110455
892,8.92,-0.4117786594671867,0.19952710847125427
893,8.93,-0.33239638112954767,0.17127378877122307
894,8.94,-0.47317211529037395,0.17988871465551193
895,8.950000000000001,-0.37510617238305044,0.21104400525152445
896,8.96,-0.4941153164334171,0.19808193516716271
897,8.97,-0.5582519169420266,0.17096617414854368
898,8.98,-0.3422192335544466,0.1900440610725853
899,8.99,-0.5413980893481489,0.2003692872519156
900,9.0,-0.32461218827516847,0.18570720624560963
901,9.01,-0.4305130754476692,0.17064208392877647
902,9.02,-0.3604572844156272,0.19163210208626283
903,9.03,-0.42466876030563566,0.20396033081435175
904,9.040000000000001,-0.416753550528694,0.1930493534624931
905,9.05,-0.29188884652611147,0.19722547451898373
906,9.06,-0.2592984677550162,0.1959379448561253
907,9.07,-0.4503265371939132,0.17693472300430305
908,9.08,-0.44375686307988216,0.17887900116537483
909,9.09,-0.4102362831718812,0.1714357095414416
910,9.1,-0.3634691305214108,0.194008712969426
911,9.11,-0.3296244132025453,0.19325128786856846
912,9.120000000000001,-0.2853593052312483,0.20108870727023903
913,9.13,-0.5864922982505147,0.18415487669780012
914,9.14,-0.2599426553304932,0.18787002411005618
915,9.15,-0.36945160622930256,0.1744380856114549
916,9.16,-0.33119154983523424,0.1959656124232176
917,9.17,-0.3002025400961801,0.18413732974105548
918,9.18,-0.5248515883996148,0.18376238865515782
919,9.19,-0.25836730863350715,0.17668726818608427
920,9.200000000000001,-0.30228089921775847,0.19419401480818005
921,9.21,-0.10581329836495842,0.20749654939491866
922,9.22,-0.3485436969491661,0.19368297794221717
923,9.23,-0.2512098958703348,0.20946336384814368
924,9.24,-0.235451613651946,0.21217124264078546
925,9.25,-0.22660311147493167,0.1959302023604128
926,9.26,-0.057645487153440866,0.19480898626021845
927,9.27,-0.1857975861626035,0.1965998473529223
928,9.28,-0.1327588885260801,0.17258051501059266
929,9.290000000000001,-0.024521860751699445,0.20297798060177308
930,9.3,-0.17735879704128382,0.2080976593978488
931,9.31,0.030129681793327534,0.17120729109382415
932,9.32,-0.01648327473361947,0.188133818627546
933,9.33,-0.009965500185543083,0.1833132376107933
934,9.34,0.0415439437828089,0.19171131622971152
935,9.35,0.05754099112374647,0.2128851095319051
936,9.36,-0.018202373484139084,0.20490048835464086
937,9.370000000000001,0.1565373778249707,0.19821009413386861
938,9.38,-0.19856020747282405,0.17913147583579175
939,9.39,0.08010657657781754,0.20567938125159113
940,9.4,0.21439708596307838,0.19673942194810368
941,9.41,0.12920844071554735,0.190291697888121
942,9.42,0.09967984744840351,0.19676240093005248
943,9.43,0.0008152540807157826,0.18671776391692238
944,9.44,0.2851969656472675,0.1870296972864646
945,9.450000000000001,0.2374240482612482,0.19899638675157016
946,9.46,0.309934173384095,0.18584201833766253
947,9.47,0.15187206955550592,0.18434467756585463
948,9.48,0.16626012217533476,0.2062575629681146
949,9.49,0.24785600033717026,0.1950761312702881
950,9.5,0.3184987411419591,0.20176977737469984
951,9.51,0.3063818198432585,0.18977715416148347
952,9.52,0.2498471145651322,0.19891593241030028
953,9.53,0.518988616563,0.18364937298585887
954,9.540000000000001,0.4148160051465518,0.18558604871195492
955,9.55,0.45620016525790447,0.18607167430357957
956,9.56,0.4944461410005775,0.1881560576977393
957,9.57,0.4845428270015657,0.185410548591105
958,9.58,0.6796405229263962,0.19475510898677523
959,9.59,0.7969032541402388,0.18253662586828406
960,9.6,0.8680030779776261,0.1998980250062223
961,9.61,0.7289166379631973,0.2045762574474433
962,9.620000000000001,0.8894172185690763,0.18836989163261067
963,9.63,0.7859891021738394,0.16999396800336822
964,9.64,0.9423121383504761,0.17765761980024736
965,9.65,0.732018732107437,0.16628361472271663
966,9.66,0.8397817185253655,0.17377363290623643
967,9.67,0.9401437424898555,0.17325582706725953
968,9.68,0.7695258305486198,0.18158572269393985
969,9.69,0.8984623433249213,0.19959912726116685
970,9.700000000000001,0.9328329900862128,0.16347767592020834
971,9.71,0.8062809721410668,0.1697370028909932
972,9.72,0.9168949191451902,0.1821865507525512
973,9.73,0.9680696106887454,0.1832830579176947
974,9.74,0.9790696755425163,0.1669993432492143
975,9.75,0.939414820502569,0.1815601355935561
976,9.76,0.9344236198891235,0.16049699949073487
977,9.77,1.0118369042285038,0.18604228914778828
978,9.78,0.9717594639561353,0.1875170145381843
979,9.790000000000001,1.2551188944993033,0.166381271775456
980,9.8,1.046865133414,0.17240363907366296
981,9.81,1.0347136883850978,0.1841974493949299
982,9.82,1.264695244237892,0.17269299144571357
983,9.83,1.1823178907740666,0.18310963457008528
984,9.84,1.174631776525192,0.16249144938914467
985,9.85,1.0431617277385654,0.18072938652793485
986,9.86,0.9876683464850563,0.1655253389195583
987,9.870000000000001,1.038553004745775,0.1389401068842286
988,9.88,1.0928639457636402,0.1709742887764059
989,9.89,1.078193697981257,0.17247230724343116
990,9.9,1.0441161151932874,0.18480230145713158
991,9.91,1.060024021466777,0.16892370872446202
992,9.92,1.2114432168149896,0.15495636884561828
993,9.93,1.1376560106598703,0.14122318041342646
994,9.94,1.2056122484042129,0.14377062840047988
995,9.950000000000001,1.2177769757103454,0.15472664414805534
996,9.96,1.1296294637652136,0.16002398328790066
997,9.97,1.1898709485814654,0.1484833640969921
998,9.98,1.2005889549251965,0.1384597081165625
999,9.99,1.1057182407485626,0.15144980768561053
1000,10.0,1.2369316154869376,0.14929341823286982
1001,10.01,1.2423573878241385,0.11411824177297351
1002,10.02,1.094719968429885,0.1426016180125599
1003,10.03,1.1876025055685153,0.12887472652892767
1004,10.040000000000001,1.1391105789073046,0.15748468050387787
1005,10.05,1.0021957493386011,0.13902522550563992
1006,10.06,1.355652395372152,0.12721584316496526
1007,10.07,1.0346950321942276,0.1329966897888943
1008,10.08,1.1608586723956056,0.14806537496938538
1009,10.09,1.1775133712686627,0.13709109361909907
1010,10.1,1.1178188330596144,0.13141151155000097
1011,10.11,1.0991093371521647,0.1478855682922146
1012,10.120000000000001,1.182637027264643,0.12558816996746192
1013,10.13,1.1804768604259035,0.15214313361497417
1014,10.14,1.2930233421234376,0.14832651941367803
1015,10.15,1.1271835981332505,0.12151220396503727
1016,10.16,1.117452478426053,0.11799998108799406
1017,10.17,1.1405390041867012,0.11311927175290507
1018,10.18,1.3294149991850477,0.11289509916685153
1019,10.19,1.4271496549123563,0.13263414332520207
1020,10.200000000000001,1.0929244913008727,0.11382863235039359
1021,10.21,1.2792499948600051,0.13949688839860855
1022,10.22,1.2427931970024813,0.11697674612526764
1023,10.23,1.0498121114096108,0.11062472968294487
1024,10.24,1.2804824685509018,0.12358084438330282
1025,10.25,1.3572884338463027,0.13234754045729713
1026,10.26,1.1827257876776027,0.11504175780880593
1027,10.27,1.2871398424445104,0.14246333466872174
1028,10.28,1.0913946854713386,0.11224992613108654
1029,10.290000000000001,1.1375166698812944,0.09969167010154889
1030,10.3,1.1977542015331073,0.12795683707688313
1031,10.31,1.366097085799069,0.11802726207439632
1032,10.32,1.098868048220467,0.11354876687249557
1033,10.33,1.191305169364628,0.11874293717564316
1034,10.34,1.2617262176219781,0.09222336172575693
1035,10.35,1.1782137036864182,0.10645438764105429
1036,10.36,1.1838053373769728,0.0877560116211928
1037,10.370000000000001,1.1453307782417115,0.11240570046985768
1038,10.38,1.2285344513666754,0.1056703548244569
1039,10.39,1.0952634493533082,0.10730208129644894
1040,10.4,1.2029521984927611,0.09001854022522539
1041,10.41,1.0764405643692885,0.0896553274869541
1042,10.42,0.9381436614649304,0.1302767611914322
1043,10.43,1.1543074548747978,0.09655516713437352
1044,10.44,1.062583680894202,0.10063046180523566
1045,10.450000000000001,1.0795264197063017,0.08694047865574205
1046,10.46,1.1444288263587006,0.09300354127410373
1047,10.47,1.2141265450393002,0.06583102137186614
1048,10.48,1.0368288024808905,0.09947350383428345
1049,10.49,1.135956613528426,0.0793589298514596
1050,10.5,1.0753333956233697,0.08215390008464496
1051,10.51,1.025968592568833,0.10197415323588212
1052,10.52,1.2357037982491248,0.09421570063599892
1053,10.53,1.1684957391994573,0.09194872960741185
1054,10.540000000000001,1.1769857003813315,0.08786487495781298
1055,10.55,1.2480978071517792,0.08638953273591399
1056,10.56,0.9866352064428604,0.06893928972988658
1057,10.57,1.1646451804112847,0.09296463869437971
1058,10.58,1.1350112807203059,0.08217608494259275
1059,10.59,1.1460176005834246,0.06518744614220508
1060,10.6,0.9899927014188142,0.08198147906391859
1061,10.61,1.2245619588723227,0.06706145213469507
1062,10.620000000000001,0.9962925577406876,0.06128053048953711
1063,10.63,1.120375116864329,0.051007502523929674
1064,10.64,1.3305870896807923,0.06590529996574995
1065,10.65,1.1362780941824346,0.09341120519296271
1066,10.66,1.1059691741701574,0.06072666002113177
1067,10.67,1.0580233475092413,0.0626023652038153
1068,10.68,1.2276896785749662,0.08090283782128926
1069,10.69,1.1192289899611318,0.06248400665151656
1070,10.700000000000001,1.1071498694768367,0.059760884225910416
1071,10.71,1.1974068411262377,0.06975151520429272
1072,10.72,1.1174283066840023,0.06349595495239173
1073,10.73,1.114954584499053,0.06433769650660173
1074,10.74,1.02515794967441,0.06040304297969872
1075,10.75,1.1742687679972514,0.079216048749031
1076,10.76,1.0174712903064698,0.04026068174350739
1077,10.77,1.1707232623212225,0.057462374599494034
1078,10.78,1.0018297767122706,0.06497418040416594
1079,10.790000000000001,1.1030995748875534,0.04476415870000341
1080,10.8,1.1107657832029063,0.07787888442515686
1081,10.81,0.9839236568282069,0.0561744793553014
1082,10.82,1.0813004857975994,0.061498425118452826
1083,10.83,1.0627332613058953,0.04627881702796928
1084,10.84,1.0599097550655963,0.06429804447531791
1085,10.85,1.0951569534528691,0.06489925733037626
1086,10.86,0.9447604429658105,0.019016586884907583
1087,10.870000000000001,1.0498422614911702,0.041493684613918023
1088,10.88,1.1696257878705283,0.06895142666246
1089,10.89,1.080558458504474,0.03871065693521389
1090,10.9,0.9781402780091882,0.06489096759145016
1091,10.91,1.149943661006326,0.0462356866153182
1092,10.92,1.0353270131320715,0.054369813178081254
1093,10.93,1.189244652860293,0.05417204582752199
1094,10.94,0.9733091310983338,0.036536906153126776
1095,10.950000000000001,1.0100184926934013,0.04087542934589276
1096,10.96,1.1370335819630368,0.051586685391510005
1097,10.97,0.970582003820769,0.0319425630820048
1098,10.98,1.0755360379922807,0.04070793315315256
1099,10.99,1.0830205915568565,0.052984532709746346
1100,11.0,0.9578830488390551,0.045190044543144174
1101,11.01,1.0177294898258098,0.033603560842127005
1102,11.02,0.9857371847570484,0.0246884727633126
1103,11.03,1.0082514139984322,0.02867646927889439
1104,11.040000000000001,1.0219393190354475,0.028673460693983632
1105,11.05,0.908364857767875,0.0033171800824122535
1106,11.06,1.002124225069824,0.01157173011922184
1107,11.07,1.1527032354579696,0.023440381376722642
1108,11.08,1.063135112145559,0.0348629230665814
1109,11.09,1.227158139466488,0.022146678410434828
1110,11.1,0.9231190567696848,0.02177226423710102
1111,11.11,0.9259157992291317,-0.0016830927407475993
1112,11.120000000000001,0.9525027162153951,0.015475445626054869
1113,11.13,1.2303850562776049,0.022747376564492886
1114,11.14,1.0668030355225946,0.015354889150281879
1115,11.15,0.9101947746731188,0.025850756352408893
1116,11.16,0.8984785073680852,0.011361977146533093
1117,11.17,1.1161981805569618,0.009376068008095222
1118,11.18,0.9990587590450957,0.026433530714250884
1119,11.19,1.1879727004035932,0.01600846565802375
1120,11.200000000000001,1.0317267168239375,0.03135616837792657
1121,11.21,0.9530369972864126,-0.005433435077246003
1122,11.22,1.1071363323170615,0.014303755906874039
1123,11.23,1.0639408243835355,0.019923841187413922
1124,11.24,0.9444344377099921,0.004153725281318843
1125,11.25,0.8261761245838437,0.017211791139245956
1126,11.26,0.9768679911709967,-0.0015880919770680452
1127,11.27,1.0081337011108291,0.008916031857615367
1128,11.28,0.9738274483917769,-0.01578781036045433
1129,11.290000000000001,1.0977750358904401,0.00993344870686114
1130,11.3,0.9426456708929543,-0.0008196647951897607
1131,11.31,0.8835719005492654,-0.023645572473683867
1132,11.32,0.956801170026409,-0.008827963427001123
1133,11.33,1.1269949300755047,-0.018414213850367702
1134,11.34,0.9186298205851277,0.011099650719793004
1135,11.35,1.0940724144346572,-0.007167001603105912
1136,11.36,0.882561966825834,-0.015309682493499493
1137,11.370000000000001,1.1376458942526377,-0.0019411846337070004
1138,11.38,0.9190786619194149,-0.025433478580540087
1139,11.39,1.2200633256408782,0.010358615759207029
1140,11.4,0.9047074920687861,-0.010050489486055468
1141,11.41,0.9656898687848819,-0.018059551373684576
1142,11.42,1.0626603417710867,0.0001779014831656111
1143,11.43,0.8922148293842909,0.004334260919331038
1144,11.44,0.9526614787237697,-0.0063608529103299895
1145,11.450000000000001,1.092098885457976,-0.007695183117119583
1146,11.46,0.8921859549164941,-0.01351977037222859
1147,11.47,0.9942756665340043,-0.00979211255487037
1148,11.48,1.0008218960277242,-0.02617559975368519
1149,11.49,1.006185386033857,-0.02073316002919091
1150,11.5,0.9296820030950639,-0.03197549114022469
1151,11.51,0.957865693840658,-0.030660965385197407
1152,11.52,1.0997272553854702,-0.024253616122002435
1153,11.53,1.0492431440384677,-0.007480919784865765
1154,11.540000000000001,0.974273504290612,-0.028754601525724822
1155,11.55,0.8462893794426978,-0.0368264419645284
1156,11.56,0.8940495111991779,-0.03430893643339182
1157,11.57,0.9902207952750861,-0.006629824502976306
1158,11.58,0.9562041708127843,-0.044502239142172925
1159,11.59,1.0189311399161145,-0.0349991454943568
1160,11.6,0.9524807697820067,-0.019503835076117172
1161,11.61,1.090458394322037,-0.012474810258210258
1162,11.620000000000001,0.9323639145410072,-0.03227696062011016
1163,11.63,1.026739772869911,-0.031270623888311255
1164,11.64,1.0067540219075393,-0.020772556354229005
1165,11.65,1.0473038993447705,-0.02729733716368823
1166,11.66,0.9757060379491467,-0.04303562132659673
1167,11.67,0.8919770786620446,-0.027365075835717748
1168,11.68,0.9646192750483179,-0.041324497623758276
1169,11.69,1.0689401728672268,-0.04751077212711609
1170,11.700000000000001,1.0309512427747645,-0.023155563056689206
1171,11.71,0.7738514677554191,-0.03451181432060085
1172,11.72,0.905292231757668,-0.048624199514112024
1173,11.73,0.9100381512790295,-0.03954661519866776
1174,11.74,0.8234234913155614,-0.028467486079786712
1175,11.75,0.9559913091388497,-0.05946604690226716
1176,11.76,0.9039792675648763,-0.05619551785992052
1177,11.77,0.9273267402181897,-0.03645978104510254
1178,11.78,0.9950999210782115,-0.044222325601636595
1179,11.790000000000001,0.9246626917336138,-0.04322443216046089
1180,11.8,0.8852504966355838,-0.058800882379156844
1181,11.81,0.919284540764244,-0.0769194801496963
1182,11.82,0.9873224008224701,-0.06281258901752376
1183,11.83,0.7580421744352172,-0.049513463779199254
1184,11.84,0.9270313015300223,-0.03421389985797334
1185,11.85,1.0781681705437973,-0.02792767106363095
1186,11.86,0.9253055877399822,-0.04804161910422973
1187,11.870000000000001,1.0405704593877052,-0.043500220007552194
1188,11.88,0.9185660817021053,-0.05976272308137659
1189,11.89,0.9068719222806649,-0.04488565608925408
1190,11.9,0.8549874414995173,-0.02819081637829503
1191,11.91,0.9257980374879197,-0.06463530236393297
1192,11.92,0.8684429392976053,-0.04012422107099867
1193,11.93,0.8746688071923415,-0.05055031405497597
1194,11.94,0.877148810380497,-0.051180702453857606
1195,11.950000000000001,1.1684981226805053,-0.0873734602261762
1196,11.96,1.0407766825603029,-0.06205451556184735
1197,11.97,0.9880206984120767,-0.03566891497496114
1198,11.98,0.7443125068365233,-0.06750430817723448
1199,11.99,0.9925325028315521,-0.05783923749996481
1200,12.0,1.048169335702677,-0.05369196162581378
1201,12.01,0.7540525195719132,-0.07135131578304703
1202,12.02,0.9962848559286989,-0.045888329265144856
1203,12.030000000000001,0.8607666872945241,-0.051384568112201864
1204,12.040000000000001,1.0627445094064767,-0.08524667015890569
1205,12.05,0.7639909011961277,-0.0750230552774687
1206,12.06,0.7248598925069258,-0.07217447703930868
1207,12.07,0.8713297156960135,-0.07679099941265624
1208,12.08,1.1043407790348085,-0.08193486907471106
1209,12.09,0.9588555641340807,-0.06103255808923395
1210,12.1,0.8398583792593798,-0.07865016463836509
1211,12.11,0.845657137196216,-0.06664162130713155
1212,12.120000000000001,0.8604664777428812,-0.08622024457619368
1213,12.13,1.071640294402401,-0.06795514357048672
1214,12.14,0.9500433531819131,-0.070476785926974
1215,12.15,0.9667371131708101,-0.06318350891369584
1216,12.16,0.835884248376612,-0.06648760800494832
1217,12.17,0.777923802794796,-0.0526576374330784
1218,12.18,0.7873014808444284,-0.08195011309525795
1219,12.19,0.7317364821455957,-0.1056690640945139
1220,12.200000000000001,0.9291429617754944,-0.09431185287196384
1221,12.21,0.8813879116224893,-0.09875267779858322
1222,12.22,0.8699074235302646,-0.08944064081940947
1223,12.23,0.8109057679713002,-0.08821209224109042
1224,12.24,0.7106746155719421,-0.0995438890514705
1225,12.25,0.9641314857491752,-0.08847154524933915
1226,12.26,0.8762939225612815,-0.08823265800895366
1227,12.27,0.9310408259422134,-0.08416274748155855
1228,12.280000000000001,0.8287954620239174,-0.10374208318329797
1229,12.290000000000001,0.8031197696248531,-0.08993903218013946
1230,12.3,0.7939875693624869,-0.09920098279387948
1231,12.31,0.8906863792278579,-0.11696495073888603
1232,12.32,0.9349484502834168,-0.07999512256612806
1233,12.33,0.882603054816048,-0.13626216133303581
1234,12.34,0.8411882606382254,-0.09287315559580027
1235,12.35,0.9562385106330219,-0.07756048464000281
1236,12.36,0.8085494208805797,-0.08266617597292572
1237,12.370000000000001,0.8246106858384518,-0.11224802217093537
1238,12.38,0.7751365355305105,-0.11488042427480452
1239,12.39,0.8624187814190543,-0.09317817890809489
1240,12.4,1.0792757232199075,-0.11976833363794734
1241,12.41,0.9379218766714269,-0.08311310969067401
1242,12.42,0.8085444813574393,-0.10520397534332022
1243,12.43,0.7346697745927079,-0.10720796297485635
1244,12.44,0.867681166752947,-0.0876451996210175
1245,12.450000000000001,0.8640618748915357,-0.09443127561233929
1246,12.46,0.8587352736788091,-0.06504037121247284
1247,12.47,0.9399805759451767,-0.11358539371529436
1248,12.48,0.6959888454329366,-0.09371445774201932
1249,12.49,0.7598478511790461,-0.09902447375659044
1250,12.5,0.8811930924896899,-0.10563218289402539
1251,12.51,0.9141401398070141,-0.13371484157028515
1252,12.52,0.8635713081732155,-0.11394731269194282
1253,12.530000000000001,0.8078776724591422,-0.09070047142638454
1254,12.540000000000001,0.8229158512049217,-0.11401209113711007
1255,12.55,0.8032685337376074,-0.11023577014124902
1256,12.56,0.756190532906645,-0.11166641143892499
1257,12.57,0.7821406078221039,-0.09642338926107086
1258,12.58,0.7488752104905716,-0.11565305291922
1259,12.59,0.8174020529835386,-0.13541511698279968
1260,12.6,0.764665057206902,-0.14603008503749237
1261,12.61,0.7446069551134434,-0.11654201696894465
1262,12.620000000000001,0.8330444423418548,-0.11729888093850821
1263,12.63,0.828748656866123,-0.11920445049260553
1264,12.64,0.8502371747288252,-0.08830108328369024
1265,12.65,0.8157114510500831,-0.13386111983647875
1266,12.66,0.7966123778594062,-0.12184655486460648
1267,12.67,0.6465884989554684,-0.11193750647965106
1268,12.68,0.8055276439535076,-0.14466342374692936
1269,12.69,0.7984591780095507,-0.12825649847538367
1270,12.700000000000001,0.8764868591013252,-0.12475943390749879
1271,12.71,0.7129845575390105,-0.11550292299533245
1272,12.72,0.8777577784641117,-0.13579262490076183
1273,12.73,0.6504566716057567,-0.1306634768532059
1274,12.74,0.7940381934980695,-0.09978010609513799
1275,12.75,0.7767870430021749,-0.12328917565666507
1276,12.76,0.655858668328368,-0.11745334499335651
1277,12.77,0.6389199454402832,-0.09745671037843803
1278,12.780000000000001,0.8664335313841313,-0.12645776309161766
1279,12.790000000000001,0.6294577832053108,-0.1406624825891779
1280,12.8,0.7331844184395057,-0.1412826238192732
1281,12.81,0.828993742088004,-0.13608605545982028
1282,12.82,0.6846585925185463,-0.1566052144178925
1283,12.83,0.7458250512795968,-0.13720184038859468
1284,12.84,0.6821030636397595,-0.15941678150090635
1285,12.85,0.6071427398516414,-0.1331511119976424
1286,12.86,0.6053592853219972,-0.11929870422009214
1287,12.870000000000001,0.7145604383741341,-0.12989292417346765
1288,12.88,0.7176511761393615,-0.15367685669870215
1289,12.89,0.6848400460872202,-0.1659635821964265
1290,12.9,0.7918877937002471,-0.13894888914847855
1291,12.91,0.6991445084892344,-0.1149150586382636
1292,12.92,0.6885998212798888,-0.13215275211712008
1293,12.93,0.599357096561648,-0.1525324868441531
1294,12.94,0.7568467251775386,-0.14840110645306265
1295,12.950000000000001,0.7560659232316813,-0.14790748896622632
1296,12.96,0.5842521173732914,-0.15635783336367612
1297,12.97,0.7076087879661446,-0.15790320775845149
1298,12.98,0.8867790931267652,-0.14715528753904256
1299,12.99,0.6365852855863658,-0.14911260200808976
1300,13.0,0.9085025570012402,-0.15159046717723776
1301,13.01,0.7164266554439452,-0.1350719251036408
1302,13.02,0.7276175730697294,-0.15817215646395047
1303,13.030000000000001,0.7576233145510043,-0.15330966719623806
1304,13.040000000000001,0.6724282473567983,-0.16369090984143542
1305,13.05,0.6861446631701702,-0.14911311463273064
1306,13.06,0.5955638897117861,-0.15625540517146158
1307,13.07,0.616098230102783,-0.14737148326619381
1308,13.08,0.6906514024148417,-0.1566854769198659
1309,13.09,0.7923045119368155,-0.16035958408328252
1310,13.1,0.6655246897923299,-0.16969195780223859
1311,13.11,0.634772367360867,-0.14214860108222133
1312,13.120000000000001,0.6640628279383137,-0.13042332337043208
1313,13.13,0.7258836615748135,-0.16128374271944004
1314,13.14,0.8007051753849335,-0.14021120867557488
1315,13.15,0.529280922392012,-0.15638484096858174
1316,13.16,0.8472691606276311,-0.14634358175322038
1317,13.17,0.6964683327421511,-0.13714900171988298
1318,13.18,0.6479502862150883,-0.17252759062065276
1319,13.19,0.6330254953690171,-0.16869355322120566
1320,13.200000000000001,0.5352622213469103,-0.15578067581100385
1321,13.21,0.5914408106308842,-0.1627048828969408
1322,13.22,0.5682294760489435,-0.1381543370042604
1323,13.23,0.6991395718877245,-0.17369193806270425
1324,13.24,0.5007158825436238,-0.1786900536335105
1325,13.25,0.7739850088214213,-0.14104823033988073
1326,13.26,0.682395579311984,-0.1685422114505674
1327,13.27,0.6907728038333745,-0.1717373536557223
1328,13.280000000000001,0.7128343377977877,-0.1479829517190055
1329,13.290000000000001,0.641898070592209,-0.17033353687186795
1330,13.3,0.6331966162311202,-0.16610878208664118
1331,13.31,0.74461113291491,-0.15919943871261089
1332,13.32,0.4876136359562155,-0.16006685503927895
1333,13.33,0.5188285113492865,-0.18020157706016798
1334,13.34,0.6744380542250463,-0.1624794745440206
1335,13.35,0.6297637028512162,-0.15697095625078084
1336,13.36,0.6498641250400815,-0.17546744041852563
1337,13.370000000000001,0.7101639737689585,-0.18109395292499755
1338,13.38,0.3892559492444204,-0.18744523406009264
1339,13.39,0.6482305537378379,-0.16166465712177616
1340,13.4,0.691205731171494,-0.19478121485936967
1341,13.41,0.6067173258634502,-0.1586350322144353
1342,13.42,0.5719450367991459,-0.17937492149347323
1343,13.43,0.5890382796496516,-0.18262248079908952
1344,13.44,0.3945950575072645,-0.14693365982874415
1345,13.450000000000001,0.5669123899823815,-0.17251351590687797
1346,13.46,0.4046599782356063,-0.164224525057261
1347,13.47,0.4613311786319333,-0.17817935510991878
1348,13.48,0.34843184404822425,-0.1680379454582071
1349,13.49,0.47802701362425426,-0.1990130797162845
1350,13.5,0.5363914993826354,-0.18887111161679637
1351,13.51,0.5154434629075537,-0.1754554489166411
1352,13.52,0.5725588016383819,-0.19223757289493792
1353,13.530000000000001,0.5026318385433447,-0.19788850555419205
1354,13.540000000000001,0.5937754304687306,-0.1891492348315501
1355,13.55,0.5431019694227133,-0.19309751047427376
1356,13.56,0.4567955612470451,-0.1967695167381781
1357,13.57,0.4716066648410476,-0.17800772472780435
1358,13.58,0.2587093684111934,-0.19101243532483209
1359,13.59,0.5042513486269097,-0.1842480227053021
1360,13.6,0.5927430046736977,-0.17979633506598033
1361,13.61,0.5410021221400135,-0.17887410731195783
1362,13.620000000000001,0.4490017364417078,-0.17593112562603463
1363,13.63,0.29497321492559486,-0.17130118678862427
1364,13.64,0.47346493717939203,-0.18845566019193166
1365,13.65,0.4869783689518594,-0.19253911733241638
1366,13.66,0.28877174666445415,-0.1809653380494811
1367,13.67,0.2673733339052484,-0.178411178768817
1368,13.68,0.3960406223902131,-0.1864606251077128
1369,13.69,0.26883535734723285,-0.19691505431085882
1370,13.700000000000001,0.4818451672075064,-0.18605966088024614
1371,13.71,0.40721144219687977,-0.18876300586553252
1372,13.72,0.37980074568077793,-0.17726163226997957
1373,13.73,0.47881361903218916,-0.185101976921291
1374,13.74,0.32909594876804343,-0.18518201103687126
1375,13.75,0.3913343196132959,-0.18487452001405766
1376,13.76,0.42403818244609653,-0.18882589619433252
1377,13.77,0.27028830493622646,-0.19839441527416785
1378,13.780000000000001,0.33351406565371294,-0.18167819356998938
1379,13.790000000000001,0.392543659340044,-0.18259871231024885
1380,13.8,0.27043897521455573,-0.17738294915884917
1381,13.81,0.32868523965113006,-0.19629273323146174
1382,13.82,0.0907140639991515,-0.18164956071432892
1383,13.83,0.22063743277445322,-0.1716556170958995
1384,13.84,0.2826874500741733,-0.20235186544039055
1385,13.85,0.2839536524875675,-0.18879688166177472
1386,13.86,0.25059994102522176,-0.19031925739562047
1387,13.870000000000001,0.2834261781725999,-0.176177852099789
1388,13.88,0.2044140320461361,-0.16579460557768155
1389,13.89,0.38544913216859644,-0.20302920551236334
1390,13.9,0.07917065865817324,-0.19406873971554559
1391,13.91,0.1540527169096567,-0.1990662727598269
1392,13.92,0.28833819899456076,-0.1805140018157976
1393,13.93,0.2342706309343021,-0.19648240349728355
1394,13.94,0.19432353726730422,-0.21573494966188206
1395,13.950000000000001,-0.026194302325704605,-0.20357112674018335
1396,13.96,0.0734337256792706,-0.190080249000785
1397,13.97,0.06563416706147684,-0.18837717395968998
1398,13.98,0.09547434509919193,-0.2031909098988485
1399,13.99,-0.008262797986738117,-0.20250424897102798
1400,14.0,0.02321171781788043,-0.20177728623133842
1401,14.01,-0.0983808049296939,-0.19921223183410236
1402,14.02,0.038291424812812336,-0.1982869713986044
1403,14.030000000000001,-0.06338693167011367,-0.2263367628940293
1404,14.040000000000001,-0.18963160677376364,-0.19342458316422576
1405,14.05,-0.16248121632064327,-0.20398542294797448
1406,14.06,-0.18421874674406385,-0.20038494072032242
1407,14.07,-0.17163066240580485,-0.20546065454804163
1408,14.08,-0.2075570152309205,-0.17462285961060683
1409,14.09,-0.1080045898547167,-0.2051818423210137
1410,14.1,-0.23436007835968026,-0.1862289500539568
1411,14.11,-0.14788672675793735,-0.18427700350567378
1412,14.120000000000001,-0.252697626473202,-0.19411367323781412
1413,14.13,-0.24906511562053596,-0.2083055178840561
1414,14.14,-0.25086070861538684,-0.1959096814177978
1415,14.15,-0.345107444759077,-0.20709871916715553
1416,14.16,-0.2432147838012546,-0.2022715915674151
1417,14.17,-0.28262844704327467,-0.18229940761118635
1418,14.18,-0.3409281532667069,-0.21126100766459815
1419,14.19,-0.4714062399678869,-0.19785053249026452
1420,14.200000000000001,-0.3492276311558961,-0.17168280282097725
1421,14.21,-0.6951697678345493,-0.18505958308704568
1422,14.22,-0.4835397577749473,-0.16567055944130002
1423,14.23,-0.5990893107422433,-0.1865416588402297
1424,14.24,-0.6537414547996423,-0.18672695375482692
1425,14.25,-0.6635080886673752,-0.18752473495586908
1426,14.26,-0.7372797561777873,-0.17077601231083184
1427,14.27,-0.5490248712442771,-0.1885899119721801
1428,14.280000000000001,-0.8312843292785257,-0.16988689932909298
1429,14.290000000000001,-0.7928381179934311,-0.1760907908381158
1430,14.3,-0.8365695167884077,-0.19240522534782148
1431,14.31,-0.8859137197587246,-0.17670915166670653
1432,14.32,-0.816471409951902,-0.18257660231376616
1433,14.33,-0.975897057880556,-0.18735295341415995
1434,14.34,-0.8045236247007119,-0.1678873595354739
1435,14.35,-0.8653341786800934,-0.1799874613842473
1436,14.36,-0.791165106646783,-0.18860851221896419
1437,14.370000000000001,-0.879631204185594,-0.18005539388627367
1438,14.38,-1.0960176869078901,-0.17397247586302902
1439,14.39,-0.908682602157119,-0.1512922523700264
1440,14.4,-0.9381648041386654,-0.1671977790534105
1441,14.41,-1.006068109056606,-0.1442807960888956
1442,14.42,-1.1027689677521995,-0.154941802789331
1443,14.43,-1.0946191136420114,-0.20466124290969404
1444,14.44,-1.0599806210180025,-0.15761109409471827
1445,14.450000000000001,-0.997327546701084,-0.1678733051626032
1446,14.46,-1.2027323394636398,-0.1523261709811141
1447,14.47,-1.2347344843032337,-0.15414551256495676
1448,14.48,-1.0960514786008095,-0.16655764895295608
1449,14.49,-1.0647644736980988,-0.19125532203537096
1450,14.5,-1.2522333246449744,-0.13493607458447757
1451,14.51,-1.331161812534021,-0.1766894611241896
1452,14.52,-1.2293978391096525,-0.15222723254999954
1453,14.530000000000001,-1.1143444343545068,-0.15988400257011623
1454,14.540000000000001,-1.1529271570599777,-0.138908145832846
1455,14.55,-1.131224779285146,-0.17168913427274377
1456,14.56,-1.1358995758316186,-0.15523116388881333
1457,14.57,-1.1405432216643616,-0.15292246539771284
1458,14.58,-1.246360526105933,-0.1459363916418578
1459,14.59,-1.222922841182131,-0.15319764814114148
1460,14.6,-1.0735193916077792,-0.15845926204761457
1461,14.61,-1.2085272145038064,-0.16390865686976905
1462,14.620000000000001,-1.1370341514481144,-0.16171055327376493
1463,14.63,-1.2663580238010343,-0.17197150155140212
1464,14.64,-1.0771776276057516,-0.13221559162250154
1465,14.65,-1.0059519430416868,-0.12752220956377128
1466,14.66,-1.248277933087344,-0.15054369819514096
1467,14.67,-1.1958983720477094,-0.13139601383466312
1468,14.68,-1.1462069185097765,-0.15472715656529484
1469,14.69,-1.2662432278699696,-0.1474794176816783
1470,14.700000000000001,-1.1748028402467598,-0.14285786601790668
1471,14.71,-1.0254936137526123,-0.13809089526276772
1472,14.72,-1.3413834650266425,-0.13223748589528744
1473,14.73,-1.0676106408820958,-0.141073332826491
1474,14.74,-1.1455778352794406,-0.15413400531589194
1475,14.75,-1.2801909622350685,-0.13744333927128163
1476,14.76,-1.1497184121864066,-0.13154329053978722
1477,14.77,-0.9559530975637497,-0.1170764454036526
1478,14.780000000000001,-1.0709471488044318,-0.15704192149604446
1479,14.790000000000001,-1.192593766596927,-0.1356167344485469
1480,14.8,-1.2822437325612792,-0.12386409038901719
1481,14.81,-1.2041845843882568,-0.15860333561846135
1482,14.82,-1.0965505522253858,-0.13253174775153148
1483,14.83,-1.3845463689924213,-0.1224189350162467
1484,14.84,-1.0724250188505913,-0.14121714977944333
1485,14.85,-1.3856886720609916,-0.13224473998852038
1486,14.86,-1.4201315177485825,-0.12214928463132346
1487,14.870000000000001,-1.1215452058073927,-0.10863739751186577
1488,14.88,-1.2458662296193725,-0.11272673829870722
1489,14.89,-1.1338372146419071,-0.1039275196645859
1490,14.9,-1.1193764586392554,-0.12726341285728607
1491,14.91,-1.2788526653185823,-0.1094166640918565
1492,14.92,-1.17204932816758,-0.12532517902269638
1493,14.93,-1.1124608819044886,-0.10634506833777777
1494,14.94,-1.2597382528285588,-0.11887878562327218
1495,14.950000000000001,-1.172683468670949,-0.13587586255773382
1496,14.96,-1.119613753307648,-0.09780817269312962
1497,14.97,-1.2109001077467922,-0.10029149656708079
1498,14.98,-1.1248173337313967,-0.12010175100209015
1499,14.99,-1.190282510652435,-0.10062173064383957
1500,15.0,-1.1502062368697408,-0.10145715066170784
1501,15.01,-1.1854564432057697,-0.11541828934607325
1502,15.02,-0.9038208620767509,-0.0889965959076582
1503,15.030000000000001,-1.256955804104186,-0.10538136673891885
1504,15.040000000000001,-1.0488526292377498,-0.09294192664990061
1505,15.05,-1.098693712205709,-0.09422986581122635
1506,15.06,-1.2817828470576993,-0.09599291289442241
1507,15.07,-1.095185718210171,-0.10981605215432601
1508,15.08,-1.0235842613082329,-0.10529698616855387
1509,15.09,-1.1140478948360817,-0.08958543578376743
1510,15.1,-1.017405295042527,-0.09611258518964569
1511,15.11,-1.1454172057895755,-0.10056130052759221
1512,15.120000000000001,-1.0947209336150956,-0.0588509529195001
1513,15.13,-1.0939118981603495,-0.09843650177599499
1514,15.14,-1.1171929392733606,-0.08425120339636112
1515,15.15,-1.2156070120063254,-0.0957374838339281
1516,15.16,-1.2149678263858248,-0.0802664838939656
1517,15.17,-1.0618901750122358,-0.10165068161136603
1518,15.18,-1.1290458784537973,-0.07649145667474913
1519,15.19,-1.2284188866721109,-0.06487373441926961
1520,15.200000000000001,-1.1500174752677206,-0.09750322340843334
1521,15.21,-1.1574638953068876,-0.06533948871248432
1522,15.22,-1.2491727730114512,-0.08818996520655517
1523,15.23,-1.2238101395418317,-0.07281852578815454
1524,15.24,-1.1137488809490725,-0.0637709696607635
1525,15.25,-0.9575217318373174,-0.06809894800394588
1526,15.26,-1.1569070176336995,-0.10112342510437794
1527,15.27,-1.1529234348220037,-0.07484774088626468
1528,15.280000000000001,-1.276673141755466,-0.07200735112568761
1529,15.290000000000001,-0.9785282697894859,-0.06066260028746785
1530,15.3,-1.2426277338702443,-0.06604884670906758
1531,15.31,-0.9977765889731438,-0.07389379700765346
1532,15.32,-1.0636256058960711,-0.07589477157104223
1533,15.33,-1.2257584422289738,-0.05971050161062632
1534,15.34,-1.022667159254886,-0.06188951115907676
1535,15.35,-1.1593501377350501,-0.040671983835506034
1536,15.36,-1.0762984699800904,-0.07028491559856831
1537,15.370000000000001,-0.9397269003016493,-0.0702955872189109
1538,15.38,-1.0448659641442477,-0.04039311923705466
1539,15.39,-1.098675759477004,-0.052089406629964266
1540,15.4,-1.1403780561461963,-0.06231398387705084
1541,15.41,-1.1293001981082873,-0.049796550163167815
1542,15.42,-0.9782672744722434,-0.06441620897922551
1543,15.43,-1.2047694706627743,-0.050196548680379746
1544,15.44,-1.0674931928942244,-0.07406373980386158
1545,15.450000000000001,-1.1147086749876312,-0.058839004139826664
1546,15.46,-1.0977848370163292,-0.06186459054372708
1547,15.47,-1.199731533578872,-0.052456997263980974
1548,15.48,-1.1068999947466989,-0.04003441792551603
1549,15.49,-1.1847131447639434,-0.06028291776066115
1550,15.5,-1.0994170785612225,-0.06693131428926558
1551,15.51,-1.1473610454521528,-0.043710957514941765
1552,15.52,-0.9525038868412993,-0.04575669934539946
1553,15.530000000000001,-1.0609635122953176,-0.03797043466521768
1554,15.540000000000001,-0.9835585883694189,-0.04872430495882591
1555,15.55,-1.1663455974041408,-0.04890085429577596
1556,15.56,-0.9878519589541582,-0.05098271403596058
1557,15.57,-1.061630044805976,-0.052836568687881426
1558,15.58,-1.0529458278455999,-0.04703821870977287
1559,15.59,-1.2287315396252874,-0.041202322912328775
1560,15.6,-1.0635407278604323,-0.045595932034805
1561,15.610000000000001,-1.2481271831029765,-0.027673231176280632
1562,15.620000000000001,-1.2072561076823074,-0.03103435147887734
1563,15.63,-1.1250225800494968,-0.023563125893510548
1564,15.64,-1.1040574542338808,-0.034613042225025
1565,15.65,-1.0565830957825995,-0.046034709106090504
1566,15.66,-0.9745498946431055,-0.03819217137666459
1567,15.67,-1.0569097488929236,-0.015844208915992575
1568,15.68,-0.9080132171921056,0.005348739489126023
1569,15.69,-1.0909340758069994,-0.04679742502347199
1570,15.700000000000001,-1.0407228585773105,-0.019595143162231064
1571,15.71,-1.120703175068059,-0.030787290495928217
1572,15.72,-1.0841934904744774,-0.01738909823500483
1573,15.73,-1.0366080959596127,-0.04838381861194095
1574,15.74,-0.9556566110248578,-0.024591343840883195
1575,15.75,-1.0513240905681587,-0.01730577921115667
1576,15.76,-1.0832111043185408,-0.023373670346342534
1577,15.77,-1.045624263062875,-0.020233262963598033
1578,15.780000000000001,-1.040972140584072,-0.01966158569256187
1579,15.790000000000001,-1.155249429291763,-0.041725534304331485
1580,15.8,-1.094576769887524,-0.01085721655702888
1581,15.81,-1.0892931635181318,0.006251700552958792
1582,15.82,-0.8725942794170837,-0.017336948733021024
1583,15.83,-0.9139966411255906,-0.02474818088278486
1584,15.84,-0.956127837966177,-0.007914020475068425
1585,15.85,-1.0332024630108523,-0.008900869268328776
1586,15.860000000000001,-1.0489085962484035,-0.002514566778026757
1587,15.870000000000001,-1.172156017454594,-0.0012648616318225205
1588,15.88,-1.0689128135461372,-0.0008548308354179735
1589,15.89,-1.125399486021852,0.007736905774478463
1590,15.9,-1.151493786206359,-0.03438473325019728
1591,15.91,-1.0757606483527233,-0.013006722677623254
1592,15.92,-1.1281982929089527,0.01008416899917281
1593,15.93,-0.9919648846962859,-0.020451279534876878
1594,15.94,-1.0430123406750913,-0.0058252122250409604
1595,15.950000000000001,-0.9295261873461096,0.02118897462629786
1596,15.96,-0.909202208457797,-0.008268492524387919
1597,15.97,-1.1380790134976744,0.001384883297339364
1598,15.98,-1.1044677678289039,-0.014462152834333636
1599,15.99,-0.9565824987503635,-0.00015369766174978513
1600,16.0,-0.8745065586704022,0.011340121480481559
1601,16.01,-1.0194632937207178,0.006973374765631907
1602,16.02,-1.0542327829505758,0.014868676792518798
1603,16.03,-1.009742759767443,-0.00830697346018225
1604,16.04,-0.8681412799855108,0.0126482843045722
1605,16.05,-1.019342899145069,0.018115162356064668
1606,16.06,-1.1142029893453163,0.0101688239480202
1607,16.07,-0.9676342405747347,0.006407481486907002
1608,16.080000000000002,-1.0448687350396832,-0.003390738850965181
1609,16.09,-1.0267424839586796,0.013923557934566982
1610,16.1,-1.0929718234634962,0.01592778329793468
1611,16.11,-0.9935135801319395,0.006124469095630727
1612,16.12,-0.8713307158697827,0.00902100329036709
1613,16.13,-1.0865489083454154,0.020701554797481845
1614,16.14,-1.0499243578543778,0.008512729611909664
1615,16.15,-0.8719142567474417,0.029521269090357283
1616,16.16,-1.0552078549613926,0.010999478419233585
1617,16.17,-0.8557310864644745,0.005307446442684608
1618,16.18,-0.8305374862299881,0.0317223180515354
1619,16.19,-0.9824439885711215,0.044713113218421266
1620,16.2,-0.9626592693414497,0.023980522823588635
1621,16.21,-0.9497723973033683,0.024460094722827796
1622,16.22,-0.9231898555627385,0.01786024309568389
1623,16.23,-1.0376070415792278,0.017379953576973275
1624,16.240000000000002,-0.969664661297735,0.03202100910467125
1625,16.25,-1.000266383394113,0.03437018833732115
1626,16.26,-1.0821421830246725,0.04887421701198305
1627,16.27,-1.1946145059061632,0.04622430521207023
1628,16.28,-0.9849981958036417,0.03877050281554443
1629,16.29,-0.9775559909801468,0.0560562654068393
1630,16.3,-1.0921694365018226,0.02942837452322623
1631,16.31,-1.019663022587763,0.04908943778288412
1632,16.32,-1.016347862930055,0.03905372976202259
1633,16.330000000000002,-0.8694864017138425,0.03304961209946107
1634,16.34,-0.969303192869885,0.02659016925632208
1635,16.35,-0.9468057152786293,0.05136191749559656
1636,16.36,-0.9198871370068332,0.049185276206150666
1637,16.37,-0.9777580188144269,0.01788987012238677
1638,16.38,-0.9686086156497076,0.03278098419651875
1639,16.39,-0.9105379408575268,0.03892418682320054
1640,16.4,-0.8864179609576295,0.03112926298353095
1641,16.41,-0.8812003734904873,0.04832308769054418
1642,16.42,-0.9125010438967825,0.04352091475512459
1643,16.43,-1.0657853099380121,0.0674783922275636
1644,16.44,-1.0441156893863819,0.027354538989222774
1645,16.45,-0.8999793875983351,0.041314744416211566
1646,16.46,-0.891819623867597,0.0700695854774848
1647,16.47,-0.940093841847166,0.040509087459787346
1648,16.48,-0.912834531297891,0.0361717899988368
1649,16.490000000000002,-0.964297362485051,0.061656380079087775
1650,16.5,-0.8962476812700669,0.02265208819941026
1651,16.51,-0.8676662213528644,0.03669930741190717
1652,16.52,-0.8531225493978831,0.07959355865965992
1653,16.53,-0.9074577381927232,0.04697607389436052
1654,16.54,-0.9278905912904335,0.06240007551967431
1655,16.55,-0.9761249971672032,0.04942592064038383
1656,16.56,-0.9567091122989292,0.04753348196060321
1657,16.57,-0.8729254081226513,0.044186779327203475
1658,16.580000000000002,-0.7422716240803063,0.04468392223828343
1659,16.59,-0.9438782735066487,0.05637063316736805
1660,16.6,-0.9342882517856744,0.08172848957299989
1661,16.61,-1.0031394004122156,0.04781544139969494
1662,16.62,-0.8281241739216314,0.06243551929247265
1663,16.63,-0.9146791277080593,0.0606944529510516
1664,16.64,-0.9309528181384948,0.06634253111784812
1665,16.65,-0.8037602277806675,0.05489984365983745
1666,16.66,-1.009330887242056,0.059632338543852755
1667,16.67,-0.8881190483370305,0.07670180044614815
1668,16.68,-0.7820162836680169,0.07023671470908892
1669,16.69,-0.8642346035485062,0.07380133225419078
1670,16.7,-0.9987807761785695,0.06522738158409325
1671,16.71,-1.024335770959626,0.06002693316858276
1672,16.72,-1.058260963980334,0.09291907081768017
1673,16.73,-1.0501282378348824,0.0565908116484016
1674,16.740000000000002,-0.8206390037382478,0.060749774655617185
1675,16.75,-0.8363048329904416,0.07704482229879922
1676,16.76,-0.9687991479558871,0.05593960247670962
1677,16.77,-0.9847212285980448,0.08828199307886217
1678,16.78,-0.9942542059638799,0.06978385612829008
1679,16.79,-0.7642054784017722,0.0787164389103178
1680,16.8,-0.8627127400568475,0.1006681634541186
1681,16.81,-0.9601575905124701,0.07160097918974109
1682,16.82,-0.8665711045703761,0.07895158368670832
1683,16.830000000000002,-0.8844462036208222,0.07910961357971401
1684,16.84,-0.8711674917050657,0.08558491824508366
1685,16.85,-0.8756484023076652,0.07935091099799092
1686,16.86,-0.882401467392926,0.0894196303670511
1687,16.87,-0.755033770348218,0.08655854533020056
1688,16.88,-0.931217263720338,0.10502898033820819
1689,16.89,-0.9637384038931682,0.08835061689014549
1690,16.9,-0.9587495155943271,0.0681838897923411
1691,16.91,-0.8398192951307007,0.07839626598205861
1692,16.92,-0.8154673540112848,0.10122471131520439
1693,16.93,-0.8202013527694811,0.09221441338340931
1694,16.94,-0.8205382263173063,0.09516853731819874
1695,16.95,-0.8091312550451947,0.08688523413673267
1696,16.96,-0.826660570696975,0.12306119443212968
1697,16.97,-1.059162238599694,0.10144266486063168
1698,16.98,-0.9152530891152224,0.10062130114052839
1699,16.990000000000002,-0.9120882737266683,0.07852338210574691
1700,17.0,-0.8758834410079078,0.09937793857605809
1701,17.01,-0.8294781524433216,0.10744630167002311
1702,17.02,-0.7006770655610068,0.09974381836159099
1703,17.03,-0.8293633328736733,0.1076261693568724
1704,17.04,-0.8083080077407749,0.099022153645339
1705,17.05,-0.8073194289267621,0.10830192195943797
1706,17.06,-0.861845363525508,0.09940440158209402
1707,17.07,-0.8822149656938381,0.09808971973386114
1708,17.080000000000002,-0.9230386816847802,0.0936880808895067
1709,17.09,-0.9163585549909264,0.1150474601780798
1710,17.1,-0.806102143074869,0.11505363200294849
1711,17.11,-0.8097011909983689,0.10858748001195688
1712,17.12,-0.7745309107141809,0.11600662272435011
1713,17.13,-0.6771783885105473,0.10324975247690589
1714,17.14,-0.802515058614628,0.14048620061407882
1715,17.150000000000002,-0.8552432605198177,0.11675347415107955
1716,17.16,-0.8420802604809343,0.12157591525854326
1717,17.17,-0.8090606878524499,0.1205693421842322
1718,17.18,-0.63683342603245,0.10099605399339216
1719,17.19,-0.9883215733233954,0.10540028944463498
1720,17.2,-0.9420860920089025,0.11122497585622194
1721,17.21,-0.8053198233726108,0.1113679765964527
1722,17.22,-0.7712983425498305,0.11795638613078507
1723,17.23,-0.5612373832712385,0.09618138665096274
1724,17.240000000000002,-0.6662907187567365,0.12897547455177358
1725,17.25,-0.7798389604892082,0.12994187572459187
1726,17.26,-0.795097474908351,0.1151031288726389
1727,17.27,-0.8952035835912243,0.11683971562716478
1728,17.28,-0.8944823025475479,0.1121715359505362
1729,17.29,-0.6636007523758484,0.12294923651384497
1730,17.3,-0.7735313140418377,0.12142178406436983
1731,17.31,-0.7309186078885174,0.1185698944496737
1732,17.32,-0.9866277743583576,0.10946597427433044
1733,17.330000000000002,-0.7956665266342011,0.12883422342237594
1734,17.34,-0.7490729237931514,0.12887396470688817
1735,17.35,-0.723415662815462,0.12860720836558626
1736,17.36,-0.7797014106132087,0.13163710287379726
1737,17.37,-0.7626755001936523,0.13081359521670194
1738,17.38,-0.6798135522443584,0.13677641668336393
1739,17.39,-0.7482152772623173,0.11704765128015646
1740,17.400000000000002,-0.7553011068231583,0.1350960295815796
1741,17.41,-0.799209009988514,0.11987604385160333
1742,17.42,-0.7368495030838995,0.11757572071314307
1743,17.43,-0.6487136404191574,0.1231394176855042
1744,17.44,-0.7918717261398678,0.12771638692258414
1745,17.45,-0.665985062527258,0.1375422389682333
1746,17.46,-0.7093835321055074,0.14604758320335293
1747,17.47,-0.7737989486050465,0.14701643703500863
1748,17.48,-0.8048528664066715,0.11621912186226448
1749,17.490000000000002,-0.7717172942015708,0.13091483267172907
1750,17.5,-0.704755570027586,0.11444550237229087
1751,17.51,-0.8261648030729003,0.10072819801025766
1752,17.52,-0.7643464885965711,0.122409793152195
1753,17.53,-0.6951146371663964,0.12284718020803029
1754,17.54,-0.7478146520257236,0.1502531358501355
1755,17.55,-0.7246979292214638,0.14290699799117262
1756,17.56,-0.8431271228975519,0.12358840498568503
1757,17.57,-0.6132378691082934,0.1374809079571041
1758,17.580000000000002,-0.7848249766106029,0.1226976788587057
1759,17.59,-0.7518209126429917,0.13438274132212755
1760,17.6,-0.8196855299440708,0.14513368082288008
1761,17.61,-0.7726537677703036,0.17003575325555856
1762,17.62,-0.6393515341611539,0.15911041361205414
1763,17.63,-0.7536863844693418,0.12622132695582092
1764,17.64,-0.642664103352024,0.13550020152813488
1765,17.650000000000002,-0.7920808555814177,0.14779772361440982
1766,17.66,-0.7212742860973625,0.1357785744253766
1767,17.67,-0.5958916102926226,0.14834312821912962
1768,17.68,-0.5938800811206545,0.16443958586226243
1769,17.69,-0.6635289853398202,0.13638185789503826
1770,17.7,-0.6222558039862169,0.14821135584478567
1771,17.71,-0.596212866918074,0.16163653115222265
1772,17.72,-0.6777618138513707,0.16391398254213743
1773,17.73,-0.5906400888735468,0.17097828332103962
1774,17.740000000000002,-0.6726649936030488,0.17780657135090233
1775,17.75,-0.66492480538927,0.15160501543431432
1776,17.76,-0.7037650511190913,0.14039005788762118
1777,17.77,-0.6635867530482239,0.15154563642637206
1778,17.78,-0.6020970511693351,0.16039404547784747
1779,17.79,-0.6393885773721998,0.1547539263026031
1780,17.8,-0.6061934472942517,0.14474148203677403
1781,17.81,-0.6683619042478963,0.16327013747709396
1782,17.82,-0.6737330890096301,0.18350151697609035
1783,17.830000000000002,-0.6937458141694783,0.16862029172664897
1784,17.84,-0.7801202517437901,0.16602315537838605
1785,17.85,-0.5813993994348058,0.15793869973549063
1786,17.86,-0.617785841910987,0.15757264593317333
1787,17.87,-0.6172337907797323,0.16736760606840928
1788,17.88,-0.5473633781348526,0.14870216330259214
1789,17.89,-0.4289480068094411,0.15469140690094832
1790,17.900000000000002,-0.7431237120395306,0.1650605179827318
1791,17.91,-0.7217307233640948,0.1616539801510857
1792,17.92,-0.6720882579110318,0.17036350615691004
1793,17.93,-0.6654376329316586,0.1567394199337867
1794,17.94,-0.6627792150585091,0.16407625779977011
1795,17.95,-0.5091677138229769,0.16141721866078007
1796,17.96,-0.6760792814137294,0.13773537596499458
1797,17.97,-0.6429811521585758,0.16034333905016687
1798,17.98,-0.5753480508854587,0.17399944001191733
1799,17.990000000000002,-0.6278750278908655,0.16264215580947283
1800,18.0,-0.5372197684499991,0.15996150708195422
1801,18.01,-0.6245215400573734,0.16105821200729736
1802,18.02,-0.48641802398618245,0.17981217119770718
1803,18.03,-0.569575032596766,0.1756720687289934
1804,18.04,-0.5096980243431212,0.1603250410466729
1805,18.05,-0.5900324661581394,0.18409270115411977
1806,18.06,-0.6269603236376249,0.17595273195432995
1807,18.07,-0.5440705730312835,0.16105944543249726
1808,18.080000000000002,-0.5064210481089507,0.1888031513522579
1809,18.09,-0.5282780582091305,0.1738060079354136
1810,18.1,-0.4676884727610629,0.1706343641999919
1811,18.11,-0.5220851384888089,0.1711280081160098
1812,18.12,-0.5525281283606548,0.17558915387579424
1813,18.13,-0.2907835629376504,0.18520840383237183
1814,18.14,-0.5785834547685182,0.1614609085967646
1815,18.150000000000002,-0.591011673750318,0.18262690566520912
1816,18.16,-0.5773540135331796,0.1849878073455712
1817,18.17,-0.4912653719292507,0.16584282676493614
1818,18.18,-0.4357410297931185,0.19238525961755998
1819,18.19,-0.6212718379937624,0.18407681411262425
1820,18.2,-0.464172430748614,0.17932417488458027
1821,18.21,-0.49064660104290037,0.1830541207874777
1822,18.22,-0.617341955093048,0.1912251242411494
1823,18.23,-0.6100057407050943,0.19481971270853501
1824,18.240000000000002,-0.5151688446427245,0.1717105892250213
1825,18.25,-0.4129470128834825,0.1917255638660531
1826,18.26,-0.6802370770721118,0.1817283241389041
1827,18.27,-0.47085723344428493,0.1601553294266242
1828,18.28,-0.5724959676026342,0.19407405835945635
1829,18.29,-0.6046683780857975,0.17748351292190356
1830,18.3,-0.38262149827924563,0.18389705165233272
1831,18.31,-0.6581991220048494,0.17178475607755894
1832,18.32,-0.2502809826138458,0.18249076681421889
1833,18.330000000000002,-0.5069843893313142,0.17736234488570868
1834,18.34,-0.484941226837969,0.2045270653471437
1835,18.35,-0.4280169565178562,0.18545240964613985
1836,18.36,-0.4083352134698278,0.19166597989183018
1837,18.37,-0.46617509447792677,0.18421062031585872
1838,18.38,-0.4450516592578032,0.2038659590701392
1839,18.39,-0.5445945254516591,0.1722309147353848
1840,18.400000000000002,-0.26740153968078495,0.18852647698692857
1841,18.41,-0.35943753309439586,0.183090993566088
1842,18.42,-0.4134500267078958,0.18203784240317603
1843,18.43,-0.3012247508179925,0.1860651492723396
1844,18.44,-0.3403626231017866,0.19075813335086866
1845,18.45,-0.2596152662871106,0.19646468849753662
1846,18.46,-0.4105477819329501,0.19026566228294653
1847,18.47,-0.3211121147125658,0.1994261130714983
1848,18.48,-0.06353039022355877,0.17088631218582828
1849,18.490000000000002,-0.2806561363114037,0.17651283178545313
1850,18.5,-0.4119634803479382,0.19772411041356483
1851,18.51,-0.11955753909231068,0.21723351320523146
1852,18.52,-0.18916469506656602,0.18939237281641375
1853,18.53,-0.16164962337947333,0.18866056710974954
1854,18.54,-0.13258150850082412,0.16225445834445199
1855,18.55,-0.20772457480869339,0.1689790989043289
1856,18.56,-0.242163360805793,0.1977432494093652
1857,18.57,-0.23059595811421035,0.1797224515852531
1858,18.580000000000002,-0.045666436543691596,0.21253714599213397
1859,18.59,-0.2218557520148185,0.20404067638232418
1860,18.6,-0.2473939920674709,0.18014937413650844
1861,18.61,-0.17079071398646278,0.206907536899243
1862,18.62,-0.02769861718574814,0.1891908160819429
1863,18.63,-0.006582474435077673,0.21479500756498532
1864,18.64,-0.1048839270294987,0.19092558525876097
1865,18.650000000000002,-0.14559133249939882,0.2103790079446444
1866,18.66,-0.13972485001203855,0.18763391368329715
1867,18.67,0.01587395627477743,0.17981592815264835
1868,18.68,-0.06226278933950741,0.19766260824420137
1869,18.69,0.02939258364491895,0.182402342104859
1870,18.7,0.23807262808659743,0.18800979437702467
1871,18.71,0.17647113646231463,0.20279288009306906
1872,18.72,0.006240175106346668,0.18492363231960474
1873,18.73,0.27971058996757153,0.1967897295482317
1874,18.740000000000002,0.10177555842082657,0.1937698812819647
1875,18.75,0.24392829919257253,0.1761357133093406
1876,18.76,0.18203788412868205,0.18597141974051062
1877,18.77,0.31213791671555263,0.22007595949430003
1878,18.78,0.21671238702911644,0.18586119418913583
1879,18.79,0.14740808458849153,0.19356668460954954
1880,18.8,0.34660267135927614,0.16785971147414883
1881,18.81,0.3318919465202394,0.2028451592082154
1882,18.82,0.2628556537638501,0.18899706363858487
1883,18.830000000000002,0.44695634439094073,0.22802902180907753
1884,18.84,0.6600937687660009,0.20149924403518035
1885,18.85,0.5012780912580561,0.16363772911091468
1886,18.86,0.5609719987964297,0.18830486257823661
1887,18.87,0.40994555375444053,0.19129787137970175
1888,18.88,0.5306358485594977,0.1985516979146322
1889,18.89,0.6069308286906094,0.20788437327698045
1890,18.900000000000002,0.7248177422144958,0.19021334350928235
1891,18.91,0.723682477401583,0.18095210156261834
1892,18.92,0.525457936684423,0.19287427579610772
1893,18.93,0.7701485179597997,0.1846309334882087
1894,18.94,0.6039574725674,0.19538363486141097
1895,18.95,0.7186050487742093,0.17765266006628325
1896,18.96,0.8477242544145517,0.19087688024174498
1897,18.97,0.8414516438859754,0.16888143749089748
1898,18.98,0.763468629494633,0.18858656951609928
1899,18.990000000000002,0.8649365683789522,0.1736057512493512
1900,19.0,1.0594516732992285,0.180915693552503
1901,19.01,1.1336440861159471,0.20024105298089276
1902,19.02,1.0381009639333294,0.18962747036609823
1903,19.03,1.1186206391897673,0.17566165141821335
1904,19.04,0.8748158719946945,0.1598274728306059
1905,19.05,1.0548224895771852,0.17746884734022242
1906,19.06,0.9474859021839409,0.16038725431394676
1907,19.07,0.9955746592305343,0.17691716676591673
1908,19.080000000000002,1.075768386743356,0.18907296733942924
1909,19.09,1.033569700461082,0.17406176971036902
1910,19.1,1.0985120425842607,0.15749899647931928
1911,19.11,1.07775909358848,0.1537583659523244
1912,19.12,1.0547592320243457,0.16783351777604388
1913,19.13,1.1809214137195763,0.17201329491891051
1914,19.14,1.225358118256367,0.17424647369322852
1915,19.150000000000002,1.3146189158240547,0.15221645118006347
1916,19.16,0.9783132362478661,0.13903026011116149
1917,19.17,1.084698281767651,0.1452599256715653
1918,19.18,1.1935824777941253,0.13439903823026644
1919,19.19,1.2199271013317954,0.1792407826610371
1920,19.2,1.235507205579003,0.1679304528367295
1921,19.21,1.06572617929758,0.14744672703714679
1922,19.22,1.2929684154686338,0.14564310243261683
1923,19.23,0.8824205494505827,0.1774554073498522
1924,19.240000000000002,1.2676812893729463,0.15140339052020682
1925,19.25,1.1327402178051773,0.17787911202930767
1926,19.26,1.061622402964421,0.14416628989202
1927,19.27,1.2260686663514004,0.18079370327573466
1928,19.28,1.054620222239837,0.12742974649475505
1929,19.29,1.2102562762739357,0.15362622726926733
1930,19.3,1.243007579395183,0.15400653171026668
1931,19.31,1.240346139634953,0.15528236926397931
1932,19.32,1.03839697119112,0.132502280372522
1933,19.330000000000002,1.1324261182462985,0.14722299214989498
1934,19.34,1.2127100877532762,0.16661508313133772
1935,19.35,1.1752410450290391,0.12430373944329769
1936,19.36,1.1584675011140795,0.13156987754591953
1937,19.37,1.161985477895377,0.13946273461220596
1938,19.38,1.140573184966112,0.1465010904855163
1939,19.39,1.2967863097041152,0.13501156371082004
1940,19.400000000000002,1.2213668914288052,0.13856777452337068
1941,19.41,1.0273738123354559,0.138520009117877
1942,19.42,1.1298260388203383,0.12055066336048059
1943,19.43,1.2881746698187122,0.12633653501991965
1944,19.44,1.2445359747653555,0.13231496292535247
1945,19.45,1.125146565955327,0.13179750789794462
1946,19.46,1.1453500746428937,0.13348953480693643
1947,19.47,1.1263246564414773,0.12764592722582013
1948,19.48,1.0728436315012766,0.1331466201057481
1949,19.490000000000002,1.1557987107250056,0.13608194341902782
1950,19.5,1.1272959397461326,0.10480505413014136
1951,19.51,1.14359214527443,0.12748360526971816
1952,19.52,1.297004618168911,0.133891550327104
1953,19.53,1.125871324626308,0.10585962423682431
1954,19.54,1.3442743245813764,0.11229270788031014
1955,19.55,1.4411482684137187,0.13644646845781974
1956,19.56,1.1498401121993318,0.10570069160348355
1957,19.57,1.1923792434425682,0.10793966169439682
1958,19.580000000000002,1.1649061611911018,0.11657314057824017
1959,19.59,1.1670418877720357,0.11994667913951662
1960,19.6,1.0891789751392695,0.13399016431758975
1961,19.61,1.030900176168894,0.10673991541708852
1962,19.62,1.122612613604222,0.11927614127918428
1963,19.63,1.1183173313333485,0.09007274534430326
1964,19.64,1.1554128486797568,0.13223531378778383
1965,19.650000000000002,1.1949927446317359,0.11152666401331211
1966,19.66,1.1403709550604362,0.09638210246276133
1967,19.67,1.0654113313931193,0.11005963247487408
1968,19.68,1.1507274102150753,0.0988234856112921
1969,19.69,1.3430339132796512,0.10145162048239525
1970,19.7,1.173374036282173,0.0974830997313779
1971,19.71,1.078271443261761,0.08498509768826491
1972,19.72,1.08623698104979,0.09198742362873073
1973,19.73,1.023033016717028,0.09747154991729662
1974,19.740000000000002,1.189986018114444,0.08151960885458705
1975,19.75,1.0525443280979132,0.09283662559432532
1976,19.76,1.2510403275093924,0.08087833496429486
1977,19.77,1.1168052519939873,0.10434214443900566
1978,19.78,1.2725921665197473,0.10257496548589086
1979,19.79,1.1894645633531256,0.07508231994915823
1980,19.8,1.0339185488668905,0.08109860353834357
1981,19.81,1.0969680423676194,0.07376558982606801
1982,19.82,1.1682320667258688,0.08952953024121262
1983,19.830000000000002,1.1218827086151046,0.08257517946837437
1984,19.84,1.2989881998693855,0.09225561449541264
1985,19.85,0.9314869545974497,0.0954041872259233
1986,19.86,1.155987806100247,0.09065085424492957
1987,19.87,1.1056705863313239,0.08725912388972448
1988,19.88,1.0266457500779662,0.07965771488619637
1989,19.89,0.9745140620771352,0.09875148162847008
1990,19.900000000000002,1.1111824806301964,0.08999483689992409
1991,19.91,1.060577175940362,0.07767542917070239
1992,19.92,1.148817962590939,0.09244008044736986
1993,19.93,0.9832855471499535,0.058056698723729705
1994,19.94,1.0320069743365123,0.06844186201001823
1995,19.95,1.22403870983204,0.05169947925467164
1996,19.96,1.1448190969374592,0.07048010368556921
1997,19.97,1.0874498691546737,0.0735343543357995
1998,19.98,1.1638033877564686,0.0613061994539978
1999,19.990000000000002,1.0265612384414669,0.06265307558558743
2000,20.0,1.1351039076722937,0.06296091543276537
2001,20.01,1.17962497026085,0.049509752664941516
2002,20.02,1.170165405990005,0.06782380863116824
2003,20.03,0.9925572891321077,0.04598291310300219
2004,20.04,0.9548377630359659,0.0837520834787917
2005,20.05,1.2517243536817886,0.06293048294238171
2006,20.06,1.0306511076149776,0.04944353448630872
2007,20.07,1.0418734537303773,0.06741473082356911
2008,20.080000000000002,1.0558950445097814,0.08425536019750338
2009,20.09,1.1323064108315566,0.05942987214366916
2010,20.1,1.0975148756449895,0.06422016289277553
2011,20.11,1.1016844877731005,0.05915003216583269
2012,20.12,1.155139297904535,0.052684845637270654
2013,20.13,1.1668351000605577,0.037851280399634105
2014,20.14,1.0249343649848948,0.040991649460007995
2015,20.150000000000002,0.9997173742565555,0.042154492679212695
2016,20.16,1.1690834409248156,0.026249916556988977
2017,20.17,1.0203526076448164,0.05165047228414816
2018,20.18,0.9784393280584471,0.04276001619920706
2019,20.19,1.3563127343810106,0.04263483425768314
2020,20.2,1.1210579107471257,0.05802454505951825
2021,20.21,1.182570375606066,0.03572132031291072
2022,20.22,0.9684936451976336,0.014080415410896961
2023,20.23,1.1011524556764585,0.04905795692375826
2024,20.240000000000002,0.9389448210378467,0.03801761621059515
2025,20.25,0.8853595178062335,0.02026857399617414
2026,20.26,1.1579638035326958,0.031356263270541085
2027,20.27,0.9843779670412829,0.04930673677660307
2028,20.28,0.9279543922926463,0.056505465897217264
2029,20.29,1.1563036927969665,0.015317022665098594
2030,20.3,0.9706987488966677,0.0422355083714825
2031,20.31,1.1990871494457729,0.04227682526026199
2032,20.32,1.0977470320751204,0.029381112669191634
2033,20.330000000000002,1.0944155246403466,0.044149140723359875
2034,20.34,1.1179546808847483,0.0450453733902593
2035,20.35,0.9686703368024963,0.050693633949951244
2036,20.36,1.2586313248212715,0.042586951941583254
2037,20.37,1.097160028073413,0.034239759526335393
2038,20.38,1.0564772386335537,0.03061604009224881
2039,20.39,1.071384907283289,0.024995294369600164
2040,20.400000000000002,1.0344189198961298,0.04370626413212281
2041,20.41,1.1216742950075023,0.04646355459363369
2042,20.42,0.9481581170169671,0.001017696608636376
2043,20.43,1.038758965779786,0.0008217199038405495
2044,20.44,1.0506108229832187,0.01517392866307619
2045,20.45,0.9137796115571819,0.015090309606081258
2046,20.46,0.9345599062858001,0.023810729430610543
2047,20.47,0.9727928836839521,0.020542130306451044
2048,20.48,1.0768324358786312,0.008049880937063573
2049,20.490000000000002,1.1791556317226093,0.03360190901601735
2050,20.5,1.0710714139922064,0.013723842786217931
2051,20.51,1.040393223925108,0.01097016750034474
2052,20.52,1.0805791163558618,0.015121458338400114
2053,20.53,1.0891937730149892,-0.0022850687491872777
2054,20.54,0.9942240911244757,0.027069558617524928
2055,20.55,0.8882127815925132,0.017674163133108368
2056,20.56,1.0936464884310804,-0.010537874985383847
2057,20.57,1.0063300138989073,-0.005632651175117732
2058,20.580000000000002,1.003005706934311,-0.006125273368246529
2059,20.59,0.9605803938078801,0.015981222172408056
2060,20.6,0.8690625026039676,0.009567785260679843
2061,20.61,1.0746323124135189,0.01211736693627985
2062,20.62,1.1062583881083483,0.012542926065299458
2063,20.63,0.9898952507799343,0.01771649796962429
2064,20.64,0.8858505018061018,-0.00672346510867044
2065,20.650000000000002,0.9178322129719759,0.0042281225803642766
2066,20.66,0.8085478289072019,-0.00965631669004258
2067,20.67,1.039125783712275,-0.02004448317246689
2068,20.68,0.9422879087266398,-0.00596927204582714
2069,20.69,0.997795072089665,-0.02330550448138445
2070,20.7,1.020336512288192,-1.312170134722384e-05
2071,20.71,1.1074270016958467,-0.003964223161692562
2072,20.72,1.0688572772913385,-0.020937232549365317
2073,20.73,0.995758670834746,-0.013050434084636882
2074,20.740000000000002,1.0455966347169579,-0.002016736569290795
2075,20.75,0.8690847916334768,-0.010416743998009566
2076,20.76,1.035799965007336,0.015116227153375676
2077,20.77,0.939838953137508,-0.01849194699799673
2078,20.78,1.0504513510167226,-0.008689872969312073
2079,20.79,1.0575588091509207,-0.015546988234508152
2080,20.8,1.0769705007257295,-0.03553826674558987
2081,20.81,0.971274584558344,-0.02912610851592983
2082,20.82,1.109830424127819,-0.028973471893153892
2083,20.830000000000002,1.0047881264112195,-0.012851585364437656
2084,20.84,0.9025078259778111,-0.011884692705579044
2085,20.85,1.0031861916821372,-0.01501197919687623
2086,20.86,0.892125317091549,-0.03599051939704336
2087,20.87,1.0348030976645,-0.0066681272016922075
2088,20.88,0.9395797196402739,-0.025349128230124366
2089,20.89,0.8857372619491131,-0.015145337845450631
2090,20.900000000000002,0.9623009406247395,-0.018073864039693292
2091,20.91,0.936620422975366,-0.009486823882263004
2092,20.92,1.1849327517303412,-0.024886719983397518
2093,20.93,0.9219635953551749,-0.023018276762455322
2094,20.94,1.0359293593733145,-0.0632013324097895
2095,20.95,0.8299104075393966,-0.04012553089539016
2096,20.96,1.0320904345854809,-0.04965851548460236
2097,20.97,0.8668801775987685,-0.027154561599554518
2098,20.98,1.0416563260078537,-0.02318037134624001
2099,20.990000000000002,1.01894627831651,-0.034835414777748985
2100,21.0,0.9267266793904396,-0.036009769353482685
2101,21.01,0.8813409789447533,-0.03473790401691358
2102,21.02,0.926086651289426,-0.047452414184337266
2103,21.03,0.9058607296029586,-0.03676221599158602
2104,21.04,1.0329762297315617,-0.03473655762486744
2105,21.05,0.9750593783386587,-0.03683072140614717
2106,21.06,0.9531286682422841,-0.05119812570394909
2107,21.07,1.1167421452419102,-0.04034615994468644
2108,21.080000000000002,0.9088434076273294,-0.024805552249038163
2109,21.09,1.0304979230289466,-0.051019101235572864
2110,21.1,0.8881640240107833,-0.057103612106990324
2111,21.11,0.9829851181942,-0.044157210602452895
2112,21.12,0.9671312492968575,-0.037871668636159726
2113,21.13,1.0591330062559978,-0.06373349280837409
2114,21.14,1.0192575963155242,-0.05828327675549192
2115,21.150000000000002,0.835939626840429,-0.05334577534261176
2116,21.16,0.9118548730040874,-0.04929009218984216
2117,21.17,0.9787517574579165,-0.0422307777858129
2118,21.18,0.9597716180236393,-0.08398346642162516
2119,21.19,0.9577519876769806,-0.06022908272802582
2120,21.2,1.1645186077382959,-0.055318385095946575
2121,21.21,0.9269516174362987,-0.054815609451233684
2122,21.22,0.8040615104482464,-0.05366729565029381
2123,21.23,0.7673136835069927,-0.06374813542360636
2124,21.240000000000002,0.8279880029604271,-0.049376892681723954
2125,21.25,0.97949022281523,-0.04866276782064004
2126,21.26,0.8702998965932642,-0.051736534363019296
2127,21.27,0.9347922493715887,-0.0571449010927669
2128,21.28,0.993485891023805,-0.042419068424528486
2129,21.29,0.8084968695942756,-0.0784660793741528
2130,21.3,1.057442993828673,-0.057032422472935856
2131,21.31,0.9480487027980027,-0.08488717596398015
2132,21.32,0.9656422167143576,-0.07874684853125459
2133,21.330000000000002,0.895787476268738,-0.05823647965049421
2134,21.34,0.8972744326832157,-0.0715053899874638
2135,21.35,0.942085640613554,-0.08559381256448513
2136,21.36,0.9259047727063806,-0.07080711259393882
2137,21.37,0.9267105319601178,-0.07950670370345142
2138,21.38,0.8523814910351877,-0.08360261147554973
2139,21.39,0.9692106274553214,-0.07501509840404695
2140,21.400000000000002,0.852047817508205,-0.09635955424697668
2141,21.41,0.7818030122560039,-0.06405779241267094
2142,21.42,0.9678569380058215,-0.08789550694125146
2143,21.43,0.8984292239246061,-0.0738369258913323
2144,21.44,0.8717486979693827,-0.08491724879789284
2145,21.45,0.8489734304469734,-0.08365438323034216
2146,21.46,0.8630063119870063,-0.06631396396302533
2147,21.47,0.8328484451464907,-0.08730983065934848
2148,21.48,0.8067118742893553,-0.06540923257770058
2149,21.490000000000002,0.9217562702414959,-0.08447912065709173
2150,21.5,0.7465264688831631,-0.09968076966635488
2151,21.51,0.8184791225499426,-0.08798852519473764
2152,21.52,0.9985942168777249,-0.07786448643643605
2153,21.53,1.012929809911737,-0.09319853233173304
2154,21.54,0.9954178294294389,-0.0952043478544631
2155,21.55,0.9231643035274429,-0.10189498292840177
2156,21.56,0.6560975962184369,-0.07807951738223029
2157,21.57,1.085578352664341,-0.07827475095258166
2158,21.580000000000002,0.6335729533358743,-0.05761612647345998
2159,21.59,0.9616136984715603,-0.08228431689487604
2160,21.6,0.8462215537443079,-0.0936380374848847
2161,21.61,0.8618302372733023,-0.1035478450493842
2162,21.62,0.8782150697702118,-0.07982143768260065
2163,21.63,0.8706099419239626,-0.0899972542565995
2164,21.64,0.8639150397953522,-0.08573994431557622
2165,21.650000000000002,0.8049810972333235,-0.09433045614276633
2166,21.66,0.8224039171799413,-0.10631599169339095
2167,21.67,0.8502164198454689,-0.09960725613513087
2168,21.68,0.8146625277877699,-0.09388391929841948
2169,21.69,0.7289688531206678,-0.09964342732187488
2170,21.7,0.844383761969323,-0.09645848441427832
2171,21.71,0.9362475696525193,-0.10689387194218078
2172,21.72,0.9667666159744868,-0.12148239738991795
2173,21.73,0.7289896123494553,-0.12035818978099513
2174,21.740000000000002,1.0606253403103547,-0.11174976253508373
2175,21.75,0.7602166523325254,-0.11290465709342305
2176,21.76,0.8719885432637859,-0.10558374831104791
2177,21.77,0.5692817611198102,-0.08450219976531638
2178,21.78,0.8342702146720984,-0.12415567385228415
2179,21.79,0.860614175938389,-0.13888774095961415
2180,21.8,0.7399261988823307,-0.09483387459833488
2181,21.81,0.8149263150016217,-0.12187498986368185
2182,21.82,0.8201043493796892,-0.1390005027803379
2183,21.830000000000002,0.9236803097329334,-0.13416097137076424
2184,21.84,0.8261839022620231,-0.09801956048833167
2185,21.85,0.9464098492719566,-0.12172199047547105
2186,21.86,0.8862749066647622,-0.11258232402590013
2187,21.87,0.818660695192094,-0.08941022632016098
2188,21.88,0.8062012753148363,-0.12058344173164642
2189,21.89,0.7741179527802088,-0.09827474044970759
2190,21.900000000000002,0.829842755232868,-0.100774750415005
2191,21.91,0.7908524280151537,-0.1120616128548667
2192,21.92,0.8490962527186836,-0.12778714467539715
2193,21.93,0.7257857662872634,-0.11275137074412277
2194,21.94,0.7250545832201363,-0.11484553752303261
2195,21.95,0.9542976518320292,-0.12791449318284984
2196,21.96,0.8182660011841407,-0.11348343660165074
2197,21.97,0.7738343792886061,-0.11620700955883972
2198,21.98,0.8116513614501153,-0.1008803618629507
2199,21.990000000000002,0.8247845275876542,-0.12943906587986811
2200,22.0,0.8267875228690232,-0.11680379492349194
2201,22.01,0.713587859797176,-0.1350197018904536
2202,22.02,0.622639625030708,-0.13242171801845468
2203,22.03,0.6734103636789867,-0.12284869035831655
2204,22.04,0.6395627506652515,-0.11248068234357289
2205,22.05,0.7158965477461845,-0.12696756899076792
2206,22.06,0.780181297933825,-0.10957010014357713
2207,22.07,0.761092233539807,-0.11287845484820203
2208,22.080000000000002,0.7914789777501529,-0.11763164081848342
2209,22.09,0.7458715587209163,-0.14656447574291243
2210,22.1,0.7568962006409029,-0.15002814164420644
2211,22.11,0.7178807596621253,-0.13920669366486962
2212,22.12,0.8006257200356188,-0.13729925127296283
2213,22.13,0.7516786419986827,-0.14677882866206876
2214,22.14,0.8320011135954929,-0.13252807291559401
2215,22.150000000000002,0.7772998969601514,-0.12622730999557635
2216,22.16,0.8021875331613793,-0.1251273658343017
2217,22.17,0.650950912143445,-0.1479923738067224
2218,22.18,0.8011435391661132,-0.13046110350510864
2219,22.19,0.6160143319935383,-0.14916713450174846
2220,22.2,0.7473010393775786,-0.16458707488711136
2221,22.21,0.764324560534449,-0.1344927407713921
2222,22.22,0.7357628165480348,-0.13872887588070182
2223,22.23,0.7140631504233357,-0.14636943959963092
2224,22.240000000000002,0.587339676314089,-0.13369605035877644
2225,22.25,0.7464187106043799,-0.14107496281885487
2226,22.26,0.7065084836002076,-0.1703147816936183
2227,22.27,0.7265485858776436,-0.14192584895799534
2228,22.28,0.7129632529714537,-0.1332215606817439
2229,22.29,0.7439745397716956,-0.1654427183054356
2230,22.3,0.7931396453533416,-0.1586135027194613
2231,22.31,0.669332517157259,-0.14118368213343327
2232,22.32,0.6741587400966997,-0.1624102074945165
2233,22.330000000000002,0.5445776318799148,-0.1356211744659911
2234,22.34,0.7547738334546421,-0.16056960677462473
2235,22.35,0.7388024584093703,-0.15520938619695368
2236,22.36,0.6573977938052102,-0.16174040329552175
2237,22.37,0.7750709519871122,-0.13531750855981908
2238,22.38,0.6400495034221151,-0.1545267906546979
2239,22.39,0.694403390138118,-0.16048960475641152
2240,22.400000000000002,0.718835719040565,-0.13885616196175893
2241,22.41,0.5876290774447692,-0.1543008918444631
2242,22.42,0.7638932843173646,-0.15316152453977666
2243,22.43,0.7185397026292645,-0.16678093306589917
2244,22.44,0.6605567787852648,-0.14454864462147787
2245,22.45,0.6515445050501314,-0.14011633387977934
2246,22.46,0.6917259314382607,-0.14667383581212262
2247,22.47,0.7385820615927285,-0.15624122817170083
2248,22.48,0.5924924455771331,-0.1738089677672654
2249,22.490000000000002,0.5841886628705951,-0.16283592094564175
2250,22.5,0.6942245876873381,-0.1466188401410181
2251,22.51,0.8062736863493495,-0.13262231508082398
2252,22.52,0.6775973861654919,-0.14310582727699966
2253,22.53,0.6284830198062888,-0.14457974230392884
2254,22.54,0.6859277314266254,-0.1772407915236399
2255,22.55,0.7065479347408508,-0.17705612904096812
2256,22.56,0.5560401821045529,-0.15705181300323381
2257,22.57,0.6365093945997676,-0.16453543379263028
2258,22.580000000000002,0.5398366703827161,-0.1777826834311375
2259,22.59,0.595441839794409,-0.1681434557531824
2260,22.6,0.4144334828529902,-0.15610189858251178
2261,22.61,0.6414580813897592,-0.18477677679074322
2262,22.62,0.6607625544423251,-0.17064143430417372
2263,22.63,0.6016081766917802,-0.1579587492097925
2264,22.64,0.6647268577713132,-0.16662091762856301
2265,22.650000000000002,0.45539787628102424,-0.18457355932957703
2266,22.66,0.5062317856336214,-0.18463775066768232
2267,22.67,0.5504335473710643,-0.161528535354307
2268,22.68,0.47154598972002953,-0.1755272508433903
2269,22.69,0.592644572452743,-0.1711796708362143
2270,22.7,0.5117744575120624,-0.1716642561083131
2271,22.71,0.5589948501389376,-0.1819463613165419
2272,22.72,0.5092616133386738,-0.16445705312643213
2273,22.73,0.49823867194352167,-0.16925194555757414
2274,22.740000000000002,0.5801585740043458,-0.17910988736495387
2275,22.75,0.5561135243399139,-0.15619474530175217
2276,22.76,0.4326189744382827,-0.16583422568350184
2277,22.77,0.40680979255654726,-0.16192066158988003
2278,22.78,0.3735613344705072,-0.16585646182457542
2279,22.79,0.6884816672885675,-0.17680591263023288
2280,22.8,0.49345354803281133,-0.15523934392411046
2281,22.81,0.5575011141305536,-0.1999779916319672
2282,22.82,0.40052541857197477,-0.17667095911001263
2283,22.830000000000002,0.5933668779045463,-0.17101161101253115
2284,22.84,0.6455485775327623,-0.186091229466273
2285,22.85,0.548132595147641,-0.16102521859086075
2286,22.86,0.49161581662544435,-0.17781796280110787
2287,22.87,0.4541603048903412,-0.195745052739226
2288,22.88,0.406414450370507,-0.16535276336264831
2289,22.89,0.4161157103322702,-0.17413991085894984
2290,22.900000000000002,0.5895471992630319,-0.18955591641310468
2291,22.91,0.4418261637175961,-0.17200817194972032
2292,22.92,0.5535050620725477,-0.18015377029389235
2293,22.93,0.4327946144357609,-0.19415504951587742
2294,22.94,0.5209187815276612,-0.17402783794419235
2295,22.95,0.45084078311048964,-0.18974669672495048
2296,22.96,0.43195014313915625,-0.18292004928136246
2297,22.97,0.2654175612430532,-0.18665484782575856
2298,22.98,0.44861761412310797,-0.17593672028969168
2299,22.990000000000002,0.33578272813572135,-0.1958873046518717
2300,23.0,0.40180760191897386,-0.22001572904606498
2301,23.01,0.3235822363719683,-0.1948062081589577
2302,23.02,0.2501445744118632,-0.17555761428503985
2303,23.03,0.3615147608928343,-0.18036619157864534
2304,23.04,0.3375000985217221,-0.18723708615306134
2305,23.05,0.3488630682420722,-0.2065412907097384
2306,23.06,0.3194298329835506,-0.16183363886108323
2307,23.07,0.3666733869761458,-0.18939280690394322
2308,23.080000000000002,0.37541020145989734,-0.20808838019836545
2309,23.09,0.362879476197429,-0.19565277217392932
2310,23.1,0.24877739490844158,-0.1946204750499044
2311,23.11,0.2639483302259601,-0.1807046794455727
2312,23.12,0.27892093603469126,-0.19847210184518677
2313,23.13,0.18444134348659685,-0.2007800900751518
2314,23.14,0.1771823535170603,-0.20467217765648632
2315,23.150000000000002,0.3242213652528704,-0.19957241852033666
2316,23.16,0.1590129780764369,-0.19648400942753572
2317,23.17,0.053508843578840865,-0.19745203529450342
2318,23.18,0.16242028695967187,-0.1837434693169951
2319,23.19,0.22468008129790837,-0.19570379884967132
2320,23.2,-0.009320498134369581,-0.2118052101527342
2321,23.21,0.05234702299592259,-0.18564608368475807
2322,23.22,0.188087461258219,-0.1968670428883845
2323,23.23,0.010725307747466356,-0.17552339930497496
2324,23.240000000000002,0.10495397135105482,-0.19685658879660714
2325,23.25,0.06839601225734485,-0.21767208024974552
2326,23.26,-0.04484101343508369,-0.1986259865425372
2327,23.27,0.07066787997999696,-0.19203406153981004
2328,23.28,0.008571592588803766,-0.19110028767058673
2329,23.29,0.05420152220195438,-0.16153805071788602
2330,23.3,-0.02051361973349526,-0.18921423772202464
2331,23.31,-0.05648050129749121,-0.19709237057889606
2332,23.32,0.024817952687215587,-0.18099912784363698
2333,23.330000000000002,-0.06629443334312846,-0.19171808046821628
2334,23.34,-0.10511940419718196,-0.19057182167768422
2335,23.35,-0.1312693894808954,-0.22681631314361247
2336,23.36,-0.046131689155760464,-0.19499178056647407
2337,23.37,-0.15952739402544225,-0.20798809174303706
2338,23.38,-0.11689804180975567,-0.16743692585038752
2339,23.39,-0.12555499252628682,-0.18584542495980977
2340,23.400000000000002,-0.11747807343071122,-0.19252033401701796
2341,23.41,-0.2293122345177373,-0.19275200282516317
2342,23.42,-0.27023777757055256,-0.18945850130675115
2343,23.43,-0.21533678409972126,-0.19883710339766478
2344,23.44,-0.35173691958220277,-0.1879007393595796
2345,23.45,-0.47431801093567416,-0.17914937284452537
2346,23.46,-0.31313863154861843,-0.17054042436769862
2347,23.47,-0.37931598213564977,-0.19795141213821207
2348,23.48,-0.45100549198933926,-0.18271662003674033
2349,23.490000000000002,-0.40720652089010706,-0.19714805218335518
2350,23.5,-0.5969389844705066,-0.17429642017817323
2351,23.51,-0.5620372040981588,-0.18839227161077476
2352,23.52,-0.5756872929071727,-0.18394098620988017
2353,23.53,-0.49889530990919045,-0.18963559772225097
2354,23.54,-0.61950480952304,-0.2040348778056179
2355,23.55,-0.5210571936208097,-0.18865479571336913
2356,23.56,-0.6916824758013181,-0.1936014946610571
2357,23.57,-0.8160611447059377,-0.20989827272521838
2358,23.580000000000002,-0.6228774069079573,-0.1844898632603973
2359,23.59,-0.7951287271222067,-0.22322608512789688
2360,23.6,-0.8853327405246352,-0.1764929246835327
2361,23.61,-0.6758764484760715,-0.18391777540577176
2362,23.62,-0.8188196445074882,-0.17882970906590706
2363,23.63,-0.820812278635041,-0.171150874462157
2364,23.64,-0.9107252946875934,-0.18455346285106855
2365,23.650000000000002,-0.8133145816055638,-0.18531814718693201
2366,23.66,-1.1273359044649167,-0.18504446203798333
2367,23.67,-0.9620959939703595,-0.1761071040790419
2368,23.68,-1.0763915675125648,-0.1709090128781308
2369,23.69,-1.0177112323244728,-0.17144527489847294
2370,23.7,-0.9807253590565235,-0.2000099904713533
2371,23.71,-1.0252526892054055,-0.2001897297056602
2372,23.72,-1.0339919865035436,-0.1587209080903793
2373,23.73,-1.0481001977623692,-0.17320976564004378
2374,23.740000000000002,-1.1049142683625073,-0.172887633866804
2375,23.75,-1.1404183187845505,-0.1823897711919374
2376,23.76,-1.0336881486248752,-0.18318168197688964
2377,23.77,-1.091706558296568,-0.15184900550979694
2378,23.78,-0.9074563601718991,-0.16420691710037927
2379,23.79,-1.0906819307713247,-0.18713222906464808
2380,23.8,-1.0751676500253602,-0.14774800252325657
2381,23.81,-1.282577937554576,-0.14564555316931962
2382,23.82,-1.2392841541292867,-0.163504606758827
2383,23.830000000000002,-1.158572302074807,-0.17475870639816724
2384,23.84,-1.3140788098921676,-0.16373126247766742
2385,23.85,-1.1705117051003584,-0.12218869969878346
2386,23.86,-1.180154430469458,-0.15843022348390828
2387,23.87,-1.1002115049683063,-0.1702197748174371
2388,23.88,-1.0210714336222662,-0.14626329688533218
2389,23.89,-1.021886086953853,-0.17512849408229583
2390,23.900000000000002,-1.289885313732384,-0.14994799048784835
2391,23.91,-0.9966921316310857,-0.15574920335203854
2392,23.92,-1.061738262025683,-0.13291777788923267
2393,23.93,-1.1319112763105141,-0.13502841001062488
2394,23.94,-1.2695603063031902,-0.14708173409905564
2395,23.95,-1.147136777396778,-0.12797033443348418
2396,23.96,-1.2233215667396278,-0.1466556848226576
2397,23.97,-1.2636243289600537,-0.13361934524937674
2398,23.98,-1.1743231533832077,-0.14117222853950717
2399,23.990000000000002,-1.1340336325726554,-0.13026599453202597
2400,24.0,-1.2004594983139736,-0.14574762916343484
2401,24.01,-1.1135397472981552,-0.11792350102579843
2402,24.02,-1.2248925571564764,-0.11948675291538267
2403,24.03,-1.040950645163774,-0.13331737349893544
2404,24.04,-1.2855962456007735,-0.12921041711664868
2405,24.05,-1.126649258577726,-0.14509748831732122
2406,24.060000000000002,-1.2743100291611156,-0.1482866405816681
2407,24.07,-1.2064743030149008,-0.11572892872553589
2408,24.080000000000002,-1.2756523836295701,-0.11365236629608032
2409,24.09,-1.1962200981301672,-0.13444110481431137
2410,24.1,-1.0945070420148806,-0.1419314838886168
2411,24.11,-1.2511298079530613,-0.11960746377904129
2412,24.12,-1.2773941794979604,-0.13226628745695534
2413,24.13,-1.1921742560303554,-0.12822123732297178
2414,24.14,-0.9191719597033102,-0.11615333832959664
2415,24.150000000000002,-1.1768093805755926,-0.11133046386335228
2416,24.16,-1.2009834627788059,-0.13467791912283766
2417,24.17,-1.093855190611755,-0.10524148595102745
2418,24.18,-1.0865910898986573,-0.10921756934097859
2419,24.19,-1.0642466701463296,-0.10730891491204192
2420,24.2,-1.4203517866791908,-0.13222581715209755
2421,24.21,-1.3219080497600468,-0.10592767508352885
2422,24.22,-1.0881195713397804,-0.11130736400336937
2423,24.23,-1.076078559070212,-0.10036020498651141
2424,24.240000000000002,-1.1204386239215958,-0.10323600805175287
2425,24.25,-1.077428384972847,-0.10497215686071161
2426,24.26,-1.2177859051704936,-0.10510486502761829
2427,24.27,-1.1718430601476573,-0.1215530541700576
2428,24.28,-1.0226352071449465,-0.10863152103840566
2429,24.29,-1.2974250585186646,-0.1148625474425725
2430,24.3,-1.3119398849844008,-0.1171263067839203
2431,24.310000000000002,-1.214423081213856,-0.12307961596841528
2432,24.32,-0.9277779026457798,-0.10764455190398417
2433,24.330000000000002,-1.2755850313540344,-0.12487887684606665
2434,24.34,-0.962759820204861,-0.10165653797278117
2435,24.35,-1.0425990984056863,-0.08673611683871615
2436,24.36,-0.9809384950156208,-0.08466653316210901
2437,24.37,-1.397328149577168,-0.09783957164734025
2438,24.38,-1.1717825688843488,-0.09635117614181561
2439,24.39,-1.060712533670817,-0.10250475077240666
2440,24.400000000000002,-1.0358442662525993,-0.08183465986210611
2441,24.41,-1.2410937680865348,-0.08213481223991599
2442,24.42,-1.1104373678302975,-0.08856599696869724
2443,24.43,-1.130698065863034,-0.0738221481588121
2444,24.44,-1.0247408204879251,-0.11733513732882715
2445,24.45,-1.0458366006548896,-0.09325312836470387
2446,24.46,-1.2368821893913606,-0.07425453366617883
2447,24.47,-1.2692208377705683,-0.10468872040666362
2448,24.48,-1.213480267390934,-0.06185496094917381
2449,24.490000000000002,-1.0241819924083964,-0.09785724887243323
2450,24.5,-1.151961889643491,-0.097961563200166
2451,24.51,-1.1085672196330412,-0.0961592163580015
2452,24.52,-1.1666928503935192,-0.06712882727531388
2453,24.53,-1.1134319367576446,-0.08488378978580594
2454,24.54,-1.0030463805614744,-0.0810233148802893
2455,24.55,-1.158089332477916,-0.058764577110710065
2456,24.560000000000002,-0.9780770650630449,-0.08876589197527567
2457,24.57,-1.2709268063389545,-0.07064811640983566
2458,24.580000000000002,-1.2072070098228378,-0.08395659340630028
2459,24.59,-0.9972130730038902,-0.08653463671484765
2460,24.6,-1.0985393827786958,-0.06814893212206166
2461,24.61,-1.0726939397158235,-0.08293839109811998
2462,24.62,-1.1670245656252654,-0.05902804544800584
2463,24.63,-1.0852993100419224,-0.06871559075775412
2464,24.64,-1.1107962345584197,-0.08847817446290322
2465,24.650000000000002,-1.3501855386788497,-0.055435063449106876
2466,24.66,-1.0940854214550824,-0.07677493354269384
2467,24.67,-1.1178368162008323,-0.04141651599040071
2468,24.68,-1.1709613478919856,-0.057903815173037027
2469,24.69,-0.9664619671421139,-0.06600372234463174
2470,24.7,-1.106580787326307,-0.056291910251799256
2471,24.71,-1.1288012094303195,-0.06395726690481389
2472,24.72,-1.0049914746924085,-0.05253724921657001
2473,24.73,-1.014100007368319,-0.06679124502690122
2474,24.740000000000002,-0.968463496697808,-0.05173415506504866
2475,24.75,-1.062493811202893,-0.05912594097810658
2476,24.76,-1.012285773086502,-0.05094594587057553
2477,24.77,-0.9302150313481318,-0.06895987793046625
2478,24.78,-1.0945576534706019,-0.05751990753949288
2479,24.79,-0.9076480732547265,-0.053077862849584864
2480,24.8,-1.0770042627639298,-0.04504382981963366
2481,24.810000000000002,-1.1676311724531234,-0.06341497443233236
2482,24.82,-1.1374571017940005,-0.0379546528725358
2483,24.830000000000002,-1.074531398592517,-0.04078478950568749
2484,24.84,-1.043720227722698,-0.035969270868070564
2485,24.85,-1.0937952877199504,-0.026834663802140907
2486,24.86,-1.1050562476418966,-0.03490956542919009
2487,24.87,-1.0910918697360605,-0.03189194126538378
2488,24.88,-1.081825049550104,-0.042473755258871856
2489,24.89,-1.1318681819791607,-0.043205738815159093
2490,24.900000000000002,-1.0656669250778175,-0.03278126265317982
2491,24.91,-1.1113359153468882,-0.038068880405474306
2492,24.92,-1.2142604651196667,-0.05370664953341532
2493,24.93,-0.9726929050653972,-0.02586410959847072
2494,24.94,-1.2484352570190442,-0.024901568118621466
2495,24.95,-0.983947541886648,-0.042578819205752225
2496,24.96,-0.9632531084751245,-0.017343402790241644
2497,24.97,-1.0134522113742364,-0.022660489981861223
2498,24.98,-1.140008599561418,-0.043804135032300705
2499,24.990000000000002,-1.1441588822139157,-0.040004128491396874
2500,25.0,-1.0442468431537915,-0.04854236479068605
2501,25.01,-1.180160331220999,0.003145844878726347
2502,25.02,-0.7486536813417518,-0.0384428488086529
2503,25.03,-1.0610147709773645,-0.012825173389306777
2504,25.04,-0.9863365518074054,-0.03238597653870737
2505,25.05,-1.0065185457983639,-0.014121002272629529
2506,25.060000000000002,-0.9390744152729054,-0.02152281236963283
2507,25.07,-1.0784368449328905,-0.009811407631253004
2508,25.080000000000002,-1.1224289773802947,-0.017294808307966036
2509,25.09,-1.0945384188175888,-0.03324493752882274
2510,25.1,-1.1085209291737665,-0.0181334011193929
2511,25.11,-1.074431213677838,-0.034802188312285896
2512,25.12,-0.8380922592527689,-0.019612555112325708
2513,25.13,-1.0975186136008368,0.0024623675140292046
2514,25.14,-1.0774574998822941,-0.013633658146623344
2515,25.150000000000002,-1.0784561640039425,-0.010624743832121678
2516,25.16,-1.0198773493667608,-0.0040978568162600825
2517,25.17,-1.1963921079198767,0.004906496892542991
2518,25.18,-0.8330820398619453,-0.01757426593103679
2519,25.19,-1.0236709744307366,-0.03758276057573455
2520,25.2,-1.0973672435535406,-0.0034664496487178406
2521,25.21,-1.020762848350407,-0.010611400388773253
2522,25.22,-1.259470381400352,-0.009286811696667804
2523,25.23,-0.9545983725347122,-0.001457245171905049
2524,25.240000000000002,-1.059676544423214,-0.009888080028614871
2525,25.25,-1.0299180035950894,-0.006489135447467369
2526,25.26,-1.1015573739039146,-0.00878865013441697
2527,25.27,-1.0055726573234929,-0.007841422415165184
2528,25.28,-1.0604747166679112,0.01268135645913998
2529,25.29,-0.9167725936498079,0.012993362927584504
2530,25.3,-1.002800167906031,0.014845388922661283
2531,25.310000000000002,-0.8481432756123022,0.005119408585109167
2532,25.32,-1.0989299670150645,-0.011744733228206107
2533,25.330000000000002,-1.0991722908232902,-0.00042358924330025
2534,25.34,-0.9790693975960231,0.009907668057363948
2535,25.35,-1.1144615941774536,-0.005200602729426228
2536,25.36,-0.9999773652307768,0.0020519887167476693
2537,25.37,-1.0204176208067572,0.01680789083036806
2538,25.38,-1.1587802308976534,0.020522414712957467
2539,25.39,-0.9385768762595526,0.006683892590701997
2540,25.400000000000002,-1.0653797904636835,-0.0133647421470547
2541,25.41,-1.1276681744885064,0.001006276616775107
2542,25.42,-0.9748013343356147,0.013776574207029178
2543,25.43,-1.0966847386817151,0.030182922457602884
2544,25.44,-0.8242949493233601,-0.012696945156522418
2545,25.45,-0.8941215288400854,0.0069666020526417596
2546,25.46,-1.1463323135535786,0.039823879543898676
2547,25.47,-0.8707581496549615,0.024276969950767814
2548,25.48,-0.9634518702290759,-0.0030330777712183933
2549,25.490000000000002,-1.2064932628935672,0.02245462942894416
2550,25.5,-0.9293437723800325,0.01810246768009727
2551,25.51,-1.1236229797854325,0.01662565390569476
2552,25.52,-1.0742741221994476,0.02388203348513277
2553,25.53,-0.8337592142955004,-0.006940857410825799
2554,25.54,-0.9650848677659963,0.017020635008438225
2555,25.55,-1.0121206208447426,0.03452112519927911
2556,25.560000000000002,-1.0692927096107137,0.015363004501184638
2557,25.57,-0.9768438847467434,0.0295578982779122
2558,25.580000000000002,-0.8420529185850538,0.047633618474724373
2559,25.59,-0.9311676250198776,0.029083675050961478
2560,25.6,-0.942195856728198,0.03968047786495675
2561,25.61,-1.0080261656154466,0.030358536910409878
2562,25.62,-0.9765139886619283,0.033180180581097396
2563,25.63,-0.8946248628777748,0.028216283042898516
2564,25.64,-0.8721463792122728,0.018871924933091713
2565,25.650000000000002,-1.0637877965813072,0.03183599006081046
2566,25.66,-0.9745675950379067,0.03991187462843987
2567,25.67,-0.7622373423651779,0.00883970829017269
2568,25.68,-0.9687149134059931,0.027110385731222507
2569,25.69,-0.8390977956014485,0.014160253515243713
2570,25.7,-0.9709347368593895,0.05429997345104044
2571,25.71,-0.9121478521326197,0.0374998849964242
2572,25.72,-0.9907703423217157,0.04179701065843605
2573,25.73,-0.8086961477525811,0.0321888554448336
2574,25.740000000000002,-0.9942249143499233,0.06536379847307916
2575,25.75,-0.962235178751999,0.037472194519587165
2576,25.76,-0.9745017707704118,0.07011177603731746
2577,25.77,-1.0922618550377359,0.05356233999819707
2578,25.78,-0.9347779201621043,0.05554953759322653
2579,25.79,-0.912189317336383,0.05825760557878406
2580,25.8,-0.7389586046466592,0.04447766747583483
2581,25.810000000000002,-0.7967983062556356,0.06412830407957258
2582,25.82,-0.7434464164201383,0.0329209669607436
2583,25.830000000000002,-0.9892638211720974,0.03725404591386658
2584,25.84,-0.9360321438633544,0.052720422615450874
2585,25.85,-0.9341761538143486,0.07522919747037299
2586,25.86,-1.0994656994956706,0.0751359898866862
2587,25.87,-0.8692735220114107,0.042555493017223216
2588,25.88,-0.975401985111059,0.05965727763056966
2589,25.89,-1.0687240867486958,0.04570115314578101
2590,25.900000000000002,-0.8702238074162439,0.046977673031867694
2591,25.91,-1.0074780655172035,0.07149952436234247
2592,25.92,-0.8958131858761844,0.049349036894593835
2593,25.93,-0.979826042769065,0.08347398151604385
2594,25.94,-0.824774703734271,0.06124056099230579
2595,25.95,-1.0522348638724583,0.060175282002266586
2596,25.96,-0.7933596958537045,0.0721483920608149
2597,25.97,-0.805594406443134,0.09409869276813645
2598,25.98,-0.8400712036365963,0.06488067401947145
2599,25.990000000000002,-0.8598406208445352,0.0709620094088647
2600,26.0,-0.8445680009548027,0.05691263963357466
2601,26.01,-0.9256208093817219,0.07440901397112856
2602,26.02,-0.9027306574834798,0.06416984391348465
2603,26.03,-0.9362996776916409,0.07901321473287237
2604,26.04,-0.9782215452047524,0.06873527714340101
2605,26.05,-0.8564578063887159,0.07365204425754912
2606,26.060000000000002,-1.0909142195692223,0.08618551693247992
2607,26.07,-0.8806253076382196,0.0775445701247705
2608,26.080000000000002,-1.0366434593895606,0.10043214732910048
2609,26.09,-1.009825335814536,0.07392547758497985
2610,26.1,-0.9060315892578182,0.08729984841711709
2611,26.11,-1.0383567160885678,0.0787598429723139
2612,26.12,-0.8675859675553435,0.0961367979798914
2613,26.13,-0.9050763802090739,0.09707407641427312
2614,26.14,-0.9036178383643569,0.08908559827203169
2615,26.150000000000002,-0.9746066917943514,0.09878961980399395
2616,26.16,-0.9980263737707483,0.06764121967226179
2617,26.17,-0.8930978713459364,0.07953469031518777
2618,26.18,-0.7319693090913412,0.09055085204986293
2619,26.19,-0.9273055624512162,0.08407114275015803
2620,26.2,-0.8135664021781248,0.09531589193004916
2621,26.21,-0.8766014437885631,0.08030358744294963
2622,26.22,-0.8677402882757481,0.07114597163370667
2623,26.23,-0.9824088874691074,0.09834579638890759
2624,26.240000000000002,-0.9269451102475845,0.06054708502033056
2625,26.25,-0.9273046943143215,0.08849818423142801
2626,26.26,-0.9766044900964914,0.0871882464443083
2627,26.27,-0.8668516892125376,0.09071514203006044
2628,26.28,-0.8445755976132175,0.10127753624622562
2629,26.29,-0.676648560228839,0.09995035695285072
2630,26.3,-0.9050202399989293,0.1010630631456861
2631,26.310000000000002,-1.0163289932024335,0.09466792936441418
2632,26.32,-0.8682775021941965,0.09387567133744323
2633,26.330000000000002,-0.9349301974485252,0.09865363626833973
2634,26.34,-0.9715336446176924,0.10810658310373208
2635,26.35,-0.8769313329230911,0.13067749992696678
2636,26.36,-0.9182496499711573,0.11017698742317857
2637,26.37,-0.9245914204065361,0.08673842225840514
2638,26.38,-0.67123282067257,0.11851882622713289
2639,26.39,-0.9662828065428961,0.11448872467742748
2640,26.400000000000002,-0.8676715736197863,0.11785716078793887
2641,26.41,-0.8003482235055395,0.0874819308615136
2642,26.42,-0.7320622798133622,0.11063864377181293
2643,26.43,-0.684059330618162,0.10283262908900766
2644,26.44,-0.7337251001013192,0.10680184690034589
2645,26.45,-0.8116205118295324,0.11489241646021696
2646,26.46,-0.89114569732111,0.11522622132407147
2647,26.47,-0.813219736798453,0.12253466877996169
2648,26.48,-0.808122807747405,0.11533001623797592
2649,26.490000000000002,-0.7042100835200704,0.11123020842646957
2650,26.5,-0.8117570275300081,0.12097883498081924
2651,26.51,-0.7642142492564221,0.1125187549838211
2652,26.52,-0.7941569904776918,0.11148931997058824
2653,26.53,-0.9132545429207376,0.12244929259571313
2654,26.54,-0.9948884137840674,0.10079027753439739
2655,26.55,-0.8374026442255541,0.10422371651043251
2656,26.560000000000002,-0.776702192411407,0.12981778327165477
2657,26.57,-0.8011237888041404,0.11975008343733687
2658,26.580000000000002,-0.7368569396635762,0.12260322987392601
2659,26.59,-0.9522683830491144,0.11974834543646798
2660,26.6,-0.7705278119776355,0.11892252931444815
2661,26.61,-0.7760636623590167,0.14386032371414087
2662,26.62,-0.7180652681327278,0.11857795451898138
2663,26.63,-0.7159156538498506,0.11477836629282163
2664,26.64,-0.8416944361983465,0.12338909581344666
2665,26.650000000000002,-0.7810142180110405,0.128922460038201
2666,26.66,-0.6559215409691217,0.14807323257400942
2667,26.67,-0.7524052188640578,0.12981991638418963
2668,26.68,-0.9354132022041585,0.1469925141293345
2669,26.69,-0.7510292781734001,0.12718797160071937
2670,26.7,-0.7295736933966626,0.15005217845488086
2671,26.71,-0.9127745392443323,0.12814485988199137
2672,26.72,-0.9261665714094172,0.15146626945614286
2673,26.73,-0.8415707559633819,0.12400957513966689
2674,26.740000000000002,-0.7403093497074299,0.1500343370418111
2675,26.75,-1.079008358455648,0.12141318656689196
2676,26.76,-0.8529761403169194,0.12331275704792967
2677,26.77,-0.7524199566457714,0.12354582174620611
2678,26.78,-0.84685339199004,0.12293882705451649
2679,26.79,-0.7446743586981102,0.1362685155424586
2680,26.8,-0.768409459450317,0.1153344568315034
2681,26.810000000000002,-0.8253245411554554,0.1364677368625825
2682,26.82,-0.647838547382656,0.14130288831478305
2683,26.830000000000002,-0.8597642252076652,0.14530400478461308
2684,26.84,-0.7759594390446739,0.12016296973885096
2685,26.85,-0.8584195658431713,0.15136106168256178
2686,26.86,-0.7366520185128129,0.14395099685433657
2687,26.87,-0.755604676434422,0.1476445044644235
2688,26.88,-0.7853509266647956,0.12757987535402238
2689,26.89,-0.7077506468271794,0.16002415416815374
2690,26.900000000000002,-0.7974141574372984,0.1385237703170538
2691,26.91,-0.7607061334831215,0.14074188596906384
2692,26.92,-0.755695418144451,0.150691707852047
2693,26.93,-0.6679125936707244,0.14939905359344924
2694,26.94,-0.787657550966333,0.1385859868488443
2695,26.95,-0.6026504696265733,0.1448488844863814
2696,26.96,-0.8225397897229714,0.13455303126605872
2697,26.97,-0.5697251829991387,0.13926677657144818
2698,26.98,-0.7590822498622561,0.1321038526900197
2699,26.990000000000002,-0.7643179169404962,0.15954329853086532
2700,27.0,-0.628525649092053,0.1598765895104124
2701,27.01,-0.7391398282960016,0.14572640264335227
2702,27.02,-0.5286104933013523,0.16872785340738544
2703,27.03,-0.7239490078689859,0.1486789785792797
2704,27.04,-0.6719099292119718,0.12731058842406104
2705,27.05,-0.7644810550807158,0.1905426232100261
2706,27.060000000000002,-0.7534644609561092,0.1542208655579367
2707,27.07,-0.6152552675864661,0.1547630210734858
2708,27.080000000000002,-0.5912949394777912,0.14494030465780255
2709,27.09,-0.6738359397897856,0.15323313284371773
2710,27.1,-0.6398468133366347,0.15659597472133924
2711,27.11,-0.6230227045283157,0.15403391110186657
2712,27.12,-0.6484522506745898,0.16280699359082781
2713,27.13,-0.6995291290688277,0.1535197989859079
2714,27.14,-0.6255645794902006,0.1692631731561108
2715,27.150000000000002,-0.5321199428153668,0.14936341083286594
2716,27.16,-0.5664743068429674,0.17506434861728765
2717,27.17,-0.6357681431768951,0.16045009299357546
2718,27.18,-0.5561216707789529,0.17615212217019438
2719,27.19,-0.47900979752703343,0.18906738992511096
2720,27.2,-0.5577620582157866,0.14835560986396254
2721,27.21,-0.6866566893425687,0.1447257785663788
2722,27.22,-0.7936053667444755,0.15856701631036046
2723,27.23,-0.6117526532064971,0.17582079580017354
2724,27.240000000000002,-0.7826089955116103,0.15977992009622183
2725,27.25,-0.6182438170219214,0.17055508386848678
2726,27.26,-0.45395910332249123,0.1710331789923294
2727,27.27,-0.5847998161533623,0.1874977732924538
2728,27.28,-0.6505854807199861,0.1731450515449654
2729,27.29,-0.5472830787832141,0.1526414489794849
2730,27.3,-0.3937657395826824,0.15559701197633796
2731,27.310000000000002,-0.5592768957676,0.1683149037651294
2732,27.32,-0.45188899511082076,0.1803430953462184
2733,27.330000000000002,-0.6831372319196798,0.18598042548126095
2734,27.34,-0.6086514716883317,0.17610254117270144
2735,27.35,-0.5456363908439165,0.17683509526456065
2736,27.36,-0.661327263201394,0.1922902576861971
2737,27.37,-0.5192938087068766,0.17308151355667037
2738,27.38,-0.7119657912574312,0.18202950125462217
2739,27.39,-0.6155653310053273,0.17071947626295128
2740,27.400000000000002,-0.5900196299746641,0.1628870072196549
2741,27.41,-0.5380442642575098,0.17826114422872977
2742,27.42,-0.47443302613122307,0.17919377020649335
2743,27.43,-0.6545564743241279,0.1863855800218519
2744,27.44,-0.5892019303395025,0.1953364207821768
2745,27.45,-0.39783303398128633,0.18661233289609505
2746,27.46,-0.535779401086745,0.18247294899211552
2747,27.47,-0.48758180647256993,0.2122485094417516
2748,27.48,-0.5728294379104912,0.17818128104019032
2749,27.490000000000002,-0.5252718474934003,0.19227437612457407
2750,27.5,-0.576666285743264,0.18471604278386636
2751,27.51,-0.36677993465216835,0.19969065534859082
2752,27.52,-0.3703574298914047,0.19139049401772518
2753,27.53,-0.4353544900021741,0.18434661765476365
2754,27.54,-0.4545781005212349,0.17692191224645534
2755,27.55,-0.5669505406620426,0.17959467847241084
2756,27.560000000000002,-0.40977421873098685,0.178298414791243
2757,27.57,-0.3831283006667964,0.17011414253483975
2758,27.580000000000002,-0.35141476936913985,0.1783547059512252
2759,27.59,-0.2464468178092516,0.18902231521140367
2760,27.6,-0.3865709742242597,0.2063728647737253
2761,27.61,-0.372084953539447,0.19706018098588346
2762,27.62,-0.40615387759814114,0.18875049216625442
2763,27.63,-0.34248416920000635,0.15957604626831812
2764,27.64,-0.3443944644147831,0.19330257097221482
2765,27.650000000000002,-0.4229870935385944,0.19319602423354176
2766,27.66,-0.32137889265795616,0.19919905781872274
2767,27.67,-0.41641543482666327,0.19838069865109553
2768,27.68,-0.44339194263694454,0.19324182274763688
2769,27.69,-0.40096816429347404,0.19095412062625053
2770,27.7,-0.4893853101802718,0.19275472205881966
2771,27.71,-0.29115597984078573,0.19362686530904608
2772,27.72,-0.38767777723191593,0.18515252172769656
2773,27.73,-0.35676251522503905,0.1997170866030762
2774,27.740000000000002,-0.28161505523699387,0.18632849743385402
2775,27.75,-0.3594070105132818,0.18317053285690216
2776,27.76,-0.27343719201732963,0.18725421133754927
2777,27.77,-0.2502148549514643,0.20670444063734
2778,27.78,-0.3932908121347585,0.20412462460704978
2779,27.79,-0.2685664408124774,0.17542476744529437
2780,27.8,-0.2923043547557942,0.19028738251104552
2781,27.810000000000002,-0.07305047770704978,0.19021258757208334
2782,27.82,-0.15758127491092838,0.1927490681347073
2783,27.830000000000002,-0.21086780368921548,0.20997236523445842
2784,27.84,-0.13515248945516356,0.18836510991066086
2785,27.85,-0.1837091127399938,0.2051462186485638
2786,27.86,-0.075657832848641,0.17509742265686304
2787,27.87,-0.1424366733254021,0.20816485034195845
2788,27.88,-0.008610473667026775,0.17843282069506744
2789,27.89,-0.1093788366483496,0.20553894697100528
2790,27.900000000000002,-0.08394201228786159,0.21021695929252693
2791,27.91,0.0181791918819406,0.20227890611011437
2792,27.92,-0.04905527592136861,0.1989686207758998
2793,27.93,-0.08184039754524926,0.2089856757483643
2794,27.94,0.06282237398103717,0.1891183911038615
2795,27.95,-0.020903762401479207,0.1827773259654923
2796,27.96,-0.07338569294086536,0.21634669936107087
2797,27.97,0.05137101749273667,0.19412459438138552
2798,27.98,0.024666087300765163,0.22280613538388888
2799,27.990000000000002,0.10425646205542269,0.20112792744821018
2800,28.0,0.17055829822547025,0.21560798834479358
2801,28.01,0.008782720388452542,0.1970701036008675
2802,28.02,0.3381392649156698,0.19953149621019997
2803,28.03,0.16381310900805,0.19036945900810862
2804,28.04,0.16830164124359154,0.21501824845078096
2805,28.05,0.13640335455077499,0.1799518515506241
2806,28.060000000000002,0.25541074329359337,0.19951523717352623
2807,28.07,0.18585766651882274,0.19724368006048829
2808,28.080000000000002,0.2498252402518612,0.19251075136301937
2809,28.09,0.3130356911124563,0.19827846014786493
2810,28.1,0.4272109219224481,0.21380246699753516
2811,28.11,0.3326161113443525,0.17872876663500462
2812,28.12,0.38862804179558547,0.19068174635600743
2813,28.13,0.4895359515306099,0.1957720065505711
2814,28.14,0.466720914582942,0.19814775452514413
2815,28.150000000000002,0.5925657283514048,0.1777064054918375
2816,28.16,0.5805746858600871,0.18263463459582874
2817,28.17,0.6862571843283789,0.1721535771160816
2818,28.18,0.6357114784328208,0.1893873963137355
2819,28.19,0.555754356833396,0.1883086723113362
2820,28.2,0.6126326906177738,0.18296221476221664
2821,28.21,0.684544646342955,0.18237593129822524
2822,28.22,0.6530831810523847,0.2044328069660659
2823,28.23,0.7303250164881149,0.18061936448318683
2824,28.240000000000002,0.8158063697421639,0.1539666367066114
2825,28.25,0.8636604897728913,0.1718577670765044
2826,28.26,0.7839387764122947,0.15866015416881138
2827,28.27,0.789283938854767,0.18177159851736518
2828,28.28,0.9731463002006234,0.19655438561397814
2829,28.29,0.8795527196152907,0.183023777471233
2830,28.3,0.8840886138167681,0.17527169573262302
2831,28.310000000000002,0.950272182021386,0.1630891288264228
2832,28.32,1.0720452337360222,0.17740401477252593
2833,28.330000000000002,0.9845048175261683,0.16955092300888536
2834,28.34,1.1859533549257235,0.1866430756965649
2835,28.35,1.0194665896568371,0.16656152868373067
2836,28.36,0.847775026802697,0.17224375912289527
2837,28.37,1.103331105522499,0.1831784338725903
2838,28.38,1.0077590627178639,0.1625492917296952
2839,28.39,1.0219312614138572,0.15189175249845185
2840,28.400000000000002,1.222465817604479,0.17570221880703935
2841,28.41,1.035235282083525,0.17189104965305987
2842,28.42,1.1571855587290254,0.17214990967162894
2843,28.43,0.9193883936689797,0.15015394865528103
2844,28.44,1.1364658251222668,0.17336210581256487
2845,28.45,1.0767456526827899,0.1445957842821152
2846,28.46,1.0794024167533076,0.15943960143624392
2847,28.47,1.1238725929385434,0.16253064534635225
2848,28.48,1.1228154024069341,0.16631138418665384
2849,28.490000000000002,1.1616912263421384,0.15300376601727367
2850,28.5,1.2270228087774802,0.1743728363815022
2851,28.51,1.2747618427474054,0.17426573026872658
2852,28.52,1.1384213911247163,0.18121864959380424
2853,28.53,1.1775811830183007,0.14469139826135174
2854,28.54,1.1958650671836535,0.15399752054320043
2855,28.55,1.2350863788002169,0.11851411317815322
2856,28.560000000000002,1.1532943733300998,0.15273595153076908
2857,28.57,1.0171028946212395,0.1705243430535444
2858,28.580000000000002,1.0874967852630777,0.15594009335011857
2859,28.59,1.3589034718692743,0.14120919884728997
2860,28.6,1.0516556742738696,0.12591809770372084
2861,28.61,1.2701122247684937,0.1307071673820334
2862,28.62,1.2109708583991923,0.13506207372767035
2863,28.63,1.2631857801066115,0.15385397372150517
2864,28.64,1.18457506373466,0.15451656418677548
2865,28.650000000000002,1.0577406802559417,0.1330949397049129
2866,28.66,1.1040212127579272,0.11688177715104192
2867,28.67,1.1422828037063948,0.12509688994108822
2868,28.68,1.0748970503831174,0.13809219500027767
2869,28.69,1.2356300493577816,0.14043288694888253
2870,28.7,1.148238202757312,0.13995803957351408
2871,28.71,1.0270485873805273,0.14578674686189677
2872,28.72,1.2499099005248093,0.1317788383796291
2873,28.73,1.0908194734403212,0.12167149879269315
2874,28.740000000000002,1.1344775180245488,0.13716353495035558
2875,28.75,1.1007481157151946,0.1152908457152286
2876,28.76,1.092580721936967,0.11098005198930133
2877,28.77,1.2782582810161112,0.14496538943566506
2878,28.78,1.1889639426327125,0.1297332988738158
2879,28.79,1.1521830953189196,0.1326510463624092
2880,28.8,1.1492406239255017,0.12274739432001139
2881,28.810000000000002,1.3288043383215455,0.11356668167007421
2882,28.82,1.1990308155590146,0.1356314069294846
2883,28.830000000000002,1.1204566748202225,0.13730462242731162
2884,28.84,1.0598595271166877,0.14247967697747804
2885,28.85,1.2222404741470854,0.12376097179568353
2886,28.86,1.0471871040524168,0.09332624563460418
2887,28.87,1.0481270299833356,0.13186262524885262
2888,28.88,1.0934845802060078,0.11451174659827197
2889,28.89,1.1479070180507565,0.08555032622638194
2890,28.900000000000002,1.1498841855611146,0.11597551087542288
2891,28.91,1.3172744882421759,0.10692624573000255
2892,28.92,1.1306765138511554,0.13040942907715347
2893,28.93,1.050182786459437,0.10776532955659708
2894,28.94,1.058398182875429,0.09771250937094116
2895,28.95,1.1806477067992212,0.10672783356798303
2896,28.96,1.1409026336480281,0.1146341323161621
2897,28.97,1.1922740138158385,0.10481285418587308
2898,28.98,1.115280679794074,0.10823538446227635
2899,28.990000000000002,1.2092382030977022,0.11674548208296229
2900,29.0,1.2124780155023838,0.10933801699940754
2901,29.01,1.232319040759926,0.08669701140737669
2902,29.02,1.039873637716378,0.10300872764565396
2903,29.03,1.0309318954165563,0.09927019374203631
2904,29.04,1.1470811462345465,0.08950069475073501
2905,29.05,1.1263984742357613,0.1059883633906793
2906,29.060000000000002,1.1262063907941138,0.11063888463817395
2907,29.07,1.1252300573102294,0.0552771477180326
2908,29.080000000000002,1.0149979039602985,0.08424067736229247
2909,29.09,1.1423965789830217,0.08194010309796035
2910,29.1,1.0944551985565856,0.08705822693528267
2911,29.11,1.104117462262432,0.09878667747440446
2912,29.12,1.1575843990365287,0.07496681236520081
2913,29.13,1.1522815985172277,0.06801291265607115
2914,29.14,1.0915909539987443,0.09132442751088957
2915,29.150000000000002,1.0526315892276255,0.09475844856179926
2916,29.16,1.129575890992453,0.09529070446972518
2917,29.17,1.1907780208727747,0.06326377113072107
2918,29.18,1.2202558720733387,0.07530504970477847
2919,29.19,1.2036687337406442,0.08441567512179708
2920,29.2,1.2228256850449224,0.08672593418713148
2921,29.21,1.1735575180054583,0.08686517141492636
2922,29.22,1.0478811134869832,0.08057369233516636
2923,29.23,1.13409945402993,0.06623800804653185
2924,29.240000000000002,1.3275417156433422,0.07446598658595792
2925,29.25,1.1446968358530547,0.07026536592236461
2926,29.26,1.1207007224792265,0.07989372589832819
2927,29.27,1.0577639485106132,0.06576748480562337
2928,29.28,0.8821907410221006,0.06814172500099878
2929,29.29,1.028002751912913,0.05420977720527595
2930,29.3,1.1031103670959126,0.06551232618000837
2931,29.310000000000002,1.2283220879603274,0.05340685071673552
2932,29.32,1.1429827662302625,0.06925908924114611
2933,29.330000000000002,1.1918632300257002,0.05056293311161887
2934,29.34,1.073919857125406,0.08845327726724733
2935,29.35,1.0311947137225048,0.07348251355670976
2936,29.36,0.981146623420943,0.053956977477013425
2937,29.37,0.9142597064880531,0.07463806738463645
2938,29.38,1.024097013441158,0.05230634260193347
2939,29.39,1.1438019231595546,0.06132826749127296
2940,29.400000000000002,0.9652781676568181,0.047257713380130746
2941,29.41,1.1664884457713662,0.04328519725268207
2942,29.42,1.1162109196339274,0.0656507150033897
2943,29.43,1.2129428649168188,0.040651426047769175
2944,29.44,1.0888563770728321,0.06952667417403811
2945,29.45,1.128303655320046,0.06663176653634231
2946,29.46,1.1147851272782863,0.06507245183279499
2947,29.47,1.1362417451316622,0.0402884725992414
2948,29.48,1.13416367631386,0.04407272233841356
2949,29.490000000000002,0.9819924207134914,0.03264426521667386
2950,29.5,1.0847071057396696,0.0526622665743984
2951,29.51,1.2278129316081283,0.048319051671345155
2952,29.52,1.014761652785001,0.03681381845659355
2953,29.53,1.1686123283181515,0.04691252755372184
2954,29.54,0.9309906516689177,0.03718899286657379
2955,29.55,1.0374255231685545,0.0662818070540996
2956,29.560000000000002,1.103622841036099,0.03487737378903398
2957,29.57,1.2230691620330019,0.04458795603336158
2958,29.580000000000002,0.9618280788434866,0.04180082776051599
2959,29.59,0.9822079373318338,0.036896412717863314
2960,29.6,0.9491886752374847,0.05012557134561847
2961,29.61,0.903590714952847,0.046569525260446915
2962,29.62,0.8847505762587071,0.035033070200197435
2963,29.63,1.0484830180311955,0.032739900065638095
2964,29.64,1.2159428195728053,0.008515725924733014
2965,29.650000000000002,0.9829795911213741,0.04830846167712226
2966,29.66,1.191794461643832,0.05340204731033555
2967,29.67,1.0601760837695469,0.020517321553247134
2968,29.68,1.0597393116163187,0.007558669044814149
2969,29.69,1.0778373911991346,0.04386842069477124
2970,29.7,1.0054326915126057,0.03156101342765492
2971,29.71,1.0433551364338476,0.03312252435056322
2972,29.72,1.049994953724385,0.01638734331003594
2973,29.73,1.1183636015680478,0.052935181495087816
2974,29.740000000000002,1.0736249271884915,0.023878027681255715
2975,29.75,1.1767537600556768,0.00014694129209922094
2976,29.76,1.0271867217296888,0.014266842757716393
2977,29.77,1.0883905213588985,0.02068868307586121
2978,29.78,1.0866513192084137,0.015989597949902772
2979,29.79,1.006320695117035,-0.012041599130130583
2980,29.8,0.9570737017501729,0.029353880545445958
2981,29.810000000000002,0.9105870258311753,-0.009286480289962842
2982,29.82,0.9819692858141744,0.011091259267498406
2983,29.830000000000002,0.9922093066412538,0.017729525479477665
2984,29.84,0.9753395891129725,-0.013687338394704082
2985,29.85,1.0515125602119433,0.003754411126793052
2986,29.86,0.9321335137999949,0.020213504372035236
2987,29.87,1.067535666638932,-0.0008278021048409136
2988,29.88,0.8747281372180882,-0.0008708841011877688
2989,29.89,0.9888439044224505,0.0039617962185692
2990,29.900000000000002,1.0314507281309824,-0.007874361737173
2991,29.91,1.0109849357570417,-0.015641384816584388
2992,29.92,1.1384738339584501,-0.0013242744986609839
2993,29.93,1.0344654163304148,-0.004262492066339058
2994,29.94,1.1759280437630042,0.006443316077574816
2995,29.95,0.9963009708618784,-0.0065954632856094
2996,29.96,0.9663150950489018,0.0030247498031003087
2997,29.97,0.8628278033004613,-0.011808978085342505
2998,29.98,1.021324863607718,-0.02395938198388597
2999,29.990000000000002,1.0794698159753584,-0.011082373653931478
