,t,x,y
0,0.0,0.35650921094862204,0.2170184426588591
1,0.01,0.3869934259186419,0.21653452097536946
2,0.02,0.4178487152304763,0.21586234739613477
3,0.03,0.4563741589538588,0.21625593342479202
4,0.04,0.4873120105696579,0.21518576208145457
5,0.05,0.5238409784203111,0.2146953269681976
6,0.06,0.5538978521417618,0.21382031246176217
7,0.07,0.588525016458269,0.2130161373739727
8,0.08,0.628180239578407,0.21319119848410692
9,0.09,0.66190864146005,0.21206574063219213
10,0.1,0.6931129598256612,0.2115530816510689
11,0.11,0.7314933361322967,0.21116527876139712
12,0.12,0.7542581892086475,0.20952079285006087
13,0.13,0.7886568769508356,0.20896446773356037
14,0.14,0.8156033762522551,0.20858278665178195
15,0.15,0.8461659672637816,0.20731231568733852
16,0.16,0.8771673024765517,0.20695267914533153
17,0.17,0.9043285073183175,0.20595381168239563
18,0.18,0.9239833022130367,0.2050340923305571
19,0.19,0.9520498454133562,0.20336334604386255
20,0.2,0.9734660219167219,0.20304482880483635
21,0.21,0.9946673253219345,0.201681577862488
22,0.22,1.013588091274401,0.2011816381319382
23,0.23,1.034209210623564,0.19957863393522174
24,0.24,1.0531942451258145,0.1991417772316931
25,0.25,1.0668972740397094,0.19846951047276962
26,0.26,1.079582224709425,0.19715240804399364
27,0.27,1.095129803951214,0.19565844812005584
28,0.28,1.1059807697760056,0.19486614855900064
29,0.29,1.1182714134839424,0.19313782236537086
30,0.3,1.1237324484999496,0.19259213413432047
31,0.31,1.1392052306340021,0.19087728841435414
32,0.32,1.1449001692145004,0.19034183765632137
33,0.33,1.1528207854456733,0.18913710336673678
34,0.34,1.1568353319236695,0.18749361320801167
35,0.35000000000000003,1.1647732076338715,0.1871264445946996
36,0.36,1.1669748870695256,0.18489053528795163
37,0.37,1.1753605269717289,0.1841658504670102
38,0.38,1.1744449678880127,0.18311850036160343
39,0.39,1.1705503057266184,0.18198524351274661
40,0.4,1.1810049638383504,0.1806649740110691
41,0.41000000000000003,1.186671616184022,0.17903558039860815
42,0.42,1.1846713701634806,0.17794981831152878
43,0.43,1.1888769842502043,0.17615924027888455
44,0.44,1.1868371292885582,0.17626389888278104
45,0.45,1.1896872650186567,0.17501217086595117
46,0.46,1.190335651700172,0.17441114886664533
47,0.47000000000000003,1.196093592073392,0.1726848893007088
48,0.48,1.1917973354664124,0.17197174706127524
49,0.49,1.1916409151176348,0.1703856924389154
50,0.5,1.195399154169854,0.16851317692040796
51,0.51,1.192976485556144,0.16856265181742788
52,0.52,1.193802543295845,0.1661184674786612
53,0.53,1.1891971997471942,0.16504447345598972
54,0.54,1.1940072868826082,0.16380548353940458
55,0.55,1.1866599890274316,0.16352871864563182
56,0.56,1.1917196435446684,0.16103465883511822
57,0.5700000000000001,1.1897854628440414,0.1606933436034066
58,0.58,1.1922187255183412,0.15957929180934266
59,0.59,1.1908546326550244,0.15893748796412932
60,0.6,1.1897764476201138,0.1571673754929681
61,0.61,1.191818725788981,0.15583696007979403
62,0.62,1.1846760108236267,0.15465364777703072
63,0.63,1.188826732674291,0.15331211488727997
64,0.64,1.1921778046211513,0.15234804207375516
65,0.65,1.1814437918808438,0.1508304955915338
66,0.66,1.187427390618277,0.15016276285743202
67,0.67,1.1848004676504704,0.14844180118426173
68,0.68,1.1818076130049562,0.14827471982285903
69,0.6900000000000001,1.183866503275759,0.1459433301842835
70,0.7000000000000001,1.177237515104642,0.14559292791289793
71,0.71,1.1800715842444338,0.14390991831758906
72,0.72,1.184196522531795,0.14293515505837293
73,0.73,1.1759494896363387,0.14141450391086782
74,0.74,1.1758175229164236,0.1413322598663488
75,0.75,1.1731528841678758,0.1396519607126003
76,0.76,1.1717792888276413,0.13810458249148108
77,0.77,1.1739423056936165,0.13663557864167417
78,0.78,1.1739869999115788,0.1355542749166988
79,0.79,1.1680722596709547,0.13453572845774442
80,0.8,1.1715502274423624,0.13351333595082068
81,0.81,1.1673697422504863,0.13264649018957728
82,0.8200000000000001,1.1723359557399995,0.13050543861485756
83,0.8300000000000001,1.1661915847565791,0.13026621402219798
84,0.84,1.1656043624142713,0.12785105388064205
85,0.85,1.169679658857625,0.12792332871405432
86,0.86,1.1618423338588009,0.12581660969579797
87,0.87,1.165191009855533,0.12594900436694179
88,0.88,1.1616742815180972,0.1241271972749324
89,0.89,1.1603407177499392,0.12311332031620875
90,0.9,1.158445402462895,0.12225808619686816
91,0.91,1.1621604145361442,0.12032431036682584
92,0.92,1.16017449675153,0.11952046603909396
93,0.93,1.1596997588268805,0.11736608388581465
94,0.9400000000000001,1.1602424384740535,0.11650557114763144
95,0.9500000000000001,1.151979922924229,0.11544791316397174
96,0.96,1.148517408449833,0.11519171248730431
97,0.97,1.1555774741019986,0.11416078016298498
98,0.98,1.1523423567268865,0.11273008423906639
99,0.99,1.151524685547792,0.11159090870611399
100,1.0,1.1476597012994303,0.1105282368134141
101,1.01,1.1447660458290838,0.10938473345954439
102,1.02,1.1476735003918823,0.10792275176579415
103,1.03,1.1404032245676308,0.10685259918414387
104,1.04,1.1480353310618392,0.10504167046810457
105,1.05,1.1400160415161877,0.10484572880180246
106,1.06,1.1399984982504738,0.10315151398958827
107,1.07,1.140217971093328,0.1025588738690325
108,1.08,1.1426486971346888,0.10031201281253958
109,1.09,1.1381659460535873,0.10065502355790135
110,1.1,1.1333365997013956,0.09960441223967456
111,1.11,1.1375993050963726,0.09808140994607326
112,1.12,1.136779503040315,0.09700241488632251
113,1.1300000000000001,1.1320917751554336,0.09540082040227583
114,1.1400000000000001,1.1308481099834042,0.09395144120790681
115,1.1500000000000001,1.1262374244682831,0.09328883232379584
116,1.16,1.1320801335774187,0.0922122095154132
117,1.17,1.1318081894516732,0.09119796203671439
118,1.18,1.1293076115418836,0.08910762588545258
119,1.19,1.1246387073121478,0.08878032193444967
120,1.2,1.1216664190408792,0.08767631660619749
121,1.21,1.1246289358769868,0.0859237071528228
122,1.22,1.1216942113745165,0.08492691935833327
123,1.23,1.1229260589294778,0.08435508574264809
124,1.24,1.1201481917458136,0.08389026769100001
125,1.25,1.1241765400252277,0.08211991320460732
126,1.26,1.1162827209766206,0.08072590148212254
127,1.27,1.121937599640589,0.079345594553319
128,1.28,1.115450188989239,0.07870994991031713
129,1.29,1.1111559208270334,0.07817894736871348
130,1.3,1.1119130538201538,0.07673605275059754
131,1.31,1.1137554485138925,0.07490342546931279
132,1.32,1.1147336587876222,0.07378527557733021
133,1.33,1.1113717624412902,0.07289623447074442
134,1.34,1.1086531568417735,0.07132223918793829
135,1.35,1.1049034800407316,0.07086656592028016
136,1.36,1.1033886881517145,0.0695075590076094
137,1.37,1.1027405376297095,0.06841331658264707
138,1.3800000000000001,1.1036113942735903,0.0667663075169513
139,1.3900000000000001,1.1041767952704795,0.06594650238923096
140,1.4000000000000001,1.0984542748344652,0.06511084463682898
141,1.41,1.0954585974718514,0.06377280038731842
142,1.42,1.1024672128034925,0.0625662989740866
143,1.43,1.0962939778413192,0.061804613835671
144,1.44,1.0971143198710311,0.06054344014188487
145,1.45,1.091257449836933,0.05971454071537309
146,1.46,1.08795325443221,0.058825900727187366
147,1.47,1.088094538806277,0.05685399553942747
148,1.48,1.0941279800620056,0.05607196115097278
149,1.49,1.088793602880904,0.055026868430075496
150,1.5,1.0895688636615117,0.05389732352174501
151,1.51,1.0873725734832091,0.05306349697442641
152,1.52,1.0887284725778115,0.05183484311867071
153,1.53,1.0856741287602967,0.05111646021016012
154,1.54,1.0838108595342946,0.05028758005166582
155,1.55,1.0783491304492214,0.049016324340669104
156,1.56,1.0842349430451161,0.047276936029850176
157,1.57,1.083145258384721,0.046171846687728293
158,1.58,1.078947095843578,0.04582183803278638
159,1.59,1.0794773448237744,0.04482342720426631
160,1.6,1.074442799611345,0.04369412824437782
161,1.61,1.071528069543101,0.04228683853991958
162,1.62,1.0732090912505332,0.04160240177358693
163,1.6300000000000001,1.0793257652050954,0.03957645815116551
164,1.6400000000000001,1.0703310819817953,0.03944871183696708
165,1.6500000000000001,1.0713389056038456,0.03855639731551855
166,1.6600000000000001,1.068957639127804,0.037756491366030404
167,1.67,1.0679270881132004,0.03570183312408095
168,1.68,1.0636376384969624,0.034880577016780656
169,1.69,1.0633736078997837,0.034097103400292816
170,1.7,1.0595619093244324,0.03308586277435973
171,1.71,1.062549827915637,0.031032482101584585
172,1.72,1.0626580656125937,0.031180027046313497
173,1.73,1.0611421074005578,0.029412964904369076
174,1.74,1.0591712147308945,0.028932838825693013
175,1.75,1.051301073290671,0.027771544221617914
176,1.76,1.0559868069454217,0.026602355823836334
177,1.77,1.0481718110526597,0.02499608537817029
178,1.78,1.050909337611575,0.024602591613552518
179,1.79,1.0536703307008337,0.023403865053801046
180,1.8,1.0451648486251526,0.021889267904789556
181,1.81,1.0447462448477964,0.02106086207259882
182,1.82,1.0504197772314439,0.01972995158353391
183,1.83,1.045759216256921,0.01954079666363286
184,1.84,1.0501343615983865,0.018575651732386067
185,1.85,1.044488107740366,0.017320433780945475
186,1.86,1.0363980939639548,0.01541214182022498
187,1.87,1.042062718005956,0.015496131213447558
188,1.8800000000000001,1.0390703971827133,0.013815882097045802
189,1.8900000000000001,1.0348701463712158,0.012414322147242782
190,1.9000000000000001,1.0369158098492695,0.012151064133112729
191,1.9100000000000001,1.032830222385457,0.010440423219477864
192,1.92,1.0316611785750482,0.009408979665625096
193,1.93,1.0359683488236857,0.009021023124511297
194,1.94,1.0288900364428148,0.007573599520573862
195,1.95,1.0241658888328156,0.005787357461325448
196,1.96,1.024024467340914,0.004900721685303839
197,1.97,1.022063961769355,0.004457537209921742
198,1.98,1.0251710393588616,0.003337298387096913
199,1.99,1.0217010084387637,0.0017104788482846028
200,2.0,1.0193688198106488,0.0012910878429540406
201,2.0100000000000002,1.0268653163874903,0.0005029068919063338
202,2.02,1.0214919805653493,-0.0005908481988981227
203,2.0300000000000002,1.0183123151191367,-0.001514260688109088
204,2.04,1.0164868615078897,-0.002960698923148657
205,2.05,1.0125501333562361,-0.0043472259817715015
206,2.06,1.0122222352946884,-0.004859123062915385
207,2.07,1.0095966870025859,-0.0056946468943881124
208,2.08,1.01212402934756,-0.006734422195988144
209,2.09,1.0095766957970944,-0.008414201893112809
210,2.1,1.0052221627852045,-0.008252938720090265
211,2.11,1.0068363728548553,-0.009995308718013613
212,2.12,1.0085948532778768,-0.010480338299633078
213,2.13,1.0058627287020359,-0.011456819689194963
214,2.14,1.002751156285342,-0.013049946091234563
215,2.15,1.003796517877371,-0.013725681435014236
216,2.16,1.006139574308808,-0.014538263147405863
217,2.17,1.0025908046809446,-0.016092898280178163
218,2.18,0.9929826215038754,-0.017179703577298717
219,2.19,0.9988180567169765,-0.017731324704580623
220,2.2,0.9917769832096172,-0.019242388514630688
221,2.21,0.9907078128092722,-0.01961686124958818
222,2.22,0.9903380606685778,-0.02025291926669905
223,2.23,0.9864550065926726,-0.021287814860042643
224,2.24,0.990400131528855,-0.02280196779684579
225,2.25,0.9904438236404998,-0.023799337690181416
226,2.2600000000000002,0.9881938669095703,-0.023896657983741992
227,2.27,0.9803729187469931,-0.02569644826866788
228,2.2800000000000002,0.980925848704728,-0.02682535744615999
229,2.29,0.9804636098580322,-0.027917417789490983
230,2.3000000000000003,0.9777943748674066,-0.028055281808110892
231,2.31,0.978192254770265,-0.02932341213101934
232,2.32,0.9756014985562372,-0.030993536025652257
233,2.33,0.9765373597095984,-0.031627547128601746
234,2.34,0.9721598796867567,-0.03157623792021364
235,2.35,0.969237432504629,-0.03349689104379331
236,2.36,0.9706105910555894,-0.034697500169497325
237,2.37,0.9657224447518722,-0.034874641441590346
238,2.38,0.9677949005873171,-0.03656800453356313
239,2.39,0.965579219692636,-0.038274848777490156
240,2.4,0.9621014427353088,-0.03864319704939557
241,2.41,0.9638671603810952,-0.03927646174064611
242,2.42,0.9586580204972239,-0.04032678320757362
243,2.43,0.9609901023460968,-0.0413239517586205
244,2.44,0.9533404359522435,-0.04226922307974229
245,2.45,0.9580180127398388,-0.042781126222544166
246,2.46,0.9556292192006253,-0.043506957515594934
247,2.47,0.9530161298845478,-0.04470561305633426
248,2.48,0.9520251242107496,-0.0454209916107361
249,2.49,0.9495111800297074,-0.047396950411888086
250,2.5,0.9455689909163817,-0.0481489717888391
251,2.5100000000000002,0.9462274825534144,-0.048907309608926
252,2.52,0.9423526457090632,-0.05035338826277093
253,2.5300000000000002,0.9471987798957228,-0.050243367048072224
254,2.54,0.9485158858575979,-0.05168955720138764
255,2.5500000000000003,0.9430832655767941,-0.052172108544182014
256,2.56,0.9372352693753856,-0.053624255279390576
257,2.57,0.9374951325369874,-0.05478244957637003
258,2.58,0.9336355958925749,-0.05526533921065554
259,2.59,0.9346655789368422,-0.055872093842818576
260,2.6,0.9303338634593663,-0.05756513410576131
261,2.61,0.9321202724144797,-0.05796279138441631
262,2.62,0.9260988906153718,-0.05957581182173761
263,2.63,0.9298033476165599,-0.05987070309806438
264,2.64,0.9235404270885927,-0.06168010079973278
265,2.65,0.9266068891246811,-0.06201012814520698
266,2.66,0.9221824930492503,-0.0630220649863926
267,2.67,0.9162184591667526,-0.0637392846350709
268,2.68,0.9188746566095031,-0.0656361099597888
269,2.69,0.9166708491619499,-0.06558322338857747
270,2.7,0.9144474656861892,-0.06681284976367405
271,2.71,0.9137366753191553,-0.06750897227360306
272,2.72,0.9154611667847378,-0.06784198847052433
273,2.73,0.9113273951243712,-0.0690524658664564
274,2.74,0.9045306814310231,-0.07025289440742709
275,2.75,0.906992093559275,-0.07097104883465954
276,2.7600000000000002,0.9015426815171859,-0.07182279766919984
277,2.77,0.9082204895678407,-0.07190554872779753
278,2.7800000000000002,0.9038480986141456,-0.07350393725028749
279,2.79,0.9037227460936791,-0.07408175185882898
280,2.8000000000000003,0.8973783415802807,-0.07514601870011003
281,2.81,0.8948526728219474,-0.07646797572726571
282,2.82,0.8920916158082336,-0.07729464239017561
283,2.83,0.8898959943354564,-0.07822885401019776
284,2.84,0.8900559308944643,-0.07879467634281086
285,2.85,0.8867905252539872,-0.08053318533772243
286,2.86,0.8924804097212822,-0.08096681789546306
287,2.87,0.8846503779306515,-0.0816348870649019
288,2.88,0.8866234873613813,-0.08266031096710814
289,2.89,0.8789259636785838,-0.08338899869278099
290,2.9,0.8808436720892099,-0.08494155453619325
291,2.91,0.8815505255341253,-0.0851586790138347
292,2.92,0.8762639163134277,-0.08558726790498411
293,2.93,0.8720501697969195,-0.08698179698631371
294,2.94,0.8764123665794128,-0.08732486249307055
295,2.95,0.8691943257568508,-0.08887348465131055
296,2.96,0.8674475061190953,-0.08952620215954711
297,2.97,0.8691080504566628,-0.09004575032719472
298,2.98,0.8690200851027317,-0.09124324301962997
299,2.99,0.8653665430104868,-0.0921383189376578
300,3.0,0.8584204614654625,-0.09363567596077382
301,3.0100000000000002,0.8569124736573845,-0.09496457067312473
302,3.02,0.8596230952417325,-0.09422499598647935
303,3.0300000000000002,0.8548683531320795,-0.09626262769238857
304,3.04,0.8508238427479649,-0.09595601800798008
305,3.0500000000000003,0.8505624210625824,-0.09766807325217092
306,3.06,0.853564121771597,-0.09846877419394634
307,3.0700000000000003,0.8536341810101252,-0.09885096227874243
308,3.08,0.8463498353341422,-0.09962796781767537
309,3.09,0.8438068593921517,-0.10082151533127241
310,3.1,0.8396010579543857,-0.10159747469927127
311,3.11,0.8407629791370254,-0.1021544444138228
312,3.12,0.8391982651649096,-0.10300420951956962
313,3.13,0.8341634783503911,-0.10396186688222814
314,3.14,0.8361334876391917,-0.10462618240167322
315,3.15,0.8356322942589184,-0.10614987698408937
316,3.16,0.8338542885078434,-0.1067209628609299
317,3.17,0.8286037947530643,-0.10760047533448897
318,3.18,0.8288510526796244,-0.10785928732480461
319,3.19,0.8258991715750111,-0.10900445374003385
320,3.2,0.819177857327331,-0.10997969076078538
321,3.21,0.8187859909425468,-0.11021003779947644
322,3.22,0.8199342788937136,-0.1115327763553942
323,3.23,0.8105540123060891,-0.11224850041466024
324,3.24,0.8139275060821178,-0.11313234599840374
325,3.25,0.8122760148112559,-0.11352237097152107
326,3.2600000000000002,0.8083216187989494,-0.11532273031810085
327,3.27,0.8025136710011285,-0.11559201855409597
328,3.2800000000000002,0.8034988628677697,-0.11625260380451595
329,3.29,0.8015607132759534,-0.11681376071547471
330,3.3000000000000003,0.7974265875642761,-0.11891558303233551
331,3.31,0.8006801150333124,-0.11859675339984907
332,3.3200000000000003,0.7996280676319387,-0.11952609105431891
333,3.33,0.7946723181226159,-0.12042298637880587
334,3.34,0.7954951913806402,-0.12161801129043558
335,3.35,0.7851840335653247,-0.12226067359977756
336,3.36,0.7865822318102028,-0.12227858415789564
337,3.37,0.7887374584857958,-0.12373558504324023
338,3.38,0.7816285490849118,-0.12447545036908175
339,3.39,0.7854831100962606,-0.12531809866298463
340,3.4,0.7780414398969712,-0.12616505719028367
341,3.41,0.77773758764495,-0.126506301230016
342,3.42,0.7711755988275188,-0.12707676744737845
343,3.43,0.7684297124063808,-0.12800167800694875
344,3.44,0.7623803905531517,-0.1293117625293987
345,3.45,0.7653429709492701,-0.12922719883520115
346,3.46,0.7664783764387489,-0.13071876678568478
347,3.47,0.7574013688148061,-0.13072963587869785
348,3.48,0.7558551714744183,-0.13205377336228083
349,3.49,0.7565012466422935,-0.13285166684493085
350,3.5,0.7500718994321568,-0.134049369870106
351,3.5100000000000002,0.7534977606477858,-0.13400739052090785
352,3.52,0.7493657968332083,-0.1351141371488693
353,3.5300000000000002,0.7483356215553834,-0.13556635141145215
354,3.54,0.7393708731505715,-0.1362705264514748
355,3.5500000000000003,0.7402512952280395,-0.1371795524383951
356,3.56,0.7363437996550867,-0.1380051849014619
357,3.5700000000000003,0.7362034150107473,-0.13857032792627602
358,3.58,0.7350301430100917,-0.14039766558985742
359,3.59,0.7276155016400331,-0.1403038074834753
360,3.6,0.725506931497151,-0.14135832313115412
361,3.61,0.7248845324990824,-0.14119201523964126
362,3.62,0.7183794053100101,-0.14260654155464525
363,3.63,0.7196447694844801,-0.14292490698509283
364,3.64,0.7160177773149725,-0.1434267251233739
365,3.65,0.7153394883800539,-0.1438349949222707
366,3.66,0.705738130090813,-0.14471872770592697
367,3.67,0.7130538745220366,-0.14548583533752646
368,3.68,0.7038266060451371,-0.1460957166218796
369,3.69,0.7019803269694289,-0.14677936840155742
370,3.7,0.6991368313393391,-0.14885347194960105
371,3.71,0.6912682611488519,-0.14864631962978483
372,3.72,0.6916483047561173,-0.15010985401579635
373,3.73,0.6886876886973793,-0.15037230368687737
374,3.74,0.6871505261689039,-0.1507791382342343
375,3.75,0.6869825244147705,-0.15207601010487207
376,3.7600000000000002,0.6856113310955402,-0.15135520828503263
377,3.77,0.6801213570829215,-0.15264842899779404
378,3.7800000000000002,0.6797670609126383,-0.1532384747149998
379,3.79,0.6751555956300146,-0.15462870522763497
380,3.8000000000000003,0.6714268416378666,-0.15565671210317125
381,3.81,0.6660335969537119,-0.15639671963828117
382,3.8200000000000003,0.6638737540083753,-0.1559901952286618
383,3.83,0.6598201922440512,-0.15690452326578883
384,3.84,0.6571514057729656,-0.1575192139556532
385,3.85,0.6476982007583585,-0.15862991569604354
386,3.86,0.6490822195329224,-0.15880232813101702
387,3.87,0.6507304151029396,-0.1599978836241738
388,3.88,0.6491490960239176,-0.16048282454421983
389,3.89,0.6434414487583909,-0.16096387765117245
390,3.9,0.6376367113469331,-0.16120336474408128
391,3.91,0.6269737177891436,-0.1624726419673693
392,3.92,0.6265908688469836,-0.1628628035885793
393,3.93,0.6231165574422645,-0.1638683496383451
394,3.94,0.6205422767305558,-0.16435024528430148
395,3.95,0.6118203080603909,-0.16458030982593821
396,3.96,0.6178687965218529,-0.16555771294080548
397,3.97,0.6118825066142258,-0.16514012732938863
398,3.98,0.6050724564984774,-0.1665456169499184
399,3.99,0.6014728738158772,-0.16709093621975477
400,4.0,0.598359476810588,-0.1681416392140055
401,4.01,0.5942157393892407,-0.16858887653126442
402,4.0200000000000005,0.5863322223097468,-0.16852687441401126
403,4.03,0.58010837916088,-0.16993111844228703
404,4.04,0.5780022195580905,-0.16904245990923888
405,4.05,0.5767708672812083,-0.17045043345319952
406,4.0600000000000005,0.5760608290604371,-0.1707078842456837
407,4.07,0.5686604979389912,-0.1714929794547723
408,4.08,0.5657018366612877,-0.17248593735061943
409,4.09,0.5580433725226177,-0.17288489016692096
410,4.1,0.555260118661041,-0.17438914047236836
411,4.11,0.5574625591427035,-0.17422120289771614
412,4.12,0.5412406232063017,-0.1756699209512375
413,4.13,0.5401005969763909,-0.17507070065361727
414,4.14,0.5357504056658144,-0.1761990544875796
415,4.15,0.5293864296351106,-0.17602228902833564
416,4.16,0.5288342720281312,-0.17688010160365447
417,4.17,0.5179533118050422,-0.17764542411701187
418,4.18,0.5153554446953993,-0.17771292259509847
419,4.19,0.5162525845845628,-0.1790805008759217
420,4.2,0.5108265818136869,-0.1790934039629288
421,4.21,0.5042314269173072,-0.1793361634487194
422,4.22,0.49267233615638145,-0.1796966988861125
423,4.23,0.49209291295066065,-0.18060595483922146
424,4.24,0.48640209443612525,-0.18134789575553228
425,4.25,0.4785442104007156,-0.18076686473645676
426,4.26,0.47642043832148,-0.18124227905074392
427,4.2700000000000005,0.4648352437241729,-0.18168732881504832
428,4.28,0.46229767678653133,-0.18291027462335743
429,4.29,0.4605152657753578,-0.183121063565053
430,4.3,0.45399680812387216,-0.18383863800044423
431,4.3100000000000005,0.44383658477877136,-0.18407255514038198
432,4.32,0.4387961839161793,-0.18492662388012837
433,4.33,0.430425772381584,-0.18518076351959015
434,4.34,0.42092764798303706,-0.1851032823654701
435,4.3500000000000005,0.41885159240929737,-0.18560925021174826
436,4.36,0.4104441844633685,-0.18628356002539256
437,4.37,0.40799412061603735,-0.18714116166849748
438,4.38,0.39301914336668015,-0.18672122113895165
439,4.39,0.3868283480628405,-0.18766337208373546
440,4.4,0.37518797394994047,-0.1874979225291296
441,4.41,0.36906543591507834,-0.18819614344010316
442,4.42,0.36793105237961127,-0.18873272495000898
443,4.43,0.35783802376828044,-0.18863848585502827
444,4.44,0.3486875944565048,-0.18852456776019086
445,4.45,0.3382955442850382,-0.18934586886917007
446,4.46,0.3325768092108359,-0.18988001554564746
447,4.47,0.31909453187432035,-0.19018649797673753
448,4.48,0.3078108636791877,-0.19055031975966677
449,4.49,0.30158933441558183,-0.19059734195702388
450,4.5,0.28489481843640785,-0.19042213732983446
451,4.51,0.2832924129090717,-0.1911814376550265
452,4.5200000000000005,0.2701007441936252,-0.19217959743688107
453,4.53,0.25738313243821076,-0.19196307200373294
454,4.54,0.24178183142196238,-0.1926281781687842
455,4.55,0.23255097608286687,-0.19219682457870113
456,4.5600000000000005,0.22354786247872616,-0.19287911099624866
457,4.57,0.20814019055552982,-0.1933553594577121
458,4.58,0.19476955536389046,-0.19259697575575496
459,4.59,0.18371272718314696,-0.1941445724145822
460,4.6000000000000005,0.17070937668318878,-0.1930489054787366
461,4.61,0.1643432290026085,-0.19384033203738424
462,4.62,0.14078997906757115,-0.19325521964608983
463,4.63,0.12805900301169748,-0.1937207336614123
464,4.64,0.11136588669916549,-0.19381981240866028
465,4.65,0.09575041906197396,-0.19455766466420757
466,4.66,0.07693564442950766,-0.194038889170414
467,4.67,0.05820508811486154,-0.19436763061506604
468,4.68,0.041541088665424296,-0.194359946272458
469,4.69,0.028475006019280377,-0.19413622570146877
470,4.7,0.00740570003782683,-0.19421409214342622
471,4.71,-0.010702464362540368,-0.19488676128284102
472,4.72,-0.039759432105163105,-0.19469284039599094
473,4.73,-0.05503081340439699,-0.19410135216997615
474,4.74,-0.07216426575422541,-0.1937550845103995
475,4.75,-0.09837304494966052,-0.1947312301801445
476,4.76,-0.11995836916170838,-0.19463323571683905
477,4.7700000000000005,-0.140901977231898,-0.19376434451337515
478,4.78,-0.17730176774677478,-0.19343964749992335
479,4.79,-0.1990337378026128,-0.19292275900181066
480,4.8,-0.222600816062496,-0.1937802298749731
481,4.8100000000000005,-0.24785488196189617,-0.19338352679138432
482,4.82,-0.2755969878808291,-0.1926771412894644
483,4.83,-0.3012488791907654,-0.19236844221294014
484,4.84,-0.3324045090474652,-0.1919067801109166
485,4.8500000000000005,-0.3563783310987783,-0.19238852674949103
486,4.86,-0.3930645545293105,-0.19118281235261012
487,4.87,-0.4200351758785397,-0.19072430934551432
488,4.88,-0.4537981542605988,-0.1907224649050548
489,4.89,-0.4848874942405793,-0.1905903650546806
490,4.9,-0.5201567632750314,-0.18992177928269313
491,4.91,-0.5467288626210284,-0.18884479645520033
492,4.92,-0.5855881417059616,-0.1885027375291139
493,4.93,-0.6062069310180193,-0.18881547499062715
494,4.94,-0.6483788723205243,-0.18733588545385016
495,4.95,-0.6709342700523319,-0.18611325447901145
496,4.96,-0.6988628716043657,-0.18594904761599224
497,4.97,-0.7275583845075337,-0.18459062772172447
498,4.98,-0.7630414034939917,-0.1843632555622963
499,4.99,-0.7912694658367969,-0.18364363521013866
500,5.0,-0.8234272411486996,-0.1829527782662006
501,5.01,-0.8453324930826364,-0.18169158473139294
502,5.0200000000000005,-0.8727209665279552,-0.1816065600682051
503,5.03,-0.8928015734717438,-0.1807638792777021
504,5.04,-0.9189295022371259,-0.17893993198439287
505,5.05,-0.9379212274694083,-0.179259276605575
506,5.0600000000000005,-0.9643165518946362,-0.17646506219360247
507,5.07,-0.9833875839444997,-0.17674841260220697
508,5.08,-1.0008383710668232,-0.17656871455127
509,5.09,-1.0164419050856495,-0.17467047429933685
510,5.1000000000000005,-1.0323643719216098,-0.1733502251899855
511,5.11,-1.045735890774962,-0.17226049585403605
512,5.12,-1.0635255669337285,-0.17216533172779053
513,5.13,-1.074917876998126,-0.17081781670603563
514,5.14,-1.0852774310965831,-0.17009470705989913
515,5.15,-1.097839807632895,-0.16804668616695667
516,5.16,-1.1049874745026333,-0.16718376564452264
517,5.17,-1.1082692661155487,-0.16589812576065582
518,5.18,-1.1222453540437032,-0.16539128059732344
519,5.19,-1.126192188962377,-0.1643288222306444
520,5.2,-1.1314617935440954,-0.16347432855238073
521,5.21,-1.139155606759339,-0.16196937806295938
522,5.22,-1.1473821851798236,-0.16121286600975318
523,5.23,-1.1470416439079008,-0.15942338379454732
524,5.24,-1.151456014923495,-0.15852915587762495
525,5.25,-1.14901828556605,-0.15682226958123985
526,5.26,-1.1570397447045588,-0.15567708645081643
527,5.2700000000000005,-1.1619026064906137,-0.15458673122630948
528,5.28,-1.1611832270157776,-0.15360708503694337
529,5.29,-1.1628888970857847,-0.1524139409639647
530,5.3,-1.1645085590273194,-0.15156770778061424
531,5.3100000000000005,-1.1644610627973624,-0.15001490220328434
532,5.32,-1.1684966205395755,-0.148971675263764
533,5.33,-1.17009219097233,-0.14858929187721168
534,5.34,-1.1646555769881326,-0.14615606806456094
535,5.3500000000000005,-1.1701804422840265,-0.145060247077512
536,5.36,-1.1668768046764246,-0.14441645561536764
537,5.37,-1.166975457544266,-0.14308406531672835
538,5.38,-1.1676237057770698,-0.1420626022434226
539,5.39,-1.1642882454962828,-0.14040978726304534
540,5.4,-1.1697235480927894,-0.13925590807953842
541,5.41,-1.1706672937242204,-0.13821068974282338
542,5.42,-1.165100559218834,-0.1367187897361515
543,5.43,-1.1660766952077044,-0.13586958965688037
544,5.44,-1.163382906078119,-0.13502561712587674
545,5.45,-1.1659165491085726,-0.13410564481852655
546,5.46,-1.165630838813843,-0.1325653974383241
547,5.47,-1.1607722728743737,-0.1314327678360754
548,5.48,-1.1640626709858692,-0.13011506495255504
549,5.49,-1.1651792862721548,-0.1292345981703108
550,5.5,-1.162540975936682,-0.12779854734495286
551,5.51,-1.160514110968803,-0.12650074677573464
552,5.5200000000000005,-1.1633054116664612,-0.1255645960405688
553,5.53,-1.1613102765963592,-0.1240443294205731
554,5.54,-1.1599341203785858,-0.12286921070579067
555,5.55,-1.158141786398667,-0.12226444181585018
556,5.5600000000000005,-1.1571003789945205,-0.12147529350790441
557,5.57,-1.1592185865483486,-0.11978380127528884
558,5.58,-1.1514535174953047,-0.11817851225020876
559,5.59,-1.1555255701795577,-0.11697760439611564
560,5.6000000000000005,-1.1502646669023533,-0.11613648694672193
561,5.61,-1.1494113018050554,-0.11551347569829405
562,5.62,-1.1533322251286389,-0.11436541936882724
563,5.63,-1.1540103551711385,-0.11226058588551373
564,5.64,-1.1484017950520586,-0.11174341093151294
565,5.65,-1.1445142535226747,-0.11035610724998879
566,5.66,-1.1470489699732436,-0.10920926698323756
567,5.67,-1.1451121393178152,-0.1082277984231963
568,5.68,-1.1449890928635984,-0.10748174561034661
569,5.69,-1.1434574999855,-0.10636969127146259
570,5.7,-1.142620772225234,-0.10447617622687781
571,5.71,-1.1410930080067463,-0.10348989956294151
572,5.72,-1.1369163763200496,-0.1027585620227152
573,5.73,-1.1397210392017227,-0.10131625403022819
574,5.74,-1.1339950866433834,-0.10024838747783005
575,5.75,-1.1407419884081464,-0.0994312139384911
576,5.76,-1.1350796983584548,-0.09783858378957835
577,5.7700000000000005,-1.1311889873531613,-0.09628203140807916
578,5.78,-1.1311693772515927,-0.09522760955230532
579,5.79,-1.1268347908340217,-0.094758600207209
580,5.8,-1.1306807637501768,-0.09350332100665697
581,5.8100000000000005,-1.128954426119232,-0.09187785205702831
582,5.82,-1.1280740287780078,-0.09147426594839968
583,5.83,-1.1249504165817787,-0.09069673800475077
584,5.84,-1.129677390508992,-0.08859957169486185
585,5.8500000000000005,-1.121186078843367,-0.08755088797323313
586,5.86,-1.1174081780114358,-0.0864486329523733
587,5.87,-1.118677066034694,-0.08555796576210935
588,5.88,-1.1228796447274216,-0.0837690169136336
589,5.89,-1.1194603056619261,-0.08348081918428236
590,5.9,-1.122024096264767,-0.08256890903274101
591,5.91,-1.1188460613674747,-0.08111905382982457
592,5.92,-1.1204000844855446,-0.08009417356084471
593,5.93,-1.1141910475207095,-0.07924023331475133
594,5.94,-1.110600327360321,-0.07823796201846867
595,5.95,-1.1098237884560056,-0.07687885968570403
596,5.96,-1.115203841091734,-0.07551515724468978
597,5.97,-1.108405278915581,-0.07438926843353862
598,5.98,-1.1103581961485418,-0.073608936508564
599,5.99,-1.1089517395379846,-0.07199710668110859
600,6.0,-1.106498467344523,-0.07111584177960902
601,6.01,-1.1059497951122843,-0.06988881106054204
602,6.0200000000000005,-1.1030959583851656,-0.06901119720408976
603,6.03,-1.1021482642674403,-0.06763220050354955
604,6.04,-1.1021805875640347,-0.06716899124708449
605,6.05,-1.0964707504454783,-0.06516518691530702
606,6.0600000000000005,-1.0974428812005315,-0.0646259454813268
607,6.07,-1.1002465152995824,-0.06309790110370857
608,6.08,-1.095185788752629,-0.06257087944713964
609,6.09,-1.095391689721988,-0.060703854529289905
610,6.1000000000000005,-1.0944108127679733,-0.060090579099239705
611,6.11,-1.0915768679100921,-0.058944237752610096
612,6.12,-1.0893114031871456,-0.05756861651429509
613,6.13,-1.086540058605856,-0.05689097093101991
614,6.140000000000001,-1.0878557173072991,-0.05587888667574877
615,6.15,-1.087286910342621,-0.054650458906249484
616,6.16,-1.0891696185572564,-0.053156671677547986
617,6.17,-1.0840097827661221,-0.05265898602234935
618,6.18,-1.086146218019004,-0.05128624947873245
619,6.19,-1.0906660401057122,-0.04969797682448151
620,6.2,-1.0869877453054624,-0.04984759671209492
621,6.21,-1.0824209698692668,-0.047944091372934546
622,6.22,-1.0799646079799163,-0.04665711337240019
623,6.23,-1.0770704540533664,-0.045620899969738456
624,6.24,-1.0728259896078491,-0.04539444579581608
625,6.25,-1.077182287627959,-0.043923011975210716
626,6.26,-1.0743853791831914,-0.042328438251097014
627,6.2700000000000005,-1.0740605195030937,-0.04109973683452731
628,6.28,-1.072271440025344,-0.040430422020919045
629,6.29,-1.0690998285211935,-0.03996134670649518
630,6.3,-1.071305504855377,-0.03898160041478698
631,6.3100000000000005,-1.0690083057820743,-0.03734122377437069
632,6.32,-1.0696975523439365,-0.03644191994965704
633,6.33,-1.067922309548254,-0.03491472452071583
634,6.34,-1.0645284427757316,-0.03366024222378803
635,6.3500000000000005,-1.0667683772025764,-0.03342845511951144
636,6.36,-1.064152020953999,-0.03145980355878276
637,6.37,-1.062640983055771,-0.030865903256430245
638,6.38,-1.058916157057981,-0.030441537689049208
639,6.390000000000001,-1.053255342226169,-0.029056467163432576
640,6.4,-1.0612891038817376,-0.028640991527440582
641,6.41,-1.0551808403038616,-0.026388631477632127
642,6.42,-1.0553361317195367,-0.02605111603320021
643,6.43,-1.0528944753702973,-0.025007228123666774
644,6.44,-1.049153608989704,-0.02322836788943619
645,6.45,-1.0454417108836276,-0.022171865148195465
646,6.46,-1.0484942279302165,-0.021798801769504824
647,6.47,-1.041798923707089,-0.01990653935459764
648,6.48,-1.0469493333255793,-0.018610788604949788
649,6.49,-1.0420869113999065,-0.018505194291553777
650,6.5,-1.039174887145425,-0.017069355103274047
651,6.51,-1.035266291717302,-0.01574503017012133
652,6.5200000000000005,-1.0363290942194787,-0.01491403026538455
653,6.53,-1.0449921628910295,-0.013899216610019591
654,6.54,-1.0368676284598612,-0.012550573293183018
655,6.55,-1.0405576019482987,-0.011533326613840166
656,6.5600000000000005,-1.0376354441025202,-0.010711232323233167
657,6.57,-1.0336982272650679,-0.010053891200141236
658,6.58,-1.0377364745197353,-0.008653286629273093
659,6.59,-1.0309945304285122,-0.007022459053773641
660,6.6000000000000005,-1.025063610124418,-0.006873150061672004
661,6.61,-1.0325544961679312,-0.005790341128551784
662,6.62,-1.026196700085229,-0.0053001887558022055
663,6.63,-1.0284938612761356,-0.0037889788778151397
664,6.640000000000001,-1.0280699447372252,-0.003594826790347422
665,6.65,-1.02658771704843,-0.0014767606859774655
666,6.66,-1.0170802019931928,-0.0008895832316002313
667,6.67,-1.0196724724606179,0.00030765051094654345
668,6.68,-1.0169087354884685,0.001512176398974238
669,6.69,-1.0167085051311777,0.001973522531797584
670,6.7,-1.015837316287347,0.0038748312686939334
671,6.71,-1.0182699974138973,0.004866107267996226
672,6.72,-1.0125979086289716,0.004876023349063459
673,6.73,-1.0097788157643215,0.006513821547695887
674,6.74,-1.0118480023892404,0.0070628958410315955
675,6.75,-1.0107522863736176,0.0079648616947898
676,6.76,-1.0074398634466675,0.009191584200697116
677,6.7700000000000005,-1.0069600796737572,0.010186629456067974
678,6.78,-1.0050132906620335,0.011039434422812893
679,6.79,-1.0057992106331042,0.012493119638020201
680,6.8,-1.0007394148807907,0.01362789653132626
681,6.8100000000000005,-1.0027606571975343,0.014419630474142598
682,6.82,-1.0004832829089785,0.015133859492959749
683,6.83,-0.9969336349283431,0.015674691794116992
684,6.84,-0.9986643539479598,0.016862000205039675
685,6.8500000000000005,-0.9917312392990697,0.018288216628920682
686,6.86,-1.0009270243868884,0.019186641529259616
687,6.87,-0.9888170978304596,0.020811518423024113
688,6.88,-0.9907909396603768,0.021655755942909822
689,6.890000000000001,-0.9830379612971465,0.02262928310947705
690,6.9,-0.9846732288646711,0.023257097153993055
691,6.91,-0.9833869047378788,0.02494407602572207
692,6.92,-0.9825387586503661,0.025062170568301723
693,6.93,-0.9802432099129006,0.026518807488402452
694,6.94,-0.9826621164502745,0.02707846176523665
695,6.95,-0.9837865256454975,0.028345753506873378
696,6.96,-0.9790645578411994,0.03002942045228222
697,6.97,-0.976788058811999,0.03056269424516401
698,6.98,-0.980381701253454,0.030816160007344395
699,6.99,-0.9742667037814212,0.03178722927230372
700,7.0,-0.9736809124944972,0.033934044999502935
701,7.01,-0.97316571480936,0.034782499358956886
702,7.0200000000000005,-0.9706343830493768,0.03536649274181307
703,7.03,-0.964483616712864,0.035954619205543686
704,7.04,-0.9644263977280226,0.03728809598521657
705,7.05,-0.9608450215120029,0.037685038840458984
706,7.0600000000000005,-0.9642228368757533,0.03961518317755473
707,7.07,-0.9623839939292044,0.04011745276344988
708,7.08,-0.9645880081292447,0.04095963121719101
709,7.09,-0.9599851790156616,0.042051523634186086
710,7.1000000000000005,-0.9590941349851982,0.04249122323284262
711,7.11,-0.9566791826744758,0.04355933030794618
712,7.12,-0.949869873526796,0.04466858619644368
713,7.13,-0.9522980490529747,0.046465349994196985
714,7.140000000000001,-0.9513595770303299,0.04728460731390125
715,7.15,-0.9466772577257122,0.04781953693215751
716,7.16,-0.9429956467091648,0.04920764809043041
717,7.17,-0.9440546994214869,0.048952166722050335
718,7.18,-0.9427709811558338,0.04952180265040682
719,7.19,-0.9411290703311839,0.05077347992855561
720,7.2,-0.9353279818852787,0.05213529611043828
721,7.21,-0.9394247455986221,0.05310026700383363
722,7.22,-0.9293745873658269,0.05411365449703163
723,7.23,-0.9359137085519906,0.05518198079603187
724,7.24,-0.9369308267380609,0.05547120460934855
725,7.25,-0.9315833858355363,0.05663654365840328
726,7.26,-0.927623571987253,0.05822603130700622
727,7.2700000000000005,-0.9293911273340163,0.058987533884763944
728,7.28,-0.927123180604268,0.060117896770371104
729,7.29,-0.9234555840552028,0.06171549404951737
730,7.3,-0.9228008512224656,0.061267341399222866
731,7.3100000000000005,-0.9230368778623138,0.06272907908410669
732,7.32,-0.9193107613760003,0.06372721603815223
733,7.33,-0.9158989624356605,0.06437718617688809
734,7.34,-0.9160387483918316,0.06530515020711121
735,7.3500000000000005,-0.9143828233784942,0.06582656600798448
736,7.36,-0.9110660139086953,0.06663577928516684
737,7.37,-0.906908175265387,0.06806902024982525
738,7.38,-0.9063610120467787,0.06938157830694183
739,7.390000000000001,-0.9183898732248005,0.06982067164850278
740,7.4,-0.9078541585211664,0.07069427125900997
741,7.41,-0.9079246761023032,0.07186279558157546
742,7.42,-0.9019322471135566,0.07396651004967923
743,7.43,-0.9017932802787638,0.0739801002531714
744,7.44,-0.8992587100831045,0.07418606050986955
745,7.45,-0.899107860956457,0.07507482171506154
746,7.46,-0.8887662694674993,0.07624701396476928
747,7.47,-0.897517227092449,0.0771584120712763
748,7.48,-0.8913530465679256,0.0781750010002287
749,7.49,-0.8935094991548538,0.07847500677372672
750,7.5,-0.8864637684437086,0.07968651603193895
751,7.51,-0.8908343993032475,0.0801919754116725
752,7.5200000000000005,-0.8878711272579435,0.08191354961370254
753,7.53,-0.8814732183175938,0.08211729626809351
754,7.54,-0.8857670758592483,0.08292958016116281
755,7.55,-0.8820988334685179,0.08407534740568011
756,7.5600000000000005,-0.8784072944831102,0.08389960527492182
757,7.57,-0.8745118662740664,0.08638289656543953
758,7.58,-0.8791171060667606,0.08626380494529982
759,7.59,-0.8742306346898031,0.08696823259918889
760,7.6000000000000005,-0.8747307343988917,0.08856262968585198
761,7.61,-0.8684104062730447,0.0892716591844034
762,7.62,-0.8671810382493791,0.08993887384520503
763,7.63,-0.8631589446693713,0.09105232132833903
764,7.640000000000001,-0.8653707021807201,0.09191667719895578
765,7.65,-0.8645435441727067,0.0923149435243731
766,7.66,-0.8617149085853575,0.09305072222712463
767,7.67,-0.8546986739338406,0.09539918307404929
768,7.68,-0.852255263490686,0.09543909682343651
769,7.69,-0.8560588736907103,0.0967149741189144
770,7.7,-0.8497422253137975,0.09743110319215706
771,7.71,-0.8555387770551784,0.09718668947939278
772,7.72,-0.8588493802784177,0.09892348735348735
773,7.73,-0.8483588525628114,0.10008565901162972
774,7.74,-0.8463221237813363,0.10077119445033164
775,7.75,-0.838619346851506,0.10095543127315396
776,7.76,-0.8425173950981185,0.10307118941359256
777,7.7700000000000005,-0.8412986381700059,0.10259247420013907
778,7.78,-0.8363677086581092,0.10382656079296451
779,7.79,-0.8357833781829591,0.10429074548904745
780,7.8,-0.8297219790146139,0.10610121646220826
781,7.8100000000000005,-0.8282665240387647,0.10618226938183538
782,7.82,-0.8288707945719197,0.10807454985586482
783,7.83,-0.8262301817429644,0.10811102763734999
784,7.84,-0.8303598525209676,0.10849478156740447
785,7.8500000000000005,-0.8263418808156409,0.10939704457527996
786,7.86,-0.8218931049166293,0.11116137196848548
787,7.87,-0.8201710842488926,0.1112011932964314
788,7.88,-0.8096715524209542,0.11127165610150663
789,7.890000000000001,-0.8154751867242345,0.11266785938139111
790,7.9,-0.812307778622221,0.11403473527111928
791,7.91,-0.8080362497328265,0.11472751184427919
792,7.92,-0.8061324800923748,0.11467975094213304
793,7.930000000000001,-0.7995985002414105,0.11639748248592269
794,7.94,-0.7997145594228543,0.11670542622340462
795,7.95,-0.807068540874366,0.11794904937638319
796,7.96,-0.7980885680407825,0.11956781660260035
797,7.97,-0.7952704311719175,0.12019393522536159
798,7.98,-0.7923819723435896,0.12057146928493843
799,7.99,-0.7907691128215942,0.11995525188463407
800,8.0,-0.7891120086936929,0.12156916438118837
801,8.01,-0.7840459950990135,0.12336234687546527
802,8.02,-0.7899471751089204,0.12384505226259916
803,8.03,-0.7810541819481179,0.12435981548698066
804,8.040000000000001,-0.780216323708517,0.12526832004153887
805,8.05,-0.7729294856984309,0.12470040436567792
806,8.06,-0.7770072237491541,0.1262015191937053
807,8.07,-0.773594297775897,0.12701281165176276
808,8.08,-0.7670877592879191,0.12805959766417863
809,8.09,-0.7688291676012777,0.1290205281660584
810,8.1,-0.7657541270036149,0.12941339885471895
811,8.11,-0.762687518179676,0.13066135171874357
812,8.120000000000001,-0.7614365796768042,0.1310329866445442
813,8.13,-0.7612826725741447,0.13224272397982773
814,8.14,-0.7482695322328891,0.13295737239005265
815,8.15,-0.7581160758308122,0.13352700905758805
816,8.16,-0.7552134631147636,0.13416131465501652
817,8.17,-0.7499478235179038,0.13494768657126094
818,8.18,-0.7460860359699195,0.13548652659787422
819,8.19,-0.7416083506862808,0.136684347990514
820,8.2,-0.7375950654860484,0.13733051081973718
821,8.21,-0.7368171173900531,0.13742688026621006
822,8.22,-0.7334067756921381,0.13822583731420124
823,8.23,-0.7332084701964767,0.13957835938561353
824,8.24,-0.7330063412113151,0.1396571655746666
825,8.25,-0.7304358784519825,0.14033508354304816
826,8.26,-0.7253688926254773,0.14202715450064196
827,8.27,-0.7240419200872287,0.1413866218367199
828,8.28,-0.7223843069067901,0.14284050596242112
829,8.290000000000001,-0.7143140985458019,0.14335887092494287
830,8.3,-0.7206454169654533,0.1446475610572659
831,8.31,-0.7108550691705214,0.14502108132536634
832,8.32,-0.7078388602260102,0.14664126763732996
833,8.33,-0.7074342122707616,0.14691844336065663
834,8.34,-0.7047776614986231,0.14632976761881308
835,8.35,-0.7009500701743779,0.14819561648088442
836,8.36,-0.7022441813539901,0.14886929901142779
837,8.370000000000001,-0.6925799180362784,0.14942152240817475
838,8.38,-0.6940303097463283,0.14990104033870216
839,8.39,-0.6898465357782169,0.15028288945281348
840,8.4,-0.6865375209678901,0.151386015909821
841,8.41,-0.6796186808035487,0.1517929172155522
842,8.42,-0.6798056245810606,0.15288037508797045
843,8.43,-0.6780096674726669,0.1538403365533434
844,8.44,-0.671552975020846,0.1546385049109086
845,8.45,-0.666554109146197,0.15473959836071283
846,8.46,-0.6691702989271161,0.15549531261444804
847,8.47,-0.6656622946806071,0.15461199480670518
848,8.48,-0.6634536700467397,0.15699835403621254
849,8.49,-0.6541395526486081,0.15774501107884994
850,8.5,-0.6535354561374438,0.15787445020708946
851,8.51,-0.6512333560271366,0.1590904662702075
852,8.52,-0.6488376249809947,0.15912990910944025
853,8.53,-0.647870744658986,0.16008149427057083
854,8.540000000000001,-0.6395956273391565,0.16053049790879928
855,8.55,-0.6411625678473537,0.16179150795445618
856,8.56,-0.6347960850601166,0.16157115496674468
857,8.57,-0.635300573336608,0.1630250229529762
858,8.58,-0.6237220657016025,0.16347646133134633
859,8.59,-0.6230531947960332,0.16368899716562516
860,8.6,-0.6170799307108293,0.16402745750197809
861,8.61,-0.616564565873142,0.16515455467806106
862,8.620000000000001,-0.6076034621029793,0.1656793176976651
863,8.63,-0.6071550048338435,0.16619070974851263
864,8.64,-0.6028217461567916,0.1665297405484629
865,8.65,-0.601189020997397,0.16802771147274767
866,8.66,-0.595941928123886,0.1680540987629609
867,8.67,-0.5872556384773083,0.1684271039598974
868,8.68,-0.5894010596725026,0.1689547282374191
869,8.69,-0.583972946169855,0.1703569019259105
870,8.700000000000001,-0.5775236804837535,0.16998447370065717
871,8.71,-0.5771949208510194,0.17046718685840104
872,8.72,-0.5688085775562837,0.17249137670295453
873,8.73,-0.5641128539224526,0.1721673510701707
874,8.74,-0.5624191780963577,0.1729350948768719
875,8.75,-0.554070288570738,0.17320895798251462
876,8.76,-0.5514937645436364,0.17384670990740725
877,8.77,-0.5447564718663064,0.17403799902500927
878,8.78,-0.5423676241540977,0.17415251592957032
879,8.790000000000001,-0.5399631831491407,0.1755164178648935
880,8.8,-0.5347965531801727,0.17555428232582335
881,8.81,-0.5271278861107794,0.17701308794819218
882,8.82,-0.5239064992737138,0.1770612686928429
883,8.83,-0.5208353480764585,0.17723507547536999
884,8.84,-0.5167894177413717,0.17828479054743218
885,8.85,-0.5085561070271527,0.17775953292226762
886,8.86,-0.5038595311972054,0.17959942788767597
887,8.870000000000001,-0.5002123440239739,0.17982195357108
888,8.88,-0.49222863106188613,0.18056475575969
889,8.89,-0.49263010819469316,0.1802606200462139
890,8.9,-0.48645050414673874,0.18092376202856508
891,8.91,-0.48032829225348633,0.1812443680079507
892,8.92,-0.4671455751359171,0.18196735293280342
893,8.93,-0.46388222272130997,0.18272702634287674
894,8.94,-0.4618666227404129,0.18289132671773015
895,8.950000000000001,-0.45378516050146483,0.18365654518597085
896,8.96,-0.4469846180722652,0.18438336215089285
897,8.97,-0.43926164147469166,0.18494745916211075
898,8.98,-0.4353696661546394,0.184967326280128
899,8.99,-0.4276900885325086,0.18583488032521445
900,9.0,-0.42391811710069216,0.18535526691200938
901,9.01,-0.40751813041448776,0.18576333150925028
902,9.02,-0.4080033889971872,0.1862864517384886
903,9.03,-0.39359263119551585,0.1869941602584831
904,9.040000000000001,-0.390532939707049,0.18681817831585737
905,9.05,-0.38678089853337444,0.18773249305037776
906,9.06,-0.37682024497250255,0.18811085913473724
907,9.07,-0.36448460164475815,0.18817389022055808
908,9.08,-0.35578194518042194,0.189225307303449
909,9.09,-0.3520432225817138,0.18988952020483688
910,9.1,-0.33945769408023496,0.19004787485618446
911,9.11,-0.33221008288453924,0.1904333282237924
912,9.120000000000001,-0.3275677580724439,0.1902234707286717
913,9.13,-0.31694885218394664,0.19048685905026014
914,9.14,-0.30631146156543126,0.19097033892599657
915,9.15,-0.2927290550551179,0.1915241243067809
916,9.16,-0.27488409589630924,0.191389404794735
917,9.17,-0.2671791897872009,0.19121825194369613
918,9.18,-0.25945364414115757,0.19179611259263452
919,9.19,-0.24688877368550646,0.19249108788898528
920,9.200000000000001,-0.23314678502616665,0.1933236422285728
921,9.21,-0.22325983816372577,0.1929634363055307
922,9.22,-0.2139061527995601,0.19273801185823677
923,9.23,-0.19977019101778745,0.19401688937230052
924,9.24,-0.18784323647251205,0.19355643436320732
925,9.25,-0.1749985851633087,0.1933440543258276
926,9.26,-0.16115385794090034,0.19359417740413012
927,9.27,-0.1430867058963935,0.19400394533088358
928,9.28,-0.1304668187178075,0.19403136512855568
929,9.290000000000001,-0.11885541294889025,0.19345323857389737
930,9.3,-0.1021923604804842,0.19377949314214388
931,9.31,-0.08208326058682622,0.19445933594451179
932,9.32,-0.06939997464636687,0.1941090062162804
933,9.33,-0.046454722757195185,0.19500912235542855
934,9.34,-0.03009597878813944,0.1947998695794747
935,9.35,-0.014168736212128882,0.194846574109365
936,9.36,0.010063793844702244,0.1944198330113234
937,9.370000000000001,0.028930967504969464,0.1940827742647204
938,9.38,0.04300815130329491,0.1945481405524026
939,9.39,0.06867749095501363,0.19419809110616723
940,9.4,0.08682100248042379,0.19423221778127173
941,9.41,0.11631250084868704,0.19390562112800946
942,9.42,0.14018993046616904,0.194307834719703
943,9.43,0.16117442910627158,0.19387665985687713
944,9.44,0.187583275601226,0.19366001912521502
945,9.450000000000001,0.21531746739843577,0.19386689326233572
946,9.46,0.23896751647386844,0.19330526686740987
947,9.47,0.26836343537456225,0.19302602609982672
948,9.48,0.2934918901479667,0.1924363527077899
949,9.49,0.3241026644115118,0.19252044627791348
950,9.5,0.35105452805816223,0.1913120124578852
951,9.51,0.38351541877381246,0.19207387273466625
952,9.52,0.4113274249484266,0.19053282341407785
953,9.53,0.44067769598683637,0.19079151586531132
954,9.540000000000001,0.4782080896961076,0.189955412624335
955,9.55,0.5074238977631442,0.190275694680789
956,9.56,0.5401288370485564,0.1892681604833051
957,9.57,0.569917092141711,0.19005266817086944
958,9.58,0.5984833672313076,0.18807535983934545
959,9.59,0.6269801204797107,0.18774727923658074
960,9.6,0.6627016812158553,0.18654536539917457
961,9.61,0.6966391122837077,0.18653342681256774
962,9.620000000000001,0.7250713291123874,0.18579472225957985
963,9.63,0.7575666764380254,0.18477320793028623
964,9.64,0.7849754780434637,0.184454294773702
965,9.65,0.807982606301189,0.18308538380803782
966,9.66,0.8370493141522873,0.18233537124296162
967,9.67,0.8650190171462312,0.18163617545901542
968,9.68,0.8909527289151122,0.18139961151870035
969,9.69,0.9137648295139189,0.17938611213357275
970,9.700000000000001,0.9383413709281604,0.17915840466532368
971,9.71,0.9581050549126838,0.17793288388601886
972,9.72,0.9744359311567148,0.1770716043187331
973,9.73,0.9954939195644379,0.1758721127142836
974,9.74,1.0137718544544378,0.1751845238374062
975,9.75,1.0257876542536093,0.17395845359375595
976,9.76,1.0454829270608257,0.17366948909845176
977,9.77,1.0549394479917829,0.17129435848272728
978,9.78,1.0717402497571442,0.17064889879111758
979,9.790000000000001,1.0802276896608805,0.16974487732659824
980,9.8,1.0878159283207656,0.16817064425447756
981,9.81,1.1015580766049957,0.1672866955285973
982,9.82,1.1018777775268698,0.16657518212609804
983,9.83,1.1204954186064704,0.1648551157820751
984,9.84,1.1255106671904511,0.16422768488056524
985,9.85,1.1274487863923763,0.1628376520767756
986,9.86,1.1380224952089224,0.1617834333186657
987,9.870000000000001,1.1431851731771194,0.16082467042096962
988,9.88,1.1491902178615063,0.15931021059767422
989,9.89,1.1453992587170059,0.15815339797090266
990,9.9,1.1492041297876772,0.15757928269037183
991,9.91,1.1503030807171926,0.15599880202380784
992,9.92,1.1614123609061378,0.15495499650188196
993,9.93,1.1655968517964044,0.15401110949132785
994,9.94,1.160371209881966,0.15305125983569837
995,9.950000000000001,1.1646022059542984,0.15193787335758396
996,9.96,1.1636804570857255,0.15034229180517109
997,9.97,1.1664160341227754,0.14905115021105375
998,9.98,1.1697138882701081,0.14838737331012833
999,9.99,1.1719513159435535,0.1475830708356746
1000,10.0,1.1705225952342873,0.1459770344538885
1001,10.01,1.1667138555345744,0.1442306565426436
1002,10.02,1.1658674478640227,0.14414516618730777
1003,10.03,1.1679606650690875,0.1420081823553995
1004,10.040000000000001,1.1681299934408615,0.14095099617154067
1005,10.05,1.17175953422411,0.1397919857814576
1006,10.06,1.1651656420803653,0.13839817470120125
1007,10.07,1.1676119954210222,0.13783628485345129
1008,10.08,1.1695948549939572,0.1362057077915363
1009,10.09,1.1628457525649725,0.1356174749536196
1010,10.1,1.1666726035799693,0.13409113905016173
1011,10.11,1.1645497829420437,0.13315379978379233
1012,10.120000000000001,1.164829541139425,0.13098399580610337
1013,10.13,1.1627976344619786,0.13079349573777832
1014,10.14,1.1604475136945132,0.1300900404726844
1015,10.15,1.165912087540423,0.12884140650305792
1016,10.16,1.157310864456821,0.126756826508534
1017,10.17,1.1550040522733274,0.12586659799894595
1018,10.18,1.1603790775896792,0.12398725069117299
1019,10.19,1.1591908040162806,0.1232840225821708
1020,10.200000000000001,1.1580995108286194,0.12270294574274489
1021,10.21,1.1547690758736802,0.1209870810132405
1022,10.22,1.1556622056033448,0.1196825466465884
1023,10.23,1.1582417832400758,0.11887319841004738
1024,10.24,1.1552960076761503,0.1176565618754354
1025,10.25,1.1502907726271387,0.11664185683831388
1026,10.26,1.1491344730807243,0.11522036329144848
1027,10.27,1.1585190996443488,0.11441903083430606
1028,10.28,1.1483503162325897,0.11225697645232463
1029,10.290000000000001,1.1569295393076178,0.11205150416027145
1030,10.3,1.150411283024218,0.11090901470801853
1031,10.31,1.1492666394301017,0.1100536726830717
1032,10.32,1.1443848645153618,0.10885523022137733
1033,10.33,1.1450338053022793,0.10704804216881046
1034,10.34,1.141900726584114,0.10706567338550665
1035,10.35,1.1395409018107472,0.10480715354253084
1036,10.36,1.1424267492189784,0.10418665082889439
1037,10.370000000000001,1.1422123845456098,0.10266738788620096
1038,10.38,1.132887877022868,0.10139087540419561
1039,10.39,1.1380586937652803,0.10052222589407807
1040,10.4,1.1345554239713325,0.09985116586231124
1041,10.41,1.1399340186695024,0.09828563988486952
1042,10.42,1.1277856352416875,0.09751773000375616
1043,10.43,1.1317477658528132,0.09598119812817707
1044,10.44,1.1305262472952002,0.09437927296120191
1045,10.450000000000001,1.1349096853788117,0.09429437416180801
1046,10.46,1.1313192026795782,0.09169401437113786
1047,10.47,1.1249535870813678,0.09122938429953088
1048,10.48,1.1279789438370151,0.09074441557399654
1049,10.49,1.1269184505208367,0.08933242215761292
1050,10.5,1.12803102367187,0.08828250895023303
1051,10.51,1.1198572664501751,0.08770176207849882
1052,10.52,1.1233096697471352,0.08537723825936981
1053,10.53,1.1218567633771888,0.08509535235908582
1054,10.540000000000001,1.1144369562746244,0.08363360300897872
1055,10.55,1.1220535447812279,0.08309551781168706
1056,10.56,1.118255458130268,0.08144770707946519
1057,10.57,1.112222936613231,0.08069511765532318
1058,10.58,1.1166082610875452,0.07900959671998466
1059,10.59,1.1201009349516071,0.07817344867394208
1060,10.6,1.1158399608236775,0.07706229369669232
1061,10.61,1.115346829791006,0.07540445963463724
1062,10.620000000000001,1.1100466064547307,0.07529734901427505
1063,10.63,1.1128125790196313,0.07319914402367793
1064,10.64,1.105493646385632,0.07246674164486983
1065,10.65,1.104209780699101,0.07139027557090062
1066,10.66,1.113225113280155,0.0706568069534959
1067,10.67,1.106905903406022,0.06868895907158146
1068,10.68,1.1057152064857627,0.0679529757969106
1069,10.69,1.097419614960764,0.06723482524644597
1070,10.700000000000001,1.1031099592138904,0.065498616949476
1071,10.71,1.098265787542421,0.06433303576192946
1072,10.72,1.096792874584066,0.0640567856230164
1073,10.73,1.0958101096558535,0.06250008063490899
1074,10.74,1.097995751549993,0.061577789114231514
1075,10.75,1.097764277561045,0.0601420894251137
1076,10.76,1.0946674553397033,0.05960243124055267
1077,10.77,1.0887506428497653,0.05859263797762184
1078,10.78,1.0868267899904378,0.05733113880719038
1079,10.790000000000001,1.0901943666184064,0.05583703969249933
1080,10.8,1.0918714517353914,0.05491624010640601
1081,10.81,1.086950210952885,0.05324049805262495
1082,10.82,1.0890447795459874,0.05348842302839091
1083,10.83,1.0827647193573529,0.05177836907496508
1084,10.84,1.0822737528044968,0.05032542056512116
1085,10.85,1.0891586045817934,0.049402303591018555
1086,10.86,1.0896481794872117,0.04881153419338245
1087,10.870000000000001,1.0807283609331546,0.04746136320788044
1088,10.88,1.0812098522083573,0.04613440365242648
1089,10.89,1.0724258850441257,0.04523476246472335
1090,10.9,1.0814938118214845,0.04342467992288148
1091,10.91,1.079954048919692,0.04284760347377921
1092,10.92,1.0748159261365589,0.04210317872860654
1093,10.93,1.0677255094352642,0.04140746661955869
1094,10.94,1.0743336552128941,0.039872786228724526
1095,10.950000000000001,1.0686140600385525,0.03909491303176969
1096,10.96,1.0713147772458844,0.03821709384681746
1097,10.97,1.0722384184740843,0.03643921744092109
1098,10.98,1.0667335400740572,0.03538020095592064
1099,10.99,1.0611742333955987,0.03458919305542419
1100,11.0,1.0663082156256751,0.03340444013889658
1101,11.01,1.0587912837245415,0.03280242945659341
1102,11.02,1.0603625630349343,0.030936552246250082
1103,11.03,1.0609147570684963,0.02991704378089724
1104,11.040000000000001,1.0559533446509166,0.028641246503521848
1105,11.05,1.0596614593674836,0.02899882653614046
1106,11.06,1.0510911322680156,0.02759370206392565
1107,11.07,1.051793743815403,0.026285041414706563
1108,11.08,1.0539059755525089,0.02509860484463701
1109,11.09,1.0524727675529129,0.024096545401005677
1110,11.1,1.0529941382694665,0.022741684687104653
1111,11.11,1.0516229019529058,0.021797066600320866
1112,11.120000000000001,1.0428522685641244,0.021097849852443454
1113,11.13,1.0438882929662243,0.020333276271254808
1114,11.14,1.044890290332395,0.01900996071452906
1115,11.15,1.0486676507770936,0.017457763546109416
1116,11.16,1.044034127892236,0.016471475580295457
1117,11.17,1.0405615300872362,0.015606219342811953
1118,11.18,1.0356763252108938,0.014955948321580691
1119,11.19,1.044169513079616,0.013810852587582776
1120,11.200000000000001,1.0359967913711252,0.011840917598002161
1121,11.21,1.0323090222185323,0.011246826569185627
1122,11.22,1.0336103373611416,0.009786108096254367
1123,11.23,1.0334274672194,0.009391880629729092
1124,11.24,1.0318867250746913,0.007179072974725569
1125,11.25,1.0294610591412616,0.007796712333328052
1126,11.26,1.025258874549297,0.005628787351903215
1127,11.27,1.0271250805787846,0.005424478936098206
1128,11.28,1.026556960454097,0.003330971520288305
1129,11.290000000000001,1.0300049742515351,0.0037364401365230044
1130,11.3,1.0228518196419074,0.0025248195338009975
1131,11.31,1.0215572772443577,0.0010286387843279736
1132,11.32,1.0241924401175742,0.0004622927730557669
1133,11.33,1.0262577254604326,-0.000448417659399422
1134,11.34,1.0179071834384827,-0.0027500760223338086
1135,11.35,1.0184527880341883,-0.002920703290765212
1136,11.36,1.010352429063076,-0.0034591675423626027
1137,11.370000000000001,1.012334100237597,-0.0052623104013544055
1138,11.38,1.0117575452934957,-0.005665961676979867
1139,11.39,1.0081636981692248,-0.0074120876927564186
1140,11.4,1.009273606413617,-0.007929356599320264
1141,11.41,1.0081436531584973,-0.00801625903428748
1142,11.42,1.0083615774386891,-0.009582642907880492
1143,11.43,1.0070448861759367,-0.010744796814029801
1144,11.44,1.0014726185921572,-0.011927316681173628
1145,11.450000000000001,0.9998544449942278,-0.012756990524810725
1146,11.46,1.0011851855449283,-0.014560230436070206
1147,11.47,1.0058222443263591,-0.015006824506957615
1148,11.48,0.9988918018176663,-0.015979950965379394
1149,11.49,0.9932355022683135,-0.016590045790206058
1150,11.5,0.9926728548992253,-0.0177099446092502
1151,11.51,0.9900717006341846,-0.01935868895319879
1152,11.52,0.9917834721080121,-0.020245985108486825
1153,11.53,0.9911042346916826,-0.021085128222136665
1154,11.540000000000001,0.9889155433432419,-0.02243858729410259
1155,11.55,0.9845795335641725,-0.022816931832061946
1156,11.56,0.9808956935968393,-0.023880521635810063
1157,11.57,0.9845451001768951,-0.025042823957752498
1158,11.58,0.981505564085552,-0.026880007552639924
1159,11.59,0.9708002600732755,-0.02792655697511498
1160,11.6,0.9831091256072845,-0.028755447671027928
1161,11.61,0.974271356062923,-0.02853435213399834
1162,11.620000000000001,0.9768878127149938,-0.03037604109874594
1163,11.63,0.9708435710896088,-0.0308950923754668
1164,11.64,0.9767694385461837,-0.030798294512155107
1165,11.65,0.9676180589079151,-0.03286877108214774
1166,11.66,0.9741173614577391,-0.034247929636822265
1167,11.67,0.9669559286288321,-0.03480657295908814
1168,11.68,0.9667723335424099,-0.03562369760059987
1169,11.69,0.9656303318708975,-0.035519304893125235
1170,11.700000000000001,0.9635795918242348,-0.03736428921555417
1171,11.71,0.9629210848635311,-0.039034856101822425
1172,11.72,0.9580368571850683,-0.03976379832460579
1173,11.73,0.9638765237011605,-0.040925458849738625
1174,11.74,0.9599157051100186,-0.041740882576004334
1175,11.75,0.95652835775523,-0.04146302626666526
1176,11.76,0.9592184625538345,-0.04379307619932356
1177,11.77,0.951985786919773,-0.04416340878386886
1178,11.78,0.9518760055564366,-0.04499673473885872
1179,11.790000000000001,0.9524156889810242,-0.046204524029562016
1180,11.8,0.9494089976479589,-0.04683851907351109
1181,11.81,0.9458089119374546,-0.048069733135444756
1182,11.82,0.9441874061881332,-0.04912266729615326
1183,11.83,0.9413945438946015,-0.05010405448338442
1184,11.84,0.9447039207348096,-0.051651546073991
1185,11.85,0.9409822424337312,-0.05262081832611085
1186,11.86,0.9438226476023801,-0.05329798161686469
1187,11.870000000000001,0.9357735016819771,-0.053514887477898496
1188,11.88,0.9339754832751981,-0.05491715501222827
1189,11.89,0.9292712374940283,-0.0558990399913035
1190,11.9,0.9346841245792508,-0.05570164352878034
1191,11.91,0.9281175204517119,-0.05745679168212773
1192,11.92,0.929236321456179,-0.05832519741102142
1193,11.93,0.9301972988920186,-0.059683277252013826
1194,11.94,0.927642640165968,-0.06072395621224221
1195,11.950000000000001,0.926769777073766,-0.06185026801856076
1196,11.96,0.9207360199612762,-0.06265072276929282
1197,11.97,0.919696150589745,-0.06314240455532547
1198,11.98,0.91939994248144,-0.06380541510971628
1199,11.99,0.9159974239654318,-0.06520670177611407
1200,12.0,0.9190987624543392,-0.06586407480043915
1201,12.01,0.913819138710509,-0.06662413237383781
1202,12.02,0.9120048832484845,-0.06792009381344745
1203,12.030000000000001,0.908077187759378,-0.06874562343882452
1204,12.040000000000001,0.9085286543041095,-0.06953283194489793
1205,12.05,0.9067210657533672,-0.07097292083393532
1206,12.06,0.9101620937851593,-0.07122362876614578
1207,12.07,0.8983211362727446,-0.07250767909706436
1208,12.08,0.9076690416779024,-0.07304340307101212
1209,12.09,0.9026878879656779,-0.07397212089592617
1210,12.1,0.8997100973149615,-0.07494412674743
1211,12.11,0.8991940800084155,-0.07663113154363155
1212,12.120000000000001,0.8971658706613186,-0.0766109917244394
1213,12.13,0.8922716114751664,-0.07677216143728086
1214,12.14,0.8904168345204879,-0.07811814364889465
1215,12.15,0.8877173490247994,-0.07952395052182507
1216,12.16,0.886842320052296,-0.08091081792186579
1217,12.17,0.8865551118032594,-0.08166142266769771
1218,12.18,0.8867495791078124,-0.0818805500546102
1219,12.19,0.8851647367154277,-0.082662433375428
1220,12.200000000000001,0.8813925908638172,-0.08357619699097811
1221,12.21,0.8784352944514568,-0.08444488867061221
1222,12.22,0.88038402862826,-0.08577635054131524
1223,12.23,0.8758495893478762,-0.08652166422291692
1224,12.24,0.871641297453938,-0.08726395173590458
1225,12.25,0.8763669964354746,-0.0884399970494484
1226,12.26,0.8718950622128764,-0.0885517755707795
1227,12.27,0.866375483700307,-0.09026552645524169
1228,12.280000000000001,0.8679375437170679,-0.09056099706372925
1229,12.290000000000001,0.8643289041416247,-0.091996241531323
1230,12.3,0.8617487524630765,-0.09328020665999542
1231,12.31,0.8571071529451402,-0.09269832588693226
1232,12.32,0.8592676184371044,-0.09465562050404346
1233,12.33,0.8565206493703852,-0.09519315072352935
1234,12.34,0.8637412712365864,-0.0962120683966884
1235,12.35,0.8550656546245899,-0.09662899401659321
1236,12.36,0.8536376528467676,-0.09759292520371482
1237,12.370000000000001,0.8524172945924746,-0.09863827690453604
1238,12.38,0.8445953418698394,-0.09920730644367638
1239,12.39,0.8444941912605404,-0.10046568054258906
1240,12.4,0.8450119731946413,-0.10027078807459117
1241,12.41,0.8399361887554021,-0.10170898064923127
1242,12.42,0.8444858859642379,-0.10270598658989998
1243,12.43,0.8378384779572529,-0.10306380145254931
1244,12.44,0.8341355816149553,-0.10422003472640155
1245,12.450000000000001,0.8326509956254345,-0.10548475285976225
1246,12.46,0.8324369553887987,-0.10656292348192958
1247,12.47,0.8320938426141208,-0.10647903547262016
1248,12.48,0.827363140132198,-0.10787550513792138
1249,12.49,0.8251426727698584,-0.1089312427017114
1250,12.5,0.823234162041272,-0.10919130643271457
1251,12.51,0.8228838089028971,-0.1103919930102243
1252,12.52,0.8200750466081236,-0.11183989653977522
1253,12.530000000000001,0.8175725396968544,-0.11140207573982433
1254,12.540000000000001,0.815776096545754,-0.11219475040356332
1255,12.55,0.8143371916733847,-0.1132821962719515
1256,12.56,0.8116053910008499,-0.11436447402978278
1257,12.57,0.8099897782293696,-0.11503563986700371
1258,12.58,0.8060396033907822,-0.11599362689870114
1259,12.59,0.8002151000549108,-0.11741147560634749
1260,12.6,0.8007652570768875,-0.11754584722774924
1261,12.61,0.7980219734184536,-0.117543441514163
1262,12.620000000000001,0.7945334884855128,-0.11971055772670774
1263,12.63,0.7987650047265378,-0.11966316618360946
1264,12.64,0.7955662249481161,-0.12105012451948026
1265,12.65,0.7904662859918361,-0.12157214807548426
1266,12.66,0.7849680334437755,-0.12254692690500131
1267,12.67,0.7851276277034834,-0.12231940791899282
1268,12.68,0.7862610236539405,-0.12464926019908767
1269,12.69,0.7792425621206385,-0.12468359514470388
1270,12.700000000000001,0.7753341948544408,-0.12583445665450468
1271,12.71,0.7732904415132832,-0.12609891005899024
1272,12.72,0.7764469313081084,-0.12688194461480495
1273,12.73,0.7710961586344807,-0.12788597927008444
1274,12.74,0.7653991772076797,-0.12904136054184773
1275,12.75,0.769817961257458,-0.12963454499671628
1276,12.76,0.7629124184014258,-0.1296501951910959
1277,12.77,0.7589333164390079,-0.13086489815512004
1278,12.780000000000001,0.7573468980473043,-0.13172506288470287
1279,12.790000000000001,0.760700406608963,-0.13270575838116208
1280,12.8,0.7536710156195326,-0.13271636608312748
1281,12.81,0.7481456769744349,-0.13364483334515626
1282,12.82,0.7565347665935577,-0.13500154261719904
1283,12.83,0.7434132005469448,-0.1352508319047087
1284,12.84,0.7452585209219774,-0.13583927719242192
1285,12.85,0.7370630758766779,-0.1365441159996928
1286,12.86,0.7406120211701848,-0.13780694845993555
1287,12.870000000000001,0.742332695640665,-0.13798345603088769
1288,12.88,0.7324368473130245,-0.13959237176609315
1289,12.89,0.7324709965315015,-0.14047097678156792
1290,12.9,0.7343679204909963,-0.14026381092956602
1291,12.91,0.7227977521357901,-0.14222355991192975
1292,12.92,0.72109249540988,-0.14246182012625855
1293,12.93,0.7251021259137909,-0.14219666469523384
1294,12.94,0.7163386637050488,-0.14345505825142382
1295,12.950000000000001,0.7115178097225392,-0.14431842563518268
1296,12.96,0.7115203678841046,-0.1445647844555185
1297,12.97,0.7080777684962014,-0.1451289167576322
1298,12.98,0.7084363099538797,-0.14602353321381067
1299,12.99,0.7024560143186536,-0.1472577383860987
1300,13.0,0.6999716284737159,-0.1477222371053883
1301,13.01,0.6979667428111265,-0.14805969580204523
1302,13.02,0.6937063996653869,-0.14888790442586902
1303,13.030000000000001,0.6916387171577291,-0.14978253308163816
1304,13.040000000000001,0.6949374216863177,-0.1508999875165841
1305,13.05,0.6909571934595313,-0.1517275406734402
1306,13.06,0.6836041913524289,-0.1521042964259845
1307,13.07,0.683869464584098,-0.15227044496058995
1308,13.08,0.6867478667933701,-0.1542927078923666
1309,13.09,0.6751566485715791,-0.15427374218064185
1310,13.1,0.6787785482049977,-0.15505331433530198
1311,13.11,0.6656975790190995,-0.15481411001362605
1312,13.120000000000001,0.663365494273554,-0.15595889435611615
1313,13.13,0.662276990849437,-0.15667092536165284
1314,13.14,0.6574605648108107,-0.15687626921174816
1315,13.15,0.6571754305828981,-0.1582403746123611
1316,13.16,0.6481586255419013,-0.1587235979350094
1317,13.17,0.6420228729245657,-0.1598941955952211
1318,13.18,0.6437794250898079,-0.16043787942594753
1319,13.19,0.6421347419020031,-0.16071411591066168
1320,13.200000000000001,0.6312236658504122,-0.16116322774707775
1321,13.21,0.6343893816767491,-0.16163529647504568
1322,13.22,0.6366302614834914,-0.1622962658679962
1323,13.23,0.6254463190909072,-0.1632880517505199
1324,13.24,0.6249363280269011,-0.16401826078117707
1325,13.25,0.6223992614260546,-0.1642981660681598
1326,13.26,0.6155261952057974,-0.1654208460993839
1327,13.27,0.6121162322646911,-0.16540564045047043
1328,13.280000000000001,0.6099941077098281,-0.1658633518448299
1329,13.290000000000001,0.6077178826986497,-0.1659270272782863
1330,13.3,0.6000913220635993,-0.1681346230749989
1331,13.31,0.5896161823186873,-0.16816130377499758
1332,13.32,0.5942548905288882,-0.16894699072417196
1333,13.33,0.5908685343151614,-0.16892528642408872
1334,13.34,0.5813092449591529,-0.16981090453682107
1335,13.35,0.5831351874777002,-0.17060333986166062
1336,13.36,0.5757775737820767,-0.17139715683872037
1337,13.370000000000001,0.5697564073878673,-0.17170748759211
1338,13.38,0.572193263695493,-0.17200183908961364
1339,13.39,0.5619443851026575,-0.17273722445073997
1340,13.4,0.5572576040887522,-0.1721525387717205
1341,13.41,0.5526747749006753,-0.17344211957384387
1342,13.42,0.5509614574769401,-0.1744084055741512
1343,13.43,0.5433083706699496,-0.17524112448383083
1344,13.44,0.5337261166837644,-0.17515455414523962
1345,13.450000000000001,0.5321584742233753,-0.17603764790921528
1346,13.46,0.5277621415303569,-0.17659079810304726
1347,13.47,0.5222470186658033,-0.1766851682508415
1348,13.48,0.5218443329036816,-0.17719558521408169
1349,13.49,0.5140710179218373,-0.17826826794893844
1350,13.5,0.5092180245070321,-0.17823975650856239
1351,13.51,0.5080870481417097,-0.17930554831991968
1352,13.52,0.49358369769533583,-0.1792219468396611
1353,13.530000000000001,0.49758508452885986,-0.1802170645127774
1354,13.540000000000001,0.48680517087412656,-0.18095227286928459
1355,13.55,0.4830558657208638,-0.18056006740039576
1356,13.56,0.4791259332754894,-0.18125894266597975
1357,13.57,0.475749081953726,-0.18264236666343225
1358,13.58,0.4691778592223441,-0.1827114586033097
1359,13.59,0.46191129408796616,-0.18305400320493329
1360,13.6,0.4520460414143268,-0.18300881173000103
1361,13.61,0.4456240132828027,-0.18384596561823124
1362,13.620000000000001,0.4433863185791149,-0.18397986897385968
1363,13.63,0.43505027581308864,-0.18460899986170648
1364,13.64,0.4283386435373218,-0.18541415365303363
1365,13.65,0.4198562962037658,-0.18503515205074536
1366,13.66,0.41885567275125885,-0.1862880076115678
1367,13.67,0.4018817378868339,-0.18656192547733103
1368,13.68,0.39855470638997825,-0.18645670897991815
1369,13.69,0.3934220170536447,-0.18680768378160442
1370,13.700000000000001,0.3782484291666569,-0.18769900019573982
1371,13.71,0.37245675676531576,-0.18809264314892812
1372,13.72,0.3689005943564454,-0.1891562025714464
1373,13.73,0.3606367874008349,-0.187924090818403
1374,13.74,0.3485398011895306,-0.18959357940103824
1375,13.75,0.33951458112647237,-0.18964700730865813
1376,13.76,0.3346867208357819,-0.18971977829806944
1377,13.77,0.323502553591867,-0.1901254868270417
1378,13.780000000000001,0.3067682257023517,-0.19078033889144647
1379,13.790000000000001,0.30428876722272935,-0.1907476993677818
1380,13.8,0.2954991977645831,-0.19152387763436965
1381,13.81,0.28183737547242715,-0.19126076583837678
1382,13.82,0.2749322663848544,-0.191585187828722
1383,13.83,0.26317607258364495,-0.19192920495567414
1384,13.84,0.24834631411791513,-0.1920721173487315
1385,13.85,0.233470427716091,-0.19230502675441494
1386,13.86,0.2268365720828425,-0.1925759648197705
1387,13.870000000000001,0.21156704540427307,-0.19280786191822016
1388,13.88,0.2012172224726147,-0.19359725180013496
1389,13.89,0.1940407965957596,-0.19279316723743734
1390,13.9,0.16861124866681038,-0.1932463643865683
1391,13.91,0.16259031362741483,-0.19314854381714847
1392,13.92,0.1509876853573327,-0.19369895869179757
1393,13.93,0.13573893239524512,-0.19381482300172953
1394,13.94,0.11907656224534517,-0.19378755925721533
1395,13.950000000000001,0.10355344440337699,-0.19391616479587737
1396,13.96,0.08733604521805466,-0.19422934280394286
1397,13.97,0.06685628511166439,-0.19440813918824545
1398,13.98,0.05344323852247291,-0.19436558648903263
1399,13.99,0.02962602073170583,-0.19417288615228737
1400,14.0,0.015125085534514514,-0.19384837040626834
1401,14.01,-0.004090286909208373,-0.19422176121579085
1402,14.02,-0.02131788625945774,-0.19401646557510877
1403,14.030000000000001,-0.047371737247433904,-0.19311045027727777
1404,14.040000000000001,-0.059501438671389885,-0.19431549755601726
1405,14.05,-0.08768731122781263,-0.19395521549575748
1406,14.06,-0.1125438219976694,-0.1941671730616189
1407,14.07,-0.13364798871118216,-0.19357766098034443
1408,14.08,-0.15685816827674098,-0.19340466579741603
1409,14.09,-0.17992473396581338,-0.19411506052959654
1410,14.1,-0.2078815904441118,-0.19331835451620707
1411,14.11,-0.23526290811903833,-0.19344835419297796
1412,14.120000000000001,-0.25974548605651826,-0.19322290189710292
1413,14.13,-0.2923361836102764,-0.19232188483329352
1414,14.14,-0.3157987684631222,-0.1920506565779743
1415,14.15,-0.3427824763723543,-0.19227042583058213
1416,14.16,-0.3735574529755496,-0.19191900185896338
1417,14.17,-0.4069665270980714,-0.1916974911194724
1418,14.18,-0.4363103426809526,-0.19173404157237314
1419,14.19,-0.46789656579320754,-0.1907964820598125
1420,14.200000000000001,-0.4983685805134921,-0.18955570539127561
1421,14.21,-0.531563126893659,-0.18945384855256828
1422,14.22,-0.5627228410948227,-0.18888364719970469
1423,14.23,-0.5903363667247642,-0.18712204734347382
1424,14.24,-0.6265887877841498,-0.187617809878113
1425,14.25,-0.6565567160378899,-0.18721460525561492
1426,14.26,-0.6838066734578635,-0.18663589765603356
1427,14.27,-0.7173958965110402,-0.1856136377831051
1428,14.280000000000001,-0.7456121635767314,-0.18538916421516774
1429,14.290000000000001,-0.7727581806783803,-0.18452494978306824
1430,14.3,-0.8039597520948432,-0.18395369549217214
1431,14.31,-0.829388704360181,-0.1826925314835742
1432,14.32,-0.8591033406391627,-0.1818880550062983
1433,14.33,-0.8807756368894087,-0.18110844980273527
1434,14.34,-0.9090380425440229,-0.17982673969883756
1435,14.35,-0.9251623991287313,-0.17911287420118285
1436,14.36,-0.9559050252549112,-0.17790408695074036
1437,14.370000000000001,-0.9730235149890686,-0.17690809934366938
1438,14.38,-0.98888869152454,-0.17657985968041218
1439,14.39,-1.0072794688866973,-0.1753891313550788
1440,14.4,-1.0217373020715286,-0.17398867590525524
1441,14.41,-1.043682057069325,-0.17360726013899366
1442,14.42,-1.0522964194575857,-0.1715448609801053
1443,14.43,-1.0656441560530046,-0.1707043293236862
1444,14.44,-1.0765155323043463,-0.17015915886965266
1445,14.450000000000001,-1.0875331798575176,-0.16918329697516246
1446,14.46,-1.0985376709569068,-0.16793797877719463
1447,14.47,-1.1041981901252484,-0.16632168731613126
1448,14.48,-1.1103939862179837,-0.16547299966184997
1449,14.49,-1.128512794019212,-0.16439148141724097
1450,14.5,-1.1274513005536138,-0.16373065176467083
1451,14.51,-1.1344223572563434,-0.1619695521702486
1452,14.52,-1.1361517608566454,-0.1609128509226353
1453,14.530000000000001,-1.1446595173181804,-0.1602496904940254
1454,14.540000000000001,-1.1422554234407576,-0.15843196371158183
1455,14.55,-1.1499351278214458,-0.15724700931707616
1456,14.56,-1.1524065405136894,-0.15634130126419468
1457,14.57,-1.1593464573026235,-0.155981445225744
1458,14.58,-1.1538685498015384,-0.15368133217729427
1459,14.59,-1.1615178008384115,-0.15330258123947393
1460,14.6,-1.1654596778523558,-0.15176867171864408
1461,14.61,-1.1686331290833354,-0.15083223152105144
1462,14.620000000000001,-1.1638232066557899,-0.14869019716437723
1463,14.63,-1.1660774413044137,-0.14798827821488159
1464,14.64,-1.1653382253431446,-0.1469882357490752
1465,14.65,-1.1613895886205081,-0.14619866981326646
1466,14.66,-1.1657174872611202,-0.14526218294045157
1467,14.67,-1.164212183482041,-0.14369984272988953
1468,14.68,-1.169050097852375,-0.14254407981557826
1469,14.69,-1.1708644590763384,-0.14106642589613838
1470,14.700000000000001,-1.1709803901953506,-0.14014125403833733
1471,14.71,-1.1647546056541616,-0.13920213064110737
1472,14.72,-1.1640292039441706,-0.13701277314524846
1473,14.73,-1.1690635041823365,-0.1362854240896999
1474,14.74,-1.1643475039179652,-0.13532897724073772
1475,14.75,-1.165003997384247,-0.13373774568400412
1476,14.76,-1.1657492974115882,-0.13311532585145625
1477,14.77,-1.1610497510488913,-0.13189949526708206
1478,14.780000000000001,-1.1657795488777662,-0.13167630361864105
1479,14.790000000000001,-1.1624330441686512,-0.12972283433324397
1480,14.8,-1.1619502870143315,-0.12840395779730576
1481,14.81,-1.1562976005472612,-0.1270238521726344
1482,14.82,-1.1649560092545383,-0.1258091610272273
1483,14.83,-1.1575415830328453,-0.1259252501157364
1484,14.84,-1.1605749313109683,-0.12440548982371963
1485,14.85,-1.1578491009209402,-0.1229561823753561
1486,14.86,-1.1615989083321132,-0.12180504312369726
1487,14.870000000000001,-1.1559596808477737,-0.12059779130833696
1488,14.88,-1.154278974047369,-0.11925037375092304
1489,14.89,-1.1498349004401471,-0.1181098147701759
1490,14.9,-1.1515424264937952,-0.11765410400713568
1491,14.91,-1.1444221502561083,-0.11536100646408962
1492,14.92,-1.1494490146556668,-0.11391400762012688
1493,14.93,-1.1462030136790462,-0.11357819518036834
1494,14.94,-1.1491397086387953,-0.11137080442912087
1495,14.950000000000001,-1.1444212162453389,-0.11103939558073798
1496,14.96,-1.1500579447615644,-0.11013316796580715
1497,14.97,-1.1452369459570941,-0.10926800778636148
1498,14.98,-1.1429338881341244,-0.10767512233502251
1499,14.99,-1.1458988354256516,-0.10614624318462722
1500,15.0,-1.141709676186784,-0.10574378611724253
1501,15.01,-1.138665857224187,-0.10406511737554801
1502,15.02,-1.1398720485856384,-0.10300490076530022
1503,15.030000000000001,-1.136871142622693,-0.1009492314513563
1504,15.040000000000001,-1.1418830798358903,-0.10097524333448919
1505,15.05,-1.1346341407342588,-0.10011263920678444
1506,15.06,-1.1354935849478958,-0.09896061896802963
1507,15.07,-1.1361827105044706,-0.09805402602366357
1508,15.08,-1.1311170980240113,-0.09659789597127683
1509,15.09,-1.1350956001161268,-0.09571051060249187
1510,15.1,-1.134276913238328,-0.09372602597217163
1511,15.11,-1.1319415341441645,-0.0925309657721213
1512,15.120000000000001,-1.1283437676044257,-0.09107136913689808
1513,15.13,-1.130301709131199,-0.09103940577241829
1514,15.14,-1.126257796561617,-0.08994864831544015
1515,15.15,-1.1238133544748836,-0.0886221135222671
1516,15.16,-1.1235848517950826,-0.08732693853061065
1517,15.17,-1.1217118897284155,-0.08580617706965431
1518,15.18,-1.1188780486413779,-0.08435774882349166
1519,15.19,-1.1245689576983238,-0.08411147427801281
1520,15.200000000000001,-1.1141750692835113,-0.08292788986026321
1521,15.21,-1.1188530334141318,-0.08133479377962877
1522,15.22,-1.1186564428871757,-0.07997989911767918
1523,15.23,-1.1183435606029373,-0.07999369341760683
1524,15.24,-1.108678423642374,-0.07863178476418477
1525,15.25,-1.117158983446257,-0.07703397637557143
1526,15.26,-1.1142549103019346,-0.07650503389627732
1527,15.27,-1.1092311841500957,-0.07491359561285905
1528,15.280000000000001,-1.104593756913749,-0.07422776771090692
1529,15.290000000000001,-1.106487000655669,-0.07275622577220643
1530,15.3,-1.1111914143065804,-0.07245786870561555
1531,15.31,-1.1067348750099235,-0.07023459818363012
1532,15.32,-1.1028423614169034,-0.069190039339219
1533,15.33,-1.1026302352759314,-0.06829475496094427
1534,15.34,-1.1034464840716156,-0.06690641005466903
1535,15.35,-1.1022987559181505,-0.06603294369756958
1536,15.36,-1.0950373388451644,-0.06504092353181172
1537,15.370000000000001,-1.100231270267009,-0.06432444510039217
1538,15.38,-1.0947565421625065,-0.06327097998130186
1539,15.39,-1.0949772670562525,-0.061589663367279404
1540,15.4,-1.0907912656494205,-0.060993532800638746
1541,15.41,-1.095325236098751,-0.060350895215215535
1542,15.42,-1.0981118044055813,-0.05861596541370074
1543,15.43,-1.0963323912237375,-0.05715935966603613
1544,15.44,-1.089548720528421,-0.056909851574320505
1545,15.450000000000001,-1.0911314062661766,-0.05470688574809662
1546,15.46,-1.0833418941659392,-0.05393465728186219
1547,15.47,-1.0880276967504596,-0.05256152240460972
1548,15.48,-1.0889318112401685,-0.052356695789105435
1549,15.49,-1.0813757384473677,-0.05055462825343506
1550,15.5,-1.0835576568028953,-0.049703923114219645
1551,15.51,-1.0810558334287503,-0.04817636079570055
1552,15.52,-1.083925792421811,-0.047796235693188825
1553,15.530000000000001,-1.078097719008799,-0.04662909122067585
1554,15.540000000000001,-1.0753464231207372,-0.044758642349654286
1555,15.55,-1.073636694422506,-0.04376001788366375
1556,15.56,-1.075903299692253,-0.04313044411790299
1557,15.57,-1.0743113939369417,-0.04229079279630289
1558,15.58,-1.072182174037261,-0.041221208828926915
1559,15.59,-1.0725234327759403,-0.039876590526934305
1560,15.6,-1.071334969325553,-0.03906590437002639
1561,15.610000000000001,-1.065566344104463,-0.03798867559536207
1562,15.620000000000001,-1.0688285939390605,-0.03715880566937058
1563,15.63,-1.0644022611541406,-0.035665612696001686
1564,15.64,-1.0656155497817152,-0.03507424826883349
1565,15.65,-1.0704693995210215,-0.03328265600454413
1566,15.66,-1.0616302454259368,-0.031453959523974256
1567,15.67,-1.0619899303971574,-0.03161239677794873
1568,15.68,-1.0570324279155878,-0.03009896950744895
1569,15.69,-1.0584063575003477,-0.02916192163038036
1570,15.700000000000001,-1.0547798057677817,-0.027948841132940987
1571,15.71,-1.0532113806635317,-0.026620439045303586
1572,15.72,-1.0500634522349415,-0.02640789525969856
1573,15.73,-1.05031302142724,-0.02579508130407142
1574,15.74,-1.0546574971673046,-0.02347684238312816
1575,15.75,-1.0474084535880384,-0.02306112350117318
1576,15.76,-1.0509575756604967,-0.022691585344784236
1577,15.77,-1.052171719354496,-0.02112783462766539
1578,15.780000000000001,-1.0441497529122055,-0.02008872799370362
1579,15.790000000000001,-1.0479196881303694,-0.0190692297442987
1580,15.8,-1.043087104060179,-0.018088309562306077
1581,15.81,-1.0447470466690933,-0.017142538121675984
1582,15.82,-1.0370482603939832,-0.015927635502794687
1583,15.83,-1.0444669426034994,-0.014740858271009563
1584,15.84,-1.0389136741364315,-0.013574674432297568
1585,15.85,-1.0452112038586991,-0.012750978281532922
1586,15.860000000000001,-1.038082615438675,-0.011179326758630327
1587,15.870000000000001,-1.0398077912038473,-0.01200834408148109
1588,15.88,-1.0346243895671143,-0.009565022186677069
1589,15.89,-1.0339522246625232,-0.007846466204192272
1590,15.9,-1.0322684075120945,-0.007702083610023877
1591,15.91,-1.0330109887262922,-0.006291772889937646
1592,15.92,-1.0278994911760024,-0.004619707557683417
1593,15.93,-1.024858798792558,-0.0047213388853273065
1594,15.94,-1.0179852306321966,-0.0036517086299345646
1595,15.950000000000001,-1.0235014858031866,-0.0028341064795275356
1596,15.96,-1.0179747560117092,-0.0014507422146554279
1597,15.97,-1.0203023912693159,-0.0003175480373386112
1598,15.98,-1.0183800632551134,3.215145233438892e-05
1599,15.99,-1.0139047903380487,0.0014176998090331204
1600,16.0,-1.0205983651888122,0.0031577853038375005
1601,16.01,-1.0162594757093764,0.004166723707472068
1602,16.02,-1.0110254088724553,0.004577121347535717
1603,16.03,-1.0115393063570832,0.005903861675124551
1604,16.04,-1.0136881175284795,0.006080040966283627
1605,16.05,-1.0122209732748828,0.008357421686679122
1606,16.06,-1.0069229158864725,0.008845174712974137
1607,16.07,-1.0072883297015203,0.009094159617042295
1608,16.080000000000002,-1.0042980922414724,0.01109843315415461
1609,16.09,-1.001331894042453,0.012295994331802373
1610,16.1,-1.0026649582665708,0.013287409003492847
1611,16.11,-1.0033961870508223,0.01415330617970885
1612,16.12,-1.0000744375882058,0.014699232159923595
1613,16.13,-0.9948913767308881,0.015729090269682968
1614,16.14,-0.9996587757335496,0.01719618690724459
1615,16.15,-0.992001367373158,0.017136989698459695
1616,16.16,-0.9900416336663136,0.01846622261210152
1617,16.17,-0.9913700663663214,0.019999551163617277
1618,16.18,-0.9926191299830963,0.020905593574671158
1619,16.19,-0.9891614027460544,0.022061164356882143
1620,16.2,-0.9893530038599905,0.02271487188508858
1621,16.21,-0.986594235356166,0.02327536425256863
1622,16.22,-0.9865073732788662,0.025156503248468312
1623,16.23,-0.9840391352237584,0.024974977226171178
1624,16.240000000000002,-0.9801464910171825,0.026210859969478213
1625,16.25,-0.9821181907527134,0.02738863937144938
1626,16.26,-0.9809976939923376,0.028746481523084084
1627,16.27,-0.974870822287134,0.029890894447867824
1628,16.28,-0.9767653393219555,0.030932262105965346
1629,16.29,-0.9751168635028649,0.03148567655293802
1630,16.3,-0.9712118752376581,0.0324282510030793
1631,16.31,-0.9687505206264962,0.03320852499185326
1632,16.32,-0.9739733641255709,0.03462092375410212
1633,16.330000000000002,-0.9700415369656674,0.035301968603764375
1634,16.34,-0.9665695637182967,0.036674901215762466
1635,16.35,-0.9662278218103837,0.037279866275065174
1636,16.36,-0.96088668894268,0.03838648524761101
1637,16.37,-0.961693798690333,0.03944417311278317
1638,16.38,-0.9635071815078101,0.04004757539308721
1639,16.39,-0.9551787170478423,0.04127366005423278
1640,16.4,-0.9562596393128142,0.04272804160174719
1641,16.41,-0.9605656517604992,0.04324765998250738
1642,16.42,-0.9530808961819865,0.04428059217286259
1643,16.43,-0.9626360028605954,0.04566724166837341
1644,16.44,-0.9507763303204726,0.04576166712247668
1645,16.45,-0.9463345150034481,0.04673765906348456
1646,16.46,-0.9485847098351354,0.04786806879401888
1647,16.47,-0.9445555327898232,0.04857417022645641
1648,16.48,-0.9451729199919736,0.049849885476745334
1649,16.490000000000002,-0.9447038221290538,0.051005369213731354
1650,16.5,-0.9400023251903761,0.05188815384083271
1651,16.51,-0.9395998296859772,0.05281625691820146
1652,16.52,-0.9393141969210677,0.05321639066056166
1653,16.53,-0.9350806082292812,0.054281602206755014
1654,16.54,-0.9343348990741609,0.055297441014721914
1655,16.55,-0.9377967045626318,0.0562797795409413
1656,16.56,-0.9325089156418753,0.057546361443007406
1657,16.57,-0.9286467826418892,0.05807066563662455
1658,16.580000000000002,-0.929598390077903,0.05882536833938681
1659,16.59,-0.9279080723117741,0.06039927610725596
1660,16.6,-0.9231066401716227,0.06185106901647806
1661,16.61,-0.9222265994202645,0.061818129530105445
1662,16.62,-0.9180282181787589,0.06266401089709996
1663,16.63,-0.9203301489758647,0.06430338830214327
1664,16.64,-0.9157659557753838,0.06489381441339986
1665,16.65,-0.9171132029743858,0.06521158947567192
1666,16.66,-0.9178722060539128,0.06689099908378943
1667,16.67,-0.9146946444851372,0.06766956906799122
1668,16.68,-0.9122878596679075,0.06819764784654941
1669,16.69,-0.9061162595292971,0.06824315248065962
1670,16.7,-0.9082193938562045,0.0702836929192651
1671,16.71,-0.9070219980136742,0.07129732384091512
1672,16.72,-0.9061328023060922,0.07190833433543342
1673,16.73,-0.9012707842063281,0.07310933322744344
1674,16.740000000000002,-0.9009825360179927,0.07417380995265828
1675,16.75,-0.9050116938825818,0.07459503639614176
1676,16.76,-0.9027388217279676,0.07517354821259353
1677,16.77,-0.8986535268591513,0.07688874667883978
1678,16.78,-0.8940750090419674,0.07760090808496635
1679,16.79,-0.8927711136317659,0.07892044885445597
1680,16.8,-0.8920764857866722,0.07880006428691011
1681,16.81,-0.883608231261887,0.07990463170336896
1682,16.82,-0.8842725876716675,0.08151639049203296
1683,16.830000000000002,-0.8886891716645243,0.08129178391061613
1684,16.84,-0.8782264557865802,0.08260777224162098
1685,16.85,-0.880645840460129,0.08372810511713633
1686,16.86,-0.8820268518572059,0.08516404185320486
1687,16.87,-0.879448444122298,0.08626280312628741
1688,16.88,-0.8766783998282575,0.08696408585494925
1689,16.89,-0.8714334858115513,0.08747005829419911
1690,16.9,-0.872348946795044,0.08870142106956141
1691,16.91,-0.8711335351903081,0.08830890731226401
1692,16.92,-0.8676317524452605,0.09044564174800092
1693,16.93,-0.8667752825793467,0.08957110142279892
1694,16.94,-0.866316231735002,0.0918140988278075
1695,16.95,-0.8642280069642002,0.09270032509721016
1696,16.96,-0.8615521514420674,0.09284210149241033
1697,16.97,-0.8582816636414397,0.09396519575759299
1698,16.98,-0.8569641070389015,0.09540111579910851
1699,16.990000000000002,-0.8589174386822856,0.09629115220855897
1700,17.0,-0.8515268776820604,0.0970134157538095
1701,17.01,-0.848508616274382,0.09735866948690898
1702,17.02,-0.8511027949645598,0.09772839746754573
1703,17.03,-0.8534048457626168,0.09935792883449938
1704,17.04,-0.8488258523149387,0.10061323947732166
1705,17.05,-0.8478459790697771,0.10158654357676164
1706,17.06,-0.841550901562365,0.1015678190690018
1707,17.07,-0.8407971508341742,0.102337660895679
1708,17.080000000000002,-0.8344783025014235,0.10386228394908406
1709,17.09,-0.8354702328678438,0.10500161271268121
1710,17.1,-0.8369087488294524,0.10526394670564755
1711,17.11,-0.8347932782361748,0.1060462510042063
1712,17.12,-0.8296121772365191,0.10814207089900796
1713,17.13,-0.8281851213538532,0.1074483451839434
1714,17.14,-0.8263527990321154,0.10903791857871854
1715,17.150000000000002,-0.8182415010093501,0.10914555521415312
1716,17.16,-0.812492393225387,0.10943954191027684
1717,17.17,-0.8167314121160836,0.11094014956902734
1718,17.18,-0.8218534627930534,0.11141744683279332
1719,17.19,-0.8116179724344378,0.11209740655689775
1720,17.2,-0.8138662960551989,0.11304797103200385
1721,17.21,-0.8094924799197059,0.11436592021136555
1722,17.22,-0.8084860584833886,0.1155218272767911
1723,17.23,-0.801601309102466,0.11653011511900116
1724,17.240000000000002,-0.8030762317334169,0.11630907781248456
1725,17.25,-0.8024576796390898,0.11720761656149979
1726,17.26,-0.8015328686798229,0.11765119306088738
1727,17.27,-0.7979454887694143,0.11904383111847011
1728,17.28,-0.7921739887824468,0.11982590926501999
1729,17.29,-0.7930479698893665,0.12058140519446693
1730,17.3,-0.7891178575421847,0.12079171841492256
1731,17.31,-0.7931211682134798,0.12262540620831451
1732,17.32,-0.7853546736934575,0.12344195383918415
1733,17.330000000000002,-0.7799506799230637,0.12415740317467164
1734,17.34,-0.7814470482298481,0.1246824239649839
1735,17.35,-0.7832831921656166,0.12529779927769144
1736,17.36,-0.7744320132593195,0.12643194424495696
1737,17.37,-0.776277651941896,0.12747134978232996
1738,17.38,-0.7725966956914904,0.12761651733766666
1739,17.39,-0.761680980841856,0.12899684976433184
1740,17.400000000000002,-0.76950528477822,0.12895319980937336
1741,17.41,-0.7623996107138645,0.1300915006287229
1742,17.42,-0.7638162209875267,0.13082052310167575
1743,17.43,-0.7600116304247764,0.1312252325710775
1744,17.44,-0.7558128715080291,0.13220819522976096
1745,17.45,-0.7523077922945134,0.13288989040123894
1746,17.46,-0.7545406387600209,0.13414089193304737
1747,17.47,-0.7569214954569361,0.13405636584847644
1748,17.48,-0.7462171922390316,0.13535615657610095
1749,17.490000000000002,-0.7445217613726192,0.1361002406734629
1750,17.5,-0.7423057620064668,0.1380024439132206
1751,17.51,-0.7418017818368035,0.13764892290894384
1752,17.52,-0.7371690440976237,0.1386561101927868
1753,17.53,-0.7388576870730685,0.13963262556299136
1754,17.54,-0.7320115425452096,0.13946328590776727
1755,17.55,-0.7351225512321828,0.14036455453069582
1756,17.56,-0.7246132170778303,0.14068353313286788
1757,17.57,-0.7284448669220602,0.14217587847546587
1758,17.580000000000002,-0.7230802564108745,0.1423803089379409
1759,17.59,-0.7221324642227929,0.1433511012474577
1760,17.6,-0.7152908489477784,0.1441298419354715
1761,17.61,-0.713218871798743,0.14398274683085
1762,17.62,-0.7074277175540556,0.14574431366932486
1763,17.63,-0.7047858445312372,0.14575706249463394
1764,17.64,-0.7054742227166708,0.14714778059388653
1765,17.650000000000002,-0.6969986350924474,0.14738009397299526
1766,17.66,-0.6955457461418931,0.14763298949897363
1767,17.67,-0.6978109006885929,0.14815995732735843
1768,17.68,-0.6977096761521144,0.14969503633157077
1769,17.69,-0.6921625286724994,0.15051789469317114
1770,17.7,-0.6905304734254737,0.15129850732229977
1771,17.71,-0.6862458538843417,0.15147621519998328
1772,17.72,-0.6810598392034002,0.15208171689068128
1773,17.73,-0.675562899929647,0.15280371228829373
1774,17.740000000000002,-0.6771815581721643,0.15380491921027167
1775,17.75,-0.6722328890461481,0.15399310514762082
1776,17.76,-0.6625369621851143,0.15516677774980706
1777,17.77,-0.6631131763765061,0.15557894333313946
1778,17.78,-0.6654880868074368,0.1564997598557192
1779,17.79,-0.6569840047916483,0.1563906789179285
1780,17.8,-0.6540966483693853,0.15772938729853866
1781,17.81,-0.6521708835277039,0.15820856010128612
1782,17.82,-0.6524117809582752,0.1588431082016054
1783,17.830000000000002,-0.6422741581613722,0.16009710747676995
1784,17.84,-0.647456881111918,0.1602090379453099
1785,17.85,-0.6369005030316188,0.16106283690091583
1786,17.86,-0.6340156470973793,0.16228430591140205
1787,17.87,-0.6288302764867336,0.16235790136507086
1788,17.88,-0.6312863379126731,0.1630544854996969
1789,17.89,-0.6255332474081423,0.16343501360464127
1790,17.900000000000002,-0.6214772628992813,0.16439125840048274
1791,17.91,-0.6152161241029571,0.16465911729882476
1792,17.92,-0.6128466335232517,0.16491700974818757
1793,17.93,-0.6076673816114732,0.16629682666660142
1794,17.94,-0.6077409670736296,0.16718036270863432
1795,17.95,-0.6022400097795644,0.1676072306199298
1796,17.96,-0.5976046575696312,0.16730493326381704
1797,17.97,-0.593128383546717,0.16860814827461623
1798,17.98,-0.5901793505581276,0.16893738703459696
1799,17.990000000000002,-0.5842456943565749,0.1694756784610535
1800,18.0,-0.5803505177646716,0.17034799116760346
1801,18.01,-0.5828798872192501,0.17047480543710458
1802,18.02,-0.5736850143718892,0.17056154297354462
1803,18.03,-0.5647332570643389,0.17243334537536942
1804,18.04,-0.561236129888828,0.17184657565093736
1805,18.05,-0.5588592240005386,0.17354749384715792
1806,18.06,-0.5557439616313343,0.17373257091644229
1807,18.07,-0.5525540121914213,0.1738123182342699
1808,18.080000000000002,-0.5422751811336213,0.17539760751750127
1809,18.09,-0.5462332567561862,0.17503890710314313
1810,18.1,-0.5380531741254414,0.17540557482617336
1811,18.11,-0.5327293547971572,0.17547719281708515
1812,18.12,-0.5305362382993805,0.17661808843211652
1813,18.13,-0.5212164982753068,0.17709186478751165
1814,18.14,-0.5161006350264391,0.17889106957399906
1815,18.150000000000002,-0.5093956073250309,0.1781918151823428
1816,18.16,-0.5081397484589688,0.17905992227106365
1817,18.17,-0.5003656907229359,0.17969876765130077
1818,18.18,-0.49958021255520296,0.17957162928551387
1819,18.19,-0.4964698351083723,0.1809913619490309
1820,18.2,-0.4896852837484992,0.1804389240735948
1821,18.21,-0.4785060237329243,0.18097756898452658
1822,18.22,-0.4791693864651896,0.18188375470799414
1823,18.23,-0.4702646102715408,0.18170529796873036
1824,18.240000000000002,-0.46232128777113835,0.18385494326848567
1825,18.25,-0.4540563182006707,0.18280357633654162
1826,18.26,-0.44919114524321097,0.18386474468965333
1827,18.27,-0.44313420833111034,0.18382318113577106
1828,18.28,-0.4299567380017115,0.18466487357629946
1829,18.29,-0.42435342499594253,0.18463302718933636
1830,18.3,-0.4229517712129829,0.1850850073749872
1831,18.31,-0.413511342208603,0.18633151384743657
1832,18.32,-0.4062445434412646,0.18635513288468641
1833,18.330000000000002,-0.40084685460671227,0.18678232431124062
1834,18.34,-0.3908102548609327,0.18740358092790094
1835,18.35,-0.3906911571285242,0.18780769511351897
1836,18.36,-0.3775261241106973,0.18784029226360083
1837,18.37,-0.3630100511254076,0.18823199228766962
1838,18.38,-0.3601999415679782,0.18855764843959563
1839,18.39,-0.3513904478365975,0.18863936785583318
1840,18.400000000000002,-0.34049394335496436,0.18904521945551014
1841,18.41,-0.34082088283071066,0.18975874395642622
1842,18.42,-0.327201970500527,0.1898900744920225
1843,18.43,-0.3112964401618386,0.1898820901453969
1844,18.44,-0.3050571446190472,0.18968634866477463
1845,18.45,-0.29580313975402955,0.19125431472694837
1846,18.46,-0.2883413728622983,0.19181261637344138
1847,18.47,-0.2769725371286428,0.19192718339702955
1848,18.48,-0.2637309177268615,0.19115406882354294
1849,18.490000000000002,-0.25487774481902825,0.19264548528692907
1850,18.5,-0.2419882846848255,0.19177567881468469
1851,18.51,-0.2352701279688415,0.1929538220782273
1852,18.52,-0.22519293468234003,0.19299570944387628
1853,18.53,-0.20888917874885396,0.19269478997468487
1854,18.54,-0.19601819021954647,0.19370946535717026
1855,18.55,-0.17536405427162768,0.19304251081598514
1856,18.56,-0.1641020979047498,0.19356342361032455
1857,18.57,-0.15292444182467485,0.1943002562204364
1858,18.580000000000002,-0.13679962429279674,0.19341026064097802
1859,18.59,-0.12292110522465133,0.19384126526452417
1860,18.6,-0.10739481343711102,0.1941893641423536
1861,18.61,-0.09223251253253834,0.1941630203555138
1862,18.62,-0.07048744609581913,0.19383787134188835
1863,18.63,-0.053891024415934456,0.19470903030911893
1864,18.64,-0.03983787781527549,0.19383394915898344
1865,18.650000000000002,-0.020140282316894187,0.1940949796152752
1866,18.66,-0.0013118172870351698,0.19423453174127864
1867,18.67,0.019760092353061896,0.1943762300534702
1868,18.68,0.034150224305226996,0.19406227791968972
1869,18.69,0.06217969633045723,0.19455361427548726
1870,18.7,0.08462646176183128,0.19492214884338016
1871,18.71,0.105686814744767,0.1941040075604391
1872,18.72,0.1323796890278481,0.19441104943123622
1873,18.73,0.15144031450318096,0.19374538940790617
1874,18.740000000000002,0.1740287809161337,0.19358417782746887
1875,18.75,0.20692056418394925,0.1930744483387253
1876,18.76,0.22875572174658113,0.19315002590714114
1877,18.77,0.25323737161485815,0.1930816357181078
1878,18.78,0.2811312569207597,0.1927367392350399
1879,18.79,0.31186301259950205,0.19223282942151385
1880,18.8,0.3448981022297232,0.19285587909241303
1881,18.81,0.3700625885131059,0.19232117511154298
1882,18.82,0.40147463567853303,0.19169502007360573
1883,18.830000000000002,0.43204492172278536,0.1912092634244645
1884,18.84,0.4609981513596287,0.1910573647626007
1885,18.85,0.49832508631689293,0.19036813263231456
1886,18.86,0.5222973248062497,0.1896801421148379
1887,18.87,0.5552541551494746,0.18855452342105433
1888,18.88,0.5912080622801182,0.18858369272129322
1889,18.89,0.6174665456291885,0.18771414579534235
1890,18.900000000000002,0.6535476198721326,0.1869695291831048
1891,18.91,0.6807090913256685,0.1861476115362761
1892,18.92,0.7143351225832881,0.18597399841132245
1893,18.93,0.7399546878993061,0.1843175209153129
1894,18.94,0.7672845126222799,0.18440864157045225
1895,18.95,0.8002214048215299,0.18341914864410191
1896,18.96,0.8234183465968766,0.18267935170567265
1897,18.97,0.8519941037495172,0.18211205200080585
1898,18.98,0.8741909599975808,0.18078710364132997
1899,18.990000000000002,0.8987147341936819,0.18080733491587017
1900,19.0,0.9210180117122665,0.18015309053576994
1901,19.01,0.9521785006502914,0.17913194242684366
1902,19.02,0.9673855358406417,0.17737396163777833
1903,19.03,0.9870149371963806,0.17716461628209293
1904,19.04,1.0053877475291269,0.1754117900866274
1905,19.05,1.0188742298345848,0.17383594350529388
1906,19.06,1.0389674952271852,0.1734557252089112
1907,19.07,1.0544569627765203,0.17206309697079608
1908,19.080000000000002,1.0592376647177741,0.17201393692799247
1909,19.09,1.077580137945088,0.17003202305114523
1910,19.1,1.0810599019504767,0.16931434992016334
1911,19.11,1.0948957971583897,0.16828123784955493
1912,19.12,1.107925575140229,0.16648979003143283
1913,19.13,1.1114105234708749,0.16609318563876058
1914,19.14,1.1274662682546235,0.1645829022396271
1915,19.150000000000002,1.1336960888383614,0.16354428621533404
1916,19.16,1.1310305253500126,0.16290724405344056
1917,19.17,1.1323571506306302,0.1611967893359951
1918,19.18,1.1470233340771898,0.16017915461988202
1919,19.19,1.1486088903095368,0.15867753491787484
1920,19.2,1.1511023732631906,0.15825863030769186
1921,19.21,1.1517908029997617,0.15725427071159645
1922,19.22,1.1578246907641125,0.1555445483687474
1923,19.23,1.1580154047111544,0.1549089641897261
1924,19.240000000000002,1.159241064060636,0.1532434136853264
1925,19.25,1.1617622878317786,0.15216760271688107
1926,19.26,1.1599846692102258,0.1505323206010872
1927,19.27,1.166274347767998,0.14967893701539148
1928,19.28,1.1668174531285995,0.14937770127483346
1929,19.29,1.1675634042948153,0.14737294806943904
1930,19.3,1.1735365467441714,0.14675397294920361
1931,19.31,1.1641823210928293,0.14524309329195825
1932,19.32,1.174299924303167,0.14397354817658808
1933,19.330000000000002,1.1720815606151143,0.14243966642441944
1934,19.34,1.1688590230426394,0.14116875179784197
1935,19.35,1.1704659674807774,0.1402737686407995
1936,19.36,1.1635834875500166,0.13875061770890446
1937,19.37,1.1701653718731375,0.1375738195606325
1938,19.38,1.165195741407212,0.13689962123926844
1939,19.39,1.1684344228969235,0.1361960682931609
1940,19.400000000000002,1.1650223711238867,0.13454067760021513
1941,19.41,1.1647317221954585,0.13393028135281315
1942,19.42,1.1697367746670766,0.13167866917874546
1943,19.43,1.1631389388927897,0.13015750273361498
1944,19.44,1.168028090897399,0.13028590740651796
1945,19.45,1.159823168822795,0.12916663541971987
1946,19.46,1.162030961097714,0.12749241878483725
1947,19.47,1.1638852521260994,0.1258568872379124
1948,19.48,1.1607499696030663,0.12483720803718287
1949,19.490000000000002,1.1638397202948818,0.12428996782478544
1950,19.5,1.1552723133872622,0.12342733793079913
1951,19.51,1.1584157662255024,0.1215412741053487
1952,19.52,1.1572725716954773,0.11997047198231461
1953,19.53,1.155871455711035,0.11930993660036991
1954,19.54,1.1506202133864623,0.11783464234928683
1955,19.55,1.1544467882582918,0.11668869113336415
1956,19.56,1.1488809034243326,0.11603398028824818
1957,19.57,1.1506987215855815,0.1148692939440404
1958,19.580000000000002,1.1492565804732608,0.11370799382899448
1959,19.59,1.1530190746294724,0.11249618439605184
1960,19.6,1.1455098016546859,0.11160501342841014
1961,19.61,1.1420015110261612,0.10952136798808866
1962,19.62,1.146767868689918,0.10963370013699769
1963,19.63,1.1454774824427858,0.10880322936062706
1964,19.64,1.1446964494054988,0.10621901247075281
1965,19.650000000000002,1.1417164136097657,0.1058643649067994
1966,19.66,1.1447571393462863,0.10487755444013122
1967,19.67,1.1420888311429216,0.10343596556830033
1968,19.68,1.139017524483925,0.10226151741060725
1969,19.69,1.1383384224189275,0.10088731202465244
1970,19.7,1.1382402572638533,0.10010283563006421
1971,19.71,1.1386614298048232,0.09797308258024215
1972,19.72,1.1353688508298496,0.09819376279973895
1973,19.73,1.134723278697377,0.09697252283641483
1974,19.740000000000002,1.129036791311737,0.09489248403484046
1975,19.75,1.1325745363196373,0.09451697217142944
1976,19.76,1.1315006290549177,0.09301719446154663
1977,19.77,1.1281330855158418,0.09234786287688464
1978,19.78,1.127531246280081,0.08997174901055018
1979,19.79,1.1192101448738212,0.08996442131378242
1980,19.8,1.1252036554657359,0.0889914060514557
1981,19.81,1.1242112389084105,0.08723904269814359
1982,19.82,1.1230735567384404,0.08634737288283487
1983,19.830000000000002,1.126407119599667,0.08557300246697468
1984,19.84,1.1211337468883285,0.08395452056864061
1985,19.85,1.1211316231408228,0.08335352176644478
1986,19.86,1.1189097811921855,0.08186591401760983
1987,19.87,1.1171902720043247,0.08153491292359345
1988,19.88,1.119043113166154,0.07910500192129781
1989,19.89,1.1174105654310202,0.0788135743601736
1990,19.900000000000002,1.1178664045253817,0.07720603239177978
1991,19.91,1.1115762145574728,0.07634378102042404
1992,19.92,1.1109602510054888,0.07550665361425501
1993,19.93,1.1099086181164721,0.07398527214764702
1994,19.94,1.1102736507330644,0.07292308643733601
1995,19.95,1.1073161835968752,0.07163250446970469
1996,19.96,1.105259660874439,0.07053354302798237
1997,19.97,1.1066691707151999,0.06930392151147409
1998,19.98,1.1041989405043302,0.06870435667835592
1999,19.990000000000002,1.1027496486580621,0.06754321420627103
2000,20.0,1.1010162212637598,0.06575430011357651
2001,20.01,1.1029668169474536,0.06467035746365532
2002,20.02,1.0968381474532316,0.06430492196220061
2003,20.03,1.1006054115344708,0.062302942688669274
2004,20.04,1.0994252922306293,0.06217793959021492
2005,20.05,1.0997892173789476,0.061066176984863677
2006,20.06,1.092904572371404,0.05984530758615749
2007,20.07,1.09353943382183,0.058846667347444065
2008,20.080000000000002,1.0975441039362384,0.0580173034849796
2009,20.09,1.0919616500014668,0.056803818415931955
2010,20.1,1.0914931018341416,0.05533733599616104
2011,20.11,1.090462972861199,0.053494956995095745
2012,20.12,1.0825575356279244,0.053744093481703274
2013,20.13,1.0856529306705147,0.05246719503316586
2014,20.14,1.0810394981284954,0.05077897779535769
2015,20.150000000000002,1.0817693130205517,0.049655772919554454
2016,20.16,1.078465362442411,0.04888565145383318
2017,20.17,1.0792829174856187,0.0482398104839357
2018,20.18,1.078935393962784,0.04646475508211582
2019,20.19,1.080643085180967,0.044995632436747965
2020,20.2,1.077852524801661,0.04494003988003737
2021,20.21,1.0761680736281132,0.04301970577644761
2022,20.22,1.0729309237095754,0.04215783590029722
2023,20.23,1.0759974767936706,0.040194651673381765
2024,20.240000000000002,1.0729913150449795,0.04086005047894023
2025,20.25,1.0695361602085334,0.039498894503036036
2026,20.26,1.0660028116085138,0.037380174449341566
2027,20.27,1.068856813201849,0.03691107927863026
2028,20.28,1.069559561046376,0.03568265428301338
2029,20.29,1.0592991795064375,0.035007276357985326
2030,20.3,1.0712573835284245,0.03332999574829561
2031,20.31,1.0601570682877415,0.03330613652785317
2032,20.32,1.0599021654630976,0.03213323227158715
2033,20.330000000000002,1.0551817376851824,0.03061861353611666
2034,20.34,1.058565836495883,0.029566923302061746
2035,20.35,1.062242087090487,0.028476097733467376
2036,20.36,1.0613493091302841,0.027268937471234767
2037,20.37,1.0538010059884102,0.02628821590283993
2038,20.38,1.054591968165377,0.025125643747676937
2039,20.39,1.0488858145128028,0.024340571927933798
2040,20.400000000000002,1.0550793237864824,0.02337614297374649
2041,20.41,1.0467580549511437,0.021807457674600333
2042,20.42,1.0494554573209514,0.02096350620194006
2043,20.43,1.0433676340196387,0.019922492587356563
2044,20.44,1.04236018327055,0.018751308149075368
2045,20.45,1.046251858922441,0.017953266469778028
2046,20.46,1.042238827957016,0.016972752668709762
2047,20.47,1.0376758672115602,0.015550782755887395
2048,20.48,1.041229626791873,0.014333811998801294
2049,20.490000000000002,1.0362401362468847,0.013934155761152532
2050,20.5,1.038000647832083,0.012487627700879524
2051,20.51,1.0369160139612559,0.011822671599721949
2052,20.52,1.0346546777935626,0.010641680760362872
2053,20.53,1.0362010233422894,0.009029781459092988
2054,20.54,1.0237226716421388,0.008258113251772668
2055,20.55,1.0324594594668535,0.0073751717265352085
2056,20.56,1.0265942967929622,0.007006632007084116
2057,20.57,1.0230090718343599,0.005906291636362031
2058,20.580000000000002,1.0294393724239657,0.004668133642214152
2059,20.59,1.0245677939331588,0.0034058461801297463
2060,20.6,1.0203966364644186,0.0024898845702253005
2061,20.61,1.0277223563418938,0.0021674149363446636
2062,20.62,1.0246285107388413,0.0008889927775309188
2063,20.63,1.0251974782640945,-0.0008981880317790478
2064,20.64,1.022909783586783,-0.0014727686523847805
2065,20.650000000000002,1.0142067956807261,-0.0024065287737826254
2066,20.66,1.0199471864181615,-0.0035722910599340707
2067,20.67,1.0176997306743925,-0.00425429186263989
2068,20.68,1.011617581825458,-0.005585565382261141
2069,20.69,1.0153602468602472,-0.007152686278603557
2070,20.7,1.0048992586427017,-0.00761585957622423
2071,20.71,1.0073110585282894,-0.008808211358698697
2072,20.72,1.002957962859237,-0.010209018176821015
2073,20.73,1.0023862538285575,-0.010459085676545545
2074,20.740000000000002,1.006470251378104,-0.011409168987951529
2075,20.75,1.0012311080727747,-0.013552541887309592
2076,20.76,1.0002410539658866,-0.013959819794583916
2077,20.77,1.001087562354607,-0.014587890760630075
2078,20.78,0.9991355139556738,-0.015983698878222683
2079,20.79,0.9957930846571115,-0.016545397827294802
2080,20.8,0.9994126656719978,-0.017465513771800167
2081,20.81,0.9974000660186582,-0.01825307092919221
2082,20.82,0.9925197451484125,-0.019378064120407188
2083,20.830000000000002,0.9923507944469606,-0.020600249851989272
2084,20.84,0.9877856178864309,-0.021599984536909936
2085,20.85,0.984239510780037,-0.02353710430567975
2086,20.86,0.9922333392852936,-0.023452694244989705
2087,20.87,0.9886349163130482,-0.02498310556295455
2088,20.88,0.9807899694615653,-0.025868851082691904
2089,20.89,0.977254816018361,-0.026660813196196894
2090,20.900000000000002,0.9779940020433422,-0.027120618320139053
2091,20.91,0.9755755929162223,-0.02784184688651392
2092,20.92,0.9791111212412191,-0.029467197927785658
2093,20.93,0.975223165571253,-0.030836045767743462
2094,20.94,0.9750749122222651,-0.031484474037137826
2095,20.95,0.9781220388670634,-0.03236649437378408
2096,20.96,0.9740185471336769,-0.03368079576993582
2097,20.97,0.9679894258130005,-0.034372120636352824
2098,20.98,0.9640969814923986,-0.03495419223994451
2099,20.990000000000002,0.9696540432812029,-0.03656817730085677
2100,21.0,0.9662241155953505,-0.037041151555221065
2101,21.01,0.96635460884871,-0.037914916859368174
2102,21.02,0.9575082074916623,-0.03919168864823793
2103,21.03,0.9604915670509523,-0.041143605608859865
2104,21.04,0.957058429415467,-0.04109960580399785
2105,21.05,0.9564023654471414,-0.042272191985719104
2106,21.06,0.9535725269642005,-0.04337481757959032
2107,21.07,0.9561377340329976,-0.04337425845975102
2108,21.080000000000002,0.9556735793539554,-0.04556761959283387
2109,21.09,0.9524083448367999,-0.04580884475539291
2110,21.1,0.9539817406132172,-0.04695157871617203
2111,21.11,0.9491003007659227,-0.047841756198030064
2112,21.12,0.947021806463401,-0.04965867913017045
2113,21.13,0.9475324222829303,-0.0494403083080576
2114,21.14,0.9488741570326992,-0.05004095087045841
2115,21.150000000000002,0.9408254698766433,-0.052093689225938135
2116,21.16,0.9335961469097033,-0.05222980095662742
2117,21.17,0.9436419805796955,-0.05319699517516316
2118,21.18,0.9398042905280941,-0.05464634230909963
2119,21.19,0.9373489967588811,-0.0552805464606036
2120,21.2,0.9339376240169769,-0.05613620535694942
2121,21.21,0.926891481331136,-0.05728585438187189
2122,21.22,0.9244319430034696,-0.057925508781875135
2123,21.23,0.9322690772865845,-0.05908154780679491
2124,21.240000000000002,0.922641673271652,-0.06053136432912667
2125,21.25,0.9235363203656508,-0.06120284407434302
2126,21.26,0.9236927011426951,-0.06194476955325201
2127,21.27,0.918252850331478,-0.06265539801367187
2128,21.28,0.9219717956249615,-0.0636299719849462
2129,21.29,0.9219026566747432,-0.0642571927669539
2130,21.3,0.9183700250731212,-0.06568426494479404
2131,21.31,0.9150614788991275,-0.06613635170144896
2132,21.32,0.9178809635266487,-0.06710144923058332
2133,21.330000000000002,0.9155168006542099,-0.0685601654674806
2134,21.34,0.9093418672705854,-0.06880620737551058
2135,21.35,0.9067687528402687,-0.06969421255128794
2136,21.36,0.9052376535101782,-0.07068224566139826
2137,21.37,0.9023161497592586,-0.07129755712479194
2138,21.38,0.9035023693185418,-0.07282620201242387
2139,21.39,0.9032871454566176,-0.07291907334995966
2140,21.400000000000002,0.9014832571734448,-0.07382317959277043
2141,21.41,0.8958083027456231,-0.07587751441144142
2142,21.42,0.8913045398232552,-0.07691373209827443
2143,21.43,0.8975474056299282,-0.07721477484820449
2144,21.44,0.8915360791828888,-0.07858106110565541
2145,21.45,0.8903924506240288,-0.07902531452052855
2146,21.46,0.8879190330745956,-0.0799835123921549
2147,21.47,0.8861717107544617,-0.08067989236354892
2148,21.48,0.8798095135629865,-0.08166557334295163
2149,21.490000000000002,0.88653566454601,-0.08271270494018287
2150,21.5,0.8801608217982373,-0.08305273955266886
2151,21.51,0.8841246558145367,-0.08470767394251136
2152,21.52,0.8746666447948246,-0.08591316675650446
2153,21.53,0.8714697588408261,-0.08556500530109835
2154,21.54,0.8674749634315766,-0.08691259276499545
2155,21.55,0.8733037809180171,-0.0882747373736349
2156,21.56,0.8709776960610232,-0.08857114626122886
2157,21.57,0.8731577079341158,-0.0891474851331257
2158,21.580000000000002,0.869293866026232,-0.0911968646392086
2159,21.59,0.8653340990899369,-0.09092857262219808
2160,21.6,0.8577629384023369,-0.09289738832220809
2161,21.61,0.8646303380260587,-0.09353874417217548
2162,21.62,0.8587744181270255,-0.093985626663426
2163,21.63,0.8580088549473879,-0.09478944211022934
2164,21.64,0.8556304917622151,-0.09489353308256744
2165,21.650000000000002,0.854009632504941,-0.09589174176925712
2166,21.66,0.8518620077209985,-0.09779212252236275
2167,21.67,0.8490650101268886,-0.0985863288228472
2168,21.68,0.8518168642168006,-0.09900910042733274
2169,21.69,0.8450339011239132,-0.09971837364048246
2170,21.7,0.843301261568542,-0.1012287467413947
2171,21.71,0.8407658326262238,-0.1016407170580184
2172,21.72,0.8384219281377754,-0.10241659363778728
2173,21.73,0.8410323906067361,-0.10323108279802781
2174,21.740000000000002,0.8359627280357,-0.10410066385351517
2175,21.75,0.8345330568663326,-0.1049951590550856
2176,21.76,0.8339077740537898,-0.10498010932195818
2177,21.77,0.8254208023342638,-0.1062979828272132
2178,21.78,0.8312368925319317,-0.10697962512245318
2179,21.79,0.8236810914232646,-0.10823426142164616
2180,21.8,0.8242701416002584,-0.10823232194977599
2181,21.81,0.8279511141920414,-0.1094945708964527
2182,21.82,0.825846618688486,-0.1101864060318468
2183,21.830000000000002,0.8249839857003262,-0.11194351400533836
2184,21.84,0.8186443816802079,-0.1127108941441942
2185,21.85,0.8147262879021208,-0.11297800014281403
2186,21.86,0.8126943762707524,-0.11374238972909566
2187,21.87,0.807379643339479,-0.11490272019895661
2188,21.88,0.8084687026258172,-0.11552781272601838
2189,21.89,0.8001220729034331,-0.1161374064473013
2190,21.900000000000002,0.8014318169349669,-0.11727427375927478
2191,21.91,0.7924148755328406,-0.11816104468796884
2192,21.92,0.8023564537380361,-0.12013441479718574
2193,21.93,0.7936485257205309,-0.11931847023217873
2194,21.94,0.7909958057551281,-0.12079128182014061
2195,21.95,0.7955046871647596,-0.12158630685319094
2196,21.96,0.7874727445003723,-0.12264014881765797
2197,21.97,0.7782917776890557,-0.12309423822118919
2198,21.98,0.7834936726968577,-0.12365401158806734
2199,21.990000000000002,0.7821233223260552,-0.12363680773401305
2200,22.0,0.7830278240186015,-0.1252851316924895
2201,22.01,0.7719079780590614,-0.1259648133880093
2202,22.02,0.7720957165517363,-0.12642532586131797
2203,22.03,0.7698278702297613,-0.1276071024577373
2204,22.04,0.7700284321102036,-0.12820726054795936
2205,22.05,0.7702941671278921,-0.1286795583614945
2206,22.06,0.7679410327191154,-0.12987839364777928
2207,22.07,0.7606589091092972,-0.13022591587048046
2208,22.080000000000002,0.7525051921302821,-0.13185710829144304
2209,22.09,0.7572861222874426,-0.1315567394578214
2210,22.1,0.7541916880593503,-0.13275696936677336
2211,22.11,0.7541243711913789,-0.13356504307648445
2212,22.12,0.7520184670396041,-0.13499077271521429
2213,22.13,0.748104594866041,-0.1352802999572934
2214,22.14,0.7450254557242212,-0.135883643731131
2215,22.150000000000002,0.7434130507659242,-0.13627270773597783
2216,22.16,0.7410020504175825,-0.1365209916157744
2217,22.17,0.738865073472542,-0.13752898729154298
2218,22.18,0.7336827584443081,-0.13920295745552813
2219,22.19,0.7320920415754321,-0.1399487813209959
2220,22.2,0.7321961849176951,-0.14006643668301139
2221,22.21,0.7243437169752146,-0.14148320232492223
2222,22.22,0.7259715425804685,-0.14116543410940552
2223,22.23,0.7282674841018725,-0.1427572128052235
2224,22.240000000000002,0.71523115656164,-0.1431529047404387
2225,22.25,0.7165476785032624,-0.14436743838325994
2226,22.26,0.7087955293862352,-0.14403844373200336
2227,22.27,0.7076159124396182,-0.14508819630427133
2228,22.28,0.7020290164003606,-0.1456613271784083
2229,22.29,0.7078442166675577,-0.14727278190038676
2230,22.3,0.7053553560927524,-0.1480090783529544
2231,22.31,0.7002238323618933,-0.14791450280516252
2232,22.32,0.6981772728457437,-0.14872857241611329
2233,22.330000000000002,0.69476650718874,-0.14970367567525777
2234,22.34,0.6921641430094121,-0.14971879575345715
2235,22.35,0.6900257636428849,-0.15088617871548887
2236,22.36,0.6864482765494014,-0.15224733183381212
2237,22.37,0.6795689758430946,-0.15216221365763263
2238,22.38,0.6817434151611552,-0.15273225329233994
2239,22.39,0.6747235163710366,-0.15329681628765857
2240,22.400000000000002,0.6767086767299358,-0.15452366328600917
2241,22.41,0.6711805045205139,-0.15466536586222496
2242,22.42,0.6671194917976834,-0.15557602900328374
2243,22.43,0.665125879797656,-0.15598495945553167
2244,22.44,0.6606436843834455,-0.1565199798300395
2245,22.45,0.6530733495009989,-0.15781339523767698
2246,22.46,0.6544123295956136,-0.15867719420407358
2247,22.47,0.6540902162582932,-0.15870628967743422
2248,22.48,0.6472673030893518,-0.15947051838975532
2249,22.490000000000002,0.646780117497718,-0.1601088746177348
2250,22.5,0.6450603108102394,-0.16088464541013714
2251,22.51,0.6356006753073723,-0.16184189799221024
2252,22.52,0.6315959441010285,-0.16167240155353707
2253,22.53,0.6296743607644939,-0.16258214543576638
2254,22.54,0.628124171197204,-0.16420893414495535
2255,22.55,0.6196637648459955,-0.1639985934005298
2256,22.56,0.6188611432435966,-0.16387907703478294
2257,22.57,0.6128834402488532,-0.16574882415106457
2258,22.580000000000002,0.6142542375273239,-0.16581484946685532
2259,22.59,0.6020016039096151,-0.16636173121519227
2260,22.6,0.6025837290490313,-0.1670759830233119
2261,22.61,0.5979885634995556,-0.16735715765926326
2262,22.62,0.5977114325488218,-0.16782184979450523
2263,22.63,0.5903543502086285,-0.16830737487216835
2264,22.64,0.5807045710987359,-0.16974354598080676
2265,22.650000000000002,0.5815332112275114,-0.17056848302961658
2266,22.66,0.5805418517998642,-0.17043549185836235
2267,22.67,0.5726705368676729,-0.1712089155418018
2268,22.68,0.5702418244862951,-0.17207540379067368
2269,22.69,0.5672788852649819,-0.17240938550048787
2270,22.7,0.5602455488957618,-0.17325334125281294
2271,22.71,0.5550653243136213,-0.17339136072272232
2272,22.72,0.5495772018445109,-0.17479362524837772
2273,22.73,0.5501028280315835,-0.1746704524747838
2274,22.740000000000002,0.5453858358087359,-0.17505829827368144
2275,22.75,0.5331517742467611,-0.17565193585471434
2276,22.76,0.5309095129812779,-0.1758182187450658
2277,22.77,0.5279781760236937,-0.17643687822106874
2278,22.78,0.5223122500791615,-0.17761097416841792
2279,22.79,0.5167943794848806,-0.1777987158547752
2280,22.8,0.5158559241593514,-0.17834076111241925
2281,22.81,0.5065079523125647,-0.1782835739358387
2282,22.82,0.4993469385810949,-0.17965718645416126
2283,22.830000000000002,0.49503253028954863,-0.17986004160880678
2284,22.84,0.49298111984859805,-0.18034284680438753
2285,22.85,0.48550322783601724,-0.18066605457864146
2286,22.86,0.4753002208814387,-0.1819143217180637
2287,22.87,0.47370656805299527,-0.1817912999738992
2288,22.88,0.4670327298634636,-0.18200604221654848
2289,22.89,0.4554749767312747,-0.1836018574889509
2290,22.900000000000002,0.4596783626410675,-0.18270382441052463
2291,22.91,0.44113817074523703,-0.18374396565430556
2292,22.92,0.4450491266505815,-0.1834767919793361
2293,22.93,0.43690344232133854,-0.1847064989647089
2294,22.94,0.4289146969205116,-0.18444324639676105
2295,22.95,0.42158930523631283,-0.185902302370355
2296,22.96,0.41783294471197663,-0.1857991308371215
2297,22.97,0.41120978277657894,-0.1860807905091242
2298,22.98,0.4042919986461736,-0.18708004105426834
2299,22.990000000000002,0.3986556781033137,-0.18708478045540577
2300,23.0,0.391625597076525,-0.18769510174748583
2301,23.01,0.38378012748585993,-0.18751017649926927
2302,23.02,0.37087994512206646,-0.18843254483549507
2303,23.03,0.36478921253058605,-0.18878639011719908
2304,23.04,0.35629025460336583,-0.188988141463492
2305,23.05,0.3478214466657553,-0.18944604656079017
2306,23.06,0.3363611911157545,-0.18863740372040988
2307,23.07,0.32426070367272974,-0.18951578917738474
2308,23.080000000000002,0.32307986819429185,-0.18968876359742465
2309,23.09,0.3070867443605405,-0.1908350760366538
2310,23.1,0.30175597987457226,-0.19072595180401264
2311,23.11,0.28818997053304407,-0.1912395228333169
2312,23.12,0.2809385711793682,-0.19144535269216514
2313,23.13,0.2681705842712086,-0.19143946441359516
2314,23.14,0.25308771650614964,-0.19266162646278084
2315,23.150000000000002,0.2478302890225211,-0.19237653716331019
2316,23.16,0.23102130919958389,-0.192628127076001
2317,23.17,0.222692576147325,-0.19233185187838175
2318,23.18,0.21396683248583745,-0.19253622060229764
2319,23.19,0.195461042009132,-0.192788919169302
2320,23.2,0.18351965158965416,-0.19370390707936333
2321,23.21,0.1666864320620433,-0.19344057418233185
2322,23.22,0.15378601659318733,-0.19460930660196807
2323,23.23,0.14307305933597117,-0.1943452978534697
2324,23.240000000000002,0.1252687228020818,-0.19360927637544614
2325,23.25,0.1103644091449371,-0.19421496801355217
2326,23.26,0.09204540972244513,-0.19359528530852468
2327,23.27,0.07599000656183565,-0.19391385724565807
2328,23.28,0.06323123507762543,-0.19512068229230758
2329,23.29,0.038597275996264724,-0.19378700961430412
2330,23.3,0.021415406357217587,-0.1946360127076689
2331,23.31,0.0006637749440235067,-0.19386710607138957
2332,23.32,-0.015025110484642185,-0.1947628168549973
2333,23.330000000000002,-0.025965651304866257,-0.19441393020814593
2334,23.34,-0.04781365077871674,-0.19392435728305124
2335,23.35,-0.07196584297894633,-0.194203563741119
2336,23.36,-0.09949596901532047,-0.19382835994343675
2337,23.37,-0.11848241609566193,-0.1940017481021425
2338,23.38,-0.14669264947098928,-0.1943884650876614
2339,23.39,-0.17074167822723765,-0.19394205418721436
2340,23.400000000000002,-0.1989518981763034,-0.19389314923623038
2341,23.41,-0.22219549987284692,-0.19298741489114343
2342,23.42,-0.24603925671353732,-0.1928678580062703
2343,23.43,-0.2816858423717603,-0.1931506717277026
2344,23.44,-0.30272543853658423,-0.1931553990977807
2345,23.45,-0.3374287889809582,-0.19242757415408004
2346,23.46,-0.36646281842384687,-0.19156388017206605
2347,23.47,-0.3922539560781163,-0.19155918804058764
2348,23.48,-0.42385669131109843,-0.19107916792563842
2349,23.490000000000002,-0.4537212028963849,-0.1909475779521811
2350,23.5,-0.4859669244679817,-0.1906292918067203
2351,23.51,-0.5141179293872041,-0.1897082875382816
2352,23.52,-0.550327663094327,-0.1895816578969786
2353,23.53,-0.5832552812899224,-0.1891536489267771
2354,23.54,-0.6183564406723867,-0.18778212316373916
2355,23.55,-0.6398185769283874,-0.18770283875320623
2356,23.56,-0.6754148582676853,-0.18609025219334868
2357,23.57,-0.7038364605244759,-0.1862716294940474
2358,23.580000000000002,-0.7344169599462389,-0.1850018510307384
2359,23.59,-0.7672739023598909,-0.18446771259044298
2360,23.6,-0.7898953804419286,-0.1833637718638276
2361,23.61,-0.8213863682629201,-0.18333079875920658
2362,23.62,-0.8420863494470201,-0.18200708210478012
2363,23.63,-0.8673456367871811,-0.18081840910014058
2364,23.64,-0.8964950008111102,-0.18067881842311612
2365,23.650000000000002,-0.9231195343888512,-0.17899548827641715
2366,23.66,-0.9422971963143898,-0.17867892686120498
2367,23.67,-0.9619409927268814,-0.17782026481870017
2368,23.68,-0.9916238692619197,-0.17694330692256444
2369,23.69,-0.9991580139068903,-0.17591735296237115
2370,23.7,-1.0147328019986128,-0.17547061404396283
2371,23.71,-1.0379788267096508,-0.17312977451529168
2372,23.72,-1.050713936892885,-0.1731538685994062
2373,23.73,-1.060088964822568,-0.17187885766197156
2374,23.740000000000002,-1.0735620037427676,-0.17058985907070734
2375,23.75,-1.0853815429198101,-0.16954462042580568
2376,23.76,-1.0961609584327334,-0.16863821590747188
2377,23.77,-1.1044059066990892,-0.16758130130124022
2378,23.78,-1.1121872843960554,-0.16652082550693287
2379,23.79,-1.1132250149990337,-0.16540926909967654
2380,23.8,-1.1236195617571096,-0.1636306704889486
2381,23.81,-1.1329195864343253,-0.16256219361758414
2382,23.82,-1.1385918642787682,-0.1614639040877521
2383,23.830000000000002,-1.1459232949627876,-0.16018984431577032
2384,23.84,-1.1476112879002325,-0.15860394058430427
2385,23.85,-1.1500853584559372,-0.15839014851067262
2386,23.86,-1.1496013018471702,-0.15719418632759896
2387,23.87,-1.1536827949317319,-0.15652917545549214
2388,23.88,-1.160507940755795,-0.15462324915206868
2389,23.89,-1.159685564462039,-0.15398528107879542
2390,23.900000000000002,-1.1596262821596857,-0.15295026358037367
2391,23.91,-1.164829733965437,-0.15102539882066057
2392,23.92,-1.1655718847455894,-0.15000148709133684
2393,23.93,-1.163965952826936,-0.1495061281379749
2394,23.94,-1.166268115323544,-0.1477201097088794
2395,23.95,-1.173356251160853,-0.14717333651945697
2396,23.96,-1.1681552529225088,-0.1451866925511373
2397,23.97,-1.1725482053379528,-0.14394641284802157
2398,23.98,-1.1700550137938455,-0.14331019786749322
2399,23.990000000000002,-1.1703866011208695,-0.14184260435022597
2400,24.0,-1.166835514033471,-0.14137489113446378
2401,24.01,-1.1687458577571492,-0.13953022422941147
2402,24.02,-1.1647243918323993,-0.1393491148408664
2403,24.03,-1.1747118922605897,-0.13701591218280176
2404,24.04,-1.1671287274794058,-0.13633210219649894
2405,24.05,-1.1651241181134537,-0.13513402409291483
2406,24.060000000000002,-1.1673487222250853,-0.1328850334655175
2407,24.07,-1.1695275024327056,-0.13278685067373727
2408,24.080000000000002,-1.165785812246613,-0.1308209430606982
2409,24.09,-1.1672270422906452,-0.13009421287262188
2410,24.1,-1.1602083197952535,-0.12933900507984056
2411,24.11,-1.1650939889076875,-0.12768225730575886
2412,24.12,-1.159179383805488,-0.12640567828915877
2413,24.13,-1.1593750186475686,-0.1255005349634172
2414,24.14,-1.1615595338598228,-0.12434000280940573
2415,24.150000000000002,-1.1574929523689637,-0.12318194835626006
2416,24.16,-1.1576766043559745,-0.12195903495967296
2417,24.17,-1.1561208724776506,-0.12093462475435425
2418,24.18,-1.1589349899183203,-0.11993702300543621
2419,24.19,-1.157493946903606,-0.1195238997565368
2420,24.2,-1.1567830296159134,-0.11784139867951274
2421,24.21,-1.1581562888003305,-0.11598105832456838
2422,24.22,-1.150961609356111,-0.11558641548016543
2423,24.23,-1.1504779696516034,-0.11436085002961568
2424,24.240000000000002,-1.1531396019770248,-0.11274477193828311
2425,24.25,-1.1559567269467972,-0.11178525151031686
2426,24.26,-1.1507680240248905,-0.11075588142663521
2427,24.27,-1.1474134028341452,-0.10921596283787319
2428,24.28,-1.1465677862201336,-0.10832633621819916
2429,24.29,-1.1445300198107862,-0.107641105535808
2430,24.3,-1.140146911820762,-0.10605424811634172
2431,24.310000000000002,-1.1465359832353206,-0.10497981388594153
2432,24.32,-1.1419302094883415,-0.10408227325179069
2433,24.330000000000002,-1.1424361353908579,-0.10263614568769136
2434,24.34,-1.1417265276378132,-0.10148589630253432
2435,24.35,-1.1350222952431601,-0.09973843735909291
2436,24.36,-1.132717889757371,-0.0993826464536275
2437,24.37,-1.1342699537201903,-0.09886309381202232
2438,24.38,-1.1378752015065556,-0.09661622685165769
2439,24.39,-1.1350435020175529,-0.09649170411446338
2440,24.400000000000002,-1.1296526316469804,-0.09499158431849564
2441,24.41,-1.130804286384208,-0.09350382134505034
2442,24.42,-1.1323119025303126,-0.09311778979152424
2443,24.43,-1.1321179614930719,-0.09082381328102891
2444,24.44,-1.1295073690489765,-0.09001670878521843
2445,24.45,-1.1303961466865782,-0.08912673738573645
2446,24.46,-1.1258540715981173,-0.08731374363412182
2447,24.47,-1.1221398394780318,-0.08644708443198847
2448,24.48,-1.115668307154715,-0.0863980668270555
2449,24.490000000000002,-1.1191682239495069,-0.08488909300003936
2450,24.5,-1.120438695424212,-0.08285954944560987
2451,24.51,-1.1160943786486,-0.08204992615796791
2452,24.52,-1.116106481370356,-0.08089891222872457
2453,24.53,-1.113616728206917,-0.08050294904532476
2454,24.54,-1.1158380456166468,-0.07898359294788593
2455,24.55,-1.1106438314730143,-0.07787910699535422
2456,24.560000000000002,-1.1124150497458851,-0.07675328185673162
2457,24.57,-1.1045757909774068,-0.0758800839916796
2458,24.580000000000002,-1.1141470256007546,-0.07504770067278248
2459,24.59,-1.1065544536290055,-0.07323462587143953
2460,24.6,-1.1062234073486317,-0.07228672441566969
2461,24.61,-1.1051553358440769,-0.07087214005173839
2462,24.62,-1.111796830137713,-0.06972033566687198
2463,24.63,-1.1074995688858331,-0.06846760471648448
2464,24.64,-1.1046369515763261,-0.06728220197861091
2465,24.650000000000002,-1.099795595249475,-0.06679120721417632
2466,24.66,-1.0995810371923032,-0.06550613628325011
2467,24.67,-1.0994866054048427,-0.06469490604453662
2468,24.68,-1.1037471721668592,-0.06297660132468397
2469,24.69,-1.096829521852482,-0.06256975263183143
2470,24.7,-1.096309452433606,-0.060995126278677196
2471,24.71,-1.0955109324612387,-0.060602726827361855
2472,24.72,-1.091762649749462,-0.05865260487609097
2473,24.73,-1.091211656264313,-0.057944791865584336
2474,24.740000000000002,-1.0921951737268532,-0.05660527865018195
2475,24.75,-1.0904172278676036,-0.05583790288589844
2476,24.76,-1.0878927541883252,-0.054805995278540194
2477,24.77,-1.0918055254049668,-0.053882225993051806
2478,24.78,-1.0826631953652015,-0.05319983809130512
2479,24.79,-1.0840916235543048,-0.0513304520303649
2480,24.8,-1.0809856682032422,-0.04978753212946678
2481,24.810000000000002,-1.0823583453055694,-0.048972091511065054
2482,24.82,-1.0816988507618308,-0.04801613804159342
2483,24.830000000000002,-1.077557738167781,-0.04682974961952275
2484,24.84,-1.0811538205286908,-0.045380790397540324
2485,24.85,-1.0764755511042987,-0.04492481027700772
2486,24.86,-1.0770422794861492,-0.04396949578093458
2487,24.87,-1.0717092416308052,-0.04257405915041253
2488,24.88,-1.0739132713391422,-0.04140771368753451
2489,24.89,-1.0731797586061946,-0.041120957343310324
2490,24.900000000000002,-1.0720080696816912,-0.03964586235751233
2491,24.91,-1.0656625298165514,-0.03894948076107126
2492,24.92,-1.0648719846173618,-0.03724227859277384
2493,24.93,-1.068760061759305,-0.036575671030846094
2494,24.94,-1.0667466682373439,-0.03542906050263363
2495,24.95,-1.0658214750388113,-0.03386145183386803
2496,24.96,-1.0606071233301786,-0.03244439055833555
2497,24.97,-1.0606609736476702,-0.03257127506901182
2498,24.98,-1.0612969666476741,-0.0314154060011441
2499,24.990000000000002,-1.0580748967487208,-0.029487700054139625
2500,25.0,-1.0622636202135614,-0.028560410044844324
2501,25.01,-1.060188879340911,-0.0279831526354897
2502,25.02,-1.053016114043112,-0.02716028950188838
2503,25.03,-1.0525956210585057,-0.025947986240267153
2504,25.04,-1.055413298630554,-0.02453186001239715
2505,25.05,-1.053720042123951,-0.023553321295778487
2506,25.060000000000002,-1.0497519137903433,-0.02245735400114639
2507,25.07,-1.0545353934533703,-0.021450373943406518
2508,25.080000000000002,-1.0478243790259019,-0.020681317859550727
2509,25.09,-1.044475690586452,-0.019052648401142746
2510,25.1,-1.0455108113312874,-0.018044833797702997
2511,25.11,-1.0416802798795144,-0.017510253224277527
2512,25.12,-1.0449220090601512,-0.01689729241430094
2513,25.13,-1.0419502834247656,-0.014950829920903822
2514,25.14,-1.0349037023288925,-0.01428124907027944
2515,25.150000000000002,-1.038329528269672,-0.0126769048861993
2516,25.16,-1.0311217071306469,-0.012214182923999877
2517,25.17,-1.034021202853771,-0.01110687476578759
2518,25.18,-1.0360297382243786,-0.010402719640675939
2519,25.19,-1.0280830164383958,-0.009108577956836221
2520,25.2,-1.0339653237294342,-0.007040710980094934
2521,25.21,-1.0333974011710132,-0.007174325453164717
2522,25.22,-1.0285685314166377,-0.0067407712705264515
2523,25.23,-1.0262803587439973,-0.005037483239958415
2524,25.240000000000002,-1.030892934727336,-0.0038260021612404964
2525,25.25,-1.0241787655912025,-0.003429005669430898
2526,25.26,-1.027168712457415,-0.0014254293171052346
2527,25.27,-1.020523511420548,-0.000651832377697465
2528,25.28,-1.0230903679417895,-0.0005861520563468672
2529,25.29,-1.0187308850037349,0.0011642875929919639
2530,25.3,-1.019860667377615,0.001810511190969165
2531,25.310000000000002,-1.0176426022141836,0.003446907689350561
2532,25.32,-1.0126014146155389,0.0041602147098180565
2533,25.330000000000002,-1.0175233636337968,0.004729182181007067
2534,25.34,-1.0117821110073741,0.005609902894476177
2535,25.35,-1.0066121335833271,0.007198781398798256
2536,25.36,-1.0025572520344672,0.008482384829953102
2537,25.37,-1.0084877735123314,0.009561034551471578
2538,25.38,-1.0048640570752008,0.010237871008379777
2539,25.39,-1.0046670345943773,0.01136260348450841
2540,25.400000000000002,-0.9999431066058018,0.012900144224294554
2541,25.41,-1.0010338481691896,0.013982707504925564
2542,25.42,-0.9994387433000076,0.014299421368011723
2543,25.43,-1.000404673035218,0.015836339688426092
2544,25.44,-1.0006487190534354,0.016782029947499076
2545,25.45,-0.9893931559714298,0.017224629303369113
2546,25.46,-0.9928123179969595,0.017973400565864783
2547,25.47,-0.9924813552827714,0.01917981944302721
2548,25.48,-0.9920128576705243,0.019914464864059074
2549,25.490000000000002,-0.98816243985101,0.021705966909185602
2550,25.5,-0.9905428518741481,0.022267159496023908
2551,25.51,-0.985666023881372,0.0231641840338046
2552,25.52,-0.9867428279922018,0.02431107148399664
2553,25.53,-0.9846641799115684,0.025031125655105742
2554,25.54,-0.9815308484903664,0.025955754579078016
2555,25.55,-0.9843739104829028,0.02681020242971179
2556,25.560000000000002,-0.9791418111273364,0.028294327773950703
2557,25.57,-0.9786139742658314,0.029263403213617326
2558,25.580000000000002,-0.9758847581452369,0.03029578085480347
2559,25.59,-0.9789959269740299,0.031137618027444906
2560,25.6,-0.9747258337898626,0.03154944801214119
2561,25.61,-0.9725227253537785,0.03360892664024696
2562,25.62,-0.9746466717791135,0.033879004048935325
2563,25.63,-0.9714529226093053,0.035292617586582614
2564,25.64,-0.9681190887817598,0.03576460806410575
2565,25.650000000000002,-0.9713329139490907,0.03741971902114207
2566,25.66,-0.964463332194641,0.03835040813820022
2567,25.67,-0.963814982465183,0.03865151717688499
2568,25.68,-0.9616566317023786,0.03921933829082162
2569,25.69,-0.958180905965326,0.041110199622717426
2570,25.7,-0.9579764287505685,0.041402930769464094
2571,25.71,-0.958083169807077,0.04258500057689694
2572,25.72,-0.9576124960238714,0.043872906884843126
2573,25.73,-0.9514433144442985,0.04453560647795461
2574,25.740000000000002,-0.9465094567295654,0.04495811618088632
2575,25.75,-0.9462918209046581,0.04702497088978232
2576,25.76,-0.9508000850346172,0.047162118328217664
2577,25.77,-0.9525302988684621,0.04796026483052463
2578,25.78,-0.9428270869927744,0.049670729384579046
2579,25.79,-0.9440606552719827,0.051204399228690765
2580,25.8,-0.9400375120120787,0.051286585978763004
2581,25.810000000000002,-0.9345720000605057,0.05212792378153644
2582,25.82,-0.9396635748625501,0.052631749659851325
2583,25.830000000000002,-0.9366861400042872,0.05373777453575863
2584,25.84,-0.9350595750989502,0.05455169492482341
2585,25.85,-0.9294498922672232,0.056284464830202975
2586,25.86,-0.9308894373183119,0.0571009778862806
2587,25.87,-0.9308449230953157,0.05843439651635848
2588,25.88,-0.9275134210016066,0.05862440696313964
2589,25.89,-0.9286509398869662,0.059833058722130725
2590,25.900000000000002,-0.9238539158922042,0.06035318724690782
2591,25.91,-0.929864910696224,0.06152790285855721
2592,25.92,-0.9204636195870585,0.06264650856534526
2593,25.93,-0.9172088186249328,0.06323972717575656
2594,25.94,-0.9201943445909513,0.06387248516557564
2595,25.95,-0.9194146344400413,0.06557939090071578
2596,25.96,-0.9111464218908258,0.06664597998715847
2597,25.97,-0.9128909762239708,0.06715778379665983
2598,25.98,-0.911220698393581,0.0687318246935625
2599,25.990000000000002,-0.9113611030928863,0.06793293841076806
2600,26.0,-0.9141998310904151,0.07044974852908946
2601,26.01,-0.9116588794601144,0.07025366260354561
2602,26.02,-0.9066816173478286,0.0719655448211842
2603,26.03,-0.9023066191148116,0.07319176376460819
2604,26.04,-0.8989857083569033,0.07296905418933149
2605,26.05,-0.901817204923883,0.07503330587754994
2606,26.060000000000002,-0.8994228198251055,0.07564946988215028
2607,26.07,-0.8976220395711371,0.07634146979850047
2608,26.080000000000002,-0.8956582704581761,0.07722549720012123
2609,26.09,-0.8939919068307741,0.07722539321336391
2610,26.1,-0.8879054589095606,0.07871504874459326
2611,26.11,-0.8950554060569439,0.08013650610427617
2612,26.12,-0.8943270765213229,0.08030322863134473
2613,26.13,-0.8865057449814283,0.08151719978827711
2614,26.14,-0.8848213940146821,0.08246353621194183
2615,26.150000000000002,-0.8802030986748625,0.08291930020529155
2616,26.16,-0.8789983938306193,0.08368527409738215
2617,26.17,-0.8774300999930027,0.08465027091379403
2618,26.18,-0.8729637752914816,0.08630015998381763
2619,26.19,-0.8747071526326842,0.08634976276036399
2620,26.2,-0.8751113283604642,0.08784302894915709
2621,26.21,-0.870833469684531,0.08871259700244524
2622,26.22,-0.8684543975110764,0.08937855658374923
2623,26.23,-0.8718300821851693,0.09064345198316547
2624,26.240000000000002,-0.868074473929986,0.09122956173300892
2625,26.25,-0.8646797965910098,0.09155872122323744
2626,26.26,-0.8619269050029693,0.0923216962851581
2627,26.27,-0.8651853516956047,0.09403746755943004
2628,26.28,-0.8559756435545731,0.09477277595117167
2629,26.29,-0.856916365176581,0.0953314114753272
2630,26.3,-0.852528442694992,0.09740235872289754
2631,26.310000000000002,-0.851741671100828,0.09723841962405219
2632,26.32,-0.8519905199871243,0.09796905940357348
2633,26.330000000000002,-0.8492953079342017,0.09939085718814361
2634,26.34,-0.8488644406247984,0.09917448480043903
2635,26.35,-0.8505320956455251,0.10049569437927915
2636,26.36,-0.84779253360865,0.10140703876645574
2637,26.37,-0.8400529013728396,0.10232663970949195
2638,26.38,-0.8370675213152341,0.10282222469883198
2639,26.39,-0.8362458139983068,0.10358733243722519
2640,26.400000000000002,-0.8316058730190443,0.10493222373392908
2641,26.41,-0.8297787652506242,0.106039443483468
2642,26.42,-0.827739369795242,0.10672264667890721
2643,26.43,-0.8328674518282716,0.10736397134914122
2644,26.44,-0.821525835421146,0.10802013946029165
2645,26.45,-0.8241504649077198,0.10826165703906018
2646,26.46,-0.8253287981168367,0.1094678197532608
2647,26.47,-0.8176632871065243,0.11057630914267079
2648,26.48,-0.812507159161344,0.11186302512888598
2649,26.490000000000002,-0.8121533962454773,0.11205562409749215
2650,26.5,-0.8109136165639145,0.11308285163642491
2651,26.51,-0.8110332161957717,0.11359952233402211
2652,26.52,-0.8170692196793441,0.1139353858248385
2653,26.53,-0.8038428641825865,0.11488519921184975
2654,26.54,-0.8029975765799184,0.11542886514154616
2655,26.55,-0.803467821884881,0.11685921565019147
2656,26.560000000000002,-0.8010126267858078,0.11791408030344921
2657,26.57,-0.7992381678812427,0.11897792748289736
2658,26.580000000000002,-0.7992104804488998,0.11890855406239932
2659,26.59,-0.7947027096716968,0.12072158326263036
2660,26.6,-0.793013288252128,0.12110521951344738
2661,26.61,-0.7879848742394094,0.12257318734381044
2662,26.62,-0.786775778313135,0.12261117399607108
2663,26.63,-0.7871353784026989,0.12305733029194928
2664,26.64,-0.7845904536340984,0.12386329256021104
2665,26.650000000000002,-0.7793041801843701,0.12462814069718328
2666,26.66,-0.7792294377434912,0.12502923772555782
2667,26.67,-0.7769134204711415,0.1264887388617726
2668,26.68,-0.774067891668539,0.12736258656996546
2669,26.69,-0.7751503984108363,0.12739123661610374
2670,26.7,-0.7677388027982383,0.1286199851804631
2671,26.71,-0.769746965788743,0.12965358832108625
2672,26.72,-0.7601301387377856,0.1297267999811049
2673,26.73,-0.7675703165990013,0.13080901851023774
2674,26.740000000000002,-0.7590049451092324,0.13095246620654918
2675,26.75,-0.7577926708790492,0.13234059711905405
2676,26.76,-0.7583215315022526,0.13368551692988193
2677,26.77,-0.7496584409131362,0.1335417296774825
2678,26.78,-0.7455084311988495,0.1344972937964049
2679,26.79,-0.743310600246498,0.13529920422545474
2680,26.8,-0.7455482211710037,0.13662616729378954
2681,26.810000000000002,-0.7405134534017566,0.1372677124989033
2682,26.82,-0.73686651821056,0.13751186345607735
2683,26.830000000000002,-0.7324865635041229,0.13898301008221917
2684,26.84,-0.7357137199509054,0.13951361923208944
2685,26.85,-0.7320830783240675,0.14030084460401757
2686,26.86,-0.7320237760187315,0.1409107187248929
2687,26.87,-0.7251532153738167,0.14146387281273654
2688,26.88,-0.7178160892344716,0.14193083830608513
2689,26.89,-0.7168589838294179,0.14269081899202027
2690,26.900000000000002,-0.719916959668896,0.14361113753685287
2691,26.91,-0.7116363922450027,0.1449791851265417
2692,26.92,-0.7115431753966948,0.1447749470958558
2693,26.93,-0.7078651256640086,0.14601375115639284
2694,26.94,-0.7066478909018241,0.14575622534892832
2695,26.95,-0.7074324989679167,0.1478944731970112
2696,26.96,-0.70094274399063,0.14810282336953193
2697,26.97,-0.697222205913805,0.1489997950288296
2698,26.98,-0.6895793132368808,0.1490995562464021
2699,26.990000000000002,-0.6979017297261766,0.15002698604599873
2700,27.0,-0.6807699678802098,0.1513298355025871
2701,27.01,-0.6867309175084616,0.1514147937832065
2702,27.02,-0.6789534428829187,0.15157455664149763
2703,27.03,-0.6778219745514591,0.15290312076227255
2704,27.04,-0.6784572305267864,0.15314186258638224
2705,27.05,-0.6710012982234593,0.15324823128821116
2706,27.060000000000002,-0.6712336783240724,0.15467170214977552
2707,27.07,-0.6662113388149669,0.15570594466558524
2708,27.080000000000002,-0.6627236073876628,0.15604357678305766
2709,27.09,-0.6596934464114372,0.1571367092294453
2710,27.1,-0.6533509481544575,0.15699622285084125
2711,27.11,-0.6561104406397782,0.15841190117093198
2712,27.12,-0.6537391600142674,0.15827550458934686
2713,27.13,-0.6436633332667702,0.15989518897883853
2714,27.14,-0.6412708936511582,0.1600862219198731
2715,27.150000000000002,-0.6420911014674293,0.16104061797435104
2716,27.16,-0.6371954277793261,0.16138125445834764
2717,27.17,-0.6302077545118749,0.16197696787622265
2718,27.18,-0.6279873379185841,0.16236161181809863
2719,27.19,-0.6261316990364598,0.16332006049337064
2720,27.2,-0.6232602714632424,0.16396062271272333
2721,27.21,-0.6200687946629272,0.16481853407352148
2722,27.22,-0.6155274311743703,0.16528603921243892
2723,27.23,-0.608893290043795,0.1661969964066341
2724,27.240000000000002,-0.6063573562011852,0.16634202739404472
2725,27.25,-0.6021041020175905,0.1664299148024897
2726,27.26,-0.6017215540617301,0.16783296554154148
2727,27.27,-0.5978631278514404,0.16842761280581725
2728,27.28,-0.5922149258612315,0.1680814873614444
2729,27.29,-0.5898313228018838,0.16903174243629002
2730,27.3,-0.5858124715122818,0.1704147582132871
2731,27.310000000000002,-0.581215245597605,0.1710154715444057
2732,27.32,-0.5764800252905913,0.1707302051255249
2733,27.330000000000002,-0.5713345230076452,0.17155827591980813
2734,27.34,-0.5608391385678464,0.17158001312623217
2735,27.35,-0.5677711265430498,0.17209889781934157
2736,27.36,-0.5613706550520747,0.17347431675845504
2737,27.37,-0.5548529970257687,0.17412629501331317
2738,27.38,-0.5493430991098488,0.17480537999331316
2739,27.39,-0.5504827469497805,0.1753054858750358
2740,27.400000000000002,-0.5405029774197373,0.17552109656434486
2741,27.41,-0.5377365807793199,0.17616183522706041
2742,27.42,-0.5278891154312757,0.1767326517783838
2743,27.43,-0.5274315774875064,0.1764905084492142
2744,27.44,-0.5229680845682331,0.1772046524841952
2745,27.45,-0.5170968431069136,0.17778648881237014
2746,27.46,-0.5103917608539199,0.17890559035109996
2747,27.47,-0.5036816757969101,0.17935928484681526
2748,27.48,-0.4930240151689255,0.179738494004863
2749,27.490000000000002,-0.4930278931173204,0.18024704276720577
2750,27.5,-0.4811901243550643,0.17997608294299522
2751,27.51,-0.4835456697358137,0.1819746709343278
2752,27.52,-0.47580540429688906,0.18110816802311908
2753,27.53,-0.46884643535722326,0.18255448249698158
2754,27.54,-0.46028103941159215,0.18271228937931192
2755,27.55,-0.4545441336796714,0.18321376088262134
2756,27.560000000000002,-0.45143328457321874,0.18421654218273043
2757,27.57,-0.4461690143870261,0.18368881012630556
2758,27.580000000000002,-0.43795818809064463,0.18463382877268117
2759,27.59,-0.4322562524453803,0.18435874623032433
2760,27.6,-0.4250976531937201,0.18423286820724402
2761,27.61,-0.4155347551089991,0.1858387568255257
2762,27.62,-0.4123937866606881,0.18688911460293417
2763,27.63,-0.4035727477987883,0.18696605258748228
2764,27.64,-0.4012475581334785,0.18609696366953923
2765,27.650000000000002,-0.3885426230946392,0.18776569449447755
2766,27.66,-0.38014237294771885,0.18817963679610528
2767,27.67,-0.37112269267219106,0.18852542161899608
2768,27.68,-0.36676306872733005,0.18801333023227382
2769,27.69,-0.3565706248972714,0.18876806416733738
2770,27.7,-0.3438329390302017,0.18922435923415018
2771,27.71,-0.3394670510362044,0.19020858386019324
2772,27.72,-0.3322696266686936,0.18983155139312013
2773,27.73,-0.3179179892201119,0.18995959786655076
2774,27.740000000000002,-0.3114589781871505,0.19066586025508894
2775,27.75,-0.3055132060070997,0.19033672279712588
2776,27.76,-0.2857262466035665,0.19128563692541004
2777,27.77,-0.2808774094145207,0.19222051965653203
2778,27.78,-0.27056671419392114,0.19230932099116332
2779,27.79,-0.2626269614904678,0.19176724198229012
2780,27.8,-0.24840154860298064,0.1927587701206873
2781,27.810000000000002,-0.24220927689476904,0.19262107728630526
2782,27.82,-0.2269802221147199,0.19238394093589925
2783,27.830000000000002,-0.20710165772817943,0.19269464571288863
2784,27.84,-0.1999164777413834,0.19326722564019394
2785,27.85,-0.1836588703367735,0.19356159660446778
2786,27.86,-0.17423780360021404,0.1933773044765213
2787,27.87,-0.157002832807409,0.1930980589662298
2788,27.88,-0.14059901106620878,0.19373416819588626
2789,27.89,-0.12972860339916648,0.1938409461812588
2790,27.900000000000002,-0.11796114436802269,0.19360962582143385
2791,27.91,-0.09784647824152747,0.19409470640213247
2792,27.92,-0.08402970629491144,0.19473299597320304
2793,27.93,-0.06922404504674844,0.19426514639445353
2794,27.94,-0.04475605200423713,0.19465375005688085
2795,27.95,-0.029050071440012495,0.1938632357013148
2796,27.96,-0.012350111631257056,0.1948441024742533
2797,27.97,0.005369050816025107,0.19393517457800186
2798,27.98,0.027825688237068078,0.19407550615399793
2799,27.990000000000002,0.0488977471058914,0.19406986213303734
2800,28.0,0.07495564110143826,0.19382308611044977
2801,28.01,0.09322481599849498,0.19378794947193795
2802,28.02,0.11598545882410766,0.1943786416311287
2803,28.03,0.13441033529800647,0.19364561252057175
2804,28.04,0.1633082394285861,0.19293810937508074
2805,28.05,0.18684960613924417,0.19329887545709074
2806,28.060000000000002,0.21367210607432865,0.19335987819164857
2807,28.07,0.2461519718927094,0.19367549392240413
2808,28.080000000000002,0.27030974619751486,0.1928686690625869
2809,28.09,0.29734854071310984,0.19250883114063283
2810,28.1,0.3285884427296709,0.1921156280631253
2811,28.11,0.35315157685569903,0.19105932083082355
2812,28.12,0.38495873367959155,0.19135333673517024
2813,28.13,0.41544021613786586,0.19046080453118946
2814,28.14,0.44451627113158926,0.19099343954468642
2815,28.150000000000002,0.4708717450280848,0.19013644277019423
2816,28.16,0.5097383374957964,0.1891880182093488
2817,28.17,0.5380961077231489,0.18986641526638
2818,28.18,0.5721458578572479,0.18892344123878277
2819,28.19,0.601311459600827,0.1885772572712937
2820,28.2,0.6338171362589867,0.18759223967415875
2821,28.21,0.6615748859748417,0.18693227139521232
2822,28.22,0.7004344466563706,0.18614934530931512
2823,28.23,0.7299775906243299,0.1858180587042105
2824,28.240000000000002,0.7570610575135545,0.18549346466036593
2825,28.25,0.7855323789624608,0.18375433211065123
2826,28.26,0.8154963125993593,0.1829348960870157
2827,28.27,0.8436024424852239,0.18202330546765283
2828,28.28,0.8659937534011103,0.18213092219082014
2829,28.29,0.8929044393730838,0.18053636564003125
2830,28.3,0.9089822640379644,0.17952080088076888
2831,28.310000000000002,0.9405786925987186,0.1791779613835136
2832,28.32,0.9555750369156997,0.17770097450985325
2833,28.330000000000002,0.9812979127135726,0.17638603691743035
2834,28.34,0.9986780208885929,0.17600353700092258
2835,28.35,1.0127631716592564,0.1748176206262746
2836,28.36,1.0313642660446452,0.17352438787654859
2837,28.37,1.043495868776748,0.17269772095098565
2838,28.38,1.0552427229007184,0.17203531611615439
2839,28.39,1.0719619473894324,0.17019406652753077
2840,28.400000000000002,1.0868855638794361,0.16928814342037385
2841,28.41,1.0951327748021584,0.16851798768777904
2842,28.42,1.098943727888351,0.1672501400585411
2843,28.43,1.1073153586638986,0.1655479265884075
2844,28.44,1.1185047266020196,0.16525419477732572
2845,28.45,1.1243597350196717,0.1634864076614031
2846,28.46,1.1332889148939311,0.163282109912325
2847,28.47,1.1332411845474466,0.16165856228077533
2848,28.48,1.1435335212542497,0.1600883873262386
2849,28.490000000000002,1.1491859690517576,0.15981464019350186
2850,28.5,1.148818591946369,0.15841094449029028
2851,28.51,1.155175957625323,0.15796890075097325
2852,28.52,1.1540436813672326,0.15539115912219448
2853,28.53,1.1515003810978863,0.1551737696877145
2854,28.54,1.159093462243322,0.153811147194213
2855,28.55,1.1645560180848225,0.1528202941894927
2856,28.560000000000002,1.163216262450386,0.1510057816746118
2857,28.57,1.1656473987888143,0.1509801390917378
2858,28.580000000000002,1.1637012172464798,0.14916504685670817
2859,28.59,1.1636245415699973,0.14818725322446225
2860,28.6,1.1643572327359533,0.14628563716587772
2861,28.61,1.1664671297072384,0.14551421443358448
2862,28.62,1.164097983815775,0.14434574993460467
2863,28.63,1.1687030914277357,0.14390450964615079
2864,28.64,1.1657605885169278,0.14204460235976732
2865,28.650000000000002,1.169758546393521,0.14057578876892562
2866,28.66,1.1705692707945725,0.13951617040321967
2867,28.67,1.1638105605489757,0.138541734464767
2868,28.68,1.1698641429524805,0.13691961763120644
2869,28.69,1.1704739833194342,0.1352070411138697
2870,28.7,1.1690962286016118,0.13526557690836682
2871,28.71,1.1653200355922586,0.13441044229065824
2872,28.72,1.1668373114623707,0.1328348630031396
2873,28.73,1.1647838580787306,0.13235462613952945
2874,28.740000000000002,1.1649436938968059,0.1305201671032074
2875,28.75,1.1616296720131263,0.12886452673117968
2876,28.76,1.166725533648358,0.1282246762047317
2877,28.77,1.1641842152041175,0.12648567970674215
2878,28.78,1.1613700967328549,0.12560297841675158
2879,28.79,1.1628349660042496,0.12498630911429733
2880,28.8,1.1610788713297742,0.12354215522303184
2881,28.810000000000002,1.1606460110550765,0.12196595618841852
2882,28.82,1.1620973042319982,0.12085580424499169
2883,28.830000000000002,1.1528167666912872,0.11985602145957686
2884,28.84,1.1598224646135422,0.11898682042277284
2885,28.85,1.1526249678816927,0.11712023912974152
2886,28.86,1.1580997165084455,0.1164769076392348
2887,28.87,1.1502659798213861,0.11506031958813302
2888,28.88,1.1470534166070072,0.11443866091846769
2889,28.89,1.1456472160916806,0.11319222049231392
2890,28.900000000000002,1.1477133421492423,0.11230304506358102
2891,28.91,1.1428304229478083,0.11041655519202602
2892,28.92,1.1451611212209358,0.11029415740413649
2893,28.93,1.1413569550469393,0.10863915642710632
2894,28.94,1.145110824578396,0.10686133292195195
2895,28.95,1.1483931013755926,0.106285504241494
2896,28.96,1.1439037816726447,0.10593375057082373
2897,28.97,1.1482522750734139,0.1038170017236313
2898,28.98,1.1396530693911915,0.10250004078055926
2899,28.990000000000002,1.1394838780464134,0.10183500007154238
2900,29.0,1.1404220831851792,0.10052754453909915
2901,29.01,1.1364693164947912,0.09820197252811201
2902,29.02,1.1358158402837235,0.0977279589645701
2903,29.03,1.1342135191756992,0.09664400988503342
2904,29.04,1.134715800310847,0.09639857632261589
2905,29.05,1.1328342209350561,0.09482185414269996
2906,29.060000000000002,1.1330726944256944,0.09419840273733704
2907,29.07,1.129834584720997,0.09238823223106345
2908,29.080000000000002,1.12787678260921,0.09108897003779817
2909,29.09,1.1344881220707927,0.08937474689561886
2910,29.1,1.1280570165523955,0.08842949846517668
2911,29.11,1.1275044932619431,0.08844914805810934
2912,29.12,1.1226205163616196,0.0869614520947068
2913,29.13,1.1235771643853907,0.08571138667753221
2914,29.14,1.1226300509456906,0.0848326008631551
2915,29.150000000000002,1.121108275252587,0.08381184426106145
2916,29.16,1.1217027507861905,0.08334299744920819
2917,29.17,1.1157205184071484,0.08086471164396938
2918,29.18,1.1216841839830933,0.08064665106520022
2919,29.19,1.1161061621156516,0.07875636343590389
2920,29.2,1.1142622747088327,0.07786110741650223
2921,29.21,1.1115683958179798,0.07671250242876458
2922,29.22,1.1129885218408808,0.07568321691763705
2923,29.23,1.114251851951406,0.07563878218477645
2924,29.240000000000002,1.1093826330030538,0.07341274968167566
2925,29.25,1.105997031509848,0.07241810982439117
2926,29.26,1.106798172206181,0.07093287928299746
2927,29.27,1.1099091568042267,0.0706640097205019
2928,29.28,1.1040475467711384,0.0690666692426892
2929,29.29,1.1069890816465404,0.06818511883147683
2930,29.3,1.1002898113734476,0.06712653566415534
2931,29.310000000000002,1.1008468807464677,0.06589350046836248
2932,29.32,1.0997593696720862,0.06485280854549855
2933,29.330000000000002,1.08951090743208,0.0630986177529859
2934,29.34,1.0952700546446004,0.06237962858016553
2935,29.35,1.0942567357912456,0.061774378709870924
2936,29.36,1.0890807736989478,0.060889511383901224
2937,29.37,1.0985689999123653,0.058975888197640894
2938,29.38,1.0920074655034089,0.057873636971929085
2939,29.39,1.092139035507783,0.057169881297650126
2940,29.400000000000002,1.0852282760226046,0.055650329546689574
2941,29.41,1.0900771346497033,0.05454211753714183
2942,29.42,1.0890516838658062,0.053509328811001136
2943,29.43,1.08138912404659,0.05266942653938882
2944,29.44,1.0879582928960618,0.05137490613152581
2945,29.45,1.0827380996222478,0.05097094395095657
2946,29.46,1.0792090121880624,0.048966833123963056
2947,29.47,1.0783348994940594,0.04800701218715516
2948,29.48,1.0824923876995507,0.04663938147472467
2949,29.490000000000002,1.079828947940695,0.046455233536004
2950,29.5,1.0790633379385721,0.04423497420942134
2951,29.51,1.0799042840141848,0.04393866157559237
2952,29.52,1.0745400305133408,0.04320145348406209
2953,29.53,1.0769088163520495,0.04267082859945046
2954,29.54,1.0720845699960588,0.04098958190357539
2955,29.55,1.0710357512784225,0.040579216885636496
2956,29.560000000000002,1.0661526726552264,0.03870718933383663
2957,29.57,1.070028700170034,0.03663493718827949
2958,29.580000000000002,1.0657745457506724,0.036187948718869184
2959,29.59,1.0692488286981596,0.03541644378629962
2960,29.6,1.0619236535653966,0.035516792868753144
2961,29.61,1.064864710837959,0.03306403689054301
2962,29.62,1.0615028743989148,0.0327762963858106
2963,29.63,1.0607602886294127,0.031438029715528504
2964,29.64,1.0571902345262274,0.030913742591930672
2965,29.650000000000002,1.0601930251511673,0.02877828181430152
2966,29.66,1.0586678435223014,0.027430200613742083
2967,29.67,1.0533389918760938,0.026773755389992444
2968,29.68,1.05761982936442,0.02555148174984464
2969,29.69,1.0532313873440486,0.024847576486343784
2970,29.7,1.051990877353065,0.023954647317669674
2971,29.71,1.049518260583971,0.02326041080342032
2972,29.72,1.0545225443494515,0.021506563605824633
2973,29.73,1.0443774923446936,0.02147891189834966
2974,29.740000000000002,1.0487319056333295,0.019732107279885124
2975,29.75,1.040015660429606,0.018765370452927917
2976,29.76,1.038057832023858,0.01784982395900538
2977,29.77,1.0435149122274474,0.016643745667627354
2978,29.78,1.0423767534106767,0.015608075428963922
2979,29.79,1.0385121681269116,0.015082572976504866
2980,29.8,1.0415309153074255,0.013516079663263849
2981,29.810000000000002,1.0438996869308446,0.012392578806942962
2982,29.82,1.0367221847031032,0.011039097805532923
2983,29.830000000000002,1.040882909487759,0.010247548936298633
2984,29.84,1.0316508657777526,0.009598398667139003
2985,29.85,1.031509685133539,0.008465588415199626
2986,29.86,1.0312805480826994,0.006487267019126864
2987,29.87,1.0366158821402762,0.0061136444990986865
2988,29.88,1.028512371793201,0.004919582684355635
2989,29.89,1.0224440904034777,0.0037232395449519518
2990,29.900000000000002,1.0269241265442646,0.0035646230602051866
2991,29.91,1.020871074380665,0.002098899839579977
2992,29.92,1.0218494601086574,0.0012929965067428931
2993,29.93,1.0239983897809952,-0.0003541976106384703
2994,29.94,1.0183167243656392,-0.0011503766280803011
2995,29.95,1.0158598495840552,-0.002191114233835157
2996,29.96,1.012208172459019,-0.003587224783691857
2997,29.97,1.0101452675259959,-0.0042835284603835655
2998,29.98,1.0103314675088289,-0.004980782893753966
2999,29.990000000000002,1.0069803399412187,-0.0059867154564340426
