2025-04-17 23:26:05,469 [INFO] 
Limited Total Variation Regularization Support Detected! 
---> CVXPY is not installed. 
---> Many Total Variation Methods require CVXPY including: 
---> velocity, acceleration, jerk, jerk_sliding, smooth_acceleration
---> Please install CVXPY to use these methods.
---> Recommended to also install MOSEK and obtain a MOSEK license.
You can still use: total_variation_regularization.iterative_velocity

2025-04-17 23:26:05,475 [INFO] 
Limited Linear Model Support Detected! 
---> PYCHEBFUN is not installed. 
---> Install pychebfun to use chebfun derivatives (https://github.com/pychebfun/pychebfun/) 
You can still use other methods 

2025-04-17 23:26:05,476 [INFO] 
Limited Linear Model Support Detected! 
---> CVXPY is not installed. 
---> Install CVXPY to use lineardiff derivatives 
You can still use other methods 

2025-10-22 11:23:34,182 [INFO] 
Limited Total Variation Regularization Support Detected! 
---> CVXPY is not installed. 
---> Many Total Variation Methods require CVXPY including: 
---> velocity, acceleration, jerk, jerk_sliding, smooth_acceleration
---> Please install CVXPY to use these methods.
---> Recommended to also install MOSEK and obtain a MOSEK license.
You can still use: total_variation_regularization.iterative_velocity

2025-10-22 11:23:34,194 [INFO] 
Limited Linear Model Support Detected! 
---> PYCHEBFUN is not installed. 
---> Install pychebfun to use chebfun derivatives (https://github.com/pychebfun/pychebfun/) 
You can still use other methods 

2025-10-22 11:23:34,194 [INFO] 
Limited Linear Model Support Detected! 
---> CVXPY is not installed. 
---> Install CVXPY to use lineardiff derivatives 
You can still use other methods 

2025-10-22 11:25:26,377 [INFO] 
Limited Total Variation Regularization Support Detected! 
---> CVXPY is not installed. 
---> Many Total Variation Methods require CVXPY including: 
---> velocity, acceleration, jerk, jerk_sliding, smooth_acceleration
---> Please install CVXPY to use these methods.
---> Recommended to also install MOSEK and obtain a MOSEK license.
You can still use: total_variation_regularization.iterative_velocity

2025-10-22 11:25:26,378 [INFO] 
Limited Linear Model Support Detected! 
---> PYCHEBFUN is not installed. 
---> Install pychebfun to use chebfun derivatives (https://github.com/pychebfun/pychebfun/) 
You can still use other methods 

2025-10-22 11:25:26,378 [INFO] 
Limited Linear Model Support Detected! 
---> CVXPY is not installed. 
---> Install CVXPY to use lineardiff derivatives 
You can still use other methods 

2025-10-22 11:25:46,698 [INFO] 
Limited Total Variation Regularization Support Detected! 
---> CVXPY is not installed. 
---> Many Total Variation Methods require CVXPY including: 
---> velocity, acceleration, jerk, jerk_sliding, smooth_acceleration
---> Please install CVXPY to use these methods.
---> Recommended to also install MOSEK and obtain a MOSEK license.
You can still use: total_variation_regularization.iterative_velocity

2025-10-22 11:25:46,699 [INFO] 
Limited Linear Model Support Detected! 
---> PYCHEBFUN is not installed. 
---> Install pychebfun to use chebfun derivatives (https://github.com/pychebfun/pychebfun/) 
You can still use other methods 

2025-10-22 11:25:46,699 [INFO] 
Limited Linear Model Support Detected! 
---> CVXPY is not installed. 
---> Install CVXPY to use lineardiff derivatives 
You can still use other methods 

2025-10-22 11:25:57,210 [INFO] 
Limited Total Variation Regularization Support Detected! 
---> CVXPY is not installed. 
---> Many Total Variation Methods require CVXPY including: 
---> velocity, acceleration, jerk, jerk_sliding, smooth_acceleration
---> Please install CVXPY to use these methods.
---> Recommended to also install MOSEK and obtain a MOSEK license.
You can still use: total_variation_regularization.iterative_velocity

2025-10-22 11:25:57,210 [INFO] 
Limited Linear Model Support Detected! 
---> PYCHEBFUN is not installed. 
---> Install pychebfun to use chebfun derivatives (https://github.com/pychebfun/pychebfun/) 
You can still use other methods 

2025-10-22 11:25:57,210 [INFO] 
Limited Linear Model Support Detected! 
---> CVXPY is not installed. 
---> Install CVXPY to use lineardiff derivatives 
You can still use other methods 

2025-10-22 11:26:33,013 [INFO] 
Limited Total Variation Regularization Support Detected! 
---> CVXPY is not installed. 
---> Many Total Variation Methods require CVXPY including: 
---> velocity, acceleration, jerk, jerk_sliding, smooth_acceleration
---> Please install CVXPY to use these methods.
---> Recommended to also install MOSEK and obtain a MOSEK license.
You can still use: total_variation_regularization.iterative_velocity

2025-10-22 11:26:33,014 [INFO] 
Limited Linear Model Support Detected! 
---> PYCHEBFUN is not installed. 
---> Install pychebfun to use chebfun derivatives (https://github.com/pychebfun/pychebfun/) 
You can still use other methods 

2025-10-22 11:26:33,014 [INFO] 
Limited Linear Model Support Detected! 
---> CVXPY is not installed. 
---> Install CVXPY to use lineardiff derivatives 
You can still use other methods 

2025-10-22 11:26:59,923 [INFO] 
Limited Total Variation Regularization Support Detected! 
---> CVXPY is not installed. 
---> Many Total Variation Methods require CVXPY including: 
---> velocity, acceleration, jerk, jerk_sliding, smooth_acceleration
---> Please install CVXPY to use these methods.
---> Recommended to also install MOSEK and obtain a MOSEK license.
You can still use: total_variation_regularization.iterative_velocity

2025-10-22 11:26:59,924 [INFO] 
Limited Linear Model Support Detected! 
---> PYCHEBFUN is not installed. 
---> Install pychebfun to use chebfun derivatives (https://github.com/pychebfun/pychebfun/) 
You can still use other methods 

2025-10-22 11:26:59,924 [INFO] 
Limited Linear Model Support Detected! 
---> CVXPY is not installed. 
---> Install CVXPY to use lineardiff derivatives 
You can still use other methods 

2025-10-22 11:45:05,992 [INFO] 
Limited Total Variation Regularization Support Detected! 
---> CVXPY is not installed. 
---> Many Total Variation Methods require CVXPY including: 
---> velocity, acceleration, jerk, jerk_sliding, smooth_acceleration
---> Please install CVXPY to use these methods.
---> Recommended to also install MOSEK and obtain a MOSEK license.
You can still use: total_variation_regularization.iterative_velocity

2025-10-22 11:45:05,993 [INFO] 
Limited Linear Model Support Detected! 
---> PYCHEBFUN is not installed. 
---> Install pychebfun to use chebfun derivatives (https://github.com/pychebfun/pychebfun/) 
You can still use other methods 

2025-10-22 11:45:05,993 [INFO] 
Limited Linear Model Support Detected! 
---> CVXPY is not installed. 
---> Install CVXPY to use lineardiff derivatives 
You can still use other methods 

2025-10-22 11:46:05,878 [INFO] 
Limited Total Variation Regularization Support Detected! 
---> CVXPY is not installed. 
---> Many Total Variation Methods require CVXPY including: 
---> velocity, acceleration, jerk, jerk_sliding, smooth_acceleration
---> Please install CVXPY to use these methods.
---> Recommended to also install MOSEK and obtain a MOSEK license.
You can still use: total_variation_regularization.iterative_velocity

2025-10-22 11:46:05,879 [INFO] 
Limited Linear Model Support Detected! 
---> PYCHEBFUN is not installed. 
---> Install pychebfun to use chebfun derivatives (https://github.com/pychebfun/pychebfun/) 
You can still use other methods 

2025-10-22 11:46:05,879 [INFO] 
Limited Linear Model Support Detected! 
---> CVXPY is not installed. 
---> Install CVXPY to use lineardiff derivatives 
You can still use other methods 

2025-10-22 11:46:45,902 [INFO] 
Limited Total Variation Regularization Support Detected! 
---> CVXPY is not installed. 
---> Many Total Variation Methods require CVXPY including: 
---> velocity, acceleration, jerk, jerk_sliding, smooth_acceleration
---> Please install CVXPY to use these methods.
---> Recommended to also install MOSEK and obtain a MOSEK license.
You can still use: total_variation_regularization.iterative_velocity

2025-10-22 11:46:45,903 [INFO] 
Limited Linear Model Support Detected! 
---> PYCHEBFUN is not installed. 
---> Install pychebfun to use chebfun derivatives (https://github.com/pychebfun/pychebfun/) 
You can still use other methods 

2025-10-22 11:46:45,903 [INFO] 
Limited Linear Model Support Detected! 
---> CVXPY is not installed. 
---> Install CVXPY to use lineardiff derivatives 
You can still use other methods 

2025-10-22 11:47:02,256 [INFO] 
Limited Total Variation Regularization Support Detected! 
---> CVXPY is not installed. 
---> Many Total Variation Methods require CVXPY including: 
---> velocity, acceleration, jerk, jerk_sliding, smooth_acceleration
---> Please install CVXPY to use these methods.
---> Recommended to also install MOSEK and obtain a MOSEK license.
You can still use: total_variation_regularization.iterative_velocity

2025-10-22 11:47:02,257 [INFO] 
Limited Linear Model Support Detected! 
---> PYCHEBFUN is not installed. 
---> Install pychebfun to use chebfun derivatives (https://github.com/pychebfun/pychebfun/) 
You can still use other methods 

2025-10-22 11:47:02,257 [INFO] 
Limited Linear Model Support Detected! 
---> CVXPY is not installed. 
---> Install CVXPY to use lineardiff derivatives 
You can still use other methods 

2025-10-22 11:47:50,913 [INFO] 
Limited Total Variation Regularization Support Detected! 
---> CVXPY is not installed. 
---> Many Total Variation Methods require CVXPY including: 
---> velocity, acceleration, jerk, jerk_sliding, smooth_acceleration
---> Please install CVXPY to use these methods.
---> Recommended to also install MOSEK and obtain a MOSEK license.
You can still use: total_variation_regularization.iterative_velocity

2025-10-22 11:47:50,914 [INFO] 
Limited Linear Model Support Detected! 
---> PYCHEBFUN is not installed. 
---> Install pychebfun to use chebfun derivatives (https://github.com/pychebfun/pychebfun/) 
You can still use other methods 

2025-10-22 11:47:50,914 [INFO] 
Limited Linear Model Support Detected! 
---> CVXPY is not installed. 
---> Install CVXPY to use lineardiff derivatives 
You can still use other methods 

2025-10-22 11:48:36,301 [INFO] 
Limited Total Variation Regularization Support Detected! 
---> CVXPY is not installed. 
---> Many Total Variation Methods require CVXPY including: 
---> velocity, acceleration, jerk, jerk_sliding, smooth_acceleration
---> Please install CVXPY to use these methods.
---> Recommended to also install MOSEK and obtain a MOSEK license.
You can still use: total_variation_regularization.iterative_velocity

2025-10-22 11:48:36,302 [INFO] 
Limited Linear Model Support Detected! 
---> PYCHEBFUN is not installed. 
---> Install pychebfun to use chebfun derivatives (https://github.com/pychebfun/pychebfun/) 
You can still use other methods 

2025-10-22 11:48:36,302 [INFO] 
Limited Linear Model Support Detected! 
---> CVXPY is not installed. 
---> Install CVXPY to use lineardiff derivatives 
You can still use other methods 

2025-10-22 11:49:12,955 [INFO] 
Limited Total Variation Regularization Support Detected! 
---> CVXPY is not installed. 
---> Many Total Variation Methods require CVXPY including: 
---> velocity, acceleration, jerk, jerk_sliding, smooth_acceleration
---> Please install CVXPY to use these methods.
---> Recommended to also install MOSEK and obtain a MOSEK license.
You can still use: total_variation_regularization.iterative_velocity

2025-10-22 11:49:12,956 [INFO] 
Limited Linear Model Support Detected! 
---> PYCHEBFUN is not installed. 
---> Install pychebfun to use chebfun derivatives (https://github.com/pychebfun/pychebfun/) 
You can still use other methods 

2025-10-22 11:49:12,956 [INFO] 
Limited Linear Model Support Detected! 
---> CVXPY is not installed. 
---> Install CVXPY to use lineardiff derivatives 
You can still use other methods 

2025-10-22 11:49:26,791 [INFO] 
Limited Total Variation Regularization Support Detected! 
---> CVXPY is not installed. 
---> Many Total Variation Methods require CVXPY including: 
---> velocity, acceleration, jerk, jerk_sliding, smooth_acceleration
---> Please install CVXPY to use these methods.
---> Recommended to also install MOSEK and obtain a MOSEK license.
You can still use: total_variation_regularization.iterative_velocity

2025-10-22 11:49:26,792 [INFO] 
Limited Linear Model Support Detected! 
---> PYCHEBFUN is not installed. 
---> Install pychebfun to use chebfun derivatives (https://github.com/pychebfun/pychebfun/) 
You can still use other methods 

2025-10-22 11:49:26,792 [INFO] 
Limited Linear Model Support Detected! 
---> CVXPY is not installed. 
---> Install CVXPY to use lineardiff derivatives 
You can still use other methods 

2025-10-22 11:49:39,099 [INFO] 
Limited Total Variation Regularization Support Detected! 
---> CVXPY is not installed. 
---> Many Total Variation Methods require CVXPY including: 
---> velocity, acceleration, jerk, jerk_sliding, smooth_acceleration
---> Please install CVXPY to use these methods.
---> Recommended to also install MOSEK and obtain a MOSEK license.
You can still use: total_variation_regularization.iterative_velocity

2025-10-22 11:49:39,100 [INFO] 
Limited Linear Model Support Detected! 
---> PYCHEBFUN is not installed. 
---> Install pychebfun to use chebfun derivatives (https://github.com/pychebfun/pychebfun/) 
You can still use other methods 

2025-10-22 11:49:39,100 [INFO] 
Limited Linear Model Support Detected! 
---> CVXPY is not installed. 
---> Install CVXPY to use lineardiff derivatives 
You can still use other methods 

2025-10-22 11:53:50,230 [INFO] 
Limited Total Variation Regularization Support Detected! 
---> CVXPY is not installed. 
---> Many Total Variation Methods require CVXPY including: 
---> velocity, acceleration, jerk, jerk_sliding, smooth_acceleration
---> Please install CVXPY to use these methods.
---> Recommended to also install MOSEK and obtain a MOSEK license.
You can still use: total_variation_regularization.iterative_velocity

2025-10-22 11:53:50,230 [INFO] 
Limited Linear Model Support Detected! 
---> PYCHEBFUN is not installed. 
---> Install pychebfun to use chebfun derivatives (https://github.com/pychebfun/pychebfun/) 
You can still use other methods 

2025-10-22 11:53:50,230 [INFO] 
Limited Linear Model Support Detected! 
---> CVXPY is not installed. 
---> Install CVXPY to use lineardiff derivatives 
You can still use other methods 

2025-10-22 11:56:59,628 [INFO] 
Limited Total Variation Regularization Support Detected! 
---> CVXPY is not installed. 
---> Many Total Variation Methods require CVXPY including: 
---> velocity, acceleration, jerk, jerk_sliding, smooth_acceleration
---> Please install CVXPY to use these methods.
---> Recommended to also install MOSEK and obtain a MOSEK license.
You can still use: total_variation_regularization.iterative_velocity

2025-10-22 11:56:59,629 [INFO] 
Limited Linear Model Support Detected! 
---> PYCHEBFUN is not installed. 
---> Install pychebfun to use chebfun derivatives (https://github.com/pychebfun/pychebfun/) 
You can still use other methods 

2025-10-22 11:56:59,629 [INFO] 
Limited Linear Model Support Detected! 
---> CVXPY is not installed. 
---> Install CVXPY to use lineardiff derivatives 
You can still use other methods 

2025-10-22 11:59:35,313 [INFO] 
Limited Total Variation Regularization Support Detected! 
---> CVXPY is not installed. 
---> Many Total Variation Methods require CVXPY including: 
---> velocity, acceleration, jerk, jerk_sliding, smooth_acceleration
---> Please install CVXPY to use these methods.
---> Recommended to also install MOSEK and obtain a MOSEK license.
You can still use: total_variation_regularization.iterative_velocity

2025-10-22 11:59:35,314 [INFO] 
Limited Linear Model Support Detected! 
---> PYCHEBFUN is not installed. 
---> Install pychebfun to use chebfun derivatives (https://github.com/pychebfun/pychebfun/) 
You can still use other methods 

2025-10-22 11:59:35,314 [INFO] 
Limited Linear Model Support Detected! 
---> CVXPY is not installed. 
---> Install CVXPY to use lineardiff derivatives 
You can still use other methods 

2025-10-22 12:00:28,948 [INFO] 
Limited Total Variation Regularization Support Detected! 
---> CVXPY is not installed. 
---> Many Total Variation Methods require CVXPY including: 
---> velocity, acceleration, jerk, jerk_sliding, smooth_acceleration
---> Please install CVXPY to use these methods.
---> Recommended to also install MOSEK and obtain a MOSEK license.
You can still use: total_variation_regularization.iterative_velocity

2025-10-22 12:00:28,949 [INFO] 
Limited Linear Model Support Detected! 
---> PYCHEBFUN is not installed. 
---> Install pychebfun to use chebfun derivatives (https://github.com/pychebfun/pychebfun/) 
You can still use other methods 

2025-10-22 12:00:28,949 [INFO] 
Limited Linear Model Support Detected! 
---> CVXPY is not installed. 
---> Install CVXPY to use lineardiff derivatives 
You can still use other methods 

2025-10-22 12:01:11,314 [INFO] 
Limited Total Variation Regularization Support Detected! 
---> CVXPY is not installed. 
---> Many Total Variation Methods require CVXPY including: 
---> velocity, acceleration, jerk, jerk_sliding, smooth_acceleration
---> Please install CVXPY to use these methods.
---> Recommended to also install MOSEK and obtain a MOSEK license.
You can still use: total_variation_regularization.iterative_velocity

2025-10-22 12:01:11,314 [INFO] 
Limited Linear Model Support Detected! 
---> PYCHEBFUN is not installed. 
---> Install pychebfun to use chebfun derivatives (https://github.com/pychebfun/pychebfun/) 
You can still use other methods 

2025-10-22 12:01:11,314 [INFO] 
Limited Linear Model Support Detected! 
---> CVXPY is not installed. 
---> Install CVXPY to use lineardiff derivatives 
You can still use other methods 

2025-10-22 12:02:20,590 [INFO] 
Limited Total Variation Regularization Support Detected! 
---> CVXPY is not installed. 
---> Many Total Variation Methods require CVXPY including: 
---> velocity, acceleration, jerk, jerk_sliding, smooth_acceleration
---> Please install CVXPY to use these methods.
---> Recommended to also install MOSEK and obtain a MOSEK license.
You can still use: total_variation_regularization.iterative_velocity

2025-10-22 12:02:20,591 [INFO] 
Limited Linear Model Support Detected! 
---> PYCHEBFUN is not installed. 
---> Install pychebfun to use chebfun derivatives (https://github.com/pychebfun/pychebfun/) 
You can still use other methods 

2025-10-22 12:02:20,591 [INFO] 
Limited Linear Model Support Detected! 
---> CVXPY is not installed. 
---> Install CVXPY to use lineardiff derivatives 
You can still use other methods 

2025-10-22 13:03:24,440 [INFO] 
Limited Total Variation Regularization Support Detected! 
---> CVXPY is not installed. 
---> Many Total Variation Methods require CVXPY including: 
---> velocity, acceleration, jerk, jerk_sliding, smooth_acceleration
---> Please install CVXPY to use these methods.
---> Recommended to also install MOSEK and obtain a MOSEK license.
You can still use: total_variation_regularization.iterative_velocity

2025-10-22 13:03:24,441 [INFO] 
Limited Linear Model Support Detected! 
---> PYCHEBFUN is not installed. 
---> Install pychebfun to use chebfun derivatives (https://github.com/pychebfun/pychebfun/) 
You can still use other methods 

2025-10-22 13:03:24,441 [INFO] 
Limited Linear Model Support Detected! 
---> CVXPY is not installed. 
---> Install CVXPY to use lineardiff derivatives 
You can still use other methods 

2025-10-22 13:04:15,676 [INFO] 
Limited Total Variation Regularization Support Detected! 
---> CVXPY is not installed. 
---> Many Total Variation Methods require CVXPY including: 
---> velocity, acceleration, jerk, jerk_sliding, smooth_acceleration
---> Please install CVXPY to use these methods.
---> Recommended to also install MOSEK and obtain a MOSEK license.
You can still use: total_variation_regularization.iterative_velocity

2025-10-22 13:04:15,677 [INFO] 
Limited Linear Model Support Detected! 
---> PYCHEBFUN is not installed. 
---> Install pychebfun to use chebfun derivatives (https://github.com/pychebfun/pychebfun/) 
You can still use other methods 

2025-10-22 13:04:15,677 [INFO] 
Limited Linear Model Support Detected! 
---> CVXPY is not installed. 
---> Install CVXPY to use lineardiff derivatives 
You can still use other methods 

2025-10-22 14:29:58,200 [INFO] 
Limited Total Variation Regularization Support Detected! 
---> CVXPY is not installed. 
---> Many Total Variation Methods require CVXPY including: 
---> velocity, acceleration, jerk, jerk_sliding, smooth_acceleration
---> Please install CVXPY to use these methods.
---> Recommended to also install MOSEK and obtain a MOSEK license.
You can still use: total_variation_regularization.iterative_velocity

2025-10-22 14:29:58,200 [INFO] 
Limited Linear Model Support Detected! 
---> PYCHEBFUN is not installed. 
---> Install pychebfun to use chebfun derivatives (https://github.com/pychebfun/pychebfun/) 
You can still use other methods 

2025-10-22 14:29:58,201 [INFO] 
Limited Linear Model Support Detected! 
---> CVXPY is not installed. 
---> Install CVXPY to use lineardiff derivatives 
You can still use other methods 

2025-10-22 14:31:20,444 [INFO] 
Limited Total Variation Regularization Support Detected! 
---> CVXPY is not installed. 
---> Many Total Variation Methods require CVXPY including: 
---> velocity, acceleration, jerk, jerk_sliding, smooth_acceleration
---> Please install CVXPY to use these methods.
---> Recommended to also install MOSEK and obtain a MOSEK license.
You can still use: total_variation_regularization.iterative_velocity

2025-10-22 14:31:20,445 [INFO] 
Limited Linear Model Support Detected! 
---> PYCHEBFUN is not installed. 
---> Install pychebfun to use chebfun derivatives (https://github.com/pychebfun/pychebfun/) 
You can still use other methods 

2025-10-22 14:31:20,445 [INFO] 
Limited Linear Model Support Detected! 
---> CVXPY is not installed. 
---> Install CVXPY to use lineardiff derivatives 
You can still use other methods 

2025-10-22 14:31:42,505 [INFO] 
Limited Total Variation Regularization Support Detected! 
---> CVXPY is not installed. 
---> Many Total Variation Methods require CVXPY including: 
---> velocity, acceleration, jerk, jerk_sliding, smooth_acceleration
---> Please install CVXPY to use these methods.
---> Recommended to also install MOSEK and obtain a MOSEK license.
You can still use: total_variation_regularization.iterative_velocity

2025-10-22 14:31:42,506 [INFO] 
Limited Linear Model Support Detected! 
---> PYCHEBFUN is not installed. 
---> Install pychebfun to use chebfun derivatives (https://github.com/pychebfun/pychebfun/) 
You can still use other methods 

2025-10-22 14:31:42,506 [INFO] 
Limited Linear Model Support Detected! 
---> CVXPY is not installed. 
---> Install CVXPY to use lineardiff derivatives 
You can still use other methods 

2025-10-22 14:31:56,089 [INFO] 
Limited Total Variation Regularization Support Detected! 
---> CVXPY is not installed. 
---> Many Total Variation Methods require CVXPY including: 
---> velocity, acceleration, jerk, jerk_sliding, smooth_acceleration
---> Please install CVXPY to use these methods.
---> Recommended to also install MOSEK and obtain a MOSEK license.
You can still use: total_variation_regularization.iterative_velocity

2025-10-22 14:31:56,089 [INFO] 
Limited Linear Model Support Detected! 
---> PYCHEBFUN is not installed. 
---> Install pychebfun to use chebfun derivatives (https://github.com/pychebfun/pychebfun/) 
You can still use other methods 

2025-10-22 14:31:56,089 [INFO] 
Limited Linear Model Support Detected! 
---> CVXPY is not installed. 
---> Install CVXPY to use lineardiff derivatives 
You can still use other methods 

2025-10-22 14:42:58,977 [INFO] 
Limited Total Variation Regularization Support Detected! 
---> CVXPY is not installed. 
---> Many Total Variation Methods require CVXPY including: 
---> velocity, acceleration, jerk, jerk_sliding, smooth_acceleration
---> Please install CVXPY to use these methods.
---> Recommended to also install MOSEK and obtain a MOSEK license.
You can still use: total_variation_regularization.iterative_velocity

2025-10-22 14:42:58,977 [INFO] 
Limited Linear Model Support Detected! 
---> PYCHEBFUN is not installed. 
---> Install pychebfun to use chebfun derivatives (https://github.com/pychebfun/pychebfun/) 
You can still use other methods 

2025-10-22 14:42:58,977 [INFO] 
Limited Linear Model Support Detected! 
---> CVXPY is not installed. 
---> Install CVXPY to use lineardiff derivatives 
You can still use other methods 

2025-10-22 14:45:35,931 [INFO] 
Limited Total Variation Regularization Support Detected! 
---> CVXPY is not installed. 
---> Many Total Variation Methods require CVXPY including: 
---> velocity, acceleration, jerk, jerk_sliding, smooth_acceleration
---> Please install CVXPY to use these methods.
---> Recommended to also install MOSEK and obtain a MOSEK license.
You can still use: total_variation_regularization.iterative_velocity

2025-10-22 14:45:35,932 [INFO] 
Limited Linear Model Support Detected! 
---> PYCHEBFUN is not installed. 
---> Install pychebfun to use chebfun derivatives (https://github.com/pychebfun/pychebfun/) 
You can still use other methods 

2025-10-22 14:45:35,932 [INFO] 
Limited Linear Model Support Detected! 
---> CVXPY is not installed. 
---> Install CVXPY to use lineardiff derivatives 
You can still use other methods 

2025-10-22 14:46:06,305 [INFO] 
Limited Total Variation Regularization Support Detected! 
---> CVXPY is not installed. 
---> Many Total Variation Methods require CVXPY including: 
---> velocity, acceleration, jerk, jerk_sliding, smooth_acceleration
---> Please install CVXPY to use these methods.
---> Recommended to also install MOSEK and obtain a MOSEK license.
You can still use: total_variation_regularization.iterative_velocity

2025-10-22 14:46:06,306 [INFO] 
Limited Linear Model Support Detected! 
---> PYCHEBFUN is not installed. 
---> Install pychebfun to use chebfun derivatives (https://github.com/pychebfun/pychebfun/) 
You can still use other methods 

2025-10-22 14:46:06,306 [INFO] 
Limited Linear Model Support Detected! 
---> CVXPY is not installed. 
---> Install CVXPY to use lineardiff derivatives 
You can still use other methods 

2025-10-22 14:47:05,510 [INFO] 
Limited Total Variation Regularization Support Detected! 
---> CVXPY is not installed. 
---> Many Total Variation Methods require CVXPY including: 
---> velocity, acceleration, jerk, jerk_sliding, smooth_acceleration
---> Please install CVXPY to use these methods.
---> Recommended to also install MOSEK and obtain a MOSEK license.
You can still use: total_variation_regularization.iterative_velocity

2025-10-22 14:47:05,511 [INFO] 
Limited Linear Model Support Detected! 
---> PYCHEBFUN is not installed. 
---> Install pychebfun to use chebfun derivatives (https://github.com/pychebfun/pychebfun/) 
You can still use other methods 

2025-10-22 14:47:05,511 [INFO] 
Limited Linear Model Support Detected! 
---> CVXPY is not installed. 
---> Install CVXPY to use lineardiff derivatives 
You can still use other methods 

2025-10-22 14:47:25,198 [INFO] 
Limited Total Variation Regularization Support Detected! 
---> CVXPY is not installed. 
---> Many Total Variation Methods require CVXPY including: 
---> velocity, acceleration, jerk, jerk_sliding, smooth_acceleration
---> Please install CVXPY to use these methods.
---> Recommended to also install MOSEK and obtain a MOSEK license.
You can still use: total_variation_regularization.iterative_velocity

2025-10-22 14:47:25,199 [INFO] 
Limited Linear Model Support Detected! 
---> PYCHEBFUN is not installed. 
---> Install pychebfun to use chebfun derivatives (https://github.com/pychebfun/pychebfun/) 
You can still use other methods 

2025-10-22 14:47:25,199 [INFO] 
Limited Linear Model Support Detected! 
---> CVXPY is not installed. 
---> Install CVXPY to use lineardiff derivatives 
You can still use other methods 

2025-10-22 14:49:53,264 [INFO] 
Limited Total Variation Regularization Support Detected! 
---> CVXPY is not installed. 
---> Many Total Variation Methods require CVXPY including: 
---> velocity, acceleration, jerk, jerk_sliding, smooth_acceleration
---> Please install CVXPY to use these methods.
---> Recommended to also install MOSEK and obtain a MOSEK license.
You can still use: total_variation_regularization.iterative_velocity

2025-10-22 14:49:53,265 [INFO] 
Limited Linear Model Support Detected! 
---> PYCHEBFUN is not installed. 
---> Install pychebfun to use chebfun derivatives (https://github.com/pychebfun/pychebfun/) 
You can still use other methods 

2025-10-22 14:49:53,265 [INFO] 
Limited Linear Model Support Detected! 
---> CVXPY is not installed. 
---> Install CVXPY to use lineardiff derivatives 
You can still use other methods 

2025-10-22 14:52:52,307 [INFO] 
Limited Total Variation Regularization Support Detected! 
---> CVXPY is not installed. 
---> Many Total Variation Methods require CVXPY including: 
---> velocity, acceleration, jerk, jerk_sliding, smooth_acceleration
---> Please install CVXPY to use these methods.
---> Recommended to also install MOSEK and obtain a MOSEK license.
You can still use: total_variation_regularization.iterative_velocity

2025-10-22 14:52:52,308 [INFO] 
Limited Linear Model Support Detected! 
---> PYCHEBFUN is not installed. 
---> Install pychebfun to use chebfun derivatives (https://github.com/pychebfun/pychebfun/) 
You can still use other methods 

2025-10-22 14:52:52,308 [INFO] 
Limited Linear Model Support Detected! 
---> CVXPY is not installed. 
---> Install CVXPY to use lineardiff derivatives 
You can still use other methods 

2025-10-22 14:53:20,021 [INFO] 
Limited Total Variation Regularization Support Detected! 
---> CVXPY is not installed. 
---> Many Total Variation Methods require CVXPY including: 
---> velocity, acceleration, jerk, jerk_sliding, smooth_acceleration
---> Please install CVXPY to use these methods.
---> Recommended to also install MOSEK and obtain a MOSEK license.
You can still use: total_variation_regularization.iterative_velocity

2025-10-22 14:53:20,022 [INFO] 
Limited Linear Model Support Detected! 
---> PYCHEBFUN is not installed. 
---> Install pychebfun to use chebfun derivatives (https://github.com/pychebfun/pychebfun/) 
You can still use other methods 

2025-10-22 14:53:20,022 [INFO] 
Limited Linear Model Support Detected! 
---> CVXPY is not installed. 
---> Install CVXPY to use lineardiff derivatives 
You can still use other methods 

2025-10-22 14:54:07,448 [INFO] 
Limited Total Variation Regularization Support Detected! 
---> CVXPY is not installed. 
---> Many Total Variation Methods require CVXPY including: 
---> velocity, acceleration, jerk, jerk_sliding, smooth_acceleration
---> Please install CVXPY to use these methods.
---> Recommended to also install MOSEK and obtain a MOSEK license.
You can still use: total_variation_regularization.iterative_velocity

2025-10-22 14:54:07,449 [INFO] 
Limited Linear Model Support Detected! 
---> PYCHEBFUN is not installed. 
---> Install pychebfun to use chebfun derivatives (https://github.com/pychebfun/pychebfun/) 
You can still use other methods 

2025-10-22 14:54:07,449 [INFO] 
Limited Linear Model Support Detected! 
---> CVXPY is not installed. 
---> Install CVXPY to use lineardiff derivatives 
You can still use other methods 

2025-10-22 14:54:30,661 [INFO] 
Limited Total Variation Regularization Support Detected! 
---> CVXPY is not installed. 
---> Many Total Variation Methods require CVXPY including: 
---> velocity, acceleration, jerk, jerk_sliding, smooth_acceleration
---> Please install CVXPY to use these methods.
---> Recommended to also install MOSEK and obtain a MOSEK license.
You can still use: total_variation_regularization.iterative_velocity

2025-10-22 14:54:30,662 [INFO] 
Limited Linear Model Support Detected! 
---> PYCHEBFUN is not installed. 
---> Install pychebfun to use chebfun derivatives (https://github.com/pychebfun/pychebfun/) 
You can still use other methods 

2025-10-22 14:54:30,662 [INFO] 
Limited Linear Model Support Detected! 
---> CVXPY is not installed. 
---> Install CVXPY to use lineardiff derivatives 
You can still use other methods 

2025-10-22 15:03:20,517 [INFO] 
Limited Total Variation Regularization Support Detected! 
---> CVXPY is not installed. 
---> Many Total Variation Methods require CVXPY including: 
---> velocity, acceleration, jerk, jerk_sliding, smooth_acceleration
---> Please install CVXPY to use these methods.
---> Recommended to also install MOSEK and obtain a MOSEK license.
You can still use: total_variation_regularization.iterative_velocity

2025-10-22 15:03:20,518 [INFO] 
Limited Linear Model Support Detected! 
---> PYCHEBFUN is not installed. 
---> Install pychebfun to use chebfun derivatives (https://github.com/pychebfun/pychebfun/) 
You can still use other methods 

2025-10-22 15:03:20,518 [INFO] 
Limited Linear Model Support Detected! 
---> CVXPY is not installed. 
---> Install CVXPY to use lineardiff derivatives 
You can still use other methods 

2025-10-22 15:04:19,557 [INFO] 
Limited Total Variation Regularization Support Detected! 
---> CVXPY is not installed. 
---> Many Total Variation Methods require CVXPY including: 
---> velocity, acceleration, jerk, jerk_sliding, smooth_acceleration
---> Please install CVXPY to use these methods.
---> Recommended to also install MOSEK and obtain a MOSEK license.
You can still use: total_variation_regularization.iterative_velocity

2025-10-22 15:04:19,558 [INFO] 
Limited Linear Model Support Detected! 
---> PYCHEBFUN is not installed. 
---> Install pychebfun to use chebfun derivatives (https://github.com/pychebfun/pychebfun/) 
You can still use other methods 

2025-10-22 15:04:19,558 [INFO] 
Limited Linear Model Support Detected! 
---> CVXPY is not installed. 
---> Install CVXPY to use lineardiff derivatives 
You can still use other methods 

2025-10-22 15:04:30,228 [INFO] 
Limited Total Variation Regularization Support Detected! 
---> CVXPY is not installed. 
---> Many Total Variation Methods require CVXPY including: 
---> velocity, acceleration, jerk, jerk_sliding, smooth_acceleration
---> Please install CVXPY to use these methods.
---> Recommended to also install MOSEK and obtain a MOSEK license.
You can still use: total_variation_regularization.iterative_velocity

2025-10-22 15:04:30,229 [INFO] 
Limited Linear Model Support Detected! 
---> PYCHEBFUN is not installed. 
---> Install pychebfun to use chebfun derivatives (https://github.com/pychebfun/pychebfun/) 
You can still use other methods 

2025-10-22 15:04:30,229 [INFO] 
Limited Linear Model Support Detected! 
---> CVXPY is not installed. 
---> Install CVXPY to use lineardiff derivatives 
You can still use other methods 

2025-10-22 15:04:50,308 [INFO] 
Limited Total Variation Regularization Support Detected! 
---> CVXPY is not installed. 
---> Many Total Variation Methods require CVXPY including: 
---> velocity, acceleration, jerk, jerk_sliding, smooth_acceleration
---> Please install CVXPY to use these methods.
---> Recommended to also install MOSEK and obtain a MOSEK license.
You can still use: total_variation_regularization.iterative_velocity

2025-10-22 15:04:50,309 [INFO] 
Limited Linear Model Support Detected! 
---> PYCHEBFUN is not installed. 
---> Install pychebfun to use chebfun derivatives (https://github.com/pychebfun/pychebfun/) 
You can still use other methods 

2025-10-22 15:04:50,309 [INFO] 
Limited Linear Model Support Detected! 
---> CVXPY is not installed. 
---> Install CVXPY to use lineardiff derivatives 
You can still use other methods 

2025-10-22 15:06:05,844 [INFO] 
Limited Total Variation Regularization Support Detected! 
---> CVXPY is not installed. 
---> Many Total Variation Methods require CVXPY including: 
---> velocity, acceleration, jerk, jerk_sliding, smooth_acceleration
---> Please install CVXPY to use these methods.
---> Recommended to also install MOSEK and obtain a MOSEK license.
You can still use: total_variation_regularization.iterative_velocity

2025-10-22 15:06:05,845 [INFO] 
Limited Linear Model Support Detected! 
---> PYCHEBFUN is not installed. 
---> Install pychebfun to use chebfun derivatives (https://github.com/pychebfun/pychebfun/) 
You can still use other methods 

2025-10-22 15:06:05,845 [INFO] 
Limited Linear Model Support Detected! 
---> CVXPY is not installed. 
---> Install CVXPY to use lineardiff derivatives 
You can still use other methods 

2025-10-22 15:07:31,835 [INFO] 
Limited Total Variation Regularization Support Detected! 
---> CVXPY is not installed. 
---> Many Total Variation Methods require CVXPY including: 
---> velocity, acceleration, jerk, jerk_sliding, smooth_acceleration
---> Please install CVXPY to use these methods.
---> Recommended to also install MOSEK and obtain a MOSEK license.
You can still use: total_variation_regularization.iterative_velocity

2025-10-22 15:07:31,836 [INFO] 
Limited Linear Model Support Detected! 
---> PYCHEBFUN is not installed. 
---> Install pychebfun to use chebfun derivatives (https://github.com/pychebfun/pychebfun/) 
You can still use other methods 

2025-10-22 15:07:31,836 [INFO] 
Limited Linear Model Support Detected! 
---> CVXPY is not installed. 
---> Install CVXPY to use lineardiff derivatives 
You can still use other methods 

2025-10-22 15:15:21,042 [INFO] 
Limited Total Variation Regularization Support Detected! 
---> CVXPY is not installed. 
---> Many Total Variation Methods require CVXPY including: 
---> velocity, acceleration, jerk, jerk_sliding, smooth_acceleration
---> Please install CVXPY to use these methods.
---> Recommended to also install MOSEK and obtain a MOSEK license.
You can still use: total_variation_regularization.iterative_velocity

2025-10-22 15:15:21,043 [INFO] 
Limited Linear Model Support Detected! 
---> PYCHEBFUN is not installed. 
---> Install pychebfun to use chebfun derivatives (https://github.com/pychebfun/pychebfun/) 
You can still use other methods 

2025-10-22 15:15:21,043 [INFO] 
Limited Linear Model Support Detected! 
---> CVXPY is not installed. 
---> Install CVXPY to use lineardiff derivatives 
You can still use other methods 

2025-10-22 15:17:10,344 [INFO] 
Limited Total Variation Regularization Support Detected! 
---> CVXPY is not installed. 
---> Many Total Variation Methods require CVXPY including: 
---> velocity, acceleration, jerk, jerk_sliding, smooth_acceleration
---> Please install CVXPY to use these methods.
---> Recommended to also install MOSEK and obtain a MOSEK license.
You can still use: total_variation_regularization.iterative_velocity

2025-10-22 15:17:10,345 [INFO] 
Limited Linear Model Support Detected! 
---> PYCHEBFUN is not installed. 
---> Install pychebfun to use chebfun derivatives (https://github.com/pychebfun/pychebfun/) 
You can still use other methods 

2025-10-22 15:17:10,345 [INFO] 
Limited Linear Model Support Detected! 
---> CVXPY is not installed. 
---> Install CVXPY to use lineardiff derivatives 
You can still use other methods 

2025-10-22 15:18:17,212 [INFO] 
Limited Total Variation Regularization Support Detected! 
---> CVXPY is not installed. 
---> Many Total Variation Methods require CVXPY including: 
---> velocity, acceleration, jerk, jerk_sliding, smooth_acceleration
---> Please install CVXPY to use these methods.
---> Recommended to also install MOSEK and obtain a MOSEK license.
You can still use: total_variation_regularization.iterative_velocity

2025-10-22 15:18:17,212 [INFO] 
Limited Linear Model Support Detected! 
---> PYCHEBFUN is not installed. 
---> Install pychebfun to use chebfun derivatives (https://github.com/pychebfun/pychebfun/) 
You can still use other methods 

2025-10-22 15:18:17,212 [INFO] 
Limited Linear Model Support Detected! 
---> CVXPY is not installed. 
---> Install CVXPY to use lineardiff derivatives 
You can still use other methods 

2025-10-22 15:18:29,060 [INFO] 
Limited Total Variation Regularization Support Detected! 
---> CVXPY is not installed. 
---> Many Total Variation Methods require CVXPY including: 
---> velocity, acceleration, jerk, jerk_sliding, smooth_acceleration
---> Please install CVXPY to use these methods.
---> Recommended to also install MOSEK and obtain a MOSEK license.
You can still use: total_variation_regularization.iterative_velocity

2025-10-22 15:18:29,061 [INFO] 
Limited Linear Model Support Detected! 
---> PYCHEBFUN is not installed. 
---> Install pychebfun to use chebfun derivatives (https://github.com/pychebfun/pychebfun/) 
You can still use other methods 

2025-10-22 15:18:29,061 [INFO] 
Limited Linear Model Support Detected! 
---> CVXPY is not installed. 
---> Install CVXPY to use lineardiff derivatives 
You can still use other methods 

2025-10-22 15:18:51,583 [INFO] 
Limited Total Variation Regularization Support Detected! 
---> CVXPY is not installed. 
---> Many Total Variation Methods require CVXPY including: 
---> velocity, acceleration, jerk, jerk_sliding, smooth_acceleration
---> Please install CVXPY to use these methods.
---> Recommended to also install MOSEK and obtain a MOSEK license.
You can still use: total_variation_regularization.iterative_velocity

2025-10-22 15:18:51,584 [INFO] 
Limited Linear Model Support Detected! 
---> PYCHEBFUN is not installed. 
---> Install pychebfun to use chebfun derivatives (https://github.com/pychebfun/pychebfun/) 
You can still use other methods 

2025-10-22 15:18:51,584 [INFO] 
Limited Linear Model Support Detected! 
---> CVXPY is not installed. 
---> Install CVXPY to use lineardiff derivatives 
You can still use other methods 

2025-10-22 15:19:53,138 [INFO] 
Limited Total Variation Regularization Support Detected! 
---> CVXPY is not installed. 
---> Many Total Variation Methods require CVXPY including: 
---> velocity, acceleration, jerk, jerk_sliding, smooth_acceleration
---> Please install CVXPY to use these methods.
---> Recommended to also install MOSEK and obtain a MOSEK license.
You can still use: total_variation_regularization.iterative_velocity

2025-10-22 15:19:53,138 [INFO] 
Limited Linear Model Support Detected! 
---> PYCHEBFUN is not installed. 
---> Install pychebfun to use chebfun derivatives (https://github.com/pychebfun/pychebfun/) 
You can still use other methods 

2025-10-22 15:19:53,138 [INFO] 
Limited Linear Model Support Detected! 
---> CVXPY is not installed. 
---> Install CVXPY to use lineardiff derivatives 
You can still use other methods 

2025-10-22 15:20:47,551 [INFO] 
Limited Total Variation Regularization Support Detected! 
---> CVXPY is not installed. 
---> Many Total Variation Methods require CVXPY including: 
---> velocity, acceleration, jerk, jerk_sliding, smooth_acceleration
---> Please install CVXPY to use these methods.
---> Recommended to also install MOSEK and obtain a MOSEK license.
You can still use: total_variation_regularization.iterative_velocity

2025-10-22 15:20:47,552 [INFO] 
Limited Linear Model Support Detected! 
---> PYCHEBFUN is not installed. 
---> Install pychebfun to use chebfun derivatives (https://github.com/pychebfun/pychebfun/) 
You can still use other methods 

2025-10-22 15:20:47,552 [INFO] 
Limited Linear Model Support Detected! 
---> CVXPY is not installed. 
---> Install CVXPY to use lineardiff derivatives 
You can still use other methods 

2025-10-22 15:22:32,368 [INFO] 
Limited Total Variation Regularization Support Detected! 
---> CVXPY is not installed. 
---> Many Total Variation Methods require CVXPY including: 
---> velocity, acceleration, jerk, jerk_sliding, smooth_acceleration
---> Please install CVXPY to use these methods.
---> Recommended to also install MOSEK and obtain a MOSEK license.
You can still use: total_variation_regularization.iterative_velocity

2025-10-22 15:22:32,368 [INFO] 
Limited Linear Model Support Detected! 
---> PYCHEBFUN is not installed. 
---> Install pychebfun to use chebfun derivatives (https://github.com/pychebfun/pychebfun/) 
You can still use other methods 

2025-10-22 15:22:32,368 [INFO] 
Limited Linear Model Support Detected! 
---> CVXPY is not installed. 
---> Install CVXPY to use lineardiff derivatives 
You can still use other methods 

2025-10-22 15:22:50,072 [INFO] 
Limited Total Variation Regularization Support Detected! 
---> CVXPY is not installed. 
---> Many Total Variation Methods require CVXPY including: 
---> velocity, acceleration, jerk, jerk_sliding, smooth_acceleration
---> Please install CVXPY to use these methods.
---> Recommended to also install MOSEK and obtain a MOSEK license.
You can still use: total_variation_regularization.iterative_velocity

2025-10-22 15:22:50,072 [INFO] 
Limited Linear Model Support Detected! 
---> PYCHEBFUN is not installed. 
---> Install pychebfun to use chebfun derivatives (https://github.com/pychebfun/pychebfun/) 
You can still use other methods 

2025-10-22 15:22:50,073 [INFO] 
Limited Linear Model Support Detected! 
---> CVXPY is not installed. 
---> Install CVXPY to use lineardiff derivatives 
You can still use other methods 

2025-10-22 15:25:40,110 [INFO] 
Limited Total Variation Regularization Support Detected! 
---> CVXPY is not installed. 
---> Many Total Variation Methods require CVXPY including: 
---> velocity, acceleration, jerk, jerk_sliding, smooth_acceleration
---> Please install CVXPY to use these methods.
---> Recommended to also install MOSEK and obtain a MOSEK license.
You can still use: total_variation_regularization.iterative_velocity

2025-10-22 15:25:40,111 [INFO] 
Limited Linear Model Support Detected! 
---> PYCHEBFUN is not installed. 
---> Install pychebfun to use chebfun derivatives (https://github.com/pychebfun/pychebfun/) 
You can still use other methods 

2025-10-22 15:25:40,111 [INFO] 
Limited Linear Model Support Detected! 
---> CVXPY is not installed. 
---> Install CVXPY to use lineardiff derivatives 
You can still use other methods 

2025-10-22 15:27:46,080 [INFO] 
Limited Total Variation Regularization Support Detected! 
---> CVXPY is not installed. 
---> Many Total Variation Methods require CVXPY including: 
---> velocity, acceleration, jerk, jerk_sliding, smooth_acceleration
---> Please install CVXPY to use these methods.
---> Recommended to also install MOSEK and obtain a MOSEK license.
You can still use: total_variation_regularization.iterative_velocity

2025-10-22 15:27:46,081 [INFO] 
Limited Linear Model Support Detected! 
---> PYCHEBFUN is not installed. 
---> Install pychebfun to use chebfun derivatives (https://github.com/pychebfun/pychebfun/) 
You can still use other methods 

2025-10-22 15:27:46,081 [INFO] 
Limited Linear Model Support Detected! 
---> CVXPY is not installed. 
---> Install CVXPY to use lineardiff derivatives 
You can still use other methods 

2025-10-22 15:28:40,232 [INFO] 
Limited Total Variation Regularization Support Detected! 
---> CVXPY is not installed. 
---> Many Total Variation Methods require CVXPY including: 
---> velocity, acceleration, jerk, jerk_sliding, smooth_acceleration
---> Please install CVXPY to use these methods.
---> Recommended to also install MOSEK and obtain a MOSEK license.
You can still use: total_variation_regularization.iterative_velocity

2025-10-22 15:28:40,233 [INFO] 
Limited Linear Model Support Detected! 
---> PYCHEBFUN is not installed. 
---> Install pychebfun to use chebfun derivatives (https://github.com/pychebfun/pychebfun/) 
You can still use other methods 

2025-10-22 15:28:40,233 [INFO] 
Limited Linear Model Support Detected! 
---> CVXPY is not installed. 
---> Install CVXPY to use lineardiff derivatives 
You can still use other methods 

2025-10-22 15:31:26,704 [INFO] 
Limited Total Variation Regularization Support Detected! 
---> CVXPY is not installed. 
---> Many Total Variation Methods require CVXPY including: 
---> velocity, acceleration, jerk, jerk_sliding, smooth_acceleration
---> Please install CVXPY to use these methods.
---> Recommended to also install MOSEK and obtain a MOSEK license.
You can still use: total_variation_regularization.iterative_velocity

2025-10-22 15:31:26,704 [INFO] 
Limited Linear Model Support Detected! 
---> PYCHEBFUN is not installed. 
---> Install pychebfun to use chebfun derivatives (https://github.com/pychebfun/pychebfun/) 
You can still use other methods 

2025-10-22 15:31:26,704 [INFO] 
Limited Linear Model Support Detected! 
---> CVXPY is not installed. 
---> Install CVXPY to use lineardiff derivatives 
You can still use other methods 

2025-10-22 15:32:27,406 [INFO] 
Limited Total Variation Regularization Support Detected! 
---> CVXPY is not installed. 
---> Many Total Variation Methods require CVXPY including: 
---> velocity, acceleration, jerk, jerk_sliding, smooth_acceleration
---> Please install CVXPY to use these methods.
---> Recommended to also install MOSEK and obtain a MOSEK license.
You can still use: total_variation_regularization.iterative_velocity

2025-10-22 15:32:27,407 [INFO] 
Limited Linear Model Support Detected! 
---> PYCHEBFUN is not installed. 
---> Install pychebfun to use chebfun derivatives (https://github.com/pychebfun/pychebfun/) 
You can still use other methods 

2025-10-22 15:32:27,407 [INFO] 
Limited Linear Model Support Detected! 
---> CVXPY is not installed. 
---> Install CVXPY to use lineardiff derivatives 
You can still use other methods 

2025-10-22 15:35:57,394 [INFO] 
Limited Total Variation Regularization Support Detected! 
---> CVXPY is not installed. 
---> Many Total Variation Methods require CVXPY including: 
---> velocity, acceleration, jerk, jerk_sliding, smooth_acceleration
---> Please install CVXPY to use these methods.
---> Recommended to also install MOSEK and obtain a MOSEK license.
You can still use: total_variation_regularization.iterative_velocity

2025-10-22 15:35:57,395 [INFO] 
Limited Linear Model Support Detected! 
---> PYCHEBFUN is not installed. 
---> Install pychebfun to use chebfun derivatives (https://github.com/pychebfun/pychebfun/) 
You can still use other methods 

2025-10-22 15:35:57,395 [INFO] 
Limited Linear Model Support Detected! 
---> CVXPY is not installed. 
---> Install CVXPY to use lineardiff derivatives 
You can still use other methods 

2025-10-22 15:36:27,300 [INFO] 
Limited Total Variation Regularization Support Detected! 
---> CVXPY is not installed. 
---> Many Total Variation Methods require CVXPY including: 
---> velocity, acceleration, jerk, jerk_sliding, smooth_acceleration
---> Please install CVXPY to use these methods.
---> Recommended to also install MOSEK and obtain a MOSEK license.
You can still use: total_variation_regularization.iterative_velocity

2025-10-22 15:36:27,301 [INFO] 
Limited Linear Model Support Detected! 
---> PYCHEBFUN is not installed. 
---> Install pychebfun to use chebfun derivatives (https://github.com/pychebfun/pychebfun/) 
You can still use other methods 

2025-10-22 15:36:27,301 [INFO] 
Limited Linear Model Support Detected! 
---> CVXPY is not installed. 
---> Install CVXPY to use lineardiff derivatives 
You can still use other methods 

2025-10-22 15:37:11,343 [INFO] 
Limited Total Variation Regularization Support Detected! 
---> CVXPY is not installed. 
---> Many Total Variation Methods require CVXPY including: 
---> velocity, acceleration, jerk, jerk_sliding, smooth_acceleration
---> Please install CVXPY to use these methods.
---> Recommended to also install MOSEK and obtain a MOSEK license.
You can still use: total_variation_regularization.iterative_velocity

2025-10-22 15:37:11,344 [INFO] 
Limited Linear Model Support Detected! 
---> PYCHEBFUN is not installed. 
---> Install pychebfun to use chebfun derivatives (https://github.com/pychebfun/pychebfun/) 
You can still use other methods 

2025-10-22 15:37:11,344 [INFO] 
Limited Linear Model Support Detected! 
---> CVXPY is not installed. 
---> Install CVXPY to use lineardiff derivatives 
You can still use other methods 

2025-10-22 15:40:22,806 [INFO] 
Limited Total Variation Regularization Support Detected! 
---> CVXPY is not installed. 
---> Many Total Variation Methods require CVXPY including: 
---> velocity, acceleration, jerk, jerk_sliding, smooth_acceleration
---> Please install CVXPY to use these methods.
---> Recommended to also install MOSEK and obtain a MOSEK license.
You can still use: total_variation_regularization.iterative_velocity

2025-10-22 15:40:22,807 [INFO] 
Limited Linear Model Support Detected! 
---> PYCHEBFUN is not installed. 
---> Install pychebfun to use chebfun derivatives (https://github.com/pychebfun/pychebfun/) 
You can still use other methods 

2025-10-22 15:40:22,807 [INFO] 
Limited Linear Model Support Detected! 
---> CVXPY is not installed. 
---> Install CVXPY to use lineardiff derivatives 
You can still use other methods 

2025-10-22 15:42:47,905 [INFO] 
Limited Total Variation Regularization Support Detected! 
---> CVXPY is not installed. 
---> Many Total Variation Methods require CVXPY including: 
---> velocity, acceleration, jerk, jerk_sliding, smooth_acceleration
---> Please install CVXPY to use these methods.
---> Recommended to also install MOSEK and obtain a MOSEK license.
You can still use: total_variation_regularization.iterative_velocity

2025-10-22 15:42:47,906 [INFO] 
Limited Linear Model Support Detected! 
---> PYCHEBFUN is not installed. 
---> Install pychebfun to use chebfun derivatives (https://github.com/pychebfun/pychebfun/) 
You can still use other methods 

2025-10-22 15:42:47,906 [INFO] 
Limited Linear Model Support Detected! 
---> CVXPY is not installed. 
---> Install CVXPY to use lineardiff derivatives 
You can still use other methods 

2025-10-22 15:45:37,881 [INFO] 
Limited Total Variation Regularization Support Detected! 
---> CVXPY is not installed. 
---> Many Total Variation Methods require CVXPY including: 
---> velocity, acceleration, jerk, jerk_sliding, smooth_acceleration
---> Please install CVXPY to use these methods.
---> Recommended to also install MOSEK and obtain a MOSEK license.
You can still use: total_variation_regularization.iterative_velocity

2025-10-22 15:45:37,882 [INFO] 
Limited Linear Model Support Detected! 
---> PYCHEBFUN is not installed. 
---> Install pychebfun to use chebfun derivatives (https://github.com/pychebfun/pychebfun/) 
You can still use other methods 

2025-10-22 15:45:37,882 [INFO] 
Limited Linear Model Support Detected! 
---> CVXPY is not installed. 
---> Install CVXPY to use lineardiff derivatives 
You can still use other methods 

2025-10-22 15:55:31,277 [INFO] 
Limited Total Variation Regularization Support Detected! 
---> CVXPY is not installed. 
---> Many Total Variation Methods require CVXPY including: 
---> velocity, acceleration, jerk, jerk_sliding, smooth_acceleration
---> Please install CVXPY to use these methods.
---> Recommended to also install MOSEK and obtain a MOSEK license.
You can still use: total_variation_regularization.iterative_velocity

2025-10-22 15:55:31,278 [INFO] 
Limited Linear Model Support Detected! 
---> PYCHEBFUN is not installed. 
---> Install pychebfun to use chebfun derivatives (https://github.com/pychebfun/pychebfun/) 
You can still use other methods 

2025-10-22 15:55:31,278 [INFO] 
Limited Linear Model Support Detected! 
---> CVXPY is not installed. 
---> Install CVXPY to use lineardiff derivatives 
You can still use other methods 

2025-10-22 15:56:00,796 [INFO] 
Limited Total Variation Regularization Support Detected! 
---> CVXPY is not installed. 
---> Many Total Variation Methods require CVXPY including: 
---> velocity, acceleration, jerk, jerk_sliding, smooth_acceleration
---> Please install CVXPY to use these methods.
---> Recommended to also install MOSEK and obtain a MOSEK license.
You can still use: total_variation_regularization.iterative_velocity

2025-10-22 15:56:00,797 [INFO] 
Limited Linear Model Support Detected! 
---> PYCHEBFUN is not installed. 
---> Install pychebfun to use chebfun derivatives (https://github.com/pychebfun/pychebfun/) 
You can still use other methods 

2025-10-22 15:56:00,797 [INFO] 
Limited Linear Model Support Detected! 
---> CVXPY is not installed. 
---> Install CVXPY to use lineardiff derivatives 
You can still use other methods 

2025-10-22 15:56:22,376 [INFO] 
Limited Total Variation Regularization Support Detected! 
---> CVXPY is not installed. 
---> Many Total Variation Methods require CVXPY including: 
---> velocity, acceleration, jerk, jerk_sliding, smooth_acceleration
---> Please install CVXPY to use these methods.
---> Recommended to also install MOSEK and obtain a MOSEK license.
You can still use: total_variation_regularization.iterative_velocity

2025-10-22 15:56:22,376 [INFO] 
Limited Linear Model Support Detected! 
---> PYCHEBFUN is not installed. 
---> Install pychebfun to use chebfun derivatives (https://github.com/pychebfun/pychebfun/) 
You can still use other methods 

2025-10-22 15:56:22,376 [INFO] 
Limited Linear Model Support Detected! 
---> CVXPY is not installed. 
---> Install CVXPY to use lineardiff derivatives 
You can still use other methods 

2025-10-22 15:58:59,881 [INFO] 
Limited Total Variation Regularization Support Detected! 
---> CVXPY is not installed. 
---> Many Total Variation Methods require CVXPY including: 
---> velocity, acceleration, jerk, jerk_sliding, smooth_acceleration
---> Please install CVXPY to use these methods.
---> Recommended to also install MOSEK and obtain a MOSEK license.
You can still use: total_variation_regularization.iterative_velocity

2025-10-22 15:58:59,882 [INFO] 
Limited Linear Model Support Detected! 
---> PYCHEBFUN is not installed. 
---> Install pychebfun to use chebfun derivatives (https://github.com/pychebfun/pychebfun/) 
You can still use other methods 

2025-10-22 15:58:59,882 [INFO] 
Limited Linear Model Support Detected! 
---> CVXPY is not installed. 
---> Install CVXPY to use lineardiff derivatives 
You can still use other methods 

2025-10-22 16:00:10,787 [INFO] 
Limited Total Variation Regularization Support Detected! 
---> CVXPY is not installed. 
---> Many Total Variation Methods require CVXPY including: 
---> velocity, acceleration, jerk, jerk_sliding, smooth_acceleration
---> Please install CVXPY to use these methods.
---> Recommended to also install MOSEK and obtain a MOSEK license.
You can still use: total_variation_regularization.iterative_velocity

2025-10-22 16:00:10,787 [INFO] 
Limited Linear Model Support Detected! 
---> PYCHEBFUN is not installed. 
---> Install pychebfun to use chebfun derivatives (https://github.com/pychebfun/pychebfun/) 
You can still use other methods 

2025-10-22 16:00:10,787 [INFO] 
Limited Linear Model Support Detected! 
---> CVXPY is not installed. 
---> Install CVXPY to use lineardiff derivatives 
You can still use other methods 

2025-10-22 16:01:46,549 [INFO] 
Limited Total Variation Regularization Support Detected! 
---> CVXPY is not installed. 
---> Many Total Variation Methods require CVXPY including: 
---> velocity, acceleration, jerk, jerk_sliding, smooth_acceleration
---> Please install CVXPY to use these methods.
---> Recommended to also install MOSEK and obtain a MOSEK license.
You can still use: total_variation_regularization.iterative_velocity

2025-10-22 16:01:46,550 [INFO] 
Limited Linear Model Support Detected! 
---> PYCHEBFUN is not installed. 
---> Install pychebfun to use chebfun derivatives (https://github.com/pychebfun/pychebfun/) 
You can still use other methods 

2025-10-22 16:01:46,550 [INFO] 
Limited Linear Model Support Detected! 
---> CVXPY is not installed. 
---> Install CVXPY to use lineardiff derivatives 
You can still use other methods 

2025-10-22 16:02:08,624 [INFO] 
Limited Total Variation Regularization Support Detected! 
---> CVXPY is not installed. 
---> Many Total Variation Methods require CVXPY including: 
---> velocity, acceleration, jerk, jerk_sliding, smooth_acceleration
---> Please install CVXPY to use these methods.
---> Recommended to also install MOSEK and obtain a MOSEK license.
You can still use: total_variation_regularization.iterative_velocity

2025-10-22 16:02:08,625 [INFO] 
Limited Linear Model Support Detected! 
---> PYCHEBFUN is not installed. 
---> Install pychebfun to use chebfun derivatives (https://github.com/pychebfun/pychebfun/) 
You can still use other methods 

2025-10-22 16:02:08,625 [INFO] 
Limited Linear Model Support Detected! 
---> CVXPY is not installed. 
---> Install CVXPY to use lineardiff derivatives 
You can still use other methods 

2025-10-22 16:02:59,113 [INFO] 
Limited Total Variation Regularization Support Detected! 
---> CVXPY is not installed. 
---> Many Total Variation Methods require CVXPY including: 
---> velocity, acceleration, jerk, jerk_sliding, smooth_acceleration
---> Please install CVXPY to use these methods.
---> Recommended to also install MOSEK and obtain a MOSEK license.
You can still use: total_variation_regularization.iterative_velocity

2025-10-22 16:02:59,113 [INFO] 
Limited Linear Model Support Detected! 
---> PYCHEBFUN is not installed. 
---> Install pychebfun to use chebfun derivatives (https://github.com/pychebfun/pychebfun/) 
You can still use other methods 

2025-10-22 16:02:59,113 [INFO] 
Limited Linear Model Support Detected! 
---> CVXPY is not installed. 
---> Install CVXPY to use lineardiff derivatives 
You can still use other methods 

2025-10-22 16:05:26,737 [INFO] 
Limited Total Variation Regularization Support Detected! 
---> CVXPY is not installed. 
---> Many Total Variation Methods require CVXPY including: 
---> velocity, acceleration, jerk, jerk_sliding, smooth_acceleration
---> Please install CVXPY to use these methods.
---> Recommended to also install MOSEK and obtain a MOSEK license.
You can still use: total_variation_regularization.iterative_velocity

2025-10-22 16:05:26,737 [INFO] 
Limited Linear Model Support Detected! 
---> PYCHEBFUN is not installed. 
---> Install pychebfun to use chebfun derivatives (https://github.com/pychebfun/pychebfun/) 
You can still use other methods 

2025-10-22 16:05:26,737 [INFO] 
Limited Linear Model Support Detected! 
---> CVXPY is not installed. 
---> Install CVXPY to use lineardiff derivatives 
You can still use other methods 

2025-10-23 13:40:45,726 [INFO] 
Limited Total Variation Regularization Support Detected! 
---> CVXPY is not installed. 
---> Many Total Variation Methods require CVXPY including: 
---> velocity, acceleration, jerk, jerk_sliding, smooth_acceleration
---> Please install CVXPY to use these methods.
---> Recommended to also install MOSEK and obtain a MOSEK license.
You can still use: total_variation_regularization.iterative_velocity

2025-10-23 13:40:45,728 [INFO] 
Limited Linear Model Support Detected! 
---> PYCHEBFUN is not installed. 
---> Install pychebfun to use chebfun derivatives (https://github.com/pychebfun/pychebfun/) 
You can still use other methods 

2025-10-23 13:40:45,728 [INFO] 
Limited Linear Model Support Detected! 
---> CVXPY is not installed. 
---> Install CVXPY to use lineardiff derivatives 
You can still use other methods 

2025-10-23 13:41:07,717 [INFO] 
Limited Total Variation Regularization Support Detected! 
---> CVXPY is not installed. 
---> Many Total Variation Methods require CVXPY including: 
---> velocity, acceleration, jerk, jerk_sliding, smooth_acceleration
---> Please install CVXPY to use these methods.
---> Recommended to also install MOSEK and obtain a MOSEK license.
You can still use: total_variation_regularization.iterative_velocity

2025-10-23 13:41:07,718 [INFO] 
Limited Linear Model Support Detected! 
---> PYCHEBFUN is not installed. 
---> Install pychebfun to use chebfun derivatives (https://github.com/pychebfun/pychebfun/) 
You can still use other methods 

2025-10-23 13:41:07,718 [INFO] 
Limited Linear Model Support Detected! 
---> CVXPY is not installed. 
---> Install CVXPY to use lineardiff derivatives 
You can still use other methods 

2025-10-23 13:42:54,986 [INFO] 
Limited Total Variation Regularization Support Detected! 
---> CVXPY is not installed. 
---> Many Total Variation Methods require CVXPY including: 
---> velocity, acceleration, jerk, jerk_sliding, smooth_acceleration
---> Please install CVXPY to use these methods.
---> Recommended to also install MOSEK and obtain a MOSEK license.
You can still use: total_variation_regularization.iterative_velocity

2025-10-23 13:42:54,987 [INFO] 
Limited Linear Model Support Detected! 
---> PYCHEBFUN is not installed. 
---> Install pychebfun to use chebfun derivatives (https://github.com/pychebfun/pychebfun/) 
You can still use other methods 

2025-10-23 13:42:54,987 [INFO] 
Limited Linear Model Support Detected! 
---> CVXPY is not installed. 
---> Install CVXPY to use lineardiff derivatives 
You can still use other methods 

2025-10-23 14:14:02,034 [INFO] 
Limited Total Variation Regularization Support Detected! 
---> CVXPY is not installed. 
---> Many Total Variation Methods require CVXPY including: 
---> velocity, acceleration, jerk, jerk_sliding, smooth_acceleration
---> Please install CVXPY to use these methods.
---> Recommended to also install MOSEK and obtain a MOSEK license.
You can still use: total_variation_regularization.iterative_velocity

2025-10-23 14:14:02,035 [INFO] 
Limited Linear Model Support Detected! 
---> PYCHEBFUN is not installed. 
---> Install pychebfun to use chebfun derivatives (https://github.com/pychebfun/pychebfun/) 
You can still use other methods 

2025-10-23 14:14:02,035 [INFO] 
Limited Linear Model Support Detected! 
---> CVXPY is not installed. 
---> Install CVXPY to use lineardiff derivatives 
You can still use other methods 

2025-10-23 14:18:29,232 [INFO] 
Limited Total Variation Regularization Support Detected! 
---> CVXPY is not installed. 
---> Many Total Variation Methods require CVXPY including: 
---> velocity, acceleration, jerk, jerk_sliding, smooth_acceleration
---> Please install CVXPY to use these methods.
---> Recommended to also install MOSEK and obtain a MOSEK license.
You can still use: total_variation_regularization.iterative_velocity

2025-10-23 14:18:29,233 [INFO] 
Limited Linear Model Support Detected! 
---> PYCHEBFUN is not installed. 
---> Install pychebfun to use chebfun derivatives (https://github.com/pychebfun/pychebfun/) 
You can still use other methods 

2025-10-23 14:18:29,233 [INFO] 
Limited Linear Model Support Detected! 
---> CVXPY is not installed. 
---> Install CVXPY to use lineardiff derivatives 
You can still use other methods 

2025-10-23 14:22:52,592 [INFO] 
Limited Total Variation Regularization Support Detected! 
---> CVXPY is not installed. 
---> Many Total Variation Methods require CVXPY including: 
---> velocity, acceleration, jerk, jerk_sliding, smooth_acceleration
---> Please install CVXPY to use these methods.
---> Recommended to also install MOSEK and obtain a MOSEK license.
You can still use: total_variation_regularization.iterative_velocity

2025-10-23 14:22:52,593 [INFO] 
Limited Linear Model Support Detected! 
---> PYCHEBFUN is not installed. 
---> Install pychebfun to use chebfun derivatives (https://github.com/pychebfun/pychebfun/) 
You can still use other methods 

2025-10-23 14:22:52,593 [INFO] 
Limited Linear Model Support Detected! 
---> CVXPY is not installed. 
---> Install CVXPY to use lineardiff derivatives 
You can still use other methods 

2025-10-23 14:23:18,848 [INFO] 
Limited Total Variation Regularization Support Detected! 
---> CVXPY is not installed. 
---> Many Total Variation Methods require CVXPY including: 
---> velocity, acceleration, jerk, jerk_sliding, smooth_acceleration
---> Please install CVXPY to use these methods.
---> Recommended to also install MOSEK and obtain a MOSEK license.
You can still use: total_variation_regularization.iterative_velocity

2025-10-23 14:23:18,848 [INFO] 
Limited Linear Model Support Detected! 
---> PYCHEBFUN is not installed. 
---> Install pychebfun to use chebfun derivatives (https://github.com/pychebfun/pychebfun/) 
You can still use other methods 

2025-10-23 14:23:18,849 [INFO] 
Limited Linear Model Support Detected! 
---> CVXPY is not installed. 
---> Install CVXPY to use lineardiff derivatives 
You can still use other methods 

2025-10-23 14:32:49,281 [INFO] 
Limited Total Variation Regularization Support Detected! 
---> CVXPY is not installed. 
---> Many Total Variation Methods require CVXPY including: 
---> velocity, acceleration, jerk, jerk_sliding, smooth_acceleration
---> Please install CVXPY to use these methods.
---> Recommended to also install MOSEK and obtain a MOSEK license.
You can still use: total_variation_regularization.iterative_velocity

2025-10-23 14:32:49,282 [INFO] 
Limited Linear Model Support Detected! 
---> PYCHEBFUN is not installed. 
---> Install pychebfun to use chebfun derivatives (https://github.com/pychebfun/pychebfun/) 
You can still use other methods 

2025-10-23 14:32:49,282 [INFO] 
Limited Linear Model Support Detected! 
---> CVXPY is not installed. 
---> Install CVXPY to use lineardiff derivatives 
You can still use other methods 

2025-10-23 14:34:24,464 [INFO] 
Limited Total Variation Regularization Support Detected! 
---> CVXPY is not installed. 
---> Many Total Variation Methods require CVXPY including: 
---> velocity, acceleration, jerk, jerk_sliding, smooth_acceleration
---> Please install CVXPY to use these methods.
---> Recommended to also install MOSEK and obtain a MOSEK license.
You can still use: total_variation_regularization.iterative_velocity

2025-10-23 14:34:24,465 [INFO] 
Limited Linear Model Support Detected! 
---> PYCHEBFUN is not installed. 
---> Install pychebfun to use chebfun derivatives (https://github.com/pychebfun/pychebfun/) 
You can still use other methods 

2025-10-23 14:34:24,465 [INFO] 
Limited Linear Model Support Detected! 
---> CVXPY is not installed. 
---> Install CVXPY to use lineardiff derivatives 
You can still use other methods 

2025-10-23 14:35:59,040 [INFO] 
Limited Total Variation Regularization Support Detected! 
---> CVXPY is not installed. 
---> Many Total Variation Methods require CVXPY including: 
---> velocity, acceleration, jerk, jerk_sliding, smooth_acceleration
---> Please install CVXPY to use these methods.
---> Recommended to also install MOSEK and obtain a MOSEK license.
You can still use: total_variation_regularization.iterative_velocity

2025-10-23 14:35:59,040 [INFO] 
Limited Linear Model Support Detected! 
---> PYCHEBFUN is not installed. 
---> Install pychebfun to use chebfun derivatives (https://github.com/pychebfun/pychebfun/) 
You can still use other methods 

2025-10-23 14:35:59,041 [INFO] 
Limited Linear Model Support Detected! 
---> CVXPY is not installed. 
---> Install CVXPY to use lineardiff derivatives 
You can still use other methods 

2025-10-23 14:39:26,382 [INFO] 
Limited Total Variation Regularization Support Detected! 
---> CVXPY is not installed. 
---> Many Total Variation Methods require CVXPY including: 
---> velocity, acceleration, jerk, jerk_sliding, smooth_acceleration
---> Please install CVXPY to use these methods.
---> Recommended to also install MOSEK and obtain a MOSEK license.
You can still use: total_variation_regularization.iterative_velocity

2025-10-23 14:39:26,383 [INFO] 
Limited Linear Model Support Detected! 
---> PYCHEBFUN is not installed. 
---> Install pychebfun to use chebfun derivatives (https://github.com/pychebfun/pychebfun/) 
You can still use other methods 

2025-10-23 14:39:26,383 [INFO] 
Limited Linear Model Support Detected! 
---> CVXPY is not installed. 
---> Install CVXPY to use lineardiff derivatives 
You can still use other methods 

2025-10-23 14:45:19,892 [INFO] 
Limited Total Variation Regularization Support Detected! 
---> CVXPY is not installed. 
---> Many Total Variation Methods require CVXPY including: 
---> velocity, acceleration, jerk, jerk_sliding, smooth_acceleration
---> Please install CVXPY to use these methods.
---> Recommended to also install MOSEK and obtain a MOSEK license.
You can still use: total_variation_regularization.iterative_velocity

2025-10-23 14:45:19,893 [INFO] 
Limited Linear Model Support Detected! 
---> PYCHEBFUN is not installed. 
---> Install pychebfun to use chebfun derivatives (https://github.com/pychebfun/pychebfun/) 
You can still use other methods 

2025-10-23 14:45:19,893 [INFO] 
Limited Linear Model Support Detected! 
---> CVXPY is not installed. 
---> Install CVXPY to use lineardiff derivatives 
You can still use other methods 

2025-10-23 14:47:03,640 [INFO] 
Limited Total Variation Regularization Support Detected! 
---> CVXPY is not installed. 
---> Many Total Variation Methods require CVXPY including: 
---> velocity, acceleration, jerk, jerk_sliding, smooth_acceleration
---> Please install CVXPY to use these methods.
---> Recommended to also install MOSEK and obtain a MOSEK license.
You can still use: total_variation_regularization.iterative_velocity

2025-10-23 14:47:03,641 [INFO] 
Limited Linear Model Support Detected! 
---> PYCHEBFUN is not installed. 
---> Install pychebfun to use chebfun derivatives (https://github.com/pychebfun/pychebfun/) 
You can still use other methods 

2025-10-23 14:47:03,641 [INFO] 
Limited Linear Model Support Detected! 
---> CVXPY is not installed. 
---> Install CVXPY to use lineardiff derivatives 
You can still use other methods 

2025-10-23 14:47:29,213 [INFO] 
Limited Total Variation Regularization Support Detected! 
---> CVXPY is not installed. 
---> Many Total Variation Methods require CVXPY including: 
---> velocity, acceleration, jerk, jerk_sliding, smooth_acceleration
---> Please install CVXPY to use these methods.
---> Recommended to also install MOSEK and obtain a MOSEK license.
You can still use: total_variation_regularization.iterative_velocity

2025-10-23 14:47:29,213 [INFO] 
Limited Linear Model Support Detected! 
---> PYCHEBFUN is not installed. 
---> Install pychebfun to use chebfun derivatives (https://github.com/pychebfun/pychebfun/) 
You can still use other methods 

2025-10-23 14:47:29,213 [INFO] 
Limited Linear Model Support Detected! 
---> CVXPY is not installed. 
---> Install CVXPY to use lineardiff derivatives 
You can still use other methods 

2025-10-23 14:54:23,550 [INFO] 
Limited Total Variation Regularization Support Detected! 
---> CVXPY is not installed. 
---> Many Total Variation Methods require CVXPY including: 
---> velocity, acceleration, jerk, jerk_sliding, smooth_acceleration
---> Please install CVXPY to use these methods.
---> Recommended to also install MOSEK and obtain a MOSEK license.
You can still use: total_variation_regularization.iterative_velocity

2025-10-23 14:54:23,551 [INFO] 
Limited Linear Model Support Detected! 
---> PYCHEBFUN is not installed. 
---> Install pychebfun to use chebfun derivatives (https://github.com/pychebfun/pychebfun/) 
You can still use other methods 

2025-10-23 14:54:23,551 [INFO] 
Limited Linear Model Support Detected! 
---> CVXPY is not installed. 
---> Install CVXPY to use lineardiff derivatives 
You can still use other methods 

2025-10-23 14:56:41,641 [INFO] 
Limited Total Variation Regularization Support Detected! 
---> CVXPY is not installed. 
---> Many Total Variation Methods require CVXPY including: 
---> velocity, acceleration, jerk, jerk_sliding, smooth_acceleration
---> Please install CVXPY to use these methods.
---> Recommended to also install MOSEK and obtain a MOSEK license.
You can still use: total_variation_regularization.iterative_velocity

2025-10-23 14:56:41,642 [INFO] 
Limited Linear Model Support Detected! 
---> PYCHEBFUN is not installed. 
---> Install pychebfun to use chebfun derivatives (https://github.com/pychebfun/pychebfun/) 
You can still use other methods 

2025-10-23 14:56:41,642 [INFO] 
Limited Linear Model Support Detected! 
---> CVXPY is not installed. 
---> Install CVXPY to use lineardiff derivatives 
You can still use other methods 

2025-10-23 14:57:21,611 [INFO] 
Limited Total Variation Regularization Support Detected! 
---> CVXPY is not installed. 
---> Many Total Variation Methods require CVXPY including: 
---> velocity, acceleration, jerk, jerk_sliding, smooth_acceleration
---> Please install CVXPY to use these methods.
---> Recommended to also install MOSEK and obtain a MOSEK license.
You can still use: total_variation_regularization.iterative_velocity

2025-10-23 14:57:21,611 [INFO] 
Limited Linear Model Support Detected! 
---> PYCHEBFUN is not installed. 
---> Install pychebfun to use chebfun derivatives (https://github.com/pychebfun/pychebfun/) 
You can still use other methods 

2025-10-23 14:57:21,612 [INFO] 
Limited Linear Model Support Detected! 
---> CVXPY is not installed. 
---> Install CVXPY to use lineardiff derivatives 
You can still use other methods 

2025-10-23 14:59:12,640 [INFO] 
Limited Total Variation Regularization Support Detected! 
---> CVXPY is not installed. 
---> Many Total Variation Methods require CVXPY including: 
---> velocity, acceleration, jerk, jerk_sliding, smooth_acceleration
---> Please install CVXPY to use these methods.
---> Recommended to also install MOSEK and obtain a MOSEK license.
You can still use: total_variation_regularization.iterative_velocity

2025-10-23 14:59:12,641 [INFO] 
Limited Linear Model Support Detected! 
---> PYCHEBFUN is not installed. 
---> Install pychebfun to use chebfun derivatives (https://github.com/pychebfun/pychebfun/) 
You can still use other methods 

2025-10-23 14:59:12,641 [INFO] 
Limited Linear Model Support Detected! 
---> CVXPY is not installed. 
---> Install CVXPY to use lineardiff derivatives 
You can still use other methods 

2025-10-23 15:04:27,732 [INFO] 
Limited Total Variation Regularization Support Detected! 
---> CVXPY is not installed. 
---> Many Total Variation Methods require CVXPY including: 
---> velocity, acceleration, jerk, jerk_sliding, smooth_acceleration
---> Please install CVXPY to use these methods.
---> Recommended to also install MOSEK and obtain a MOSEK license.
You can still use: total_variation_regularization.iterative_velocity

2025-10-23 15:04:27,733 [INFO] 
Limited Linear Model Support Detected! 
---> PYCHEBFUN is not installed. 
---> Install pychebfun to use chebfun derivatives (https://github.com/pychebfun/pychebfun/) 
You can still use other methods 

2025-10-23 15:04:27,733 [INFO] 
Limited Linear Model Support Detected! 
---> CVXPY is not installed. 
---> Install CVXPY to use lineardiff derivatives 
You can still use other methods 

2025-10-23 15:04:59,835 [INFO] 
Limited Total Variation Regularization Support Detected! 
---> CVXPY is not installed. 
---> Many Total Variation Methods require CVXPY including: 
---> velocity, acceleration, jerk, jerk_sliding, smooth_acceleration
---> Please install CVXPY to use these methods.
---> Recommended to also install MOSEK and obtain a MOSEK license.
You can still use: total_variation_regularization.iterative_velocity

2025-10-23 15:04:59,836 [INFO] 
Limited Linear Model Support Detected! 
---> PYCHEBFUN is not installed. 
---> Install pychebfun to use chebfun derivatives (https://github.com/pychebfun/pychebfun/) 
You can still use other methods 

2025-10-23 15:04:59,836 [INFO] 
Limited Linear Model Support Detected! 
---> CVXPY is not installed. 
---> Install CVXPY to use lineardiff derivatives 
You can still use other methods 

2025-10-23 15:05:35,615 [INFO] 
Limited Total Variation Regularization Support Detected! 
---> CVXPY is not installed. 
---> Many Total Variation Methods require CVXPY including: 
---> velocity, acceleration, jerk, jerk_sliding, smooth_acceleration
---> Please install CVXPY to use these methods.
---> Recommended to also install MOSEK and obtain a MOSEK license.
You can still use: total_variation_regularization.iterative_velocity

2025-10-23 15:05:35,616 [INFO] 
Limited Linear Model Support Detected! 
---> PYCHEBFUN is not installed. 
---> Install pychebfun to use chebfun derivatives (https://github.com/pychebfun/pychebfun/) 
You can still use other methods 

2025-10-23 15:05:35,616 [INFO] 
Limited Linear Model Support Detected! 
---> CVXPY is not installed. 
---> Install CVXPY to use lineardiff derivatives 
You can still use other methods 

2025-10-23 15:06:16,201 [INFO] 
Limited Total Variation Regularization Support Detected! 
---> CVXPY is not installed. 
---> Many Total Variation Methods require CVXPY including: 
---> velocity, acceleration, jerk, jerk_sliding, smooth_acceleration
---> Please install CVXPY to use these methods.
---> Recommended to also install MOSEK and obtain a MOSEK license.
You can still use: total_variation_regularization.iterative_velocity

2025-10-23 15:06:16,202 [INFO] 
Limited Linear Model Support Detected! 
---> PYCHEBFUN is not installed. 
---> Install pychebfun to use chebfun derivatives (https://github.com/pychebfun/pychebfun/) 
You can still use other methods 

2025-10-23 15:06:16,202 [INFO] 
Limited Linear Model Support Detected! 
---> CVXPY is not installed. 
---> Install CVXPY to use lineardiff derivatives 
You can still use other methods 

2025-10-23 15:06:50,280 [INFO] 
Limited Total Variation Regularization Support Detected! 
---> CVXPY is not installed. 
---> Many Total Variation Methods require CVXPY including: 
---> velocity, acceleration, jerk, jerk_sliding, smooth_acceleration
---> Please install CVXPY to use these methods.
---> Recommended to also install MOSEK and obtain a MOSEK license.
You can still use: total_variation_regularization.iterative_velocity

2025-10-23 15:06:50,281 [INFO] 
Limited Linear Model Support Detected! 
---> PYCHEBFUN is not installed. 
---> Install pychebfun to use chebfun derivatives (https://github.com/pychebfun/pychebfun/) 
You can still use other methods 

2025-10-23 15:06:50,281 [INFO] 
Limited Linear Model Support Detected! 
---> CVXPY is not installed. 
---> Install CVXPY to use lineardiff derivatives 
You can still use other methods 

2025-10-23 15:10:07,192 [INFO] 
Limited Total Variation Regularization Support Detected! 
---> CVXPY is not installed. 
---> Many Total Variation Methods require CVXPY including: 
---> velocity, acceleration, jerk, jerk_sliding, smooth_acceleration
---> Please install CVXPY to use these methods.
---> Recommended to also install MOSEK and obtain a MOSEK license.
You can still use: total_variation_regularization.iterative_velocity

2025-10-23 15:10:07,193 [INFO] 
Limited Linear Model Support Detected! 
---> PYCHEBFUN is not installed. 
---> Install pychebfun to use chebfun derivatives (https://github.com/pychebfun/pychebfun/) 
You can still use other methods 

2025-10-23 15:10:07,193 [INFO] 
Limited Linear Model Support Detected! 
---> CVXPY is not installed. 
---> Install CVXPY to use lineardiff derivatives 
You can still use other methods 

2025-10-23 15:13:57,867 [INFO] 
Limited Total Variation Regularization Support Detected! 
---> CVXPY is not installed. 
---> Many Total Variation Methods require CVXPY including: 
---> velocity, acceleration, jerk, jerk_sliding, smooth_acceleration
---> Please install CVXPY to use these methods.
---> Recommended to also install MOSEK and obtain a MOSEK license.
You can still use: total_variation_regularization.iterative_velocity

2025-10-23 15:13:57,868 [INFO] 
Limited Linear Model Support Detected! 
---> PYCHEBFUN is not installed. 
---> Install pychebfun to use chebfun derivatives (https://github.com/pychebfun/pychebfun/) 
You can still use other methods 

2025-10-23 15:13:57,868 [INFO] 
Limited Linear Model Support Detected! 
---> CVXPY is not installed. 
---> Install CVXPY to use lineardiff derivatives 
You can still use other methods 

2025-10-23 15:27:12,715 [INFO] 
Limited Total Variation Regularization Support Detected! 
---> CVXPY is not installed. 
---> Many Total Variation Methods require CVXPY including: 
---> velocity, acceleration, jerk, jerk_sliding, smooth_acceleration
---> Please install CVXPY to use these methods.
---> Recommended to also install MOSEK and obtain a MOSEK license.
You can still use: total_variation_regularization.iterative_velocity

2025-10-23 15:27:12,715 [INFO] 
Limited Linear Model Support Detected! 
---> PYCHEBFUN is not installed. 
---> Install pychebfun to use chebfun derivatives (https://github.com/pychebfun/pychebfun/) 
You can still use other methods 

2025-10-23 15:27:12,715 [INFO] 
Limited Linear Model Support Detected! 
---> CVXPY is not installed. 
---> Install CVXPY to use lineardiff derivatives 
You can still use other methods 

2025-10-23 15:28:10,805 [INFO] 
Limited Total Variation Regularization Support Detected! 
---> CVXPY is not installed. 
---> Many Total Variation Methods require CVXPY including: 
---> velocity, acceleration, jerk, jerk_sliding, smooth_acceleration
---> Please install CVXPY to use these methods.
---> Recommended to also install MOSEK and obtain a MOSEK license.
You can still use: total_variation_regularization.iterative_velocity

2025-10-23 15:28:10,805 [INFO] 
Limited Linear Model Support Detected! 
---> PYCHEBFUN is not installed. 
---> Install pychebfun to use chebfun derivatives (https://github.com/pychebfun/pychebfun/) 
You can still use other methods 

2025-10-23 15:28:10,805 [INFO] 
Limited Linear Model Support Detected! 
---> CVXPY is not installed. 
---> Install CVXPY to use lineardiff derivatives 
You can still use other methods 

2025-10-23 15:28:20,148 [INFO] 
Limited Total Variation Regularization Support Detected! 
---> CVXPY is not installed. 
---> Many Total Variation Methods require CVXPY including: 
---> velocity, acceleration, jerk, jerk_sliding, smooth_acceleration
---> Please install CVXPY to use these methods.
---> Recommended to also install MOSEK and obtain a MOSEK license.
You can still use: total_variation_regularization.iterative_velocity

2025-10-23 15:28:20,149 [INFO] 
Limited Linear Model Support Detected! 
---> PYCHEBFUN is not installed. 
---> Install pychebfun to use chebfun derivatives (https://github.com/pychebfun/pychebfun/) 
You can still use other methods 

2025-10-23 15:28:20,149 [INFO] 
Limited Linear Model Support Detected! 
---> CVXPY is not installed. 
---> Install CVXPY to use lineardiff derivatives 
You can still use other methods 

2025-10-23 15:29:24,391 [INFO] 
Limited Total Variation Regularization Support Detected! 
---> CVXPY is not installed. 
---> Many Total Variation Methods require CVXPY including: 
---> velocity, acceleration, jerk, jerk_sliding, smooth_acceleration
---> Please install CVXPY to use these methods.
---> Recommended to also install MOSEK and obtain a MOSEK license.
You can still use: total_variation_regularization.iterative_velocity

2025-10-23 15:29:24,392 [INFO] 
Limited Linear Model Support Detected! 
---> PYCHEBFUN is not installed. 
---> Install pychebfun to use chebfun derivatives (https://github.com/pychebfun/pychebfun/) 
You can still use other methods 

2025-10-23 15:29:24,392 [INFO] 
Limited Linear Model Support Detected! 
---> CVXPY is not installed. 
---> Install CVXPY to use lineardiff derivatives 
You can still use other methods 

2025-10-23 15:49:58,015 [INFO] 
Limited Total Variation Regularization Support Detected! 
---> CVXPY is not installed. 
---> Many Total Variation Methods require CVXPY including: 
---> velocity, acceleration, jerk, jerk_sliding, smooth_acceleration
---> Please install CVXPY to use these methods.
---> Recommended to also install MOSEK and obtain a MOSEK license.
You can still use: total_variation_regularization.iterative_velocity

2025-10-23 15:49:58,016 [INFO] 
Limited Linear Model Support Detected! 
---> PYCHEBFUN is not installed. 
---> Install pychebfun to use chebfun derivatives (https://github.com/pychebfun/pychebfun/) 
You can still use other methods 

2025-10-23 15:49:58,016 [INFO] 
Limited Linear Model Support Detected! 
---> CVXPY is not installed. 
---> Install CVXPY to use lineardiff derivatives 
You can still use other methods 

2025-10-23 16:53:08,523 [INFO] 
Limited Total Variation Regularization Support Detected! 
---> CVXPY is not installed. 
---> Many Total Variation Methods require CVXPY including: 
---> velocity, acceleration, jerk, jerk_sliding, smooth_acceleration
---> Please install CVXPY to use these methods.
---> Recommended to also install MOSEK and obtain a MOSEK license.
You can still use: total_variation_regularization.iterative_velocity

2025-10-23 16:53:08,524 [INFO] 
Limited Linear Model Support Detected! 
---> PYCHEBFUN is not installed. 
---> Install pychebfun to use chebfun derivatives (https://github.com/pychebfun/pychebfun/) 
You can still use other methods 

2025-10-23 16:53:08,524 [INFO] 
Limited Linear Model Support Detected! 
---> CVXPY is not installed. 
---> Install CVXPY to use lineardiff derivatives 
You can still use other methods 

2025-10-23 16:53:34,418 [INFO] 
Limited Total Variation Regularization Support Detected! 
---> CVXPY is not installed. 
---> Many Total Variation Methods require CVXPY including: 
---> velocity, acceleration, jerk, jerk_sliding, smooth_acceleration
---> Please install CVXPY to use these methods.
---> Recommended to also install MOSEK and obtain a MOSEK license.
You can still use: total_variation_regularization.iterative_velocity

2025-10-23 16:53:34,419 [INFO] 
Limited Linear Model Support Detected! 
---> PYCHEBFUN is not installed. 
---> Install pychebfun to use chebfun derivatives (https://github.com/pychebfun/pychebfun/) 
You can still use other methods 

2025-10-23 16:53:34,419 [INFO] 
Limited Linear Model Support Detected! 
---> CVXPY is not installed. 
---> Install CVXPY to use lineardiff derivatives 
You can still use other methods 

2025-10-23 17:19:22,045 [INFO] 
Limited Total Variation Regularization Support Detected! 
---> CVXPY is not installed. 
---> Many Total Variation Methods require CVXPY including: 
---> velocity, acceleration, jerk, jerk_sliding, smooth_acceleration
---> Please install CVXPY to use these methods.
---> Recommended to also install MOSEK and obtain a MOSEK license.
You can still use: total_variation_regularization.iterative_velocity

2025-10-23 17:19:22,046 [INFO] 
Limited Linear Model Support Detected! 
---> PYCHEBFUN is not installed. 
---> Install pychebfun to use chebfun derivatives (https://github.com/pychebfun/pychebfun/) 
You can still use other methods 

2025-10-23 17:19:22,046 [INFO] 
Limited Linear Model Support Detected! 
---> CVXPY is not installed. 
---> Install CVXPY to use lineardiff derivatives 
You can still use other methods 

2025-10-23 17:19:22,986 [INFO] 
Limited Total Variation Regularization Support Detected! 
---> CVXPY is not installed. 
---> Many Total Variation Methods require CVXPY including: 
---> velocity, acceleration, jerk, jerk_sliding, smooth_acceleration
---> Please install CVXPY to use these methods.
---> Recommended to also install MOSEK and obtain a MOSEK license.
You can still use: total_variation_regularization.iterative_velocity

2025-10-23 17:19:22,986 [INFO] 
Limited Linear Model Support Detected! 
---> PYCHEBFUN is not installed. 
---> Install pychebfun to use chebfun derivatives (https://github.com/pychebfun/pychebfun/) 
You can still use other methods 

2025-10-23 17:19:22,986 [INFO] 
Limited Linear Model Support Detected! 
---> CVXPY is not installed. 
---> Install CVXPY to use lineardiff derivatives 
You can still use other methods 

2025-10-23 17:19:23,906 [INFO] 
Limited Total Variation Regularization Support Detected! 
---> CVXPY is not installed. 
---> Many Total Variation Methods require CVXPY including: 
---> velocity, acceleration, jerk, jerk_sliding, smooth_acceleration
---> Please install CVXPY to use these methods.
---> Recommended to also install MOSEK and obtain a MOSEK license.
You can still use: total_variation_regularization.iterative_velocity

2025-10-23 17:19:23,906 [INFO] 
Limited Linear Model Support Detected! 
---> PYCHEBFUN is not installed. 
---> Install pychebfun to use chebfun derivatives (https://github.com/pychebfun/pychebfun/) 
You can still use other methods 

2025-10-23 17:19:23,906 [INFO] 
Limited Linear Model Support Detected! 
---> CVXPY is not installed. 
---> Install CVXPY to use lineardiff derivatives 
You can still use other methods 

2025-10-23 17:19:24,814 [INFO] 
Limited Total Variation Regularization Support Detected! 
---> CVXPY is not installed. 
---> Many Total Variation Methods require CVXPY including: 
---> velocity, acceleration, jerk, jerk_sliding, smooth_acceleration
---> Please install CVXPY to use these methods.
---> Recommended to also install MOSEK and obtain a MOSEK license.
You can still use: total_variation_regularization.iterative_velocity

2025-10-23 17:19:24,815 [INFO] 
Limited Linear Model Support Detected! 
---> PYCHEBFUN is not installed. 
---> Install pychebfun to use chebfun derivatives (https://github.com/pychebfun/pychebfun/) 
You can still use other methods 

2025-10-23 17:19:24,815 [INFO] 
Limited Linear Model Support Detected! 
---> CVXPY is not installed. 
---> Install CVXPY to use lineardiff derivatives 
You can still use other methods 

2025-10-23 17:19:36,078 [INFO] 
Limited Total Variation Regularization Support Detected! 
---> CVXPY is not installed. 
---> Many Total Variation Methods require CVXPY including: 
---> velocity, acceleration, jerk, jerk_sliding, smooth_acceleration
---> Please install CVXPY to use these methods.
---> Recommended to also install MOSEK and obtain a MOSEK license.
You can still use: total_variation_regularization.iterative_velocity

2025-10-23 17:19:36,079 [INFO] 
Limited Linear Model Support Detected! 
---> PYCHEBFUN is not installed. 
---> Install pychebfun to use chebfun derivatives (https://github.com/pychebfun/pychebfun/) 
You can still use other methods 

2025-10-23 17:19:36,079 [INFO] 
Limited Linear Model Support Detected! 
---> CVXPY is not installed. 
---> Install CVXPY to use lineardiff derivatives 
You can still use other methods 

2025-10-23 17:19:37,015 [INFO] 
Limited Total Variation Regularization Support Detected! 
---> CVXPY is not installed. 
---> Many Total Variation Methods require CVXPY including: 
---> velocity, acceleration, jerk, jerk_sliding, smooth_acceleration
---> Please install CVXPY to use these methods.
---> Recommended to also install MOSEK and obtain a MOSEK license.
You can still use: total_variation_regularization.iterative_velocity

2025-10-23 17:19:37,016 [INFO] 
Limited Linear Model Support Detected! 
---> PYCHEBFUN is not installed. 
---> Install pychebfun to use chebfun derivatives (https://github.com/pychebfun/pychebfun/) 
You can still use other methods 

2025-10-23 17:19:37,016 [INFO] 
Limited Linear Model Support Detected! 
---> CVXPY is not installed. 
---> Install CVXPY to use lineardiff derivatives 
You can still use other methods 

2025-10-23 17:19:37,926 [INFO] 
Limited Total Variation Regularization Support Detected! 
---> CVXPY is not installed. 
---> Many Total Variation Methods require CVXPY including: 
---> velocity, acceleration, jerk, jerk_sliding, smooth_acceleration
---> Please install CVXPY to use these methods.
---> Recommended to also install MOSEK and obtain a MOSEK license.
You can still use: total_variation_regularization.iterative_velocity

2025-10-23 17:19:37,926 [INFO] 
Limited Linear Model Support Detected! 
---> PYCHEBFUN is not installed. 
---> Install pychebfun to use chebfun derivatives (https://github.com/pychebfun/pychebfun/) 
You can still use other methods 

2025-10-23 17:19:37,926 [INFO] 
Limited Linear Model Support Detected! 
---> CVXPY is not installed. 
---> Install CVXPY to use lineardiff derivatives 
You can still use other methods 

2025-10-23 17:19:38,845 [INFO] 
Limited Total Variation Regularization Support Detected! 
---> CVXPY is not installed. 
---> Many Total Variation Methods require CVXPY including: 
---> velocity, acceleration, jerk, jerk_sliding, smooth_acceleration
---> Please install CVXPY to use these methods.
---> Recommended to also install MOSEK and obtain a MOSEK license.
You can still use: total_variation_regularization.iterative_velocity

2025-10-23 17:19:38,845 [INFO] 
Limited Linear Model Support Detected! 
---> PYCHEBFUN is not installed. 
---> Install pychebfun to use chebfun derivatives (https://github.com/pychebfun/pychebfun/) 
You can still use other methods 

2025-10-23 17:19:38,845 [INFO] 
Limited Linear Model Support Detected! 
---> CVXPY is not installed. 
---> Install CVXPY to use lineardiff derivatives 
You can still use other methods 

2025-10-23 17:19:39,805 [INFO] 
Limited Total Variation Regularization Support Detected! 
---> CVXPY is not installed. 
---> Many Total Variation Methods require CVXPY including: 
---> velocity, acceleration, jerk, jerk_sliding, smooth_acceleration
---> Please install CVXPY to use these methods.
---> Recommended to also install MOSEK and obtain a MOSEK license.
You can still use: total_variation_regularization.iterative_velocity

2025-10-23 17:19:39,806 [INFO] 
Limited Linear Model Support Detected! 
---> PYCHEBFUN is not installed. 
---> Install pychebfun to use chebfun derivatives (https://github.com/pychebfun/pychebfun/) 
You can still use other methods 

2025-10-23 17:19:39,806 [INFO] 
Limited Linear Model Support Detected! 
---> CVXPY is not installed. 
---> Install CVXPY to use lineardiff derivatives 
You can still use other methods 

2025-10-23 17:19:40,772 [INFO] 
Limited Total Variation Regularization Support Detected! 
---> CVXPY is not installed. 
---> Many Total Variation Methods require CVXPY including: 
---> velocity, acceleration, jerk, jerk_sliding, smooth_acceleration
---> Please install CVXPY to use these methods.
---> Recommended to also install MOSEK and obtain a MOSEK license.
You can still use: total_variation_regularization.iterative_velocity

2025-10-23 17:19:40,773 [INFO] 
Limited Linear Model Support Detected! 
---> PYCHEBFUN is not installed. 
---> Install pychebfun to use chebfun derivatives (https://github.com/pychebfun/pychebfun/) 
You can still use other methods 

2025-10-23 17:19:40,773 [INFO] 
Limited Linear Model Support Detected! 
---> CVXPY is not installed. 
---> Install CVXPY to use lineardiff derivatives 
You can still use other methods 

2025-10-23 17:19:41,685 [INFO] 
Limited Total Variation Regularization Support Detected! 
---> CVXPY is not installed. 
---> Many Total Variation Methods require CVXPY including: 
---> velocity, acceleration, jerk, jerk_sliding, smooth_acceleration
---> Please install CVXPY to use these methods.
---> Recommended to also install MOSEK and obtain a MOSEK license.
You can still use: total_variation_regularization.iterative_velocity

2025-10-23 17:19:41,686 [INFO] 
Limited Linear Model Support Detected! 
---> PYCHEBFUN is not installed. 
---> Install pychebfun to use chebfun derivatives (https://github.com/pychebfun/pychebfun/) 
You can still use other methods 

2025-10-23 17:19:41,686 [INFO] 
Limited Linear Model Support Detected! 
---> CVXPY is not installed. 
---> Install CVXPY to use lineardiff derivatives 
You can still use other methods 

2025-10-23 17:19:42,591 [INFO] 
Limited Total Variation Regularization Support Detected! 
---> CVXPY is not installed. 
---> Many Total Variation Methods require CVXPY including: 
---> velocity, acceleration, jerk, jerk_sliding, smooth_acceleration
---> Please install CVXPY to use these methods.
---> Recommended to also install MOSEK and obtain a MOSEK license.
You can still use: total_variation_regularization.iterative_velocity

2025-10-23 17:19:42,592 [INFO] 
Limited Linear Model Support Detected! 
---> PYCHEBFUN is not installed. 
---> Install pychebfun to use chebfun derivatives (https://github.com/pychebfun/pychebfun/) 
You can still use other methods 

2025-10-23 17:19:42,592 [INFO] 
Limited Linear Model Support Detected! 
---> CVXPY is not installed. 
---> Install CVXPY to use lineardiff derivatives 
You can still use other methods 

2025-10-23 17:19:43,525 [INFO] 
Limited Total Variation Regularization Support Detected! 
---> CVXPY is not installed. 
---> Many Total Variation Methods require CVXPY including: 
---> velocity, acceleration, jerk, jerk_sliding, smooth_acceleration
---> Please install CVXPY to use these methods.
---> Recommended to also install MOSEK and obtain a MOSEK license.
You can still use: total_variation_regularization.iterative_velocity

2025-10-23 17:19:43,526 [INFO] 
Limited Linear Model Support Detected! 
---> PYCHEBFUN is not installed. 
---> Install pychebfun to use chebfun derivatives (https://github.com/pychebfun/pychebfun/) 
You can still use other methods 

2025-10-23 17:19:43,526 [INFO] 
Limited Linear Model Support Detected! 
---> CVXPY is not installed. 
---> Install CVXPY to use lineardiff derivatives 
You can still use other methods 

2025-10-23 17:19:44,432 [INFO] 
Limited Total Variation Regularization Support Detected! 
---> CVXPY is not installed. 
---> Many Total Variation Methods require CVXPY including: 
---> velocity, acceleration, jerk, jerk_sliding, smooth_acceleration
---> Please install CVXPY to use these methods.
---> Recommended to also install MOSEK and obtain a MOSEK license.
You can still use: total_variation_regularization.iterative_velocity

2025-10-23 17:19:44,433 [INFO] 
Limited Linear Model Support Detected! 
---> PYCHEBFUN is not installed. 
---> Install pychebfun to use chebfun derivatives (https://github.com/pychebfun/pychebfun/) 
You can still use other methods 

2025-10-23 17:19:44,433 [INFO] 
Limited Linear Model Support Detected! 
---> CVXPY is not installed. 
---> Install CVXPY to use lineardiff derivatives 
You can still use other methods 

2025-10-23 17:19:45,378 [INFO] 
Limited Total Variation Regularization Support Detected! 
---> CVXPY is not installed. 
---> Many Total Variation Methods require CVXPY including: 
---> velocity, acceleration, jerk, jerk_sliding, smooth_acceleration
---> Please install CVXPY to use these methods.
---> Recommended to also install MOSEK and obtain a MOSEK license.
You can still use: total_variation_regularization.iterative_velocity

2025-10-23 17:19:45,379 [INFO] 
Limited Linear Model Support Detected! 
---> PYCHEBFUN is not installed. 
---> Install pychebfun to use chebfun derivatives (https://github.com/pychebfun/pychebfun/) 
You can still use other methods 

2025-10-23 17:19:45,379 [INFO] 
Limited Linear Model Support Detected! 
---> CVXPY is not installed. 
---> Install CVXPY to use lineardiff derivatives 
You can still use other methods 

2025-10-23 17:19:46,282 [INFO] 
Limited Total Variation Regularization Support Detected! 
---> CVXPY is not installed. 
---> Many Total Variation Methods require CVXPY including: 
---> velocity, acceleration, jerk, jerk_sliding, smooth_acceleration
---> Please install CVXPY to use these methods.
---> Recommended to also install MOSEK and obtain a MOSEK license.
You can still use: total_variation_regularization.iterative_velocity

2025-10-23 17:19:46,283 [INFO] 
Limited Linear Model Support Detected! 
---> PYCHEBFUN is not installed. 
---> Install pychebfun to use chebfun derivatives (https://github.com/pychebfun/pychebfun/) 
You can still use other methods 

2025-10-23 17:19:46,283 [INFO] 
Limited Linear Model Support Detected! 
---> CVXPY is not installed. 
---> Install CVXPY to use lineardiff derivatives 
You can still use other methods 

2025-10-23 17:19:47,160 [INFO] 
Limited Total Variation Regularization Support Detected! 
---> CVXPY is not installed. 
---> Many Total Variation Methods require CVXPY including: 
---> velocity, acceleration, jerk, jerk_sliding, smooth_acceleration
---> Please install CVXPY to use these methods.
---> Recommended to also install MOSEK and obtain a MOSEK license.
You can still use: total_variation_regularization.iterative_velocity

2025-10-23 17:19:47,161 [INFO] 
Limited Linear Model Support Detected! 
---> PYCHEBFUN is not installed. 
---> Install pychebfun to use chebfun derivatives (https://github.com/pychebfun/pychebfun/) 
You can still use other methods 

2025-10-23 17:19:47,161 [INFO] 
Limited Linear Model Support Detected! 
---> CVXPY is not installed. 
---> Install CVXPY to use lineardiff derivatives 
You can still use other methods 

2025-10-23 17:19:48,045 [INFO] 
Limited Total Variation Regularization Support Detected! 
---> CVXPY is not installed. 
---> Many Total Variation Methods require CVXPY including: 
---> velocity, acceleration, jerk, jerk_sliding, smooth_acceleration
---> Please install CVXPY to use these methods.
---> Recommended to also install MOSEK and obtain a MOSEK license.
You can still use: total_variation_regularization.iterative_velocity

2025-10-23 17:19:48,046 [INFO] 
Limited Linear Model Support Detected! 
---> PYCHEBFUN is not installed. 
---> Install pychebfun to use chebfun derivatives (https://github.com/pychebfun/pychebfun/) 
You can still use other methods 

2025-10-23 17:19:48,046 [INFO] 
Limited Linear Model Support Detected! 
---> CVXPY is not installed. 
---> Install CVXPY to use lineardiff derivatives 
You can still use other methods 

2025-10-23 17:19:48,967 [INFO] 
Limited Total Variation Regularization Support Detected! 
---> CVXPY is not installed. 
---> Many Total Variation Methods require CVXPY including: 
---> velocity, acceleration, jerk, jerk_sliding, smooth_acceleration
---> Please install CVXPY to use these methods.
---> Recommended to also install MOSEK and obtain a MOSEK license.
You can still use: total_variation_regularization.iterative_velocity

2025-10-23 17:19:48,968 [INFO] 
Limited Linear Model Support Detected! 
---> PYCHEBFUN is not installed. 
---> Install pychebfun to use chebfun derivatives (https://github.com/pychebfun/pychebfun/) 
You can still use other methods 

2025-10-23 17:19:48,968 [INFO] 
Limited Linear Model Support Detected! 
---> CVXPY is not installed. 
---> Install CVXPY to use lineardiff derivatives 
You can still use other methods 

2025-10-23 17:19:49,912 [INFO] 
Limited Total Variation Regularization Support Detected! 
---> CVXPY is not installed. 
---> Many Total Variation Methods require CVXPY including: 
---> velocity, acceleration, jerk, jerk_sliding, smooth_acceleration
---> Please install CVXPY to use these methods.
---> Recommended to also install MOSEK and obtain a MOSEK license.
You can still use: total_variation_regularization.iterative_velocity

2025-10-23 17:19:49,913 [INFO] 
Limited Linear Model Support Detected! 
---> PYCHEBFUN is not installed. 
---> Install pychebfun to use chebfun derivatives (https://github.com/pychebfun/pychebfun/) 
You can still use other methods 

2025-10-23 17:19:49,913 [INFO] 
Limited Linear Model Support Detected! 
---> CVXPY is not installed. 
---> Install CVXPY to use lineardiff derivatives 
You can still use other methods 

2025-10-23 17:19:50,851 [INFO] 
Limited Total Variation Regularization Support Detected! 
---> CVXPY is not installed. 
---> Many Total Variation Methods require CVXPY including: 
---> velocity, acceleration, jerk, jerk_sliding, smooth_acceleration
---> Please install CVXPY to use these methods.
---> Recommended to also install MOSEK and obtain a MOSEK license.
You can still use: total_variation_regularization.iterative_velocity

2025-10-23 17:19:50,852 [INFO] 
Limited Linear Model Support Detected! 
---> PYCHEBFUN is not installed. 
---> Install pychebfun to use chebfun derivatives (https://github.com/pychebfun/pychebfun/) 
You can still use other methods 

2025-10-23 17:19:50,852 [INFO] 
Limited Linear Model Support Detected! 
---> CVXPY is not installed. 
---> Install CVXPY to use lineardiff derivatives 
You can still use other methods 

2025-10-23 17:19:51,763 [INFO] 
Limited Total Variation Regularization Support Detected! 
---> CVXPY is not installed. 
---> Many Total Variation Methods require CVXPY including: 
---> velocity, acceleration, jerk, jerk_sliding, smooth_acceleration
---> Please install CVXPY to use these methods.
---> Recommended to also install MOSEK and obtain a MOSEK license.
You can still use: total_variation_regularization.iterative_velocity

2025-10-23 17:19:51,763 [INFO] 
Limited Linear Model Support Detected! 
---> PYCHEBFUN is not installed. 
---> Install pychebfun to use chebfun derivatives (https://github.com/pychebfun/pychebfun/) 
You can still use other methods 

2025-10-23 17:19:51,763 [INFO] 
Limited Linear Model Support Detected! 
---> CVXPY is not installed. 
---> Install CVXPY to use lineardiff derivatives 
You can still use other methods 

2025-10-23 17:19:52,686 [INFO] 
Limited Total Variation Regularization Support Detected! 
---> CVXPY is not installed. 
---> Many Total Variation Methods require CVXPY including: 
---> velocity, acceleration, jerk, jerk_sliding, smooth_acceleration
---> Please install CVXPY to use these methods.
---> Recommended to also install MOSEK and obtain a MOSEK license.
You can still use: total_variation_regularization.iterative_velocity

2025-10-23 17:19:52,687 [INFO] 
Limited Linear Model Support Detected! 
---> PYCHEBFUN is not installed. 
---> Install pychebfun to use chebfun derivatives (https://github.com/pychebfun/pychebfun/) 
You can still use other methods 

2025-10-23 17:19:52,687 [INFO] 
Limited Linear Model Support Detected! 
---> CVXPY is not installed. 
---> Install CVXPY to use lineardiff derivatives 
You can still use other methods 

2025-10-23 17:19:53,628 [INFO] 
Limited Total Variation Regularization Support Detected! 
---> CVXPY is not installed. 
---> Many Total Variation Methods require CVXPY including: 
---> velocity, acceleration, jerk, jerk_sliding, smooth_acceleration
---> Please install CVXPY to use these methods.
---> Recommended to also install MOSEK and obtain a MOSEK license.
You can still use: total_variation_regularization.iterative_velocity

2025-10-23 17:19:53,629 [INFO] 
Limited Linear Model Support Detected! 
---> PYCHEBFUN is not installed. 
---> Install pychebfun to use chebfun derivatives (https://github.com/pychebfun/pychebfun/) 
You can still use other methods 

2025-10-23 17:19:53,629 [INFO] 
Limited Linear Model Support Detected! 
---> CVXPY is not installed. 
---> Install CVXPY to use lineardiff derivatives 
You can still use other methods 

2025-10-23 17:19:54,535 [INFO] 
Limited Total Variation Regularization Support Detected! 
---> CVXPY is not installed. 
---> Many Total Variation Methods require CVXPY including: 
---> velocity, acceleration, jerk, jerk_sliding, smooth_acceleration
---> Please install CVXPY to use these methods.
---> Recommended to also install MOSEK and obtain a MOSEK license.
You can still use: total_variation_regularization.iterative_velocity

2025-10-23 17:19:54,536 [INFO] 
Limited Linear Model Support Detected! 
---> PYCHEBFUN is not installed. 
---> Install pychebfun to use chebfun derivatives (https://github.com/pychebfun/pychebfun/) 
You can still use other methods 

2025-10-23 17:19:54,536 [INFO] 
Limited Linear Model Support Detected! 
---> CVXPY is not installed. 
---> Install CVXPY to use lineardiff derivatives 
You can still use other methods 

2025-10-23 17:19:55,478 [INFO] 
Limited Total Variation Regularization Support Detected! 
---> CVXPY is not installed. 
---> Many Total Variation Methods require CVXPY including: 
---> velocity, acceleration, jerk, jerk_sliding, smooth_acceleration
---> Please install CVXPY to use these methods.
---> Recommended to also install MOSEK and obtain a MOSEK license.
You can still use: total_variation_regularization.iterative_velocity

2025-10-23 17:19:55,479 [INFO] 
Limited Linear Model Support Detected! 
---> PYCHEBFUN is not installed. 
---> Install pychebfun to use chebfun derivatives (https://github.com/pychebfun/pychebfun/) 
You can still use other methods 

2025-10-23 17:19:55,479 [INFO] 
Limited Linear Model Support Detected! 
---> CVXPY is not installed. 
---> Install CVXPY to use lineardiff derivatives 
You can still use other methods 

2025-10-23 17:19:56,398 [INFO] 
Limited Total Variation Regularization Support Detected! 
---> CVXPY is not installed. 
---> Many Total Variation Methods require CVXPY including: 
---> velocity, acceleration, jerk, jerk_sliding, smooth_acceleration
---> Please install CVXPY to use these methods.
---> Recommended to also install MOSEK and obtain a MOSEK license.
You can still use: total_variation_regularization.iterative_velocity

2025-10-23 17:19:56,399 [INFO] 
Limited Linear Model Support Detected! 
---> PYCHEBFUN is not installed. 
---> Install pychebfun to use chebfun derivatives (https://github.com/pychebfun/pychebfun/) 
You can still use other methods 

2025-10-23 17:19:56,399 [INFO] 
Limited Linear Model Support Detected! 
---> CVXPY is not installed. 
---> Install CVXPY to use lineardiff derivatives 
You can still use other methods 

2025-10-23 17:19:57,321 [INFO] 
Limited Total Variation Regularization Support Detected! 
---> CVXPY is not installed. 
---> Many Total Variation Methods require CVXPY including: 
---> velocity, acceleration, jerk, jerk_sliding, smooth_acceleration
---> Please install CVXPY to use these methods.
---> Recommended to also install MOSEK and obtain a MOSEK license.
You can still use: total_variation_regularization.iterative_velocity

2025-10-23 17:19:57,322 [INFO] 
Limited Linear Model Support Detected! 
---> PYCHEBFUN is not installed. 
---> Install pychebfun to use chebfun derivatives (https://github.com/pychebfun/pychebfun/) 
You can still use other methods 

2025-10-23 17:19:57,322 [INFO] 
Limited Linear Model Support Detected! 
---> CVXPY is not installed. 
---> Install CVXPY to use lineardiff derivatives 
You can still use other methods 

2025-10-23 17:19:58,230 [INFO] 
Limited Total Variation Regularization Support Detected! 
---> CVXPY is not installed. 
---> Many Total Variation Methods require CVXPY including: 
---> velocity, acceleration, jerk, jerk_sliding, smooth_acceleration
---> Please install CVXPY to use these methods.
---> Recommended to also install MOSEK and obtain a MOSEK license.
You can still use: total_variation_regularization.iterative_velocity

2025-10-23 17:19:58,230 [INFO] 
Limited Linear Model Support Detected! 
---> PYCHEBFUN is not installed. 
---> Install pychebfun to use chebfun derivatives (https://github.com/pychebfun/pychebfun/) 
You can still use other methods 

2025-10-23 17:19:58,230 [INFO] 
Limited Linear Model Support Detected! 
---> CVXPY is not installed. 
---> Install CVXPY to use lineardiff derivatives 
You can still use other methods 

2025-10-23 17:19:59,151 [INFO] 
Limited Total Variation Regularization Support Detected! 
---> CVXPY is not installed. 
---> Many Total Variation Methods require CVXPY including: 
---> velocity, acceleration, jerk, jerk_sliding, smooth_acceleration
---> Please install CVXPY to use these methods.
---> Recommended to also install MOSEK and obtain a MOSEK license.
You can still use: total_variation_regularization.iterative_velocity

2025-10-23 17:19:59,152 [INFO] 
Limited Linear Model Support Detected! 
---> PYCHEBFUN is not installed. 
---> Install pychebfun to use chebfun derivatives (https://github.com/pychebfun/pychebfun/) 
You can still use other methods 

2025-10-23 17:19:59,152 [INFO] 
Limited Linear Model Support Detected! 
---> CVXPY is not installed. 
---> Install CVXPY to use lineardiff derivatives 
You can still use other methods 

2025-10-23 17:20:00,173 [INFO] 
Limited Total Variation Regularization Support Detected! 
---> CVXPY is not installed. 
---> Many Total Variation Methods require CVXPY including: 
---> velocity, acceleration, jerk, jerk_sliding, smooth_acceleration
---> Please install CVXPY to use these methods.
---> Recommended to also install MOSEK and obtain a MOSEK license.
You can still use: total_variation_regularization.iterative_velocity

2025-10-23 17:20:00,174 [INFO] 
Limited Linear Model Support Detected! 
---> PYCHEBFUN is not installed. 
---> Install pychebfun to use chebfun derivatives (https://github.com/pychebfun/pychebfun/) 
You can still use other methods 

2025-10-23 17:20:00,174 [INFO] 
Limited Linear Model Support Detected! 
---> CVXPY is not installed. 
---> Install CVXPY to use lineardiff derivatives 
You can still use other methods 

2025-10-23 17:20:01,095 [INFO] 
Limited Total Variation Regularization Support Detected! 
---> CVXPY is not installed. 
---> Many Total Variation Methods require CVXPY including: 
---> velocity, acceleration, jerk, jerk_sliding, smooth_acceleration
---> Please install CVXPY to use these methods.
---> Recommended to also install MOSEK and obtain a MOSEK license.
You can still use: total_variation_regularization.iterative_velocity

2025-10-23 17:20:01,096 [INFO] 
Limited Linear Model Support Detected! 
---> PYCHEBFUN is not installed. 
---> Install pychebfun to use chebfun derivatives (https://github.com/pychebfun/pychebfun/) 
You can still use other methods 

2025-10-23 17:20:01,096 [INFO] 
Limited Linear Model Support Detected! 
---> CVXPY is not installed. 
---> Install CVXPY to use lineardiff derivatives 
You can still use other methods 

2025-10-23 17:20:02,001 [INFO] 
Limited Total Variation Regularization Support Detected! 
---> CVXPY is not installed. 
---> Many Total Variation Methods require CVXPY including: 
---> velocity, acceleration, jerk, jerk_sliding, smooth_acceleration
---> Please install CVXPY to use these methods.
---> Recommended to also install MOSEK and obtain a MOSEK license.
You can still use: total_variation_regularization.iterative_velocity

2025-10-23 17:20:02,002 [INFO] 
Limited Linear Model Support Detected! 
---> PYCHEBFUN is not installed. 
---> Install pychebfun to use chebfun derivatives (https://github.com/pychebfun/pychebfun/) 
You can still use other methods 

2025-10-23 17:20:02,002 [INFO] 
Limited Linear Model Support Detected! 
---> CVXPY is not installed. 
---> Install CVXPY to use lineardiff derivatives 
You can still use other methods 

2025-10-23 17:20:02,915 [INFO] 
Limited Total Variation Regularization Support Detected! 
---> CVXPY is not installed. 
---> Many Total Variation Methods require CVXPY including: 
---> velocity, acceleration, jerk, jerk_sliding, smooth_acceleration
---> Please install CVXPY to use these methods.
---> Recommended to also install MOSEK and obtain a MOSEK license.
You can still use: total_variation_regularization.iterative_velocity

2025-10-23 17:20:02,915 [INFO] 
Limited Linear Model Support Detected! 
---> PYCHEBFUN is not installed. 
---> Install pychebfun to use chebfun derivatives (https://github.com/pychebfun/pychebfun/) 
You can still use other methods 

2025-10-23 17:20:02,916 [INFO] 
Limited Linear Model Support Detected! 
---> CVXPY is not installed. 
---> Install CVXPY to use lineardiff derivatives 
You can still use other methods 

2025-10-23 17:20:03,844 [INFO] 
Limited Total Variation Regularization Support Detected! 
---> CVXPY is not installed. 
---> Many Total Variation Methods require CVXPY including: 
---> velocity, acceleration, jerk, jerk_sliding, smooth_acceleration
---> Please install CVXPY to use these methods.
---> Recommended to also install MOSEK and obtain a MOSEK license.
You can still use: total_variation_regularization.iterative_velocity

2025-10-23 17:20:03,845 [INFO] 
Limited Linear Model Support Detected! 
---> PYCHEBFUN is not installed. 
---> Install pychebfun to use chebfun derivatives (https://github.com/pychebfun/pychebfun/) 
You can still use other methods 

2025-10-23 17:20:03,845 [INFO] 
Limited Linear Model Support Detected! 
---> CVXPY is not installed. 
---> Install CVXPY to use lineardiff derivatives 
You can still use other methods 

2025-10-23 17:20:04,778 [INFO] 
Limited Total Variation Regularization Support Detected! 
---> CVXPY is not installed. 
---> Many Total Variation Methods require CVXPY including: 
---> velocity, acceleration, jerk, jerk_sliding, smooth_acceleration
---> Please install CVXPY to use these methods.
---> Recommended to also install MOSEK and obtain a MOSEK license.
You can still use: total_variation_regularization.iterative_velocity

2025-10-23 17:20:04,778 [INFO] 
Limited Linear Model Support Detected! 
---> PYCHEBFUN is not installed. 
---> Install pychebfun to use chebfun derivatives (https://github.com/pychebfun/pychebfun/) 
You can still use other methods 

2025-10-23 17:20:04,778 [INFO] 
Limited Linear Model Support Detected! 
---> CVXPY is not installed. 
---> Install CVXPY to use lineardiff derivatives 
You can still use other methods 

2025-10-23 17:20:05,726 [INFO] 
Limited Total Variation Regularization Support Detected! 
---> CVXPY is not installed. 
---> Many Total Variation Methods require CVXPY including: 
---> velocity, acceleration, jerk, jerk_sliding, smooth_acceleration
---> Please install CVXPY to use these methods.
---> Recommended to also install MOSEK and obtain a MOSEK license.
You can still use: total_variation_regularization.iterative_velocity

2025-10-23 17:20:05,727 [INFO] 
Limited Linear Model Support Detected! 
---> PYCHEBFUN is not installed. 
---> Install pychebfun to use chebfun derivatives (https://github.com/pychebfun/pychebfun/) 
You can still use other methods 

2025-10-23 17:20:05,727 [INFO] 
Limited Linear Model Support Detected! 
---> CVXPY is not installed. 
---> Install CVXPY to use lineardiff derivatives 
You can still use other methods 

2025-10-23 17:20:06,606 [INFO] 
Limited Total Variation Regularization Support Detected! 
---> CVXPY is not installed. 
---> Many Total Variation Methods require CVXPY including: 
---> velocity, acceleration, jerk, jerk_sliding, smooth_acceleration
---> Please install CVXPY to use these methods.
---> Recommended to also install MOSEK and obtain a MOSEK license.
You can still use: total_variation_regularization.iterative_velocity

2025-10-23 17:20:06,606 [INFO] 
Limited Linear Model Support Detected! 
---> PYCHEBFUN is not installed. 
---> Install pychebfun to use chebfun derivatives (https://github.com/pychebfun/pychebfun/) 
You can still use other methods 

2025-10-23 17:20:06,606 [INFO] 
Limited Linear Model Support Detected! 
---> CVXPY is not installed. 
---> Install CVXPY to use lineardiff derivatives 
You can still use other methods 

2025-10-23 17:20:07,528 [INFO] 
Limited Total Variation Regularization Support Detected! 
---> CVXPY is not installed. 
---> Many Total Variation Methods require CVXPY including: 
---> velocity, acceleration, jerk, jerk_sliding, smooth_acceleration
---> Please install CVXPY to use these methods.
---> Recommended to also install MOSEK and obtain a MOSEK license.
You can still use: total_variation_regularization.iterative_velocity

2025-10-23 17:20:07,529 [INFO] 
Limited Linear Model Support Detected! 
---> PYCHEBFUN is not installed. 
---> Install pychebfun to use chebfun derivatives (https://github.com/pychebfun/pychebfun/) 
You can still use other methods 

2025-10-23 17:20:07,529 [INFO] 
Limited Linear Model Support Detected! 
---> CVXPY is not installed. 
---> Install CVXPY to use lineardiff derivatives 
You can still use other methods 

2025-10-23 17:20:08,481 [INFO] 
Limited Total Variation Regularization Support Detected! 
---> CVXPY is not installed. 
---> Many Total Variation Methods require CVXPY including: 
---> velocity, acceleration, jerk, jerk_sliding, smooth_acceleration
---> Please install CVXPY to use these methods.
---> Recommended to also install MOSEK and obtain a MOSEK license.
You can still use: total_variation_regularization.iterative_velocity

2025-10-23 17:20:08,482 [INFO] 
Limited Linear Model Support Detected! 
---> PYCHEBFUN is not installed. 
---> Install pychebfun to use chebfun derivatives (https://github.com/pychebfun/pychebfun/) 
You can still use other methods 

2025-10-23 17:20:08,482 [INFO] 
Limited Linear Model Support Detected! 
---> CVXPY is not installed. 
---> Install CVXPY to use lineardiff derivatives 
You can still use other methods 

2025-10-23 17:20:09,418 [INFO] 
Limited Total Variation Regularization Support Detected! 
---> CVXPY is not installed. 
---> Many Total Variation Methods require CVXPY including: 
---> velocity, acceleration, jerk, jerk_sliding, smooth_acceleration
---> Please install CVXPY to use these methods.
---> Recommended to also install MOSEK and obtain a MOSEK license.
You can still use: total_variation_regularization.iterative_velocity

2025-10-23 17:20:09,419 [INFO] 
Limited Linear Model Support Detected! 
---> PYCHEBFUN is not installed. 
---> Install pychebfun to use chebfun derivatives (https://github.com/pychebfun/pychebfun/) 
You can still use other methods 

2025-10-23 17:20:09,419 [INFO] 
Limited Linear Model Support Detected! 
---> CVXPY is not installed. 
---> Install CVXPY to use lineardiff derivatives 
You can still use other methods 

2025-10-23 17:20:10,407 [INFO] 
Limited Total Variation Regularization Support Detected! 
---> CVXPY is not installed. 
---> Many Total Variation Methods require CVXPY including: 
---> velocity, acceleration, jerk, jerk_sliding, smooth_acceleration
---> Please install CVXPY to use these methods.
---> Recommended to also install MOSEK and obtain a MOSEK license.
You can still use: total_variation_regularization.iterative_velocity

2025-10-23 17:20:10,408 [INFO] 
Limited Linear Model Support Detected! 
---> PYCHEBFUN is not installed. 
---> Install pychebfun to use chebfun derivatives (https://github.com/pychebfun/pychebfun/) 
You can still use other methods 

2025-10-23 17:20:10,408 [INFO] 
Limited Linear Model Support Detected! 
---> CVXPY is not installed. 
---> Install CVXPY to use lineardiff derivatives 
You can still use other methods 

2025-10-23 17:20:11,320 [INFO] 
Limited Total Variation Regularization Support Detected! 
---> CVXPY is not installed. 
---> Many Total Variation Methods require CVXPY including: 
---> velocity, acceleration, jerk, jerk_sliding, smooth_acceleration
---> Please install CVXPY to use these methods.
---> Recommended to also install MOSEK and obtain a MOSEK license.
You can still use: total_variation_regularization.iterative_velocity

2025-10-23 17:20:11,320 [INFO] 
Limited Linear Model Support Detected! 
---> PYCHEBFUN is not installed. 
---> Install pychebfun to use chebfun derivatives (https://github.com/pychebfun/pychebfun/) 
You can still use other methods 

2025-10-23 17:20:11,320 [INFO] 
Limited Linear Model Support Detected! 
---> CVXPY is not installed. 
---> Install CVXPY to use lineardiff derivatives 
You can still use other methods 

2025-10-23 17:20:12,233 [INFO] 
Limited Total Variation Regularization Support Detected! 
---> CVXPY is not installed. 
---> Many Total Variation Methods require CVXPY including: 
---> velocity, acceleration, jerk, jerk_sliding, smooth_acceleration
---> Please install CVXPY to use these methods.
---> Recommended to also install MOSEK and obtain a MOSEK license.
You can still use: total_variation_regularization.iterative_velocity

2025-10-23 17:20:12,234 [INFO] 
Limited Linear Model Support Detected! 
---> PYCHEBFUN is not installed. 
---> Install pychebfun to use chebfun derivatives (https://github.com/pychebfun/pychebfun/) 
You can still use other methods 

2025-10-23 17:20:12,234 [INFO] 
Limited Linear Model Support Detected! 
---> CVXPY is not installed. 
---> Install CVXPY to use lineardiff derivatives 
You can still use other methods 

2025-10-23 17:20:13,139 [INFO] 
Limited Total Variation Regularization Support Detected! 
---> CVXPY is not installed. 
---> Many Total Variation Methods require CVXPY including: 
---> velocity, acceleration, jerk, jerk_sliding, smooth_acceleration
---> Please install CVXPY to use these methods.
---> Recommended to also install MOSEK and obtain a MOSEK license.
You can still use: total_variation_regularization.iterative_velocity

2025-10-23 17:20:13,139 [INFO] 
Limited Linear Model Support Detected! 
---> PYCHEBFUN is not installed. 
---> Install pychebfun to use chebfun derivatives (https://github.com/pychebfun/pychebfun/) 
You can still use other methods 

2025-10-23 17:20:13,139 [INFO] 
Limited Linear Model Support Detected! 
---> CVXPY is not installed. 
---> Install CVXPY to use lineardiff derivatives 
You can still use other methods 

2025-10-23 17:20:14,033 [INFO] 
Limited Total Variation Regularization Support Detected! 
---> CVXPY is not installed. 
---> Many Total Variation Methods require CVXPY including: 
---> velocity, acceleration, jerk, jerk_sliding, smooth_acceleration
---> Please install CVXPY to use these methods.
---> Recommended to also install MOSEK and obtain a MOSEK license.
You can still use: total_variation_regularization.iterative_velocity

2025-10-23 17:20:14,033 [INFO] 
Limited Linear Model Support Detected! 
---> PYCHEBFUN is not installed. 
---> Install pychebfun to use chebfun derivatives (https://github.com/pychebfun/pychebfun/) 
You can still use other methods 

2025-10-23 17:20:14,033 [INFO] 
Limited Linear Model Support Detected! 
---> CVXPY is not installed. 
---> Install CVXPY to use lineardiff derivatives 
You can still use other methods 

2025-10-23 17:20:14,994 [INFO] 
Limited Total Variation Regularization Support Detected! 
---> CVXPY is not installed. 
---> Many Total Variation Methods require CVXPY including: 
---> velocity, acceleration, jerk, jerk_sliding, smooth_acceleration
---> Please install CVXPY to use these methods.
---> Recommended to also install MOSEK and obtain a MOSEK license.
You can still use: total_variation_regularization.iterative_velocity

2025-10-23 17:20:14,995 [INFO] 
Limited Linear Model Support Detected! 
---> PYCHEBFUN is not installed. 
---> Install pychebfun to use chebfun derivatives (https://github.com/pychebfun/pychebfun/) 
You can still use other methods 

2025-10-23 17:20:14,995 [INFO] 
Limited Linear Model Support Detected! 
---> CVXPY is not installed. 
---> Install CVXPY to use lineardiff derivatives 
You can still use other methods 

2025-10-23 17:20:15,959 [INFO] 
Limited Total Variation Regularization Support Detected! 
---> CVXPY is not installed. 
---> Many Total Variation Methods require CVXPY including: 
---> velocity, acceleration, jerk, jerk_sliding, smooth_acceleration
---> Please install CVXPY to use these methods.
---> Recommended to also install MOSEK and obtain a MOSEK license.
You can still use: total_variation_regularization.iterative_velocity

2025-10-23 17:20:15,959 [INFO] 
Limited Linear Model Support Detected! 
---> PYCHEBFUN is not installed. 
---> Install pychebfun to use chebfun derivatives (https://github.com/pychebfun/pychebfun/) 
You can still use other methods 

2025-10-23 17:20:15,959 [INFO] 
Limited Linear Model Support Detected! 
---> CVXPY is not installed. 
---> Install CVXPY to use lineardiff derivatives 
You can still use other methods 

2025-10-23 17:20:16,857 [INFO] 
Limited Total Variation Regularization Support Detected! 
---> CVXPY is not installed. 
---> Many Total Variation Methods require CVXPY including: 
---> velocity, acceleration, jerk, jerk_sliding, smooth_acceleration
---> Please install CVXPY to use these methods.
---> Recommended to also install MOSEK and obtain a MOSEK license.
You can still use: total_variation_regularization.iterative_velocity

2025-10-23 17:20:16,857 [INFO] 
Limited Linear Model Support Detected! 
---> PYCHEBFUN is not installed. 
---> Install pychebfun to use chebfun derivatives (https://github.com/pychebfun/pychebfun/) 
You can still use other methods 

2025-10-23 17:20:16,857 [INFO] 
Limited Linear Model Support Detected! 
---> CVXPY is not installed. 
---> Install CVXPY to use lineardiff derivatives 
You can still use other methods 

2025-10-23 17:20:17,763 [INFO] 
Limited Total Variation Regularization Support Detected! 
---> CVXPY is not installed. 
---> Many Total Variation Methods require CVXPY including: 
---> velocity, acceleration, jerk, jerk_sliding, smooth_acceleration
---> Please install CVXPY to use these methods.
---> Recommended to also install MOSEK and obtain a MOSEK license.
You can still use: total_variation_regularization.iterative_velocity

2025-10-23 17:20:17,764 [INFO] 
Limited Linear Model Support Detected! 
---> PYCHEBFUN is not installed. 
---> Install pychebfun to use chebfun derivatives (https://github.com/pychebfun/pychebfun/) 
You can still use other methods 

2025-10-23 17:20:17,764 [INFO] 
Limited Linear Model Support Detected! 
---> CVXPY is not installed. 
---> Install CVXPY to use lineardiff derivatives 
You can still use other methods 

2025-10-23 17:20:18,674 [INFO] 
Limited Total Variation Regularization Support Detected! 
---> CVXPY is not installed. 
---> Many Total Variation Methods require CVXPY including: 
---> velocity, acceleration, jerk, jerk_sliding, smooth_acceleration
---> Please install CVXPY to use these methods.
---> Recommended to also install MOSEK and obtain a MOSEK license.
You can still use: total_variation_regularization.iterative_velocity

2025-10-23 17:20:18,674 [INFO] 
Limited Linear Model Support Detected! 
---> PYCHEBFUN is not installed. 
---> Install pychebfun to use chebfun derivatives (https://github.com/pychebfun/pychebfun/) 
You can still use other methods 

2025-10-23 17:20:18,674 [INFO] 
Limited Linear Model Support Detected! 
---> CVXPY is not installed. 
---> Install CVXPY to use lineardiff derivatives 
You can still use other methods 

2025-10-23 17:20:19,600 [INFO] 
Limited Total Variation Regularization Support Detected! 
---> CVXPY is not installed. 
---> Many Total Variation Methods require CVXPY including: 
---> velocity, acceleration, jerk, jerk_sliding, smooth_acceleration
---> Please install CVXPY to use these methods.
---> Recommended to also install MOSEK and obtain a MOSEK license.
You can still use: total_variation_regularization.iterative_velocity

2025-10-23 17:20:19,600 [INFO] 
Limited Linear Model Support Detected! 
---> PYCHEBFUN is not installed. 
---> Install pychebfun to use chebfun derivatives (https://github.com/pychebfun/pychebfun/) 
You can still use other methods 

2025-10-23 17:20:19,600 [INFO] 
Limited Linear Model Support Detected! 
---> CVXPY is not installed. 
---> Install CVXPY to use lineardiff derivatives 
You can still use other methods 

2025-10-23 17:20:20,613 [INFO] 
Limited Total Variation Regularization Support Detected! 
---> CVXPY is not installed. 
---> Many Total Variation Methods require CVXPY including: 
---> velocity, acceleration, jerk, jerk_sliding, smooth_acceleration
---> Please install CVXPY to use these methods.
---> Recommended to also install MOSEK and obtain a MOSEK license.
You can still use: total_variation_regularization.iterative_velocity

2025-10-23 17:20:20,614 [INFO] 
Limited Linear Model Support Detected! 
---> PYCHEBFUN is not installed. 
---> Install pychebfun to use chebfun derivatives (https://github.com/pychebfun/pychebfun/) 
You can still use other methods 

2025-10-23 17:20:20,614 [INFO] 
Limited Linear Model Support Detected! 
---> CVXPY is not installed. 
---> Install CVXPY to use lineardiff derivatives 
You can still use other methods 

2025-10-23 17:20:21,553 [INFO] 
Limited Total Variation Regularization Support Detected! 
---> CVXPY is not installed. 
---> Many Total Variation Methods require CVXPY including: 
---> velocity, acceleration, jerk, jerk_sliding, smooth_acceleration
---> Please install CVXPY to use these methods.
---> Recommended to also install MOSEK and obtain a MOSEK license.
You can still use: total_variation_regularization.iterative_velocity

2025-10-23 17:20:21,554 [INFO] 
Limited Linear Model Support Detected! 
---> PYCHEBFUN is not installed. 
---> Install pychebfun to use chebfun derivatives (https://github.com/pychebfun/pychebfun/) 
You can still use other methods 

2025-10-23 17:20:21,554 [INFO] 
Limited Linear Model Support Detected! 
---> CVXPY is not installed. 
---> Install CVXPY to use lineardiff derivatives 
You can still use other methods 

2025-10-23 17:20:22,494 [INFO] 
Limited Total Variation Regularization Support Detected! 
---> CVXPY is not installed. 
---> Many Total Variation Methods require CVXPY including: 
---> velocity, acceleration, jerk, jerk_sliding, smooth_acceleration
---> Please install CVXPY to use these methods.
---> Recommended to also install MOSEK and obtain a MOSEK license.
You can still use: total_variation_regularization.iterative_velocity

2025-10-23 17:20:22,495 [INFO] 
Limited Linear Model Support Detected! 
---> PYCHEBFUN is not installed. 
---> Install pychebfun to use chebfun derivatives (https://github.com/pychebfun/pychebfun/) 
You can still use other methods 

2025-10-23 17:20:22,495 [INFO] 
Limited Linear Model Support Detected! 
---> CVXPY is not installed. 
---> Install CVXPY to use lineardiff derivatives 
You can still use other methods 

2025-10-23 17:20:23,406 [INFO] 
Limited Total Variation Regularization Support Detected! 
---> CVXPY is not installed. 
---> Many Total Variation Methods require CVXPY including: 
---> velocity, acceleration, jerk, jerk_sliding, smooth_acceleration
---> Please install CVXPY to use these methods.
---> Recommended to also install MOSEK and obtain a MOSEK license.
You can still use: total_variation_regularization.iterative_velocity

2025-10-23 17:20:23,407 [INFO] 
Limited Linear Model Support Detected! 
---> PYCHEBFUN is not installed. 
---> Install pychebfun to use chebfun derivatives (https://github.com/pychebfun/pychebfun/) 
You can still use other methods 

2025-10-23 17:20:23,407 [INFO] 
Limited Linear Model Support Detected! 
---> CVXPY is not installed. 
---> Install CVXPY to use lineardiff derivatives 
You can still use other methods 

2025-10-23 17:20:24,294 [INFO] 
Limited Total Variation Regularization Support Detected! 
---> CVXPY is not installed. 
---> Many Total Variation Methods require CVXPY including: 
---> velocity, acceleration, jerk, jerk_sliding, smooth_acceleration
---> Please install CVXPY to use these methods.
---> Recommended to also install MOSEK and obtain a MOSEK license.
You can still use: total_variation_regularization.iterative_velocity

2025-10-23 17:20:24,294 [INFO] 
Limited Linear Model Support Detected! 
---> PYCHEBFUN is not installed. 
---> Install pychebfun to use chebfun derivatives (https://github.com/pychebfun/pychebfun/) 
You can still use other methods 

2025-10-23 17:20:24,294 [INFO] 
Limited Linear Model Support Detected! 
---> CVXPY is not installed. 
---> Install CVXPY to use lineardiff derivatives 
You can still use other methods 

2025-10-23 17:20:25,271 [INFO] 
Limited Total Variation Regularization Support Detected! 
---> CVXPY is not installed. 
---> Many Total Variation Methods require CVXPY including: 
---> velocity, acceleration, jerk, jerk_sliding, smooth_acceleration
---> Please install CVXPY to use these methods.
---> Recommended to also install MOSEK and obtain a MOSEK license.
You can still use: total_variation_regularization.iterative_velocity

2025-10-23 17:20:25,271 [INFO] 
Limited Linear Model Support Detected! 
---> PYCHEBFUN is not installed. 
---> Install pychebfun to use chebfun derivatives (https://github.com/pychebfun/pychebfun/) 
You can still use other methods 

2025-10-23 17:20:25,271 [INFO] 
Limited Linear Model Support Detected! 
---> CVXPY is not installed. 
---> Install CVXPY to use lineardiff derivatives 
You can still use other methods 

2025-10-23 17:20:26,173 [INFO] 
Limited Total Variation Regularization Support Detected! 
---> CVXPY is not installed. 
---> Many Total Variation Methods require CVXPY including: 
---> velocity, acceleration, jerk, jerk_sliding, smooth_acceleration
---> Please install CVXPY to use these methods.
---> Recommended to also install MOSEK and obtain a MOSEK license.
You can still use: total_variation_regularization.iterative_velocity

2025-10-23 17:20:26,173 [INFO] 
Limited Linear Model Support Detected! 
---> PYCHEBFUN is not installed. 
---> Install pychebfun to use chebfun derivatives (https://github.com/pychebfun/pychebfun/) 
You can still use other methods 

2025-10-23 17:20:26,173 [INFO] 
Limited Linear Model Support Detected! 
---> CVXPY is not installed. 
---> Install CVXPY to use lineardiff derivatives 
You can still use other methods 

2025-10-23 17:20:27,099 [INFO] 
Limited Total Variation Regularization Support Detected! 
---> CVXPY is not installed. 
---> Many Total Variation Methods require CVXPY including: 
---> velocity, acceleration, jerk, jerk_sliding, smooth_acceleration
---> Please install CVXPY to use these methods.
---> Recommended to also install MOSEK and obtain a MOSEK license.
You can still use: total_variation_regularization.iterative_velocity

2025-10-23 17:20:27,100 [INFO] 
Limited Linear Model Support Detected! 
---> PYCHEBFUN is not installed. 
---> Install pychebfun to use chebfun derivatives (https://github.com/pychebfun/pychebfun/) 
You can still use other methods 

2025-10-23 17:20:27,100 [INFO] 
Limited Linear Model Support Detected! 
---> CVXPY is not installed. 
---> Install CVXPY to use lineardiff derivatives 
You can still use other methods 

2025-10-23 17:20:28,001 [INFO] 
Limited Total Variation Regularization Support Detected! 
---> CVXPY is not installed. 
---> Many Total Variation Methods require CVXPY including: 
---> velocity, acceleration, jerk, jerk_sliding, smooth_acceleration
---> Please install CVXPY to use these methods.
---> Recommended to also install MOSEK and obtain a MOSEK license.
You can still use: total_variation_regularization.iterative_velocity

2025-10-23 17:20:28,001 [INFO] 
Limited Linear Model Support Detected! 
---> PYCHEBFUN is not installed. 
---> Install pychebfun to use chebfun derivatives (https://github.com/pychebfun/pychebfun/) 
You can still use other methods 

2025-10-23 17:20:28,001 [INFO] 
Limited Linear Model Support Detected! 
---> CVXPY is not installed. 
---> Install CVXPY to use lineardiff derivatives 
You can still use other methods 

2025-10-23 17:20:28,962 [INFO] 
Limited Total Variation Regularization Support Detected! 
---> CVXPY is not installed. 
---> Many Total Variation Methods require CVXPY including: 
---> velocity, acceleration, jerk, jerk_sliding, smooth_acceleration
---> Please install CVXPY to use these methods.
---> Recommended to also install MOSEK and obtain a MOSEK license.
You can still use: total_variation_regularization.iterative_velocity

2025-10-23 17:20:28,963 [INFO] 
Limited Linear Model Support Detected! 
---> PYCHEBFUN is not installed. 
---> Install pychebfun to use chebfun derivatives (https://github.com/pychebfun/pychebfun/) 
You can still use other methods 

2025-10-23 17:20:28,963 [INFO] 
Limited Linear Model Support Detected! 
---> CVXPY is not installed. 
---> Install CVXPY to use lineardiff derivatives 
You can still use other methods 

2025-10-23 17:20:29,900 [INFO] 
Limited Total Variation Regularization Support Detected! 
---> CVXPY is not installed. 
---> Many Total Variation Methods require CVXPY including: 
---> velocity, acceleration, jerk, jerk_sliding, smooth_acceleration
---> Please install CVXPY to use these methods.
---> Recommended to also install MOSEK and obtain a MOSEK license.
You can still use: total_variation_regularization.iterative_velocity

2025-10-23 17:20:29,901 [INFO] 
Limited Linear Model Support Detected! 
---> PYCHEBFUN is not installed. 
---> Install pychebfun to use chebfun derivatives (https://github.com/pychebfun/pychebfun/) 
You can still use other methods 

2025-10-23 17:20:29,901 [INFO] 
Limited Linear Model Support Detected! 
---> CVXPY is not installed. 
---> Install CVXPY to use lineardiff derivatives 
You can still use other methods 

2025-10-23 17:20:30,872 [INFO] 
Limited Total Variation Regularization Support Detected! 
---> CVXPY is not installed. 
---> Many Total Variation Methods require CVXPY including: 
---> velocity, acceleration, jerk, jerk_sliding, smooth_acceleration
---> Please install CVXPY to use these methods.
---> Recommended to also install MOSEK and obtain a MOSEK license.
You can still use: total_variation_regularization.iterative_velocity

2025-10-23 17:20:30,873 [INFO] 
Limited Linear Model Support Detected! 
---> PYCHEBFUN is not installed. 
---> Install pychebfun to use chebfun derivatives (https://github.com/pychebfun/pychebfun/) 
You can still use other methods 

2025-10-23 17:20:30,873 [INFO] 
Limited Linear Model Support Detected! 
---> CVXPY is not installed. 
---> Install CVXPY to use lineardiff derivatives 
You can still use other methods 

2025-10-23 17:20:31,809 [INFO] 
Limited Total Variation Regularization Support Detected! 
---> CVXPY is not installed. 
---> Many Total Variation Methods require CVXPY including: 
---> velocity, acceleration, jerk, jerk_sliding, smooth_acceleration
---> Please install CVXPY to use these methods.
---> Recommended to also install MOSEK and obtain a MOSEK license.
You can still use: total_variation_regularization.iterative_velocity

2025-10-23 17:20:31,810 [INFO] 
Limited Linear Model Support Detected! 
---> PYCHEBFUN is not installed. 
---> Install pychebfun to use chebfun derivatives (https://github.com/pychebfun/pychebfun/) 
You can still use other methods 

2025-10-23 17:20:31,810 [INFO] 
Limited Linear Model Support Detected! 
---> CVXPY is not installed. 
---> Install CVXPY to use lineardiff derivatives 
You can still use other methods 

2025-10-23 17:20:32,711 [INFO] 
Limited Total Variation Regularization Support Detected! 
---> CVXPY is not installed. 
---> Many Total Variation Methods require CVXPY including: 
---> velocity, acceleration, jerk, jerk_sliding, smooth_acceleration
---> Please install CVXPY to use these methods.
---> Recommended to also install MOSEK and obtain a MOSEK license.
You can still use: total_variation_regularization.iterative_velocity

2025-10-23 17:20:32,712 [INFO] 
Limited Linear Model Support Detected! 
---> PYCHEBFUN is not installed. 
---> Install pychebfun to use chebfun derivatives (https://github.com/pychebfun/pychebfun/) 
You can still use other methods 

2025-10-23 17:20:32,712 [INFO] 
Limited Linear Model Support Detected! 
---> CVXPY is not installed. 
---> Install CVXPY to use lineardiff derivatives 
You can still use other methods 

2025-10-23 17:20:33,640 [INFO] 
Limited Total Variation Regularization Support Detected! 
---> CVXPY is not installed. 
---> Many Total Variation Methods require CVXPY including: 
---> velocity, acceleration, jerk, jerk_sliding, smooth_acceleration
---> Please install CVXPY to use these methods.
---> Recommended to also install MOSEK and obtain a MOSEK license.
You can still use: total_variation_regularization.iterative_velocity

2025-10-23 17:20:33,641 [INFO] 
Limited Linear Model Support Detected! 
---> PYCHEBFUN is not installed. 
---> Install pychebfun to use chebfun derivatives (https://github.com/pychebfun/pychebfun/) 
You can still use other methods 

2025-10-23 17:20:33,641 [INFO] 
Limited Linear Model Support Detected! 
---> CVXPY is not installed. 
---> Install CVXPY to use lineardiff derivatives 
You can still use other methods 

2025-10-23 17:21:12,935 [INFO] 
Limited Total Variation Regularization Support Detected! 
---> CVXPY is not installed. 
---> Many Total Variation Methods require CVXPY including: 
---> velocity, acceleration, jerk, jerk_sliding, smooth_acceleration
---> Please install CVXPY to use these methods.
---> Recommended to also install MOSEK and obtain a MOSEK license.
You can still use: total_variation_regularization.iterative_velocity

2025-10-23 17:21:12,936 [INFO] 
Limited Linear Model Support Detected! 
---> PYCHEBFUN is not installed. 
---> Install pychebfun to use chebfun derivatives (https://github.com/pychebfun/pychebfun/) 
You can still use other methods 

2025-10-23 17:21:12,936 [INFO] 
Limited Linear Model Support Detected! 
---> CVXPY is not installed. 
---> Install CVXPY to use lineardiff derivatives 
You can still use other methods 

2025-10-23 20:56:55,465 [INFO] 
Limited Total Variation Regularization Support Detected! 
---> CVXPY is not installed. 
---> Many Total Variation Methods require CVXPY including: 
---> velocity, acceleration, jerk, jerk_sliding, smooth_acceleration
---> Please install CVXPY to use these methods.
---> Recommended to also install MOSEK and obtain a MOSEK license.
You can still use: total_variation_regularization.iterative_velocity

2025-10-23 20:56:55,467 [INFO] 
Limited Linear Model Support Detected! 
---> PYCHEBFUN is not installed. 
---> Install pychebfun to use chebfun derivatives (https://github.com/pychebfun/pychebfun/) 
You can still use other methods 

2025-10-23 20:56:55,467 [INFO] 
Limited Linear Model Support Detected! 
---> CVXPY is not installed. 
---> Install CVXPY to use lineardiff derivatives 
You can still use other methods 

2025-10-23 23:20:04,612 [INFO] 
Limited Total Variation Regularization Support Detected! 
---> CVXPY is not installed. 
---> Many Total Variation Methods require CVXPY including: 
---> velocity, acceleration, jerk, jerk_sliding, smooth_acceleration
---> Please install CVXPY to use these methods.
---> Recommended to also install MOSEK and obtain a MOSEK license.
You can still use: total_variation_regularization.iterative_velocity

2025-10-23 23:20:04,628 [INFO] 
Limited Linear Model Support Detected! 
---> PYCHEBFUN is not installed. 
---> Install pychebfun to use chebfun derivatives (https://github.com/pychebfun/pychebfun/) 
You can still use other methods 

2025-10-23 23:20:04,628 [INFO] 
Limited Linear Model Support Detected! 
---> CVXPY is not installed. 
---> Install CVXPY to use lineardiff derivatives 
You can still use other methods 

2025-10-24 00:28:46,524 [INFO] 
Limited Total Variation Regularization Support Detected! 
---> CVXPY is not installed. 
---> Many Total Variation Methods require CVXPY including: 
---> velocity, acceleration, jerk, jerk_sliding, smooth_acceleration
---> Please install CVXPY to use these methods.
---> Recommended to also install MOSEK and obtain a MOSEK license.
You can still use: total_variation_regularization.iterative_velocity

2025-10-24 00:28:46,525 [INFO] 
Limited Linear Model Support Detected! 
---> PYCHEBFUN is not installed. 
---> Install pychebfun to use chebfun derivatives (https://github.com/pychebfun/pychebfun/) 
You can still use other methods 

2025-10-24 00:28:46,525 [INFO] 
Limited Linear Model Support Detected! 
---> CVXPY is not installed. 
---> Install CVXPY to use lineardiff derivatives 
You can still use other methods 

2025-10-24 01:28:29,535 [INFO] 
Limited Total Variation Regularization Support Detected! 
---> CVXPY is not installed. 
---> Many Total Variation Methods require CVXPY including: 
---> velocity, acceleration, jerk, jerk_sliding, smooth_acceleration
---> Please install CVXPY to use these methods.
---> Recommended to also install MOSEK and obtain a MOSEK license.
You can still use: total_variation_regularization.iterative_velocity

2025-10-24 01:28:29,537 [INFO] 
Limited Linear Model Support Detected! 
---> PYCHEBFUN is not installed. 
---> Install pychebfun to use chebfun derivatives (https://github.com/pychebfun/pychebfun/) 
You can still use other methods 

2025-10-24 01:28:29,537 [INFO] 
Limited Linear Model Support Detected! 
---> CVXPY is not installed. 
---> Install CVXPY to use lineardiff derivatives 
You can still use other methods 

2025-10-24 02:26:36,057 [INFO] 
Limited Total Variation Regularization Support Detected! 
---> CVXPY is not installed. 
---> Many Total Variation Methods require CVXPY including: 
---> velocity, acceleration, jerk, jerk_sliding, smooth_acceleration
---> Please install CVXPY to use these methods.
---> Recommended to also install MOSEK and obtain a MOSEK license.
You can still use: total_variation_regularization.iterative_velocity

2025-10-24 02:26:36,058 [INFO] 
Limited Linear Model Support Detected! 
---> PYCHEBFUN is not installed. 
---> Install pychebfun to use chebfun derivatives (https://github.com/pychebfun/pychebfun/) 
You can still use other methods 

2025-10-24 02:26:36,058 [INFO] 
Limited Linear Model Support Detected! 
---> CVXPY is not installed. 
---> Install CVXPY to use lineardiff derivatives 
You can still use other methods 

2025-10-24 04:08:34,420 [INFO] 
Limited Total Variation Regularization Support Detected! 
---> CVXPY is not installed. 
---> Many Total Variation Methods require CVXPY including: 
---> velocity, acceleration, jerk, jerk_sliding, smooth_acceleration
---> Please install CVXPY to use these methods.
---> Recommended to also install MOSEK and obtain a MOSEK license.
You can still use: total_variation_regularization.iterative_velocity

2025-10-24 04:08:34,421 [INFO] 
Limited Linear Model Support Detected! 
---> PYCHEBFUN is not installed. 
---> Install pychebfun to use chebfun derivatives (https://github.com/pychebfun/pychebfun/) 
You can still use other methods 

2025-10-24 04:08:34,421 [INFO] 
Limited Linear Model Support Detected! 
---> CVXPY is not installed. 
---> Install CVXPY to use lineardiff derivatives 
You can still use other methods 

2025-10-24 05:28:20,653 [INFO] 
Limited Total Variation Regularization Support Detected! 
---> CVXPY is not installed. 
---> Many Total Variation Methods require CVXPY including: 
---> velocity, acceleration, jerk, jerk_sliding, smooth_acceleration
---> Please install CVXPY to use these methods.
---> Recommended to also install MOSEK and obtain a MOSEK license.
You can still use: total_variation_regularization.iterative_velocity

2025-10-24 05:28:20,654 [INFO] 
Limited Linear Model Support Detected! 
---> PYCHEBFUN is not installed. 
---> Install pychebfun to use chebfun derivatives (https://github.com/pychebfun/pychebfun/) 
You can still use other methods 

2025-10-24 05:28:20,654 [INFO] 
Limited Linear Model Support Detected! 
---> CVXPY is not installed. 
---> Install CVXPY to use lineardiff derivatives 
You can still use other methods 

2025-10-24 07:04:20,815 [INFO] 
Limited Total Variation Regularization Support Detected! 
---> CVXPY is not installed. 
---> Many Total Variation Methods require CVXPY including: 
---> velocity, acceleration, jerk, jerk_sliding, smooth_acceleration
---> Please install CVXPY to use these methods.
---> Recommended to also install MOSEK and obtain a MOSEK license.
You can still use: total_variation_regularization.iterative_velocity

2025-10-24 07:04:20,816 [INFO] 
Limited Linear Model Support Detected! 
---> PYCHEBFUN is not installed. 
---> Install pychebfun to use chebfun derivatives (https://github.com/pychebfun/pychebfun/) 
You can still use other methods 

2025-10-24 07:04:20,816 [INFO] 
Limited Linear Model Support Detected! 
---> CVXPY is not installed. 
---> Install CVXPY to use lineardiff derivatives 
You can still use other methods 

2025-10-24 08:44:51,158 [INFO] 
Limited Total Variation Regularization Support Detected! 
---> CVXPY is not installed. 
---> Many Total Variation Methods require CVXPY including: 
---> velocity, acceleration, jerk, jerk_sliding, smooth_acceleration
---> Please install CVXPY to use these methods.
---> Recommended to also install MOSEK and obtain a MOSEK license.
You can still use: total_variation_regularization.iterative_velocity

2025-10-24 08:44:51,159 [INFO] 
Limited Linear Model Support Detected! 
---> PYCHEBFUN is not installed. 
---> Install pychebfun to use chebfun derivatives (https://github.com/pychebfun/pychebfun/) 
You can still use other methods 

2025-10-24 08:44:51,159 [INFO] 
Limited Linear Model Support Detected! 
---> CVXPY is not installed. 
---> Install CVXPY to use lineardiff derivatives 
You can still use other methods 

2025-10-24 09:48:30,856 [INFO] 
Limited Total Variation Regularization Support Detected! 
---> CVXPY is not installed. 
---> Many Total Variation Methods require CVXPY including: 
---> velocity, acceleration, jerk, jerk_sliding, smooth_acceleration
---> Please install CVXPY to use these methods.
---> Recommended to also install MOSEK and obtain a MOSEK license.
You can still use: total_variation_regularization.iterative_velocity

2025-10-24 09:48:30,856 [INFO] 
Limited Linear Model Support Detected! 
---> PYCHEBFUN is not installed. 
---> Install pychebfun to use chebfun derivatives (https://github.com/pychebfun/pychebfun/) 
You can still use other methods 

2025-10-24 09:48:30,856 [INFO] 
Limited Linear Model Support Detected! 
---> CVXPY is not installed. 
---> Install CVXPY to use lineardiff derivatives 
You can still use other methods 

2025-10-24 10:38:23,031 [INFO] 
Limited Total Variation Regularization Support Detected! 
---> CVXPY is not installed. 
---> Many Total Variation Methods require CVXPY including: 
---> velocity, acceleration, jerk, jerk_sliding, smooth_acceleration
---> Please install CVXPY to use these methods.
---> Recommended to also install MOSEK and obtain a MOSEK license.
You can still use: total_variation_regularization.iterative_velocity

2025-10-24 10:38:23,034 [INFO] 
Limited Linear Model Support Detected! 
---> PYCHEBFUN is not installed. 
---> Install pychebfun to use chebfun derivatives (https://github.com/pychebfun/pychebfun/) 
You can still use other methods 

2025-10-24 10:38:23,035 [INFO] 
Limited Linear Model Support Detected! 
---> CVXPY is not installed. 
---> Install CVXPY to use lineardiff derivatives 
You can still use other methods 

2025-10-24 11:30:10,581 [INFO] 
Limited Total Variation Regularization Support Detected! 
---> CVXPY is not installed. 
---> Many Total Variation Methods require CVXPY including: 
---> velocity, acceleration, jerk, jerk_sliding, smooth_acceleration
---> Please install CVXPY to use these methods.
---> Recommended to also install MOSEK and obtain a MOSEK license.
You can still use: total_variation_regularization.iterative_velocity

2025-10-24 11:30:10,582 [INFO] 
Limited Linear Model Support Detected! 
---> PYCHEBFUN is not installed. 
---> Install pychebfun to use chebfun derivatives (https://github.com/pychebfun/pychebfun/) 
You can still use other methods 

2025-10-24 11:30:10,582 [INFO] 
Limited Linear Model Support Detected! 
---> CVXPY is not installed. 
---> Install CVXPY to use lineardiff derivatives 
You can still use other methods 

2025-10-24 11:49:35,854 [INFO] 
Limited Total Variation Regularization Support Detected! 
---> CVXPY is not installed. 
---> Many Total Variation Methods require CVXPY including: 
---> velocity, acceleration, jerk, jerk_sliding, smooth_acceleration
---> Please install CVXPY to use these methods.
---> Recommended to also install MOSEK and obtain a MOSEK license.
You can still use: total_variation_regularization.iterative_velocity

2025-10-24 11:49:35,855 [INFO] 
Limited Linear Model Support Detected! 
---> PYCHEBFUN is not installed. 
---> Install pychebfun to use chebfun derivatives (https://github.com/pychebfun/pychebfun/) 
You can still use other methods 

2025-10-24 11:49:35,855 [INFO] 
Limited Linear Model Support Detected! 
---> CVXPY is not installed. 
---> Install CVXPY to use lineardiff derivatives 
You can still use other methods 

2025-10-24 11:49:53,728 [INFO] 
Limited Total Variation Regularization Support Detected! 
---> CVXPY is not installed. 
---> Many Total Variation Methods require CVXPY including: 
---> velocity, acceleration, jerk, jerk_sliding, smooth_acceleration
---> Please install CVXPY to use these methods.
---> Recommended to also install MOSEK and obtain a MOSEK license.
You can still use: total_variation_regularization.iterative_velocity

2025-10-24 11:49:53,729 [INFO] 
Limited Linear Model Support Detected! 
---> PYCHEBFUN is not installed. 
---> Install pychebfun to use chebfun derivatives (https://github.com/pychebfun/pychebfun/) 
You can still use other methods 

2025-10-24 11:49:53,729 [INFO] 
Limited Linear Model Support Detected! 
---> CVXPY is not installed. 
---> Install CVXPY to use lineardiff derivatives 
You can still use other methods 

2025-10-24 11:56:01,682 [INFO] 
Limited Total Variation Regularization Support Detected! 
---> CVXPY is not installed. 
---> Many Total Variation Methods require CVXPY including: 
---> velocity, acceleration, jerk, jerk_sliding, smooth_acceleration
---> Please install CVXPY to use these methods.
---> Recommended to also install MOSEK and obtain a MOSEK license.
You can still use: total_variation_regularization.iterative_velocity

2025-10-24 11:56:01,682 [INFO] 
Limited Linear Model Support Detected! 
---> PYCHEBFUN is not installed. 
---> Install pychebfun to use chebfun derivatives (https://github.com/pychebfun/pychebfun/) 
You can still use other methods 

2025-10-24 11:56:01,682 [INFO] 
Limited Linear Model Support Detected! 
---> CVXPY is not installed. 
---> Install CVXPY to use lineardiff derivatives 
You can still use other methods 

2025-10-24 12:02:09,052 [INFO] 
Limited Total Variation Regularization Support Detected! 
---> CVXPY is not installed. 
---> Many Total Variation Methods require CVXPY including: 
---> velocity, acceleration, jerk, jerk_sliding, smooth_acceleration
---> Please install CVXPY to use these methods.
---> Recommended to also install MOSEK and obtain a MOSEK license.
You can still use: total_variation_regularization.iterative_velocity

2025-10-24 12:02:09,053 [INFO] 
Limited Linear Model Support Detected! 
---> PYCHEBFUN is not installed. 
---> Install pychebfun to use chebfun derivatives (https://github.com/pychebfun/pychebfun/) 
You can still use other methods 

2025-10-24 12:02:09,053 [INFO] 
Limited Linear Model Support Detected! 
---> CVXPY is not installed. 
---> Install CVXPY to use lineardiff derivatives 
You can still use other methods 

2025-10-24 12:09:56,339 [INFO] 
Limited Total Variation Regularization Support Detected! 
---> CVXPY is not installed. 
---> Many Total Variation Methods require CVXPY including: 
---> velocity, acceleration, jerk, jerk_sliding, smooth_acceleration
---> Please install CVXPY to use these methods.
---> Recommended to also install MOSEK and obtain a MOSEK license.
You can still use: total_variation_regularization.iterative_velocity

2025-10-24 12:09:56,340 [INFO] 
Limited Linear Model Support Detected! 
---> PYCHEBFUN is not installed. 
---> Install pychebfun to use chebfun derivatives (https://github.com/pychebfun/pychebfun/) 
You can still use other methods 

2025-10-24 12:09:56,340 [INFO] 
Limited Linear Model Support Detected! 
---> CVXPY is not installed. 
---> Install CVXPY to use lineardiff derivatives 
You can still use other methods 

2025-10-24 12:21:51,602 [INFO] 
Limited Total Variation Regularization Support Detected! 
---> CVXPY is not installed. 
---> Many Total Variation Methods require CVXPY including: 
---> velocity, acceleration, jerk, jerk_sliding, smooth_acceleration
---> Please install CVXPY to use these methods.
---> Recommended to also install MOSEK and obtain a MOSEK license.
You can still use: total_variation_regularization.iterative_velocity

2025-10-24 12:21:51,603 [INFO] 
Limited Linear Model Support Detected! 
---> PYCHEBFUN is not installed. 
---> Install pychebfun to use chebfun derivatives (https://github.com/pychebfun/pychebfun/) 
You can still use other methods 

2025-10-24 12:21:51,603 [INFO] 
Limited Linear Model Support Detected! 
---> CVXPY is not installed. 
---> Install CVXPY to use lineardiff derivatives 
You can still use other methods 

2025-10-24 12:31:11,481 [INFO] 
Limited Total Variation Regularization Support Detected! 
---> CVXPY is not installed. 
---> Many Total Variation Methods require CVXPY including: 
---> velocity, acceleration, jerk, jerk_sliding, smooth_acceleration
---> Please install CVXPY to use these methods.
---> Recommended to also install MOSEK and obtain a MOSEK license.
You can still use: total_variation_regularization.iterative_velocity

2025-10-24 12:31:11,482 [INFO] 
Limited Linear Model Support Detected! 
---> PYCHEBFUN is not installed. 
---> Install pychebfun to use chebfun derivatives (https://github.com/pychebfun/pychebfun/) 
You can still use other methods 

2025-10-24 12:31:11,482 [INFO] 
Limited Linear Model Support Detected! 
---> CVXPY is not installed. 
---> Install CVXPY to use lineardiff derivatives 
You can still use other methods 

2025-10-24 12:33:29,567 [INFO] 
Limited Total Variation Regularization Support Detected! 
---> CVXPY is not installed. 
---> Many Total Variation Methods require CVXPY including: 
---> velocity, acceleration, jerk, jerk_sliding, smooth_acceleration
---> Please install CVXPY to use these methods.
---> Recommended to also install MOSEK and obtain a MOSEK license.
You can still use: total_variation_regularization.iterative_velocity

2025-10-24 12:33:29,568 [INFO] 
Limited Linear Model Support Detected! 
---> PYCHEBFUN is not installed. 
---> Install pychebfun to use chebfun derivatives (https://github.com/pychebfun/pychebfun/) 
You can still use other methods 

2025-10-24 12:33:29,568 [INFO] 
Limited Linear Model Support Detected! 
---> CVXPY is not installed. 
---> Install CVXPY to use lineardiff derivatives 
You can still use other methods 

2025-10-24 15:11:14,348 [INFO] 
Limited Total Variation Regularization Support Detected! 
---> CVXPY is not installed. 
---> Many Total Variation Methods require CVXPY including: 
---> velocity, acceleration, jerk, jerk_sliding, smooth_acceleration
---> Please install CVXPY to use these methods.
---> Recommended to also install MOSEK and obtain a MOSEK license.
You can still use: total_variation_regularization.iterative_velocity

2025-10-24 15:11:14,349 [INFO] 
Limited Linear Model Support Detected! 
---> PYCHEBFUN is not installed. 
---> Install pychebfun to use chebfun derivatives (https://github.com/pychebfun/pychebfun/) 
You can still use other methods 

2025-10-24 15:11:14,349 [INFO] 
Limited Linear Model Support Detected! 
---> CVXPY is not installed. 
---> Install CVXPY to use lineardiff derivatives 
You can still use other methods 

2025-10-24 16:49:24,242 [INFO] 
Limited Total Variation Regularization Support Detected! 
---> CVXPY is not installed. 
---> Many Total Variation Methods require CVXPY including: 
---> velocity, acceleration, jerk, jerk_sliding, smooth_acceleration
---> Please install CVXPY to use these methods.
---> Recommended to also install MOSEK and obtain a MOSEK license.
You can still use: total_variation_regularization.iterative_velocity

2025-10-24 16:49:24,243 [INFO] 
Limited Linear Model Support Detected! 
---> PYCHEBFUN is not installed. 
---> Install pychebfun to use chebfun derivatives (https://github.com/pychebfun/pychebfun/) 
You can still use other methods 

2025-10-24 16:49:24,243 [INFO] 
Limited Linear Model Support Detected! 
---> CVXPY is not installed. 
---> Install CVXPY to use lineardiff derivatives 
You can still use other methods 

2025-10-24 18:49:45,641 [INFO] 
Limited Total Variation Regularization Support Detected! 
---> CVXPY is not installed. 
---> Many Total Variation Methods require CVXPY including: 
---> velocity, acceleration, jerk, jerk_sliding, smooth_acceleration
---> Please install CVXPY to use these methods.
---> Recommended to also install MOSEK and obtain a MOSEK license.
You can still use: total_variation_regularization.iterative_velocity

2025-10-24 18:49:45,642 [INFO] 
Limited Linear Model Support Detected! 
---> PYCHEBFUN is not installed. 
---> Install pychebfun to use chebfun derivatives (https://github.com/pychebfun/pychebfun/) 
You can still use other methods 

2025-10-24 18:49:45,642 [INFO] 
Limited Linear Model Support Detected! 
---> CVXPY is not installed. 
---> Install CVXPY to use lineardiff derivatives 
You can still use other methods 

2025-10-24 20:19:53,218 [INFO] 
Limited Total Variation Regularization Support Detected! 
---> CVXPY is not installed. 
---> Many Total Variation Methods require CVXPY including: 
---> velocity, acceleration, jerk, jerk_sliding, smooth_acceleration
---> Please install CVXPY to use these methods.
---> Recommended to also install MOSEK and obtain a MOSEK license.
You can still use: total_variation_regularization.iterative_velocity

2025-10-24 20:19:53,219 [INFO] 
Limited Linear Model Support Detected! 
---> PYCHEBFUN is not installed. 
---> Install pychebfun to use chebfun derivatives (https://github.com/pychebfun/pychebfun/) 
You can still use other methods 

2025-10-24 20:19:53,219 [INFO] 
Limited Linear Model Support Detected! 
---> CVXPY is not installed. 
---> Install CVXPY to use lineardiff derivatives 
You can still use other methods 

2025-10-24 21:34:19,267 [INFO] 
Limited Total Variation Regularization Support Detected! 
---> CVXPY is not installed. 
---> Many Total Variation Methods require CVXPY including: 
---> velocity, acceleration, jerk, jerk_sliding, smooth_acceleration
---> Please install CVXPY to use these methods.
---> Recommended to also install MOSEK and obtain a MOSEK license.
You can still use: total_variation_regularization.iterative_velocity

2025-10-24 21:34:19,283 [INFO] 
Limited Linear Model Support Detected! 
---> PYCHEBFUN is not installed. 
---> Install pychebfun to use chebfun derivatives (https://github.com/pychebfun/pychebfun/) 
You can still use other methods 

2025-10-24 21:34:19,283 [INFO] 
Limited Linear Model Support Detected! 
---> CVXPY is not installed. 
---> Install CVXPY to use lineardiff derivatives 
You can still use other methods 

2025-10-24 23:29:07,784 [INFO] 
Limited Total Variation Regularization Support Detected! 
---> CVXPY is not installed. 
---> Many Total Variation Methods require CVXPY including: 
---> velocity, acceleration, jerk, jerk_sliding, smooth_acceleration
---> Please install CVXPY to use these methods.
---> Recommended to also install MOSEK and obtain a MOSEK license.
You can still use: total_variation_regularization.iterative_velocity

2025-10-24 23:29:07,799 [INFO] 
Limited Linear Model Support Detected! 
---> PYCHEBFUN is not installed. 
---> Install pychebfun to use chebfun derivatives (https://github.com/pychebfun/pychebfun/) 
You can still use other methods 

2025-10-24 23:29:07,799 [INFO] 
Limited Linear Model Support Detected! 
---> CVXPY is not installed. 
---> Install CVXPY to use lineardiff derivatives 
You can still use other methods 

2025-10-25 00:37:06,416 [INFO] 
Limited Total Variation Regularization Support Detected! 
---> CVXPY is not installed. 
---> Many Total Variation Methods require CVXPY including: 
---> velocity, acceleration, jerk, jerk_sliding, smooth_acceleration
---> Please install CVXPY to use these methods.
---> Recommended to also install MOSEK and obtain a MOSEK license.
You can still use: total_variation_regularization.iterative_velocity

2025-10-25 00:37:06,417 [INFO] 
Limited Linear Model Support Detected! 
---> PYCHEBFUN is not installed. 
---> Install pychebfun to use chebfun derivatives (https://github.com/pychebfun/pychebfun/) 
You can still use other methods 

2025-10-25 00:37:06,417 [INFO] 
Limited Linear Model Support Detected! 
---> CVXPY is not installed. 
---> Install CVXPY to use lineardiff derivatives 
You can still use other methods 

2025-10-25 01:45:31,363 [INFO] 
Limited Total Variation Regularization Support Detected! 
---> CVXPY is not installed. 
---> Many Total Variation Methods require CVXPY including: 
---> velocity, acceleration, jerk, jerk_sliding, smooth_acceleration
---> Please install CVXPY to use these methods.
---> Recommended to also install MOSEK and obtain a MOSEK license.
You can still use: total_variation_regularization.iterative_velocity

2025-10-25 01:45:31,365 [INFO] 
Limited Linear Model Support Detected! 
---> PYCHEBFUN is not installed. 
---> Install pychebfun to use chebfun derivatives (https://github.com/pychebfun/pychebfun/) 
You can still use other methods 

2025-10-25 01:45:31,365 [INFO] 
Limited Linear Model Support Detected! 
---> CVXPY is not installed. 
---> Install CVXPY to use lineardiff derivatives 
You can still use other methods 

2025-10-25 02:36:31,480 [INFO] 
Limited Total Variation Regularization Support Detected! 
---> CVXPY is not installed. 
---> Many Total Variation Methods require CVXPY including: 
---> velocity, acceleration, jerk, jerk_sliding, smooth_acceleration
---> Please install CVXPY to use these methods.
---> Recommended to also install MOSEK and obtain a MOSEK license.
You can still use: total_variation_regularization.iterative_velocity

2025-10-25 02:36:31,481 [INFO] 
Limited Linear Model Support Detected! 
---> PYCHEBFUN is not installed. 
---> Install pychebfun to use chebfun derivatives (https://github.com/pychebfun/pychebfun/) 
You can still use other methods 

2025-10-25 02:36:31,481 [INFO] 
Limited Linear Model Support Detected! 
---> CVXPY is not installed. 
---> Install CVXPY to use lineardiff derivatives 
You can still use other methods 

2025-10-25 03:28:01,956 [INFO] 
Limited Total Variation Regularization Support Detected! 
---> CVXPY is not installed. 
---> Many Total Variation Methods require CVXPY including: 
---> velocity, acceleration, jerk, jerk_sliding, smooth_acceleration
---> Please install CVXPY to use these methods.
---> Recommended to also install MOSEK and obtain a MOSEK license.
You can still use: total_variation_regularization.iterative_velocity

2025-10-25 03:28:01,958 [INFO] 
Limited Linear Model Support Detected! 
---> PYCHEBFUN is not installed. 
---> Install pychebfun to use chebfun derivatives (https://github.com/pychebfun/pychebfun/) 
You can still use other methods 

2025-10-25 03:28:01,958 [INFO] 
Limited Linear Model Support Detected! 
---> CVXPY is not installed. 
---> Install CVXPY to use lineardiff derivatives 
You can still use other methods 

2025-10-25 04:03:13,493 [INFO] 
Limited Total Variation Regularization Support Detected! 
---> CVXPY is not installed. 
---> Many Total Variation Methods require CVXPY including: 
---> velocity, acceleration, jerk, jerk_sliding, smooth_acceleration
---> Please install CVXPY to use these methods.
---> Recommended to also install MOSEK and obtain a MOSEK license.
You can still use: total_variation_regularization.iterative_velocity

2025-10-25 04:03:13,494 [INFO] 
Limited Linear Model Support Detected! 
---> PYCHEBFUN is not installed. 
---> Install pychebfun to use chebfun derivatives (https://github.com/pychebfun/pychebfun/) 
You can still use other methods 

2025-10-25 04:03:13,494 [INFO] 
Limited Linear Model Support Detected! 
---> CVXPY is not installed. 
---> Install CVXPY to use lineardiff derivatives 
You can still use other methods 

2025-10-25 04:40:13,716 [INFO] 
Limited Total Variation Regularization Support Detected! 
---> CVXPY is not installed. 
---> Many Total Variation Methods require CVXPY including: 
---> velocity, acceleration, jerk, jerk_sliding, smooth_acceleration
---> Please install CVXPY to use these methods.
---> Recommended to also install MOSEK and obtain a MOSEK license.
You can still use: total_variation_regularization.iterative_velocity

2025-10-25 04:40:13,717 [INFO] 
Limited Linear Model Support Detected! 
---> PYCHEBFUN is not installed. 
---> Install pychebfun to use chebfun derivatives (https://github.com/pychebfun/pychebfun/) 
You can still use other methods 

2025-10-25 04:40:13,717 [INFO] 
Limited Linear Model Support Detected! 
---> CVXPY is not installed. 
---> Install CVXPY to use lineardiff derivatives 
You can still use other methods 

2025-10-25 05:13:36,001 [INFO] 
Limited Total Variation Regularization Support Detected! 
---> CVXPY is not installed. 
---> Many Total Variation Methods require CVXPY including: 
---> velocity, acceleration, jerk, jerk_sliding, smooth_acceleration
---> Please install CVXPY to use these methods.
---> Recommended to also install MOSEK and obtain a MOSEK license.
You can still use: total_variation_regularization.iterative_velocity

2025-10-25 05:13:36,002 [INFO] 
Limited Linear Model Support Detected! 
---> PYCHEBFUN is not installed. 
---> Install pychebfun to use chebfun derivatives (https://github.com/pychebfun/pychebfun/) 
You can still use other methods 

2025-10-25 05:13:36,002 [INFO] 
Limited Linear Model Support Detected! 
---> CVXPY is not installed. 
---> Install CVXPY to use lineardiff derivatives 
You can still use other methods 

2025-10-25 08:52:37,621 [INFO] 
Limited Total Variation Regularization Support Detected! 
---> CVXPY is not installed. 
---> Many Total Variation Methods require CVXPY including: 
---> velocity, acceleration, jerk, jerk_sliding, smooth_acceleration
---> Please install CVXPY to use these methods.
---> Recommended to also install MOSEK and obtain a MOSEK license.
You can still use: total_variation_regularization.iterative_velocity

2025-10-25 08:52:37,622 [INFO] 
Limited Linear Model Support Detected! 
---> PYCHEBFUN is not installed. 
---> Install pychebfun to use chebfun derivatives (https://github.com/pychebfun/pychebfun/) 
You can still use other methods 

2025-10-25 08:52:37,622 [INFO] 
Limited Linear Model Support Detected! 
---> CVXPY is not installed. 
---> Install CVXPY to use lineardiff derivatives 
You can still use other methods 

2025-10-25 11:18:18,309 [INFO] 
Limited Total Variation Regularization Support Detected! 
---> CVXPY is not installed. 
---> Many Total Variation Methods require CVXPY including: 
---> velocity, acceleration, jerk, jerk_sliding, smooth_acceleration
---> Please install CVXPY to use these methods.
---> Recommended to also install MOSEK and obtain a MOSEK license.
You can still use: total_variation_regularization.iterative_velocity

2025-10-25 11:18:18,309 [INFO] 
Limited Linear Model Support Detected! 
---> PYCHEBFUN is not installed. 
---> Install pychebfun to use chebfun derivatives (https://github.com/pychebfun/pychebfun/) 
You can still use other methods 

2025-10-25 11:18:18,309 [INFO] 
Limited Linear Model Support Detected! 
---> CVXPY is not installed. 
---> Install CVXPY to use lineardiff derivatives 
You can still use other methods 

2025-10-25 12:33:04,799 [INFO] 
Limited Total Variation Regularization Support Detected! 
---> CVXPY is not installed. 
---> Many Total Variation Methods require CVXPY including: 
---> velocity, acceleration, jerk, jerk_sliding, smooth_acceleration
---> Please install CVXPY to use these methods.
---> Recommended to also install MOSEK and obtain a MOSEK license.
You can still use: total_variation_regularization.iterative_velocity

2025-10-25 12:33:04,800 [INFO] 
Limited Linear Model Support Detected! 
---> PYCHEBFUN is not installed. 
---> Install pychebfun to use chebfun derivatives (https://github.com/pychebfun/pychebfun/) 
You can still use other methods 

2025-10-25 12:33:04,800 [INFO] 
Limited Linear Model Support Detected! 
---> CVXPY is not installed. 
---> Install CVXPY to use lineardiff derivatives 
You can still use other methods 

2025-10-25 13:48:00,383 [INFO] 
Limited Total Variation Regularization Support Detected! 
---> CVXPY is not installed. 
---> Many Total Variation Methods require CVXPY including: 
---> velocity, acceleration, jerk, jerk_sliding, smooth_acceleration
---> Please install CVXPY to use these methods.
---> Recommended to also install MOSEK and obtain a MOSEK license.
You can still use: total_variation_regularization.iterative_velocity

2025-10-25 13:48:00,384 [INFO] 
Limited Linear Model Support Detected! 
---> PYCHEBFUN is not installed. 
---> Install pychebfun to use chebfun derivatives (https://github.com/pychebfun/pychebfun/) 
You can still use other methods 

2025-10-25 13:48:00,384 [INFO] 
Limited Linear Model Support Detected! 
---> CVXPY is not installed. 
---> Install CVXPY to use lineardiff derivatives 
You can still use other methods 

2025-10-25 15:20:07,716 [INFO] 
Limited Total Variation Regularization Support Detected! 
---> CVXPY is not installed. 
---> Many Total Variation Methods require CVXPY including: 
---> velocity, acceleration, jerk, jerk_sliding, smooth_acceleration
---> Please install CVXPY to use these methods.
---> Recommended to also install MOSEK and obtain a MOSEK license.
You can still use: total_variation_regularization.iterative_velocity

2025-10-25 15:20:07,718 [INFO] 
Limited Linear Model Support Detected! 
---> PYCHEBFUN is not installed. 
---> Install pychebfun to use chebfun derivatives (https://github.com/pychebfun/pychebfun/) 
You can still use other methods 

2025-10-25 15:20:07,718 [INFO] 
Limited Linear Model Support Detected! 
---> CVXPY is not installed. 
---> Install CVXPY to use lineardiff derivatives 
You can still use other methods 

2025-10-25 16:49:49,574 [INFO] 
Limited Total Variation Regularization Support Detected! 
---> CVXPY is not installed. 
---> Many Total Variation Methods require CVXPY including: 
---> velocity, acceleration, jerk, jerk_sliding, smooth_acceleration
---> Please install CVXPY to use these methods.
---> Recommended to also install MOSEK and obtain a MOSEK license.
You can still use: total_variation_regularization.iterative_velocity

2025-10-25 16:49:49,575 [INFO] 
Limited Linear Model Support Detected! 
---> PYCHEBFUN is not installed. 
---> Install pychebfun to use chebfun derivatives (https://github.com/pychebfun/pychebfun/) 
You can still use other methods 

2025-10-25 16:49:49,575 [INFO] 
Limited Linear Model Support Detected! 
---> CVXPY is not installed. 
---> Install CVXPY to use lineardiff derivatives 
You can still use other methods 

2025-10-25 18:01:26,409 [INFO] 
Limited Total Variation Regularization Support Detected! 
---> CVXPY is not installed. 
---> Many Total Variation Methods require CVXPY including: 
---> velocity, acceleration, jerk, jerk_sliding, smooth_acceleration
---> Please install CVXPY to use these methods.
---> Recommended to also install MOSEK and obtain a MOSEK license.
You can still use: total_variation_regularization.iterative_velocity

2025-10-25 18:01:26,410 [INFO] 
Limited Linear Model Support Detected! 
---> PYCHEBFUN is not installed. 
---> Install pychebfun to use chebfun derivatives (https://github.com/pychebfun/pychebfun/) 
You can still use other methods 

2025-10-25 18:01:26,410 [INFO] 
Limited Linear Model Support Detected! 
---> CVXPY is not installed. 
---> Install CVXPY to use lineardiff derivatives 
You can still use other methods 

2025-10-25 19:08:11,810 [INFO] 
Limited Total Variation Regularization Support Detected! 
---> CVXPY is not installed. 
---> Many Total Variation Methods require CVXPY including: 
---> velocity, acceleration, jerk, jerk_sliding, smooth_acceleration
---> Please install CVXPY to use these methods.
---> Recommended to also install MOSEK and obtain a MOSEK license.
You can still use: total_variation_regularization.iterative_velocity

2025-10-25 19:08:11,811 [INFO] 
Limited Linear Model Support Detected! 
---> PYCHEBFUN is not installed. 
---> Install pychebfun to use chebfun derivatives (https://github.com/pychebfun/pychebfun/) 
You can still use other methods 

2025-10-25 19:08:11,811 [INFO] 
Limited Linear Model Support Detected! 
---> CVXPY is not installed. 
---> Install CVXPY to use lineardiff derivatives 
You can still use other methods 

2025-10-25 20:10:03,735 [INFO] 
Limited Total Variation Regularization Support Detected! 
---> CVXPY is not installed. 
---> Many Total Variation Methods require CVXPY including: 
---> velocity, acceleration, jerk, jerk_sliding, smooth_acceleration
---> Please install CVXPY to use these methods.
---> Recommended to also install MOSEK and obtain a MOSEK license.
You can still use: total_variation_regularization.iterative_velocity

2025-10-25 20:10:03,735 [INFO] 
Limited Linear Model Support Detected! 
---> PYCHEBFUN is not installed. 
---> Install pychebfun to use chebfun derivatives (https://github.com/pychebfun/pychebfun/) 
You can still use other methods 

2025-10-25 20:10:03,735 [INFO] 
Limited Linear Model Support Detected! 
---> CVXPY is not installed. 
---> Install CVXPY to use lineardiff derivatives 
You can still use other methods 

2025-10-25 21:19:05,186 [INFO] 
Limited Total Variation Regularization Support Detected! 
---> CVXPY is not installed. 
---> Many Total Variation Methods require CVXPY including: 
---> velocity, acceleration, jerk, jerk_sliding, smooth_acceleration
---> Please install CVXPY to use these methods.
---> Recommended to also install MOSEK and obtain a MOSEK license.
You can still use: total_variation_regularization.iterative_velocity

2025-10-25 21:19:05,188 [INFO] 
Limited Linear Model Support Detected! 
---> PYCHEBFUN is not installed. 
---> Install pychebfun to use chebfun derivatives (https://github.com/pychebfun/pychebfun/) 
You can still use other methods 

2025-10-25 21:19:05,188 [INFO] 
Limited Linear Model Support Detected! 
---> CVXPY is not installed. 
---> Install CVXPY to use lineardiff derivatives 
You can still use other methods 

2025-10-25 21:51:32,083 [INFO] 
Limited Total Variation Regularization Support Detected! 
---> CVXPY is not installed. 
---> Many Total Variation Methods require CVXPY including: 
---> velocity, acceleration, jerk, jerk_sliding, smooth_acceleration
---> Please install CVXPY to use these methods.
---> Recommended to also install MOSEK and obtain a MOSEK license.
You can still use: total_variation_regularization.iterative_velocity

2025-10-25 21:51:32,085 [INFO] 
Limited Linear Model Support Detected! 
---> PYCHEBFUN is not installed. 
---> Install pychebfun to use chebfun derivatives (https://github.com/pychebfun/pychebfun/) 
You can still use other methods 

2025-10-25 21:51:32,085 [INFO] 
Limited Linear Model Support Detected! 
---> CVXPY is not installed. 
---> Install CVXPY to use lineardiff derivatives 
You can still use other methods 

2025-10-25 22:20:23,301 [INFO] 
Limited Total Variation Regularization Support Detected! 
---> CVXPY is not installed. 
---> Many Total Variation Methods require CVXPY including: 
---> velocity, acceleration, jerk, jerk_sliding, smooth_acceleration
---> Please install CVXPY to use these methods.
---> Recommended to also install MOSEK and obtain a MOSEK license.
You can still use: total_variation_regularization.iterative_velocity

2025-10-25 22:20:23,302 [INFO] 
Limited Linear Model Support Detected! 
---> PYCHEBFUN is not installed. 
---> Install pychebfun to use chebfun derivatives (https://github.com/pychebfun/pychebfun/) 
You can still use other methods 

2025-10-25 22:20:23,302 [INFO] 
Limited Linear Model Support Detected! 
---> CVXPY is not installed. 
---> Install CVXPY to use lineardiff derivatives 
You can still use other methods 

2025-10-25 22:43:03,279 [INFO] 
Limited Total Variation Regularization Support Detected! 
---> CVXPY is not installed. 
---> Many Total Variation Methods require CVXPY including: 
---> velocity, acceleration, jerk, jerk_sliding, smooth_acceleration
---> Please install CVXPY to use these methods.
---> Recommended to also install MOSEK and obtain a MOSEK license.
You can still use: total_variation_regularization.iterative_velocity

2025-10-25 22:43:03,280 [INFO] 
Limited Linear Model Support Detected! 
---> PYCHEBFUN is not installed. 
---> Install pychebfun to use chebfun derivatives (https://github.com/pychebfun/pychebfun/) 
You can still use other methods 

2025-10-25 22:43:03,280 [INFO] 
Limited Linear Model Support Detected! 
---> CVXPY is not installed. 
---> Install CVXPY to use lineardiff derivatives 
You can still use other methods 

2025-10-26 02:06:13,360 [INFO] 
Limited Total Variation Regularization Support Detected! 
---> CVXPY is not installed. 
---> Many Total Variation Methods require CVXPY including: 
---> velocity, acceleration, jerk, jerk_sliding, smooth_acceleration
---> Please install CVXPY to use these methods.
---> Recommended to also install MOSEK and obtain a MOSEK license.
You can still use: total_variation_regularization.iterative_velocity

2025-10-26 02:06:13,362 [INFO] 
Limited Linear Model Support Detected! 
---> PYCHEBFUN is not installed. 
---> Install pychebfun to use chebfun derivatives (https://github.com/pychebfun/pychebfun/) 
You can still use other methods 

2025-10-26 02:06:13,362 [INFO] 
Limited Linear Model Support Detected! 
---> CVXPY is not installed. 
---> Install CVXPY to use lineardiff derivatives 
You can still use other methods 

2025-10-26 03:48:17,340 [INFO] 
Limited Total Variation Regularization Support Detected! 
---> CVXPY is not installed. 
---> Many Total Variation Methods require CVXPY including: 
---> velocity, acceleration, jerk, jerk_sliding, smooth_acceleration
---> Please install CVXPY to use these methods.
---> Recommended to also install MOSEK and obtain a MOSEK license.
You can still use: total_variation_regularization.iterative_velocity

2025-10-26 03:48:17,341 [INFO] 
Limited Linear Model Support Detected! 
---> PYCHEBFUN is not installed. 
---> Install pychebfun to use chebfun derivatives (https://github.com/pychebfun/pychebfun/) 
You can still use other methods 

2025-10-26 03:48:17,341 [INFO] 
Limited Linear Model Support Detected! 
---> CVXPY is not installed. 
---> Install CVXPY to use lineardiff derivatives 
You can still use other methods 

2025-10-26 05:01:27,850 [INFO] 
Limited Total Variation Regularization Support Detected! 
---> CVXPY is not installed. 
---> Many Total Variation Methods require CVXPY including: 
---> velocity, acceleration, jerk, jerk_sliding, smooth_acceleration
---> Please install CVXPY to use these methods.
---> Recommended to also install MOSEK and obtain a MOSEK license.
You can still use: total_variation_regularization.iterative_velocity

2025-10-26 05:01:27,850 [INFO] 
Limited Linear Model Support Detected! 
---> PYCHEBFUN is not installed. 
---> Install pychebfun to use chebfun derivatives (https://github.com/pychebfun/pychebfun/) 
You can still use other methods 

2025-10-26 05:01:27,850 [INFO] 
Limited Linear Model Support Detected! 
---> CVXPY is not installed. 
---> Install CVXPY to use lineardiff derivatives 
You can still use other methods 

2025-10-26 06:17:32,091 [INFO] 
Limited Total Variation Regularization Support Detected! 
---> CVXPY is not installed. 
---> Many Total Variation Methods require CVXPY including: 
---> velocity, acceleration, jerk, jerk_sliding, smooth_acceleration
---> Please install CVXPY to use these methods.
---> Recommended to also install MOSEK and obtain a MOSEK license.
You can still use: total_variation_regularization.iterative_velocity

2025-10-26 06:17:32,091 [INFO] 
Limited Linear Model Support Detected! 
---> PYCHEBFUN is not installed. 
---> Install pychebfun to use chebfun derivatives (https://github.com/pychebfun/pychebfun/) 
You can still use other methods 

2025-10-26 06:17:32,091 [INFO] 
Limited Linear Model Support Detected! 
---> CVXPY is not installed. 
---> Install CVXPY to use lineardiff derivatives 
You can still use other methods 

2025-10-26 07:22:29,031 [INFO] 
Limited Total Variation Regularization Support Detected! 
---> CVXPY is not installed. 
---> Many Total Variation Methods require CVXPY including: 
---> velocity, acceleration, jerk, jerk_sliding, smooth_acceleration
---> Please install CVXPY to use these methods.
---> Recommended to also install MOSEK and obtain a MOSEK license.
You can still use: total_variation_regularization.iterative_velocity

2025-10-26 07:22:29,032 [INFO] 
Limited Linear Model Support Detected! 
---> PYCHEBFUN is not installed. 
---> Install pychebfun to use chebfun derivatives (https://github.com/pychebfun/pychebfun/) 
You can still use other methods 

2025-10-26 07:22:29,032 [INFO] 
Limited Linear Model Support Detected! 
---> CVXPY is not installed. 
---> Install CVXPY to use lineardiff derivatives 
You can still use other methods 

2025-10-26 08:42:26,482 [INFO] 
Limited Total Variation Regularization Support Detected! 
---> CVXPY is not installed. 
---> Many Total Variation Methods require CVXPY including: 
---> velocity, acceleration, jerk, jerk_sliding, smooth_acceleration
---> Please install CVXPY to use these methods.
---> Recommended to also install MOSEK and obtain a MOSEK license.
You can still use: total_variation_regularization.iterative_velocity

2025-10-26 08:42:26,483 [INFO] 
Limited Linear Model Support Detected! 
---> PYCHEBFUN is not installed. 
---> Install pychebfun to use chebfun derivatives (https://github.com/pychebfun/pychebfun/) 
You can still use other methods 

2025-10-26 08:42:26,483 [INFO] 
Limited Linear Model Support Detected! 
---> CVXPY is not installed. 
---> Install CVXPY to use lineardiff derivatives 
You can still use other methods 

2025-10-26 09:38:23,879 [INFO] 
Limited Total Variation Regularization Support Detected! 
---> CVXPY is not installed. 
---> Many Total Variation Methods require CVXPY including: 
---> velocity, acceleration, jerk, jerk_sliding, smooth_acceleration
---> Please install CVXPY to use these methods.
---> Recommended to also install MOSEK and obtain a MOSEK license.
You can still use: total_variation_regularization.iterative_velocity

2025-10-26 09:38:23,880 [INFO] 
Limited Linear Model Support Detected! 
---> PYCHEBFUN is not installed. 
---> Install pychebfun to use chebfun derivatives (https://github.com/pychebfun/pychebfun/) 
You can still use other methods 

2025-10-26 09:38:23,880 [INFO] 
Limited Linear Model Support Detected! 
---> CVXPY is not installed. 
---> Install CVXPY to use lineardiff derivatives 
You can still use other methods 

2025-10-26 10:29:16,588 [INFO] 
Limited Total Variation Regularization Support Detected! 
---> CVXPY is not installed. 
---> Many Total Variation Methods require CVXPY including: 
---> velocity, acceleration, jerk, jerk_sliding, smooth_acceleration
---> Please install CVXPY to use these methods.
---> Recommended to also install MOSEK and obtain a MOSEK license.
You can still use: total_variation_regularization.iterative_velocity

2025-10-26 10:29:16,589 [INFO] 
Limited Linear Model Support Detected! 
---> PYCHEBFUN is not installed. 
---> Install pychebfun to use chebfun derivatives (https://github.com/pychebfun/pychebfun/) 
You can still use other methods 

2025-10-26 10:29:16,589 [INFO] 
Limited Linear Model Support Detected! 
---> CVXPY is not installed. 
---> Install CVXPY to use lineardiff derivatives 
You can still use other methods 

2025-10-26 11:22:04,708 [INFO] 
Limited Total Variation Regularization Support Detected! 
---> CVXPY is not installed. 
---> Many Total Variation Methods require CVXPY including: 
---> velocity, acceleration, jerk, jerk_sliding, smooth_acceleration
---> Please install CVXPY to use these methods.
---> Recommended to also install MOSEK and obtain a MOSEK license.
You can still use: total_variation_regularization.iterative_velocity

2025-10-26 11:22:04,709 [INFO] 
Limited Linear Model Support Detected! 
---> PYCHEBFUN is not installed. 
---> Install pychebfun to use chebfun derivatives (https://github.com/pychebfun/pychebfun/) 
You can still use other methods 

2025-10-26 11:22:04,709 [INFO] 
Limited Linear Model Support Detected! 
---> CVXPY is not installed. 
---> Install CVXPY to use lineardiff derivatives 
You can still use other methods 

2025-10-26 12:19:25,550 [INFO] 
Limited Total Variation Regularization Support Detected! 
---> CVXPY is not installed. 
---> Many Total Variation Methods require CVXPY including: 
---> velocity, acceleration, jerk, jerk_sliding, smooth_acceleration
---> Please install CVXPY to use these methods.
---> Recommended to also install MOSEK and obtain a MOSEK license.
You can still use: total_variation_regularization.iterative_velocity

2025-10-26 12:19:25,551 [INFO] 
Limited Linear Model Support Detected! 
---> PYCHEBFUN is not installed. 
---> Install pychebfun to use chebfun derivatives (https://github.com/pychebfun/pychebfun/) 
You can still use other methods 

2025-10-26 12:19:25,551 [INFO] 
Limited Linear Model Support Detected! 
---> CVXPY is not installed. 
---> Install CVXPY to use lineardiff derivatives 
You can still use other methods 

2025-10-26 13:20:15,709 [INFO] 
Limited Total Variation Regularization Support Detected! 
---> CVXPY is not installed. 
---> Many Total Variation Methods require CVXPY including: 
---> velocity, acceleration, jerk, jerk_sliding, smooth_acceleration
---> Please install CVXPY to use these methods.
---> Recommended to also install MOSEK and obtain a MOSEK license.
You can still use: total_variation_regularization.iterative_velocity

2025-10-26 13:20:15,710 [INFO] 
Limited Linear Model Support Detected! 
---> PYCHEBFUN is not installed. 
---> Install pychebfun to use chebfun derivatives (https://github.com/pychebfun/pychebfun/) 
You can still use other methods 

2025-10-26 13:20:15,710 [INFO] 
Limited Linear Model Support Detected! 
---> CVXPY is not installed. 
---> Install CVXPY to use lineardiff derivatives 
You can still use other methods 

2025-10-26 14:10:04,143 [INFO] 
Limited Total Variation Regularization Support Detected! 
---> CVXPY is not installed. 
---> Many Total Variation Methods require CVXPY including: 
---> velocity, acceleration, jerk, jerk_sliding, smooth_acceleration
---> Please install CVXPY to use these methods.
---> Recommended to also install MOSEK and obtain a MOSEK license.
You can still use: total_variation_regularization.iterative_velocity

2025-10-26 14:10:04,144 [INFO] 
Limited Linear Model Support Detected! 
---> PYCHEBFUN is not installed. 
---> Install pychebfun to use chebfun derivatives (https://github.com/pychebfun/pychebfun/) 
You can still use other methods 

2025-10-26 14:10:04,144 [INFO] 
Limited Linear Model Support Detected! 
---> CVXPY is not installed. 
---> Install CVXPY to use lineardiff derivatives 
You can still use other methods 

2025-10-26 14:45:39,601 [INFO] 
Limited Total Variation Regularization Support Detected! 
---> CVXPY is not installed. 
---> Many Total Variation Methods require CVXPY including: 
---> velocity, acceleration, jerk, jerk_sliding, smooth_acceleration
---> Please install CVXPY to use these methods.
---> Recommended to also install MOSEK and obtain a MOSEK license.
You can still use: total_variation_regularization.iterative_velocity

2025-10-26 14:45:39,601 [INFO] 
Limited Linear Model Support Detected! 
---> PYCHEBFUN is not installed. 
---> Install pychebfun to use chebfun derivatives (https://github.com/pychebfun/pychebfun/) 
You can still use other methods 

2025-10-26 14:45:39,601 [INFO] 
Limited Linear Model Support Detected! 
---> CVXPY is not installed. 
---> Install CVXPY to use lineardiff derivatives 
You can still use other methods 

2025-10-26 18:02:07,983 [INFO] 
Limited Total Variation Regularization Support Detected! 
---> CVXPY is not installed. 
---> Many Total Variation Methods require CVXPY including: 
---> velocity, acceleration, jerk, jerk_sliding, smooth_acceleration
---> Please install CVXPY to use these methods.
---> Recommended to also install MOSEK and obtain a MOSEK license.
You can still use: total_variation_regularization.iterative_velocity

2025-10-26 18:02:07,983 [INFO] 
Limited Linear Model Support Detected! 
---> PYCHEBFUN is not installed. 
---> Install pychebfun to use chebfun derivatives (https://github.com/pychebfun/pychebfun/) 
You can still use other methods 

2025-10-26 18:02:07,984 [INFO] 
Limited Linear Model Support Detected! 
---> CVXPY is not installed. 
---> Install CVXPY to use lineardiff derivatives 
You can still use other methods 

2025-10-26 20:26:34,153 [INFO] 
Limited Total Variation Regularization Support Detected! 
---> CVXPY is not installed. 
---> Many Total Variation Methods require CVXPY including: 
---> velocity, acceleration, jerk, jerk_sliding, smooth_acceleration
---> Please install CVXPY to use these methods.
---> Recommended to also install MOSEK and obtain a MOSEK license.
You can still use: total_variation_regularization.iterative_velocity

2025-10-26 20:26:34,154 [INFO] 
Limited Linear Model Support Detected! 
---> PYCHEBFUN is not installed. 
---> Install pychebfun to use chebfun derivatives (https://github.com/pychebfun/pychebfun/) 
You can still use other methods 

2025-10-26 20:26:34,154 [INFO] 
Limited Linear Model Support Detected! 
---> CVXPY is not installed. 
---> Install CVXPY to use lineardiff derivatives 
You can still use other methods 

2025-10-26 21:43:24,655 [INFO] 
Limited Total Variation Regularization Support Detected! 
---> CVXPY is not installed. 
---> Many Total Variation Methods require CVXPY including: 
---> velocity, acceleration, jerk, jerk_sliding, smooth_acceleration
---> Please install CVXPY to use these methods.
---> Recommended to also install MOSEK and obtain a MOSEK license.
You can still use: total_variation_regularization.iterative_velocity

2025-10-26 21:43:24,666 [INFO] 
Limited Linear Model Support Detected! 
---> PYCHEBFUN is not installed. 
---> Install pychebfun to use chebfun derivatives (https://github.com/pychebfun/pychebfun/) 
You can still use other methods 

2025-10-26 21:43:24,666 [INFO] 
Limited Linear Model Support Detected! 
---> CVXPY is not installed. 
---> Install CVXPY to use lineardiff derivatives 
You can still use other methods 

2025-10-26 23:14:37,598 [INFO] 
Limited Total Variation Regularization Support Detected! 
---> CVXPY is not installed. 
---> Many Total Variation Methods require CVXPY including: 
---> velocity, acceleration, jerk, jerk_sliding, smooth_acceleration
---> Please install CVXPY to use these methods.
---> Recommended to also install MOSEK and obtain a MOSEK license.
You can still use: total_variation_regularization.iterative_velocity

2025-10-26 23:14:37,598 [INFO] 
Limited Linear Model Support Detected! 
---> PYCHEBFUN is not installed. 
---> Install pychebfun to use chebfun derivatives (https://github.com/pychebfun/pychebfun/) 
You can still use other methods 

2025-10-26 23:14:37,599 [INFO] 
Limited Linear Model Support Detected! 
---> CVXPY is not installed. 
---> Install CVXPY to use lineardiff derivatives 
You can still use other methods 

2025-10-27 01:17:36,598 [INFO] 
Limited Total Variation Regularization Support Detected! 
---> CVXPY is not installed. 
---> Many Total Variation Methods require CVXPY including: 
---> velocity, acceleration, jerk, jerk_sliding, smooth_acceleration
---> Please install CVXPY to use these methods.
---> Recommended to also install MOSEK and obtain a MOSEK license.
You can still use: total_variation_regularization.iterative_velocity

2025-10-27 01:17:36,600 [INFO] 
Limited Linear Model Support Detected! 
---> PYCHEBFUN is not installed. 
---> Install pychebfun to use chebfun derivatives (https://github.com/pychebfun/pychebfun/) 
You can still use other methods 

2025-10-27 01:17:36,600 [INFO] 
Limited Linear Model Support Detected! 
---> CVXPY is not installed. 
---> Install CVXPY to use lineardiff derivatives 
You can still use other methods 

2025-10-27 02:39:06,833 [INFO] 
Limited Total Variation Regularization Support Detected! 
---> CVXPY is not installed. 
---> Many Total Variation Methods require CVXPY including: 
---> velocity, acceleration, jerk, jerk_sliding, smooth_acceleration
---> Please install CVXPY to use these methods.
---> Recommended to also install MOSEK and obtain a MOSEK license.
You can still use: total_variation_regularization.iterative_velocity

2025-10-27 02:39:06,834 [INFO] 
Limited Linear Model Support Detected! 
---> PYCHEBFUN is not installed. 
---> Install pychebfun to use chebfun derivatives (https://github.com/pychebfun/pychebfun/) 
You can still use other methods 

2025-10-27 02:39:06,834 [INFO] 
Limited Linear Model Support Detected! 
---> CVXPY is not installed. 
---> Install CVXPY to use lineardiff derivatives 
You can still use other methods 

2025-10-27 03:59:13,124 [INFO] 
Limited Total Variation Regularization Support Detected! 
---> CVXPY is not installed. 
---> Many Total Variation Methods require CVXPY including: 
---> velocity, acceleration, jerk, jerk_sliding, smooth_acceleration
---> Please install CVXPY to use these methods.
---> Recommended to also install MOSEK and obtain a MOSEK license.
You can still use: total_variation_regularization.iterative_velocity

2025-10-27 03:59:13,125 [INFO] 
Limited Linear Model Support Detected! 
---> PYCHEBFUN is not installed. 
---> Install pychebfun to use chebfun derivatives (https://github.com/pychebfun/pychebfun/) 
You can still use other methods 

2025-10-27 03:59:13,125 [INFO] 
Limited Linear Model Support Detected! 
---> CVXPY is not installed. 
---> Install CVXPY to use lineardiff derivatives 
You can still use other methods 

2025-10-27 05:13:11,176 [INFO] 
Limited Total Variation Regularization Support Detected! 
---> CVXPY is not installed. 
---> Many Total Variation Methods require CVXPY including: 
---> velocity, acceleration, jerk, jerk_sliding, smooth_acceleration
---> Please install CVXPY to use these methods.
---> Recommended to also install MOSEK and obtain a MOSEK license.
You can still use: total_variation_regularization.iterative_velocity

2025-10-27 05:13:11,176 [INFO] 
Limited Linear Model Support Detected! 
---> PYCHEBFUN is not installed. 
---> Install pychebfun to use chebfun derivatives (https://github.com/pychebfun/pychebfun/) 
You can still use other methods 

2025-10-27 05:13:11,177 [INFO] 
Limited Linear Model Support Detected! 
---> CVXPY is not installed. 
---> Install CVXPY to use lineardiff derivatives 
You can still use other methods 

2025-10-27 06:05:48,789 [INFO] 
Limited Total Variation Regularization Support Detected! 
---> CVXPY is not installed. 
---> Many Total Variation Methods require CVXPY including: 
---> velocity, acceleration, jerk, jerk_sliding, smooth_acceleration
---> Please install CVXPY to use these methods.
---> Recommended to also install MOSEK and obtain a MOSEK license.
You can still use: total_variation_regularization.iterative_velocity

2025-10-27 06:05:48,790 [INFO] 
Limited Linear Model Support Detected! 
---> PYCHEBFUN is not installed. 
---> Install pychebfun to use chebfun derivatives (https://github.com/pychebfun/pychebfun/) 
You can still use other methods 

2025-10-27 06:05:48,790 [INFO] 
Limited Linear Model Support Detected! 
---> CVXPY is not installed. 
---> Install CVXPY to use lineardiff derivatives 
You can still use other methods 

2025-10-27 07:13:45,122 [INFO] 
Limited Total Variation Regularization Support Detected! 
---> CVXPY is not installed. 
---> Many Total Variation Methods require CVXPY including: 
---> velocity, acceleration, jerk, jerk_sliding, smooth_acceleration
---> Please install CVXPY to use these methods.
---> Recommended to also install MOSEK and obtain a MOSEK license.
You can still use: total_variation_regularization.iterative_velocity

2025-10-27 07:13:45,123 [INFO] 
Limited Linear Model Support Detected! 
---> PYCHEBFUN is not installed. 
---> Install pychebfun to use chebfun derivatives (https://github.com/pychebfun/pychebfun/) 
You can still use other methods 

2025-10-27 07:13:45,123 [INFO] 
Limited Linear Model Support Detected! 
---> CVXPY is not installed. 
---> Install CVXPY to use lineardiff derivatives 
You can still use other methods 

2025-10-27 08:01:34,340 [INFO] 
Limited Total Variation Regularization Support Detected! 
---> CVXPY is not installed. 
---> Many Total Variation Methods require CVXPY including: 
---> velocity, acceleration, jerk, jerk_sliding, smooth_acceleration
---> Please install CVXPY to use these methods.
---> Recommended to also install MOSEK and obtain a MOSEK license.
You can still use: total_variation_regularization.iterative_velocity

2025-10-27 08:01:34,340 [INFO] 
Limited Linear Model Support Detected! 
---> PYCHEBFUN is not installed. 
---> Install pychebfun to use chebfun derivatives (https://github.com/pychebfun/pychebfun/) 
You can still use other methods 

2025-10-27 08:01:34,340 [INFO] 
Limited Linear Model Support Detected! 
---> CVXPY is not installed. 
---> Install CVXPY to use lineardiff derivatives 
You can still use other methods 

2025-10-27 08:49:46,163 [INFO] 
Limited Total Variation Regularization Support Detected! 
---> CVXPY is not installed. 
---> Many Total Variation Methods require CVXPY including: 
---> velocity, acceleration, jerk, jerk_sliding, smooth_acceleration
---> Please install CVXPY to use these methods.
---> Recommended to also install MOSEK and obtain a MOSEK license.
You can still use: total_variation_regularization.iterative_velocity

2025-10-27 08:49:46,164 [INFO] 
Limited Linear Model Support Detected! 
---> PYCHEBFUN is not installed. 
---> Install pychebfun to use chebfun derivatives (https://github.com/pychebfun/pychebfun/) 
You can still use other methods 

2025-10-27 08:49:46,164 [INFO] 
Limited Linear Model Support Detected! 
---> CVXPY is not installed. 
---> Install CVXPY to use lineardiff derivatives 
You can still use other methods 

2025-10-27 09:37:32,085 [INFO] 
Limited Total Variation Regularization Support Detected! 
---> CVXPY is not installed. 
---> Many Total Variation Methods require CVXPY including: 
---> velocity, acceleration, jerk, jerk_sliding, smooth_acceleration
---> Please install CVXPY to use these methods.
---> Recommended to also install MOSEK and obtain a MOSEK license.
You can still use: total_variation_regularization.iterative_velocity

2025-10-27 09:37:32,086 [INFO] 
Limited Linear Model Support Detected! 
---> PYCHEBFUN is not installed. 
---> Install pychebfun to use chebfun derivatives (https://github.com/pychebfun/pychebfun/) 
You can still use other methods 

2025-10-27 09:37:32,086 [INFO] 
Limited Linear Model Support Detected! 
---> CVXPY is not installed. 
---> Install CVXPY to use lineardiff derivatives 
You can still use other methods 

2025-10-27 11:35:59,681 [INFO] 
Limited Total Variation Regularization Support Detected! 
---> CVXPY is not installed. 
---> Many Total Variation Methods require CVXPY including: 
---> velocity, acceleration, jerk, jerk_sliding, smooth_acceleration
---> Please install CVXPY to use these methods.
---> Recommended to also install MOSEK and obtain a MOSEK license.
You can still use: total_variation_regularization.iterative_velocity

2025-10-27 11:35:59,682 [INFO] 
Limited Linear Model Support Detected! 
---> PYCHEBFUN is not installed. 
---> Install pychebfun to use chebfun derivatives (https://github.com/pychebfun/pychebfun/) 
You can still use other methods 

2025-10-27 11:35:59,682 [INFO] 
Limited Linear Model Support Detected! 
---> CVXPY is not installed. 
---> Install CVXPY to use lineardiff derivatives 
You can still use other methods 

2025-10-27 11:37:57,444 [INFO] 
Limited Total Variation Regularization Support Detected! 
---> CVXPY is not installed. 
---> Many Total Variation Methods require CVXPY including: 
---> velocity, acceleration, jerk, jerk_sliding, smooth_acceleration
---> Please install CVXPY to use these methods.
---> Recommended to also install MOSEK and obtain a MOSEK license.
You can still use: total_variation_regularization.iterative_velocity

2025-10-27 11:37:57,445 [INFO] 
Limited Linear Model Support Detected! 
---> PYCHEBFUN is not installed. 
---> Install pychebfun to use chebfun derivatives (https://github.com/pychebfun/pychebfun/) 
You can still use other methods 

2025-10-27 11:37:57,445 [INFO] 
Limited Linear Model Support Detected! 
---> CVXPY is not installed. 
---> Install CVXPY to use lineardiff derivatives 
You can still use other methods 

2025-10-27 11:38:59,069 [INFO] 
Limited Total Variation Regularization Support Detected! 
---> CVXPY is not installed. 
---> Many Total Variation Methods require CVXPY including: 
---> velocity, acceleration, jerk, jerk_sliding, smooth_acceleration
---> Please install CVXPY to use these methods.
---> Recommended to also install MOSEK and obtain a MOSEK license.
You can still use: total_variation_regularization.iterative_velocity

2025-10-27 11:38:59,070 [INFO] 
Limited Linear Model Support Detected! 
---> PYCHEBFUN is not installed. 
---> Install pychebfun to use chebfun derivatives (https://github.com/pychebfun/pychebfun/) 
You can still use other methods 

2025-10-27 11:38:59,071 [INFO] 
Limited Linear Model Support Detected! 
---> CVXPY is not installed. 
---> Install CVXPY to use lineardiff derivatives 
You can still use other methods 

2025-10-27 11:46:32,128 [INFO] 
Limited Total Variation Regularization Support Detected! 
---> CVXPY is not installed. 
---> Many Total Variation Methods require CVXPY including: 
---> velocity, acceleration, jerk, jerk_sliding, smooth_acceleration
---> Please install CVXPY to use these methods.
---> Recommended to also install MOSEK and obtain a MOSEK license.
You can still use: total_variation_regularization.iterative_velocity

2025-10-27 11:46:32,130 [INFO] 
Limited Linear Model Support Detected! 
---> PYCHEBFUN is not installed. 
---> Install pychebfun to use chebfun derivatives (https://github.com/pychebfun/pychebfun/) 
You can still use other methods 

2025-10-27 11:46:32,130 [INFO] 
Limited Linear Model Support Detected! 
---> CVXPY is not installed. 
---> Install CVXPY to use lineardiff derivatives 
You can still use other methods 

2025-10-27 11:47:44,231 [INFO] 
Limited Total Variation Regularization Support Detected! 
---> CVXPY is not installed. 
---> Many Total Variation Methods require CVXPY including: 
---> velocity, acceleration, jerk, jerk_sliding, smooth_acceleration
---> Please install CVXPY to use these methods.
---> Recommended to also install MOSEK and obtain a MOSEK license.
You can still use: total_variation_regularization.iterative_velocity

2025-10-27 11:47:44,232 [INFO] 
Limited Linear Model Support Detected! 
---> PYCHEBFUN is not installed. 
---> Install pychebfun to use chebfun derivatives (https://github.com/pychebfun/pychebfun/) 
You can still use other methods 

2025-10-27 11:47:44,233 [INFO] 
Limited Linear Model Support Detected! 
---> CVXPY is not installed. 
---> Install CVXPY to use lineardiff derivatives 
You can still use other methods 

2025-10-27 11:54:52,556 [INFO] 
Limited Total Variation Regularization Support Detected! 
---> CVXPY is not installed. 
---> Many Total Variation Methods require CVXPY including: 
---> velocity, acceleration, jerk, jerk_sliding, smooth_acceleration
---> Please install CVXPY to use these methods.
---> Recommended to also install MOSEK and obtain a MOSEK license.
You can still use: total_variation_regularization.iterative_velocity

2025-10-27 11:54:52,558 [INFO] 
Limited Linear Model Support Detected! 
---> PYCHEBFUN is not installed. 
---> Install pychebfun to use chebfun derivatives (https://github.com/pychebfun/pychebfun/) 
You can still use other methods 

2025-10-27 11:54:52,558 [INFO] 
Limited Linear Model Support Detected! 
---> CVXPY is not installed. 
---> Install CVXPY to use lineardiff derivatives 
You can still use other methods 

2025-10-27 11:55:25,490 [INFO] 
Limited Total Variation Regularization Support Detected! 
---> CVXPY is not installed. 
---> Many Total Variation Methods require CVXPY including: 
---> velocity, acceleration, jerk, jerk_sliding, smooth_acceleration
---> Please install CVXPY to use these methods.
---> Recommended to also install MOSEK and obtain a MOSEK license.
You can still use: total_variation_regularization.iterative_velocity

2025-10-27 11:55:25,491 [INFO] 
Limited Linear Model Support Detected! 
---> PYCHEBFUN is not installed. 
---> Install pychebfun to use chebfun derivatives (https://github.com/pychebfun/pychebfun/) 
You can still use other methods 

2025-10-27 11:55:25,492 [INFO] 
Limited Linear Model Support Detected! 
---> CVXPY is not installed. 
---> Install CVXPY to use lineardiff derivatives 
You can still use other methods 

2025-10-27 12:00:58,629 [INFO] 
Limited Total Variation Regularization Support Detected! 
---> CVXPY is not installed. 
---> Many Total Variation Methods require CVXPY including: 
---> velocity, acceleration, jerk, jerk_sliding, smooth_acceleration
---> Please install CVXPY to use these methods.
---> Recommended to also install MOSEK and obtain a MOSEK license.
You can still use: total_variation_regularization.iterative_velocity

2025-10-27 12:00:58,630 [INFO] 
Limited Linear Model Support Detected! 
---> PYCHEBFUN is not installed. 
---> Install pychebfun to use chebfun derivatives (https://github.com/pychebfun/pychebfun/) 
You can still use other methods 

2025-10-27 12:00:58,630 [INFO] 
Limited Linear Model Support Detected! 
---> CVXPY is not installed. 
---> Install CVXPY to use lineardiff derivatives 
You can still use other methods 

2025-10-27 12:01:09,136 [INFO] 
Limited Total Variation Regularization Support Detected! 
---> CVXPY is not installed. 
---> Many Total Variation Methods require CVXPY including: 
---> velocity, acceleration, jerk, jerk_sliding, smooth_acceleration
---> Please install CVXPY to use these methods.
---> Recommended to also install MOSEK and obtain a MOSEK license.
You can still use: total_variation_regularization.iterative_velocity

2025-10-27 12:01:09,137 [INFO] 
Limited Linear Model Support Detected! 
---> PYCHEBFUN is not installed. 
---> Install pychebfun to use chebfun derivatives (https://github.com/pychebfun/pychebfun/) 
You can still use other methods 

2025-10-27 12:01:09,138 [INFO] 
Limited Linear Model Support Detected! 
---> CVXPY is not installed. 
---> Install CVXPY to use lineardiff derivatives 
You can still use other methods 

2025-10-27 12:03:13,923 [INFO] 
Limited Total Variation Regularization Support Detected! 
---> CVXPY is not installed. 
---> Many Total Variation Methods require CVXPY including: 
---> velocity, acceleration, jerk, jerk_sliding, smooth_acceleration
---> Please install CVXPY to use these methods.
---> Recommended to also install MOSEK and obtain a MOSEK license.
You can still use: total_variation_regularization.iterative_velocity

2025-10-27 12:03:13,924 [INFO] 
Limited Linear Model Support Detected! 
---> PYCHEBFUN is not installed. 
---> Install pychebfun to use chebfun derivatives (https://github.com/pychebfun/pychebfun/) 
You can still use other methods 

2025-10-27 12:03:13,924 [INFO] 
Limited Linear Model Support Detected! 
---> CVXPY is not installed. 
---> Install CVXPY to use lineardiff derivatives 
You can still use other methods 

2025-10-27 12:04:05,962 [INFO] 
Limited Total Variation Regularization Support Detected! 
---> CVXPY is not installed. 
---> Many Total Variation Methods require CVXPY including: 
---> velocity, acceleration, jerk, jerk_sliding, smooth_acceleration
---> Please install CVXPY to use these methods.
---> Recommended to also install MOSEK and obtain a MOSEK license.
You can still use: total_variation_regularization.iterative_velocity

2025-10-27 12:04:05,963 [INFO] 
Limited Linear Model Support Detected! 
---> PYCHEBFUN is not installed. 
---> Install pychebfun to use chebfun derivatives (https://github.com/pychebfun/pychebfun/) 
You can still use other methods 

2025-10-27 12:04:05,964 [INFO] 
Limited Linear Model Support Detected! 
---> CVXPY is not installed. 
---> Install CVXPY to use lineardiff derivatives 
You can still use other methods 

2025-10-27 12:11:47,677 [INFO] 
Limited Total Variation Regularization Support Detected! 
---> CVXPY is not installed. 
---> Many Total Variation Methods require CVXPY including: 
---> velocity, acceleration, jerk, jerk_sliding, smooth_acceleration
---> Please install CVXPY to use these methods.
---> Recommended to also install MOSEK and obtain a MOSEK license.
You can still use: total_variation_regularization.iterative_velocity

2025-10-27 12:11:47,678 [INFO] 
Limited Linear Model Support Detected! 
---> PYCHEBFUN is not installed. 
---> Install pychebfun to use chebfun derivatives (https://github.com/pychebfun/pychebfun/) 
You can still use other methods 

2025-10-27 12:11:47,678 [INFO] 
Limited Linear Model Support Detected! 
---> CVXPY is not installed. 
---> Install CVXPY to use lineardiff derivatives 
You can still use other methods 

2025-10-27 12:13:42,394 [INFO] 
Limited Total Variation Regularization Support Detected! 
---> CVXPY is not installed. 
---> Many Total Variation Methods require CVXPY including: 
---> velocity, acceleration, jerk, jerk_sliding, smooth_acceleration
---> Please install CVXPY to use these methods.
---> Recommended to also install MOSEK and obtain a MOSEK license.
You can still use: total_variation_regularization.iterative_velocity

2025-10-27 12:13:42,394 [INFO] 
Limited Linear Model Support Detected! 
---> PYCHEBFUN is not installed. 
---> Install pychebfun to use chebfun derivatives (https://github.com/pychebfun/pychebfun/) 
You can still use other methods 

2025-10-27 12:13:42,394 [INFO] 
Limited Linear Model Support Detected! 
---> CVXPY is not installed. 
---> Install CVXPY to use lineardiff derivatives 
You can still use other methods 

2025-10-27 12:14:47,289 [INFO] 
Limited Total Variation Regularization Support Detected! 
---> CVXPY is not installed. 
---> Many Total Variation Methods require CVXPY including: 
---> velocity, acceleration, jerk, jerk_sliding, smooth_acceleration
---> Please install CVXPY to use these methods.
---> Recommended to also install MOSEK and obtain a MOSEK license.
You can still use: total_variation_regularization.iterative_velocity

2025-10-27 12:14:47,290 [INFO] 
Limited Linear Model Support Detected! 
---> PYCHEBFUN is not installed. 
---> Install pychebfun to use chebfun derivatives (https://github.com/pychebfun/pychebfun/) 
You can still use other methods 

2025-10-27 12:14:47,290 [INFO] 
Limited Linear Model Support Detected! 
---> CVXPY is not installed. 
---> Install CVXPY to use lineardiff derivatives 
You can still use other methods 

2025-10-27 12:16:28,534 [INFO] 
Limited Total Variation Regularization Support Detected! 
---> CVXPY is not installed. 
---> Many Total Variation Methods require CVXPY including: 
---> velocity, acceleration, jerk, jerk_sliding, smooth_acceleration
---> Please install CVXPY to use these methods.
---> Recommended to also install MOSEK and obtain a MOSEK license.
You can still use: total_variation_regularization.iterative_velocity

2025-10-27 12:16:28,535 [INFO] 
Limited Linear Model Support Detected! 
---> PYCHEBFUN is not installed. 
---> Install pychebfun to use chebfun derivatives (https://github.com/pychebfun/pychebfun/) 
You can still use other methods 

2025-10-27 12:16:28,535 [INFO] 
Limited Linear Model Support Detected! 
---> CVXPY is not installed. 
---> Install CVXPY to use lineardiff derivatives 
You can still use other methods 

2025-10-27 12:18:17,996 [INFO] 
Limited Total Variation Regularization Support Detected! 
---> CVXPY is not installed. 
---> Many Total Variation Methods require CVXPY including: 
---> velocity, acceleration, jerk, jerk_sliding, smooth_acceleration
---> Please install CVXPY to use these methods.
---> Recommended to also install MOSEK and obtain a MOSEK license.
You can still use: total_variation_regularization.iterative_velocity

2025-10-27 12:18:17,997 [INFO] 
Limited Linear Model Support Detected! 
---> PYCHEBFUN is not installed. 
---> Install pychebfun to use chebfun derivatives (https://github.com/pychebfun/pychebfun/) 
You can still use other methods 

2025-10-27 12:18:17,997 [INFO] 
Limited Linear Model Support Detected! 
---> CVXPY is not installed. 
---> Install CVXPY to use lineardiff derivatives 
You can still use other methods 

2025-10-27 12:19:58,884 [INFO] 
Limited Total Variation Regularization Support Detected! 
---> CVXPY is not installed. 
---> Many Total Variation Methods require CVXPY including: 
---> velocity, acceleration, jerk, jerk_sliding, smooth_acceleration
---> Please install CVXPY to use these methods.
---> Recommended to also install MOSEK and obtain a MOSEK license.
You can still use: total_variation_regularization.iterative_velocity

2025-10-27 12:19:58,884 [INFO] 
Limited Linear Model Support Detected! 
---> PYCHEBFUN is not installed. 
---> Install pychebfun to use chebfun derivatives (https://github.com/pychebfun/pychebfun/) 
You can still use other methods 

2025-10-27 12:19:58,885 [INFO] 
Limited Linear Model Support Detected! 
---> CVXPY is not installed. 
---> Install CVXPY to use lineardiff derivatives 
You can still use other methods 

2025-10-27 12:36:57,772 [INFO] 
Limited Total Variation Regularization Support Detected! 
---> CVXPY is not installed. 
---> Many Total Variation Methods require CVXPY including: 
---> velocity, acceleration, jerk, jerk_sliding, smooth_acceleration
---> Please install CVXPY to use these methods.
---> Recommended to also install MOSEK and obtain a MOSEK license.
You can still use: total_variation_regularization.iterative_velocity

2025-10-27 12:36:57,774 [INFO] 
Limited Linear Model Support Detected! 
---> PYCHEBFUN is not installed. 
---> Install pychebfun to use chebfun derivatives (https://github.com/pychebfun/pychebfun/) 
You can still use other methods 

2025-10-27 12:36:57,774 [INFO] 
Limited Linear Model Support Detected! 
---> CVXPY is not installed. 
---> Install CVXPY to use lineardiff derivatives 
You can still use other methods 

2025-10-27 12:40:34,727 [INFO] 
Limited Total Variation Regularization Support Detected! 
---> CVXPY is not installed. 
---> Many Total Variation Methods require CVXPY including: 
---> velocity, acceleration, jerk, jerk_sliding, smooth_acceleration
---> Please install CVXPY to use these methods.
---> Recommended to also install MOSEK and obtain a MOSEK license.
You can still use: total_variation_regularization.iterative_velocity

2025-10-27 12:40:34,729 [INFO] 
Limited Linear Model Support Detected! 
---> PYCHEBFUN is not installed. 
---> Install pychebfun to use chebfun derivatives (https://github.com/pychebfun/pychebfun/) 
You can still use other methods 

2025-10-27 12:40:34,729 [INFO] 
Limited Linear Model Support Detected! 
---> CVXPY is not installed. 
---> Install CVXPY to use lineardiff derivatives 
You can still use other methods 

2025-10-27 13:06:17,781 [INFO] 
Limited Total Variation Regularization Support Detected! 
---> CVXPY is not installed. 
---> Many Total Variation Methods require CVXPY including: 
---> velocity, acceleration, jerk, jerk_sliding, smooth_acceleration
---> Please install CVXPY to use these methods.
---> Recommended to also install MOSEK and obtain a MOSEK license.
You can still use: total_variation_regularization.iterative_velocity

2025-10-27 13:06:17,782 [INFO] 
Limited Linear Model Support Detected! 
---> PYCHEBFUN is not installed. 
---> Install pychebfun to use chebfun derivatives (https://github.com/pychebfun/pychebfun/) 
You can still use other methods 

2025-10-27 13:06:17,782 [INFO] 
Limited Linear Model Support Detected! 
---> CVXPY is not installed. 
---> Install CVXPY to use lineardiff derivatives 
You can still use other methods 

2025-10-27 14:23:28,075 [INFO] 
Limited Total Variation Regularization Support Detected! 
---> CVXPY is not installed. 
---> Many Total Variation Methods require CVXPY including: 
---> velocity, acceleration, jerk, jerk_sliding, smooth_acceleration
---> Please install CVXPY to use these methods.
---> Recommended to also install MOSEK and obtain a MOSEK license.
You can still use: total_variation_regularization.iterative_velocity

2025-10-27 14:23:28,076 [INFO] 
Limited Linear Model Support Detected! 
---> PYCHEBFUN is not installed. 
---> Install pychebfun to use chebfun derivatives (https://github.com/pychebfun/pychebfun/) 
You can still use other methods 

2025-10-27 14:23:28,076 [INFO] 
Limited Linear Model Support Detected! 
---> CVXPY is not installed. 
---> Install CVXPY to use lineardiff derivatives 
You can still use other methods 

2025-10-27 14:25:56,764 [INFO] 
Limited Total Variation Regularization Support Detected! 
---> CVXPY is not installed. 
---> Many Total Variation Methods require CVXPY including: 
---> velocity, acceleration, jerk, jerk_sliding, smooth_acceleration
---> Please install CVXPY to use these methods.
---> Recommended to also install MOSEK and obtain a MOSEK license.
You can still use: total_variation_regularization.iterative_velocity

2025-10-27 14:25:56,765 [INFO] 
Limited Linear Model Support Detected! 
---> PYCHEBFUN is not installed. 
---> Install pychebfun to use chebfun derivatives (https://github.com/pychebfun/pychebfun/) 
You can still use other methods 

2025-10-27 14:25:56,765 [INFO] 
Limited Linear Model Support Detected! 
---> CVXPY is not installed. 
---> Install CVXPY to use lineardiff derivatives 
You can still use other methods 

2025-10-27 16:14:16,659 [INFO] 
Limited Total Variation Regularization Support Detected! 
---> CVXPY is not installed. 
---> Many Total Variation Methods require CVXPY including: 
---> velocity, acceleration, jerk, jerk_sliding, smooth_acceleration
---> Please install CVXPY to use these methods.
---> Recommended to also install MOSEK and obtain a MOSEK license.
You can still use: total_variation_regularization.iterative_velocity

2025-10-27 16:14:16,660 [INFO] 
Limited Linear Model Support Detected! 
---> PYCHEBFUN is not installed. 
---> Install pychebfun to use chebfun derivatives (https://github.com/pychebfun/pychebfun/) 
You can still use other methods 

2025-10-27 16:14:16,660 [INFO] 
Limited Linear Model Support Detected! 
---> CVXPY is not installed. 
---> Install CVXPY to use lineardiff derivatives 
You can still use other methods 

2025-10-27 18:23:40,856 [INFO] 
Limited Total Variation Regularization Support Detected! 
---> CVXPY is not installed. 
---> Many Total Variation Methods require CVXPY including: 
---> velocity, acceleration, jerk, jerk_sliding, smooth_acceleration
---> Please install CVXPY to use these methods.
---> Recommended to also install MOSEK and obtain a MOSEK license.
You can still use: total_variation_regularization.iterative_velocity

2025-10-27 18:23:40,857 [INFO] 
Limited Linear Model Support Detected! 
---> PYCHEBFUN is not installed. 
---> Install pychebfun to use chebfun derivatives (https://github.com/pychebfun/pychebfun/) 
You can still use other methods 

2025-10-27 18:23:40,857 [INFO] 
Limited Linear Model Support Detected! 
---> CVXPY is not installed. 
---> Install CVXPY to use lineardiff derivatives 
You can still use other methods 

2025-10-27 19:26:34,228 [INFO] 
Limited Total Variation Regularization Support Detected! 
---> CVXPY is not installed. 
---> Many Total Variation Methods require CVXPY including: 
---> velocity, acceleration, jerk, jerk_sliding, smooth_acceleration
---> Please install CVXPY to use these methods.
---> Recommended to also install MOSEK and obtain a MOSEK license.
You can still use: total_variation_regularization.iterative_velocity

2025-10-27 19:26:34,229 [INFO] 
Limited Linear Model Support Detected! 
---> PYCHEBFUN is not installed. 
---> Install pychebfun to use chebfun derivatives (https://github.com/pychebfun/pychebfun/) 
You can still use other methods 

2025-10-27 19:26:34,229 [INFO] 
Limited Linear Model Support Detected! 
---> CVXPY is not installed. 
---> Install CVXPY to use lineardiff derivatives 
You can still use other methods 

2025-10-27 20:18:20,641 [INFO] 
Limited Total Variation Regularization Support Detected! 
---> CVXPY is not installed. 
---> Many Total Variation Methods require CVXPY including: 
---> velocity, acceleration, jerk, jerk_sliding, smooth_acceleration
---> Please install CVXPY to use these methods.
---> Recommended to also install MOSEK and obtain a MOSEK license.
You can still use: total_variation_regularization.iterative_velocity

2025-10-27 20:18:20,642 [INFO] 
Limited Linear Model Support Detected! 
---> PYCHEBFUN is not installed. 
---> Install pychebfun to use chebfun derivatives (https://github.com/pychebfun/pychebfun/) 
You can still use other methods 

2025-10-27 20:18:20,642 [INFO] 
Limited Linear Model Support Detected! 
---> CVXPY is not installed. 
---> Install CVXPY to use lineardiff derivatives 
You can still use other methods 

2025-10-27 21:52:12,428 [INFO] 
Limited Total Variation Regularization Support Detected! 
---> CVXPY is not installed. 
---> Many Total Variation Methods require CVXPY including: 
---> velocity, acceleration, jerk, jerk_sliding, smooth_acceleration
---> Please install CVXPY to use these methods.
---> Recommended to also install MOSEK and obtain a MOSEK license.
You can still use: total_variation_regularization.iterative_velocity

2025-10-27 21:52:12,429 [INFO] 
Limited Linear Model Support Detected! 
---> PYCHEBFUN is not installed. 
---> Install pychebfun to use chebfun derivatives (https://github.com/pychebfun/pychebfun/) 
You can still use other methods 

2025-10-27 21:52:12,429 [INFO] 
Limited Linear Model Support Detected! 
---> CVXPY is not installed. 
---> Install CVXPY to use lineardiff derivatives 
You can still use other methods 

2025-10-27 22:49:02,639 [INFO] 
Limited Total Variation Regularization Support Detected! 
---> CVXPY is not installed. 
---> Many Total Variation Methods require CVXPY including: 
---> velocity, acceleration, jerk, jerk_sliding, smooth_acceleration
---> Please install CVXPY to use these methods.
---> Recommended to also install MOSEK and obtain a MOSEK license.
You can still use: total_variation_regularization.iterative_velocity

2025-10-27 22:49:02,654 [INFO] 
Limited Linear Model Support Detected! 
---> PYCHEBFUN is not installed. 
---> Install pychebfun to use chebfun derivatives (https://github.com/pychebfun/pychebfun/) 
You can still use other methods 

2025-10-27 22:49:02,654 [INFO] 
Limited Linear Model Support Detected! 
---> CVXPY is not installed. 
---> Install CVXPY to use lineardiff derivatives 
You can still use other methods 

2025-10-27 23:44:18,334 [INFO] 
Limited Total Variation Regularization Support Detected! 
---> CVXPY is not installed. 
---> Many Total Variation Methods require CVXPY including: 
---> velocity, acceleration, jerk, jerk_sliding, smooth_acceleration
---> Please install CVXPY to use these methods.
---> Recommended to also install MOSEK and obtain a MOSEK license.
You can still use: total_variation_regularization.iterative_velocity

2025-10-27 23:44:18,335 [INFO] 
Limited Linear Model Support Detected! 
---> PYCHEBFUN is not installed. 
---> Install pychebfun to use chebfun derivatives (https://github.com/pychebfun/pychebfun/) 
You can still use other methods 

2025-10-27 23:44:18,335 [INFO] 
Limited Linear Model Support Detected! 
---> CVXPY is not installed. 
---> Install CVXPY to use lineardiff derivatives 
You can still use other methods 

2025-10-28 00:31:07,617 [INFO] 
Limited Total Variation Regularization Support Detected! 
---> CVXPY is not installed. 
---> Many Total Variation Methods require CVXPY including: 
---> velocity, acceleration, jerk, jerk_sliding, smooth_acceleration
---> Please install CVXPY to use these methods.
---> Recommended to also install MOSEK and obtain a MOSEK license.
You can still use: total_variation_regularization.iterative_velocity

2025-10-28 00:31:07,618 [INFO] 
Limited Linear Model Support Detected! 
---> PYCHEBFUN is not installed. 
---> Install pychebfun to use chebfun derivatives (https://github.com/pychebfun/pychebfun/) 
You can still use other methods 

2025-10-28 00:31:07,618 [INFO] 
Limited Linear Model Support Detected! 
---> CVXPY is not installed. 
---> Install CVXPY to use lineardiff derivatives 
You can still use other methods 

2025-10-28 01:35:14,925 [INFO] 
Limited Total Variation Regularization Support Detected! 
---> CVXPY is not installed. 
---> Many Total Variation Methods require CVXPY including: 
---> velocity, acceleration, jerk, jerk_sliding, smooth_acceleration
---> Please install CVXPY to use these methods.
---> Recommended to also install MOSEK and obtain a MOSEK license.
You can still use: total_variation_regularization.iterative_velocity

2025-10-28 01:35:14,927 [INFO] 
Limited Linear Model Support Detected! 
---> PYCHEBFUN is not installed. 
---> Install pychebfun to use chebfun derivatives (https://github.com/pychebfun/pychebfun/) 
You can still use other methods 

2025-10-28 01:35:14,927 [INFO] 
Limited Linear Model Support Detected! 
---> CVXPY is not installed. 
---> Install CVXPY to use lineardiff derivatives 
You can still use other methods 

2025-10-28 02:11:57,204 [INFO] 
Limited Total Variation Regularization Support Detected! 
---> CVXPY is not installed. 
---> Many Total Variation Methods require CVXPY including: 
---> velocity, acceleration, jerk, jerk_sliding, smooth_acceleration
---> Please install CVXPY to use these methods.
---> Recommended to also install MOSEK and obtain a MOSEK license.
You can still use: total_variation_regularization.iterative_velocity

2025-10-28 02:11:57,205 [INFO] 
Limited Linear Model Support Detected! 
---> PYCHEBFUN is not installed. 
---> Install pychebfun to use chebfun derivatives (https://github.com/pychebfun/pychebfun/) 
You can still use other methods 

2025-10-28 02:11:57,205 [INFO] 
Limited Linear Model Support Detected! 
---> CVXPY is not installed. 
---> Install CVXPY to use lineardiff derivatives 
You can still use other methods 

2025-10-28 02:47:11,777 [INFO] 
Limited Total Variation Regularization Support Detected! 
---> CVXPY is not installed. 
---> Many Total Variation Methods require CVXPY including: 
---> velocity, acceleration, jerk, jerk_sliding, smooth_acceleration
---> Please install CVXPY to use these methods.
---> Recommended to also install MOSEK and obtain a MOSEK license.
You can still use: total_variation_regularization.iterative_velocity

2025-10-28 02:47:11,777 [INFO] 
Limited Linear Model Support Detected! 
---> PYCHEBFUN is not installed. 
---> Install pychebfun to use chebfun derivatives (https://github.com/pychebfun/pychebfun/) 
You can still use other methods 

2025-10-28 02:47:11,777 [INFO] 
Limited Linear Model Support Detected! 
---> CVXPY is not installed. 
---> Install CVXPY to use lineardiff derivatives 
You can still use other methods 

2025-10-28 06:02:52,967 [INFO] 
Limited Total Variation Regularization Support Detected! 
---> CVXPY is not installed. 
---> Many Total Variation Methods require CVXPY including: 
---> velocity, acceleration, jerk, jerk_sliding, smooth_acceleration
---> Please install CVXPY to use these methods.
---> Recommended to also install MOSEK and obtain a MOSEK license.
You can still use: total_variation_regularization.iterative_velocity

2025-10-28 06:02:52,968 [INFO] 
Limited Linear Model Support Detected! 
---> PYCHEBFUN is not installed. 
---> Install pychebfun to use chebfun derivatives (https://github.com/pychebfun/pychebfun/) 
You can still use other methods 

2025-10-28 06:02:52,968 [INFO] 
Limited Linear Model Support Detected! 
---> CVXPY is not installed. 
---> Install CVXPY to use lineardiff derivatives 
You can still use other methods 

2025-10-28 08:09:13,143 [INFO] 
Limited Total Variation Regularization Support Detected! 
---> CVXPY is not installed. 
---> Many Total Variation Methods require CVXPY including: 
---> velocity, acceleration, jerk, jerk_sliding, smooth_acceleration
---> Please install CVXPY to use these methods.
---> Recommended to also install MOSEK and obtain a MOSEK license.
You can still use: total_variation_regularization.iterative_velocity

2025-10-28 08:09:13,144 [INFO] 
Limited Linear Model Support Detected! 
---> PYCHEBFUN is not installed. 
---> Install pychebfun to use chebfun derivatives (https://github.com/pychebfun/pychebfun/) 
You can still use other methods 

2025-10-28 08:09:13,144 [INFO] 
Limited Linear Model Support Detected! 
---> CVXPY is not installed. 
---> Install CVXPY to use lineardiff derivatives 
You can still use other methods 

2025-10-28 09:39:06,607 [ERROR] No such comm target registered: jupyter.widget.control
2025-10-28 09:39:06,608 [WARNING] No such comm: 8f63fc74-c4e4-429b-b76d-82e1ba2ca33f
2025-10-28 09:55:29,821 [INFO] 
Limited Total Variation Regularization Support Detected! 
---> CVXPY is not installed. 
---> Many Total Variation Methods require CVXPY including: 
---> velocity, acceleration, jerk, jerk_sliding, smooth_acceleration
---> Please install CVXPY to use these methods.
---> Recommended to also install MOSEK and obtain a MOSEK license.
You can still use: total_variation_regularization.iterative_velocity

2025-10-28 09:55:29,821 [INFO] 
Limited Linear Model Support Detected! 
---> PYCHEBFUN is not installed. 
---> Install pychebfun to use chebfun derivatives (https://github.com/pychebfun/pychebfun/) 
You can still use other methods 

2025-10-28 09:55:29,821 [INFO] 
Limited Linear Model Support Detected! 
---> CVXPY is not installed. 
---> Install CVXPY to use lineardiff derivatives 
You can still use other methods 

2025-10-28 10:12:55,468 [INFO] 
Limited Total Variation Regularization Support Detected! 
---> CVXPY is not installed. 
---> Many Total Variation Methods require CVXPY including: 
---> velocity, acceleration, jerk, jerk_sliding, smooth_acceleration
---> Please install CVXPY to use these methods.
---> Recommended to also install MOSEK and obtain a MOSEK license.
You can still use: total_variation_regularization.iterative_velocity

2025-10-28 10:12:55,469 [INFO] 
Limited Linear Model Support Detected! 
---> PYCHEBFUN is not installed. 
---> Install pychebfun to use chebfun derivatives (https://github.com/pychebfun/pychebfun/) 
You can still use other methods 

2025-10-28 10:12:55,469 [INFO] 
Limited Linear Model Support Detected! 
---> CVXPY is not installed. 
---> Install CVXPY to use lineardiff derivatives 
You can still use other methods 

2025-10-28 11:13:50,396 [INFO] 
Limited Total Variation Regularization Support Detected! 
---> CVXPY is not installed. 
---> Many Total Variation Methods require CVXPY including: 
---> velocity, acceleration, jerk, jerk_sliding, smooth_acceleration
---> Please install CVXPY to use these methods.
---> Recommended to also install MOSEK and obtain a MOSEK license.
You can still use: total_variation_regularization.iterative_velocity

2025-10-28 11:13:50,397 [INFO] 
Limited Linear Model Support Detected! 
---> PYCHEBFUN is not installed. 
---> Install pychebfun to use chebfun derivatives (https://github.com/pychebfun/pychebfun/) 
You can still use other methods 

2025-10-28 11:13:50,397 [INFO] 
Limited Linear Model Support Detected! 
---> CVXPY is not installed. 
---> Install CVXPY to use lineardiff derivatives 
You can still use other methods 

2025-10-28 12:37:40,862 [INFO] 
Limited Total Variation Regularization Support Detected! 
---> CVXPY is not installed. 
---> Many Total Variation Methods require CVXPY including: 
---> velocity, acceleration, jerk, jerk_sliding, smooth_acceleration
---> Please install CVXPY to use these methods.
---> Recommended to also install MOSEK and obtain a MOSEK license.
You can still use: total_variation_regularization.iterative_velocity

2025-10-28 12:37:40,863 [INFO] 
Limited Linear Model Support Detected! 
---> PYCHEBFUN is not installed. 
---> Install pychebfun to use chebfun derivatives (https://github.com/pychebfun/pychebfun/) 
You can still use other methods 

2025-10-28 12:37:40,863 [INFO] 
Limited Linear Model Support Detected! 
---> CVXPY is not installed. 
---> Install CVXPY to use lineardiff derivatives 
You can still use other methods 

2025-10-28 14:22:11,933 [INFO] 
Limited Total Variation Regularization Support Detected! 
---> CVXPY is not installed. 
---> Many Total Variation Methods require CVXPY including: 
---> velocity, acceleration, jerk, jerk_sliding, smooth_acceleration
---> Please install CVXPY to use these methods.
---> Recommended to also install MOSEK and obtain a MOSEK license.
You can still use: total_variation_regularization.iterative_velocity

2025-10-28 14:22:11,952 [INFO] 
Limited Linear Model Support Detected! 
---> PYCHEBFUN is not installed. 
---> Install pychebfun to use chebfun derivatives (https://github.com/pychebfun/pychebfun/) 
You can still use other methods 

2025-10-28 14:22:11,952 [INFO] 
Limited Linear Model Support Detected! 
---> CVXPY is not installed. 
---> Install CVXPY to use lineardiff derivatives 
You can still use other methods 

2025-10-28 16:02:54,622 [INFO] 
Limited Total Variation Regularization Support Detected! 
---> CVXPY is not installed. 
---> Many Total Variation Methods require CVXPY including: 
---> velocity, acceleration, jerk, jerk_sliding, smooth_acceleration
---> Please install CVXPY to use these methods.
---> Recommended to also install MOSEK and obtain a MOSEK license.
You can still use: total_variation_regularization.iterative_velocity

2025-10-28 16:02:54,622 [INFO] 
Limited Linear Model Support Detected! 
---> PYCHEBFUN is not installed. 
---> Install pychebfun to use chebfun derivatives (https://github.com/pychebfun/pychebfun/) 
You can still use other methods 

2025-10-28 16:02:54,622 [INFO] 
Limited Linear Model Support Detected! 
---> CVXPY is not installed. 
---> Install CVXPY to use lineardiff derivatives 
You can still use other methods 

                                                                                                                                                                                                                                                                                                                                                                                                                                                                                                                                                                                                                                                                                                                                                                                                                                                                                                                                                                                                                                                                                                                                                                                                                                                                                                                                                                                                                                                                                                                                                                                                                                                                                              tall CVXPY to use lineardiff derivatives 
You can still use other methods 

2025-10-28 15:50:41,112 [INFO] 
Limited Total Variation Regularization Support Detected! 
---> CVXPY is not installed. 
---> Many Total Variation Methods require CVXPY including: 
---> velocity, acceleration, jerk, jerk_sliding, smooth_acceleration
---> Please install CVXPY to use these methods.
---> Recommended to also install MOSEK and obtain a MOSEK license.
You can still use: total_variation_regularization.iterative_velocity

2025-10-28 15:50:41,117 [INFO] 
Limited Linear Model Support Detected! 
---> PYCHEBFUN is not installed. 
---> Install pychebfun to use chebfun derivatives (https://github.com/pychebfun/pychebfun/) 
You can still use other methods 

2025-10-28 15:50:41,117 [INFO] 
Limited Linear Model Support Detected! 
---> CVXPY is not installed. 
---> Install CVXPY to use lineardiff derivatives 
You can still use other methods 

2025-10-28 15:58:34,189 [INFO] 
Limited Total Variation Regularization Support Detected! 
---> CVXPY is not installed. 
---> Many Total Variation Methods require CVXPY including: 
---> velocity, acceleration, jerk, jerk_sliding, smooth_acceleration
---> Please install CVXPY to use these methods.
---> Recommended to also install MOSEK and obtain a MOSEK license.
You can still use: total_variation_regularization.iterative_velocity

2025-10-28 15:58:34,193 [INFO] 
Limited Linear Model Support Detected! 
---> PYCHEBFUN is not installed. 
---> Install pychebfun to use chebfun derivatives (https://github.com/pychebfun/pychebfun/) 
You can still use other methods 

2025-10-28 15:58:34,193 [INFO] 
Limited Linear Model Support Detected! 
---> CVXPY is not installed. 
---> Install CVXPY to use lineardiff derivatives 
You can still use other methods 

2025-10-28 15:58:59,752 [INFO] 
Limited Total Variation Regularization Support Detected! 
---> CVXPY is not installed. 
---> Many Total Variation Methods require CVXPY including: 
---> velocity, acceleration, jerk, jerk_sliding, smooth_acceleration
---> Please install CVXPY to use these methods.
---> Recommended to also install MOSEK and obtain a MOSEK license.
You can still use: total_variation_regularization.iterative_velocity

2025-10-28 15:58:59,756 [INFO] 
Limited Linear Model Support Detected! 
---> PYCHEBFUN is not installed. 
---> Install pychebfun to use chebfun derivatives (https://github.com/pychebfun/pychebfun/) 
You can still use other methods 

2025-10-28 15:58:59,756 [INFO] 
Limited Linear Model Support Detected! 
---> CVXPY is not installed. 
---> Install CVXPY to use lineardiff derivatives 
You can still use other methods 

2025-10-28 17:00:05,198 [INFO] 
Limited Total Variation Regularization Support Detected! 
---> CVXPY is not installed. 
---> Many Total Variation Methods require CVXPY including: 
---> velocity, acceleration, jerk, jerk_sliding, smooth_acceleration
---> Please install CVXPY to use these methods.
---> Recommended to also install MOSEK and obtain a MOSEK license.
You can still use: total_variation_regularization.iterative_velocity

2025-10-28 17:00:05,199 [INFO] 
Limited Linear Model Support Detected! 
---> PYCHEBFUN is not installed. 
---> Install pychebfun to use chebfun derivatives (https://github.com/pychebfun/pychebfun/) 
You can still use other methods 

2025-10-28 17:00:05,199 [INFO] 
Limited Linear Model Support Detected! 
---> CVXPY is not installed. 
---> Install CVXPY to use lineardiff derivatives 
You can still use other methods 

2025-10-28 16:00:48,453 [INFO] 
Limited Total Variation Regularization Support Detected! 
---> CVXPY is not installed. 
---> Many Total Variation Methods require CVXPY including: 
---> velocity, acceleration, jerk, jerk_sliding, smooth_acceleration
---> Please install CVXPY to use these methods.
---> Recommended to also install MOSEK and obtain a MOSEK license.
You can still use: total_variation_regularization.iterative_velocity

2025-10-28 16:00:48,456 [INFO] 
Limited Linear Model Support Detected! 
---> PYCHEBFUN is not installed. 
---> Install pychebfun to use chebfun derivatives (https://github.com/pychebfun/pychebfun/) 
You can still use other methods 

2025-10-28 16:00:48,456 [INFO] 
Limited Linear Model Support Detected! 
---> CVXPY is not installed. 
---> Install CVXPY to use lineardiff derivatives 
You can still use other methods 

2025-10-28 16:01:26,747 [INFO] 
Limited Total Variation Regularization Support Detected! 
---> CVXPY is not installed. 
---> Many Total Variation Methods require CVXPY including: 
---> velocity, acceleration, jerk, jerk_sliding, smooth_acceleration
---> Please install CVXPY to use these methods.
---> Recommended to also install MOSEK and obtain a MOSEK license.
You can still use: total_variation_regularization.iterative_velocity

2025-10-28 16:01:26,752 [INFO] 
Limited Linear Model Support Detected! 
---> PYCHEBFUN is not installed. 
---> Install pychebfun to use chebfun derivatives (https://github.com/pychebfun/pychebfun/) 
You can still use other methods 

2025-10-28 16:01:26,752 [INFO] 
Limited Linear Model Support Detected! 
---> CVXPY is not installed. 
---> Install CVXPY to use lineardiff derivatives 
You can still use other methods 

2025-10-28 16:02:28,629 [INFO] 
Limited Total Variation Regularization Support Detected! 
---> CVXPY is not installed. 
---> Many Total Variation Methods require CVXPY including: 
---> velocity, acceleration, jerk, jerk_sliding, smooth_acceleration
---> Please install CVXPY to use these methods.
---> Recommended to also install MOSEK and obtain a MOSEK license.
You can still use: total_variation_regularization.iterative_velocity

2025-10-28 16:02:28,632 [INFO] 
Limited Linear Model Support Detected! 
---> PYCHEBFUN is not installed. 
---> Install pychebfun to use chebfun derivatives (https://github.com/pychebfun/pychebfun/) 
You can still use other methods 

2025-10-28 16:02:28,632 [INFO] 
Limited Linear Model Support Detected! 
---> CVXPY is not installed. 
---> Install CVXPY to use lineardiff derivatives 
You can still use other methods 

2025-10-28 17:51:32,561 [INFO] 
Limited Total Variation Regularization Support Detected! 
---> CVXPY is not installed. 
---> Many Total Variation Methods require CVXPY including: 
---> velocity, acceleration, jerk, jerk_sliding, smooth_acceleration
---> Please install CVXPY to use these methods.
---> Recommended to also install MOSEK and obtain a MOSEK license.
You can still use: total_variation_regularization.iterative_velocity

2025-10-28 17:51:32,562 [INFO] 
Limited Linear Model Support Detected! 
---> PYCHEBFUN is not installed. 
---> Install pychebfun to use chebfun derivatives (https://github.com/pychebfun/pychebfun/) 
You can still use other methods 

2025-10-28 17:51:32,562 [INFO] 
Limited Linear Model Support Detected! 
---> CVXPY is not installed. 
---> Install CVXPY to use lineardiff derivatives 
You can still use other methods 

2025-10-28 18:36:11,782 [INFO] 
Limited Total Variation Regularization Support Detected! 
---> CVXPY is not installed. 
---> Many Total Variation Methods require CVXPY including: 
---> velocity, acceleration, jerk, jerk_sliding, smooth_acceleration
---> Please install CVXPY to use these methods.
---> Recommended to also install MOSEK and obtain a MOSEK license.
You can still use: total_variation_regularization.iterative_velocity

2025-10-28 18:36:11,783 [INFO] 
Limited Linear Model Support Detected! 
---> PYCHEBFUN is not installed. 
---> Install pychebfun to use chebfun derivatives (https://github.com/pychebfun/pychebfun/) 
You can still use other methods 

2025-10-28 18:36:11,783 [INFO] 
Limited Linear Model Support Detected! 
---> CVXPY is not installed. 
---> Install CVXPY to use lineardiff derivatives 
You can still use other methods 

2025-10-28 19:18:48,852 [INFO] 
Limited Total Variation Regularization Support Detected! 
---> CVXPY is not installed. 
---> Many Total Variation Methods require CVXPY including: 
---> velocity, acceleration, jerk, jerk_sliding, smooth_acceleration
---> Please install CVXPY to use these methods.
---> Recommended to also install MOSEK and obtain a MOSEK license.
You can still use: total_variation_regularization.iterative_velocity

2025-10-28 19:18:48,852 [INFO] 
Limited Linear Model Support Detected! 
---> PYCHEBFUN is not installed. 
---> Install pychebfun to use chebfun derivatives (https://github.com/pychebfun/pychebfun/) 
You can still use other methods 

2025-10-28 19:18:48,852 [INFO] 
Limited Linear Model Support Detected! 
---> CVXPY is not installed. 
---> Install CVXPY to use lineardiff derivatives 
You can still use other methods 

2025-10-28 20:02:40,209 [INFO] 
Limited Total Variation Regularization Support Detected! 
---> CVXPY is not installed. 
---> Many Total Variation Methods require CVXPY including: 
---> velocity, acceleration, jerk, jerk_sliding, smooth_acceleration
---> Please install CVXPY to use these methods.
---> Recommended to also install MOSEK and obtain a MOSEK license.
You can still use: total_variation_regularization.iterative_velocity

2025-10-28 20:02:40,222 [INFO] 
Limited Linear Model Support Detected! 
---> PYCHEBFUN is not installed. 
---> Install pychebfun to use chebfun derivatives (https://github.com/pychebfun/pychebfun/) 
You can still use other methods 

2025-10-28 20:02:40,222 [INFO] 
Limited Linear Model Support Detected! 
---> CVXPY is not installed. 
---> Install CVXPY to use lineardiff derivatives 
You can still use other methods 

2025-10-28 20:29:55,940 [INFO] 
Limited Total Variation Regularization Support Detected! 
---> CVXPY is not installed. 
---> Many Total Variation Methods require CVXPY including: 
---> velocity, acceleration, jerk, jerk_sliding, smooth_acceleration
---> Please install CVXPY to use these methods.
---> Recommended to also install MOSEK and obtain a MOSEK license.
You can still use: total_variation_regularization.iterative_velocity

2025-10-28 20:29:55,961 [INFO] 
Limited Linear Model Support Detected! 
---> PYCHEBFUN is not installed. 
---> Install pychebfun to use chebfun derivatives (https://github.com/pychebfun/pychebfun/) 
You can still use other methods 

2025-10-28 20:29:55,961 [INFO] 
Limited Linear Model Support Detected! 
---> CVXPY is not installed. 
---> Install CVXPY to use lineardiff derivatives 
You can still use other methods 

2025-10-28 23:13:22,205 [INFO] 
Limited Total Variation Regularization Support Detected! 
---> CVXPY is not installed. 
---> Many Total Variation Methods require CVXPY including: 
---> velocity, acceleration, jerk, jerk_sliding, smooth_acceleration
---> Please install CVXPY to use these methods.
---> Recommended to also install MOSEK and obtain a MOSEK license.
You can still use: total_variation_regularization.iterative_velocity

2025-10-28 23:13:22,219 [INFO] 
Limited Linear Model Support Detected! 
---> PYCHEBFUN is not installed. 
---> Install pychebfun to use chebfun derivatives (https://github.com/pychebfun/pychebfun/) 
You can still use other methods 

2025-10-28 23:13:22,219 [INFO] 
Limited Linear Model Support Detected! 
---> CVXPY is not installed. 
---> Install CVXPY to use lineardiff derivatives 
You can still use other methods 

2025-10-29 00:37:24,453 [INFO] 
Limited Total Variation Regularization Support Detected! 
---> CVXPY is not installed. 
---> Many Total Variation Methods require CVXPY including: 
---> velocity, acceleration, jerk, jerk_sliding, smooth_acceleration
---> Please install CVXPY to use these methods.
---> Recommended to also install MOSEK and obtain a MOSEK license.
You can still use: total_variation_regularization.iterative_velocity

2025-10-29 00:37:24,472 [INFO] 
Limited Linear Model Support Detected! 
---> PYCHEBFUN is not installed. 
---> Install pychebfun to use chebfun derivatives (https://github.com/pychebfun/pychebfun/) 
You can still use other methods 

2025-10-29 00:37:24,472 [INFO] 
Limited Linear Model Support Detected! 
---> CVXPY is not installed. 
---> Install CVXPY to use lineardiff derivatives 
You can still use other methods 

2025-10-29 02:03:58,314 [INFO] 
Limited Total Variation Regularization Support Detected! 
---> CVXPY is not installed. 
---> Many Total Variation Methods require CVXPY including: 
---> velocity, acceleration, jerk, jerk_sliding, smooth_acceleration
---> Please install CVXPY to use these methods.
---> Recommended to also install MOSEK and obtain a MOSEK license.
You can still use: total_variation_regularization.iterative_velocity

2025-10-29 02:03:58,315 [INFO] 
Limited Linear Model Support Detected! 
---> PYCHEBFUN is not installed. 
---> Install pychebfun to use chebfun derivatives (https://github.com/pychebfun/pychebfun/) 
You can still use other methods 

2025-10-29 02:03:58,316 [INFO] 
Limited Linear Model Support Detected! 
---> CVXPY is not installed. 
---> Install CVXPY to use lineardiff derivatives 
You can still use other methods 

2025-10-29 03:29:54,693 [INFO] 
Limited Total Variation Regularization Support Detected! 
---> CVXPY is not installed. 
---> Many Total Variation Methods require CVXPY including: 
---> velocity, acceleration, jerk, jerk_sliding, smooth_acceleration
---> Please install CVXPY to use these methods.
---> Recommended to also install MOSEK and obtain a MOSEK license.
You can still use: total_variation_regularization.iterative_velocity

2025-10-29 03:29:54,694 [INFO] 
Limited Linear Model Support Detected! 
---> PYCHEBFUN is not installed. 
---> Install pychebfun to use chebfun derivatives (https://github.com/pychebfun/pychebfun/) 
You can still use other methods 

2025-10-29 03:29:54,694 [INFO] 
Limited Linear Model Support Detected! 
---> CVXPY is not installed. 
---> Install CVXPY to use lineardiff derivatives 
You can still use other methods 

2025-10-29 04:07:38,052 [INFO] 
Limited Total Variation Regularization Support Detected! 
---> CVXPY is not installed. 
---> Many Total Variation Methods require CVXPY including: 
---> velocity, acceleration, jerk, jerk_sliding, smooth_acceleration
---> Please install CVXPY to use these methods.
---> Recommended to also install MOSEK and obtain a MOSEK license.
You can still use: total_variation_regularization.iterative_velocity

2025-10-29 04:07:38,053 [INFO] 
Limited Linear Model Support Detected! 
---> PYCHEBFUN is not installed. 
---> Install pychebfun to use chebfun derivatives (https://github.com/pychebfun/pychebfun/) 
You can still use other methods 

2025-10-29 04:07:38,053 [INFO] 
Limited Linear Model Support Detected! 
---> CVXPY is not installed. 
---> Install CVXPY to use lineardiff derivatives 
You can still use other methods 

2025-10-29 05:10:55,785 [INFO] 
Limited Total Variation Regularization Support Detected! 
---> CVXPY is not installed. 
---> Many Total Variation Methods require CVXPY including: 
---> velocity, acceleration, jerk, jerk_sliding, smooth_acceleration
---> Please install CVXPY to use these methods.
---> Recommended to also install MOSEK and obtain a MOSEK license.
You can still use: total_variation_regularization.iterative_velocity

2025-10-29 05:10:55,785 [INFO] 
Limited Linear Model Support Detected! 
---> PYCHEBFUN is not installed. 
---> Install pychebfun to use chebfun derivatives (https://github.com/pychebfun/pychebfun/) 
You can still use other methods 

2025-10-29 05:10:55,785 [INFO] 
Limited Linear Model Support Detected! 
---> CVXPY is not installed. 
---> Install CVXPY to use lineardiff derivatives 
You can still use other methods 

2025-10-29 06:17:14,356 [INFO] 
Limited Total Variation Regularization Support Detected! 
---> CVXPY is not installed. 
---> Many Total Variation Methods require CVXPY including: 
---> velocity, acceleration, jerk, jerk_sliding, smooth_acceleration
---> Please install CVXPY to use these methods.
---> Recommended to also install MOSEK and obtain a MOSEK license.
You can still use: total_variation_regularization.iterative_velocity

2025-10-29 06:17:14,357 [INFO] 
Limited Linear Model Support Detected! 
---> PYCHEBFUN is not installed. 
---> Install pychebfun to use chebfun derivatives (https://github.com/pychebfun/pychebfun/) 
You can still use other methods 

2025-10-29 06:17:14,357 [INFO] 
Limited Linear Model Support Detected! 
---> CVXPY is not installed. 
---> Install CVXPY to use lineardiff derivatives 
You can still use other methods 

2025-10-29 07:52:41,971 [INFO] 
Limited Total Variation Regularization Support Detected! 
---> CVXPY is not installed. 
---> Many Total Variation Methods require CVXPY including: 
---> velocity, acceleration, jerk, jerk_sliding, smooth_acceleration
---> Please install CVXPY to use these methods.
---> Recommended to also install MOSEK and obtain a MOSEK license.
You can still use: total_variation_regularization.iterative_velocity

2025-10-29 07:52:41,972 [INFO] 
Limited Linear Model Support Detected! 
---> PYCHEBFUN is not installed. 
---> Install pychebfun to use chebfun derivatives (https://github.com/pychebfun/pychebfun/) 
You can still use other methods 

2025-10-29 07:52:41,972 [INFO] 
Limited Linear Model Support Detected! 
---> CVXPY is not installed. 
---> Install CVXPY to use lineardiff derivatives 
You can still use other methods 

2025-10-29 08:44:34,693 [INFO] 
Limited Total Variation Regularization Support Detected! 
---> CVXPY is not installed. 
---> Many Total Variation Methods require CVXPY including: 
---> velocity, acceleration, jerk, jerk_sliding, smooth_acceleration
---> Please install CVXPY to use these methods.
---> Recommended to also install MOSEK and obtain a MOSEK license.
You can still use: total_variation_regularization.iterative_velocity

2025-10-29 08:44:34,693 [INFO] 
Limited Linear Model Support Detected! 
---> PYCHEBFUN is not installed. 
---> Install pychebfun to use chebfun derivatives (https://github.com/pychebfun/pychebfun/) 
You can still use other methods 

2025-10-29 08:44:34,693 [INFO] 
Limited Linear Model Support Detected! 
---> CVXPY is not installed. 
---> Install CVXPY to use lineardiff derivatives 
You can still use other methods 

2025-10-29 09:39:50,868 [INFO] 
Limited Total Variation Regularization Support Detected! 
---> CVXPY is not installed. 
---> Many Total Variation Methods require CVXPY including: 
---> velocity, acceleration, jerk, jerk_sliding, smooth_acceleration
---> Please install CVXPY to use these methods.
---> Recommended to also install MOSEK and obtain a MOSEK license.
You can still use: total_variation_regularization.iterative_velocity

2025-10-29 09:39:50,869 [INFO] 
Limited Linear Model Support Detected! 
---> PYCHEBFUN is not installed. 
---> Install pychebfun to use chebfun derivatives (https://github.com/pychebfun/pychebfun/) 
You can still use other methods 

2025-10-29 09:39:50,869 [INFO] 
Limited Linear Model Support Detected! 
---> CVXPY is not installed. 
---> Install CVXPY to use lineardiff derivatives 
You can still use other methods 

2025-10-29 10:39:40,320 [INFO] 
Limited Total Variation Regularization Support Detected! 
---> CVXPY is not installed. 
---> Many Total Variation Methods require CVXPY including: 
---> velocity, acceleration, jerk, jerk_sliding, smooth_acceleration
---> Please install CVXPY to use these methods.
---> Recommended to also install MOSEK and obtain a MOSEK license.
You can still use: total_variation_regularization.iterative_velocity

2025-10-29 10:39:40,321 [INFO] 
Limited Linear Model Support Detected! 
---> PYCHEBFUN is not installed. 
---> Install pychebfun to use chebfun derivatives (https://github.com/pychebfun/pychebfun/) 
You can still use other methods 

2025-10-29 10:39:40,321 [INFO] 
Limited Linear Model Support Detected! 
---> CVXPY is not installed. 
---> Install CVXPY to use lineardiff derivatives 
You can still use other methods 

2025-10-29 11:27:42,804 [INFO] 
Limited Total Variation Regularization Support Detected! 
---> CVXPY is not installed. 
---> Many Total Variation Methods require CVXPY including: 
---> velocity, acceleration, jerk, jerk_sliding, smooth_acceleration
---> Please install CVXPY to use these methods.
---> Recommended to also install MOSEK and obtain a MOSEK license.
You can still use: total_variation_regularization.iterative_velocity

2025-10-29 11:27:42,805 [INFO] 
Limited Linear Model Support Detected! 
---> PYCHEBFUN is not installed. 
---> Install pychebfun to use chebfun derivatives (https://github.com/pychebfun/pychebfun/) 
You can still use other methods 

2025-10-29 11:27:42,805 [INFO] 
Limited Linear Model Support Detected! 
---> CVXPY is not installed. 
---> Install CVXPY to use lineardiff derivatives 
You can still use other methods 

2025-10-29 12:18:50,762 [INFO] 
Limited Total Variation Regularization Support Detected! 
---> CVXPY is not installed. 
---> Many Total Variation Methods require CVXPY including: 
---> velocity, acceleration, jerk, jerk_sliding, smooth_acceleration
---> Please install CVXPY to use these methods.
---> Recommended to also install MOSEK and obtain a MOSEK license.
You can still use: total_variation_regularization.iterative_velocity

2025-10-29 12:18:50,763 [INFO] 
Limited Linear Model Support Detected! 
---> PYCHEBFUN is not installed. 
---> Install pychebfun to use chebfun derivatives (https://github.com/pychebfun/pychebfun/) 
You can still use other methods 

2025-10-29 12:18:50,763 [INFO] 
Limited Linear Model Support Detected! 
---> CVXPY is not installed. 
---> Install CVXPY to use lineardiff derivatives 
You can still use other methods 

2025-10-29 15:19:34,231 [INFO] 
Limited Total Variation Regularization Support Detected! 
---> CVXPY is not installed. 
---> Many Total Variation Methods require CVXPY including: 
---> velocity, acceleration, jerk, jerk_sliding, smooth_acceleration
---> Please install CVXPY to use these methods.
---> Recommended to also install MOSEK and obtain a MOSEK license.
You can still use: total_variation_regularization.iterative_velocity

2025-10-29 15:19:34,232 [INFO] 
Limited Linear Model Support Detected! 
---> PYCHEBFUN is not installed. 
---> Install pychebfun to use chebfun derivatives (https://github.com/pychebfun/pychebfun/) 
You can still use other methods 

2025-10-29 15:19:34,232 [INFO] 
Limited Linear Model Support Detected! 
---> CVXPY is not installed. 
---> Install CVXPY to use lineardiff derivatives 
You can still use other methods 

2025-10-29 16:55:42,798 [INFO] 
Limited Total Variation Regularization Support Detected! 
---> CVXPY is not installed. 
---> Many Total Variation Methods require CVXPY including: 
---> velocity, acceleration, jerk, jerk_sliding, smooth_acceleration
---> Please install CVXPY to use these methods.
---> Recommended to also install MOSEK and obtain a MOSEK license.
You can still use: total_variation_regularization.iterative_velocity

2025-10-29 16:55:42,799 [INFO] 
Limited Linear Model Support Detected! 
---> PYCHEBFUN is not installed. 
---> Install pychebfun to use chebfun derivatives (https://github.com/pychebfun/pychebfun/) 
You can still use other methods 

2025-10-29 16:55:42,799 [INFO] 
Limited Linear Model Support Detected! 
---> CVXPY is not installed. 
---> Install CVXPY to use lineardiff derivatives 
You can still use other methods 

2025-10-29 18:14:04,501 [INFO] 
Limited Total Variation Regularization Support Detected! 
---> CVXPY is not installed. 
---> Many Total Variation Methods require CVXPY including: 
---> velocity, acceleration, jerk, jerk_sliding, smooth_acceleration
---> Please install CVXPY to use these methods.
---> Recommended to also install MOSEK and obtain a MOSEK license.
You can still use: total_variation_regularization.iterative_velocity

2025-10-29 18:14:04,502 [INFO] 
Limited Linear Model Support Detected! 
---> PYCHEBFUN is not installed. 
---> Install pychebfun to use chebfun derivatives (https://github.com/pychebfun/pychebfun/) 
You can still use other methods 

2025-10-29 18:14:04,502 [INFO] 
Limited Linear Model Support Detected! 
---> CVXPY is not installed. 
---> Install CVXPY to use lineardiff derivatives 
You can still use other methods 

2025-10-29 19:41:20,453 [INFO] 
Limited Total Variation Regularization Support Detected! 
---> CVXPY is not installed. 
---> Many Total Variation Methods require CVXPY including: 
---> velocity, acceleration, jerk, jerk_sliding, smooth_acceleration
---> Please install CVXPY to use these methods.
---> Recommended to also install MOSEK and obtain a MOSEK license.
You can still use: total_variation_regularization.iterative_velocity

2025-10-29 19:41:20,454 [INFO] 
Limited Linear Model Support Detected! 
---> PYCHEBFUN is not installed. 
---> Install pychebfun to use chebfun derivatives (https://github.com/pychebfun/pychebfun/) 
You can still use other methods 

2025-10-29 19:41:20,454 [INFO] 
Limited Linear Model Support Detected! 
---> CVXPY is not installed. 
---> Install CVXPY to use lineardiff derivatives 
You can still use other methods 

2025-10-29 20:16:50,444 [INFO] 
Limited Total Variation Regularization Support Detected! 
---> CVXPY is not installed. 
---> Many Total Variation Methods require CVXPY including: 
---> velocity, acceleration, jerk, jerk_sliding, smooth_acceleration
---> Please install CVXPY to use these methods.
---> Recommended to also install MOSEK and obtain a MOSEK license.
You can still use: total_variation_regularization.iterative_velocity

2025-10-29 20:16:50,445 [INFO] 
Limited Linear Model Support Detected! 
---> PYCHEBFUN is not installed. 
---> Install pychebfun to use chebfun derivatives (https://github.com/pychebfun/pychebfun/) 
You can still use other methods 

2025-10-29 20:16:50,445 [INFO] 
Limited Linear Model Support Detected! 
---> CVXPY is not installed. 
---> Install CVXPY to use lineardiff derivatives 
You can still use other methods 

2025-10-29 21:30:04,333 [INFO] 
Limited Total Variation Regularization Support Detected! 
---> CVXPY is not installed. 
---> Many Total Variation Methods require CVXPY including: 
---> velocity, acceleration, jerk, jerk_sliding, smooth_acceleration
---> Please install CVXPY to use these methods.
---> Recommended to also install MOSEK and obtain a MOSEK license.
You can still use: total_variation_regularization.iterative_velocity

2025-10-29 21:30:04,370 [INFO] 
Limited Linear Model Support Detected! 
---> PYCHEBFUN is not installed. 
---> Install pychebfun to use chebfun derivatives (https://github.com/pychebfun/pychebfun/) 
You can still use other methods 

2025-10-29 21:30:04,371 [INFO] 
Limited Linear Model Support Detected! 
---> CVXPY is not installed. 
---> Install CVXPY to use lineardiff derivatives 
You can still use other methods 

2025-10-29 22:42:59,857 [INFO] 
Limited Total Variation Regularization Support Detected! 
---> CVXPY is not installed. 
---> Many Total Variation Methods require CVXPY including: 
---> velocity, acceleration, jerk, jerk_sliding, smooth_acceleration
---> Please install CVXPY to use these methods.
---> Recommended to also install MOSEK and obtain a MOSEK license.
You can still use: total_variation_regularization.iterative_velocity

2025-10-29 22:42:59,867 [INFO] 
Limited Linear Model Support Detected! 
---> PYCHEBFUN is not installed. 
---> Install pychebfun to use chebfun derivatives (https://github.com/pychebfun/pychebfun/) 
You can still use other methods 

2025-10-29 22:42:59,867 [INFO] 
Limited Linear Model Support Detected! 
---> CVXPY is not installed. 
---> Install CVXPY to use lineardiff derivatives 
You can still use other methods 

2025-10-29 23:16:15,113 [INFO] 
Limited Total Variation Regularization Support Detected! 
---> CVXPY is not installed. 
---> Many Total Variation Methods require CVXPY including: 
---> velocity, acceleration, jerk, jerk_sliding, smooth_acceleration
---> Please install CVXPY to use these methods.
---> Recommended to also install MOSEK and obtain a MOSEK license.
You can still use: total_variation_regularization.iterative_velocity

2025-10-29 23:16:15,114 [INFO] 
Limited Linear Model Support Detected! 
---> PYCHEBFUN is not installed. 
---> Install pychebfun to use chebfun derivatives (https://github.com/pychebfun/pychebfun/) 
You can still use other methods 

2025-10-29 23:16:15,114 [INFO] 
Limited Linear Model Support Detected! 
---> CVXPY is not installed. 
---> Install CVXPY to use lineardiff derivatives 
You can still use other methods 

2025-10-29 23:48:06,926 [INFO] 
Limited Total Variation Regularization Support Detected! 
---> CVXPY is not installed. 
---> Many Total Variation Methods require CVXPY including: 
---> velocity, acceleration, jerk, jerk_sliding, smooth_acceleration
---> Please install CVXPY to use these methods.
---> Recommended to also install MOSEK and obtain a MOSEK license.
You can still use: total_variation_regularization.iterative_velocity

2025-10-29 23:48:06,941 [INFO] 
Limited Linear Model Support Detected! 
---> PYCHEBFUN is not installed. 
---> Install pychebfun to use chebfun derivatives (https://github.com/pychebfun/pychebfun/) 
You can still use other methods 

2025-10-29 23:48:06,941 [INFO] 
Limited Linear Model Support Detected! 
---> CVXPY is not installed. 
---> Install CVXPY to use lineardiff derivatives 
You can still use other methods 

2025-10-30 00:31:54,250 [INFO] 
Limited Total Variation Regularization Support Detected! 
---> CVXPY is not installed. 
---> Many Total Variation Methods require CVXPY including: 
---> velocity, acceleration, jerk, jerk_sliding, smooth_acceleration
---> Please install CVXPY to use these methods.
---> Recommended to also install MOSEK and obtain a MOSEK license.
You can still use: total_variation_regularization.iterative_velocity

2025-10-30 00:31:54,251 [INFO] 
Limited Linear Model Support Detected! 
---> PYCHEBFUN is not installed. 
---> Install pychebfun to use chebfun derivatives (https://github.com/pychebfun/pychebfun/) 
You can still use other methods 

2025-10-30 00:31:54,251 [INFO] 
Limited Linear Model Support Detected! 
---> CVXPY is not installed. 
---> Install CVXPY to use lineardiff derivatives 
You can still use other methods 

2025-10-30 01:06:07,153 [INFO] 
Limited Total Variation Regularization Support Detected! 
---> CVXPY is not installed. 
---> Many Total Variation Methods require CVXPY including: 
---> velocity, acceleration, jerk, jerk_sliding, smooth_acceleration
---> Please install CVXPY to use these methods.
---> Recommended to also install MOSEK and obtain a MOSEK license.
You can still use: total_variation_regularization.iterative_velocity

2025-10-30 01:06:07,155 [INFO] 
Limited Linear Model Support Detected! 
---> PYCHEBFUN is not installed. 
---> Install pychebfun to use chebfun derivatives (https://github.com/pychebfun/pychebfun/) 
You can still use other methods 

2025-10-30 01:06:07,155 [INFO] 
Limited Linear Model Support Detected! 
---> CVXPY is not installed. 
---> Install CVXPY to use lineardiff derivatives 
You can still use other methods 

2025-10-30 01:38:44,763 [INFO] 
Limited Total Variation Regularization Support Detected! 
---> CVXPY is not installed. 
---> Many Total Variation Methods require CVXPY including: 
---> velocity, acceleration, jerk, jerk_sliding, smooth_acceleration
---> Please install CVXPY to use these methods.
---> Recommended to also install MOSEK and obtain a MOSEK license.
You can still use: total_variation_regularization.iterative_velocity

2025-10-30 01:38:44,764 [INFO] 
Limited Linear Model Support Detected! 
---> PYCHEBFUN is not installed. 
---> Install pychebfun to use chebfun derivatives (https://github.com/pychebfun/pychebfun/) 
You can still use other methods 

2025-10-30 01:38:44,764 [INFO] 
Limited Linear Model Support Detected! 
---> CVXPY is not installed. 
---> Install CVXPY to use lineardiff derivatives 
You can still use other methods 

2025-10-30 02:13:50,484 [INFO] 
Limited Total Variation Regularization Support Detected! 
---> CVXPY is not installed. 
---> Many Total Variation Methods require CVXPY including: 
---> velocity, acceleration, jerk, jerk_sliding, smooth_acceleration
---> Please install CVXPY to use these methods.
---> Recommended to also install MOSEK and obtain a MOSEK license.
You can still use: total_variation_regularization.iterative_velocity

2025-10-30 02:13:50,485 [INFO] 
Limited Linear Model Support Detected! 
---> PYCHEBFUN is not installed. 
---> Install pychebfun to use chebfun derivatives (https://github.com/pychebfun/pychebfun/) 
You can still use other methods 

2025-10-30 02:13:50,485 [INFO] 
Limited Linear Model Support Detected! 
---> CVXPY is not installed. 
---> Install CVXPY to use lineardiff derivatives 
You can still use other methods 

2025-10-30 05:12:53,423 [INFO] 
Limited Total Variation Regularization Support Detected! 
---> CVXPY is not installed. 
---> Many Total Variation Methods require CVXPY including: 
---> velocity, acceleration, jerk, jerk_sliding, smooth_acceleration
---> Please install CVXPY to use these methods.
---> Recommended to also install MOSEK and obtain a MOSEK license.
You can still use: total_variation_regularization.iterative_velocity

2025-10-30 05:12:53,424 [INFO] 
Limited Linear Model Support Detected! 
---> PYCHEBFUN is not installed. 
---> Install pychebfun to use chebfun derivatives (https://github.com/pychebfun/pychebfun/) 
You can still use other methods 

2025-10-30 05:12:53,424 [INFO] 
Limited Linear Model Support Detected! 
---> CVXPY is not installed. 
---> Install CVXPY to use lineardiff derivatives 
You can still use other methods 

2025-10-30 07:29:36,316 [INFO] 
Limited Total Variation Regularization Support Detected! 
---> CVXPY is not installed. 
---> Many Total Variation Methods require CVXPY including: 
---> velocity, acceleration, jerk, jerk_sliding, smooth_acceleration
---> Please install CVXPY to use these methods.
---> Recommended to also install MOSEK and obtain a MOSEK license.
You can still use: total_variation_regularization.iterative_velocity

2025-10-30 07:29:36,317 [INFO] 
Limited Linear Model Support Detected! 
---> PYCHEBFUN is not installed. 
---> Install pychebfun to use chebfun derivatives (https://github.com/pychebfun/pychebfun/) 
You can still use other methods 

2025-10-30 07:29:36,317 [INFO] 
Limited Linear Model Support Detected! 
---> CVXPY is not installed. 
---> Install CVXPY to use lineardiff derivatives 
You can still use other methods 

2025-10-30 08:53:45,736 [INFO] 
Limited Total Variation Regularization Support Detected! 
---> CVXPY is not installed. 
---> Many Total Variation Methods require CVXPY including: 
---> velocity, acceleration, jerk, jerk_sliding, smooth_acceleration
---> Please install CVXPY to use these methods.
---> Recommended to also install MOSEK and obtain a MOSEK license.
You can still use: total_variation_regularization.iterative_velocity

2025-10-30 08:53:45,736 [INFO] 
Limited Linear Model Support Detected! 
---> PYCHEBFUN is not installed. 
---> Install pychebfun to use chebfun derivatives (https://github.com/pychebfun/pychebfun/) 
You can still use other methods 

2025-10-30 08:53:45,736 [INFO] 
Limited Linear Model Support Detected! 
---> CVXPY is not installed. 
---> Install CVXPY to use lineardiff derivatives 
You can still use other methods 

2025-10-30 09:57:25,297 [INFO] 
Limited Total Variation Regularization Support Detected! 
---> CVXPY is not installed. 
---> Many Total Variation Methods require CVXPY including: 
---> velocity, acceleration, jerk, jerk_sliding, smooth_acceleration
---> Please install CVXPY to use these methods.
---> Recommended to also install MOSEK and obtain a MOSEK license.
You can still use: total_variation_regularization.iterative_velocity

2025-10-30 09:57:25,298 [INFO] 
Limited Linear Model Support Detected! 
---> PYCHEBFUN is not installed. 
---> Install pychebfun to use chebfun derivatives (https://github.com/pychebfun/pychebfun/) 
You can still use other methods 

2025-10-30 09:57:25,298 [INFO] 
Limited Linear Model Support Detected! 
---> CVXPY is not installed. 
---> Install CVXPY to use lineardiff derivatives 
You can still use other methods 

2025-10-30 11:00:29,075 [INFO] 
Limited Total Variation Regularization Support Detected! 
---> CVXPY is not installed. 
---> Many Total Variation Methods require CVXPY including: 
---> velocity, acceleration, jerk, jerk_sliding, smooth_acceleration
---> Please install CVXPY to use these methods.
---> Recommended to also install MOSEK and obtain a MOSEK license.
You can still use: total_variation_regularization.iterative_velocity

2025-10-30 11:00:29,077 [INFO] 
Limited Linear Model Support Detected! 
---> PYCHEBFUN is not installed. 
---> Install pychebfun to use chebfun derivatives (https://github.com/pychebfun/pychebfun/) 
You can still use other methods 

2025-10-30 11:00:29,077 [INFO] 
Limited Linear Model Support Detected! 
---> CVXPY is not installed. 
---> Install CVXPY to use lineardiff derivatives 
You can still use other methods 

2025-10-30 11:59:21,048 [INFO] 
Limited Total Variation Regularization Support Detected! 
---> CVXPY is not installed. 
---> Many Total Variation Methods require CVXPY including: 
---> velocity, acceleration, jerk, jerk_sliding, smooth_acceleration
---> Please install CVXPY to use these methods.
---> Recommended to also install MOSEK and obtain a MOSEK license.
You can still use: total_variation_regularization.iterative_velocity

2025-10-30 11:59:21,049 [INFO] 
Limited Linear Model Support Detected! 
---> PYCHEBFUN is not installed. 
---> Install pychebfun to use chebfun derivatives (https://github.com/pychebfun/pychebfun/) 
You can still use other methods 

2025-10-30 11:59:21,049 [INFO] 
Limited Linear Model Support Detected! 
---> CVXPY is not installed. 
---> Install CVXPY to use lineardiff derivatives 
You can still use other methods 

2025-10-30 12:05:16,967 [INFO] 
Limited Total Variation Regularization Support Detected! 
---> CVXPY is not installed. 
---> Many Total Variation Methods require CVXPY including: 
---> velocity, acceleration, jerk, jerk_sliding, smooth_acceleration
---> Please install CVXPY to use these methods.
---> Recommended to also install MOSEK and obtain a MOSEK license.
You can still use: total_variation_regularization.iterative_velocity

2025-10-30 12:05:16,967 [INFO] 
Limited Linear Model Support Detected! 
---> PYCHEBFUN is not installed. 
---> Install pychebfun to use chebfun derivatives (https://github.com/pychebfun/pychebfun/) 
You can still use other methods 

2025-10-30 12:05:16,967 [INFO] 
Limited Linear Model Support Detected! 
---> CVXPY is not installed. 
---> Install CVXPY to use lineardiff derivatives 
You can still use other methods 

2025-10-30 13:01:26,046 [INFO] 
Limited Total Variation Regularization Support Detected! 
---> CVXPY is not installed. 
---> Many Total Variation Methods require CVXPY including: 
---> velocity, acceleration, jerk, jerk_sliding, smooth_acceleration
---> Please install CVXPY to use these methods.
---> Recommended to also install MOSEK and obtain a MOSEK license.
You can still use: total_variation_regularization.iterative_velocity

2025-10-30 13:01:26,047 [INFO] 
Limited Linear Model Support Detected! 
---> PYCHEBFUN is not installed. 
---> Install pychebfun to use chebfun derivatives (https://github.com/pychebfun/pychebfun/) 
You can still use other methods 

2025-10-30 13:01:26,047 [INFO] 
Limited Linear Model Support Detected! 
---> CVXPY is not installed. 
---> Install CVXPY to use lineardiff derivatives 
You can still use other methods 

2025-10-30 14:05:56,078 [INFO] 
Limited Total Variation Regularization Support Detected! 
---> CVXPY is not installed. 
---> Many Total Variation Methods require CVXPY including: 
---> velocity, acceleration, jerk, jerk_sliding, smooth_acceleration
---> Please install CVXPY to use these methods.
---> Recommended to also install MOSEK and obtain a MOSEK license.
You can still use: total_variation_regularization.iterative_velocity

2025-10-30 14:05:56,079 [INFO] 
Limited Linear Model Support Detected! 
---> PYCHEBFUN is not installed. 
---> Install pychebfun to use chebfun derivatives (https://github.com/pychebfun/pychebfun/) 
You can still use other methods 

2025-10-30 14:05:56,079 [INFO] 
Limited Linear Model Support Detected! 
---> CVXPY is not installed. 
---> Install CVXPY to use lineardiff derivatives 
You can still use other methods 

