2025-10-14 13:19:36,919 [INFO] 
Limited Total Variation Regularization Support Detected! 
---> CVXPY is not installed. 
---> Many Total Variation Methods require CVXPY including: 
---> velocity, acceleration, jerk, jerk_sliding, smooth_acceleration
---> Please install CVXPY to use these methods.
---> Recommended to also install MOSEK and obtain a MOSEK license.
You can still use: total_variation_regularization.iterative_velocity

2025-10-14 13:19:36,920 [INFO] 
Limited Linear Model Support Detected! 
---> PYCHEBFUN is not installed. 
---> Install pychebfun to use chebfun derivatives (https://github.com/pychebfun/pychebfun/) 
You can still use other methods 

2025-10-14 13:19:36,920 [INFO] 
Limited Linear Model Support Detected! 
---> CVXPY is not installed. 
---> Install CVXPY to use lineardiff derivatives 
You can still use other methods 

2025-10-21 10:56:35,060 [INFO] 
Limited Total Variation Regularization Support Detected! 
---> CVXPY is not installed. 
---> Many Total Variation Methods require CVXPY including: 
---> velocity, acceleration, jerk, jerk_sliding, smooth_acceleration
---> Please install CVXPY to use these methods.
---> Recommended to also install MOSEK and obtain a MOSEK license.
You can still use: total_variation_regularization.iterative_velocity

2025-10-21 10:56:35,061 [INFO] 
Limited Linear Model Support Detected! 
---> PYCHEBFUN is not installed. 
---> Install pychebfun to use chebfun derivatives (https://github.com/pychebfun/pychebfun/) 
You can still use other methods 

2025-10-21 10:56:35,061 [INFO] 
Limited Linear Model Support Detected! 
---> CVXPY is not installed. 
---> Install CVXPY to use lineardiff derivatives 
You can still use other methods 

2025-10-21 10:56:57,060 [INFO] 
Limited Total Variation Regularization Support Detected! 
---> CVXPY is not installed. 
---> Many Total Variation Methods require CVXPY including: 
---> velocity, acceleration, jerk, jerk_sliding, smooth_acceleration
---> Please install CVXPY to use these methods.
---> Recommended to also install MOSEK and obtain a MOSEK license.
You can still use: total_variation_regularization.iterative_velocity

2025-10-21 10:56:57,060 [INFO] 
Limited Linear Model Support Detected! 
---> PYCHEBFUN is not installed. 
---> Install pychebfun to use chebfun derivatives (https://github.com/pychebfun/pychebfun/) 
You can still use other methods 

2025-10-21 10:56:57,060 [INFO] 
Limited Linear Model Support Detected! 
---> CVXPY is not installed. 
---> Install CVXPY to use lineardiff derivatives 
You can still use other methods 

2025-10-21 10:57:21,744 [INFO] 
Limited Total Variation Regularization Support Detected! 
---> CVXPY is not installed. 
---> Many Total Variation Methods require CVXPY including: 
---> velocity, acceleration, jerk, jerk_sliding, smooth_acceleration
---> Please install CVXPY to use these methods.
---> Recommended to also install MOSEK and obtain a MOSEK license.
You can still use: total_variation_regularization.iterative_velocity

2025-10-21 10:57:21,745 [INFO] 
Limited Linear Model Support Detected! 
---> PYCHEBFUN is not installed. 
---> Install pychebfun to use chebfun derivatives (https://github.com/pychebfun/pychebfun/) 
You can still use other methods 

2025-10-21 10:57:21,745 [INFO] 
Limited Linear Model Support Detected! 
---> CVXPY is not installed. 
---> Install CVXPY to use lineardiff derivatives 
You can still use other methods 

2025-10-21 10:57:53,777 [INFO] 
Limited Total Variation Regularization Support Detected! 
---> CVXPY is not installed. 
---> Many Total Variation Methods require CVXPY including: 
---> velocity, acceleration, jerk, jerk_sliding, smooth_acceleration
---> Please install CVXPY to use these methods.
---> Recommended to also install MOSEK and obtain a MOSEK license.
You can still use: total_variation_regularization.iterative_velocity

2025-10-21 10:57:53,778 [INFO] 
Limited Linear Model Support Detected! 
---> PYCHEBFUN is not installed. 
---> Install pychebfun to use chebfun derivatives (https://github.com/pychebfun/pychebfun/) 
You can still use other methods 

2025-10-21 10:57:53,778 [INFO] 
Limited Linear Model Support Detected! 
---> CVXPY is not installed. 
---> Install CVXPY to use lineardiff derivatives 
You can still use other methods 

2025-10-21 11:04:10,585 [INFO] 
Limited Total Variation Regularization Support Detected! 
---> CVXPY is not installed. 
---> Many Total Variation Methods require CVXPY including: 
---> velocity, acceleration, jerk, jerk_sliding, smooth_acceleration
---> Please install CVXPY to use these methods.
---> Recommended to also install MOSEK and obtain a MOSEK license.
You can still use: total_variation_regularization.iterative_velocity

2025-10-21 11:04:10,586 [INFO] 
Limited Linear Model Support Detected! 
---> PYCHEBFUN is not installed. 
---> Install pychebfun to use chebfun derivatives (https://github.com/pychebfun/pychebfun/) 
You can still use other methods 

2025-10-21 11:04:10,586 [INFO] 
Limited Linear Model Support Detected! 
---> CVXPY is not installed. 
---> Install CVXPY to use lineardiff derivatives 
You can still use other methods 

2025-10-21 11:04:22,434 [INFO] 
Limited Total Variation Regularization Support Detected! 
---> CVXPY is not installed. 
---> Many Total Variation Methods require CVXPY including: 
---> velocity, acceleration, jerk, jerk_sliding, smooth_acceleration
---> Please install CVXPY to use these methods.
---> Recommended to also install MOSEK and obtain a MOSEK license.
You can still use: total_variation_regularization.iterative_velocity

2025-10-21 11:04:22,435 [INFO] 
Limited Linear Model Support Detected! 
---> PYCHEBFUN is not installed. 
---> Install pychebfun to use chebfun derivatives (https://github.com/pychebfun/pychebfun/) 
You can still use other methods 

2025-10-21 11:04:22,435 [INFO] 
Limited Linear Model Support Detected! 
---> CVXPY is not installed. 
---> Install CVXPY to use lineardiff derivatives 
You can still use other methods 

2025-10-21 11:04:47,954 [INFO] 
Limited Total Variation Regularization Support Detected! 
---> CVXPY is not installed. 
---> Many Total Variation Methods require CVXPY including: 
---> velocity, acceleration, jerk, jerk_sliding, smooth_acceleration
---> Please install CVXPY to use these methods.
---> Recommended to also install MOSEK and obtain a MOSEK license.
You can still use: total_variation_regularization.iterative_velocity

2025-10-21 11:04:47,955 [INFO] 
Limited Linear Model Support Detected! 
---> PYCHEBFUN is not installed. 
---> Install pychebfun to use chebfun derivatives (https://github.com/pychebfun/pychebfun/) 
You can still use other methods 

2025-10-21 11:04:47,955 [INFO] 
Limited Linear Model Support Detected! 
---> CVXPY is not installed. 
---> Install CVXPY to use lineardiff derivatives 
You can still use other methods 

2025-10-21 11:05:16,144 [INFO] 
Limited Total Variation Regularization Support Detected! 
---> CVXPY is not installed. 
---> Many Total Variation Methods require CVXPY including: 
---> velocity, acceleration, jerk, jerk_sliding, smooth_acceleration
---> Please install CVXPY to use these methods.
---> Recommended to also install MOSEK and obtain a MOSEK license.
You can still use: total_variation_regularization.iterative_velocity

2025-10-21 11:05:16,145 [INFO] 
Limited Linear Model Support Detected! 
---> PYCHEBFUN is not installed. 
---> Install pychebfun to use chebfun derivatives (https://github.com/pychebfun/pychebfun/) 
You can still use other methods 

2025-10-21 11:05:16,145 [INFO] 
Limited Linear Model Support Detected! 
---> CVXPY is not installed. 
---> Install CVXPY to use lineardiff derivatives 
You can still use other methods 

2025-10-21 11:05:43,998 [INFO] 
Limited Total Variation Regularization Support Detected! 
---> CVXPY is not installed. 
---> Many Total Variation Methods require CVXPY including: 
---> velocity, acceleration, jerk, jerk_sliding, smooth_acceleration
---> Please install CVXPY to use these methods.
---> Recommended to also install MOSEK and obtain a MOSEK license.
You can still use: total_variation_regularization.iterative_velocity

2025-10-21 11:05:43,999 [INFO] 
Limited Linear Model Support Detected! 
---> PYCHEBFUN is not installed. 
---> Install pychebfun to use chebfun derivatives (https://github.com/pychebfun/pychebfun/) 
You can still use other methods 

2025-10-21 11:05:43,999 [INFO] 
Limited Linear Model Support Detected! 
---> CVXPY is not installed. 
---> Install CVXPY to use lineardiff derivatives 
You can still use other methods 

2025-10-21 11:06:15,458 [INFO] 
Limited Total Variation Regularization Support Detected! 
---> CVXPY is not installed. 
---> Many Total Variation Methods require CVXPY including: 
---> velocity, acceleration, jerk, jerk_sliding, smooth_acceleration
---> Please install CVXPY to use these methods.
---> Recommended to also install MOSEK and obtain a MOSEK license.
You can still use: total_variation_regularization.iterative_velocity

2025-10-21 11:06:15,459 [INFO] 
Limited Linear Model Support Detected! 
---> PYCHEBFUN is not installed. 
---> Install pychebfun to use chebfun derivatives (https://github.com/pychebfun/pychebfun/) 
You can still use other methods 

2025-10-21 11:06:15,459 [INFO] 
Limited Linear Model Support Detected! 
---> CVXPY is not installed. 
---> Install CVXPY to use lineardiff derivatives 
You can still use other methods 

2025-10-21 11:07:10,284 [INFO] 
Limited Total Variation Regularization Support Detected! 
---> CVXPY is not installed. 
---> Many Total Variation Methods require CVXPY including: 
---> velocity, acceleration, jerk, jerk_sliding, smooth_acceleration
---> Please install CVXPY to use these methods.
---> Recommended to also install MOSEK and obtain a MOSEK license.
You can still use: total_variation_regularization.iterative_velocity

2025-10-21 11:07:10,285 [INFO] 
Limited Linear Model Support Detected! 
---> PYCHEBFUN is not installed. 
---> Install pychebfun to use chebfun derivatives (https://github.com/pychebfun/pychebfun/) 
You can still use other methods 

2025-10-21 11:07:10,285 [INFO] 
Limited Linear Model Support Detected! 
---> CVXPY is not installed. 
---> Install CVXPY to use lineardiff derivatives 
You can still use other methods 

2025-10-21 11:07:30,349 [INFO] 
Limited Total Variation Regularization Support Detected! 
---> CVXPY is not installed. 
---> Many Total Variation Methods require CVXPY including: 
---> velocity, acceleration, jerk, jerk_sliding, smooth_acceleration
---> Please install CVXPY to use these methods.
---> Recommended to also install MOSEK and obtain a MOSEK license.
You can still use: total_variation_regularization.iterative_velocity

2025-10-21 11:07:30,350 [INFO] 
Limited Linear Model Support Detected! 
---> PYCHEBFUN is not installed. 
---> Install pychebfun to use chebfun derivatives (https://github.com/pychebfun/pychebfun/) 
You can still use other methods 

2025-10-21 11:07:30,350 [INFO] 
Limited Linear Model Support Detected! 
---> CVXPY is not installed. 
---> Install CVXPY to use lineardiff derivatives 
You can still use other methods 

2025-10-21 11:07:57,599 [INFO] 
Limited Total Variation Regularization Support Detected! 
---> CVXPY is not installed. 
---> Many Total Variation Methods require CVXPY including: 
---> velocity, acceleration, jerk, jerk_sliding, smooth_acceleration
---> Please install CVXPY to use these methods.
---> Recommended to also install MOSEK and obtain a MOSEK license.
You can still use: total_variation_regularization.iterative_velocity

2025-10-21 11:07:57,599 [INFO] 
Limited Linear Model Support Detected! 
---> PYCHEBFUN is not installed. 
---> Install pychebfun to use chebfun derivatives (https://github.com/pychebfun/pychebfun/) 
You can still use other methods 

2025-10-21 11:07:57,599 [INFO] 
Limited Linear Model Support Detected! 
---> CVXPY is not installed. 
---> Install CVXPY to use lineardiff derivatives 
You can still use other methods 

2025-10-21 11:10:42,336 [INFO] 
Limited Total Variation Regularization Support Detected! 
---> CVXPY is not installed. 
---> Many Total Variation Methods require CVXPY including: 
---> velocity, acceleration, jerk, jerk_sliding, smooth_acceleration
---> Please install CVXPY to use these methods.
---> Recommended to also install MOSEK and obtain a MOSEK license.
You can still use: total_variation_regularization.iterative_velocity

2025-10-21 11:10:42,337 [INFO] 
Limited Linear Model Support Detected! 
---> PYCHEBFUN is not installed. 
---> Install pychebfun to use chebfun derivatives (https://github.com/pychebfun/pychebfun/) 
You can still use other methods 

2025-10-21 11:10:42,337 [INFO] 
Limited Linear Model Support Detected! 
---> CVXPY is not installed. 
---> Install CVXPY to use lineardiff derivatives 
You can still use other methods 

2025-10-21 11:10:53,378 [INFO] 
Limited Total Variation Regularization Support Detected! 
---> CVXPY is not installed. 
---> Many Total Variation Methods require CVXPY including: 
---> velocity, acceleration, jerk, jerk_sliding, smooth_acceleration
---> Please install CVXPY to use these methods.
---> Recommended to also install MOSEK and obtain a MOSEK license.
You can still use: total_variation_regularization.iterative_velocity

2025-10-21 11:10:53,379 [INFO] 
Limited Linear Model Support Detected! 
---> PYCHEBFUN is not installed. 
---> Install pychebfun to use chebfun derivatives (https://github.com/pychebfun/pychebfun/) 
You can still use other methods 

2025-10-21 11:10:53,379 [INFO] 
Limited Linear Model Support Detected! 
---> CVXPY is not installed. 
---> Install CVXPY to use lineardiff derivatives 
You can still use other methods 

2025-10-21 11:11:03,525 [INFO] 
Limited Total Variation Regularization Support Detected! 
---> CVXPY is not installed. 
---> Many Total Variation Methods require CVXPY including: 
---> velocity, acceleration, jerk, jerk_sliding, smooth_acceleration
---> Please install CVXPY to use these methods.
---> Recommended to also install MOSEK and obtain a MOSEK license.
You can still use: total_variation_regularization.iterative_velocity

2025-10-21 11:11:03,526 [INFO] 
Limited Linear Model Support Detected! 
---> PYCHEBFUN is not installed. 
---> Install pychebfun to use chebfun derivatives (https://github.com/pychebfun/pychebfun/) 
You can still use other methods 

2025-10-21 11:11:03,526 [INFO] 
Limited Linear Model Support Detected! 
---> CVXPY is not installed. 
---> Install CVXPY to use lineardiff derivatives 
You can still use other methods 

2025-10-21 11:14:54,510 [INFO] 
Limited Total Variation Regularization Support Detected! 
---> CVXPY is not installed. 
---> Many Total Variation Methods require CVXPY including: 
---> velocity, acceleration, jerk, jerk_sliding, smooth_acceleration
---> Please install CVXPY to use these methods.
---> Recommended to also install MOSEK and obtain a MOSEK license.
You can still use: total_variation_regularization.iterative_velocity

2025-10-21 11:14:54,511 [INFO] 
Limited Linear Model Support Detected! 
---> PYCHEBFUN is not installed. 
---> Install pychebfun to use chebfun derivatives (https://github.com/pychebfun/pychebfun/) 
You can still use other methods 

2025-10-21 11:14:54,511 [INFO] 
Limited Linear Model Support Detected! 
---> CVXPY is not installed. 
---> Install CVXPY to use lineardiff derivatives 
You can still use other methods 

2025-10-21 11:15:55,774 [INFO] 
Limited Total Variation Regularization Support Detected! 
---> CVXPY is not installed. 
---> Many Total Variation Methods require CVXPY including: 
---> velocity, acceleration, jerk, jerk_sliding, smooth_acceleration
---> Please install CVXPY to use these methods.
---> Recommended to also install MOSEK and obtain a MOSEK license.
You can still use: total_variation_regularization.iterative_velocity

2025-10-21 11:15:55,774 [INFO] 
Limited Linear Model Support Detected! 
---> PYCHEBFUN is not installed. 
---> Install pychebfun to use chebfun derivatives (https://github.com/pychebfun/pychebfun/) 
You can still use other methods 

2025-10-21 11:15:55,774 [INFO] 
Limited Linear Model Support Detected! 
---> CVXPY is not installed. 
---> Install CVXPY to use lineardiff derivatives 
You can still use other methods 

2025-10-21 11:16:11,742 [INFO] 
Limited Total Variation Regularization Support Detected! 
---> CVXPY is not installed. 
---> Many Total Variation Methods require CVXPY including: 
---> velocity, acceleration, jerk, jerk_sliding, smooth_acceleration
---> Please install CVXPY to use these methods.
---> Recommended to also install MOSEK and obtain a MOSEK license.
You can still use: total_variation_regularization.iterative_velocity

2025-10-21 11:16:11,743 [INFO] 
Limited Linear Model Support Detected! 
---> PYCHEBFUN is not installed. 
---> Install pychebfun to use chebfun derivatives (https://github.com/pychebfun/pychebfun/) 
You can still use other methods 

2025-10-21 11:16:11,743 [INFO] 
Limited Linear Model Support Detected! 
---> CVXPY is not installed. 
---> Install CVXPY to use lineardiff derivatives 
You can still use other methods 

2025-10-21 11:17:46,251 [INFO] 
Limited Total Variation Regularization Support Detected! 
---> CVXPY is not installed. 
---> Many Total Variation Methods require CVXPY including: 
---> velocity, acceleration, jerk, jerk_sliding, smooth_acceleration
---> Please install CVXPY to use these methods.
---> Recommended to also install MOSEK and obtain a MOSEK license.
You can still use: total_variation_regularization.iterative_velocity

2025-10-21 11:17:46,252 [INFO] 
Limited Linear Model Support Detected! 
---> PYCHEBFUN is not installed. 
---> Install pychebfun to use chebfun derivatives (https://github.com/pychebfun/pychebfun/) 
You can still use other methods 

2025-10-21 11:17:46,252 [INFO] 
Limited Linear Model Support Detected! 
---> CVXPY is not installed. 
---> Install CVXPY to use lineardiff derivatives 
You can still use other methods 

2025-10-21 11:18:09,805 [INFO] 
Limited Total Variation Regularization Support Detected! 
---> CVXPY is not installed. 
---> Many Total Variation Methods require CVXPY including: 
---> velocity, acceleration, jerk, jerk_sliding, smooth_acceleration
---> Please install CVXPY to use these methods.
---> Recommended to also install MOSEK and obtain a MOSEK license.
You can still use: total_variation_regularization.iterative_velocity

2025-10-21 11:18:09,805 [INFO] 
Limited Linear Model Support Detected! 
---> PYCHEBFUN is not installed. 
---> Install pychebfun to use chebfun derivatives (https://github.com/pychebfun/pychebfun/) 
You can still use other methods 

2025-10-21 11:18:09,806 [INFO] 
Limited Linear Model Support Detected! 
---> CVXPY is not installed. 
---> Install CVXPY to use lineardiff derivatives 
You can still use other methods 

2025-10-21 11:27:10,972 [INFO] 
Limited Total Variation Regularization Support Detected! 
---> CVXPY is not installed. 
---> Many Total Variation Methods require CVXPY including: 
---> velocity, acceleration, jerk, jerk_sliding, smooth_acceleration
---> Please install CVXPY to use these methods.
---> Recommended to also install MOSEK and obtain a MOSEK license.
You can still use: total_variation_regularization.iterative_velocity

2025-10-21 11:27:10,973 [INFO] 
Limited Linear Model Support Detected! 
---> PYCHEBFUN is not installed. 
---> Install pychebfun to use chebfun derivatives (https://github.com/pychebfun/pychebfun/) 
You can still use other methods 

2025-10-21 11:27:10,973 [INFO] 
Limited Linear Model Support Detected! 
---> CVXPY is not installed. 
---> Install CVXPY to use lineardiff derivatives 
You can still use other methods 

2025-10-21 11:28:25,674 [INFO] 
Limited Total Variation Regularization Support Detected! 
---> CVXPY is not installed. 
---> Many Total Variation Methods require CVXPY including: 
---> velocity, acceleration, jerk, jerk_sliding, smooth_acceleration
---> Please install CVXPY to use these methods.
---> Recommended to also install MOSEK and obtain a MOSEK license.
You can still use: total_variation_regularization.iterative_velocity

2025-10-21 11:28:25,674 [INFO] 
Limited Linear Model Support Detected! 
---> PYCHEBFUN is not installed. 
---> Install pychebfun to use chebfun derivatives (https://github.com/pychebfun/pychebfun/) 
You can still use other methods 

2025-10-21 11:28:25,674 [INFO] 
Limited Linear Model Support Detected! 
---> CVXPY is not installed. 
---> Install CVXPY to use lineardiff derivatives 
You can still use other methods 

2025-10-21 11:28:35,430 [INFO] 
Limited Total Variation Regularization Support Detected! 
---> CVXPY is not installed. 
---> Many Total Variation Methods require CVXPY including: 
---> velocity, acceleration, jerk, jerk_sliding, smooth_acceleration
---> Please install CVXPY to use these methods.
---> Recommended to also install MOSEK and obtain a MOSEK license.
You can still use: total_variation_regularization.iterative_velocity

2025-10-21 11:28:35,431 [INFO] 
Limited Linear Model Support Detected! 
---> PYCHEBFUN is not installed. 
---> Install pychebfun to use chebfun derivatives (https://github.com/pychebfun/pychebfun/) 
You can still use other methods 

2025-10-21 11:28:35,431 [INFO] 
Limited Linear Model Support Detected! 
---> CVXPY is not installed. 
---> Install CVXPY to use lineardiff derivatives 
You can still use other methods 

2025-10-21 11:29:01,677 [INFO] 
Limited Total Variation Regularization Support Detected! 
---> CVXPY is not installed. 
---> Many Total Variation Methods require CVXPY including: 
---> velocity, acceleration, jerk, jerk_sliding, smooth_acceleration
---> Please install CVXPY to use these methods.
---> Recommended to also install MOSEK and obtain a MOSEK license.
You can still use: total_variation_regularization.iterative_velocity

2025-10-21 11:29:01,678 [INFO] 
Limited Linear Model Support Detected! 
---> PYCHEBFUN is not installed. 
---> Install pychebfun to use chebfun derivatives (https://github.com/pychebfun/pychebfun/) 
You can still use other methods 

2025-10-21 11:29:01,678 [INFO] 
Limited Linear Model Support Detected! 
---> CVXPY is not installed. 
---> Install CVXPY to use lineardiff derivatives 
You can still use other methods 

2025-10-21 11:29:14,164 [INFO] 
Limited Total Variation Regularization Support Detected! 
---> CVXPY is not installed. 
---> Many Total Variation Methods require CVXPY including: 
---> velocity, acceleration, jerk, jerk_sliding, smooth_acceleration
---> Please install CVXPY to use these methods.
---> Recommended to also install MOSEK and obtain a MOSEK license.
You can still use: total_variation_regularization.iterative_velocity

2025-10-21 11:29:14,164 [INFO] 
Limited Linear Model Support Detected! 
---> PYCHEBFUN is not installed. 
---> Install pychebfun to use chebfun derivatives (https://github.com/pychebfun/pychebfun/) 
You can still use other methods 

2025-10-21 11:29:14,165 [INFO] 
Limited Linear Model Support Detected! 
---> CVXPY is not installed. 
---> Install CVXPY to use lineardiff derivatives 
You can still use other methods 

2025-10-21 11:29:52,341 [INFO] 
Limited Total Variation Regularization Support Detected! 
---> CVXPY is not installed. 
---> Many Total Variation Methods require CVXPY including: 
---> velocity, acceleration, jerk, jerk_sliding, smooth_acceleration
---> Please install CVXPY to use these methods.
---> Recommended to also install MOSEK and obtain a MOSEK license.
You can still use: total_variation_regularization.iterative_velocity

2025-10-21 11:29:52,341 [INFO] 
Limited Linear Model Support Detected! 
---> PYCHEBFUN is not installed. 
---> Install pychebfun to use chebfun derivatives (https://github.com/pychebfun/pychebfun/) 
You can still use other methods 

2025-10-21 11:29:52,341 [INFO] 
Limited Linear Model Support Detected! 
---> CVXPY is not installed. 
---> Install CVXPY to use lineardiff derivatives 
You can still use other methods 

2025-10-21 11:31:53,105 [INFO] 
Limited Total Variation Regularization Support Detected! 
---> CVXPY is not installed. 
---> Many Total Variation Methods require CVXPY including: 
---> velocity, acceleration, jerk, jerk_sliding, smooth_acceleration
---> Please install CVXPY to use these methods.
---> Recommended to also install MOSEK and obtain a MOSEK license.
You can still use: total_variation_regularization.iterative_velocity

2025-10-21 11:31:53,106 [INFO] 
Limited Linear Model Support Detected! 
---> PYCHEBFUN is not installed. 
---> Install pychebfun to use chebfun derivatives (https://github.com/pychebfun/pychebfun/) 
You can still use other methods 

2025-10-21 11:31:53,106 [INFO] 
Limited Linear Model Support Detected! 
---> CVXPY is not installed. 
---> Install CVXPY to use lineardiff derivatives 
You can still use other methods 

2025-10-21 11:32:20,631 [INFO] 
Limited Total Variation Regularization Support Detected! 
---> CVXPY is not installed. 
---> Many Total Variation Methods require CVXPY including: 
---> velocity, acceleration, jerk, jerk_sliding, smooth_acceleration
---> Please install CVXPY to use these methods.
---> Recommended to also install MOSEK and obtain a MOSEK license.
You can still use: total_variation_regularization.iterative_velocity

2025-10-21 11:32:20,632 [INFO] 
Limited Linear Model Support Detected! 
---> PYCHEBFUN is not installed. 
---> Install pychebfun to use chebfun derivatives (https://github.com/pychebfun/pychebfun/) 
You can still use other methods 

2025-10-21 11:32:20,632 [INFO] 
Limited Linear Model Support Detected! 
---> CVXPY is not installed. 
---> Install CVXPY to use lineardiff derivatives 
You can still use other methods 

2025-10-21 11:32:37,134 [INFO] 
Limited Total Variation Regularization Support Detected! 
---> CVXPY is not installed. 
---> Many Total Variation Methods require CVXPY including: 
---> velocity, acceleration, jerk, jerk_sliding, smooth_acceleration
---> Please install CVXPY to use these methods.
---> Recommended to also install MOSEK and obtain a MOSEK license.
You can still use: total_variation_regularization.iterative_velocity

2025-10-21 11:32:37,135 [INFO] 
Limited Linear Model Support Detected! 
---> PYCHEBFUN is not installed. 
---> Install pychebfun to use chebfun derivatives (https://github.com/pychebfun/pychebfun/) 
You can still use other methods 

2025-10-21 11:32:37,135 [INFO] 
Limited Linear Model Support Detected! 
---> CVXPY is not installed. 
---> Install CVXPY to use lineardiff derivatives 
You can still use other methods 

2025-10-21 11:36:05,094 [INFO] 
Limited Total Variation Regularization Support Detected! 
---> CVXPY is not installed. 
---> Many Total Variation Methods require CVXPY including: 
---> velocity, acceleration, jerk, jerk_sliding, smooth_acceleration
---> Please install CVXPY to use these methods.
---> Recommended to also install MOSEK and obtain a MOSEK license.
You can still use: total_variation_regularization.iterative_velocity

2025-10-21 11:36:05,095 [INFO] 
Limited Linear Model Support Detected! 
---> PYCHEBFUN is not installed. 
---> Install pychebfun to use chebfun derivatives (https://github.com/pychebfun/pychebfun/) 
You can still use other methods 

2025-10-21 11:36:05,095 [INFO] 
Limited Linear Model Support Detected! 
---> CVXPY is not installed. 
---> Install CVXPY to use lineardiff derivatives 
You can still use other methods 

2025-10-21 11:39:19,290 [INFO] 
Limited Total Variation Regularization Support Detected! 
---> CVXPY is not installed. 
---> Many Total Variation Methods require CVXPY including: 
---> velocity, acceleration, jerk, jerk_sliding, smooth_acceleration
---> Please install CVXPY to use these methods.
---> Recommended to also install MOSEK and obtain a MOSEK license.
You can still use: total_variation_regularization.iterative_velocity

2025-10-21 11:39:19,290 [INFO] 
Limited Linear Model Support Detected! 
---> PYCHEBFUN is not installed. 
---> Install pychebfun to use chebfun derivatives (https://github.com/pychebfun/pychebfun/) 
You can still use other methods 

2025-10-21 11:39:19,290 [INFO] 
Limited Linear Model Support Detected! 
---> CVXPY is not installed. 
---> Install CVXPY to use lineardiff derivatives 
You can still use other methods 

2025-10-21 11:44:02,504 [INFO] 
Limited Total Variation Regularization Support Detected! 
---> CVXPY is not installed. 
---> Many Total Variation Methods require CVXPY including: 
---> velocity, acceleration, jerk, jerk_sliding, smooth_acceleration
---> Please install CVXPY to use these methods.
---> Recommended to also install MOSEK and obtain a MOSEK license.
You can still use: total_variation_regularization.iterative_velocity

2025-10-21 11:44:02,504 [INFO] 
Limited Linear Model Support Detected! 
---> PYCHEBFUN is not installed. 
---> Install pychebfun to use chebfun derivatives (https://github.com/pychebfun/pychebfun/) 
You can still use other methods 

2025-10-21 11:44:02,504 [INFO] 
Limited Linear Model Support Detected! 
---> CVXPY is not installed. 
---> Install CVXPY to use lineardiff derivatives 
You can still use other methods 

2025-10-21 11:44:17,427 [INFO] 
Limited Total Variation Regularization Support Detected! 
---> CVXPY is not installed. 
---> Many Total Variation Methods require CVXPY including: 
---> velocity, acceleration, jerk, jerk_sliding, smooth_acceleration
---> Please install CVXPY to use these methods.
---> Recommended to also install MOSEK and obtain a MOSEK license.
You can still use: total_variation_regularization.iterative_velocity

2025-10-21 11:44:17,427 [INFO] 
Limited Linear Model Support Detected! 
---> PYCHEBFUN is not installed. 
---> Install pychebfun to use chebfun derivatives (https://github.com/pychebfun/pychebfun/) 
You can still use other methods 

2025-10-21 11:44:17,427 [INFO] 
Limited Linear Model Support Detected! 
---> CVXPY is not installed. 
---> Install CVXPY to use lineardiff derivatives 
You can still use other methods 

2025-10-21 11:44:58,190 [INFO] 
Limited Total Variation Regularization Support Detected! 
---> CVXPY is not installed. 
---> Many Total Variation Methods require CVXPY including: 
---> velocity, acceleration, jerk, jerk_sliding, smooth_acceleration
---> Please install CVXPY to use these methods.
---> Recommended to also install MOSEK and obtain a MOSEK license.
You can still use: total_variation_regularization.iterative_velocity

2025-10-21 11:44:58,191 [INFO] 
Limited Linear Model Support Detected! 
---> PYCHEBFUN is not installed. 
---> Install pychebfun to use chebfun derivatives (https://github.com/pychebfun/pychebfun/) 
You can still use other methods 

2025-10-21 11:44:58,191 [INFO] 
Limited Linear Model Support Detected! 
---> CVXPY is not installed. 
---> Install CVXPY to use lineardiff derivatives 
You can still use other methods 

2025-10-21 11:48:49,020 [INFO] 
Limited Total Variation Regularization Support Detected! 
---> CVXPY is not installed. 
---> Many Total Variation Methods require CVXPY including: 
---> velocity, acceleration, jerk, jerk_sliding, smooth_acceleration
---> Please install CVXPY to use these methods.
---> Recommended to also install MOSEK and obtain a MOSEK license.
You can still use: total_variation_regularization.iterative_velocity

2025-10-21 11:48:49,021 [INFO] 
Limited Linear Model Support Detected! 
---> PYCHEBFUN is not installed. 
---> Install pychebfun to use chebfun derivatives (https://github.com/pychebfun/pychebfun/) 
You can still use other methods 

2025-10-21 11:48:49,021 [INFO] 
Limited Linear Model Support Detected! 
---> CVXPY is not installed. 
---> Install CVXPY to use lineardiff derivatives 
You can still use other methods 

2025-10-21 11:49:48,053 [INFO] 
Limited Total Variation Regularization Support Detected! 
---> CVXPY is not installed. 
---> Many Total Variation Methods require CVXPY including: 
---> velocity, acceleration, jerk, jerk_sliding, smooth_acceleration
---> Please install CVXPY to use these methods.
---> Recommended to also install MOSEK and obtain a MOSEK license.
You can still use: total_variation_regularization.iterative_velocity

2025-10-21 11:49:48,054 [INFO] 
Limited Linear Model Support Detected! 
---> PYCHEBFUN is not installed. 
---> Install pychebfun to use chebfun derivatives (https://github.com/pychebfun/pychebfun/) 
You can still use other methods 

2025-10-21 11:49:48,054 [INFO] 
Limited Linear Model Support Detected! 
---> CVXPY is not installed. 
---> Install CVXPY to use lineardiff derivatives 
You can still use other methods 

2025-10-21 11:54:26,395 [INFO] 
Limited Total Variation Regularization Support Detected! 
---> CVXPY is not installed. 
---> Many Total Variation Methods require CVXPY including: 
---> velocity, acceleration, jerk, jerk_sliding, smooth_acceleration
---> Please install CVXPY to use these methods.
---> Recommended to also install MOSEK and obtain a MOSEK license.
You can still use: total_variation_regularization.iterative_velocity

2025-10-21 11:54:26,396 [INFO] 
Limited Linear Model Support Detected! 
---> PYCHEBFUN is not installed. 
---> Install pychebfun to use chebfun derivatives (https://github.com/pychebfun/pychebfun/) 
You can still use other methods 

2025-10-21 11:54:26,396 [INFO] 
Limited Linear Model Support Detected! 
---> CVXPY is not installed. 
---> Install CVXPY to use lineardiff derivatives 
You can still use other methods 

2025-10-21 11:59:36,217 [INFO] 
Limited Total Variation Regularization Support Detected! 
---> CVXPY is not installed. 
---> Many Total Variation Methods require CVXPY including: 
---> velocity, acceleration, jerk, jerk_sliding, smooth_acceleration
---> Please install CVXPY to use these methods.
---> Recommended to also install MOSEK and obtain a MOSEK license.
You can still use: total_variation_regularization.iterative_velocity

2025-10-21 11:59:36,218 [INFO] 
Limited Linear Model Support Detected! 
---> PYCHEBFUN is not installed. 
---> Install pychebfun to use chebfun derivatives (https://github.com/pychebfun/pychebfun/) 
You can still use other methods 

2025-10-21 11:59:36,218 [INFO] 
Limited Linear Model Support Detected! 
---> CVXPY is not installed. 
---> Install CVXPY to use lineardiff derivatives 
You can still use other methods 

2025-10-21 12:02:14,061 [INFO] 
Limited Total Variation Regularization Support Detected! 
---> CVXPY is not installed. 
---> Many Total Variation Methods require CVXPY including: 
---> velocity, acceleration, jerk, jerk_sliding, smooth_acceleration
---> Please install CVXPY to use these methods.
---> Recommended to also install MOSEK and obtain a MOSEK license.
You can still use: total_variation_regularization.iterative_velocity

2025-10-21 12:02:14,062 [INFO] 
Limited Linear Model Support Detected! 
---> PYCHEBFUN is not installed. 
---> Install pychebfun to use chebfun derivatives (https://github.com/pychebfun/pychebfun/) 
You can still use other methods 

2025-10-21 12:02:14,062 [INFO] 
Limited Linear Model Support Detected! 
---> CVXPY is not installed. 
---> Install CVXPY to use lineardiff derivatives 
You can still use other methods 

2025-10-21 12:06:45,610 [INFO] 
Limited Total Variation Regularization Support Detected! 
---> CVXPY is not installed. 
---> Many Total Variation Methods require CVXPY including: 
---> velocity, acceleration, jerk, jerk_sliding, smooth_acceleration
---> Please install CVXPY to use these methods.
---> Recommended to also install MOSEK and obtain a MOSEK license.
You can still use: total_variation_regularization.iterative_velocity

2025-10-21 12:06:45,611 [INFO] 
Limited Linear Model Support Detected! 
---> PYCHEBFUN is not installed. 
---> Install pychebfun to use chebfun derivatives (https://github.com/pychebfun/pychebfun/) 
You can still use other methods 

2025-10-21 12:06:45,611 [INFO] 
Limited Linear Model Support Detected! 
---> CVXPY is not installed. 
---> Install CVXPY to use lineardiff derivatives 
You can still use other methods 

2025-10-21 12:23:17,506 [INFO] 
Limited Total Variation Regularization Support Detected! 
---> CVXPY is not installed. 
---> Many Total Variation Methods require CVXPY including: 
---> velocity, acceleration, jerk, jerk_sliding, smooth_acceleration
---> Please install CVXPY to use these methods.
---> Recommended to also install MOSEK and obtain a MOSEK license.
You can still use: total_variation_regularization.iterative_velocity

2025-10-21 12:23:17,507 [INFO] 
Limited Linear Model Support Detected! 
---> PYCHEBFUN is not installed. 
---> Install pychebfun to use chebfun derivatives (https://github.com/pychebfun/pychebfun/) 
You can still use other methods 

2025-10-21 12:23:17,507 [INFO] 
Limited Linear Model Support Detected! 
---> CVXPY is not installed. 
---> Install CVXPY to use lineardiff derivatives 
You can still use other methods 

2025-10-21 12:40:35,206 [INFO] 
Limited Total Variation Regularization Support Detected! 
---> CVXPY is not installed. 
---> Many Total Variation Methods require CVXPY including: 
---> velocity, acceleration, jerk, jerk_sliding, smooth_acceleration
---> Please install CVXPY to use these methods.
---> Recommended to also install MOSEK and obtain a MOSEK license.
You can still use: total_variation_regularization.iterative_velocity

2025-10-21 12:40:35,206 [INFO] 
Limited Linear Model Support Detected! 
---> PYCHEBFUN is not installed. 
---> Install pychebfun to use chebfun derivatives (https://github.com/pychebfun/pychebfun/) 
You can still use other methods 

2025-10-21 12:40:35,206 [INFO] 
Limited Linear Model Support Detected! 
---> CVXPY is not installed. 
---> Install CVXPY to use lineardiff derivatives 
You can still use other methods 

2025-10-21 12:58:30,159 [INFO] 
Limited Total Variation Regularization Support Detected! 
---> CVXPY is not installed. 
---> Many Total Variation Methods require CVXPY including: 
---> velocity, acceleration, jerk, jerk_sliding, smooth_acceleration
---> Please install CVXPY to use these methods.
---> Recommended to also install MOSEK and obtain a MOSEK license.
You can still use: total_variation_regularization.iterative_velocity

2025-10-21 12:58:30,160 [INFO] 
Limited Linear Model Support Detected! 
---> PYCHEBFUN is not installed. 
---> Install pychebfun to use chebfun derivatives (https://github.com/pychebfun/pychebfun/) 
You can still use other methods 

2025-10-21 12:58:30,160 [INFO] 
Limited Linear Model Support Detected! 
---> CVXPY is not installed. 
---> Install CVXPY to use lineardiff derivatives 
You can still use other methods 

2025-10-21 16:54:51,587 [INFO] 
Limited Total Variation Regularization Support Detected! 
---> CVXPY is not installed. 
---> Many Total Variation Methods require CVXPY including: 
---> velocity, acceleration, jerk, jerk_sliding, smooth_acceleration
---> Please install CVXPY to use these methods.
---> Recommended to also install MOSEK and obtain a MOSEK license.
You can still use: total_variation_regularization.iterative_velocity

2025-10-21 16:54:51,589 [INFO] 
Limited Linear Model Support Detected! 
---> PYCHEBFUN is not installed. 
---> Install pychebfun to use chebfun derivatives (https://github.com/pychebfun/pychebfun/) 
You can still use other methods 

2025-10-21 16:54:51,589 [INFO] 
Limited Linear Model Support Detected! 
---> CVXPY is not installed. 
---> Install CVXPY to use lineardiff derivatives 
You can still use other methods 

2025-10-21 17:00:12,380 [INFO] 
Limited Total Variation Regularization Support Detected! 
---> CVXPY is not installed. 
---> Many Total Variation Methods require CVXPY including: 
---> velocity, acceleration, jerk, jerk_sliding, smooth_acceleration
---> Please install CVXPY to use these methods.
---> Recommended to also install MOSEK and obtain a MOSEK license.
You can still use: total_variation_regularization.iterative_velocity

2025-10-21 17:00:12,381 [INFO] 
Limited Linear Model Support Detected! 
---> PYCHEBFUN is not installed. 
---> Install pychebfun to use chebfun derivatives (https://github.com/pychebfun/pychebfun/) 
You can still use other methods 

2025-10-21 17:00:12,381 [INFO] 
Limited Linear Model Support Detected! 
---> CVXPY is not installed. 
---> Install CVXPY to use lineardiff derivatives 
You can still use other methods 

2025-10-21 17:00:17,108 [INFO] 
Limited Total Variation Regularization Support Detected! 
---> CVXPY is not installed. 
---> Many Total Variation Methods require CVXPY including: 
---> velocity, acceleration, jerk, jerk_sliding, smooth_acceleration
---> Please install CVXPY to use these methods.
---> Recommended to also install MOSEK and obtain a MOSEK license.
You can still use: total_variation_regularization.iterative_velocity

2025-10-21 17:00:17,109 [INFO] 
Limited Linear Model Support Detected! 
---> PYCHEBFUN is not installed. 
---> Install pychebfun to use chebfun derivatives (https://github.com/pychebfun/pychebfun/) 
You can still use other methods 

2025-10-21 17:00:17,109 [INFO] 
Limited Linear Model Support Detected! 
---> CVXPY is not installed. 
---> Install CVXPY to use lineardiff derivatives 
You can still use other methods 

2025-10-21 17:01:10,430 [INFO] 
Limited Total Variation Regularization Support Detected! 
---> CVXPY is not installed. 
---> Many Total Variation Methods require CVXPY including: 
---> velocity, acceleration, jerk, jerk_sliding, smooth_acceleration
---> Please install CVXPY to use these methods.
---> Recommended to also install MOSEK and obtain a MOSEK license.
You can still use: total_variation_regularization.iterative_velocity

2025-10-21 17:01:10,430 [INFO] 
Limited Linear Model Support Detected! 
---> PYCHEBFUN is not installed. 
---> Install pychebfun to use chebfun derivatives (https://github.com/pychebfun/pychebfun/) 
You can still use other methods 

2025-10-21 17:01:10,431 [INFO] 
Limited Linear Model Support Detected! 
---> CVXPY is not installed. 
---> Install CVXPY to use lineardiff derivatives 
You can still use other methods 

2025-10-21 17:02:56,503 [INFO] 
Limited Total Variation Regularization Support Detected! 
---> CVXPY is not installed. 
---> Many Total Variation Methods require CVXPY including: 
---> velocity, acceleration, jerk, jerk_sliding, smooth_acceleration
---> Please install CVXPY to use these methods.
---> Recommended to also install MOSEK and obtain a MOSEK license.
You can still use: total_variation_regularization.iterative_velocity

2025-10-21 17:02:56,504 [INFO] 
Limited Linear Model Support Detected! 
---> PYCHEBFUN is not installed. 
---> Install pychebfun to use chebfun derivatives (https://github.com/pychebfun/pychebfun/) 
You can still use other methods 

2025-10-21 17:02:56,504 [INFO] 
Limited Linear Model Support Detected! 
---> CVXPY is not installed. 
---> Install CVXPY to use lineardiff derivatives 
You can still use other methods 

2025-10-21 17:42:55,063 [INFO] 
Limited Total Variation Regularization Support Detected! 
---> CVXPY is not installed. 
---> Many Total Variation Methods require CVXPY including: 
---> velocity, acceleration, jerk, jerk_sliding, smooth_acceleration
---> Please install CVXPY to use these methods.
---> Recommended to also install MOSEK and obtain a MOSEK license.
You can still use: total_variation_regularization.iterative_velocity

2025-10-21 17:42:55,063 [INFO] 
Limited Linear Model Support Detected! 
---> PYCHEBFUN is not installed. 
---> Install pychebfun to use chebfun derivatives (https://github.com/pychebfun/pychebfun/) 
You can still use other methods 

2025-10-21 17:42:55,063 [INFO] 
Limited Linear Model Support Detected! 
---> CVXPY is not installed. 
---> Install CVXPY to use lineardiff derivatives 
You can still use other methods 

2025-10-21 17:43:40,636 [INFO] 
Limited Total Variation Regularization Support Detected! 
---> CVXPY is not installed. 
---> Many Total Variation Methods require CVXPY including: 
---> velocity, acceleration, jerk, jerk_sliding, smooth_acceleration
---> Please install CVXPY to use these methods.
---> Recommended to also install MOSEK and obtain a MOSEK license.
You can still use: total_variation_regularization.iterative_velocity

2025-10-21 17:43:40,636 [INFO] 
Limited Linear Model Support Detected! 
---> PYCHEBFUN is not installed. 
---> Install pychebfun to use chebfun derivatives (https://github.com/pychebfun/pychebfun/) 
You can still use other methods 

2025-10-21 17:43:40,636 [INFO] 
Limited Linear Model Support Detected! 
---> CVXPY is not installed. 
---> Install CVXPY to use lineardiff derivatives 
You can still use other methods 

2025-10-21 17:44:03,341 [INFO] 
Limited Total Variation Regularization Support Detected! 
---> CVXPY is not installed. 
---> Many Total Variation Methods require CVXPY including: 
---> velocity, acceleration, jerk, jerk_sliding, smooth_acceleration
---> Please install CVXPY to use these methods.
---> Recommended to also install MOSEK and obtain a MOSEK license.
You can still use: total_variation_regularization.iterative_velocity

2025-10-21 17:44:03,341 [INFO] 
Limited Linear Model Support Detected! 
---> PYCHEBFUN is not installed. 
---> Install pychebfun to use chebfun derivatives (https://github.com/pychebfun/pychebfun/) 
You can still use other methods 

2025-10-21 17:44:03,342 [INFO] 
Limited Linear Model Support Detected! 
---> CVXPY is not installed. 
---> Install CVXPY to use lineardiff derivatives 
You can still use other methods 

2025-10-21 17:44:43,304 [INFO] 
Limited Total Variation Regularization Support Detected! 
---> CVXPY is not installed. 
---> Many Total Variation Methods require CVXPY including: 
---> velocity, acceleration, jerk, jerk_sliding, smooth_acceleration
---> Please install CVXPY to use these methods.
---> Recommended to also install MOSEK and obtain a MOSEK license.
You can still use: total_variation_regularization.iterative_velocity

2025-10-21 17:44:43,305 [INFO] 
Limited Linear Model Support Detected! 
---> PYCHEBFUN is not installed. 
---> Install pychebfun to use chebfun derivatives (https://github.com/pychebfun/pychebfun/) 
You can still use other methods 

2025-10-21 17:44:43,305 [INFO] 
Limited Linear Model Support Detected! 
---> CVXPY is not installed. 
---> Install CVXPY to use lineardiff derivatives 
You can still use other methods 

2025-10-21 17:44:59,375 [INFO] 
Limited Total Variation Regularization Support Detected! 
---> CVXPY is not installed. 
---> Many Total Variation Methods require CVXPY including: 
---> velocity, acceleration, jerk, jerk_sliding, smooth_acceleration
---> Please install CVXPY to use these methods.
---> Recommended to also install MOSEK and obtain a MOSEK license.
You can still use: total_variation_regularization.iterative_velocity

2025-10-21 17:44:59,376 [INFO] 
Limited Linear Model Support Detected! 
---> PYCHEBFUN is not installed. 
---> Install pychebfun to use chebfun derivatives (https://github.com/pychebfun/pychebfun/) 
You can still use other methods 

2025-10-21 17:44:59,376 [INFO] 
Limited Linear Model Support Detected! 
---> CVXPY is not installed. 
---> Install CVXPY to use lineardiff derivatives 
You can still use other methods 

2025-10-21 17:45:25,316 [INFO] 
Limited Total Variation Regularization Support Detected! 
---> CVXPY is not installed. 
---> Many Total Variation Methods require CVXPY including: 
---> velocity, acceleration, jerk, jerk_sliding, smooth_acceleration
---> Please install CVXPY to use these methods.
---> Recommended to also install MOSEK and obtain a MOSEK license.
You can still use: total_variation_regularization.iterative_velocity

2025-10-21 17:45:25,317 [INFO] 
Limited Linear Model Support Detected! 
---> PYCHEBFUN is not installed. 
---> Install pychebfun to use chebfun derivatives (https://github.com/pychebfun/pychebfun/) 
You can still use other methods 

2025-10-21 17:45:25,317 [INFO] 
Limited Linear Model Support Detected! 
---> CVXPY is not installed. 
---> Install CVXPY to use lineardiff derivatives 
You can still use other methods 

2025-10-21 17:45:53,439 [INFO] 
Limited Total Variation Regularization Support Detected! 
---> CVXPY is not installed. 
---> Many Total Variation Methods require CVXPY including: 
---> velocity, acceleration, jerk, jerk_sliding, smooth_acceleration
---> Please install CVXPY to use these methods.
---> Recommended to also install MOSEK and obtain a MOSEK license.
You can still use: total_variation_regularization.iterative_velocity

2025-10-21 17:45:53,439 [INFO] 
Limited Linear Model Support Detected! 
---> PYCHEBFUN is not installed. 
---> Install pychebfun to use chebfun derivatives (https://github.com/pychebfun/pychebfun/) 
You can still use other methods 

2025-10-21 17:45:53,439 [INFO] 
Limited Linear Model Support Detected! 
---> CVXPY is not installed. 
---> Install CVXPY to use lineardiff derivatives 
You can still use other methods 

2025-10-21 17:46:39,653 [INFO] 
Limited Total Variation Regularization Support Detected! 
---> CVXPY is not installed. 
---> Many Total Variation Methods require CVXPY including: 
---> velocity, acceleration, jerk, jerk_sliding, smooth_acceleration
---> Please install CVXPY to use these methods.
---> Recommended to also install MOSEK and obtain a MOSEK license.
You can still use: total_variation_regularization.iterative_velocity

2025-10-21 17:46:39,654 [INFO] 
Limited Linear Model Support Detected! 
---> PYCHEBFUN is not installed. 
---> Install pychebfun to use chebfun derivatives (https://github.com/pychebfun/pychebfun/) 
You can still use other methods 

2025-10-21 17:46:39,654 [INFO] 
Limited Linear Model Support Detected! 
---> CVXPY is not installed. 
---> Install CVXPY to use lineardiff derivatives 
You can still use other methods 

2025-10-21 17:46:51,152 [INFO] 
Limited Total Variation Regularization Support Detected! 
---> CVXPY is not installed. 
---> Many Total Variation Methods require CVXPY including: 
---> velocity, acceleration, jerk, jerk_sliding, smooth_acceleration
---> Please install CVXPY to use these methods.
---> Recommended to also install MOSEK and obtain a MOSEK license.
You can still use: total_variation_regularization.iterative_velocity

2025-10-21 17:46:51,153 [INFO] 
Limited Linear Model Support Detected! 
---> PYCHEBFUN is not installed. 
---> Install pychebfun to use chebfun derivatives (https://github.com/pychebfun/pychebfun/) 
You can still use other methods 

2025-10-21 17:46:51,153 [INFO] 
Limited Linear Model Support Detected! 
---> CVXPY is not installed. 
---> Install CVXPY to use lineardiff derivatives 
You can still use other methods 

2025-10-21 17:54:34,997 [INFO] 
Limited Total Variation Regularization Support Detected! 
---> CVXPY is not installed. 
---> Many Total Variation Methods require CVXPY including: 
---> velocity, acceleration, jerk, jerk_sliding, smooth_acceleration
---> Please install CVXPY to use these methods.
---> Recommended to also install MOSEK and obtain a MOSEK license.
You can still use: total_variation_regularization.iterative_velocity

2025-10-21 17:54:34,997 [INFO] 
Limited Linear Model Support Detected! 
---> PYCHEBFUN is not installed. 
---> Install pychebfun to use chebfun derivatives (https://github.com/pychebfun/pychebfun/) 
You can still use other methods 

2025-10-21 17:54:34,997 [INFO] 
Limited Linear Model Support Detected! 
---> CVXPY is not installed. 
---> Install CVXPY to use lineardiff derivatives 
You can still use other methods 

2025-10-21 17:54:57,038 [INFO] 
Limited Total Variation Regularization Support Detected! 
---> CVXPY is not installed. 
---> Many Total Variation Methods require CVXPY including: 
---> velocity, acceleration, jerk, jerk_sliding, smooth_acceleration
---> Please install CVXPY to use these methods.
---> Recommended to also install MOSEK and obtain a MOSEK license.
You can still use: total_variation_regularization.iterative_velocity

2025-10-21 17:54:57,038 [INFO] 
Limited Linear Model Support Detected! 
---> PYCHEBFUN is not installed. 
---> Install pychebfun to use chebfun derivatives (https://github.com/pychebfun/pychebfun/) 
You can still use other methods 

2025-10-21 17:54:57,038 [INFO] 
Limited Linear Model Support Detected! 
---> CVXPY is not installed. 
---> Install CVXPY to use lineardiff derivatives 
You can still use other methods 

2025-10-21 17:55:39,801 [INFO] 
Limited Total Variation Regularization Support Detected! 
---> CVXPY is not installed. 
---> Many Total Variation Methods require CVXPY including: 
---> velocity, acceleration, jerk, jerk_sliding, smooth_acceleration
---> Please install CVXPY to use these methods.
---> Recommended to also install MOSEK and obtain a MOSEK license.
You can still use: total_variation_regularization.iterative_velocity

2025-10-21 17:55:39,802 [INFO] 
Limited Linear Model Support Detected! 
---> PYCHEBFUN is not installed. 
---> Install pychebfun to use chebfun derivatives (https://github.com/pychebfun/pychebfun/) 
You can still use other methods 

2025-10-21 17:55:39,802 [INFO] 
Limited Linear Model Support Detected! 
---> CVXPY is not installed. 
---> Install CVXPY to use lineardiff derivatives 
You can still use other methods 

2025-10-21 17:56:30,057 [INFO] 
Limited Total Variation Regularization Support Detected! 
---> CVXPY is not installed. 
---> Many Total Variation Methods require CVXPY including: 
---> velocity, acceleration, jerk, jerk_sliding, smooth_acceleration
---> Please install CVXPY to use these methods.
---> Recommended to also install MOSEK and obtain a MOSEK license.
You can still use: total_variation_regularization.iterative_velocity

2025-10-21 17:56:30,057 [INFO] 
Limited Linear Model Support Detected! 
---> PYCHEBFUN is not installed. 
---> Install pychebfun to use chebfun derivatives (https://github.com/pychebfun/pychebfun/) 
You can still use other methods 

2025-10-21 17:56:30,058 [INFO] 
Limited Linear Model Support Detected! 
---> CVXPY is not installed. 
---> Install CVXPY to use lineardiff derivatives 
You can still use other methods 

2025-10-21 17:56:49,714 [INFO] 
Limited Total Variation Regularization Support Detected! 
---> CVXPY is not installed. 
---> Many Total Variation Methods require CVXPY including: 
---> velocity, acceleration, jerk, jerk_sliding, smooth_acceleration
---> Please install CVXPY to use these methods.
---> Recommended to also install MOSEK and obtain a MOSEK license.
You can still use: total_variation_regularization.iterative_velocity

2025-10-21 17:56:49,714 [INFO] 
Limited Linear Model Support Detected! 
---> PYCHEBFUN is not installed. 
---> Install pychebfun to use chebfun derivatives (https://github.com/pychebfun/pychebfun/) 
You can still use other methods 

2025-10-21 17:56:49,714 [INFO] 
Limited Linear Model Support Detected! 
---> CVXPY is not installed. 
---> Install CVXPY to use lineardiff derivatives 
You can still use other methods 

2025-10-21 17:59:14,801 [INFO] 
Limited Total Variation Regularization Support Detected! 
---> CVXPY is not installed. 
---> Many Total Variation Methods require CVXPY including: 
---> velocity, acceleration, jerk, jerk_sliding, smooth_acceleration
---> Please install CVXPY to use these methods.
---> Recommended to also install MOSEK and obtain a MOSEK license.
You can still use: total_variation_regularization.iterative_velocity

2025-10-21 17:59:14,802 [INFO] 
Limited Linear Model Support Detected! 
---> PYCHEBFUN is not installed. 
---> Install pychebfun to use chebfun derivatives (https://github.com/pychebfun/pychebfun/) 
You can still use other methods 

2025-10-21 17:59:14,802 [INFO] 
Limited Linear Model Support Detected! 
---> CVXPY is not installed. 
---> Install CVXPY to use lineardiff derivatives 
You can still use other methods 

2025-10-21 18:03:44,857 [INFO] 
Limited Total Variation Regularization Support Detected! 
---> CVXPY is not installed. 
---> Many Total Variation Methods require CVXPY including: 
---> velocity, acceleration, jerk, jerk_sliding, smooth_acceleration
---> Please install CVXPY to use these methods.
---> Recommended to also install MOSEK and obtain a MOSEK license.
You can still use: total_variation_regularization.iterative_velocity

2025-10-21 18:03:44,858 [INFO] 
Limited Linear Model Support Detected! 
---> PYCHEBFUN is not installed. 
---> Install pychebfun to use chebfun derivatives (https://github.com/pychebfun/pychebfun/) 
You can still use other methods 

2025-10-21 18:03:44,858 [INFO] 
Limited Linear Model Support Detected! 
---> CVXPY is not installed. 
---> Install CVXPY to use lineardiff derivatives 
You can still use other methods 

2025-10-21 18:04:51,187 [INFO] 
Limited Total Variation Regularization Support Detected! 
---> CVXPY is not installed. 
---> Many Total Variation Methods require CVXPY including: 
---> velocity, acceleration, jerk, jerk_sliding, smooth_acceleration
---> Please install CVXPY to use these methods.
---> Recommended to also install MOSEK and obtain a MOSEK license.
You can still use: total_variation_regularization.iterative_velocity

2025-10-21 18:04:51,188 [INFO] 
Limited Linear Model Support Detected! 
---> PYCHEBFUN is not installed. 
---> Install pychebfun to use chebfun derivatives (https://github.com/pychebfun/pychebfun/) 
You can still use other methods 

2025-10-21 18:04:51,188 [INFO] 
Limited Linear Model Support Detected! 
---> CVXPY is not installed. 
---> Install CVXPY to use lineardiff derivatives 
You can still use other methods 

2025-10-21 18:06:30,849 [INFO] 
Limited Total Variation Regularization Support Detected! 
---> CVXPY is not installed. 
---> Many Total Variation Methods require CVXPY including: 
---> velocity, acceleration, jerk, jerk_sliding, smooth_acceleration
---> Please install CVXPY to use these methods.
---> Recommended to also install MOSEK and obtain a MOSEK license.
You can still use: total_variation_regularization.iterative_velocity

2025-10-21 18:06:30,850 [INFO] 
Limited Linear Model Support Detected! 
---> PYCHEBFUN is not installed. 
---> Install pychebfun to use chebfun derivatives (https://github.com/pychebfun/pychebfun/) 
You can still use other methods 

2025-10-21 18:06:30,850 [INFO] 
Limited Linear Model Support Detected! 
---> CVXPY is not installed. 
---> Install CVXPY to use lineardiff derivatives 
You can still use other methods 

2025-10-21 18:09:02,140 [INFO] 
Limited Total Variation Regularization Support Detected! 
---> CVXPY is not installed. 
---> Many Total Variation Methods require CVXPY including: 
---> velocity, acceleration, jerk, jerk_sliding, smooth_acceleration
---> Please install CVXPY to use these methods.
---> Recommended to also install MOSEK and obtain a MOSEK license.
You can still use: total_variation_regularization.iterative_velocity

2025-10-21 18:09:02,141 [INFO] 
Limited Linear Model Support Detected! 
---> PYCHEBFUN is not installed. 
---> Install pychebfun to use chebfun derivatives (https://github.com/pychebfun/pychebfun/) 
You can still use other methods 

2025-10-21 18:09:02,141 [INFO] 
Limited Linear Model Support Detected! 
---> CVXPY is not installed. 
---> Install CVXPY to use lineardiff derivatives 
You can still use other methods 

2025-10-21 18:09:19,142 [INFO] 
Limited Total Variation Regularization Support Detected! 
---> CVXPY is not installed. 
---> Many Total Variation Methods require CVXPY including: 
---> velocity, acceleration, jerk, jerk_sliding, smooth_acceleration
---> Please install CVXPY to use these methods.
---> Recommended to also install MOSEK and obtain a MOSEK license.
You can still use: total_variation_regularization.iterative_velocity

2025-10-21 18:09:19,143 [INFO] 
Limited Linear Model Support Detected! 
---> PYCHEBFUN is not installed. 
---> Install pychebfun to use chebfun derivatives (https://github.com/pychebfun/pychebfun/) 
You can still use other methods 

2025-10-21 18:09:19,143 [INFO] 
Limited Linear Model Support Detected! 
---> CVXPY is not installed. 
---> Install CVXPY to use lineardiff derivatives 
You can still use other methods 

2025-10-21 18:11:21,515 [INFO] 
Limited Total Variation Regularization Support Detected! 
---> CVXPY is not installed. 
---> Many Total Variation Methods require CVXPY including: 
---> velocity, acceleration, jerk, jerk_sliding, smooth_acceleration
---> Please install CVXPY to use these methods.
---> Recommended to also install MOSEK and obtain a MOSEK license.
You can still use: total_variation_regularization.iterative_velocity

2025-10-21 18:11:21,516 [INFO] 
Limited Linear Model Support Detected! 
---> PYCHEBFUN is not installed. 
---> Install pychebfun to use chebfun derivatives (https://github.com/pychebfun/pychebfun/) 
You can still use other methods 

2025-10-21 18:11:21,516 [INFO] 
Limited Linear Model Support Detected! 
---> CVXPY is not installed. 
---> Install CVXPY to use lineardiff derivatives 
You can still use other methods 

2025-10-21 18:11:46,655 [INFO] 
Limited Total Variation Regularization Support Detected! 
---> CVXPY is not installed. 
---> Many Total Variation Methods require CVXPY including: 
---> velocity, acceleration, jerk, jerk_sliding, smooth_acceleration
---> Please install CVXPY to use these methods.
---> Recommended to also install MOSEK and obtain a MOSEK license.
You can still use: total_variation_regularization.iterative_velocity

2025-10-21 18:11:46,656 [INFO] 
Limited Linear Model Support Detected! 
---> PYCHEBFUN is not installed. 
---> Install pychebfun to use chebfun derivatives (https://github.com/pychebfun/pychebfun/) 
You can still use other methods 

2025-10-21 18:11:46,656 [INFO] 
Limited Linear Model Support Detected! 
---> CVXPY is not installed. 
---> Install CVXPY to use lineardiff derivatives 
You can still use other methods 

2025-10-21 18:11:58,767 [INFO] 
Limited Total Variation Regularization Support Detected! 
---> CVXPY is not installed. 
---> Many Total Variation Methods require CVXPY including: 
---> velocity, acceleration, jerk, jerk_sliding, smooth_acceleration
---> Please install CVXPY to use these methods.
---> Recommended to also install MOSEK and obtain a MOSEK license.
You can still use: total_variation_regularization.iterative_velocity

2025-10-21 18:11:58,767 [INFO] 
Limited Linear Model Support Detected! 
---> PYCHEBFUN is not installed. 
---> Install pychebfun to use chebfun derivatives (https://github.com/pychebfun/pychebfun/) 
You can still use other methods 

2025-10-21 18:11:58,767 [INFO] 
Limited Linear Model Support Detected! 
---> CVXPY is not installed. 
---> Install CVXPY to use lineardiff derivatives 
You can still use other methods 

2025-10-21 18:12:21,865 [INFO] 
Limited Total Variation Regularization Support Detected! 
---> CVXPY is not installed. 
---> Many Total Variation Methods require CVXPY including: 
---> velocity, acceleration, jerk, jerk_sliding, smooth_acceleration
---> Please install CVXPY to use these methods.
---> Recommended to also install MOSEK and obtain a MOSEK license.
You can still use: total_variation_regularization.iterative_velocity

2025-10-21 18:12:21,865 [INFO] 
Limited Linear Model Support Detected! 
---> PYCHEBFUN is not installed. 
---> Install pychebfun to use chebfun derivatives (https://github.com/pychebfun/pychebfun/) 
You can still use other methods 

2025-10-21 18:12:21,865 [INFO] 
Limited Linear Model Support Detected! 
---> CVXPY is not installed. 
---> Install CVXPY to use lineardiff derivatives 
You can still use other methods 

2025-10-21 18:13:30,367 [INFO] 
Limited Total Variation Regularization Support Detected! 
---> CVXPY is not installed. 
---> Many Total Variation Methods require CVXPY including: 
---> velocity, acceleration, jerk, jerk_sliding, smooth_acceleration
---> Please install CVXPY to use these methods.
---> Recommended to also install MOSEK and obtain a MOSEK license.
You can still use: total_variation_regularization.iterative_velocity

2025-10-21 18:13:30,368 [INFO] 
Limited Linear Model Support Detected! 
---> PYCHEBFUN is not installed. 
---> Install pychebfun to use chebfun derivatives (https://github.com/pychebfun/pychebfun/) 
You can still use other methods 

2025-10-21 18:13:30,368 [INFO] 
Limited Linear Model Support Detected! 
---> CVXPY is not installed. 
---> Install CVXPY to use lineardiff derivatives 
You can still use other methods 

2025-10-21 18:14:26,233 [INFO] 
Limited Total Variation Regularization Support Detected! 
---> CVXPY is not installed. 
---> Many Total Variation Methods require CVXPY including: 
---> velocity, acceleration, jerk, jerk_sliding, smooth_acceleration
---> Please install CVXPY to use these methods.
---> Recommended to also install MOSEK and obtain a MOSEK license.
You can still use: total_variation_regularization.iterative_velocity

2025-10-21 18:14:26,233 [INFO] 
Limited Linear Model Support Detected! 
---> PYCHEBFUN is not installed. 
---> Install pychebfun to use chebfun derivatives (https://github.com/pychebfun/pychebfun/) 
You can still use other methods 

2025-10-21 18:14:26,234 [INFO] 
Limited Linear Model Support Detected! 
---> CVXPY is not installed. 
---> Install CVXPY to use lineardiff derivatives 
You can still use other methods 

2025-10-21 18:14:35,477 [INFO] 
Limited Total Variation Regularization Support Detected! 
---> CVXPY is not installed. 
---> Many Total Variation Methods require CVXPY including: 
---> velocity, acceleration, jerk, jerk_sliding, smooth_acceleration
---> Please install CVXPY to use these methods.
---> Recommended to also install MOSEK and obtain a MOSEK license.
You can still use: total_variation_regularization.iterative_velocity

2025-10-21 18:14:35,478 [INFO] 
Limited Linear Model Support Detected! 
---> PYCHEBFUN is not installed. 
---> Install pychebfun to use chebfun derivatives (https://github.com/pychebfun/pychebfun/) 
You can still use other methods 

2025-10-21 18:14:35,478 [INFO] 
Limited Linear Model Support Detected! 
---> CVXPY is not installed. 
---> Install CVXPY to use lineardiff derivatives 
You can still use other methods 

2025-10-21 18:18:47,809 [INFO] 
Limited Total Variation Regularization Support Detected! 
---> CVXPY is not installed. 
---> Many Total Variation Methods require CVXPY including: 
---> velocity, acceleration, jerk, jerk_sliding, smooth_acceleration
---> Please install CVXPY to use these methods.
---> Recommended to also install MOSEK and obtain a MOSEK license.
You can still use: total_variation_regularization.iterative_velocity

2025-10-21 18:18:47,810 [INFO] 
Limited Linear Model Support Detected! 
---> PYCHEBFUN is not installed. 
---> Install pychebfun to use chebfun derivatives (https://github.com/pychebfun/pychebfun/) 
You can still use other methods 

2025-10-21 18:18:47,810 [INFO] 
Limited Linear Model Support Detected! 
---> CVXPY is not installed. 
---> Install CVXPY to use lineardiff derivatives 
You can still use other methods 

2025-10-21 18:20:08,990 [INFO] 
Limited Total Variation Regularization Support Detected! 
---> CVXPY is not installed. 
---> Many Total Variation Methods require CVXPY including: 
---> velocity, acceleration, jerk, jerk_sliding, smooth_acceleration
---> Please install CVXPY to use these methods.
---> Recommended to also install MOSEK and obtain a MOSEK license.
You can still use: total_variation_regularization.iterative_velocity

2025-10-21 18:20:08,991 [INFO] 
Limited Linear Model Support Detected! 
---> PYCHEBFUN is not installed. 
---> Install pychebfun to use chebfun derivatives (https://github.com/pychebfun/pychebfun/) 
You can still use other methods 

2025-10-21 18:20:08,991 [INFO] 
Limited Linear Model Support Detected! 
---> CVXPY is not installed. 
---> Install CVXPY to use lineardiff derivatives 
You can still use other methods 

2025-10-21 18:20:44,687 [INFO] 
Limited Total Variation Regularization Support Detected! 
---> CVXPY is not installed. 
---> Many Total Variation Methods require CVXPY including: 
---> velocity, acceleration, jerk, jerk_sliding, smooth_acceleration
---> Please install CVXPY to use these methods.
---> Recommended to also install MOSEK and obtain a MOSEK license.
You can still use: total_variation_regularization.iterative_velocity

2025-10-21 18:20:44,687 [INFO] 
Limited Linear Model Support Detected! 
---> PYCHEBFUN is not installed. 
---> Install pychebfun to use chebfun derivatives (https://github.com/pychebfun/pychebfun/) 
You can still use other methods 

2025-10-21 18:20:44,687 [INFO] 
Limited Linear Model Support Detected! 
---> CVXPY is not installed. 
---> Install CVXPY to use lineardiff derivatives 
You can still use other methods 

2025-10-21 18:30:35,768 [INFO] 
Limited Total Variation Regularization Support Detected! 
---> CVXPY is not installed. 
---> Many Total Variation Methods require CVXPY including: 
---> velocity, acceleration, jerk, jerk_sliding, smooth_acceleration
---> Please install CVXPY to use these methods.
---> Recommended to also install MOSEK and obtain a MOSEK license.
You can still use: total_variation_regularization.iterative_velocity

2025-10-21 18:30:35,769 [INFO] 
Limited Linear Model Support Detected! 
---> PYCHEBFUN is not installed. 
---> Install pychebfun to use chebfun derivatives (https://github.com/pychebfun/pychebfun/) 
You can still use other methods 

2025-10-21 18:30:35,769 [INFO] 
Limited Linear Model Support Detected! 
---> CVXPY is not installed. 
---> Install CVXPY to use lineardiff derivatives 
You can still use other methods 

2025-10-21 18:31:26,958 [INFO] 
Limited Total Variation Regularization Support Detected! 
---> CVXPY is not installed. 
---> Many Total Variation Methods require CVXPY including: 
---> velocity, acceleration, jerk, jerk_sliding, smooth_acceleration
---> Please install CVXPY to use these methods.
---> Recommended to also install MOSEK and obtain a MOSEK license.
You can still use: total_variation_regularization.iterative_velocity

2025-10-21 18:31:26,959 [INFO] 
Limited Linear Model Support Detected! 
---> PYCHEBFUN is not installed. 
---> Install pychebfun to use chebfun derivatives (https://github.com/pychebfun/pychebfun/) 
You can still use other methods 

2025-10-21 18:31:26,959 [INFO] 
Limited Linear Model Support Detected! 
---> CVXPY is not installed. 
---> Install CVXPY to use lineardiff derivatives 
You can still use other methods 

2025-10-21 18:32:12,925 [INFO] 
Limited Total Variation Regularization Support Detected! 
---> CVXPY is not installed. 
---> Many Total Variation Methods require CVXPY including: 
---> velocity, acceleration, jerk, jerk_sliding, smooth_acceleration
---> Please install CVXPY to use these methods.
---> Recommended to also install MOSEK and obtain a MOSEK license.
You can still use: total_variation_regularization.iterative_velocity

2025-10-21 18:32:12,926 [INFO] 
Limited Linear Model Support Detected! 
---> PYCHEBFUN is not installed. 
---> Install pychebfun to use chebfun derivatives (https://github.com/pychebfun/pychebfun/) 
You can still use other methods 

2025-10-21 18:32:12,926 [INFO] 
Limited Linear Model Support Detected! 
---> CVXPY is not installed. 
---> Install CVXPY to use lineardiff derivatives 
You can still use other methods 

2025-10-21 18:32:51,024 [INFO] 
Limited Total Variation Regularization Support Detected! 
---> CVXPY is not installed. 
---> Many Total Variation Methods require CVXPY including: 
---> velocity, acceleration, jerk, jerk_sliding, smooth_acceleration
---> Please install CVXPY to use these methods.
---> Recommended to also install MOSEK and obtain a MOSEK license.
You can still use: total_variation_regularization.iterative_velocity

2025-10-21 18:32:51,025 [INFO] 
Limited Linear Model Support Detected! 
---> PYCHEBFUN is not installed. 
---> Install pychebfun to use chebfun derivatives (https://github.com/pychebfun/pychebfun/) 
You can still use other methods 

2025-10-21 18:32:51,025 [INFO] 
Limited Linear Model Support Detected! 
---> CVXPY is not installed. 
---> Install CVXPY to use lineardiff derivatives 
You can still use other methods 

2025-10-21 18:33:06,461 [INFO] 
Limited Total Variation Regularization Support Detected! 
---> CVXPY is not installed. 
---> Many Total Variation Methods require CVXPY including: 
---> velocity, acceleration, jerk, jerk_sliding, smooth_acceleration
---> Please install CVXPY to use these methods.
---> Recommended to also install MOSEK and obtain a MOSEK license.
You can still use: total_variation_regularization.iterative_velocity

2025-10-21 18:33:06,462 [INFO] 
Limited Linear Model Support Detected! 
---> PYCHEBFUN is not installed. 
---> Install pychebfun to use chebfun derivatives (https://github.com/pychebfun/pychebfun/) 
You can still use other methods 

2025-10-21 18:33:06,462 [INFO] 
Limited Linear Model Support Detected! 
---> CVXPY is not installed. 
---> Install CVXPY to use lineardiff derivatives 
You can still use other methods 

2025-10-21 18:33:46,232 [INFO] 
Limited Total Variation Regularization Support Detected! 
---> CVXPY is not installed. 
---> Many Total Variation Methods require CVXPY including: 
---> velocity, acceleration, jerk, jerk_sliding, smooth_acceleration
---> Please install CVXPY to use these methods.
---> Recommended to also install MOSEK and obtain a MOSEK license.
You can still use: total_variation_regularization.iterative_velocity

2025-10-21 18:33:46,232 [INFO] 
Limited Linear Model Support Detected! 
---> PYCHEBFUN is not installed. 
---> Install pychebfun to use chebfun derivatives (https://github.com/pychebfun/pychebfun/) 
You can still use other methods 

2025-10-21 18:33:46,232 [INFO] 
Limited Linear Model Support Detected! 
---> CVXPY is not installed. 
---> Install CVXPY to use lineardiff derivatives 
You can still use other methods 

2025-10-21 18:35:27,657 [INFO] 
Limited Total Variation Regularization Support Detected! 
---> CVXPY is not installed. 
---> Many Total Variation Methods require CVXPY including: 
---> velocity, acceleration, jerk, jerk_sliding, smooth_acceleration
---> Please install CVXPY to use these methods.
---> Recommended to also install MOSEK and obtain a MOSEK license.
You can still use: total_variation_regularization.iterative_velocity

2025-10-21 18:35:27,657 [INFO] 
Limited Linear Model Support Detected! 
---> PYCHEBFUN is not installed. 
---> Install pychebfun to use chebfun derivatives (https://github.com/pychebfun/pychebfun/) 
You can still use other methods 

2025-10-21 18:35:27,658 [INFO] 
Limited Linear Model Support Detected! 
---> CVXPY is not installed. 
---> Install CVXPY to use lineardiff derivatives 
You can still use other methods 

2025-10-21 18:38:42,612 [INFO] 
Limited Total Variation Regularization Support Detected! 
---> CVXPY is not installed. 
---> Many Total Variation Methods require CVXPY including: 
---> velocity, acceleration, jerk, jerk_sliding, smooth_acceleration
---> Please install CVXPY to use these methods.
---> Recommended to also install MOSEK and obtain a MOSEK license.
You can still use: total_variation_regularization.iterative_velocity

2025-10-21 18:38:42,613 [INFO] 
Limited Linear Model Support Detected! 
---> PYCHEBFUN is not installed. 
---> Install pychebfun to use chebfun derivatives (https://github.com/pychebfun/pychebfun/) 
You can still use other methods 

2025-10-21 18:38:42,613 [INFO] 
Limited Linear Model Support Detected! 
---> CVXPY is not installed. 
---> Install CVXPY to use lineardiff derivatives 
You can still use other methods 

2025-10-21 18:57:39,977 [INFO] 
Limited Total Variation Regularization Support Detected! 
---> CVXPY is not installed. 
---> Many Total Variation Methods require CVXPY including: 
---> velocity, acceleration, jerk, jerk_sliding, smooth_acceleration
---> Please install CVXPY to use these methods.
---> Recommended to also install MOSEK and obtain a MOSEK license.
You can still use: total_variation_regularization.iterative_velocity

2025-10-21 18:57:39,978 [INFO] 
Limited Linear Model Support Detected! 
---> PYCHEBFUN is not installed. 
---> Install pychebfun to use chebfun derivatives (https://github.com/pychebfun/pychebfun/) 
You can still use other methods 

2025-10-21 18:57:39,978 [INFO] 
Limited Linear Model Support Detected! 
---> CVXPY is not installed. 
---> Install CVXPY to use lineardiff derivatives 
You can still use other methods 

2025-10-21 18:57:40,953 [INFO] 
Limited Total Variation Regularization Support Detected! 
---> CVXPY is not installed. 
---> Many Total Variation Methods require CVXPY including: 
---> velocity, acceleration, jerk, jerk_sliding, smooth_acceleration
---> Please install CVXPY to use these methods.
---> Recommended to also install MOSEK and obtain a MOSEK license.
You can still use: total_variation_regularization.iterative_velocity

2025-10-21 18:57:40,954 [INFO] 
Limited Linear Model Support Detected! 
---> PYCHEBFUN is not installed. 
---> Install pychebfun to use chebfun derivatives (https://github.com/pychebfun/pychebfun/) 
You can still use other methods 

2025-10-21 18:57:40,954 [INFO] 
Limited Linear Model Support Detected! 
---> CVXPY is not installed. 
---> Install CVXPY to use lineardiff derivatives 
You can still use other methods 

2025-10-21 18:58:22,915 [INFO] 
Limited Total Variation Regularization Support Detected! 
---> CVXPY is not installed. 
---> Many Total Variation Methods require CVXPY including: 
---> velocity, acceleration, jerk, jerk_sliding, smooth_acceleration
---> Please install CVXPY to use these methods.
---> Recommended to also install MOSEK and obtain a MOSEK license.
You can still use: total_variation_regularization.iterative_velocity

2025-10-21 18:58:22,916 [INFO] 
Limited Linear Model Support Detected! 
---> PYCHEBFUN is not installed. 
---> Install pychebfun to use chebfun derivatives (https://github.com/pychebfun/pychebfun/) 
You can still use other methods 

2025-10-21 18:58:22,916 [INFO] 
Limited Linear Model Support Detected! 
---> CVXPY is not installed. 
---> Install CVXPY to use lineardiff derivatives 
You can still use other methods 

2025-10-21 18:59:26,720 [INFO] 
Limited Total Variation Regularization Support Detected! 
---> CVXPY is not installed. 
---> Many Total Variation Methods require CVXPY including: 
---> velocity, acceleration, jerk, jerk_sliding, smooth_acceleration
---> Please install CVXPY to use these methods.
---> Recommended to also install MOSEK and obtain a MOSEK license.
You can still use: total_variation_regularization.iterative_velocity

2025-10-21 18:59:26,721 [INFO] 
Limited Linear Model Support Detected! 
---> PYCHEBFUN is not installed. 
---> Install pychebfun to use chebfun derivatives (https://github.com/pychebfun/pychebfun/) 
You can still use other methods 

2025-10-21 18:59:26,721 [INFO] 
Limited Linear Model Support Detected! 
---> CVXPY is not installed. 
---> Install CVXPY to use lineardiff derivatives 
You can still use other methods 

2025-10-21 19:02:17,065 [INFO] 
Limited Total Variation Regularization Support Detected! 
---> CVXPY is not installed. 
---> Many Total Variation Methods require CVXPY including: 
---> velocity, acceleration, jerk, jerk_sliding, smooth_acceleration
---> Please install CVXPY to use these methods.
---> Recommended to also install MOSEK and obtain a MOSEK license.
You can still use: total_variation_regularization.iterative_velocity

2025-10-21 19:02:17,066 [INFO] 
Limited Linear Model Support Detected! 
---> PYCHEBFUN is not installed. 
---> Install pychebfun to use chebfun derivatives (https://github.com/pychebfun/pychebfun/) 
You can still use other methods 

2025-10-21 19:02:17,066 [INFO] 
Limited Linear Model Support Detected! 
---> CVXPY is not installed. 
---> Install CVXPY to use lineardiff derivatives 
You can still use other methods 

2025-10-21 20:11:21,480 [INFO] 
Limited Total Variation Regularization Support Detected! 
---> CVXPY is not installed. 
---> Many Total Variation Methods require CVXPY including: 
---> velocity, acceleration, jerk, jerk_sliding, smooth_acceleration
---> Please install CVXPY to use these methods.
---> Recommended to also install MOSEK and obtain a MOSEK license.
You can still use: total_variation_regularization.iterative_velocity

2025-10-21 20:11:21,481 [INFO] 
Limited Linear Model Support Detected! 
---> PYCHEBFUN is not installed. 
---> Install pychebfun to use chebfun derivatives (https://github.com/pychebfun/pychebfun/) 
You can still use other methods 

2025-10-21 20:11:21,481 [INFO] 
Limited Linear Model Support Detected! 
---> CVXPY is not installed. 
---> Install CVXPY to use lineardiff derivatives 
You can still use other methods 

2025-10-21 20:12:31,851 [INFO] 
Limited Total Variation Regularization Support Detected! 
---> CVXPY is not installed. 
---> Many Total Variation Methods require CVXPY including: 
---> velocity, acceleration, jerk, jerk_sliding, smooth_acceleration
---> Please install CVXPY to use these methods.
---> Recommended to also install MOSEK and obtain a MOSEK license.
You can still use: total_variation_regularization.iterative_velocity

2025-10-21 20:12:31,851 [INFO] 
Limited Linear Model Support Detected! 
---> PYCHEBFUN is not installed. 
---> Install pychebfun to use chebfun derivatives (https://github.com/pychebfun/pychebfun/) 
You can still use other methods 

2025-10-21 20:12:31,851 [INFO] 
Limited Linear Model Support Detected! 
---> CVXPY is not installed. 
---> Install CVXPY to use lineardiff derivatives 
You can still use other methods 

2025-10-21 20:16:23,933 [INFO] 
Limited Total Variation Regularization Support Detected! 
---> CVXPY is not installed. 
---> Many Total Variation Methods require CVXPY including: 
---> velocity, acceleration, jerk, jerk_sliding, smooth_acceleration
---> Please install CVXPY to use these methods.
---> Recommended to also install MOSEK and obtain a MOSEK license.
You can still use: total_variation_regularization.iterative_velocity

2025-10-21 20:16:23,933 [INFO] 
Limited Linear Model Support Detected! 
---> PYCHEBFUN is not installed. 
---> Install pychebfun to use chebfun derivatives (https://github.com/pychebfun/pychebfun/) 
You can still use other methods 

2025-10-21 20:16:23,933 [INFO] 
Limited Linear Model Support Detected! 
---> CVXPY is not installed. 
---> Install CVXPY to use lineardiff derivatives 
You can still use other methods 

2025-10-21 22:08:36,475 [INFO] 
Limited Total Variation Regularization Support Detected! 
---> CVXPY is not installed. 
---> Many Total Variation Methods require CVXPY including: 
---> velocity, acceleration, jerk, jerk_sliding, smooth_acceleration
---> Please install CVXPY to use these methods.
---> Recommended to also install MOSEK and obtain a MOSEK license.
You can still use: total_variation_regularization.iterative_velocity

2025-10-21 22:08:36,476 [INFO] 
Limited Linear Model Support Detected! 
---> PYCHEBFUN is not installed. 
---> Install pychebfun to use chebfun derivatives (https://github.com/pychebfun/pychebfun/) 
You can still use other methods 

2025-10-21 22:08:36,476 [INFO] 
Limited Linear Model Support Detected! 
---> CVXPY is not installed. 
---> Install CVXPY to use lineardiff derivatives 
You can still use other methods 

2025-10-21 22:08:55,063 [INFO] 
Limited Total Variation Regularization Support Detected! 
---> CVXPY is not installed. 
---> Many Total Variation Methods require CVXPY including: 
---> velocity, acceleration, jerk, jerk_sliding, smooth_acceleration
---> Please install CVXPY to use these methods.
---> Recommended to also install MOSEK and obtain a MOSEK license.
You can still use: total_variation_regularization.iterative_velocity

2025-10-21 22:08:55,064 [INFO] 
Limited Linear Model Support Detected! 
---> PYCHEBFUN is not installed. 
---> Install pychebfun to use chebfun derivatives (https://github.com/pychebfun/pychebfun/) 
You can still use other methods 

2025-10-21 22:08:55,064 [INFO] 
Limited Linear Model Support Detected! 
---> CVXPY is not installed. 
---> Install CVXPY to use lineardiff derivatives 
You can still use other methods 

2025-10-21 22:17:21,953 [INFO] 
Limited Total Variation Regularization Support Detected! 
---> CVXPY is not installed. 
---> Many Total Variation Methods require CVXPY including: 
---> velocity, acceleration, jerk, jerk_sliding, smooth_acceleration
---> Please install CVXPY to use these methods.
---> Recommended to also install MOSEK and obtain a MOSEK license.
You can still use: total_variation_regularization.iterative_velocity

2025-10-21 22:17:21,954 [INFO] 
Limited Linear Model Support Detected! 
---> PYCHEBFUN is not installed. 
---> Install pychebfun to use chebfun derivatives (https://github.com/pychebfun/pychebfun/) 
You can still use other methods 

2025-10-21 22:17:21,954 [INFO] 
Limited Linear Model Support Detected! 
---> CVXPY is not installed. 
---> Install CVXPY to use lineardiff derivatives 
You can still use other methods 

2025-10-21 23:25:53,006 [INFO] 
Limited Total Variation Regularization Support Detected! 
---> CVXPY is not installed. 
---> Many Total Variation Methods require CVXPY including: 
---> velocity, acceleration, jerk, jerk_sliding, smooth_acceleration
---> Please install CVXPY to use these methods.
---> Recommended to also install MOSEK and obtain a MOSEK license.
You can still use: total_variation_regularization.iterative_velocity

2025-10-21 23:25:53,006 [INFO] 
Limited Linear Model Support Detected! 
---> PYCHEBFUN is not installed. 
---> Install pychebfun to use chebfun derivatives (https://github.com/pychebfun/pychebfun/) 
You can still use other methods 

2025-10-21 23:25:53,007 [INFO] 
Limited Linear Model Support Detected! 
---> CVXPY is not installed. 
---> Install CVXPY to use lineardiff derivatives 
You can still use other methods 

2025-10-21 23:26:41,202 [INFO] 
Limited Total Variation Regularization Support Detected! 
---> CVXPY is not installed. 
---> Many Total Variation Methods require CVXPY including: 
---> velocity, acceleration, jerk, jerk_sliding, smooth_acceleration
---> Please install CVXPY to use these methods.
---> Recommended to also install MOSEK and obtain a MOSEK license.
You can still use: total_variation_regularization.iterative_velocity

2025-10-21 23:26:41,202 [INFO] 
Limited Linear Model Support Detected! 
---> PYCHEBFUN is not installed. 
---> Install pychebfun to use chebfun derivatives (https://github.com/pychebfun/pychebfun/) 
You can still use other methods 

2025-10-21 23:26:41,202 [INFO] 
Limited Linear Model Support Detected! 
---> CVXPY is not installed. 
---> Install CVXPY to use lineardiff derivatives 
You can still use other methods 

2025-10-21 23:29:28,223 [INFO] 
Limited Total Variation Regularization Support Detected! 
---> CVXPY is not installed. 
---> Many Total Variation Methods require CVXPY including: 
---> velocity, acceleration, jerk, jerk_sliding, smooth_acceleration
---> Please install CVXPY to use these methods.
---> Recommended to also install MOSEK and obtain a MOSEK license.
You can still use: total_variation_regularization.iterative_velocity

2025-10-21 23:29:28,223 [INFO] 
Limited Linear Model Support Detected! 
---> PYCHEBFUN is not installed. 
---> Install pychebfun to use chebfun derivatives (https://github.com/pychebfun/pychebfun/) 
You can still use other methods 

2025-10-21 23:29:28,223 [INFO] 
Limited Linear Model Support Detected! 
---> CVXPY is not installed. 
---> Install CVXPY to use lineardiff derivatives 
You can still use other methods 

2025-10-22 01:04:47,037 [INFO] 
Limited Total Variation Regularization Support Detected! 
---> CVXPY is not installed. 
---> Many Total Variation Methods require CVXPY including: 
---> velocity, acceleration, jerk, jerk_sliding, smooth_acceleration
---> Please install CVXPY to use these methods.
---> Recommended to also install MOSEK and obtain a MOSEK license.
You can still use: total_variation_regularization.iterative_velocity

2025-10-22 01:04:47,039 [INFO] 
Limited Linear Model Support Detected! 
---> PYCHEBFUN is not installed. 
---> Install pychebfun to use chebfun derivatives (https://github.com/pychebfun/pychebfun/) 
You can still use other methods 

2025-10-22 01:04:47,039 [INFO] 
Limited Linear Model Support Detected! 
---> CVXPY is not installed. 
---> Install CVXPY to use lineardiff derivatives 
You can still use other methods 

2025-10-22 01:05:06,441 [INFO] 
Limited Total Variation Regularization Support Detected! 
---> CVXPY is not installed. 
---> Many Total Variation Methods require CVXPY including: 
---> velocity, acceleration, jerk, jerk_sliding, smooth_acceleration
---> Please install CVXPY to use these methods.
---> Recommended to also install MOSEK and obtain a MOSEK license.
You can still use: total_variation_regularization.iterative_velocity

2025-10-22 01:05:06,442 [INFO] 
Limited Linear Model Support Detected! 
---> PYCHEBFUN is not installed. 
---> Install pychebfun to use chebfun derivatives (https://github.com/pychebfun/pychebfun/) 
You can still use other methods 

2025-10-22 01:05:06,442 [INFO] 
Limited Linear Model Support Detected! 
---> CVXPY is not installed. 
---> Install CVXPY to use lineardiff derivatives 
You can still use other methods 

2025-10-22 01:07:55,810 [INFO] 
Limited Total Variation Regularization Support Detected! 
---> CVXPY is not installed. 
---> Many Total Variation Methods require CVXPY including: 
---> velocity, acceleration, jerk, jerk_sliding, smooth_acceleration
---> Please install CVXPY to use these methods.
---> Recommended to also install MOSEK and obtain a MOSEK license.
You can still use: total_variation_regularization.iterative_velocity

2025-10-22 01:07:55,811 [INFO] 
Limited Linear Model Support Detected! 
---> PYCHEBFUN is not installed. 
---> Install pychebfun to use chebfun derivatives (https://github.com/pychebfun/pychebfun/) 
You can still use other methods 

2025-10-22 01:07:55,811 [INFO] 
Limited Linear Model Support Detected! 
---> CVXPY is not installed. 
---> Install CVXPY to use lineardiff derivatives 
You can still use other methods 

2025-10-22 01:25:14,954 [INFO] 
Limited Total Variation Regularization Support Detected! 
---> CVXPY is not installed. 
---> Many Total Variation Methods require CVXPY including: 
---> velocity, acceleration, jerk, jerk_sliding, smooth_acceleration
---> Please install CVXPY to use these methods.
---> Recommended to also install MOSEK and obtain a MOSEK license.
You can still use: total_variation_regularization.iterative_velocity

2025-10-22 01:25:14,955 [INFO] 
Limited Linear Model Support Detected! 
---> PYCHEBFUN is not installed. 
---> Install pychebfun to use chebfun derivatives (https://github.com/pychebfun/pychebfun/) 
You can still use other methods 

2025-10-22 01:25:14,955 [INFO] 
Limited Linear Model Support Detected! 
---> CVXPY is not installed. 
---> Install CVXPY to use lineardiff derivatives 
You can still use other methods 

2025-10-22 01:27:25,802 [INFO] 
Limited Total Variation Regularization Support Detected! 
---> CVXPY is not installed. 
---> Many Total Variation Methods require CVXPY including: 
---> velocity, acceleration, jerk, jerk_sliding, smooth_acceleration
---> Please install CVXPY to use these methods.
---> Recommended to also install MOSEK and obtain a MOSEK license.
You can still use: total_variation_regularization.iterative_velocity

2025-10-22 01:27:25,803 [INFO] 
Limited Linear Model Support Detected! 
---> PYCHEBFUN is not installed. 
---> Install pychebfun to use chebfun derivatives (https://github.com/pychebfun/pychebfun/) 
You can still use other methods 

2025-10-22 01:27:25,803 [INFO] 
Limited Linear Model Support Detected! 
---> CVXPY is not installed. 
---> Install CVXPY to use lineardiff derivatives 
You can still use other methods 

2025-10-22 01:28:36,590 [INFO] 
Limited Total Variation Regularization Support Detected! 
---> CVXPY is not installed. 
---> Many Total Variation Methods require CVXPY including: 
---> velocity, acceleration, jerk, jerk_sliding, smooth_acceleration
---> Please install CVXPY to use these methods.
---> Recommended to also install MOSEK and obtain a MOSEK license.
You can still use: total_variation_regularization.iterative_velocity

2025-10-22 01:28:36,591 [INFO] 
Limited Linear Model Support Detected! 
---> PYCHEBFUN is not installed. 
---> Install pychebfun to use chebfun derivatives (https://github.com/pychebfun/pychebfun/) 
You can still use other methods 

2025-10-22 01:28:36,591 [INFO] 
Limited Linear Model Support Detected! 
---> CVXPY is not installed. 
---> Install CVXPY to use lineardiff derivatives 
You can still use other methods 

2025-10-22 03:46:29,678 [INFO] 
Limited Total Variation Regularization Support Detected! 
---> CVXPY is not installed. 
---> Many Total Variation Methods require CVXPY including: 
---> velocity, acceleration, jerk, jerk_sliding, smooth_acceleration
---> Please install CVXPY to use these methods.
---> Recommended to also install MOSEK and obtain a MOSEK license.
You can still use: total_variation_regularization.iterative_velocity

2025-10-22 03:46:29,680 [INFO] 
Limited Linear Model Support Detected! 
---> PYCHEBFUN is not installed. 
---> Install pychebfun to use chebfun derivatives (https://github.com/pychebfun/pychebfun/) 
You can still use other methods 

2025-10-22 03:46:29,680 [INFO] 
Limited Linear Model Support Detected! 
---> CVXPY is not installed. 
---> Install CVXPY to use lineardiff derivatives 
You can still use other methods 

2025-10-22 03:47:50,168 [INFO] 
Limited Total Variation Regularization Support Detected! 
---> CVXPY is not installed. 
---> Many Total Variation Methods require CVXPY including: 
---> velocity, acceleration, jerk, jerk_sliding, smooth_acceleration
---> Please install CVXPY to use these methods.
---> Recommended to also install MOSEK and obtain a MOSEK license.
You can still use: total_variation_regularization.iterative_velocity

2025-10-22 03:47:50,169 [INFO] 
Limited Linear Model Support Detected! 
---> PYCHEBFUN is not installed. 
---> Install pychebfun to use chebfun derivatives (https://github.com/pychebfun/pychebfun/) 
You can still use other methods 

2025-10-22 03:47:50,169 [INFO] 
Limited Linear Model Support Detected! 
---> CVXPY is not installed. 
---> Install CVXPY to use lineardiff derivatives 
You can still use other methods 

2025-10-22 03:50:53,658 [INFO] 
Limited Total Variation Regularization Support Detected! 
---> CVXPY is not installed. 
---> Many Total Variation Methods require CVXPY including: 
---> velocity, acceleration, jerk, jerk_sliding, smooth_acceleration
---> Please install CVXPY to use these methods.
---> Recommended to also install MOSEK and obtain a MOSEK license.
You can still use: total_variation_regularization.iterative_velocity

2025-10-22 03:50:53,658 [INFO] 
Limited Linear Model Support Detected! 
---> PYCHEBFUN is not installed. 
---> Install pychebfun to use chebfun derivatives (https://github.com/pychebfun/pychebfun/) 
You can still use other methods 

2025-10-22 03:50:53,658 [INFO] 
Limited Linear Model Support Detected! 
---> CVXPY is not installed. 
---> Install CVXPY to use lineardiff derivatives 
You can still use other methods 

2025-10-22 06:48:13,066 [INFO] 
Limited Total Variation Regularization Support Detected! 
---> CVXPY is not installed. 
---> Many Total Variation Methods require CVXPY including: 
---> velocity, acceleration, jerk, jerk_sliding, smooth_acceleration
---> Please install CVXPY to use these methods.
---> Recommended to also install MOSEK and obtain a MOSEK license.
You can still use: total_variation_regularization.iterative_velocity

2025-10-22 06:48:13,066 [INFO] 
Limited Linear Model Support Detected! 
---> PYCHEBFUN is not installed. 
---> Install pychebfun to use chebfun derivatives (https://github.com/pychebfun/pychebfun/) 
You can still use other methods 

2025-10-22 06:48:13,066 [INFO] 
Limited Linear Model Support Detected! 
---> CVXPY is not installed. 
---> Install CVXPY to use lineardiff derivatives 
You can still use other methods 

2025-10-22 06:48:52,744 [INFO] 
Limited Total Variation Regularization Support Detected! 
---> CVXPY is not installed. 
---> Many Total Variation Methods require CVXPY including: 
---> velocity, acceleration, jerk, jerk_sliding, smooth_acceleration
---> Please install CVXPY to use these methods.
---> Recommended to also install MOSEK and obtain a MOSEK license.
You can still use: total_variation_regularization.iterative_velocity

2025-10-22 06:48:52,745 [INFO] 
Limited Linear Model Support Detected! 
---> PYCHEBFUN is not installed. 
---> Install pychebfun to use chebfun derivatives (https://github.com/pychebfun/pychebfun/) 
You can still use other methods 

2025-10-22 06:48:52,745 [INFO] 
Limited Linear Model Support Detected! 
---> CVXPY is not installed. 
---> Install CVXPY to use lineardiff derivatives 
You can still use other methods 

2025-10-22 06:52:26,940 [INFO] 
Limited Total Variation Regularization Support Detected! 
---> CVXPY is not installed. 
---> Many Total Variation Methods require CVXPY including: 
---> velocity, acceleration, jerk, jerk_sliding, smooth_acceleration
---> Please install CVXPY to use these methods.
---> Recommended to also install MOSEK and obtain a MOSEK license.
You can still use: total_variation_regularization.iterative_velocity

2025-10-22 06:52:26,941 [INFO] 
Limited Linear Model Support Detected! 
---> PYCHEBFUN is not installed. 
---> Install pychebfun to use chebfun derivatives (https://github.com/pychebfun/pychebfun/) 
You can still use other methods 

2025-10-22 06:52:26,941 [INFO] 
Limited Linear Model Support Detected! 
---> CVXPY is not installed. 
---> Install CVXPY to use lineardiff derivatives 
You can still use other methods 

2025-10-22 08:18:13,608 [INFO] 
Limited Total Variation Regularization Support Detected! 
---> CVXPY is not installed. 
---> Many Total Variation Methods require CVXPY including: 
---> velocity, acceleration, jerk, jerk_sliding, smooth_acceleration
---> Please install CVXPY to use these methods.
---> Recommended to also install MOSEK and obtain a MOSEK license.
You can still use: total_variation_regularization.iterative_velocity

2025-10-22 08:18:13,609 [INFO] 
Limited Linear Model Support Detected! 
---> PYCHEBFUN is not installed. 
---> Install pychebfun to use chebfun derivatives (https://github.com/pychebfun/pychebfun/) 
You can still use other methods 

2025-10-22 08:18:13,609 [INFO] 
Limited Linear Model Support Detected! 
---> CVXPY is not installed. 
---> Install CVXPY to use lineardiff derivatives 
You can still use other methods 

2025-10-22 08:18:31,921 [INFO] 
Limited Total Variation Regularization Support Detected! 
---> CVXPY is not installed. 
---> Many Total Variation Methods require CVXPY including: 
---> velocity, acceleration, jerk, jerk_sliding, smooth_acceleration
---> Please install CVXPY to use these methods.
---> Recommended to also install MOSEK and obtain a MOSEK license.
You can still use: total_variation_regularization.iterative_velocity

2025-10-22 08:18:31,921 [INFO] 
Limited Linear Model Support Detected! 
---> PYCHEBFUN is not installed. 
---> Install pychebfun to use chebfun derivatives (https://github.com/pychebfun/pychebfun/) 
You can still use other methods 

2025-10-22 08:18:31,921 [INFO] 
Limited Linear Model Support Detected! 
---> CVXPY is not installed. 
---> Install CVXPY to use lineardiff derivatives 
You can still use other methods 

2025-10-22 08:23:25,190 [INFO] 
Limited Total Variation Regularization Support Detected! 
---> CVXPY is not installed. 
---> Many Total Variation Methods require CVXPY including: 
---> velocity, acceleration, jerk, jerk_sliding, smooth_acceleration
---> Please install CVXPY to use these methods.
---> Recommended to also install MOSEK and obtain a MOSEK license.
You can still use: total_variation_regularization.iterative_velocity

2025-10-22 08:23:25,191 [INFO] 
Limited Linear Model Support Detected! 
---> PYCHEBFUN is not installed. 
---> Install pychebfun to use chebfun derivatives (https://github.com/pychebfun/pychebfun/) 
You can still use other methods 

2025-10-22 08:23:25,191 [INFO] 
Limited Linear Model Support Detected! 
---> CVXPY is not installed. 
---> Install CVXPY to use lineardiff derivatives 
You can still use other methods 

2025-10-22 08:55:28,162 [INFO] 
Limited Total Variation Regularization Support Detected! 
---> CVXPY is not installed. 
---> Many Total Variation Methods require CVXPY including: 
---> velocity, acceleration, jerk, jerk_sliding, smooth_acceleration
---> Please install CVXPY to use these methods.
---> Recommended to also install MOSEK and obtain a MOSEK license.
You can still use: total_variation_regularization.iterative_velocity

2025-10-22 08:55:28,163 [INFO] 
Limited Linear Model Support Detected! 
---> PYCHEBFUN is not installed. 
---> Install pychebfun to use chebfun derivatives (https://github.com/pychebfun/pychebfun/) 
You can still use other methods 

2025-10-22 08:55:28,163 [INFO] 
Limited Linear Model Support Detected! 
---> CVXPY is not installed. 
---> Install CVXPY to use lineardiff derivatives 
You can still use other methods 

2025-10-22 08:56:45,162 [INFO] 
Limited Total Variation Regularization Support Detected! 
---> CVXPY is not installed. 
---> Many Total Variation Methods require CVXPY including: 
---> velocity, acceleration, jerk, jerk_sliding, smooth_acceleration
---> Please install CVXPY to use these methods.
---> Recommended to also install MOSEK and obtain a MOSEK license.
You can still use: total_variation_regularization.iterative_velocity

2025-10-22 08:56:45,163 [INFO] 
Limited Linear Model Support Detected! 
---> PYCHEBFUN is not installed. 
---> Install pychebfun to use chebfun derivatives (https://github.com/pychebfun/pychebfun/) 
You can still use other methods 

2025-10-22 08:56:45,163 [INFO] 
Limited Linear Model Support Detected! 
---> CVXPY is not installed. 
---> Install CVXPY to use lineardiff derivatives 
You can still use other methods 

2025-10-22 08:59:46,124 [INFO] 
Limited Total Variation Regularization Support Detected! 
---> CVXPY is not installed. 
---> Many Total Variation Methods require CVXPY including: 
---> velocity, acceleration, jerk, jerk_sliding, smooth_acceleration
---> Please install CVXPY to use these methods.
---> Recommended to also install MOSEK and obtain a MOSEK license.
You can still use: total_variation_regularization.iterative_velocity

2025-10-22 08:59:46,125 [INFO] 
Limited Linear Model Support Detected! 
---> PYCHEBFUN is not installed. 
---> Install pychebfun to use chebfun derivatives (https://github.com/pychebfun/pychebfun/) 
You can still use other methods 

2025-10-22 08:59:46,125 [INFO] 
Limited Linear Model Support Detected! 
---> CVXPY is not installed. 
---> Install CVXPY to use lineardiff derivatives 
You can still use other methods 

2025-10-22 11:03:54,638 [INFO] 
Limited Total Variation Regularization Support Detected! 
---> CVXPY is not installed. 
---> Many Total Variation Methods require CVXPY including: 
---> velocity, acceleration, jerk, jerk_sliding, smooth_acceleration
---> Please install CVXPY to use these methods.
---> Recommended to also install MOSEK and obtain a MOSEK license.
You can still use: total_variation_regularization.iterative_velocity

2025-10-22 11:03:54,639 [INFO] 
Limited Linear Model Support Detected! 
---> PYCHEBFUN is not installed. 
---> Install pychebfun to use chebfun derivatives (https://github.com/pychebfun/pychebfun/) 
You can still use other methods 

2025-10-22 11:03:54,639 [INFO] 
Limited Linear Model Support Detected! 
---> CVXPY is not installed. 
---> Install CVXPY to use lineardiff derivatives 
You can still use other methods 

2025-10-22 11:05:14,581 [INFO] 
Limited Total Variation Regularization Support Detected! 
---> CVXPY is not installed. 
---> Many Total Variation Methods require CVXPY including: 
---> velocity, acceleration, jerk, jerk_sliding, smooth_acceleration
---> Please install CVXPY to use these methods.
---> Recommended to also install MOSEK and obtain a MOSEK license.
You can still use: total_variation_regularization.iterative_velocity

2025-10-22 11:05:14,582 [INFO] 
Limited Linear Model Support Detected! 
---> PYCHEBFUN is not installed. 
---> Install pychebfun to use chebfun derivatives (https://github.com/pychebfun/pychebfun/) 
You can still use other methods 

2025-10-22 11:05:14,582 [INFO] 
Limited Linear Model Support Detected! 
---> CVXPY is not installed. 
---> Install CVXPY to use lineardiff derivatives 
You can still use other methods 

2025-10-22 11:07:58,951 [INFO] 
Limited Total Variation Regularization Support Detected! 
---> CVXPY is not installed. 
---> Many Total Variation Methods require CVXPY including: 
---> velocity, acceleration, jerk, jerk_sliding, smooth_acceleration
---> Please install CVXPY to use these methods.
---> Recommended to also install MOSEK and obtain a MOSEK license.
You can still use: total_variation_regularization.iterative_velocity

2025-10-22 11:07:58,952 [INFO] 
Limited Linear Model Support Detected! 
---> PYCHEBFUN is not installed. 
---> Install pychebfun to use chebfun derivatives (https://github.com/pychebfun/pychebfun/) 
You can still use other methods 

2025-10-22 11:07:58,952 [INFO] 
Limited Linear Model Support Detected! 
---> CVXPY is not installed. 
---> Install CVXPY to use lineardiff derivatives 
You can still use other methods 

2025-10-23 09:52:28,589 [INFO] 
Limited Total Variation Regularization Support Detected! 
---> CVXPY is not installed. 
---> Many Total Variation Methods require CVXPY including: 
---> velocity, acceleration, jerk, jerk_sliding, smooth_acceleration
---> Please install CVXPY to use these methods.
---> Recommended to also install MOSEK and obtain a MOSEK license.
You can still use: total_variation_regularization.iterative_velocity

2025-10-23 09:52:28,590 [INFO] 
Limited Linear Model Support Detected! 
---> PYCHEBFUN is not installed. 
---> Install pychebfun to use chebfun derivatives (https://github.com/pychebfun/pychebfun/) 
You can still use other methods 

2025-10-23 09:52:28,590 [INFO] 
Limited Linear Model Support Detected! 
---> CVXPY is not installed. 
---> Install CVXPY to use lineardiff derivatives 
You can still use other methods 

2025-10-23 09:53:21,066 [INFO] 
Limited Total Variation Regularization Support Detected! 
---> CVXPY is not installed. 
---> Many Total Variation Methods require CVXPY including: 
---> velocity, acceleration, jerk, jerk_sliding, smooth_acceleration
---> Please install CVXPY to use these methods.
---> Recommended to also install MOSEK and obtain a MOSEK license.
You can still use: total_variation_regularization.iterative_velocity

2025-10-23 09:53:21,067 [INFO] 
Limited Linear Model Support Detected! 
---> PYCHEBFUN is not installed. 
---> Install pychebfun to use chebfun derivatives (https://github.com/pychebfun/pychebfun/) 
You can still use other methods 

2025-10-23 09:53:21,067 [INFO] 
Limited Linear Model Support Detected! 
---> CVXPY is not installed. 
---> Install CVXPY to use lineardiff derivatives 
You can still use other methods 

2025-10-23 09:56:07,051 [INFO] 
Limited Total Variation Regularization Support Detected! 
---> CVXPY is not installed. 
---> Many Total Variation Methods require CVXPY including: 
---> velocity, acceleration, jerk, jerk_sliding, smooth_acceleration
---> Please install CVXPY to use these methods.
---> Recommended to also install MOSEK and obtain a MOSEK license.
You can still use: total_variation_regularization.iterative_velocity

2025-10-23 09:56:07,052 [INFO] 
Limited Linear Model Support Detected! 
---> PYCHEBFUN is not installed. 
---> Install pychebfun to use chebfun derivatives (https://github.com/pychebfun/pychebfun/) 
You can still use other methods 

2025-10-23 09:56:07,052 [INFO] 
Limited Linear Model Support Detected! 
---> CVXPY is not installed. 
---> Install CVXPY to use lineardiff derivatives 
You can still use other methods 

